GEOID,NAME,population
36005000100,Census Tract 1; Bronx County; New York,2950.0
36005000200,Census Tract 2; Bronx County; New York,5061.0
36005000400,Census Tract 4; Bronx County; New York,6649.0
36005001600,Census Tract 16; Bronx County; New York,5611.0
36005001901,Census Tract 19.01; Bronx County; New York,2260.0
36005001902,Census Tract 19.02; Bronx County; New York,2079.0
36005001903,Census Tract 19.03; Bronx County; New York,0.0
36005001904,Census Tract 19.04; Bronx County; New York,0.0
36005002001,Census Tract 20.01; Bronx County; New York,4199.0
36005002002,Census Tract 20.02; Bronx County; New York,3609.0
36005002300,Census Tract 23; Bronx County; New York,4567.0
36005002400,Census Tract 24; Bronx County; New York,105.0
36005002500,Census Tract 25; Bronx County; New York,5117.0
36005002701,Census Tract 27.01; Bronx County; New York,3111.0
36005002702,Census Tract 27.02; Bronx County; New York,4798.0
36005002800,Census Tract 28; Bronx County; New York,5462.0
36005003100,Census Tract 31; Bronx County; New York,2788.0
36005003300,Census Tract 33; Bronx County; New York,3577.0
36005003500,Census Tract 35; Bronx County; New York,3481.0
36005003700,Census Tract 37; Bronx County; New York,418.0
36005003800,Census Tract 38; Bronx County; New York,1250.0
36005003900,Census Tract 39; Bronx County; New York,5581.0
36005004001,Census Tract 40.01; Bronx County; New York,1294.0
36005004100,Census Tract 41; Bronx County; New York,6162.0
36005004200,Census Tract 42; Bronx County; New York,7755.0
36005004300,Census Tract 43; Bronx County; New York,5400.0
36005004400,Census Tract 44; Bronx County; New York,4303.0
36005004600,Census Tract 46; Bronx County; New York,1478.0
36005004800,Census Tract 48; Bronx County; New York,4204.0
36005005001,Census Tract 50.01; Bronx County; New York,4878.0
36005005002,Census Tract 50.02; Bronx County; New York,6275.0
36005005100,Census Tract 51; Bronx County; New York,7261.0
36005005200,Census Tract 52; Bronx County; New York,1837.0
36005005300,Census Tract 53; Bronx County; New York,4065.0
36005005400,Census Tract 54; Bronx County; New York,5482.0
36005005600,Census Tract 56; Bronx County; New York,2501.0
36005005902,Census Tract 59.02; Bronx County; New York,3019.0
36005006000,Census Tract 60; Bronx County; New York,1280.0
36005006100,Census Tract 61; Bronx County; New York,3369.0
36005006200,Census Tract 62; Bronx County; New York,6363.0
36005006301,Census Tract 63.01; Bronx County; New York,7053.0
36005006302,Census Tract 63.02; Bronx County; New York,0.0
36005006400,Census Tract 64; Bronx County; New York,4194.0
36005006500,Census Tract 65; Bronx County; New York,5024.0
36005006700,Census Tract 67; Bronx County; New York,7664.0
36005006800,Census Tract 68; Bronx County; New York,2542.0
36005006900,Census Tract 69; Bronx County; New York,6077.0
36005007000,Census Tract 70; Bronx County; New York,4408.0
36005007100,Census Tract 71; Bronx County; New York,2805.0
36005007200,Census Tract 72; Bronx County; New York,4845.0
36005007300,Census Tract 73; Bronx County; New York,4325.0
36005007400,Census Tract 74; Bronx County; New York,3280.0
36005007500,Census Tract 75; Bronx County; New York,6353.0
36005007600,Census Tract 76; Bronx County; New York,5252.0
36005007700,Census Tract 77; Bronx County; New York,1966.0
36005007800,Census Tract 78; Bronx County; New York,5633.0
36005007900,Census Tract 79; Bronx County; New York,6829.0
36005008300,Census Tract 83; Bronx County; New York,6287.0
36005008400,Census Tract 84; Bronx County; New York,3108.0
36005008500,Census Tract 85; Bronx County; New York,5866.0
36005008600,Census Tract 86; Bronx County; New York,3849.0
36005008700,Census Tract 87; Bronx County; New York,5914.0
36005008900,Census Tract 89; Bronx County; New York,2949.0
36005009000,Census Tract 90; Bronx County; New York,3861.0
36005009200,Census Tract 92; Bronx County; New York,5888.0
36005009301,Census Tract 93.01; Bronx County; New York,5754.0
36005009302,Census Tract 93.02; Bronx County; New York,319.0
36005009600,Census Tract 96; Bronx County; New York,1978.0
36005009800,Census Tract 98; Bronx County; New York,4080.0
36005011000,Census Tract 110; Bronx County; New York,0.0
36005011502,Census Tract 115.02; Bronx County; New York,3935.0
36005011701,Census Tract 117.01; Bronx County; New York,1262.0
36005011702,Census Tract 117.02; Bronx County; New York,0.0
36005011800,Census Tract 118; Bronx County; New York,5057.0
36005011900,Census Tract 119; Bronx County; New York,5879.0
36005012101,Census Tract 121.01; Bronx County; New York,3293.0
36005012102,Census Tract 121.02; Bronx County; New York,1429.0
36005012300,Census Tract 123; Bronx County; New York,4712.0
36005012500,Census Tract 125; Bronx County; New York,4001.0
36005012701,Census Tract 127.01; Bronx County; New York,2129.0
36005012901,Census Tract 129.01; Bronx County; New York,4944.0
36005013000,Census Tract 130; Bronx County; New York,1388.0
36005013100,Census Tract 131; Bronx County; New York,5288.0
36005013200,Census Tract 132; Bronx County; New York,7083.0
36005013300,Census Tract 133; Bronx County; New York,6087.0
36005013500,Census Tract 135; Bronx County; New York,4075.0
36005013800,Census Tract 138; Bronx County; New York,3062.0
36005014100,Census Tract 141; Bronx County; New York,7856.0
36005014300,Census Tract 143; Bronx County; New York,1647.0
36005014400,Census Tract 144; Bronx County; New York,6128.0
36005014500,Census Tract 145; Bronx County; New York,6899.0
36005014701,Census Tract 147.01; Bronx County; New York,6094.0
36005014702,Census Tract 147.02; Bronx County; New York,4950.0
36005014900,Census Tract 149; Bronx County; New York,4714.0
36005015100,Census Tract 151; Bronx County; New York,5216.0
36005015200,Census Tract 152; Bronx County; New York,2562.0
36005015300,Census Tract 153; Bronx County; New York,3603.0
36005015500,Census Tract 155; Bronx County; New York,3016.0
36005015700,Census Tract 157; Bronx County; New York,6152.0
36005015800,Census Tract 158; Bronx County; New York,1490.0
36005015900,Census Tract 159; Bronx County; New York,2407.0
36005016000,Census Tract 160; Bronx County; New York,3848.0
36005016100,Census Tract 161; Bronx County; New York,4703.0
36005016200,Census Tract 162; Bronx County; New York,1885.0
36005016300,Census Tract 163; Bronx County; New York,0.0
36005016400,Census Tract 164; Bronx County; New York,1132.0
36005016500,Census Tract 165; Bronx County; New York,1311.0
36005016600,Census Tract 166; Bronx County; New York,2395.0
36005016700,Census Tract 167; Bronx County; New York,3015.0
36005016900,Census Tract 169; Bronx County; New York,1944.0
36005017100,Census Tract 171; Bronx County; New York,0.0
36005017300,Census Tract 173; Bronx County; New York,5266.0
36005017500,Census Tract 175; Bronx County; New York,6264.0
36005017701,Census Tract 177.01; Bronx County; New York,5395.0
36005017702,Census Tract 177.02; Bronx County; New York,5232.0
36005017901,Census Tract 179.01; Bronx County; New York,4968.0
36005017902,Census Tract 179.02; Bronx County; New York,3030.0
36005018101,Census Tract 181.01; Bronx County; New York,2881.0
36005018102,Census Tract 181.02; Bronx County; New York,5324.0
36005018301,Census Tract 183.01; Bronx County; New York,3933.0
36005018302,Census Tract 183.02; Bronx County; New York,3295.0
36005018400,Census Tract 184; Bronx County; New York,3886.0
36005018501,Census Tract 185.01; Bronx County; New York,3775.0
36005018502,Census Tract 185.02; Bronx County; New York,5525.0
36005018900,Census Tract 189; Bronx County; New York,8244.0
36005019300,Census Tract 193; Bronx County; New York,5949.0
36005019400,Census Tract 194; Bronx County; New York,2117.0
36005019500,Census Tract 195; Bronx County; New York,7738.0
36005019700,Census Tract 197; Bronx County; New York,7628.0
36005019900,Census Tract 199; Bronx County; New York,6852.0
36005020000,Census Tract 200; Bronx County; New York,4419.0
36005020100,Census Tract 201; Bronx County; New York,3845.0
36005020200,Census Tract 202; Bronx County; New York,2602.0
36005020400,Census Tract 204; Bronx County; New York,2829.0
36005020501,Census Tract 205.01; Bronx County; New York,8397.0
36005020502,Census Tract 205.02; Bronx County; New York,2331.0
36005020601,Census Tract 206.01; Bronx County; New York,2852.0
36005020900,Census Tract 209; Bronx County; New York,4809.0
36005021001,Census Tract 210.01; Bronx County; New York,7347.0
36005021002,Census Tract 210.02; Bronx County; New York,7434.0
36005021100,Census Tract 211; Bronx County; New York,5922.0
36005021200,Census Tract 212; Bronx County; New York,5322.0
36005021301,Census Tract 213.01; Bronx County; New York,1289.0
36005021302,Census Tract 213.02; Bronx County; New York,5898.0
36005021501,Census Tract 215.01; Bronx County; New York,4346.0
36005021502,Census Tract 215.02; Bronx County; New York,6235.0
36005021601,Census Tract 216.01; Bronx County; New York,4118.0
36005021602,Census Tract 216.02; Bronx County; New York,6027.0
36005021700,Census Tract 217; Bronx County; New York,5006.0
36005021800,Census Tract 218; Bronx County; New York,6050.0
36005021900,Census Tract 219; Bronx County; New York,1488.0
36005022000,Census Tract 220; Bronx County; New York,1872.0
36005022101,Census Tract 221.01; Bronx County; New York,3752.0
36005022102,Census Tract 221.02; Bronx County; New York,5144.0
36005022200,Census Tract 222; Bronx County; New York,3330.0
36005022300,Census Tract 223; Bronx County; New York,4867.0
36005022401,Census Tract 224.01; Bronx County; New York,2433.0
36005022403,Census Tract 224.03; Bronx County; New York,2782.0
36005022404,Census Tract 224.04; Bronx County; New York,4292.0
36005022500,Census Tract 225; Bronx County; New York,8040.0
36005022701,Census Tract 227.01; Bronx County; New York,4942.0
36005022702,Census Tract 227.02; Bronx County; New York,1071.0
36005022703,Census Tract 227.03; Bronx County; New York,1685.0
36005022800,Census Tract 228; Bronx County; New York,5744.0
36005022901,Census Tract 229.01; Bronx County; New York,5927.0
36005022902,Census Tract 229.02; Bronx County; New York,3378.0
36005023000,Census Tract 230; Bronx County; New York,2889.0
36005023100,Census Tract 231; Bronx County; New York,1420.0
36005023200,Census Tract 232; Bronx County; New York,2626.0
36005023301,Census Tract 233.01; Bronx County; New York,3841.0
36005023302,Census Tract 233.02; Bronx County; New York,3955.0
36005023501,Census Tract 235.01; Bronx County; New York,2963.0
36005023502,Census Tract 235.02; Bronx County; New York,4490.0
36005023600,Census Tract 236; Bronx County; New York,1782.0
36005023702,Census Tract 237.02; Bronx County; New York,1021.0
36005023703,Census Tract 237.03; Bronx County; New York,4959.0
36005023704,Census Tract 237.04; Bronx County; New York,3358.0
36005023800,Census Tract 238; Bronx County; New York,2552.0
36005023900,Census Tract 239; Bronx County; New York,8591.0
36005024000,Census Tract 240; Bronx County; New York,3855.0
36005024100,Census Tract 241; Bronx County; New York,6078.0
36005024300,Census Tract 243; Bronx County; New York,4134.0
36005024400,Census Tract 244; Bronx County; New York,2252.0
36005024501,Census Tract 245.01; Bronx County; New York,4856.0
36005024502,Census Tract 245.02; Bronx County; New York,4226.0
36005024600,Census Tract 246; Bronx County; New York,2037.0
36005024700,Census Tract 247; Bronx County; New York,1756.0
36005024800,Census Tract 248; Bronx County; New York,3699.0
36005024900,Census Tract 249; Bronx County; New York,0.0
36005025000,Census Tract 250; Bronx County; New York,2763.0
36005025100,Census Tract 251; Bronx County; New York,6983.0
36005025200,Census Tract 252; Bronx County; New York,2582.0
36005025300,Census Tract 253; Bronx County; New York,5503.0
36005025400,Census Tract 254; Bronx County; New York,2582.0
36005025500,Census Tract 255; Bronx County; New York,6139.0
36005025600,Census Tract 256; Bronx County; New York,1582.0
36005025700,Census Tract 257; Bronx County; New York,1685.0
36005026100,Census Tract 261; Bronx County; New York,2047.0
36005026300,Census Tract 263; Bronx County; New York,6381.0
36005026400,Census Tract 264; Bronx County; New York,5870.0
36005026500,Census Tract 265; Bronx County; New York,6906.0
36005026601,Census Tract 266.01; Bronx County; New York,3214.0
36005026602,Census Tract 266.02; Bronx County; New York,5900.0
36005026701,Census Tract 267.01; Bronx County; New York,3591.0
36005026702,Census Tract 267.02; Bronx County; New York,6841.0
36005026900,Census Tract 269; Bronx County; New York,4040.0
36005027300,Census Tract 273; Bronx County; New York,6431.0
36005027401,Census Tract 274.01; Bronx County; New York,4973.0
36005027402,Census Tract 274.02; Bronx County; New York,3492.0
36005027600,Census Tract 276; Bronx County; New York,154.0
36005027700,Census Tract 277; Bronx County; New York,4474.0
36005027900,Census Tract 279; Bronx County; New York,8359.0
36005028100,Census Tract 281; Bronx County; New York,3565.0
36005028300,Census Tract 283; Bronx County; New York,2325.0
36005028400,Census Tract 284; Bronx County; New York,374.0
36005028500,Census Tract 285; Bronx County; New York,3422.0
36005028600,Census Tract 286; Bronx County; New York,1248.0
36005028700,Census Tract 287; Bronx County; New York,3543.0
36005028800,Census Tract 288; Bronx County; New York,2589.0
36005028900,Census Tract 289; Bronx County; New York,4461.0
36005029301,Census Tract 293.01; Bronx County; New York,1874.0
36005029302,Census Tract 293.02; Bronx County; New York,5439.0
36005029500,Census Tract 295; Bronx County; New York,4582.0
36005029600,Census Tract 296; Bronx County; New York,2367.0
36005029700,Census Tract 297; Bronx County; New York,4157.0
36005030000,Census Tract 300; Bronx County; New York,6944.0
36005030100,Census Tract 301; Bronx County; New York,1570.0
36005030201,Census Tract 302.01; Bronx County; New York,3681.0
36005030202,Census Tract 302.02; Bronx County; New York,6165.0
36005030701,Census Tract 307.01; Bronx County; New York,5743.0
36005030900,Census Tract 309; Bronx County; New York,3812.0
36005031000,Census Tract 310; Bronx County; New York,4618.0
36005031200,Census Tract 312; Bronx County; New York,1489.0
36005031400,Census Tract 314; Bronx County; New York,2232.0
36005031600,Census Tract 316; Bronx County; New York,1697.0
36005031800,Census Tract 318; Bronx County; New York,1820.0
36005031900,Census Tract 319; Bronx County; New York,693.0
36005032300,Census Tract 323; Bronx County; New York,4981.0
36005032400,Census Tract 324; Bronx County; New York,2961.0
36005032600,Census Tract 326; Bronx County; New York,3542.0
36005032800,Census Tract 328; Bronx County; New York,4132.0
36005033000,Census Tract 330; Bronx County; New York,5197.0
36005033201,Census Tract 332.01; Bronx County; New York,4050.0
36005033202,Census Tract 332.02; Bronx County; New York,3628.0
36005033400,Census Tract 334; Bronx County; New York,32.0
36005033500,Census Tract 335; Bronx County; New York,2236.0
36005033601,Census Tract 336.01; Bronx County; New York,4414.0
36005033602,Census Tract 336.02; Bronx County; New York,1234.0
36005033700,Census Tract 337; Bronx County; New York,3198.0
36005033801,Census Tract 338.01; Bronx County; New York,2011.0
36005033802,Census Tract 338.02; Bronx County; New York,1579.0
36005034000,Census Tract 340; Bronx County; New York,5049.0
36005034200,Census Tract 342; Bronx County; New York,1625.0
36005034300,Census Tract 343; Bronx County; New York,1647.0
36005034400,Census Tract 344; Bronx County; New York,1717.0
36005034500,Census Tract 345; Bronx County; New York,4037.0
36005034800,Census Tract 348; Bronx County; New York,6051.0
36005035000,Census Tract 350; Bronx County; New York,1887.0
36005035100,Census Tract 351; Bronx County; New York,3461.0
36005035600,Census Tract 356; Bronx County; New York,2207.0
36005035800,Census Tract 358; Bronx County; New York,6673.0
36005035900,Census Tract 359; Bronx County; New York,3873.0
36005036000,Census Tract 360; Bronx County; New York,2779.0
36005036100,Census Tract 361; Bronx County; New York,4690.0
36005036300,Census Tract 363; Bronx County; New York,6727.0
36005036400,Census Tract 364; Bronx County; New York,2304.0
36005036501,Census Tract 365.01; Bronx County; New York,4287.0
36005036502,Census Tract 365.02; Bronx County; New York,2287.0
36005036700,Census Tract 367; Bronx County; New York,2718.0
36005036800,Census Tract 368; Bronx County; New York,1958.0
36005036901,Census Tract 369.01; Bronx County; New York,1808.0
36005036902,Census Tract 369.02; Bronx County; New York,2504.0
36005037000,Census Tract 370; Bronx County; New York,2362.0
36005037100,Census Tract 371; Bronx County; New York,4218.0
36005037200,Census Tract 372; Bronx County; New York,2017.0
36005037300,Census Tract 373; Bronx County; New York,6202.0
36005037400,Census Tract 374; Bronx County; New York,3633.0
36005037504,Census Tract 375.04; Bronx County; New York,4015.0
36005037600,Census Tract 376; Bronx County; New York,2115.0
36005037800,Census Tract 378; Bronx County; New York,3505.0
36005037900,Census Tract 379; Bronx County; New York,6961.0
36005038000,Census Tract 380; Bronx County; New York,5023.0
36005038100,Census Tract 381; Bronx County; New York,6543.0
36005038200,Census Tract 382; Bronx County; New York,2964.0
36005038301,Census Tract 383.01; Bronx County; New York,4553.0
36005038303,Census Tract 383.03; Bronx County; New York,3662.0
36005038304,Census Tract 383.04; Bronx County; New York,2231.0
36005038500,Census Tract 385; Bronx County; New York,5218.0
36005038600,Census Tract 386; Bronx County; New York,8012.0
36005038700,Census Tract 387; Bronx County; New York,3610.0
36005038800,Census Tract 388; Bronx County; New York,2752.0
36005038900,Census Tract 389; Bronx County; New York,5412.0
36005039000,Census Tract 390; Bronx County; New York,3054.0
36005039100,Census Tract 391; Bronx County; New York,6071.0
36005039200,Census Tract 392; Bronx County; New York,1590.0
36005039300,Census Tract 393; Bronx County; New York,8847.0
36005039400,Census Tract 394; Bronx County; New York,4323.0
36005039500,Census Tract 395; Bronx County; New York,4389.0
36005039600,Census Tract 396; Bronx County; New York,3763.0
36005039700,Census Tract 397; Bronx County; New York,4219.0
36005039800,Census Tract 398; Bronx County; New York,3540.0
36005039901,Census Tract 399.01; Bronx County; New York,4855.0
36005039902,Census Tract 399.02; Bronx County; New York,4719.0
36005040100,Census Tract 401; Bronx County; New York,4749.0
36005040302,Census Tract 403.02; Bronx County; New York,4008.0
36005040303,Census Tract 403.03; Bronx County; New York,3999.0
36005040304,Census Tract 403.04; Bronx County; New York,3502.0
36005040400,Census Tract 404; Bronx County; New York,3408.0
36005040501,Census Tract 405.01; Bronx County; New York,3327.0
36005040502,Census Tract 405.02; Bronx County; New York,5615.0
36005040600,Census Tract 406; Bronx County; New York,3451.0
36005040701,Census Tract 407.01; Bronx County; New York,2839.0
36005040702,Census Tract 407.02; Bronx County; New York,6233.0
36005040800,Census Tract 408; Bronx County; New York,4381.0
36005040900,Census Tract 409; Bronx County; New York,3323.0
36005041100,Census Tract 411; Bronx County; New York,3418.0
36005041300,Census Tract 413; Bronx County; New York,7329.0
36005041400,Census Tract 414; Bronx County; New York,5483.0
36005041500,Census Tract 415; Bronx County; New York,5555.0
36005041800,Census Tract 418; Bronx County; New York,3396.0
36005041900,Census Tract 419; Bronx County; New York,6215.0
36005042000,Census Tract 420; Bronx County; New York,4660.0
36005042100,Census Tract 421; Bronx County; New York,5780.0
36005042200,Census Tract 422; Bronx County; New York,3209.0
36005042300,Census Tract 423; Bronx County; New York,4189.0
36005042400,Census Tract 424; Bronx County; New York,2479.0
36005042500,Census Tract 425; Bronx County; New York,6810.0
36005042600,Census Tract 426; Bronx County; New York,6669.0
36005042800,Census Tract 428; Bronx County; New York,2381.0
36005042901,Census Tract 429.01; Bronx County; New York,3397.0
36005042902,Census Tract 429.02; Bronx County; New York,3656.0
36005043000,Census Tract 430; Bronx County; New York,3004.0
36005043101,Census Tract 431.01; Bronx County; New York,5051.0
36005043102,Census Tract 431.02; Bronx County; New York,4458.0
36005043400,Census Tract 434; Bronx County; New York,3921.0
36005043501,Census Tract 435.01; Bronx County; New York,1011.0
36005043502,Census Tract 435.02; Bronx County; New York,0.0
36005043503,Census Tract 435.03; Bronx County; New York,0.0
36005043600,Census Tract 436; Bronx County; New York,2362.0
36005044200,Census Tract 442; Bronx County; New York,4007.0
36005044400,Census Tract 444; Bronx County; New York,4293.0
36005044800,Census Tract 448; Bronx County; New York,2374.0
36005044901,Census Tract 449.01; Bronx County; New York,2045.0
36005044902,Census Tract 449.02; Bronx County; New York,2175.0
36005045101,Census Tract 451.01; Bronx County; New York,1695.0
36005045102,Census Tract 451.02; Bronx County; New York,2068.0
36005045600,Census Tract 456; Bronx County; New York,3552.0
36005045800,Census Tract 458; Bronx County; New York,5523.0
36005046000,Census Tract 460; Bronx County; New York,2800.0
36005046203,Census Tract 462.03; Bronx County; New York,6756.0
36005046204,Census Tract 462.04; Bronx County; New York,5259.0
36005046205,Census Tract 462.05; Bronx County; New York,3633.0
36005046206,Census Tract 462.06; Bronx County; New York,3971.0
36005046207,Census Tract 462.07; Bronx County; New York,6535.0
36005046208,Census Tract 462.08; Bronx County; New York,5145.0
36005046209,Census Tract 462.09; Bronx County; New York,4436.0
36005048401,Census Tract 484.01; Bronx County; New York,3892.0
36005048402,Census Tract 484.02; Bronx County; New York,0.0
36005050400,Census Tract 504; Bronx County; New York,0.0
36005051601,Census Tract 516.01; Bronx County; New York,3828.0
36005051602,Census Tract 516.02; Bronx County; New York,0.0
36047000100,Census Tract 1; Kings County; New York,4815.0
36047000200,Census Tract 2; Kings County; New York,1288.0
36047000301,Census Tract 3.01; Kings County; New York,4501.0
36047000501,Census Tract 5.01; Kings County; New York,4541.0
36047000502,Census Tract 5.02; Kings County; New York,2704.0
36047000700,Census Tract 7; Kings County; New York,4243.0
36047000900,Census Tract 9; Kings County; New York,5227.0
36047001100,Census Tract 11; Kings County; New York,1580.0
36047001300,Census Tract 13; Kings County; New York,2518.0
36047001501,Census Tract 15.01; Kings County; New York,4565.0
36047001502,Census Tract 15.02; Kings County; New York,5238.0
36047001801,Census Tract 18.01; Kings County; New York,1588.0
36047001802,Census Tract 18.02; Kings County; New York,0.0
36047001803,Census Tract 18.03; Kings County; New York,11.0
36047001804,Census Tract 18.04; Kings County; New York,0.0
36047002000,Census Tract 20; Kings County; New York,1733.0
36047002100,Census Tract 21; Kings County; New York,6452.0
36047002200,Census Tract 22; Kings County; New York,4650.0
36047002300,Census Tract 23; Kings County; New York,3385.0
36047002901,Census Tract 29.01; Kings County; New York,3177.0
36047003000,Census Tract 30; Kings County; New York,1844.0
36047003101,Census Tract 31.01; Kings County; New York,4074.0
36047003102,Census Tract 31.02; Kings County; New York,0.0
36047003300,Census Tract 33; Kings County; New York,4125.0
36047003400,Census Tract 34; Kings County; New York,3351.0
36047003500,Census Tract 35; Kings County; New York,2178.0
36047003600,Census Tract 36; Kings County; New York,3843.0
36047003700,Census Tract 37; Kings County; New York,4385.0
36047003800,Census Tract 38; Kings County; New York,1539.0
36047003900,Census Tract 39; Kings County; New York,2986.0
36047004100,Census Tract 41; Kings County; New York,3314.0
36047004300,Census Tract 43; Kings County; New York,3769.0
36047004400,Census Tract 44; Kings County; New York,2255.0
36047004500,Census Tract 45; Kings County; New York,3898.0
36047004600,Census Tract 46; Kings County; New York,1143.0
36047004700,Census Tract 47; Kings County; New York,1999.0
36047004900,Census Tract 49; Kings County; New York,2795.0
36047005000,Census Tract 50; Kings County; New York,2564.0
36047005100,Census Tract 51; Kings County; New York,2439.0
36047005201,Census Tract 52.01; Kings County; New York,1751.0
36047005202,Census Tract 52.02; Kings County; New York,2681.0
36047005301,Census Tract 53.01; Kings County; New York,2095.0
36047005302,Census Tract 53.02; Kings County; New York,123.0
36047005303,Census Tract 53.03; Kings County; New York,136.0
36047005400,Census Tract 54; Kings County; New York,3425.0
36047005601,Census Tract 56.01; Kings County; New York,2577.0
36047005602,Census Tract 56.02; Kings County; New York,1791.0
36047005800,Census Tract 58; Kings County; New York,3115.0
36047005900,Census Tract 59; Kings County; New York,1518.0
36047006000,Census Tract 60; Kings County; New York,2793.0
36047006200,Census Tract 62; Kings County; New York,2653.0
36047006300,Census Tract 63; Kings County; New York,1904.0
36047006400,Census Tract 64; Kings County; New York,3463.0
36047006500,Census Tract 65; Kings County; New York,6089.0
36047006600,Census Tract 66; Kings County; New York,4104.0
36047006700,Census Tract 67; Kings County; New York,4032.0
36047006800,Census Tract 68; Kings County; New York,4117.0
36047006901,Census Tract 69.01; Kings County; New York,1785.0
36047006902,Census Tract 69.02; Kings County; New York,1906.0
36047007000,Census Tract 70; Kings County; New York,2591.0
36047007100,Census Tract 71; Kings County; New York,4050.0
36047007200,Census Tract 72; Kings County; New York,1759.0
36047007400,Census Tract 74; Kings County; New York,5478.0
36047007500,Census Tract 75; Kings County; New York,4766.0
36047007600,Census Tract 76; Kings County; New York,4096.0
36047007700,Census Tract 77; Kings County; New York,5974.0
36047007800,Census Tract 78; Kings County; New York,4713.0
36047008000,Census Tract 80; Kings County; New York,3296.0
36047008200,Census Tract 82; Kings County; New York,3985.0
36047008400,Census Tract 84; Kings County; New York,2994.0
36047008500,Census Tract 85; Kings County; New York,6401.0
36047008600,Census Tract 86; Kings County; New York,0.0
36047008800,Census Tract 88; Kings County; New York,3221.0
36047009001,Census Tract 90.01; Kings County; New York,1305.0
36047009002,Census Tract 90.02; Kings County; New York,1549.0
36047009201,Census Tract 92.01; Kings County; New York,1986.0
36047009202,Census Tract 92.02; Kings County; New York,2648.0
36047009401,Census Tract 94.01; Kings County; New York,1946.0
36047009402,Census Tract 94.02; Kings County; New York,3280.0
36047009600,Census Tract 96; Kings County; New York,6040.0
36047009800,Census Tract 98; Kings County; New York,6713.0
36047010000,Census Tract 100; Kings County; New York,5489.0
36047010100,Census Tract 101; Kings County; New York,4606.0
36047010200,Census Tract 102; Kings County; New York,5201.0
36047010401,Census Tract 104.01; Kings County; New York,2060.0
36047010402,Census Tract 104.02; Kings County; New York,2174.0
36047010601,Census Tract 106.01; Kings County; New York,2138.0
36047010602,Census Tract 106.02; Kings County; New York,2088.0
36047010801,Census Tract 108.01; Kings County; New York,1878.0
36047010802,Census Tract 108.02; Kings County; New York,2419.0
36047011000,Census Tract 110; Kings County; New York,2535.0
36047011200,Census Tract 112; Kings County; New York,6611.0
36047011400,Census Tract 114; Kings County; New York,3683.0
36047011600,Census Tract 116; Kings County; New York,3233.0
36047011700,Census Tract 117; Kings County; New York,2792.0
36047011800,Census Tract 118; Kings County; New York,1867.0
36047011901,Census Tract 119.01; Kings County; New York,1378.0
36047011902,Census Tract 119.02; Kings County; New York,0.0
36047012000,Census Tract 120; Kings County; New York,1225.0
36047012100,Census Tract 121; Kings County; New York,2157.0
36047012200,Census Tract 122; Kings County; New York,4655.0
36047012600,Census Tract 126; Kings County; New York,3020.0
36047012700,Census Tract 127; Kings County; New York,4286.0
36047012801,Census Tract 128.01; Kings County; New York,1987.0
36047012901,Census Tract 129.01; Kings County; New York,2539.0
36047012902,Census Tract 129.02; Kings County; New York,3822.0
36047013000,Census Tract 130; Kings County; New York,5598.0
36047013100,Census Tract 131; Kings County; New York,3533.0
36047013200,Census Tract 132; Kings County; New York,2088.0
36047013300,Census Tract 133; Kings County; New York,4264.0
36047013400,Census Tract 134; Kings County; New York,4209.0
36047013500,Census Tract 135; Kings County; New York,4294.0
36047013600,Census Tract 136; Kings County; New York,4090.0
36047013700,Census Tract 137; Kings County; New York,3101.0
36047013800,Census Tract 138; Kings County; New York,3800.0
36047013900,Census Tract 139; Kings County; New York,3574.0
36047014000,Census Tract 140; Kings County; New York,1791.0
36047014101,Census Tract 141.01; Kings County; New York,1483.0
36047014102,Census Tract 141.02; Kings County; New York,2032.0
36047014200,Census Tract 142; Kings County; New York,3534.0
36047014300,Census Tract 143; Kings County; New York,3675.0
36047014500,Census Tract 145; Kings County; New York,4681.0
36047014700,Census Tract 147; Kings County; New York,2373.0
36047014800,Census Tract 148; Kings County; New York,1233.0
36047014901,Census Tract 149.01; Kings County; New York,1540.0
36047014902,Census Tract 149.02; Kings County; New York,4054.0
36047015000,Census Tract 150; Kings County; New York,1437.0
36047015100,Census Tract 151; Kings County; New York,4060.0
36047015200,Census Tract 152; Kings County; New York,2294.0
36047015300,Census Tract 153; Kings County; New York,2638.0
36047015400,Census Tract 154; Kings County; New York,0.0
36047015500,Census Tract 155; Kings County; New York,3443.0
36047015700,Census Tract 157; Kings County; New York,5071.0
36047015900,Census Tract 159; Kings County; New York,5377.0
36047016000,Census Tract 160; Kings County; New York,4426.0
36047016100,Census Tract 161; Kings County; New York,3468.0
36047016200,Census Tract 162; Kings County; New York,2267.0
36047016300,Census Tract 163; Kings County; New York,4370.0
36047016400,Census Tract 164; Kings County; New York,980.0
36047016500,Census Tract 165; Kings County; New York,5742.0
36047016600,Census Tract 166; Kings County; New York,2201.0
36047016700,Census Tract 167; Kings County; New York,4800.0
36047016800,Census Tract 168; Kings County; New York,1763.0
36047016900,Census Tract 169; Kings County; New York,4714.0
36047017000,Census Tract 170; Kings County; New York,3503.0
36047017100,Census Tract 171; Kings County; New York,4139.0
36047017200,Census Tract 172; Kings County; New York,2746.0
36047017400,Census Tract 174; Kings County; New York,1925.0
36047017500,Census Tract 175; Kings County; New York,0.0
36047017600,Census Tract 176; Kings County; New York,2228.0
36047017700,Census Tract 177; Kings County; New York,0.0
36047017800,Census Tract 178; Kings County; New York,2517.0
36047017900,Census Tract 179; Kings County; New York,4183.0
36047018000,Census Tract 180; Kings County; New York,2948.0
36047018100,Census Tract 181; Kings County; New York,3905.0
36047018200,Census Tract 182; Kings County; New York,3708.0
36047018300,Census Tract 183; Kings County; New York,2821.0
36047018400,Census Tract 184; Kings County; New York,2108.0
36047018501,Census Tract 185.01; Kings County; New York,4583.0
36047018600,Census Tract 186; Kings County; New York,1907.0
36047018700,Census Tract 187; Kings County; New York,1356.0
36047018800,Census Tract 188; Kings County; New York,2865.0
36047019000,Census Tract 190; Kings County; New York,4171.0
36047019100,Census Tract 191; Kings County; New York,3029.0
36047019200,Census Tract 192; Kings County; New York,3118.0
36047019300,Census Tract 193; Kings County; New York,6619.0
36047019400,Census Tract 194; Kings County; New York,3293.0
36047019500,Census Tract 195; Kings County; New York,4104.0
36047019600,Census Tract 196; Kings County; New York,3872.0
36047019700,Census Tract 197; Kings County; New York,3619.0
36047019800,Census Tract 198; Kings County; New York,1823.0
36047019900,Census Tract 199; Kings County; New York,4311.0
36047020000,Census Tract 200; Kings County; New York,2337.0
36047020100,Census Tract 201; Kings County; New York,3993.0
36047020200,Census Tract 202; Kings County; New York,1717.0
36047020300,Census Tract 203; Kings County; New York,2074.0
36047020400,Census Tract 204; Kings County; New York,2037.0
36047020500,Census Tract 205; Kings County; New York,3834.0
36047020600,Census Tract 206; Kings County; New York,2590.0
36047020700,Census Tract 207; Kings County; New York,4628.0
36047020800,Census Tract 208; Kings County; New York,2573.0
36047021000,Census Tract 210; Kings County; New York,3794.0
36047021100,Census Tract 211; Kings County; New York,2778.0
36047021200,Census Tract 212; Kings County; New York,3150.0
36047021300,Census Tract 213; Kings County; New York,4523.0
36047021400,Census Tract 214; Kings County; New York,2580.0
36047021500,Census Tract 215; Kings County; New York,5595.0
36047021600,Census Tract 216; Kings County; New York,3885.0
36047021700,Census Tract 217; Kings County; New York,4210.0
36047021800,Census Tract 218; Kings County; New York,2760.0
36047021900,Census Tract 219; Kings County; New York,4258.0
36047022000,Census Tract 220; Kings County; New York,5854.0
36047022100,Census Tract 221; Kings County; New York,3724.0
36047022200,Census Tract 222; Kings County; New York,4050.0
36047022400,Census Tract 224; Kings County; New York,5786.0
36047022600,Census Tract 226; Kings County; New York,2844.0
36047022700,Census Tract 227; Kings County; New York,4833.0
36047022800,Census Tract 228; Kings County; New York,3496.0
36047022900,Census Tract 229; Kings County; New York,3650.0
36047023000,Census Tract 230; Kings County; New York,4202.0
36047023100,Census Tract 231; Kings County; New York,3530.0
36047023200,Census Tract 232; Kings County; New York,6611.0
36047023300,Census Tract 233; Kings County; New York,5988.0
36047023400,Census Tract 234; Kings County; New York,5663.0
36047023500,Census Tract 235; Kings County; New York,5527.0
36047023600,Census Tract 236; Kings County; New York,6444.0
36047023800,Census Tract 238; Kings County; New York,5584.0
36047024000,Census Tract 240; Kings County; New York,5598.0
36047024100,Census Tract 241; Kings County; New York,3154.0
36047024200,Census Tract 242; Kings County; New York,3402.0
36047024300,Census Tract 243; Kings County; New York,4419.0
36047024400,Census Tract 244; Kings County; New York,3556.0
36047024500,Census Tract 245; Kings County; New York,4383.0
36047024600,Census Tract 246; Kings County; New York,3298.0
36047024700,Census Tract 247; Kings County; New York,2547.0
36047024800,Census Tract 248; Kings County; New York,2543.0
36047024900,Census Tract 249; Kings County; New York,4147.0
36047025000,Census Tract 250; Kings County; New York,1433.0
36047025100,Census Tract 251; Kings County; New York,3990.0
36047025200,Census Tract 252; Kings County; New York,4460.0
36047025300,Census Tract 253; Kings County; New York,3904.0
36047025400,Census Tract 254; Kings County; New York,3437.0
36047025500,Census Tract 255; Kings County; New York,4940.0
36047025600,Census Tract 256; Kings County; New York,2815.0
36047025700,Census Tract 257; Kings County; New York,3370.0
36047025800,Census Tract 258; Kings County; New York,4068.0
36047025901,Census Tract 259.01; Kings County; New York,2217.0
36047025902,Census Tract 259.02; Kings County; New York,3796.0
36047026000,Census Tract 260; Kings County; New York,2909.0
36047026100,Census Tract 261; Kings County; New York,5743.0
36047026200,Census Tract 262; Kings County; New York,2645.0
36047026300,Census Tract 263; Kings County; New York,2216.0
36047026400,Census Tract 264; Kings County; New York,4554.0
36047026500,Census Tract 265; Kings County; New York,4101.0
36047026600,Census Tract 266; Kings County; New York,3431.0
36047026700,Census Tract 267; Kings County; New York,4057.0
36047026800,Census Tract 268; Kings County; New York,4416.0
36047026900,Census Tract 269; Kings County; New York,3444.0
36047027000,Census Tract 270; Kings County; New York,2582.0
36047027100,Census Tract 271; Kings County; New York,3652.0
36047027200,Census Tract 272; Kings County; New York,3750.0
36047027300,Census Tract 273; Kings County; New York,4176.0
36047027400,Census Tract 274; Kings County; New York,2943.0
36047027500,Census Tract 275; Kings County; New York,5272.0
36047027600,Census Tract 276; Kings County; New York,3680.0
36047027700,Census Tract 277; Kings County; New York,4303.0
36047027800,Census Tract 278; Kings County; New York,3134.0
36047027900,Census Tract 279; Kings County; New York,4266.0
36047028000,Census Tract 280; Kings County; New York,1708.0
36047028100,Census Tract 281; Kings County; New York,5240.0
36047028200,Census Tract 282; Kings County; New York,3239.0
36047028300,Census Tract 283; Kings County; New York,3976.0
36047028400,Census Tract 284; Kings County; New York,3675.0
36047028501,Census Tract 285.01; Kings County; New York,589.0
36047028502,Census Tract 285.02; Kings County; New York,3144.0
36047028600,Census Tract 286; Kings County; New York,5092.0
36047028700,Census Tract 287; Kings County; New York,3398.0
36047028800,Census Tract 288; Kings County; New York,3578.0
36047028900,Census Tract 289; Kings County; New York,4147.0
36047029000,Census Tract 290; Kings County; New York,3710.0
36047029100,Census Tract 291; Kings County; New York,3461.0
36047029200,Census Tract 292; Kings County; New York,2501.0
36047029300,Census Tract 293; Kings County; New York,3181.0
36047029400,Census Tract 294; Kings County; New York,2072.0
36047029500,Census Tract 295; Kings County; New York,4043.0
36047029600,Census Tract 296; Kings County; New York,6463.0
36047029700,Census Tract 297; Kings County; New York,4004.0
36047029800,Census Tract 298; Kings County; New York,3877.0
36047029900,Census Tract 299; Kings County; New York,3328.0
36047030000,Census Tract 300; Kings County; New York,4165.0
36047030100,Census Tract 301; Kings County; New York,3171.0
36047030200,Census Tract 302; Kings County; New York,3850.0
36047030300,Census Tract 303; Kings County; New York,5477.0
36047030400,Census Tract 304; Kings County; New York,4525.0
36047030500,Census Tract 305; Kings County; New York,6968.0
36047030600,Census Tract 306; Kings County; New York,1903.0
36047030700,Census Tract 307; Kings County; New York,6299.0
36047030800,Census Tract 308; Kings County; New York,1792.0
36047030900,Census Tract 309; Kings County; New York,2279.0
36047031100,Census Tract 311; Kings County; New York,3534.0
36047031300,Census Tract 313; Kings County; New York,4415.0
36047031401,Census Tract 314.01; Kings County; New York,4912.0
36047031402,Census Tract 314.02; Kings County; New York,0.0
36047031500,Census Tract 315; Kings County; New York,5179.0
36047031701,Census Tract 317.01; Kings County; New York,4300.0
36047031702,Census Tract 317.02; Kings County; New York,3622.0
36047031900,Census Tract 319; Kings County; New York,3412.0
36047032100,Census Tract 321; Kings County; New York,4995.0
36047032300,Census Tract 323; Kings County; New York,3589.0
36047032500,Census Tract 325; Kings County; New York,7964.0
36047032600,Census Tract 326; Kings County; New York,10531.0
36047032700,Census Tract 327; Kings County; New York,2980.0
36047032800,Census Tract 328; Kings County; New York,2921.0
36047032900,Census Tract 329; Kings County; New York,5411.0
36047033000,Census Tract 330; Kings County; New York,4721.0
36047033100,Census Tract 331; Kings County; New York,3822.0
36047033300,Census Tract 333; Kings County; New York,4519.0
36047033500,Census Tract 335; Kings County; New York,3743.0
36047033600,Census Tract 336; Kings County; New York,4762.0
36047033701,Census Tract 337.01; Kings County; New York,2742.0
36047033702,Census Tract 337.02; Kings County; New York,1993.0
36047033900,Census Tract 339; Kings County; New York,5012.0
36047034000,Census Tract 340; Kings County; New York,2172.0
36047034100,Census Tract 341; Kings County; New York,2564.0
36047034200,Census Tract 342; Kings County; New York,6667.0
36047034300,Census Tract 343; Kings County; New York,4548.0
36047034500,Census Tract 345; Kings County; New York,2703.0
36047034700,Census Tract 347; Kings County; New York,3728.0
36047034800,Census Tract 348; Kings County; New York,3011.0
36047034901,Census Tract 349.01; Kings County; New York,2324.0
36047034902,Census Tract 349.02; Kings County; New York,3396.0
36047035000,Census Tract 350; Kings County; New York,3169.0
36047035101,Census Tract 351.01; Kings County; New York,1735.0
36047035102,Census Tract 351.02; Kings County; New York,3400.0
36047035200,Census Tract 352; Kings County; New York,1529.0
36047035301,Census Tract 353.01; Kings County; New York,2483.0
36047035302,Census Tract 353.02; Kings County; New York,3064.0
36047035400,Census Tract 354; Kings County; New York,6075.0
36047035500,Census Tract 355; Kings County; New York,5046.0
36047035601,Census Tract 356.01; Kings County; New York,2326.0
36047035602,Census Tract 356.02; Kings County; New York,6581.0
36047035701,Census Tract 357.01; Kings County; New York,2398.0
36047035702,Census Tract 357.02; Kings County; New York,0.0
36047035900,Census Tract 359; Kings County; New York,6794.0
36047036001,Census Tract 360.01; Kings County; New York,2844.0
36047036002,Census Tract 360.02; Kings County; New York,3731.0
36047036100,Census Tract 361; Kings County; New York,3358.0
36047036200,Census Tract 362; Kings County; New York,3090.0
36047036300,Census Tract 363; Kings County; New York,5430.0
36047036400,Census Tract 364; Kings County; New York,2288.0
36047036501,Census Tract 365.01; Kings County; New York,3139.0
36047036502,Census Tract 365.02; Kings County; New York,2389.0
36047036600,Census Tract 366; Kings County; New York,4362.0
36047036700,Census Tract 367; Kings County; New York,2091.0
36047036900,Census Tract 369; Kings County; New York,5626.0
36047037000,Census Tract 370; Kings County; New York,4171.0
36047037100,Census Tract 371; Kings County; New York,4309.0
36047037300,Census Tract 373; Kings County; New York,4952.0
36047037401,Census Tract 374.01; Kings County; New York,4758.0
36047037402,Census Tract 374.02; Kings County; New York,5843.0
36047037500,Census Tract 375; Kings County; New York,3748.0
36047037700,Census Tract 377; Kings County; New York,5090.0
36047037900,Census Tract 379; Kings County; New York,4012.0
36047038100,Census Tract 381; Kings County; New York,5138.0
36047038200,Census Tract 382; Kings County; New York,5225.0
36047038300,Census Tract 383; Kings County; New York,5466.0
36047038500,Census Tract 385; Kings County; New York,3823.0
36047038600,Census Tract 386; Kings County; New York,3042.0
36047038700,Census Tract 387; Kings County; New York,5312.0
36047038800,Census Tract 388; Kings County; New York,5353.0
36047038900,Census Tract 389; Kings County; New York,3277.0
36047039000,Census Tract 390; Kings County; New York,2681.0
36047039100,Census Tract 391; Kings County; New York,5428.0
36047039200,Census Tract 392; Kings County; New York,3091.0
36047039300,Census Tract 393; Kings County; New York,3798.0
36047039400,Census Tract 394; Kings County; New York,2259.0
36047039500,Census Tract 395; Kings County; New York,4083.0
36047039600,Census Tract 396; Kings County; New York,1708.0
36047039700,Census Tract 397; Kings County; New York,3356.0
36047039800,Census Tract 398; Kings County; New York,2586.0
36047039900,Census Tract 399; Kings County; New York,3745.0
36047040000,Census Tract 400; Kings County; New York,2570.0
36047040100,Census Tract 401; Kings County; New York,3354.0
36047040200,Census Tract 402; Kings County; New York,2414.0
36047040300,Census Tract 403; Kings County; New York,3982.0
36047040400,Census Tract 404; Kings County; New York,2604.0
36047040500,Census Tract 405; Kings County; New York,1653.0
36047040600,Census Tract 406; Kings County; New York,3726.0
36047040700,Census Tract 407; Kings County; New York,0.0
36047040800,Census Tract 408; Kings County; New York,3676.0
36047040900,Census Tract 409; Kings County; New York,3891.0
36047041000,Census Tract 410; Kings County; New York,1899.0
36047041100,Census Tract 411; Kings County; New York,2631.0
36047041200,Census Tract 412; Kings County; New York,2789.0
36047041300,Census Tract 413; Kings County; New York,3851.0
36047041401,Census Tract 414.01; Kings County; New York,1237.0
36047041402,Census Tract 414.02; Kings County; New York,2062.0
36047041500,Census Tract 415; Kings County; New York,4300.0
36047041600,Census Tract 416; Kings County; New York,1784.0
36047041700,Census Tract 417; Kings County; New York,3402.0
36047041800,Census Tract 418; Kings County; New York,2350.0
36047041900,Census Tract 419; Kings County; New York,3479.0
36047042000,Census Tract 420; Kings County; New York,1662.0
36047042100,Census Tract 421; Kings County; New York,4712.0
36047042200,Census Tract 422; Kings County; New York,3163.0
36047042300,Census Tract 423; Kings County; New York,4523.0
36047042400,Census Tract 424; Kings County; New York,3723.0
36047042500,Census Tract 425; Kings County; New York,2709.0
36047042600,Census Tract 426; Kings County; New York,4528.0
36047042700,Census Tract 427; Kings County; New York,4098.0
36047042800,Census Tract 428; Kings County; New York,3636.0
36047042900,Census Tract 429; Kings County; New York,4630.0
36047043000,Census Tract 430; Kings County; New York,3666.0
36047043100,Census Tract 431; Kings County; New York,3864.0
36047043200,Census Tract 432; Kings County; New York,3874.0
36047043300,Census Tract 433; Kings County; New York,4029.0
36047043400,Census Tract 434; Kings County; New York,4095.0
36047043500,Census Tract 435; Kings County; New York,4897.0
36047043600,Census Tract 436; Kings County; New York,4341.0
36047043700,Census Tract 437; Kings County; New York,5034.0
36047043800,Census Tract 438; Kings County; New York,2530.0
36047043900,Census Tract 439; Kings County; New York,4172.0
36047044000,Census Tract 440; Kings County; New York,2586.0
36047044100,Census Tract 441; Kings County; New York,4638.0
36047044200,Census Tract 442; Kings County; New York,2268.0
36047044300,Census Tract 443; Kings County; New York,4740.0
36047044400,Census Tract 444; Kings County; New York,2677.0
36047044500,Census Tract 445; Kings County; New York,3944.0
36047044600,Census Tract 446; Kings County; New York,2123.0
36047044700,Census Tract 447; Kings County; New York,2337.0
36047044800,Census Tract 448; Kings County; New York,1914.0
36047044901,Census Tract 449.01; Kings County; New York,2715.0
36047044902,Census Tract 449.02; Kings County; New York,0.0
36047045000,Census Tract 450; Kings County; New York,1147.0
36047045200,Census Tract 452; Kings County; New York,2543.0
36047045300,Census Tract 453; Kings County; New York,1823.0
36047045400,Census Tract 454; Kings County; New York,2075.0
36047045600,Census Tract 456; Kings County; New York,2362.0
36047045800,Census Tract 458; Kings County; New York,1373.0
36047046000,Census Tract 460; Kings County; New York,2997.0
36047046201,Census Tract 462.01; Kings County; New York,2311.0
36047046202,Census Tract 462.02; Kings County; New York,1914.0
36047046400,Census Tract 464; Kings County; New York,3327.0
36047046800,Census Tract 468; Kings County; New York,1826.0
36047047000,Census Tract 470; Kings County; New York,2629.0
36047047200,Census Tract 472; Kings County; New York,2840.0
36047047400,Census Tract 474; Kings County; New York,3211.0
36047047600,Census Tract 476; Kings County; New York,3865.0
36047047700,Census Tract 477; Kings County; New York,3918.0
36047047800,Census Tract 478; Kings County; New York,5251.0
36047048000,Census Tract 480; Kings County; New York,3863.0
36047048100,Census Tract 481; Kings County; New York,3010.0
36047048200,Census Tract 482; Kings County; New York,5580.0
36047048400,Census Tract 484; Kings County; New York,4912.0
36047048500,Census Tract 485; Kings County; New York,2369.0
36047048600,Census Tract 486; Kings County; New York,3189.0
36047048800,Census Tract 488; Kings County; New York,4933.0
36047048900,Census Tract 489; Kings County; New York,3597.0
36047049000,Census Tract 490; Kings County; New York,5371.0
36047049100,Census Tract 491; Kings County; New York,6213.0
36047049200,Census Tract 492; Kings County; New York,3115.0
36047049301,Census Tract 493.01; Kings County; New York,1941.0
36047049302,Census Tract 493.02; Kings County; New York,4714.0
36047049400,Census Tract 494; Kings County; New York,5710.0
36047049500,Census Tract 495; Kings County; New York,3284.0
36047049600,Census Tract 496; Kings County; New York,4225.0
36047049700,Census Tract 497; Kings County; New York,3361.0
36047049800,Census Tract 498; Kings County; New York,3950.0
36047049900,Census Tract 499; Kings County; New York,2480.0
36047050001,Census Tract 500.01; Kings County; New York,2282.0
36047050002,Census Tract 500.02; Kings County; New York,1548.0
36047050100,Census Tract 501; Kings County; New York,3089.0
36047050202,Census Tract 502.02; Kings County; New York,2413.0
36047050300,Census Tract 503; Kings County; New York,2803.0
36047050401,Census Tract 504.01; Kings County; New York,2518.0
36047050402,Census Tract 504.02; Kings County; New York,1950.0
36047050500,Census Tract 505; Kings County; New York,4121.0
36047050600,Census Tract 506; Kings County; New York,5233.0
36047050700,Census Tract 507; Kings County; New York,4369.0
36047050801,Census Tract 508.01; Kings County; New York,3910.0
36047050803,Census Tract 508.03; Kings County; New York,2282.0
36047050804,Census Tract 508.04; Kings County; New York,6637.0
36047050900,Census Tract 509; Kings County; New York,5206.0
36047051001,Census Tract 510.01; Kings County; New York,4488.0
36047051002,Census Tract 510.02; Kings County; New York,3675.0
36047051100,Census Tract 511; Kings County; New York,3817.0
36047051200,Census Tract 512; Kings County; New York,6227.0
36047051300,Census Tract 513; Kings County; New York,5970.0
36047051400,Census Tract 514; Kings County; New York,7213.0
36047051500,Census Tract 515; Kings County; New York,2891.0
36047051601,Census Tract 516.01; Kings County; New York,4936.0
36047051602,Census Tract 516.02; Kings County; New York,3477.0
36047051700,Census Tract 517; Kings County; New York,3087.0
36047051800,Census Tract 518; Kings County; New York,3391.0
36047051900,Census Tract 519; Kings County; New York,6051.0
36047052000,Census Tract 520; Kings County; New York,3511.0
36047052300,Census Tract 523; Kings County; New York,5077.0
36047052500,Census Tract 525; Kings County; New York,3321.0
36047052600,Census Tract 526; Kings County; New York,3938.0
36047052700,Census Tract 527; Kings County; New York,5553.0
36047052800,Census Tract 528; Kings County; New York,1764.0
36047052900,Census Tract 529; Kings County; New York,3723.0
36047053000,Census Tract 530; Kings County; New York,3329.0
36047053101,Census Tract 531.01; Kings County; New York,3020.0
36047053102,Census Tract 531.02; Kings County; New York,7846.0
36047053200,Census Tract 532; Kings County; New York,2280.0
36047053300,Census Tract 533; Kings County; New York,6551.0
36047053400,Census Tract 534; Kings County; New York,4620.0
36047053500,Census Tract 535; Kings County; New York,4611.0
36047053700,Census Tract 537; Kings County; New York,4803.0
36047053800,Census Tract 538; Kings County; New York,5186.0
36047053900,Census Tract 539; Kings County; New York,2470.0
36047054200,Census Tract 542; Kings County; New York,4061.0
36047054300,Census Tract 543; Kings County; New York,0.0
36047054400,Census Tract 544; Kings County; New York,3544.0
36047054500,Census Tract 545; Kings County; New York,8349.0
36047054600,Census Tract 546; Kings County; New York,5373.0
36047054700,Census Tract 547; Kings County; New York,9666.0
36047054800,Census Tract 548; Kings County; New York,2304.0
36047054900,Census Tract 549; Kings County; New York,4530.0
36047055000,Census Tract 550; Kings County; New York,3408.0
36047055100,Census Tract 551; Kings County; New York,6185.0
36047055200,Census Tract 552; Kings County; New York,3359.0
36047055300,Census Tract 553; Kings County; New York,3605.0
36047055400,Census Tract 554; Kings County; New York,3989.0
36047055500,Census Tract 555; Kings County; New York,8974.0
36047055600,Census Tract 556; Kings County; New York,3353.0
36047055700,Census Tract 557; Kings County; New York,1702.0
36047055800,Census Tract 558; Kings County; New York,2145.0
36047056000,Census Tract 560; Kings County; New York,3477.0
36047056100,Census Tract 561; Kings County; New York,3698.0
36047056200,Census Tract 562; Kings County; New York,1779.0
36047056301,Census Tract 563.01; Kings County; New York,4688.0
36047056302,Census Tract 563.02; Kings County; New York,2449.0
36047056400,Census Tract 564; Kings County; New York,2631.0
36047056500,Census Tract 565; Kings County; New York,3332.0
36047056600,Census Tract 566; Kings County; New York,2287.0
36047056800,Census Tract 568; Kings County; New York,1319.0
36047056900,Census Tract 569; Kings County; New York,1662.0
36047057000,Census Tract 570; Kings County; New York,3480.0
36047057100,Census Tract 571; Kings County; New York,3923.0
36047057200,Census Tract 572; Kings County; New York,5501.0
36047057300,Census Tract 573; Kings County; New York,2720.0
36047057400,Census Tract 574; Kings County; New York,2647.0
36047057500,Census Tract 575; Kings County; New York,4596.0
36047057600,Census Tract 576; Kings County; New York,2649.0
36047057800,Census Tract 578; Kings County; New York,2923.0
36047057901,Census Tract 579.01; Kings County; New York,1512.0
36047057902,Census Tract 579.02; Kings County; New York,0.0
36047058000,Census Tract 580; Kings County; New York,3008.0
36047058200,Census Tract 582; Kings County; New York,2585.0
36047058400,Census Tract 584; Kings County; New York,3588.0
36047058600,Census Tract 586; Kings County; New York,2264.0
36047058800,Census Tract 588; Kings County; New York,3539.0
36047058901,Census Tract 589.01; Kings County; New York,2103.0
36047058902,Census Tract 589.02; Kings County; New York,0.0
36047059000,Census Tract 590; Kings County; New York,1903.0
36047059100,Census Tract 591; Kings County; New York,3952.0
36047059200,Census Tract 592; Kings County; New York,3747.0
36047059300,Census Tract 593; Kings County; New York,2669.0
36047059402,Census Tract 594.02; Kings County; New York,5713.0
36047059403,Census Tract 594.03; Kings County; New York,3062.0
36047059404,Census Tract 594.04; Kings County; New York,3934.0
36047059600,Census Tract 596; Kings County; New York,2261.0
36047059800,Census Tract 598; Kings County; New York,3212.0
36047060000,Census Tract 600; Kings County; New York,6451.0
36047060600,Census Tract 606; Kings County; New York,2792.0
36047060800,Census Tract 608; Kings County; New York,3549.0
36047061002,Census Tract 610.02; Kings County; New York,4696.0
36047061003,Census Tract 610.03; Kings County; New York,2038.0
36047061004,Census Tract 610.04; Kings County; New York,5278.0
36047061200,Census Tract 612; Kings County; New York,1118.0
36047061600,Census Tract 616; Kings County; New York,1626.0
36047062000,Census Tract 620; Kings County; New York,1516.0
36047062200,Census Tract 622; Kings County; New York,2822.0
36047062600,Census Tract 626; Kings County; New York,3046.0
36047062800,Census Tract 628; Kings County; New York,4838.0
36047063200,Census Tract 632; Kings County; New York,1409.0
36047063600,Census Tract 636; Kings County; New York,1093.0
36047063800,Census Tract 638; Kings County; New York,1882.0
36047064000,Census Tract 640; Kings County; New York,1327.0
36047064200,Census Tract 642; Kings County; New York,2379.0
36047064400,Census Tract 644; Kings County; New York,2182.0
36047064600,Census Tract 646; Kings County; New York,2154.0
36047064800,Census Tract 648; Kings County; New York,1828.0
36047065000,Census Tract 650; Kings County; New York,1286.0
36047065200,Census Tract 652; Kings County; New York,1121.0
36047065400,Census Tract 654; Kings County; New York,1654.0
36047065600,Census Tract 656; Kings County; New York,1675.0
36047065800,Census Tract 658; Kings County; New York,1756.0
36047066000,Census Tract 660; Kings County; New York,1893.0
36047066200,Census Tract 662; Kings County; New York,1159.0
36047066600,Census Tract 666; Kings County; New York,0.0
36047067000,Census Tract 670; Kings County; New York,2486.0
36047067200,Census Tract 672; Kings County; New York,1389.0
36047067400,Census Tract 674; Kings County; New York,1909.0
36047067600,Census Tract 676; Kings County; New York,1510.0
36047067800,Census Tract 678; Kings County; New York,2569.0
36047068000,Census Tract 680; Kings County; New York,1759.0
36047068200,Census Tract 682; Kings County; New York,2907.0
36047068600,Census Tract 686; Kings County; New York,1649.0
36047068800,Census Tract 688; Kings County; New York,1584.0
36047069000,Census Tract 690; Kings County; New York,1668.0
36047069200,Census Tract 692; Kings County; New York,2301.0
36047069601,Census Tract 696.01; Kings County; New York,3434.0
36047069602,Census Tract 696.02; Kings County; New York,5847.0
36047069800,Census Tract 698; Kings County; New York,1397.0
36047070000,Census Tract 700; Kings County; New York,1214.0
36047070201,Census Tract 702.01; Kings County; New York,6531.0
36047070202,Census Tract 702.02; Kings County; New York,14.0
36047070203,Census Tract 702.03; Kings County; New York,0.0
36047070601,Census Tract 706.01; Kings County; New York,2437.0
36047070602,Census Tract 706.02; Kings County; New York,0.0
36047072000,Census Tract 720; Kings County; New York,1678.0
36047072200,Census Tract 722; Kings County; New York,2242.0
36047072400,Census Tract 724; Kings County; New York,1586.0
36047072600,Census Tract 726; Kings County; New York,2672.0
36047072800,Census Tract 728; Kings County; New York,3153.0
36047073000,Census Tract 730; Kings County; New York,2109.0
36047073200,Census Tract 732; Kings County; New York,1877.0
36047073400,Census Tract 734; Kings County; New York,1142.0
36047073600,Census Tract 736; Kings County; New York,2918.0
36047073800,Census Tract 738; Kings County; New York,3517.0
36047074000,Census Tract 740; Kings County; New York,3287.0
36047074200,Census Tract 742; Kings County; New York,2516.0
36047074400,Census Tract 744; Kings County; New York,2648.0
36047074600,Census Tract 746; Kings County; New York,2385.0
36047074800,Census Tract 748; Kings County; New York,1504.0
36047075000,Census Tract 750; Kings County; New York,2804.0
36047075200,Census Tract 752; Kings County; New York,1146.0
36047075400,Census Tract 754; Kings County; New York,1000.0
36047075600,Census Tract 756; Kings County; New York,1720.0
36047075800,Census Tract 758; Kings County; New York,1400.0
36047076000,Census Tract 760; Kings County; New York,3205.0
36047076200,Census Tract 762; Kings County; New York,4224.0
36047076400,Census Tract 764; Kings County; New York,4302.0
36047076600,Census Tract 766; Kings County; New York,2126.0
36047076800,Census Tract 768; Kings County; New York,3895.0
36047077000,Census Tract 770; Kings County; New York,2780.0
36047077200,Census Tract 772; Kings County; New York,3068.0
36047077400,Census Tract 774; Kings County; New York,2906.0
36047077600,Census Tract 776; Kings County; New York,3448.0
36047078000,Census Tract 780; Kings County; New York,2170.0
36047078200,Census Tract 782; Kings County; New York,4086.0
36047078400,Census Tract 784; Kings County; New York,2463.0
36047078601,Census Tract 786.01; Kings County; New York,2220.0
36047078602,Census Tract 786.02; Kings County; New York,2104.0
36047078801,Census Tract 788.01; Kings County; New York,1695.0
36047078802,Census Tract 788.02; Kings County; New York,1790.0
36047079001,Census Tract 790.01; Kings County; New York,1664.0
36047079002,Census Tract 790.02; Kings County; New York,2768.0
36047079201,Census Tract 792.01; Kings County; New York,1382.0
36047079202,Census Tract 792.02; Kings County; New York,1942.0
36047079400,Census Tract 794; Kings County; New York,2366.0
36047079601,Census Tract 796.01; Kings County; New York,3232.0
36047079602,Census Tract 796.02; Kings County; New York,5073.0
36047079801,Census Tract 798.01; Kings County; New York,3316.0
36047079802,Census Tract 798.02; Kings County; New York,5004.0
36047080000,Census Tract 800; Kings County; New York,3217.0
36047080200,Census Tract 802; Kings County; New York,3878.0
36047080400,Census Tract 804; Kings County; New York,3033.0
36047080600,Census Tract 806; Kings County; New York,4038.0
36047080800,Census Tract 808; Kings County; New York,2044.0
36047081000,Census Tract 810; Kings County; New York,2101.0
36047081400,Census Tract 814; Kings County; New York,2692.0
36047081600,Census Tract 816; Kings County; New York,2893.0
36047081800,Census Tract 818; Kings County; New York,4639.0
36047082000,Census Tract 820; Kings County; New York,4651.0
36047082200,Census Tract 822; Kings County; New York,7104.0
36047082400,Census Tract 824; Kings County; New York,5125.0
36047082600,Census Tract 826; Kings County; New York,4122.0
36047082800,Census Tract 828; Kings County; New York,3604.0
36047083000,Census Tract 830; Kings County; New York,5673.0
36047083200,Census Tract 832; Kings County; New York,2094.0
36047083400,Census Tract 834; Kings County; New York,1839.0
36047083600,Census Tract 836; Kings County; New York,1984.0
36047083800,Census Tract 838; Kings County; New York,1931.0
36047084000,Census Tract 840; Kings County; New York,2226.0
36047084600,Census Tract 846; Kings County; New York,2038.0
36047084800,Census Tract 848; Kings County; New York,1445.0
36047085000,Census Tract 850; Kings County; New York,1383.0
36047085200,Census Tract 852; Kings County; New York,0.0
36047085400,Census Tract 854; Kings County; New York,2062.0
36047085600,Census Tract 856; Kings County; New York,3161.0
36047085800,Census Tract 858; Kings County; New York,1951.0
36047086000,Census Tract 860; Kings County; New York,2627.0
36047086200,Census Tract 862; Kings County; New York,2626.0
36047086400,Census Tract 864; Kings County; New York,2219.0
36047086600,Census Tract 866; Kings County; New York,2984.0
36047086800,Census Tract 868; Kings County; New York,2952.0
36047087000,Census Tract 870; Kings County; New York,3006.0
36047087200,Census Tract 872; Kings County; New York,3127.0
36047087401,Census Tract 874.01; Kings County; New York,3127.0
36047087600,Census Tract 876; Kings County; New York,1798.0
36047087800,Census Tract 878; Kings County; New York,2592.0
36047088001,Census Tract 880.01; Kings County; New York,1702.0
36047088002,Census Tract 880.02; Kings County; New York,1220.0
36047088200,Census Tract 882; Kings County; New York,6535.0
36047088400,Census Tract 884; Kings County; New York,5208.0
36047088600,Census Tract 886; Kings County; New York,4340.0
36047088800,Census Tract 888; Kings County; New York,3783.0
36047089000,Census Tract 890; Kings County; New York,7674.0
36047089200,Census Tract 892; Kings County; New York,2876.0
36047089400,Census Tract 894; Kings County; New York,3513.0
36047089600,Census Tract 896; Kings County; New York,3956.0
36047089800,Census Tract 898; Kings County; New York,2316.0
36047090000,Census Tract 900; Kings County; New York,4964.0
36047090200,Census Tract 902; Kings County; New York,4017.0
36047090600,Census Tract 906; Kings County; New York,4344.0
36047090800,Census Tract 908; Kings County; New York,6230.0
36047091000,Census Tract 910; Kings County; New York,5837.0
36047091200,Census Tract 912; Kings County; New York,6301.0
36047091600,Census Tract 916; Kings County; New York,5619.0
36047091800,Census Tract 918; Kings County; New York,2453.0
36047092000,Census Tract 920; Kings County; New York,3202.0
36047092200,Census Tract 922; Kings County; New York,2842.0
36047092400,Census Tract 924; Kings County; New York,3420.0
36047092800,Census Tract 928; Kings County; New York,2663.0
36047093000,Census Tract 930; Kings County; New York,2986.0
36047093200,Census Tract 932; Kings County; New York,1565.0
36047093400,Census Tract 934; Kings County; New York,2175.0
36047093600,Census Tract 936; Kings County; New York,1529.0
36047093800,Census Tract 938; Kings County; New York,2227.0
36047094401,Census Tract 944.01; Kings County; New York,3158.0
36047094402,Census Tract 944.02; Kings County; New York,2371.0
36047094600,Census Tract 946; Kings County; New York,1772.0
36047095000,Census Tract 950; Kings County; New York,2333.0
36047095400,Census Tract 954; Kings County; New York,3875.0
36047095600,Census Tract 956; Kings County; New York,3666.0
36047095800,Census Tract 958; Kings County; New York,2760.0
36047096000,Census Tract 960; Kings County; New York,0.0
36047096200,Census Tract 962; Kings County; New York,1315.0
36047096400,Census Tract 964; Kings County; New York,2086.0
36047096600,Census Tract 966; Kings County; New York,1883.0
36047096800,Census Tract 968; Kings County; New York,1224.0
36047097000,Census Tract 970; Kings County; New York,1935.0
36047097400,Census Tract 974; Kings County; New York,2415.0
36047098200,Census Tract 982; Kings County; New York,3962.0
36047098400,Census Tract 984; Kings County; New York,1924.0
36047098600,Census Tract 986; Kings County; New York,2341.0
36047098800,Census Tract 988; Kings County; New York,2752.0
36047099000,Census Tract 990; Kings County; New York,1479.0
36047099200,Census Tract 992; Kings County; New York,1642.0
36047099400,Census Tract 994; Kings County; New York,1525.0
36047099600,Census Tract 996; Kings County; New York,3079.0
36047099800,Census Tract 998; Kings County; New York,3348.0
36047100400,Census Tract 1004; Kings County; New York,2423.0
36047100600,Census Tract 1006; Kings County; New York,2670.0
36047100800,Census Tract 1008; Kings County; New York,2161.0
36047101000,Census Tract 1010; Kings County; New York,2577.0
36047101200,Census Tract 1012; Kings County; New York,2119.0
36047101400,Census Tract 1014; Kings County; New York,1796.0
36047101600,Census Tract 1016; Kings County; New York,1897.0
36047101800,Census Tract 1018; Kings County; New York,1789.0
36047102000,Census Tract 1020; Kings County; New York,2151.0
36047102200,Census Tract 1022; Kings County; New York,2067.0
36047102400,Census Tract 1024; Kings County; New York,1834.0
36047102600,Census Tract 1026; Kings County; New York,2935.0
36047102801,Census Tract 1028.01; Kings County; New York,1146.0
36047102802,Census Tract 1028.02; Kings County; New York,0.0
36047103401,Census Tract 1034.01; Kings County; New York,3637.0
36047103402,Census Tract 1034.02; Kings County; New York,0.0
36047105801,Census Tract 1058.01; Kings County; New York,5655.0
36047105804,Census Tract 1058.04; Kings County; New York,6083.0
36047107001,Census Tract 1070.01; Kings County; New York,4672.0
36047107002,Census Tract 1070.02; Kings County; New York,0.0
36047107003,Census Tract 1070.03; Kings County; New York,0.0
36047107800,Census Tract 1078; Kings County; New York,3716.0
36047109800,Census Tract 1098; Kings County; New York,2348.0
36047110400,Census Tract 1104; Kings County; New York,5199.0
36047110600,Census Tract 1106; Kings County; New York,4117.0
36047111000,Census Tract 1110; Kings County; New York,2984.0
36047111600,Census Tract 1116; Kings County; New York,3810.0
36047111800,Census Tract 1118; Kings County; New York,3872.0
36047112000,Census Tract 1120; Kings County; New York,3249.0
36047112200,Census Tract 1122; Kings County; New York,3500.0
36047112400,Census Tract 1124; Kings County; New York,3380.0
36047112600,Census Tract 1126; Kings County; New York,4406.0
36047112800,Census Tract 1128; Kings County; New York,3933.0
36047113000,Census Tract 1130; Kings County; New York,4490.0
36047113200,Census Tract 1132; Kings County; New York,2637.0
36047113400,Census Tract 1134; Kings County; New York,2615.0
36047114201,Census Tract 1142.01; Kings County; New York,1548.0
36047114202,Census Tract 1142.02; Kings County; New York,2331.0
36047114400,Census Tract 1144; Kings County; New York,2423.0
36047114600,Census Tract 1146; Kings County; New York,3130.0
36047115000,Census Tract 1150; Kings County; New York,2962.0
36047115200,Census Tract 1152; Kings County; New York,2558.0
36047115600,Census Tract 1156; Kings County; New York,4108.0
36047115800,Census Tract 1158; Kings County; New York,2529.0
36047116000,Census Tract 1160; Kings County; New York,2420.0
36047116200,Census Tract 1162; Kings County; New York,2571.0
36047116400,Census Tract 1164; Kings County; New York,3936.0
36047116600,Census Tract 1166; Kings County; New York,2998.0
36047116800,Census Tract 1168; Kings County; New York,2661.0
36047117000,Census Tract 1170; Kings County; New York,1952.0
36047117201,Census Tract 1172.01; Kings County; New York,1961.0
36047117202,Census Tract 1172.02; Kings County; New York,4720.0
36047117400,Census Tract 1174; Kings County; New York,3827.0
36047117601,Census Tract 1176.01; Kings County; New York,3029.0
36047117602,Census Tract 1176.02; Kings County; New York,3393.0
36047117800,Census Tract 1178; Kings County; New York,1777.0
36047118000,Census Tract 1180; Kings County; New York,0.0
36047118201,Census Tract 1182.01; Kings County; New York,3674.0
36047118202,Census Tract 1182.02; Kings County; New York,3288.0
36047118400,Census Tract 1184; Kings County; New York,4826.0
36047118600,Census Tract 1186; Kings County; New York,3099.0
36047118800,Census Tract 1188; Kings County; New York,4778.0
36047119000,Census Tract 1190; Kings County; New York,1785.0
36047119200,Census Tract 1192; Kings County; New York,3885.0
36047119400,Census Tract 1194; Kings County; New York,4816.0
36047119600,Census Tract 1196; Kings County; New York,5979.0
36047119800,Census Tract 1198; Kings County; New York,3514.0
36047120000,Census Tract 1200; Kings County; New York,2922.0
36047120200,Census Tract 1202; Kings County; New York,1999.0
36047120801,Census Tract 1208.01; Kings County; New York,4834.0
36047120802,Census Tract 1208.02; Kings County; New York,5247.0
36047120803,Census Tract 1208.03; Kings County; New York,1350.0
36047121000,Census Tract 1210; Kings County; New York,3738.0
36047121400,Census Tract 1214; Kings County; New York,4512.0
36047122000,Census Tract 1220; Kings County; New York,6991.0
36047123700,Census Tract 1237; Kings County; New York,9642.0
36047150200,Census Tract 1502; Kings County; New York,2884.0
36047152200,Census Tract 1522; Kings County; New York,2913.0
36047990100,Census Tract 9901; Kings County; New York,0.0
36061000100,Census Tract 1; New York County; New York,0.0
36061000201,Census Tract 2.01; New York County; New York,2666.0
36061000202,Census Tract 2.02; New York County; New York,6763.0
36061000500,Census Tract 5; New York County; New York,0.0
36061000600,Census Tract 6; New York County; New York,10302.0
36061000700,Census Tract 7; New York County; New York,9134.0
36061000800,Census Tract 8; New York County; New York,8747.0
36061000900,Census Tract 9; New York County; New York,1966.0
36061001001,Census Tract 10.01; New York County; New York,1745.0
36061001002,Census Tract 10.02; New York County; New York,6513.0
36061001200,Census Tract 12; New York County; New York,4173.0
36061001300,Census Tract 13; New York County; New York,5062.0
36061001401,Census Tract 14.01; New York County; New York,3707.0
36061001402,Census Tract 14.02; New York County; New York,3463.0
36061001501,Census Tract 15.01; New York County; New York,7677.0
36061001502,Census Tract 15.02; New York County; New York,8375.0
36061001600,Census Tract 16; New York County; New York,7221.0
36061001800,Census Tract 18; New York County; New York,6706.0
36061002000,Census Tract 20; New York County; New York,5048.0
36061002100,Census Tract 21; New York County; New York,7441.0
36061002201,Census Tract 22.01; New York County; New York,6795.0
36061002202,Census Tract 22.02; New York County; New York,2502.0
36061002400,Census Tract 24; New York County; New York,4523.0
36061002500,Census Tract 25; New York County; New York,4476.0
36061002601,Census Tract 26.01; New York County; New York,4199.0
36061002602,Census Tract 26.02; New York County; New York,3528.0
36061002700,Census Tract 27; New York County; New York,1101.0
36061002800,Census Tract 28; New York County; New York,6509.0
36061002901,Census Tract 29.01; New York County; New York,562.0
36061002902,Census Tract 29.02; New York County; New York,3493.0
36061003001,Census Tract 30.01; New York County; New York,4270.0
36061003002,Census Tract 30.02; New York County; New York,2833.0
36061003100,Census Tract 31; New York County; New York,2910.0
36061003200,Census Tract 32; New York County; New York,7866.0
36061003300,Census Tract 33; New York County; New York,5951.0
36061003400,Census Tract 34; New York County; New York,6990.0
36061003601,Census Tract 36.01; New York County; New York,3050.0
36061003602,Census Tract 36.02; New York County; New York,3444.0
36061003700,Census Tract 37; New York County; New York,3460.0
36061003800,Census Tract 38; New York County; New York,7282.0
36061003900,Census Tract 39; New York County; New York,5699.0
36061004001,Census Tract 40.01; New York County; New York,3304.0
36061004002,Census Tract 40.02; New York County; New York,6268.0
36061004100,Census Tract 41; New York County; New York,6889.0
36061004200,Census Tract 42; New York County; New York,5141.0
36061004300,Census Tract 43; New York County; New York,3524.0
36061004400,Census Tract 44; New York County; New York,16963.0
36061004500,Census Tract 45; New York County; New York,957.0
36061004700,Census Tract 47; New York County; New York,2187.0
36061004800,Census Tract 48; New York County; New York,6972.0
36061004900,Census Tract 49; New York County; New York,4203.0
36061005000,Census Tract 50; New York County; New York,4774.0
36061005200,Census Tract 52; New York County; New York,3543.0
36061005400,Census Tract 54; New York County; New York,4453.0
36061005501,Census Tract 55.01; New York County; New York,5346.0
36061005502,Census Tract 55.02; New York County; New York,1899.0
36061005600,Census Tract 56; New York County; New York,3822.0
36061005700,Census Tract 57; New York County; New York,2600.0
36061005800,Census Tract 58; New York County; New York,3986.0
36061005900,Census Tract 59; New York County; New York,5120.0
36061006000,Census Tract 60; New York County; New York,5077.0
36061006100,Census Tract 61; New York County; New York,5319.0
36061006200,Census Tract 62; New York County; New York,3886.0
36061006300,Census Tract 63; New York County; New York,5759.0
36061006400,Census Tract 64; New York County; New York,7729.0
36061006500,Census Tract 65; New York County; New York,5585.0
36061006600,Census Tract 66; New York County; New York,11034.0
36061006700,Census Tract 67; New York County; New York,4652.0
36061006800,Census Tract 68; New York County; New York,6430.0
36061006900,Census Tract 69; New York County; New York,2681.0
36061007001,Census Tract 70.01; New York County; New York,3997.0
36061007002,Census Tract 70.02; New York County; New York,3479.0
36061007100,Census Tract 71; New York County; New York,5231.0
36061007200,Census Tract 72; New York County; New York,7113.0
36061007300,Census Tract 73; New York County; New York,5393.0
36061007400,Census Tract 74; New York County; New York,5355.0
36061007500,Census Tract 75; New York County; New York,3898.0
36061007600,Census Tract 76; New York County; New York,2362.0
36061007700,Census Tract 77; New York County; New York,5600.0
36061007800,Census Tract 78; New York County; New York,8015.0
36061007900,Census Tract 79; New York County; New York,4458.0
36061008000,Census Tract 80; New York County; New York,5319.0
36061008100,Census Tract 81; New York County; New York,6191.0
36061008200,Census Tract 82; New York County; New York,3450.0
36061008300,Census Tract 83; New York County; New York,3614.0
36061008400,Census Tract 84; New York County; New York,1765.0
36061008601,Census Tract 86.01; New York County; New York,3332.0
36061008602,Census Tract 86.02; New York County; New York,0.0
36061008603,Census Tract 86.03; New York County; New York,4970.0
36061008700,Census Tract 87; New York County; New York,5376.0
36061008800,Census Tract 88; New York County; New York,7567.0
36061008900,Census Tract 89; New York County; New York,5890.0
36061009000,Census Tract 90; New York County; New York,7239.0
36061009100,Census Tract 91; New York County; New York,6539.0
36061009200,Census Tract 92; New York County; New York,1387.0
36061009300,Census Tract 93; New York County; New York,9559.0
36061009400,Census Tract 94; New York County; New York,70.0
36061009500,Census Tract 95; New York County; New York,3765.0
36061009600,Census Tract 96; New York County; New York,560.0
36061009700,Census Tract 97; New York County; New York,4875.0
36061009800,Census Tract 98; New York County; New York,8874.0
36061009901,Census Tract 99.01; New York County; New York,1948.0
36061009902,Census Tract 99.02; New York County; New York,4019.0
36061009903,Census Tract 99.03; New York County; New York,1465.0
36061010000,Census Tract 100; New York County; New York,1618.0
36061010100,Census Tract 101; New York County; New York,1862.0
36061010200,Census Tract 102; New York County; New York,267.0
36061010300,Census Tract 103; New York County; New York,3410.0
36061010400,Census Tract 104; New York County; New York,1058.0
36061010601,Census Tract 106.01; New York County; New York,7753.0
36061010602,Census Tract 106.02; New York County; New York,5214.0
36061010801,Census Tract 108.01; New York County; New York,3161.0
36061010802,Census Tract 108.02; New York County; New York,4136.0
36061010803,Census Tract 108.03; New York County; New York,1922.0
36061010900,Census Tract 109; New York County; New York,208.0
36061011000,Census Tract 110; New York County; New York,6760.0
36061011100,Census Tract 111; New York County; New York,4711.0
36061011201,Census Tract 112.01; New York County; New York,862.0
36061011202,Census Tract 112.02; New York County; New York,518.0
36061011203,Census Tract 112.03; New York County; New York,986.0
36061011300,Census Tract 113; New York County; New York,136.0
36061011401,Census Tract 114.01; New York County; New York,1026.0
36061011402,Census Tract 114.02; New York County; New York,2298.0
36061011500,Census Tract 115; New York County; New York,3947.0
36061011600,Census Tract 116; New York County; New York,2721.0
36061011700,Census Tract 117; New York County; New York,5363.0
36061011800,Census Tract 118; New York County; New York,9264.0
36061011900,Census Tract 119; New York County; New York,1352.0
36061012000,Census Tract 120; New York County; New York,3489.0
36061012101,Census Tract 121.01; New York County; New York,3217.0
36061012102,Census Tract 121.02; New York County; New York,5029.0
36061012200,Census Tract 122; New York County; New York,3103.0
36061012400,Census Tract 124; New York County; New York,8984.0
36061012500,Census Tract 125; New York County; New York,2704.0
36061012601,Census Tract 126.01; New York County; New York,7014.0
36061012602,Census Tract 126.02; New York County; New York,4980.0
36061012700,Census Tract 127; New York County; New York,6307.0
36061012800,Census Tract 128; New York County; New York,5163.0
36061012901,Census Tract 129.01; New York County; New York,6806.0
36061012902,Census Tract 129.02; New York County; New York,2594.0
36061013000,Census Tract 130; New York County; New York,3336.0
36061013100,Census Tract 131; New York County; New York,3485.0
36061013201,Census Tract 132.01; New York County; New York,2364.0
36061013202,Census Tract 132.02; New York County; New York,3616.0
36061013203,Census Tract 132.03; New York County; New York,4276.0
36061013300,Census Tract 133; New York County; New York,6146.0
36061013400,Census Tract 134; New York County; New York,10475.0
36061013501,Census Tract 135.01; New York County; New York,4872.0
36061013502,Census Tract 135.02; New York County; New York,5873.0
36061013601,Census Tract 136.01; New York County; New York,1979.0
36061013602,Census Tract 136.02; New York County; New York,6373.0
36061013603,Census Tract 136.03; New York County; New York,4459.0
36061013604,Census Tract 136.04; New York County; New York,4030.0
36061013700,Census Tract 137; New York County; New York,6600.0
36061013800,Census Tract 138; New York County; New York,11607.0
36061013900,Census Tract 139; New York County; New York,9952.0
36061014000,Census Tract 140; New York County; New York,8051.0
36061014200,Census Tract 142; New York County; New York,3979.0
36061014300,Census Tract 143; New York County; New York,0.0
36061014401,Census Tract 144.01; New York County; New York,5006.0
36061014402,Census Tract 144.02; New York County; New York,6799.0
36061014500,Census Tract 145; New York County; New York,7329.0
36061014601,Census Tract 146.01; New York County; New York,3940.0
36061014602,Census Tract 146.02; New York County; New York,8144.0
36061014700,Census Tract 147; New York County; New York,2840.0
36061014801,Census Tract 148.01; New York County; New York,3127.0
36061014802,Census Tract 148.02; New York County; New York,7150.0
36061014900,Census Tract 149; New York County; New York,6074.0
36061015001,Census Tract 150.01; New York County; New York,2141.0
36061015002,Census Tract 150.02; New York County; New York,4904.0
36061015101,Census Tract 151.01; New York County; New York,3476.0
36061015102,Census Tract 151.02; New York County; New York,9611.0
36061015200,Census Tract 152; New York County; New York,7667.0
36061015301,Census Tract 153.01; New York County; New York,4799.0
36061015302,Census Tract 153.02; New York County; New York,5448.0
36061015401,Census Tract 154.01; New York County; New York,4594.0
36061015402,Census Tract 154.02; New York County; New York,3724.0
36061015403,Census Tract 154.03; New York County; New York,5055.0
36061015501,Census Tract 155.01; New York County; New York,4969.0
36061015502,Census Tract 155.02; New York County; New York,5500.0
36061015601,Census Tract 156.01; New York County; New York,5172.0
36061015602,Census Tract 156.02; New York County; New York,2244.0
36061015700,Census Tract 157; New York County; New York,10669.0
36061015801,Census Tract 158.01; New York County; New York,5188.0
36061015802,Census Tract 158.02; New York County; New York,4260.0
36061015900,Census Tract 159; New York County; New York,9194.0
36061016001,Census Tract 160.01; New York County; New York,3118.0
36061016002,Census Tract 160.02; New York County; New York,3183.0
36061016100,Census Tract 161; New York County; New York,5756.0
36061016200,Census Tract 162; New York County; New York,9320.0
36061016300,Census Tract 163; New York County; New York,7253.0
36061016400,Census Tract 164; New York County; New York,8310.0
36061016500,Census Tract 165; New York County; New York,7098.0
36061016600,Census Tract 166; New York County; New York,6888.0
36061016700,Census Tract 167; New York County; New York,7884.0
36061016800,Census Tract 168; New York County; New York,5041.0
36061016900,Census Tract 169; New York County; New York,8103.0
36061017000,Census Tract 170; New York County; New York,8791.0
36061017100,Census Tract 171; New York County; New York,8464.0
36061017200,Census Tract 172; New York County; New York,5630.0
36061017300,Census Tract 173; New York County; New York,9343.0
36061017401,Census Tract 174.01; New York County; New York,5321.0
36061017402,Census Tract 174.02; New York County; New York,2887.0
36061017500,Census Tract 175; New York County; New York,10499.0
36061017700,Census Tract 177; New York County; New York,10030.0
36061017800,Census Tract 178; New York County; New York,3786.0
36061017900,Census Tract 179; New York County; New York,9875.0
36061018000,Census Tract 180; New York County; New York,6980.0
36061018100,Census Tract 181; New York County; New York,8408.0
36061018200,Census Tract 182; New York County; New York,7266.0
36061018300,Census Tract 183; New York County; New York,8440.0
36061018400,Census Tract 184; New York County; New York,8225.0
36061018500,Census Tract 185; New York County; New York,5060.0
36061018600,Census Tract 186; New York County; New York,6104.0
36061018700,Census Tract 187; New York County; New York,9907.0
36061018800,Census Tract 188; New York County; New York,4685.0
36061018900,Census Tract 189; New York County; New York,10267.0
36061019000,Census Tract 190; New York County; New York,3735.0
36061019100,Census Tract 191; New York County; New York,8055.0
36061019200,Census Tract 192; New York County; New York,3868.0
36061019300,Census Tract 193; New York County; New York,9211.0
36061019400,Census Tract 194; New York County; New York,5879.0
36061019500,Census Tract 195; New York County; New York,7632.0
36061019600,Census Tract 196; New York County; New York,4166.0
36061019701,Census Tract 197.01; New York County; New York,962.0
36061019702,Census Tract 197.02; New York County; New York,2531.0
36061019800,Census Tract 198; New York County; New York,2511.0
36061019900,Census Tract 199; New York County; New York,8918.0
36061020000,Census Tract 200; New York County; New York,2763.0
36061020101,Census Tract 201.01; New York County; New York,1968.0
36061020102,Census Tract 201.02; New York County; New York,4148.0
36061020300,Census Tract 203; New York County; New York,3989.0
36061020500,Census Tract 205; New York County; New York,5532.0
36061020600,Census Tract 206; New York County; New York,3481.0
36061020701,Census Tract 207.01; New York County; New York,2826.0
36061020800,Census Tract 208; New York County; New York,5391.0
36061020901,Census Tract 209.01; New York County; New York,3656.0
36061021000,Census Tract 210; New York County; New York,6552.0
36061021100,Census Tract 211; New York County; New York,9865.0
36061021200,Census Tract 212; New York County; New York,5225.0
36061021303,Census Tract 213.03; New York County; New York,5804.0
36061021400,Census Tract 214; New York County; New York,2953.0
36061021500,Census Tract 215; New York County; New York,3863.0
36061021600,Census Tract 216; New York County; New York,8912.0
36061021703,Census Tract 217.03; New York County; New York,348.0
36061021800,Census Tract 218; New York County; New York,6128.0
36061021900,Census Tract 219; New York County; New York,5390.0
36061022000,Census Tract 220; New York County; New York,6087.0
36061022102,Census Tract 221.02; New York County; New York,2350.0
36061022200,Census Tract 222; New York County; New York,3595.0
36061022301,Census Tract 223.01; New York County; New York,7226.0
36061022302,Census Tract 223.02; New York County; New York,2870.0
36061022400,Census Tract 224; New York County; New York,6682.0
36061022500,Census Tract 225; New York County; New York,11327.0
36061022600,Census Tract 226; New York County; New York,5673.0
36061022700,Census Tract 227; New York County; New York,5887.0
36061022800,Census Tract 228; New York County; New York,5713.0
36061022900,Census Tract 229; New York County; New York,7702.0
36061023000,Census Tract 230; New York County; New York,8773.0
36061023100,Census Tract 231; New York County; New York,7132.0
36061023200,Census Tract 232; New York County; New York,9183.0
36061023300,Census Tract 233; New York County; New York,7367.0
36061023400,Census Tract 234; New York County; New York,5442.0
36061023501,Census Tract 235.01; New York County; New York,7506.0
36061023502,Census Tract 235.02; New York County; New York,1858.0
36061023600,Census Tract 236; New York County; New York,11042.0
36061023700,Census Tract 237; New York County; New York,6677.0
36061023802,Census Tract 238.02; New York County; New York,4704.0
36061023803,Census Tract 238.03; New York County; New York,3270.0
36061023804,Census Tract 238.04; New York County; New York,3546.0
36061023900,Census Tract 239; New York County; New York,3184.0
36061024000,Census Tract 240; New York County; New York,2395.0
36061024100,Census Tract 241; New York County; New York,7915.0
36061024200,Census Tract 242; New York County; New York,5847.0
36061024301,Census Tract 243.01; New York County; New York,4681.0
36061024302,Census Tract 243.02; New York County; New York,7627.0
36061024500,Census Tract 245; New York County; New York,14577.0
36061024700,Census Tract 247; New York County; New York,6102.0
36061024900,Census Tract 249; New York County; New York,984.0
36061025100,Census Tract 251; New York County; New York,2502.0
36061025300,Census Tract 253; New York County; New York,10189.0
36061025500,Census Tract 255; New York County; New York,5562.0
36061025700,Census Tract 257; New York County; New York,4443.0
36061025900,Census Tract 259; New York County; New York,4790.0
36061026100,Census Tract 261; New York County; New York,12041.0
36061026300,Census Tract 263; New York County; New York,8342.0
36061026500,Census Tract 265; New York County; New York,7702.0
36061026700,Census Tract 267; New York County; New York,2227.0
36061026900,Census Tract 269; New York County; New York,7601.0
36061027100,Census Tract 271; New York County; New York,7742.0
36061027300,Census Tract 273; New York County; New York,7434.0
36061027500,Census Tract 275; New York County; New York,3164.0
36061027700,Census Tract 277; New York County; New York,6441.0
36061027900,Census Tract 279; New York County; New York,9587.0
36061028100,Census Tract 281; New York County; New York,3308.0
36061028300,Census Tract 283; New York County; New York,8040.0
36061028500,Census Tract 285; New York County; New York,7094.0
36061028700,Census Tract 287; New York County; New York,3690.0
36061029100,Census Tract 291; New York County; New York,10870.0
36061029300,Census Tract 293; New York County; New York,8011.0
36061029500,Census Tract 295; New York County; New York,7565.0
36061029700,Census Tract 297; New York County; New York,13.0
36061029900,Census Tract 299; New York County; New York,3532.0
36061030300,Census Tract 303; New York County; New York,3309.0
36061030700,Census Tract 307; New York County; New York,3563.0
36061030900,Census Tract 309; New York County; New York,10253.0
36061031100,Census Tract 311; New York County; New York,0.0
36061031703,Census Tract 317.03; New York County; New York,5887.0
36061031704,Census Tract 317.04; New York County; New York,10097.0
36061031900,Census Tract 319; New York County; New York,0.0
36081000101,Census Tract 1.01; Queens County; New York,4665.0
36081000102,Census Tract 1.02; Queens County; New York,6790.0
36081000103,Census Tract 1.03; Queens County; New York,35.0
36081000104,Census Tract 1.04; Queens County; New York,281.0
36081000200,Census Tract 2; Queens County; New York,2439.0
36081000400,Census Tract 4; Queens County; New York,4102.0
36081000600,Census Tract 6; Queens County; New York,3549.0
36081000701,Census Tract 7.01; Queens County; New York,3691.0
36081000702,Census Tract 7.02; Queens County; New York,4643.0
36081000800,Census Tract 8; Queens County; New York,3768.0
36081001000,Census Tract 10; Queens County; New York,4636.0
36081001200,Census Tract 12; Queens County; New York,4603.0
36081001400,Census Tract 14; Queens County; New York,3609.0
36081001600,Census Tract 16; Queens County; New York,2650.0
36081001800,Census Tract 18; Queens County; New York,3025.0
36081001901,Census Tract 19.01; Queens County; New York,1738.0
36081001902,Census Tract 19.02; Queens County; New York,6561.0
36081001903,Census Tract 19.03; Queens County; New York,2060.0
36081002000,Census Tract 20; Queens County; New York,1774.0
36081002200,Census Tract 22; Queens County; New York,2021.0
36081002400,Census Tract 24; Queens County; New York,2080.0
36081002500,Census Tract 25; Queens County; New York,6530.0
36081002600,Census Tract 26; Queens County; New York,2236.0
36081002800,Census Tract 28; Queens County; New York,2883.0
36081003000,Census Tract 30; Queens County; New York,1410.0
36081003100,Census Tract 31; Queens County; New York,1715.0
36081003200,Census Tract 32; Queens County; New York,1902.0
36081003301,Census Tract 33.01; Queens County; New York,4042.0
36081003302,Census Tract 33.02; Queens County; New York,1056.0
36081003400,Census Tract 34; Queens County; New York,2619.0
36081003600,Census Tract 36; Queens County; New York,3330.0
36081003700,Census Tract 37; Queens County; New York,0.0
36081003800,Census Tract 38; Queens County; New York,2185.0
36081003900,Census Tract 39; Queens County; New York,1480.0
36081004001,Census Tract 40.01; Queens County; New York,2063.0
36081004002,Census Tract 40.02; Queens County; New York,1766.0
36081004200,Census Tract 42; Queens County; New York,4651.0
36081004300,Census Tract 43; Queens County; New York,2033.0
36081004401,Census Tract 44.01; Queens County; New York,3493.0
36081004500,Census Tract 45; Queens County; New York,2758.0
36081004700,Census Tract 47; Queens County; New York,3963.0
36081005000,Census Tract 50; Queens County; New York,0.0
36081005100,Census Tract 51; Queens County; New York,2303.0
36081005200,Census Tract 52; Queens County; New York,2303.0
36081005300,Census Tract 53; Queens County; New York,5188.0
36081005400,Census Tract 54; Queens County; New York,5341.0
36081005500,Census Tract 55; Queens County; New York,1350.0
36081005700,Census Tract 57; Queens County; New York,3800.0
36081005800,Census Tract 58; Queens County; New York,6242.0
36081005900,Census Tract 59; Queens County; New York,4208.0
36081006100,Census Tract 61; Queens County; New York,5207.0
36081006201,Census Tract 62.01; Queens County; New York,5870.0
36081006202,Census Tract 62.02; Queens County; New York,7327.0
36081006300,Census Tract 63; Queens County; New York,5613.0
36081006501,Census Tract 65.01; Queens County; New York,2983.0
36081006502,Census Tract 65.02; Queens County; New York,3975.0
36081006900,Census Tract 69; Queens County; New York,4767.0
36081007100,Census Tract 71; Queens County; New York,3488.0
36081007300,Census Tract 73; Queens County; New York,3813.0
36081007500,Census Tract 75; Queens County; New York,5002.0
36081007700,Census Tract 77; Queens County; New York,1913.0
36081007900,Census Tract 79; Queens County; New York,2742.0
36081008100,Census Tract 81; Queens County; New York,1530.0
36081008300,Census Tract 83; Queens County; New York,2405.0
36081008500,Census Tract 85; Queens County; New York,1821.0
36081008600,Census Tract 86; Queens County; New York,3341.0
36081008700,Census Tract 87; Queens County; New York,3480.0
36081008800,Census Tract 88; Queens County; New York,3679.0
36081009100,Census Tract 91; Queens County; New York,1928.0
36081009400,Census Tract 94; Queens County; New York,2707.0
36081009500,Census Tract 95; Queens County; New York,1959.0
36081009600,Census Tract 96; Queens County; New York,3072.0
36081009700,Census Tract 97; Queens County; New York,3837.0
36081009800,Census Tract 98; Queens County; New York,2216.0
36081009900,Census Tract 99; Queens County; New York,0.0
36081010000,Census Tract 100; Queens County; New York,3082.0
36081010100,Census Tract 101; Queens County; New York,2686.0
36081010200,Census Tract 102; Queens County; New York,2731.0
36081010300,Census Tract 103; Queens County; New York,3915.0
36081010400,Census Tract 104; Queens County; New York,3746.0
36081010500,Census Tract 105; Queens County; New York,4668.0
36081010600,Census Tract 106; Queens County; New York,2785.0
36081010701,Census Tract 107.01; Queens County; New York,0.0
36081010800,Census Tract 108; Queens County; New York,3304.0
36081011000,Census Tract 110; Queens County; New York,2818.0
36081011100,Census Tract 111; Queens County; New York,2939.0
36081011200,Census Tract 112; Queens County; New York,2375.0
36081011300,Census Tract 113; Queens County; New York,4445.0
36081011400,Census Tract 114; Queens County; New York,1908.0
36081011500,Census Tract 115; Queens County; New York,2539.0
36081011600,Census Tract 116; Queens County; New York,2226.0
36081011700,Census Tract 117; Queens County; New York,4015.0
36081011800,Census Tract 118; Queens County; New York,2689.0
36081011900,Census Tract 119; Queens County; New York,1602.0
36081012000,Census Tract 120; Queens County; New York,2355.0
36081012100,Census Tract 121; Queens County; New York,2141.0
36081012200,Census Tract 122; Queens County; New York,2939.0
36081012301,Census Tract 123.01; Queens County; New York,3343.0
36081012400,Census Tract 124; Queens County; New York,2913.0
36081012500,Census Tract 125; Queens County; New York,1360.0
36081012601,Census Tract 126.01; Queens County; New York,2787.0
36081012602,Census Tract 126.02; Queens County; New York,2215.0
36081012800,Census Tract 128; Queens County; New York,2129.0
36081013000,Census Tract 130; Queens County; New York,1829.0
36081013200,Census Tract 132; Queens County; New York,1960.0
36081013400,Census Tract 134; Queens County; New York,5802.0
36081013500,Census Tract 135; Queens County; New York,1332.0
36081013600,Census Tract 136; Queens County; New York,1981.0
36081013700,Census Tract 137; Queens County; New York,1874.0
36081013800,Census Tract 138; Queens County; New York,4018.0
36081014000,Census Tract 140; Queens County; New York,4409.0
36081014100,Census Tract 141; Queens County; New York,1613.0
36081014201,Census Tract 142.01; Queens County; New York,4388.0
36081014202,Census Tract 142.02; Queens County; New York,2755.0
36081014300,Census Tract 143; Queens County; New York,3853.0
36081014400,Census Tract 144; Queens County; New York,1671.0
36081014500,Census Tract 145; Queens County; New York,2429.0
36081014700,Census Tract 147; Queens County; New York,3066.0
36081014800,Census Tract 148; Queens County; New York,2015.0
36081014900,Census Tract 149; Queens County; New York,2163.0
36081015000,Census Tract 150; Queens County; New York,2233.0
36081015100,Census Tract 151; Queens County; New York,2769.0
36081015200,Census Tract 152; Queens County; New York,2599.0
36081015300,Census Tract 153; Queens County; New York,1821.0
36081015400,Census Tract 154; Queens County; New York,2296.0
36081015500,Census Tract 155; Queens County; New York,2119.0
36081015600,Census Tract 156; Queens County; New York,3184.0
36081015700,Census Tract 157; Queens County; New York,1371.0
36081015801,Census Tract 158.01; Queens County; New York,3841.0
36081015802,Census Tract 158.02; Queens County; New York,5464.0
36081015900,Census Tract 159; Queens County; New York,3699.0
36081016100,Census Tract 161; Queens County; New York,2028.0
36081016300,Census Tract 163; Queens County; New York,3956.0
36081016400,Census Tract 164; Queens County; New York,3180.0
36081016600,Census Tract 166; Queens County; New York,4015.0
36081016800,Census Tract 168; Queens County; New York,2923.0
36081016900,Census Tract 169; Queens County; New York,5859.0
36081017000,Census Tract 170; Queens County; New York,2738.0
36081017101,Census Tract 171.01; Queens County; New York,0.0
36081017102,Census Tract 171.02; Queens County; New York,344.0
36081017200,Census Tract 172; Queens County; New York,2355.0
36081017400,Census Tract 174; Queens County; New York,2805.0
36081017600,Census Tract 176; Queens County; New York,2302.0
36081017800,Census Tract 178; Queens County; New York,2086.0
36081017901,Census Tract 179.01; Queens County; New York,1045.0
36081017902,Census Tract 179.02; Queens County; New York,69.0
36081018000,Census Tract 180; Queens County; New York,1652.0
36081018101,Census Tract 181.01; Queens County; New York,3532.0
36081018102,Census Tract 181.02; Queens County; New York,3680.0
36081018200,Census Tract 182; Queens County; New York,2613.0
36081018300,Census Tract 183; Queens County; New York,5058.0
36081018401,Census Tract 184.01; Queens County; New York,2089.0
36081018402,Census Tract 184.02; Queens County; New York,2855.0
36081018501,Census Tract 185.01; Queens County; New York,3696.0
36081018502,Census Tract 185.02; Queens County; New York,3071.0
36081018600,Census Tract 186; Queens County; New York,1886.0
36081018700,Census Tract 187; Queens County; New York,2760.0
36081018800,Census Tract 188; Queens County; New York,1356.0
36081018900,Census Tract 189; Queens County; New York,3106.0
36081019000,Census Tract 190; Queens County; New York,2736.0
36081019200,Census Tract 192; Queens County; New York,2214.0
36081019400,Census Tract 194; Queens County; New York,2977.0
36081019600,Census Tract 196; Queens County; New York,3175.0
36081019800,Census Tract 198; Queens County; New York,3189.0
36081019901,Census Tract 199.01; Queens County; New York,459.0
36081019902,Census Tract 199.02; Queens County; New York,181.0
36081019903,Census Tract 199.03; Queens County; New York,0.0
36081020200,Census Tract 202; Queens County; New York,1688.0
36081020400,Census Tract 204; Queens County; New York,1986.0
36081020500,Census Tract 205; Queens County; New York,1324.0
36081020600,Census Tract 206; Queens County; New York,1585.0
36081020800,Census Tract 208; Queens County; New York,4190.0
36081021200,Census Tract 212; Queens County; New York,2517.0
36081021400,Census Tract 214; Queens County; New York,5874.0
36081021601,Census Tract 216.01; Queens County; New York,2512.0
36081021602,Census Tract 216.02; Queens County; New York,1479.0
36081021603,Census Tract 216.03; Queens County; New York,0.0
36081021900,Census Tract 219; Queens County; New York,0.0
36081022001,Census Tract 220.01; Queens County; New York,6402.0
36081022002,Census Tract 220.02; Queens County; New York,6098.0
36081022900,Census Tract 229; Queens County; New York,0.0
36081023000,Census Tract 230; Queens County; New York,1848.0
36081023200,Census Tract 232; Queens County; New York,4896.0
36081023501,Census Tract 235.01; Queens County; New York,3614.0
36081023502,Census Tract 235.02; Queens County; New York,2739.0
36081023600,Census Tract 236; Queens County; New York,3594.0
36081023800,Census Tract 238; Queens County; New York,4502.0
36081024000,Census Tract 240; Queens County; New York,6558.0
36081024300,Census Tract 243; Queens County; New York,5607.0
36081024500,Census Tract 245; Queens County; New York,5102.0
36081024600,Census Tract 246; Queens County; New York,0.0
36081024700,Census Tract 247; Queens County; New York,1506.0
36081024900,Census Tract 249; Queens County; New York,5228.0
36081025100,Census Tract 251; Queens County; New York,5703.0
36081025301,Census Tract 253.01; Queens County; New York,3660.0
36081025302,Census Tract 253.02; Queens County; New York,3026.0
36081025401,Census Tract 254.01; Queens County; New York,3750.0
36081025402,Census Tract 254.02; Queens County; New York,6013.0
36081025500,Census Tract 255; Queens County; New York,1390.0
36081025700,Census Tract 257; Queens County; New York,1453.0
36081025800,Census Tract 258; Queens County; New York,2693.0
36081025900,Census Tract 259; Queens County; New York,3060.0
36081026000,Census Tract 260; Queens County; New York,2894.0
36081026100,Census Tract 261; Queens County; New York,7175.0
36081026200,Census Tract 262; Queens County; New York,1554.0
36081026300,Census Tract 263; Queens County; New York,4559.0
36081026400,Census Tract 264; Queens County; New York,2479.0
36081026501,Census Tract 265.01; Queens County; New York,3031.0
36081026502,Census Tract 265.02; Queens County; New York,1393.0
36081026600,Census Tract 266; Queens County; New York,1941.0
36081026700,Census Tract 267; Queens County; New York,5219.0
36081026901,Census Tract 269.01; Queens County; New York,4532.0
36081026902,Census Tract 269.02; Queens County; New York,4447.0
36081027000,Census Tract 270; Queens County; New York,1937.0
36081027101,Census Tract 271.01; Queens County; New York,5409.0
36081027102,Census Tract 271.02; Queens County; New York,2643.0
36081027200,Census Tract 272; Queens County; New York,1921.0
36081027301,Census Tract 273.01; Queens County; New York,3098.0
36081027302,Census Tract 273.02; Queens County; New York,3813.0
36081027400,Census Tract 274; Queens County; New York,1871.0
36081027500,Census Tract 275; Queens County; New York,6454.0
36081027600,Census Tract 276; Queens County; New York,1551.0
36081027701,Census Tract 277.01; Queens County; New York,3553.0
36081027702,Census Tract 277.02; Queens County; New York,3397.0
36081027800,Census Tract 278; Queens County; New York,2497.0
36081027900,Census Tract 279; Queens County; New York,8551.0
36081028000,Census Tract 280; Queens County; New York,1717.0
36081028100,Census Tract 281; Queens County; New York,6090.0
36081028200,Census Tract 282; Queens County; New York,2028.0
36081028300,Census Tract 283; Queens County; New York,7578.0
36081028400,Census Tract 284; Queens County; New York,3343.0
36081028500,Census Tract 285; Queens County; New York,4811.0
36081028700,Census Tract 287; Queens County; New York,6422.0
36081028801,Census Tract 288.01; Queens County; New York,2813.0
36081028802,Census Tract 288.02; Queens County; New York,2343.0
36081028803,Census Tract 288.03; Queens County; New York,0.0
36081028900,Census Tract 289; Queens County; New York,4859.0
36081029100,Census Tract 291; Queens County; New York,6259.0
36081029300,Census Tract 293; Queens County; New York,1214.0
36081029400,Census Tract 294; Queens County; New York,8578.0
36081029500,Census Tract 295; Queens County; New York,3527.0
36081029700,Census Tract 297; Queens County; New York,2391.0
36081029900,Census Tract 299; Queens County; New York,0.0
36081030600,Census Tract 306; Queens County; New York,5516.0
36081030903,Census Tract 309.03; Queens County; New York,5176.0
36081030904,Census Tract 309.04; Queens County; New York,2721.0
36081030905,Census Tract 309.05; Queens County; New York,3780.0
36081030906,Census Tract 309.06; Queens County; New York,4116.0
36081031700,Census Tract 317; Queens County; New York,5965.0
36081032000,Census Tract 320; Queens County; New York,5501.0
36081032700,Census Tract 327; Queens County; New York,3742.0
36081032800,Census Tract 328; Queens County; New York,2882.0
36081032900,Census Tract 329; Queens County; New York,3715.0
36081033000,Census Tract 330; Queens County; New York,6943.0
36081033100,Census Tract 331; Queens County; New York,0.0
36081033401,Census Tract 334.01; Queens County; New York,3928.0
36081033403,Census Tract 334.03; Queens County; New York,4328.0
36081033404,Census Tract 334.04; Queens County; New York,6091.0
36081033405,Census Tract 334.05; Queens County; New York,3643.0
36081033700,Census Tract 337; Queens County; New York,2791.0
36081033900,Census Tract 339; Queens County; New York,3166.0
36081034700,Census Tract 347; Queens County; New York,3976.0
36081035100,Census Tract 351; Queens County; New York,3598.0
36081035200,Census Tract 352; Queens County; New York,2833.0
36081035300,Census Tract 353; Queens County; New York,2143.0
36081035700,Census Tract 357; Queens County; New York,4448.0
36081035800,Census Tract 358; Queens County; New York,4547.0
36081036100,Census Tract 361; Queens County; New York,2608.0
36081036300,Census Tract 363; Queens County; New York,2033.0
36081036500,Census Tract 365; Queens County; New York,3289.0
36081036600,Census Tract 366; Queens County; New York,3131.0
36081036700,Census Tract 367; Queens County; New York,2935.0
36081036800,Census Tract 368; Queens County; New York,2918.0
36081037100,Census Tract 371; Queens County; New York,1526.0
36081037300,Census Tract 373; Queens County; New York,2420.0
36081037501,Census Tract 375.01; Queens County; New York,1487.0
36081037502,Census Tract 375.02; Queens County; New York,2669.0
36081037600,Census Tract 376; Queens County; New York,6883.0
36081037700,Census Tract 377; Queens County; New York,3567.0
36081037900,Census Tract 379; Queens County; New York,5841.0
36081038100,Census Tract 381; Queens County; New York,6999.0
36081038301,Census Tract 383.01; Queens County; New York,0.0
36081038302,Census Tract 383.02; Queens County; New York,0.0
36081038400,Census Tract 384; Queens County; New York,2634.0
36081039400,Census Tract 394; Queens County; New York,3289.0
36081039800,Census Tract 398; Queens County; New York,1485.0
36081039901,Census Tract 399.01; Queens County; New York,2504.0
36081039902,Census Tract 399.02; Queens County; New York,1982.0
36081040000,Census Tract 400; Queens County; New York,1410.0
36081040101,Census Tract 401.01; Queens County; New York,2251.0
36081040102,Census Tract 401.02; Queens County; New York,3966.0
36081040200,Census Tract 402; Queens County; New York,1557.0
36081040301,Census Tract 403.01; Queens County; New York,2603.0
36081040302,Census Tract 403.02; Queens County; New York,4409.0
36081040400,Census Tract 404; Queens County; New York,3671.0
36081040501,Census Tract 405.01; Queens County; New York,964.0
36081040502,Census Tract 405.02; Queens County; New York,1686.0
36081040701,Census Tract 407.01; Queens County; New York,3181.0
36081040702,Census Tract 407.02; Queens County; New York,4430.0
36081040901,Census Tract 409.01; Queens County; New York,1818.0
36081040902,Census Tract 409.02; Queens County; New York,2972.0
36081041100,Census Tract 411; Queens County; New York,4250.0
36081041300,Census Tract 413; Queens County; New York,4596.0
36081041400,Census Tract 414; Queens County; New York,4561.0
36081041500,Census Tract 415; Queens County; New York,3999.0
36081042400,Census Tract 424; Queens County; New York,2652.0
36081042600,Census Tract 426; Queens County; New York,445.0
36081042700,Census Tract 427; Queens County; New York,4260.0
36081043200,Census Tract 432; Queens County; New York,1200.0
36081043400,Census Tract 434; Queens County; New York,1962.0
36081043701,Census Tract 437.01; Queens County; New York,3468.0
36081043702,Census Tract 437.02; Queens County; New York,5982.0
36081043900,Census Tract 439; Queens County; New York,4150.0
36081044000,Census Tract 440; Queens County; New York,3824.0
36081044301,Census Tract 443.01; Queens County; New York,4217.0
36081044302,Census Tract 443.02; Queens County; New York,4864.0
36081044400,Census Tract 444; Queens County; New York,4178.0
36081044601,Census Tract 446.01; Queens County; New York,3779.0
36081044602,Census Tract 446.02; Queens County; New York,4774.0
36081044800,Census Tract 448; Queens County; New York,2871.0
36081045000,Census Tract 450; Queens County; New York,2088.0
36081045200,Census Tract 452; Queens County; New York,911.0
36081045400,Census Tract 454; Queens County; New York,4950.0
36081045500,Census Tract 455; Queens County; New York,12747.0
36081045600,Census Tract 456; Queens County; New York,1183.0
36081045700,Census Tract 457; Queens County; New York,3185.0
36081045800,Census Tract 458; Queens County; New York,2347.0
36081045900,Census Tract 459; Queens County; New York,3480.0
36081046000,Census Tract 460; Queens County; New York,6027.0
36081046100,Census Tract 461; Queens County; New York,2739.0
36081046200,Census Tract 462; Queens County; New York,6102.0
36081046300,Census Tract 463; Queens County; New York,4020.0
36081046400,Census Tract 464; Queens County; New York,1998.0
36081046500,Census Tract 465; Queens County; New York,4147.0
36081046600,Census Tract 466; Queens County; New York,4066.0
36081046700,Census Tract 467; Queens County; New York,6774.0
36081046800,Census Tract 468; Queens County; New York,3763.0
36081046901,Census Tract 469.01; Queens County; New York,4691.0
36081046902,Census Tract 469.02; Queens County; New York,3177.0
36081047000,Census Tract 470; Queens County; New York,3187.0
36081047100,Census Tract 471; Queens County; New York,4244.0
36081047200,Census Tract 472; Queens County; New York,3655.0
36081047300,Census Tract 473; Queens County; New York,4242.0
36081047500,Census Tract 475; Queens County; New York,5006.0
36081047600,Census Tract 476; Queens County; New York,1604.0
36081047801,Census Tract 478.01; Queens County; New York,4075.0
36081047802,Census Tract 478.02; Queens County; New York,1422.0
36081047900,Census Tract 479; Queens County; New York,6032.0
36081048000,Census Tract 480; Queens County; New York,2370.0
36081048100,Census Tract 481; Queens County; New York,6551.0
36081048200,Census Tract 482; Queens County; New York,1311.0
36081048301,Census Tract 483.01; Queens County; New York,2061.0
36081048302,Census Tract 483.02; Queens County; New York,1719.0
36081048400,Census Tract 484; Queens County; New York,4942.0
36081048500,Census Tract 485; Queens County; New York,5205.0
36081048900,Census Tract 489; Queens County; New York,1838.0
36081049201,Census Tract 492.01; Queens County; New York,2545.0
36081049202,Census Tract 492.02; Queens County; New York,2338.0
36081049301,Census Tract 493.01; Queens County; New York,2306.0
36081049302,Census Tract 493.02; Queens County; New York,3320.0
36081049500,Census Tract 495; Queens County; New York,1272.0
36081049600,Census Tract 496; Queens County; New York,3040.0
36081049700,Census Tract 497; Queens County; New York,2693.0
36081049900,Census Tract 499; Queens County; New York,5121.0
36081050000,Census Tract 500; Queens County; New York,4434.0
36081050201,Census Tract 502.01; Queens County; New York,1358.0
36081050202,Census Tract 502.02; Queens County; New York,1398.0
36081050400,Census Tract 504; Queens County; New York,1733.0
36081050500,Census Tract 505; Queens County; New York,1749.0
36081050600,Census Tract 506; Queens County; New York,1504.0
36081050700,Census Tract 507; Queens County; New York,3305.0
36081050800,Census Tract 508; Queens County; New York,2035.0
36081051000,Census Tract 510; Queens County; New York,1490.0
36081051100,Census Tract 511; Queens County; New York,2494.0
36081051200,Census Tract 512; Queens County; New York,2683.0
36081051300,Census Tract 513; Queens County; New York,2621.0
36081051500,Census Tract 515; Queens County; New York,3062.0
36081051600,Census Tract 516; Queens County; New York,2161.0
36081051700,Census Tract 517; Queens County; New York,2068.0
36081051800,Census Tract 518; Queens County; New York,2186.0
36081052000,Census Tract 520; Queens County; New York,1753.0
36081052100,Census Tract 521; Queens County; New York,1841.0
36081052200,Census Tract 522; Queens County; New York,2233.0
36081052400,Census Tract 524; Queens County; New York,2150.0
36081052500,Census Tract 525; Queens County; New York,2152.0
36081052600,Census Tract 526; Queens County; New York,2352.0
36081052800,Census Tract 528; Queens County; New York,1577.0
36081053000,Census Tract 530; Queens County; New York,2510.0
36081053100,Census Tract 531; Queens County; New York,3244.0
36081053200,Census Tract 532; Queens County; New York,2163.0
36081053401,Census Tract 534.01; Queens County; New York,1968.0
36081053501,Census Tract 535.01; Queens County; New York,1162.0
36081053502,Census Tract 535.02; Queens County; New York,0.0
36081053601,Census Tract 536.01; Queens County; New York,1761.0
36081053800,Census Tract 538; Queens County; New York,1714.0
36081053901,Census Tract 539.01; Queens County; New York,4129.0
36081053902,Census Tract 539.02; Queens County; New York,27.0
36081054000,Census Tract 540; Queens County; New York,4325.0
36081054200,Census Tract 542; Queens County; New York,5520.0
36081054500,Census Tract 545; Queens County; New York,3675.0
36081054700,Census Tract 547; Queens County; New York,5210.0
36081054800,Census Tract 548; Queens County; New York,2382.0
36081054900,Census Tract 549; Queens County; New York,5287.0
36081055100,Census Tract 551; Queens County; New York,4363.0
36081055200,Census Tract 552; Queens County; New York,2913.0
36081055300,Census Tract 553; Queens County; New York,2911.0
36081055400,Census Tract 554; Queens County; New York,2599.0
36081055500,Census Tract 555; Queens County; New York,2295.0
36081055600,Census Tract 556; Queens County; New York,2233.0
36081055700,Census Tract 557; Queens County; New York,3386.0
36081055800,Census Tract 558; Queens County; New York,1649.0
36081055900,Census Tract 559; Queens County; New York,1129.0
36081056000,Census Tract 560; Queens County; New York,1695.0
36081056100,Census Tract 561; Queens County; New York,12.0
36081056200,Census Tract 562; Queens County; New York,1399.0
36081056400,Census Tract 564; Queens County; New York,1580.0
36081056500,Census Tract 565; Queens County; New York,1850.0
36081056600,Census Tract 566; Queens County; New York,1546.0
36081056700,Census Tract 567; Queens County; New York,4601.0
36081056800,Census Tract 568; Queens County; New York,4373.0
36081057700,Census Tract 577; Queens County; New York,3926.0
36081057900,Census Tract 579; Queens County; New York,1671.0
36081058000,Census Tract 580; Queens County; New York,4287.0
36081058100,Census Tract 581; Queens County; New York,2779.0
36081058200,Census Tract 582; Queens County; New York,5141.0
36081058300,Census Tract 583; Queens County; New York,3495.0
36081058500,Census Tract 585; Queens County; New York,4010.0
36081058700,Census Tract 587; Queens County; New York,3486.0
36081058900,Census Tract 589; Queens County; New York,4618.0
36081059000,Census Tract 590; Queens County; New York,1258.0
36081059100,Census Tract 591; Queens County; New York,4799.0
36081059200,Census Tract 592; Queens County; New York,1240.0
36081059300,Census Tract 593; Queens County; New York,4040.0
36081059400,Census Tract 594; Queens County; New York,1667.0
36081059501,Census Tract 595.01; Queens County; New York,1903.0
36081059502,Census Tract 595.02; Queens County; New York,2676.0
36081059600,Census Tract 596; Queens County; New York,1674.0
36081059800,Census Tract 598; Queens County; New York,1691.0
36081059900,Census Tract 599; Queens County; New York,1493.0
36081060000,Census Tract 600; Queens County; New York,1132.0
36081060100,Census Tract 601; Queens County; New York,2084.0
36081060300,Census Tract 603; Queens County; New York,1924.0
36081060600,Census Tract 606; Queens County; New York,1176.0
36081060701,Census Tract 607.01; Queens County; New York,0.0
36081060800,Census Tract 608; Queens County; New York,1592.0
36081061000,Census Tract 610; Queens County; New York,1318.0
36081061200,Census Tract 612; Queens County; New York,1839.0
36081061301,Census Tract 613.01; Queens County; New York,5205.0
36081061302,Census Tract 613.02; Queens County; New York,0.0
36081061400,Census Tract 614; Queens County; New York,1357.0
36081061601,Census Tract 616.01; Queens County; New York,2257.0
36081061602,Census Tract 616.02; Queens County; New York,968.0
36081061800,Census Tract 618; Queens County; New York,2037.0
36081061900,Census Tract 619; Queens County; New York,3046.0
36081062000,Census Tract 620; Queens County; New York,1545.0
36081062100,Census Tract 621; Queens County; New York,2667.0
36081062200,Census Tract 622; Queens County; New York,2069.0
36081062300,Census Tract 623; Queens County; New York,2111.0
36081062400,Census Tract 624; Queens County; New York,0.0
36081062500,Census Tract 625; Queens County; New York,2637.0
36081062600,Census Tract 626; Queens County; New York,3298.0
36081062700,Census Tract 627; Queens County; New York,2831.0
36081062900,Census Tract 629; Queens County; New York,3289.0
36081063000,Census Tract 630; Queens County; New York,1614.0
36081063200,Census Tract 632; Queens County; New York,2499.0
36081063301,Census Tract 633.01; Queens County; New York,1584.0
36081063302,Census Tract 633.02; Queens County; New York,1862.0
36081063500,Census Tract 635; Queens County; New York,2655.0
36081063700,Census Tract 637; Queens County; New York,3455.0
36081063800,Census Tract 638; Queens County; New York,3893.0
36081063900,Census Tract 639; Queens County; New York,3113.0
36081064101,Census Tract 641.01; Queens County; New York,2328.0
36081064102,Census Tract 641.02; Queens County; New York,0.0
36081064500,Census Tract 645; Queens County; New York,2016.0
36081064600,Census Tract 646; Queens County; New York,3076.0
36081065000,Census Tract 650; Queens County; New York,2862.0
36081065401,Census Tract 654.01; Queens County; New York,3098.0
36081065402,Census Tract 654.02; Queens County; New York,0.0
36081065501,Census Tract 655.01; Queens County; New York,0.0
36081065600,Census Tract 656; Queens County; New York,5282.0
36081065702,Census Tract 657.02; Queens County; New York,1264.0
36081065703,Census Tract 657.03; Queens County; New York,3229.0
36081065900,Census Tract 659; Queens County; New York,1974.0
36081066000,Census Tract 660; Queens County; New York,3564.0
36081066100,Census Tract 661; Queens County; New York,1573.0
36081066301,Census Tract 663.01; Queens County; New York,2712.0
36081066302,Census Tract 663.02; Queens County; New York,0.0
36081066401,Census Tract 664.01; Queens County; New York,2241.0
36081066402,Census Tract 664.02; Queens County; New York,3525.0
36081066403,Census Tract 664.03; Queens County; New York,5738.0
36081066404,Census Tract 664.04; Queens County; New York,0.0
36081066501,Census Tract 665.01; Queens County; New York,4003.0
36081066701,Census Tract 667.01; Queens County; New York,2576.0
36081066900,Census Tract 669; Queens County; New York,1692.0
36081067100,Census Tract 671; Queens County; New York,2339.0
36081067700,Census Tract 677; Queens County; New York,1893.0
36081067900,Census Tract 679; Queens County; New York,4303.0
36081068000,Census Tract 680; Queens County; New York,5594.0
36081068200,Census Tract 682; Queens County; New York,1091.0
36081068300,Census Tract 683; Queens County; New York,4059.0
36081068700,Census Tract 687; Queens County; New York,4405.0
36081069000,Census Tract 690; Queens County; New York,3756.0
36081069300,Census Tract 693; Queens County; New York,2902.0
36081069400,Census Tract 694; Queens County; New York,4091.0
36081069500,Census Tract 695; Queens County; New York,2363.0
36081069701,Census Tract 697.01; Queens County; New York,4054.0
36081069702,Census Tract 697.02; Queens County; New York,4269.0
36081070300,Census Tract 703; Queens County; New York,2324.0
36081070700,Census Tract 707; Queens County; New York,2504.0
36081070900,Census Tract 709; Queens County; New York,2765.0
36081071100,Census Tract 711; Queens County; New York,5759.0
36081071303,Census Tract 713.03; Queens County; New York,5303.0
36081071304,Census Tract 713.04; Queens County; New York,6352.0
36081071305,Census Tract 713.05; Queens County; New York,6007.0
36081071306,Census Tract 713.06; Queens County; New York,7192.0
36081071600,Census Tract 716; Queens County; New York,0.0
36081071701,Census Tract 717.01; Queens County; New York,4979.0
36081071702,Census Tract 717.02; Queens County; New York,4448.0
36081071900,Census Tract 719; Queens County; New York,3299.0
36081072100,Census Tract 721; Queens County; New York,5595.0
36081072300,Census Tract 723; Queens County; New York,2270.0
36081072900,Census Tract 729; Queens County; New York,1406.0
36081073100,Census Tract 731; Queens County; New York,1724.0
36081073700,Census Tract 737; Queens County; New York,2088.0
36081073900,Census Tract 739; Queens County; New York,5420.0
36081074100,Census Tract 741; Queens County; New York,3102.0
36081074300,Census Tract 743; Queens County; New York,3953.0
36081074500,Census Tract 745; Queens County; New York,4275.0
36081074700,Census Tract 747; Queens County; New York,3681.0
36081074900,Census Tract 749; Queens County; New York,1620.0
36081075701,Census Tract 757.01; Queens County; New York,5031.0
36081075702,Census Tract 757.02; Queens County; New York,5237.0
36081076901,Census Tract 769.01; Queens County; New York,5452.0
36081076902,Census Tract 769.02; Queens County; New York,1570.0
36081077300,Census Tract 773; Queens County; New York,2203.0
36081077500,Census Tract 775; Queens County; New York,2144.0
36081077902,Census Tract 779.02; Queens County; New York,5643.0
36081077903,Census Tract 779.03; Queens County; New York,3410.0
36081077904,Census Tract 779.04; Queens County; New York,5096.0
36081077905,Census Tract 779.05; Queens County; New York,3284.0
36081077906,Census Tract 779.06; Queens County; New York,3946.0
36081077907,Census Tract 779.07; Queens County; New York,3294.0
36081077908,Census Tract 779.08; Queens County; New York,3061.0
36081078800,Census Tract 788; Queens County; New York,2183.0
36081079000,Census Tract 790; Queens County; New York,3137.0
36081079200,Census Tract 792; Queens County; New York,2732.0
36081079300,Census Tract 793; Queens County; New York,0.0
36081079701,Census Tract 797.01; Queens County; New York,6565.0
36081079702,Census Tract 797.02; Queens County; New York,3627.0
36081079900,Census Tract 799; Queens County; New York,3151.0
36081080301,Census Tract 803.01; Queens County; New York,3964.0
36081080302,Census Tract 803.02; Queens County; New York,3616.0
36081080900,Census Tract 809; Queens County; New York,7864.0
36081081400,Census Tract 814; Queens County; New York,3997.0
36081081800,Census Tract 818; Queens County; New York,3739.0
36081083700,Census Tract 837; Queens County; New York,5254.0
36081083800,Census Tract 838; Queens County; New York,5291.0
36081084000,Census Tract 840; Queens County; New York,6942.0
36081084500,Census Tract 845; Queens County; New York,4460.0
36081084601,Census Tract 846.01; Queens County; New York,2687.0
36081084602,Census Tract 846.02; Queens County; New York,1600.0
36081084901,Census Tract 849.01; Queens County; New York,3038.0
36081084902,Census Tract 849.02; Queens County; New York,3774.0
36081085300,Census Tract 853; Queens County; New York,4828.0
36081085500,Census Tract 855; Queens County; New York,5807.0
36081085700,Census Tract 857; Queens County; New York,5814.0
36081085900,Census Tract 859; Queens County; New York,5586.0
36081086100,Census Tract 861; Queens County; New York,2007.0
36081086300,Census Tract 863; Queens County; New York,7479.0
36081086400,Census Tract 864; Queens County; New York,2884.0
36081086500,Census Tract 865; Queens County; New York,4679.0
36081086900,Census Tract 869; Queens County; New York,1980.0
36081087100,Census Tract 871; Queens County; New York,5400.0
36081088400,Census Tract 884; Queens County; New York,8995.0
36081088902,Census Tract 889.02; Queens County; New York,6357.0
36081088903,Census Tract 889.03; Queens County; New York,4707.0
36081089201,Census Tract 892.01; Queens County; New York,9116.0
36081089202,Census Tract 892.02; Queens County; New York,0.0
36081090700,Census Tract 907; Queens County; New York,1533.0
36081091602,Census Tract 916.02; Queens County; New York,16.0
36081091603,Census Tract 916.03; Queens County; New York,4413.0
36081091604,Census Tract 916.04; Queens County; New York,0.0
36081091800,Census Tract 918; Queens County; New York,8.0
36081091900,Census Tract 919; Queens County; New York,5235.0
36081092200,Census Tract 922; Queens County; New York,2338.0
36081092500,Census Tract 925; Queens County; New York,3799.0
36081092800,Census Tract 928; Queens County; New York,3341.0
36081092900,Census Tract 929; Queens County; New York,7003.0
36081093401,Census Tract 934.01; Queens County; New York,4231.0
36081093402,Census Tract 934.02; Queens County; New York,4165.0
36081093800,Census Tract 938; Queens County; New York,5001.0
36081093900,Census Tract 939; Queens County; New York,5819.0
36081094201,Census Tract 942.01; Queens County; New York,3533.0
36081094202,Census Tract 942.02; Queens County; New York,5623.0
36081094203,Census Tract 942.03; Queens County; New York,5730.0
36081094500,Census Tract 945; Queens County; New York,3958.0
36081094700,Census Tract 947; Queens County; New York,2773.0
36081095400,Census Tract 954; Queens County; New York,7184.0
36081096400,Census Tract 964; Queens County; New York,6865.0
36081097202,Census Tract 972.02; Queens County; New York,3479.0
36081097204,Census Tract 972.04; Queens County; New York,4254.0
36081097205,Census Tract 972.05; Queens County; New York,3318.0
36081097206,Census Tract 972.06; Queens County; New York,2635.0
36081097207,Census Tract 972.07; Queens County; New York,0.0
36081097300,Census Tract 973; Queens County; New York,2116.0
36081098100,Census Tract 981; Queens County; New York,2486.0
36081098700,Census Tract 987; Queens County; New York,2591.0
36081099100,Census Tract 991; Queens County; New York,7613.0
36081099200,Census Tract 992; Queens County; New York,4359.0
36081099701,Census Tract 997.01; Queens County; New York,2507.0
36081099703,Census Tract 997.03; Queens County; New York,3931.0
36081099704,Census Tract 997.04; Queens County; New York,7118.0
36081099705,Census Tract 997.05; Queens County; New York,2813.0
36081099801,Census Tract 998.01; Queens County; New York,9023.0
36081099802,Census Tract 998.02; Queens County; New York,5375.0
36081099900,Census Tract 999; Queens County; New York,0.0
36081100801,Census Tract 1008.01; Queens County; New York,2911.0
36081100803,Census Tract 1008.03; Queens County; New York,4732.0
36081100804,Census Tract 1008.04; Queens County; New York,5308.0
36081101002,Census Tract 1010.02; Queens County; New York,6112.0
36081101003,Census Tract 1010.03; Queens County; New York,4533.0
36081101004,Census Tract 1010.04; Queens County; New York,6314.0
36081101700,Census Tract 1017; Queens County; New York,6826.0
36081102900,Census Tract 1029; Queens County; New York,3814.0
36081103201,Census Tract 1032.01; Queens County; New York,6296.0
36081103202,Census Tract 1032.02; Queens County; New York,7864.0
36081103300,Census Tract 1033; Queens County; New York,4387.0
36081103900,Census Tract 1039; Queens County; New York,6540.0
36081104700,Census Tract 1047; Queens County; New York,6679.0
36081105900,Census Tract 1059; Queens County; New York,3641.0
36081107201,Census Tract 1072.01; Queens County; New York,2294.0
36081107202,Census Tract 1072.02; Queens County; New York,0.0
36081108500,Census Tract 1085; Queens County; New York,2795.0
36081109300,Census Tract 1093; Queens County; New York,2899.0
36081109700,Census Tract 1097; Queens County; New York,1900.0
36081109900,Census Tract 1099; Queens County; New York,3398.0
36081111300,Census Tract 1113; Queens County; New York,2714.0
36081112300,Census Tract 1123; Queens County; New York,2341.0
36081112900,Census Tract 1129; Queens County; New York,2204.0
36081113300,Census Tract 1133; Queens County; New York,1428.0
36081113900,Census Tract 1139; Queens County; New York,4051.0
36081114100,Census Tract 1141; Queens County; New York,2458.0
36081114700,Census Tract 1147; Queens County; New York,1854.0
36081115100,Census Tract 1151; Queens County; New York,982.0
36081115500,Census Tract 1155; Queens County; New York,2189.0
36081115700,Census Tract 1157; Queens County; New York,3136.0
36081115900,Census Tract 1159; Queens County; New York,3888.0
36081116100,Census Tract 1161; Queens County; New York,3624.0
36081116301,Census Tract 1163.01; Queens County; New York,4331.0
36081116302,Census Tract 1163.02; Queens County; New York,3687.0
36081116700,Census Tract 1167; Queens County; New York,1892.0
36081117100,Census Tract 1171; Queens County; New York,2525.0
36081117500,Census Tract 1175; Queens County; New York,4464.0
36081118100,Census Tract 1181; Queens County; New York,1952.0
36081118500,Census Tract 1185; Queens County; New York,1999.0
36081118700,Census Tract 1187; Queens County; New York,2507.0
36081118900,Census Tract 1189; Queens County; New York,2100.0
36081119100,Census Tract 1191; Queens County; New York,3222.0
36081119300,Census Tract 1193; Queens County; New York,2534.0
36081119500,Census Tract 1195; Queens County; New York,1363.0
36081119900,Census Tract 1199; Queens County; New York,1681.0
36081120100,Census Tract 1201; Queens County; New York,1546.0
36081120300,Census Tract 1203; Queens County; New York,1551.0
36081120500,Census Tract 1205; Queens County; New York,2669.0
36081120701,Census Tract 1207.01; Queens County; New York,3132.0
36081120702,Census Tract 1207.02; Queens County; New York,0.0
36081121100,Census Tract 1211; Queens County; New York,0.0
36081121500,Census Tract 1215; Queens County; New York,4420.0
36081122300,Census Tract 1223; Queens County; New York,3166.0
36081122702,Census Tract 1227.02; Queens County; New York,6209.0
36081122703,Census Tract 1227.03; Queens County; New York,5896.0
36081122704,Census Tract 1227.04; Queens County; New York,5015.0
36081124100,Census Tract 1241; Queens County; New York,3822.0
36081124700,Census Tract 1247; Queens County; New York,3911.0
36081125700,Census Tract 1257; Queens County; New York,3162.0
36081126500,Census Tract 1265; Queens County; New York,2085.0
36081126700,Census Tract 1267; Queens County; New York,4332.0
36081127700,Census Tract 1277; Queens County; New York,2980.0
36081128300,Census Tract 1283; Queens County; New York,0.0
36081129102,Census Tract 1291.02; Queens County; New York,3807.0
36081129103,Census Tract 1291.03; Queens County; New York,4179.0
36081129104,Census Tract 1291.04; Queens County; New York,4192.0
36081130100,Census Tract 1301; Queens County; New York,4044.0
36081133300,Census Tract 1333; Queens County; New York,3886.0
36081133900,Census Tract 1339; Queens County; New York,1429.0
36081134100,Census Tract 1341; Queens County; New York,2857.0
36081134701,Census Tract 1347.01; Queens County; New York,4809.0
36081134702,Census Tract 1347.02; Queens County; New York,4532.0
36081136700,Census Tract 1367; Queens County; New York,5903.0
36081137700,Census Tract 1377; Queens County; New York,6759.0
36081138501,Census Tract 1385.01; Queens County; New York,4189.0
36081138502,Census Tract 1385.02; Queens County; New York,92.0
36081139900,Census Tract 1399; Queens County; New York,1547.0
36081140300,Census Tract 1403; Queens County; New York,2214.0
36081140901,Census Tract 1409.01; Queens County; New York,930.0
36081140902,Census Tract 1409.02; Queens County; New York,2505.0
36081141700,Census Tract 1417; Queens County; New York,4300.0
36081142900,Census Tract 1429; Queens County; New York,3678.0
36081143500,Census Tract 1435; Queens County; New York,2343.0
36081144100,Census Tract 1441; Queens County; New York,3002.0
36081144700,Census Tract 1447; Queens County; New York,3470.0
36081145101,Census Tract 1451.01; Queens County; New York,1103.0
36081145102,Census Tract 1451.02; Queens County; New York,2361.0
36081145900,Census Tract 1459; Queens County; New York,2781.0
36081146300,Census Tract 1463; Queens County; New York,2934.0
36081146700,Census Tract 1467; Queens County; New York,2762.0
36081147100,Census Tract 1471; Queens County; New York,3810.0
36081147900,Census Tract 1479; Queens County; New York,4249.0
36081148300,Census Tract 1483; Queens County; New York,2974.0
36081150701,Census Tract 1507.01; Queens County; New York,3123.0
36081150702,Census Tract 1507.02; Queens County; New York,3134.0
36081152901,Census Tract 1529.01; Queens County; New York,5613.0
36081152902,Census Tract 1529.02; Queens County; New York,6530.0
36081155101,Census Tract 1551.01; Queens County; New York,2174.0
36081155103,Census Tract 1551.03; Queens County; New York,4328.0
36081155104,Census Tract 1551.04; Queens County; New York,3239.0
36081156700,Census Tract 1567; Queens County; New York,1751.0
36081157101,Census Tract 1571.01; Queens County; New York,8073.0
36081157102,Census Tract 1571.02; Queens County; New York,1840.0
36081157901,Census Tract 1579.01; Queens County; New York,5064.0
36081157902,Census Tract 1579.02; Queens County; New York,3681.0
36081157903,Census Tract 1579.03; Queens County; New York,3671.0
36081161700,Census Tract 1617; Queens County; New York,4843.0
36081162100,Census Tract 1621; Queens County; New York,6340.0
36081990100,Census Tract 9901; Queens County; New York,0.0
36085000300,Census Tract 3; Richmond County; New York,1889.0
36085000600,Census Tract 6; Richmond County; New York,2568.0
36085000700,Census Tract 7; Richmond County; New York,5482.0
36085000800,Census Tract 8; Richmond County; New York,5178.0
36085000900,Census Tract 9; Richmond County; New York,2209.0
36085001100,Census Tract 11; Richmond County; New York,4852.0
36085001700,Census Tract 17; Richmond County; New York,1638.0
36085001800,Census Tract 18; Richmond County; New York,449.0
36085002001,Census Tract 20.01; Richmond County; New York,2904.0
36085002002,Census Tract 20.02; Richmond County; New York,2727.0
36085002100,Census Tract 21; Richmond County; New York,5623.0
36085002700,Census Tract 27; Richmond County; New York,2627.0
36085002900,Census Tract 29; Richmond County; New York,5495.0
36085003300,Census Tract 33; Richmond County; New York,3821.0
36085003600,Census Tract 36; Richmond County; New York,2615.0
36085003900,Census Tract 39; Richmond County; New York,2215.0
36085004001,Census Tract 40.01; Richmond County; New York,2787.0
36085004002,Census Tract 40.02; Richmond County; New York,2411.0
36085004003,Census Tract 40.03; Richmond County; New York,3517.0
36085004004,Census Tract 40.04; Richmond County; New York,3834.0
36085004700,Census Tract 47; Richmond County; New York,2941.0
36085005000,Census Tract 50; Richmond County; New York,4669.0
36085005901,Census Tract 59.01; Richmond County; New York,3062.0
36085005902,Census Tract 59.02; Richmond County; New York,0.0
36085006400,Census Tract 64; Richmond County; New York,3425.0
36085006700,Census Tract 67; Richmond County; New York,3069.0
36085007001,Census Tract 70.01; Richmond County; New York,2739.0
36085007002,Census Tract 70.02; Richmond County; New York,5914.0
36085007400,Census Tract 74; Richmond County; New York,4854.0
36085007500,Census Tract 75; Richmond County; New York,3150.0
36085007700,Census Tract 77; Richmond County; New York,1793.0
36085008100,Census Tract 81; Richmond County; New York,4784.0
36085009601,Census Tract 96.01; Richmond County; New York,4326.0
36085009602,Census Tract 96.02; Richmond County; New York,3800.0
36085009701,Census Tract 97.01; Richmond County; New York,4523.0
36085009702,Census Tract 97.02; Richmond County; New York,40.0
36085010500,Census Tract 105; Richmond County; New York,5637.0
36085011201,Census Tract 112.01; Richmond County; New York,5411.0
36085011203,Census Tract 112.03; Richmond County; New York,7029.0
36085011204,Census Tract 112.04; Richmond County; New York,75.0
36085011401,Census Tract 114.01; Richmond County; New York,2918.0
36085011402,Census Tract 114.02; Richmond County; New York,3192.0
36085012100,Census Tract 121; Richmond County; New York,3134.0
36085012200,Census Tract 122; Richmond County; New York,4783.0
36085012500,Census Tract 125; Richmond County; New York,3229.0
36085012804,Census Tract 128.04; Richmond County; New York,4820.0
36085012805,Census Tract 128.05; Richmond County; New York,2384.0
36085012806,Census Tract 128.06; Richmond County; New York,6075.0
36085013201,Census Tract 132.01; Richmond County; New York,1657.0
36085013203,Census Tract 132.03; Richmond County; New York,7305.0
36085013204,Census Tract 132.04; Richmond County; New York,4948.0
36085013301,Census Tract 133.01; Richmond County; New York,1176.0
36085013302,Census Tract 133.02; Richmond County; New York,3216.0
36085013400,Census Tract 134; Richmond County; New York,3868.0
36085013800,Census Tract 138; Richmond County; New York,6090.0
36085014100,Census Tract 141; Richmond County; New York,2554.0
36085014604,Census Tract 146.04; Richmond County; New York,7039.0
36085014605,Census Tract 146.05; Richmond County; New York,3724.0
36085014606,Census Tract 146.06; Richmond County; New York,6450.0
36085014607,Census Tract 146.07; Richmond County; New York,4754.0
36085014608,Census Tract 146.08; Richmond County; New York,3592.0
36085014700,Census Tract 147; Richmond County; New York,3367.0
36085015100,Census Tract 151; Richmond County; New York,5070.0
36085015400,Census Tract 154; Richmond County; New York,0.0
36085015601,Census Tract 156.01; Richmond County; New York,6214.0
36085015602,Census Tract 156.02; Richmond County; New York,3650.0
36085015603,Census Tract 156.03; Richmond County; New York,5417.0
36085016901,Census Tract 169.01; Richmond County; New York,3586.0
36085017005,Census Tract 170.05; Richmond County; New York,4526.0
36085017007,Census Tract 170.07; Richmond County; New York,6346.0
36085017009,Census Tract 170.09; Richmond County; New York,4880.0
36085017011,Census Tract 170.11; Richmond County; New York,4745.0
36085017012,Census Tract 170.12; Richmond County; New York,5363.0
36085017013,Census Tract 170.13; Richmond County; New York,4617.0
36085017014,Census Tract 170.14; Richmond County; New York,4141.0
36085017015,Census Tract 170.15; Richmond County; New York,3167.0
36085017016,Census Tract 170.16; Richmond County; New York,4461.0
36085017300,Census Tract 173; Richmond County; New York,2791.0
36085017600,Census Tract 176; Richmond County; New York,5169.0
36085017701,Census Tract 177.01; Richmond County; New York,4246.0
36085017702,Census Tract 177.02; Richmond County; New York,2117.0
36085018100,Census Tract 181; Richmond County; New York,3599.0
36085018701,Census Tract 187.01; Richmond County; New York,1915.0
36085018703,Census Tract 187.03; Richmond County; New York,3835.0
36085018704,Census Tract 187.04; Richmond County; New York,4659.0
36085018901,Census Tract 189.01; Richmond County; New York,5814.0
36085018902,Census Tract 189.02; Richmond County; New York,5643.0
36085019700,Census Tract 197; Richmond County; New York,1975.0
36085019800,Census Tract 198; Richmond County; New York,7350.0
36085020100,Census Tract 201; Richmond County; New York,3356.0
36085020701,Census Tract 207.01; Richmond County; New York,3364.0
36085020702,Census Tract 207.02; Richmond County; New York,2928.0
36085020803,Census Tract 208.03; Richmond County; New York,7627.0
36085020804,Census Tract 208.04; Richmond County; New York,5124.0
36085020805,Census Tract 208.05; Richmond County; New York,6559.0
36085020806,Census Tract 208.06; Richmond County; New York,2533.0
36085021300,Census Tract 213; Richmond County; New York,5680.0
36085022300,Census Tract 223; Richmond County; New York,3263.0
36085022601,Census Tract 226.01; Richmond County; New York,7483.0
36085022602,Census Tract 226.02; Richmond County; New York,1373.0
36085022801,Census Tract 228.01; Richmond County; New York,37.0
36085022802,Census Tract 228.02; Richmond County; New York,0.0
36085023100,Census Tract 231; Richmond County; New York,4759.0
36085023900,Census Tract 239; Richmond County; New York,3108.0
36085024401,Census Tract 244.01; Richmond County; New York,6270.0
36085024402,Census Tract 244.02; Richmond County; New York,5013.0
36085024700,Census Tract 247; Richmond County; New York,2835.0
36085024800,Census Tract 248; Richmond County; New York,4769.0
36085025100,Census Tract 251; Richmond County; New York,6459.0
36085027301,Census Tract 273.01; Richmond County; New York,4494.0
36085027302,Census Tract 273.02; Richmond County; New York,4872.0
36085027702,Census Tract 277.02; Richmond County; New York,6161.0
36085027704,Census Tract 277.04; Richmond County; New York,5174.0
36085027705,Census Tract 277.05; Richmond County; New York,6119.0
36085027706,Census Tract 277.06; Richmond County; New York,3107.0
36085027900,Census Tract 279; Richmond County; New York,2148.0
36085029102,Census Tract 291.02; Richmond County; New York,3355.0
36085029104,Census Tract 291.04; Richmond County; New York,6879.0
36085029105,Census Tract 291.05; Richmond County; New York,4467.0
36085029106,Census Tract 291.06; Richmond County; New York,2845.0
36085030301,Census Tract 303.01; Richmond County; New York,5384.0
36085030302,Census Tract 303.02; Richmond County; New York,6123.0
36085031901,Census Tract 319.01; Richmond County; New York,3948.0
36085031902,Census Tract 319.02; Richmond County; New York,4657.0
36085032300,Census Tract 323; Richmond County; New York,1030.0
36085990100,Census Tract 9901; Richmond County; New York,0.0
