"address","addressCity","addressState","addressStreet","addressZipcode","area","availabilityDate","baths","beds","brokerName","carouselPhotosComposable/baseUrl","carouselPhotosComposable/communityBaseUrl","carouselPhotosComposable/communityPhotoData","carouselPhotosComposable/communityPhotoData/0/photoKey","carouselPhotosComposable/communityPhotoData/1/photoKey","carouselPhotosComposable/communityPhotoData/2/photoKey","carouselPhotosComposable/communityPhotoData/3/photoKey","carouselPhotosComposable/communityPhotoData/4/photoKey","carouselPhotosComposable/communityPhotoData/5/photoKey","carouselPhotosComposable/communityPhotoData/6/photoKey","carouselPhotosComposable/isStaticUrls","carouselPhotosComposable/photoData/0/photoKey","carouselPhotosComposable/photoData/1/photoKey","carouselPhotosComposable/photoData/2/photoKey","carouselPhotosComposable/photoData/3/photoKey","carouselPhotosComposable/photoData/4/photoKey","carouselPhotosComposable/photoData/5/photoKey","carouselPhotosComposable/photoData/6/photoKey","carouselPhotosComposable/photoData/7/photoKey","carouselPhotosComposable/photoData/8/photoKey","carouselPhotosComposable/photoData/9/photoKey","carouselPhotosComposable/photoData/10/photoKey","carouselPhotosComposable/photoData/11/photoKey","carouselPhotosComposable/photoData/12/photoKey","carouselPhotosComposable/photoData/13/photoKey","carouselPhotosComposable/photoData/14/photoKey","carouselPhotosComposable/photoData/15/photoKey","carouselPhotosComposable/photoData/16/photoKey","carouselPhotosComposable/photoData/17/photoKey","carouselPhotosComposable/photoData/18/photoKey","carouselPhotosComposable/photoData/19/photoKey","carouselPhotosComposable/photoData/20/photoKey","carouselPhotosComposable/photoData/21/photoKey","carouselPhotosComposable/photoData/22/photoKey","carouselPhotosComposable/photoData/23/photoKey","carouselPhotosComposable/photoData/24/photoKey","carouselPhotosComposable/photoData/25/photoKey","carouselPhotosComposable/photoData/26/photoKey","carouselPhotosComposable/photoData/27/photoKey","carouselPhotosComposable/photoData/28/photoKey","carouselPhotosComposable/photoData/29/photoKey","carouselPhotosComposable/photoData/30/photoKey","carouselPhotosComposable/photoData/31/photoKey","carouselPhotosComposable/photoData/32/photoKey","carouselPhotosComposable/photoData/33/photoKey","carouselPhotosComposable/photoData/34/photoKey","carouselPhotosComposable/photoData/35/photoKey","carouselPhotosComposable/photoData/36/photoKey","carouselPhotosComposable/photoData/37/photoKey","carouselPhotosComposable/photoData/38/photoKey","carouselPhotosComposable/photoData/39/photoKey","carouselPhotosComposable/photoData/40/photoKey","carouselPhotosComposable/photoData/41/photoKey","carouselPhotosComposable/photoData/42/photoKey","carouselPhotosComposable/photoData/43/photoKey","carouselPhotosComposable/photoData/44/photoKey","carouselPhotosComposable/photoData/45/photoKey","carouselPhotosComposable/photoData/46/photoKey","carouselPhotosComposable/photoData/47/photoKey","carouselPhotosComposable/photoData/48/photoKey","carouselPhotosComposable/photoData/49/photoKey","carouselPhotosComposable/photoData/50/photoKey","carouselPhotosComposable/photoData/51/photoKey","carouselPhotosComposable/photoData/52/photoKey","carouselPhotosComposable/photoData/53/photoKey","carouselPhotosComposable/photoData/54/photoKey","carouselPhotosComposable/photoData/55/photoKey","carouselPhotosComposable/photoData/56/photoKey","carouselPhotosComposable/photoData/57/photoKey","carouselPhotosComposable/photoData/58/photoKey","carouselPhotosComposable/photoData/59/photoKey","carouselPhotosComposable/photoData/60/photoKey","carouselPhotosComposable/photoData/61/photoKey","carouselPhotosComposable/photoData/62/photoKey","carouselPhotosComposable/photoData/63/photoKey","carouselPhotosComposable/photoData/64/photoKey","carouselPhotosComposable/photoData/65/photoKey","carouselPhotosComposable/photoData/66/photoKey","carouselPhotosComposable/photoData/67/photoKey","carouselPhotosComposable/photoData/68/photoKey","carouselPhotosComposable/photoData/69/photoKey","carouselPhotosComposable/photoData/70/photoKey","carouselPhotosComposable/photoData/71/photoKey","carouselPhotosComposable/photoData/72/photoKey","carouselPhotosComposable/photoData/73/photoKey","carouselPhotosComposable/photoData/74/photoKey","carouselPhotosComposable/photoData/75/photoKey","carouselPhotosComposable/photoData/76/photoKey","carouselPhotosComposable/photoData/77/photoKey","carouselPhotosComposable/photoData/78/photoKey","carouselPhotosComposable/photoData/79/photoKey","carouselPhotosComposable/photoData/80/photoKey","carouselPhotosComposable/photoData/81/photoKey","carouselPhotosComposable/photoData/82/photoKey","carouselPhotosComposable/photoData/83/photoKey","carouselPhotosComposable/photoData/84/photoKey","carouselPhotosComposable/photoData/85/photoKey","carouselPhotosComposable/photoData/86/photoKey","carouselPhotosComposable/photoData/87/photoKey","carouselPhotosComposable/photoData/88/photoKey","carouselPhotosComposable/photoData/89/photoKey","carouselPhotosComposable/photoData/90/photoKey","carouselPhotosComposable/photoData/91/photoKey","carouselPhotosComposable/photoData/92/photoKey","carouselPhotosComposable/photoData/93/photoKey","carouselPhotosComposable/photoData/94/photoKey","carouselPhotosComposable/photoData/95/photoKey","carouselPhotosComposable/photoData/96/photoKey","carouselPhotosComposable/photoData/97/photoKey","carouselPhotosComposable/photoData/98/photoKey","carouselPhotosComposable/photoData/99/photoKey","carouselPhotosComposable/photoData/100/photoKey","carouselPhotosComposable/photoData/101/photoKey","carouselPhotosComposable/photoData/102/photoKey","carouselPhotosComposable/photoData/103/photoKey","carouselPhotosComposable/photoData/104/photoKey","carouselPhotosComposable/photoData/105/photoKey","carouselPhotosComposable/photoData/106/photoKey","carouselPhotosComposable/photoData/107/photoKey","carouselPhotosComposable/photoData/108/photoKey","carouselPhotosComposable/photoData/109/photoKey","carouselPhotosComposable/photoData/110/photoKey","carouselPhotosComposable/photoData/111/photoKey","carouselPhotosComposable/photoData/112/photoKey","carouselPhotosComposable/photoData/113/photoKey","carouselPhotosComposable/photoData/114/photoKey","carouselPhotosComposable/photoData/115/photoKey","carouselPhotosComposable/photoData/116/photoKey","carouselPhotosComposable/photoData/117/photoKey","carouselPhotosComposable/photoData/118/photoKey","carouselPhotosComposable/photoData/119/photoKey","carouselPhotosComposable/photoData/120/photoKey","carouselPhotosComposable/photoData/121/photoKey","carouselPhotosComposable/photoData/122/photoKey","carouselPhotosComposable/photoData/123/photoKey","carouselPhotosComposable/photoData/124/photoKey","carouselPhotosComposable/photoData/125/photoKey","carouselPhotosComposable/photoData/126/photoKey","carouselPhotosComposable/photoData/127/photoKey","carouselPhotosComposable/photoData/128/photoKey","carouselPhotosComposable/photoData/129/photoKey","carouselPhotosComposable/photoData/130/photoKey","carouselPhotosComposable/photoData/131/photoKey","carouselPhotosComposable/photoData/132/photoKey","carouselPhotosComposable/photoData/133/photoKey","carouselPhotosComposable/photoData/134/photoKey","carouselPhotosComposable/photoData/135/photoKey","carouselPhotosComposable/photoData/136/photoKey","carouselPhotosComposable/photoData/137/photoKey","carouselPhotosComposable/photoData/138/photoKey","carouselPhotosComposable/photoData/139/photoKey","carouselPhotosComposable/photoData/140/photoKey","carouselPhotosComposable/photoData/141/photoKey","carouselPhotosComposable/photoData/142/photoKey","carouselPhotosComposable/photoData/143/photoKey","carouselPhotosComposable/photoData/144/photoKey","carouselPhotosComposable/photoData/145/photoKey","carouselPhotosComposable/photoData/146/photoKey","carouselPhotosComposable/photoData/147/photoKey","carouselPhotosComposable/photoData/148/photoKey","carouselPhotosComposable/photoData/149/photoKey","carouselPhotosComposable/photoData/150/photoKey","carouselPhotosComposable/photoData/151/photoKey","carouselPhotosComposable/photoData/152/photoKey","carouselPhotosComposable/photoData/153/photoKey","carouselPhotosComposable/photoData/154/photoKey","carouselPhotosComposable/photoData/155/photoKey","carouselPhotosComposable/photoData/156/photoKey","carouselPhotosComposable/photoData/157/photoKey","carouselPhotosComposable/photoData/158/photoKey","carouselPhotosComposable/photoData/159/photoKey","carouselPhotosComposable/photoData/160/photoKey","carouselPhotosComposable/photoData/161/photoKey","carouselPhotosComposable/photoData/162/photoKey","carouselPhotosComposable/photoData/163/photoKey","carouselPhotosComposable/photoData/164/photoKey","carouselPhotosComposable/photoData/165/photoKey","carouselPhotosComposable/photoData/166/photoKey","carouselPhotosComposable/photoData/167/photoKey","carouselPhotosComposable/photoData/168/photoKey","carouselPhotosComposable/photoData/169/photoKey","carouselPhotosComposable/photoData/170/photoKey","carouselPhotosComposable/photoData/171/photoKey","carouselPhotosComposable/photoData/172/photoKey","carouselPhotosComposable/photoData/173/photoKey","carouselPhotosComposable/photoData/174/photoKey","carouselPhotosComposable/photoData/175/photoKey","carouselPhotosComposable/photoData/176/photoKey","carouselPhotosComposable/photoData/177/photoKey","carouselPhotosComposable/photoData/178/photoKey","carouselPhotosComposable/photoData/179/photoKey","carouselPhotosComposable/photoData/180/photoKey","carouselPhotosComposable/photoData/181/photoKey","carouselPhotosComposable/photoData/182/photoKey","carouselPhotosComposable/photoData/183/photoKey","carouselPhotosComposable/photoData/184/photoKey","carouselPhotosComposable/photoData/185/photoKey","carouselPhotosComposable/photoData/186/photoKey","carouselPhotosComposable/photoData/187/photoKey","carouselPhotosComposable/photoData/188/photoKey","carouselPhotosComposable/photoData/189/photoKey","carouselPhotosComposable/photoData/190/photoKey","carouselPhotosComposable/photoData/191/photoKey","carouselPhotosComposable/photoData/192/photoKey","carouselPhotosComposable/photoData/193/photoKey","carouselPhotosComposable/photoData/194/photoKey","contentType","countryCurrency","detailUrl","flexFieldText","foundFromSearchUrl","foundOnSearchPage","has3DModel","hasAdditionalAttributions","hasImage","hasOpenHouse","hasVideo","hdpData/homeInfo/bathrooms","hdpData/homeInfo/bedrooms","hdpData/homeInfo/city","hdpData/homeInfo/comingSoonOnMarketDate","hdpData/homeInfo/contingentListingType","hdpData/homeInfo/country","hdpData/homeInfo/currency","hdpData/homeInfo/datePriceChanged","hdpData/homeInfo/dateSold","hdpData/homeInfo/daysOnZillow","hdpData/homeInfo/homeStatus","hdpData/homeInfo/homeStatusForHDP","hdpData/homeInfo/homeType","hdpData/homeInfo/isFeatured","hdpData/homeInfo/isNonOwnerOccupied","hdpData/homeInfo/isPreforeclosureAuction","hdpData/homeInfo/isPremierBuilder","hdpData/homeInfo/isRentalWithBasePrice","hdpData/homeInfo/isShowcaseListing","hdpData/homeInfo/isUnmappable","hdpData/homeInfo/isZillowOwned","hdpData/homeInfo/latitude","hdpData/homeInfo/listing_sub_type/is_FSBA","hdpData/homeInfo/listing_sub_type/is_FSBO","hdpData/homeInfo/listing_sub_type/is_bankOwned","hdpData/homeInfo/listing_sub_type/is_comingSoon","hdpData/homeInfo/listing_sub_type/is_forAuction","hdpData/homeInfo/listing_sub_type/is_foreclosure","hdpData/homeInfo/listing_sub_type/is_newHome","hdpData/homeInfo/listing_sub_type/is_openHouse","hdpData/homeInfo/livingArea","hdpData/homeInfo/longitude","hdpData/homeInfo/lotAreaUnit","hdpData/homeInfo/lotAreaValue","hdpData/homeInfo/newConstructionType","hdpData/homeInfo/openHouse","hdpData/homeInfo/open_house_info/open_house_showing/0/open_house_end","hdpData/homeInfo/open_house_info/open_house_showing/0/open_house_start","hdpData/homeInfo/open_house_info/open_house_showing/1/open_house_end","hdpData/homeInfo/open_house_info/open_house_showing/1/open_house_start","hdpData/homeInfo/open_house_info/open_house_showing/2/open_house_end","hdpData/homeInfo/open_house_info/open_house_showing/2/open_house_start","hdpData/homeInfo/open_house_info/open_house_showing/3/open_house_end","hdpData/homeInfo/open_house_info/open_house_showing/3/open_house_start","hdpData/homeInfo/open_house_info/open_house_showing/4/open_house_end","hdpData/homeInfo/open_house_info/open_house_showing/4/open_house_start","hdpData/homeInfo/open_house_info/open_house_showing/5/open_house_end","hdpData/homeInfo/open_house_info/open_house_showing/5/open_house_start","hdpData/homeInfo/open_house_info/open_house_showing/6/open_house_end","hdpData/homeInfo/open_house_info/open_house_showing/6/open_house_start","hdpData/homeInfo/price","hdpData/homeInfo/priceChange","hdpData/homeInfo/priceForHDP","hdpData/homeInfo/priceReduction","hdpData/homeInfo/rentZestimate","hdpData/homeInfo/rentalMarketingSubType","hdpData/homeInfo/rentalR4RRoommateCount","hdpData/homeInfo/shouldHighlight","hdpData/homeInfo/state","hdpData/homeInfo/streetAddress","hdpData/homeInfo/taxAssessedValue","hdpData/homeInfo/timeOnZillow","hdpData/homeInfo/unit","hdpData/homeInfo/videoCount","hdpData/homeInfo/zestimate","hdpData/homeInfo/zipcode","hdpData/homeInfo/zpid","id","imgSrc","info3String","isFeaturedListing","isHomeRec","isPaidBuilderNewConstruction","isR4R","isSaved","isShowcaseListing","isUndisclosedAddress","isUserClaimingOwner","isUserConfirmedClaim","isZillowOwned","latLong/latitude","latLong/longitude","list","marketingStatusSimplifiedCd","marketingTreatments/0","marketingTreatments/1","openHouseDescription","openHouseEndDate","openHouseStartDate","palsId","pgapt","providerListingId","rawHomeStatusCd","relaxed","sgapt","shouldShowRequestOnPrice","shouldShowZestimateAsPrice","soldPrice","statusText","statusType","streetViewMetadataURL","streetViewURL","unformattedPrice","zestimate","zoomQuadrantSequence/0","zoomQuadrantSequence/1","zoomQuadrantSequence/2","zoomQuadrantSequence/3","zoomQuadrantSequence/4","zoomQuadrantSequence/5","zoomQuadrantSequence/6","zpid"
"869 Olmstead Avenue, Bronx, NY 10473","Bronx","NY","869 Olmstead Avenue","10473","1758",,"2","4","Voro LLC","https://photos.zillowstatic.com/fp/{photoKey}-p_e.jpg",,,,,,,,,,"false","56c9cbf4dea6e049e03a1ad60ae1b5bd",,,,,,,,,,,,,,,,,,,,,,,,,,,,,,,,,,,,,,,,,,,,,,,,,,,,,,,,,,,,,,,,,,,,,,,,,,,,,,,,,,,,,,,,,,,,,,,,,,,,,,,,,,,,,,,,,,,,,,,,,,,,,,,,,,,,,,,,,,,,,,,,,,,,,,,,,,,,,,,,,,,,,,,,,,,,,,,,,,,,,,,,,,,,,,,,,,,"soldDate","$","https://www.zillow.com/homedetails/869-Olmstead-Ave-Bronx-NY-10473/29793638_zpid/","Sold 04/27/26","https://www.zillow.com/new-york-ny/sold/?searchQueryState=%7B%22pagination%22%3A%7B%7D%2C%22isMapVisible%22%3Atrue%2C%22mapBounds%22%3A%7B%22west%22%3A-74.53681106926112%2C%22east%22%3A-73.03443069816737%2C%22south%22%3A40.31863233929078%2C%22north%22%3A41.12626731376089%7D%2C%22regionSelection%22%3A%5B%7B%22regionId%22%3A6181%2C%22regionType%22%3A6%7D%5D%2C%22filterState%22%3A%7B%22sort%22%3A%7B%22value%22%3A%22globalrelevanceex%22%7D%2C%22rs%22%3A%7B%22value%22%3Atrue%7D%2C%22fsba%22%3A%7B%22value%22%3Afalse%7D%2C%22fsbo%22%3A%7B%22value%22%3Afalse%7D%2C%22nc%22%3A%7B%22value%22%3Afalse%7D%2C%22cmsn%22%3A%7B%22value%22%3Afalse%7D%2C%22auc%22%3A%7B%22value%22%3Afalse%7D%2C%22fore%22%3A%7B%22value%22%3Afalse%7D%2C%22price%22%3A%7B%22max%22%3A2000000%2C%22min%22%3A100000%7D%2C%22land%22%3A%7B%22value%22%3Afalse%7D%2C%22manu%22%3A%7B%22value%22%3Afalse%7D%2C%22doz%22%3A%7B%22value%22%3A%2224m%22%7D%2C%22mf%22%3A%7B%22value%22%3Afalse%7D%2C%22tow%22%3A%7B%22value%22%3Afalse%7D%7D%2C%22isListVisible%22%3Atrue%2C%22usersSearchTerm%22%3A%22New%20York%20NY%22%7D","1","false","true","true",,"false","2","4","Bronx",,,"USA","USD",,"1777273200000","0","RECENTLY_SOLD","RECENTLY_SOLD","SINGLE_FAMILY","false","true","false","false",,"false","false","false","40.82466",,,,,,,,,"1758","-73.852806","sqft","3003",,,,,,,,,,,,,,,,,"739000",,"739000",,"4292",,,"false","NY","869 Olmstead Avenue","626000","51647000",,,"670500","10473","29793638","29793638","https://photos.zillowstatic.com/fp/56c9cbf4dea6e049e03a1ad60ae1b5bd-p_e.jpg","https://photos.zillowstatic.com/fp/464ad42e5f4f4a61544ab7d3b6721129-zillow_web_48_23.jpg","false","false","false",,"false","false","false","false","false","false","40.82466","-73.852806","true","RecentChange",,,,,,"778001_927278","RecentlySold",,"RecentlySold","false","Unknown Listed By","false","false","$739,000","Sold","SOLD",,,"739000","670500",,,,,,,,"29793638"
"155-40 84 Street #1, Howard Beach, NY 11414","Howard Beach","NY","155-40 84 Street #1","11414","651",,"1","2","Reony.Com Ltd","https://photos.zillowstatic.com/fp/{photoKey}-p_e.jpg",,,,,,,,,,"false","e6492c2ac06b98dc10f8fcacbdb449e5",,,,,,,,,,,,,,,,,,,,,,,,,,,,,,,,,,,,,,,,,,,,,,,,,,,,,,,,,,,,,,,,,,,,,,,,,,,,,,,,,,,,,,,,,,,,,,,,,,,,,,,,,,,,,,,,,,,,,,,,,,,,,,,,,,,,,,,,,,,,,,,,,,,,,,,,,,,,,,,,,,,,,,,,,,,,,,,,,,,,,,,,,,,,,,,,,,,"soldDate","$","https://www.zillow.com/homedetails/15540-84th-St-FLOOR-1-Howard-Beach-NY-11414/245463065_zpid/","Sold 04/27/26","https://www.zillow.com/new-york-ny/sold/?searchQueryState=%7B%22pagination%22%3A%7B%7D%2C%22isMapVisible%22%3Atrue%2C%22mapBounds%22%3A%7B%22west%22%3A-74.53681106926112%2C%22east%22%3A-73.03443069816737%2C%22south%22%3A40.31863233929078%2C%22north%22%3A41.12626731376089%7D%2C%22regionSelection%22%3A%5B%7B%22regionId%22%3A6181%2C%22regionType%22%3A6%7D%5D%2C%22filterState%22%3A%7B%22sort%22%3A%7B%22value%22%3A%22globalrelevanceex%22%7D%2C%22rs%22%3A%7B%22value%22%3Atrue%7D%2C%22fsba%22%3A%7B%22value%22%3Afalse%7D%2C%22fsbo%22%3A%7B%22value%22%3Afalse%7D%2C%22nc%22%3A%7B%22value%22%3Afalse%7D%2C%22cmsn%22%3A%7B%22value%22%3Afalse%7D%2C%22auc%22%3A%7B%22value%22%3Afalse%7D%2C%22fore%22%3A%7B%22value%22%3Afalse%7D%2C%22price%22%3A%7B%22max%22%3A2000000%2C%22min%22%3A100000%7D%2C%22land%22%3A%7B%22value%22%3Afalse%7D%2C%22manu%22%3A%7B%22value%22%3Afalse%7D%2C%22doz%22%3A%7B%22value%22%3A%2224m%22%7D%2C%22mf%22%3A%7B%22value%22%3Afalse%7D%2C%22tow%22%3A%7B%22value%22%3Afalse%7D%7D%2C%22isListVisible%22%3Atrue%2C%22usersSearchTerm%22%3A%22New%20York%20NY%22%7D","1","false","true","true",,"false","1","2","Howard Beach",,,"USA","USD",,"1777273200000","0","RECENTLY_SOLD","RECENTLY_SOLD","CONDO","false","true","false","false",,"false","false","false","40.66363",,,,,,,,,"651","-73.849434",,,,,,,,,,,,,,,,,,,"195500",,"195500",,"2429",,,"false","NY","155-40 84 Street #1","5415000","51647000","Floor 1",,,"11414","245463065","245463065","https://photos.zillowstatic.com/fp/e6492c2ac06b98dc10f8fcacbdb449e5-p_e.jpg","https://photos.zillowstatic.com/fp/464ad42e5f4f4a61544ab7d3b6721129-zillow_web_48_23.jpg","false","false","false",,"false","false","false","false","false","false","40.66363","-73.849434","true","RecentChange",,,,,,"778001_L3588591","RecentlySold",,"RecentlySold","false","Unknown Listed By","false","false","$195,500","Sold","SOLD",,,"195500",,,,,,,,,"245463065"
"83-75 118 Street #4J, Kew Gardens, NY 11415","Queens","NY","83-75 118 Street #4J","11415","970",,"1","2","Royal House Realty Inc","https://photos.zillowstatic.com/fp/{photoKey}-p_e.jpg",,,,,,,,,,"false","bcbe4be559e8677c541d0bd6086b45ba",,,,,,,,,,,,,,,,,,,,,,,,,,,,,,,,,,,,,,,,,,,,,,,,,,,,,,,,,,,,,,,,,,,,,,,,,,,,,,,,,,,,,,,,,,,,,,,,,,,,,,,,,,,,,,,,,,,,,,,,,,,,,,,,,,,,,,,,,,,,,,,,,,,,,,,,,,,,,,,,,,,,,,,,,,,,,,,,,,,,,,,,,,,,,,,,,,,"soldDate","$","https://www.zillow.com/homedetails/83-75-118th-St-4J-Queens-NY-11415/313673236_zpid/","Sold 04/26/26","https://www.zillow.com/new-york-ny/sold/?searchQueryState=%7B%22pagination%22%3A%7B%7D%2C%22isMapVisible%22%3Atrue%2C%22mapBounds%22%3A%7B%22west%22%3A-74.53681106926112%2C%22east%22%3A-73.03443069816737%2C%22south%22%3A40.31863233929078%2C%22north%22%3A41.12626731376089%7D%2C%22regionSelection%22%3A%5B%7B%22regionId%22%3A6181%2C%22regionType%22%3A6%7D%5D%2C%22filterState%22%3A%7B%22sort%22%3A%7B%22value%22%3A%22globalrelevanceex%22%7D%2C%22rs%22%3A%7B%22value%22%3Atrue%7D%2C%22fsba%22%3A%7B%22value%22%3Afalse%7D%2C%22fsbo%22%3A%7B%22value%22%3Afalse%7D%2C%22nc%22%3A%7B%22value%22%3Afalse%7D%2C%22cmsn%22%3A%7B%22value%22%3Afalse%7D%2C%22auc%22%3A%7B%22value%22%3Afalse%7D%2C%22fore%22%3A%7B%22value%22%3Afalse%7D%2C%22price%22%3A%7B%22max%22%3A2000000%2C%22min%22%3A100000%7D%2C%22land%22%3A%7B%22value%22%3Afalse%7D%2C%22manu%22%3A%7B%22value%22%3Afalse%7D%2C%22doz%22%3A%7B%22value%22%3A%2224m%22%7D%2C%22mf%22%3A%7B%22value%22%3Afalse%7D%2C%22tow%22%3A%7B%22value%22%3Afalse%7D%7D%2C%22isListVisible%22%3Atrue%2C%22usersSearchTerm%22%3A%22New%20York%20NY%22%7D","1","false","true","true",,"false","1","2","Queens",,,"USA","USD",,"1777186800000","1","RECENTLY_SOLD","RECENTLY_SOLD","CONDO","false","true","false","false",,"false","false","false","40.705246",,,,,,,,,"970","-73.83398",,,,,,,,,,,,,,,,,,,"405000",,"405000",,"2682",,,"false","NY","83-75 118 Street #4J",,"138047000","# 4J",,"405400","11415","313673236","313673236","https://photos.zillowstatic.com/fp/bcbe4be559e8677c541d0bd6086b45ba-p_e.jpg","https://photos.zillowstatic.com/fp/464ad42e5f4f4a61544ab7d3b6721129-zillow_web_48_23.jpg","false","false","false",,"false","false","false","false","false","false","40.705246","-73.83398","true","RecentChange",,,,,,"778001_932639","RecentlySold",,"RecentlySold","false","Unknown Listed By","false","false","$405,000","Sold","SOLD",,,"405000","405400",,,,,,,,"313673236"
"4026 College Point Boulevard #PH2D, Flushing, NY 11354","Flushing","NY","4026 College Point Boulevard #PH2D","11354","1110",,"2","2","Fultonex Realty LLC","https://photos.zillowstatic.com/fp/{photoKey}-p_e.jpg",,,,,,,,,,"false","327f1aca0d8db8ada203df5d1595c419",,,,,,,,,,,,,,,,,,,,,,,,,,,,,,,,,,,,,,,,,,,,,,,,,,,,,,,,,,,,,,,,,,,,,,,,,,,,,,,,,,,,,,,,,,,,,,,,,,,,,,,,,,,,,,,,,,,,,,,,,,,,,,,,,,,,,,,,,,,,,,,,,,,,,,,,,,,,,,,,,,,,,,,,,,,,,,,,,,,,,,,,,,,,,,,,,,,"soldDate","$","https://www.zillow.com/homedetails/40-26-College-Point-Blvd-PENTHOUSE-2-D-Flushing-NY-11354/112510620_zpid/","Sold 04/25/26","https://www.zillow.com/new-york-ny/sold/?searchQueryState=%7B%22pagination%22%3A%7B%7D%2C%22isMapVisible%22%3Atrue%2C%22mapBounds%22%3A%7B%22west%22%3A-74.53681106926112%2C%22east%22%3A-73.03443069816737%2C%22south%22%3A40.31863233929078%2C%22north%22%3A41.12626731376089%7D%2C%22regionSelection%22%3A%5B%7B%22regionId%22%3A6181%2C%22regionType%22%3A6%7D%5D%2C%22filterState%22%3A%7B%22sort%22%3A%7B%22value%22%3A%22globalrelevanceex%22%7D%2C%22rs%22%3A%7B%22value%22%3Atrue%7D%2C%22fsba%22%3A%7B%22value%22%3Afalse%7D%2C%22fsbo%22%3A%7B%22value%22%3Afalse%7D%2C%22nc%22%3A%7B%22value%22%3Afalse%7D%2C%22cmsn%22%3A%7B%22value%22%3Afalse%7D%2C%22auc%22%3A%7B%22value%22%3Afalse%7D%2C%22fore%22%3A%7B%22value%22%3Afalse%7D%2C%22price%22%3A%7B%22max%22%3A2000000%2C%22min%22%3A100000%7D%2C%22land%22%3A%7B%22value%22%3Afalse%7D%2C%22manu%22%3A%7B%22value%22%3Afalse%7D%2C%22doz%22%3A%7B%22value%22%3A%2224m%22%7D%2C%22mf%22%3A%7B%22value%22%3Afalse%7D%2C%22tow%22%3A%7B%22value%22%3Afalse%7D%7D%2C%22isListVisible%22%3Atrue%2C%22usersSearchTerm%22%3A%22New%20York%20NY%22%7D","1","false","true","true",,"false","2","2","Flushing",,,"USA","USD",,"1777100400000","2","RECENTLY_SOLD","RECENTLY_SOLD","CONDO","false","true","false","false",,"false","false","false","40.757084",,,,,,,,,"1110","-73.835594",,,,,,,,,,,,,,,,,,,"945000",,"945000",,"4241",,,"false","NY","4026 College Point Boulevard #PH2D","146630","224447000","# Penthouse 2-D",,"934500","11354","112510620","112510620","https://photos.zillowstatic.com/fp/327f1aca0d8db8ada203df5d1595c419-p_e.jpg","https://photos.zillowstatic.com/fp/464ad42e5f4f4a61544ab7d3b6721129-zillow_web_48_23.jpg","false","false","false",,"false","false","false","false","false","false","40.757084","-73.835594","true","RecentChange",,,,,,"778001_955888","RecentlySold",,"RecentlySold","false","RecentChange","false","false","$945,000","Sold","SOLD",,,"945000","934500",,,,,,,,"112510620"
"112-26 38th Avenue #4B, Corona, NY 11368","Corona","NY","112-26 38th Avenue #4B","11368","736",,"2","2","E Realty International Corp","https://photos.zillowstatic.com/fp/{photoKey}-p_e.jpg",,,,,,,,,,"false","827b5976b8e040273797df03b0236a20",,,,,,,,,,,,,,,,,,,,,,,,,,,,,,,,,,,,,,,,,,,,,,,,,,,,,,,,,,,,,,,,,,,,,,,,,,,,,,,,,,,,,,,,,,,,,,,,,,,,,,,,,,,,,,,,,,,,,,,,,,,,,,,,,,,,,,,,,,,,,,,,,,,,,,,,,,,,,,,,,,,,,,,,,,,,,,,,,,,,,,,,,,,,,,,,,,,"soldDate","$","https://www.zillow.com/homedetails/11226-38th-Ave-APT-4B-Corona-NY-11368/121723289_zpid/","Sold 04/25/26","https://www.zillow.com/new-york-ny/sold/?searchQueryState=%7B%22pagination%22%3A%7B%7D%2C%22isMapVisible%22%3Atrue%2C%22mapBounds%22%3A%7B%22west%22%3A-74.53681106926112%2C%22east%22%3A-73.03443069816737%2C%22south%22%3A40.31863233929078%2C%22north%22%3A41.12626731376089%7D%2C%22regionSelection%22%3A%5B%7B%22regionId%22%3A6181%2C%22regionType%22%3A6%7D%5D%2C%22filterState%22%3A%7B%22sort%22%3A%7B%22value%22%3A%22globalrelevanceex%22%7D%2C%22rs%22%3A%7B%22value%22%3Atrue%7D%2C%22fsba%22%3A%7B%22value%22%3Afalse%7D%2C%22fsbo%22%3A%7B%22value%22%3Afalse%7D%2C%22nc%22%3A%7B%22value%22%3Afalse%7D%2C%22cmsn%22%3A%7B%22value%22%3Afalse%7D%2C%22auc%22%3A%7B%22value%22%3Afalse%7D%2C%22fore%22%3A%7B%22value%22%3Afalse%7D%2C%22price%22%3A%7B%22max%22%3A2000000%2C%22min%22%3A100000%7D%2C%22land%22%3A%7B%22value%22%3Afalse%7D%2C%22manu%22%3A%7B%22value%22%3Afalse%7D%2C%22doz%22%3A%7B%22value%22%3A%2224m%22%7D%2C%22mf%22%3A%7B%22value%22%3Afalse%7D%2C%22tow%22%3A%7B%22value%22%3Afalse%7D%7D%2C%22isListVisible%22%3Atrue%2C%22usersSearchTerm%22%3A%22New%20York%20NY%22%7D","1","false","true","true",,"false","2","2","Corona",,,"USA","USD",,"1777100400000","2","RECENTLY_SOLD","RECENTLY_SOLD","CONDO","false","true","false","false",,"false","false","false","40.753643",,,,,,,,,"736","-73.855125",,,,,,,,,,,,,,,,,,,"467500",,"467500",,"2863",,,"false","NY","112-26 38th Avenue #4B","163041","224447000","Apt 4B",,"465100","11368","121723289","121723289","https://photos.zillowstatic.com/fp/827b5976b8e040273797df03b0236a20-p_e.jpg","https://photos.zillowstatic.com/fp/464ad42e5f4f4a61544ab7d3b6721129-zillow_web_48_23.jpg","false","false","false",,"false","false","false","false","false","false","40.753643","-73.855125","true","RecentChange",,,,,,"778001_939074","RecentlySold",,"RecentlySold","false","RecentChange","false","false","$467,500","Sold","SOLD",,,"467500","465100",,,,,,,,"121723289"
"83-83 118 Street #1k, Kew Gardens, NY 11415","Kew Gardens","NY","83-83 118 Street #1k","11415","900",,"1","2","Royal House Realty Inc","https://photos.zillowstatic.com/fp/{photoKey}-p_e.jpg",,,,,,,,,,"false","0d0bc2a2a89b2a6cf1fc6ea81bae72c2",,,,,,,,,,,,,,,,,,,,,,,,,,,,,,,,,,,,,,,,,,,,,,,,,,,,,,,,,,,,,,,,,,,,,,,,,,,,,,,,,,,,,,,,,,,,,,,,,,,,,,,,,,,,,,,,,,,,,,,,,,,,,,,,,,,,,,,,,,,,,,,,,,,,,,,,,,,,,,,,,,,,,,,,,,,,,,,,,,,,,,,,,,,,,,,,,,,"soldDate","$","https://www.zillow.com/homedetails/8383-118th-St-APT-1K-Kew-Gardens-NY-11415/245406004_zpid/","Sold 04/25/26","https://www.zillow.com/new-york-ny/sold/?searchQueryState=%7B%22pagination%22%3A%7B%7D%2C%22isMapVisible%22%3Atrue%2C%22mapBounds%22%3A%7B%22west%22%3A-74.53681106926112%2C%22east%22%3A-73.03443069816737%2C%22south%22%3A40.31863233929078%2C%22north%22%3A41.12626731376089%7D%2C%22regionSelection%22%3A%5B%7B%22regionId%22%3A6181%2C%22regionType%22%3A6%7D%5D%2C%22filterState%22%3A%7B%22sort%22%3A%7B%22value%22%3A%22globalrelevanceex%22%7D%2C%22rs%22%3A%7B%22value%22%3Atrue%7D%2C%22fsba%22%3A%7B%22value%22%3Afalse%7D%2C%22fsbo%22%3A%7B%22value%22%3Afalse%7D%2C%22nc%22%3A%7B%22value%22%3Afalse%7D%2C%22cmsn%22%3A%7B%22value%22%3Afalse%7D%2C%22auc%22%3A%7B%22value%22%3Afalse%7D%2C%22fore%22%3A%7B%22value%22%3Afalse%7D%2C%22price%22%3A%7B%22max%22%3A2000000%2C%22min%22%3A100000%7D%2C%22land%22%3A%7B%22value%22%3Afalse%7D%2C%22manu%22%3A%7B%22value%22%3Afalse%7D%2C%22doz%22%3A%7B%22value%22%3A%2224m%22%7D%2C%22mf%22%3A%7B%22value%22%3Afalse%7D%2C%22tow%22%3A%7B%22value%22%3Afalse%7D%7D%2C%22isListVisible%22%3Atrue%2C%22usersSearchTerm%22%3A%22New%20York%20NY%22%7D","1","false","true","true",,"false","1","2","Kew Gardens",,,"USA","USD",,"1777100400000","2","RECENTLY_SOLD","RECENTLY_SOLD","CONDO","false","true","false","false",,"false","false","false","40.70506",,,,,,,,,"900","-73.8341",,,,,,,,,,,,,,,,,,,"419000",,"419000",,"2204",,,"false","NY","83-83 118 Street #1k","10868000","224447000","Apt 1K",,,"11415","245406004","245406004","https://photos.zillowstatic.com/fp/0d0bc2a2a89b2a6cf1fc6ea81bae72c2-p_e.jpg","https://photos.zillowstatic.com/fp/464ad42e5f4f4a61544ab7d3b6721129-zillow_web_48_23.jpg","false","false","false",,"false","false","false","false","false","false","40.70506","-73.8341","true","RecentChange",,,,,,"778001_958189","RecentlySold",,"RecentlySold","false","Unknown Listed By","false","false","$419,000","Sold","SOLD",,,"419000",,,,,,,,,"245406004"
"5621 Netherland Avenue #5C, Bronx, NY 10471","Bronx","NY","5621 Netherland Avenue #5C","10471","725",,"1","1","Douglas Elliman Real Estate","https://photos.zillowstatic.com/fp/{photoKey}-p_e.jpg",,,,,,,,,,"false","527054a902b05e2246463e8e34e71ed8",,,,,,,,,,,,,,,,,,,,,,,,,,,,,,,,,,,,,,,,,,,,,,,,,,,,,,,,,,,,,,,,,,,,,,,,,,,,,,,,,,,,,,,,,,,,,,,,,,,,,,,,,,,,,,,,,,,,,,,,,,,,,,,,,,,,,,,,,,,,,,,,,,,,,,,,,,,,,,,,,,,,,,,,,,,,,,,,,,,,,,,,,,,,,,,,,,,"soldDate","$","https://www.zillow.com/homedetails/5621-Netherland-Ave-APT-5C-Bronx-NY-10471/447524579_zpid/","Sold 04/25/26","https://www.zillow.com/new-york-ny/sold/?searchQueryState=%7B%22pagination%22%3A%7B%7D%2C%22isMapVisible%22%3Atrue%2C%22mapBounds%22%3A%7B%22west%22%3A-74.53681106926112%2C%22east%22%3A-73.03443069816737%2C%22south%22%3A40.31863233929078%2C%22north%22%3A41.12626731376089%7D%2C%22regionSelection%22%3A%5B%7B%22regionId%22%3A6181%2C%22regionType%22%3A6%7D%5D%2C%22filterState%22%3A%7B%22sort%22%3A%7B%22value%22%3A%22globalrelevanceex%22%7D%2C%22rs%22%3A%7B%22value%22%3Atrue%7D%2C%22fsba%22%3A%7B%22value%22%3Afalse%7D%2C%22fsbo%22%3A%7B%22value%22%3Afalse%7D%2C%22nc%22%3A%7B%22value%22%3Afalse%7D%2C%22cmsn%22%3A%7B%22value%22%3Afalse%7D%2C%22auc%22%3A%7B%22value%22%3Afalse%7D%2C%22fore%22%3A%7B%22value%22%3Afalse%7D%2C%22price%22%3A%7B%22max%22%3A2000000%2C%22min%22%3A100000%7D%2C%22land%22%3A%7B%22value%22%3Afalse%7D%2C%22manu%22%3A%7B%22value%22%3Afalse%7D%2C%22doz%22%3A%7B%22value%22%3A%2224m%22%7D%2C%22mf%22%3A%7B%22value%22%3Afalse%7D%2C%22tow%22%3A%7B%22value%22%3Afalse%7D%7D%2C%22isListVisible%22%3Atrue%2C%22usersSearchTerm%22%3A%22New%20York%20NY%22%7D","1","false","true","true",,"false","1","1","Bronx",,,"USA","USD",,"1777100400000","2","RECENTLY_SOLD","RECENTLY_SOLD","CONDO","false","true","false","false",,"false","false","false","40.904922",,,,,,,,,"725","-73.90666",,,,,,,,,,,,,,,,,,,"165000",,"165000",,"2393",,,"false","NY","5621 Netherland Avenue #5C",,"224447000","Apt 5C",,"146400","10471","447524579","447524579","https://photos.zillowstatic.com/fp/527054a902b05e2246463e8e34e71ed8-p_e.jpg","https://photos.zillowstatic.com/fp/464ad42e5f4f4a61544ab7d3b6721129-zillow_web_48_23.jpg","false","false","false",,"false","false","false","false","false","false","40.904922","-73.90666","true","RecentChange",,,,,,"778001_933107","RecentlySold",,"RecentlySold","false","Unknown Listed By","false","false","$165,000","Sold","SOLD",,,"165000","146400",,,,,,,,"447524579"
"168 EAST 111TH STREET UNIT 3B, Manhattan, NY 10029","New York","NY","168 EAST 111TH STREET UNIT 3B","10029","403",,"1","0","Listing by: E Realty International Corp","https://photos.zillowstatic.com/fp/{photoKey}-p_e.jpg",,,,,,,,,,"false","4bd3aad00ff7d4c4a1a385af62ddfd03",,,,,,,,,,,,,,,,,,,,,,,,,,,,,,,,,,,,,,,,,,,,,,,,,,,,,,,,,,,,,,,,,,,,,,,,,,,,,,,,,,,,,,,,,,,,,,,,,,,,,,,,,,,,,,,,,,,,,,,,,,,,,,,,,,,,,,,,,,,,,,,,,,,,,,,,,,,,,,,,,,,,,,,,,,,,,,,,,,,,,,,,,,,,,,,,,,,"daysOnZillow","$","https://www.zillow.com/homedetails/168-E-111th-St-3B-New-York-NY-10029/454920758_zpid/","291 days on Zillow","https://www.zillow.com/new-york-ny/sold/?searchQueryState=%7B%22pagination%22%3A%7B%7D%2C%22isMapVisible%22%3Atrue%2C%22mapBounds%22%3A%7B%22west%22%3A-74.53681106926112%2C%22east%22%3A-73.03443069816737%2C%22south%22%3A40.31863233929078%2C%22north%22%3A41.12626731376089%7D%2C%22regionSelection%22%3A%5B%7B%22regionId%22%3A6181%2C%22regionType%22%3A6%7D%5D%2C%22filterState%22%3A%7B%22sort%22%3A%7B%22value%22%3A%22globalrelevanceex%22%7D%2C%22rs%22%3A%7B%22value%22%3Atrue%7D%2C%22fsba%22%3A%7B%22value%22%3Afalse%7D%2C%22fsbo%22%3A%7B%22value%22%3Afalse%7D%2C%22nc%22%3A%7B%22value%22%3Afalse%7D%2C%22cmsn%22%3A%7B%22value%22%3Afalse%7D%2C%22auc%22%3A%7B%22value%22%3Afalse%7D%2C%22fore%22%3A%7B%22value%22%3Afalse%7D%2C%22price%22%3A%7B%22max%22%3A2000000%2C%22min%22%3A100000%7D%2C%22land%22%3A%7B%22value%22%3Afalse%7D%2C%22manu%22%3A%7B%22value%22%3Afalse%7D%2C%22doz%22%3A%7B%22value%22%3A%2224m%22%7D%2C%22mf%22%3A%7B%22value%22%3Afalse%7D%2C%22tow%22%3A%7B%22value%22%3Afalse%7D%7D%2C%22isListVisible%22%3Atrue%2C%22usersSearchTerm%22%3A%22New%20York%20NY%22%7D","1","false","true","true",,"false","1","0","New York",,"UNDER_CONTRACT","USA","USD",,"1777100400000","2","RECENTLY_SOLD","FOR_SALE","CONDO","false","true","false","false",,"false","false","false","40.79497","true",,,,,,,,"403","-73.94343","sqft","7286",,,,,,,,,,,,,,,,,"439000",,"483000",,"3007",,,"false","NY","168 EAST 111TH STREET UNIT 3B",,"224447000","# 3B",,"471700","10029","454920758","454920758","https://photos.zillowstatic.com/fp/4bd3aad00ff7d4c4a1a385af62ddfd03-p_e.jpg","https://photos.zillowstatic.com/fp/464ad42e5f4f4a61544ab7d3b6721129-zillow_web_48_23.jpg","false","false","false",,"false","false","false","false","false","false","40.79497","-73.94343","true","Non Owner Occupied",,,,,,"6955001_S1780696","RecentlySold",,"RecentlySold","false","Unknown Listed By","false","false","$439,000","Sold","SOLD",,,"439000","471700",,,,,,,,"454920758"
"131-02B 40th Road #5S, Flushing, NY 11354","Flushing","NY","131-02B 40th Road #5S","11354","820",,"2","2","E Realty International Corp","https://photos.zillowstatic.com/fp/{photoKey}-p_e.jpg",,,,,,,,,,"false","d59728ff67fbfbade1551c2424217d1a",,,,,,,,,,,,,,,,,,,,,,,,,,,,,,,,,,,,,,,,,,,,,,,,,,,,,,,,,,,,,,,,,,,,,,,,,,,,,,,,,,,,,,,,,,,,,,,,,,,,,,,,,,,,,,,,,,,,,,,,,,,,,,,,,,,,,,,,,,,,,,,,,,,,,,,,,,,,,,,,,,,,,,,,,,,,,,,,,,,,,,,,,,,,,,,,,,,"soldDate","$","https://www.zillow.com/homedetails/131-02B-40th-Rd-5S-Flushing-NY-11354/456618373_zpid/","Sold 04/25/26","https://www.zillow.com/new-york-ny/sold/?searchQueryState=%7B%22pagination%22%3A%7B%7D%2C%22isMapVisible%22%3Atrue%2C%22mapBounds%22%3A%7B%22west%22%3A-74.53681106926112%2C%22east%22%3A-73.03443069816737%2C%22south%22%3A40.31863233929078%2C%22north%22%3A41.12626731376089%7D%2C%22regionSelection%22%3A%5B%7B%22regionId%22%3A6181%2C%22regionType%22%3A6%7D%5D%2C%22filterState%22%3A%7B%22sort%22%3A%7B%22value%22%3A%22globalrelevanceex%22%7D%2C%22rs%22%3A%7B%22value%22%3Atrue%7D%2C%22fsba%22%3A%7B%22value%22%3Afalse%7D%2C%22fsbo%22%3A%7B%22value%22%3Afalse%7D%2C%22nc%22%3A%7B%22value%22%3Afalse%7D%2C%22cmsn%22%3A%7B%22value%22%3Afalse%7D%2C%22auc%22%3A%7B%22value%22%3Afalse%7D%2C%22fore%22%3A%7B%22value%22%3Afalse%7D%2C%22price%22%3A%7B%22max%22%3A2000000%2C%22min%22%3A100000%7D%2C%22land%22%3A%7B%22value%22%3Afalse%7D%2C%22manu%22%3A%7B%22value%22%3Afalse%7D%2C%22doz%22%3A%7B%22value%22%3A%2224m%22%7D%2C%22mf%22%3A%7B%22value%22%3Afalse%7D%2C%22tow%22%3A%7B%22value%22%3Afalse%7D%7D%2C%22isListVisible%22%3Atrue%2C%22usersSearchTerm%22%3A%22New%20York%20NY%22%7D","1","false","true","true",,"false","2","2","Flushing",,,"USA","USD",,"1777100400000","2","RECENTLY_SOLD","RECENTLY_SOLD","CONDO","false","true","false","false",,"false","false","false",,,,,,,,,,"820",,,,,,,,,,,,,,,,,,,,"856510",,"856510",,"3980",,,"false","NY","131-02B 40th Road #5S",,"224447000","# 5S",,"859100","11354","456618373","456618373","https://photos.zillowstatic.com/fp/d59728ff67fbfbade1551c2424217d1a-p_e.jpg","https://photos.zillowstatic.com/fp/464ad42e5f4f4a61544ab7d3b6721129-zillow_web_48_23.jpg","false","false","false",,"false","false","false","false","false","false",,,"true","RecentChange",,,,,,"778001_957392","RecentlySold",,"RecentlySold","false","RecentChange","false","false","$856,510","Sold","SOLD",,,"856510","859100",,,,,,,,"456618373"
"131-02A 40th Road #6H, Flushing, NY 11354","Flushing","NY","131-02A 40th Road #6H","11354","751",,"1","2","E Realty International Corp","https://photos.zillowstatic.com/fp/{photoKey}-p_e.jpg",,,,,,,,,,"false","b68d21275bdd23cb863f59e7dab21f70",,,,,,,,,,,,,,,,,,,,,,,,,,,,,,,,,,,,,,,,,,,,,,,,,,,,,,,,,,,,,,,,,,,,,,,,,,,,,,,,,,,,,,,,,,,,,,,,,,,,,,,,,,,,,,,,,,,,,,,,,,,,,,,,,,,,,,,,,,,,,,,,,,,,,,,,,,,,,,,,,,,,,,,,,,,,,,,,,,,,,,,,,,,,,,,,,,,"soldDate","$","https://www.zillow.com/homedetails/131-02A-40th-Rd-6H-Flushing-NY-11354/2057598856_zpid/","Sold 04/25/26","https://www.zillow.com/new-york-ny/sold/?searchQueryState=%7B%22pagination%22%3A%7B%7D%2C%22isMapVisible%22%3Atrue%2C%22mapBounds%22%3A%7B%22west%22%3A-74.53681106926112%2C%22east%22%3A-73.03443069816737%2C%22south%22%3A40.31863233929078%2C%22north%22%3A41.12626731376089%7D%2C%22regionSelection%22%3A%5B%7B%22regionId%22%3A6181%2C%22regionType%22%3A6%7D%5D%2C%22filterState%22%3A%7B%22sort%22%3A%7B%22value%22%3A%22globalrelevanceex%22%7D%2C%22rs%22%3A%7B%22value%22%3Atrue%7D%2C%22fsba%22%3A%7B%22value%22%3Afalse%7D%2C%22fsbo%22%3A%7B%22value%22%3Afalse%7D%2C%22nc%22%3A%7B%22value%22%3Afalse%7D%2C%22cmsn%22%3A%7B%22value%22%3Afalse%7D%2C%22auc%22%3A%7B%22value%22%3Afalse%7D%2C%22fore%22%3A%7B%22value%22%3Afalse%7D%2C%22price%22%3A%7B%22max%22%3A2000000%2C%22min%22%3A100000%7D%2C%22land%22%3A%7B%22value%22%3Afalse%7D%2C%22manu%22%3A%7B%22value%22%3Afalse%7D%2C%22doz%22%3A%7B%22value%22%3A%2224m%22%7D%2C%22mf%22%3A%7B%22value%22%3Afalse%7D%2C%22tow%22%3A%7B%22value%22%3Afalse%7D%7D%2C%22isListVisible%22%3Atrue%2C%22usersSearchTerm%22%3A%22New%20York%20NY%22%7D","1","false","true","true",,"false","1","2","Flushing",,,"USA","USD",,"1777100400000","2","RECENTLY_SOLD","RECENTLY_SOLD","CONDO","false","true","false","false",,"false","false","false",,,,,,,,,,"751",,"acres","5.4856",,,,,,,,,,,,,,,,,"862380",,"862380",,"3648",,,"false","NY","131-02A 40th Road #6H",,"224447000","# 6H",,,"11354","2057598856","2057598856","https://photos.zillowstatic.com/fp/b68d21275bdd23cb863f59e7dab21f70-p_e.jpg","https://photos.zillowstatic.com/fp/464ad42e5f4f4a61544ab7d3b6721129-zillow_web_48_23.jpg","false","false","false",,"false","false","false","false","false","false",,,"true","RecentChange",,,,,,"778001_804046","RecentlySold",,"RecentlySold","false","RecentChange","false","false","$862,380","Sold","SOLD",,,"862380",,,,,,,,,"2057598856"
"138-35 39 AVENUE UNIT 8G, Queens, NY 11354","Flushing","NY","138-35 39 AVENUE UNIT 8G","11354","1283",,"2","3","Listing by: Fultonex Realty LLC","https://photos.zillowstatic.com/fp/{photoKey}-p_e.jpg",,,,,,,,,,"false","0433240c2c806fe563ecf62199f913c9",,,,,,,,,,,,,,,,,,,,,,,,,,,,,,,,,,,,,,,,,,,,,,,,,,,,,,,,,,,,,,,,,,,,,,,,,,,,,,,,,,,,,,,,,,,,,,,,,,,,,,,,,,,,,,,,,,,,,,,,,,,,,,,,,,,,,,,,,,,,,,,,,,,,,,,,,,,,,,,,,,,,,,,,,,,,,,,,,,,,,,,,,,,,,,,,,,,"homeInsight","$","https://www.zillow.com/homedetails/138-35-39th-Ave-APT-8G-Flushing-NY-11354/2077007053_zpid/","Sound proof windows","https://www.zillow.com/new-york-ny/sold/?searchQueryState=%7B%22pagination%22%3A%7B%7D%2C%22isMapVisible%22%3Atrue%2C%22mapBounds%22%3A%7B%22west%22%3A-74.53681106926112%2C%22east%22%3A-73.03443069816737%2C%22south%22%3A40.31863233929078%2C%22north%22%3A41.12626731376089%7D%2C%22regionSelection%22%3A%5B%7B%22regionId%22%3A6181%2C%22regionType%22%3A6%7D%5D%2C%22filterState%22%3A%7B%22sort%22%3A%7B%22value%22%3A%22globalrelevanceex%22%7D%2C%22rs%22%3A%7B%22value%22%3Atrue%7D%2C%22fsba%22%3A%7B%22value%22%3Afalse%7D%2C%22fsbo%22%3A%7B%22value%22%3Afalse%7D%2C%22nc%22%3A%7B%22value%22%3Afalse%7D%2C%22cmsn%22%3A%7B%22value%22%3Afalse%7D%2C%22auc%22%3A%7B%22value%22%3Afalse%7D%2C%22fore%22%3A%7B%22value%22%3Afalse%7D%2C%22price%22%3A%7B%22max%22%3A2000000%2C%22min%22%3A100000%7D%2C%22land%22%3A%7B%22value%22%3Afalse%7D%2C%22manu%22%3A%7B%22value%22%3Afalse%7D%2C%22doz%22%3A%7B%22value%22%3A%2224m%22%7D%2C%22mf%22%3A%7B%22value%22%3Afalse%7D%2C%22tow%22%3A%7B%22value%22%3Afalse%7D%7D%2C%22isListVisible%22%3Atrue%2C%22usersSearchTerm%22%3A%22New%20York%20NY%22%7D","1","false","true","true",,"false","2","3","Flushing",,"UNDER_CONTRACT","USA","USD",,"1777100400000","2","RECENTLY_SOLD","FOR_SALE","CONDO","false","true","false","false",,"false","false","false","40.76124","true",,,,,,,,"1283","-73.82771",,,,,,,,,,,,,,,,,,,"1450000",,"1490000",,"5020",,,"false","NY","138-35 39 AVENUE UNIT 8G",,"224447000","Apt 8G",,"1330300","11354","2077007053","2077007053","https://photos.zillowstatic.com/fp/0433240c2c806fe563ecf62199f913c9-p_e.jpg","https://photos.zillowstatic.com/fp/464ad42e5f4f4a61544ab7d3b6721129-zillow_web_48_23.jpg","false","false","false",,"false","false","false","false","false","false","40.76124","-73.82771","true","Non Owner Occupied",,,,,,"6955001_S1784424","RecentlySold",,"RecentlySold","false","Unknown Listed By","false","false","$1.45M","Sold","SOLD",,,"1450000","1330300",,,,,,,,"2077007053"
"232 Betts Ave, Bronx, NY 10473","Bronx","NY","232 Betts Ave","10473","2280",,,,,,,,,,,,,,,,,,,,,,,,,,,,,,,,,,,,,,,,,,,,,,,,,,,,,,,,,,,,,,,,,,,,,,,,,,,,,,,,,,,,,,,,,,,,,,,,,,,,,,,,,,,,,,,,,,,,,,,,,,,,,,,,,,,,,,,,,,,,,,,,,,,,,,,,,,,,,,,,,,,,,,,,,,,,,,,,,,,,,,,,,,,,,,,,,,,,,,,,,,,,,,,,,,,,"$","https://www.zillow.com/homedetails/232-Betts-Ave-Bronx-NY-10473/29790775_zpid/",,"https://www.zillow.com/new-york-ny/sold/?searchQueryState=%7B%22pagination%22%3A%7B%7D%2C%22isMapVisible%22%3Atrue%2C%22mapBounds%22%3A%7B%22west%22%3A-74.53681106926112%2C%22east%22%3A-73.03443069816737%2C%22south%22%3A40.31863233929078%2C%22north%22%3A41.12626731376089%7D%2C%22regionSelection%22%3A%5B%7B%22regionId%22%3A6181%2C%22regionType%22%3A6%7D%5D%2C%22filterState%22%3A%7B%22sort%22%3A%7B%22value%22%3A%22globalrelevanceex%22%7D%2C%22rs%22%3A%7B%22value%22%3Atrue%7D%2C%22fsba%22%3A%7B%22value%22%3Afalse%7D%2C%22fsbo%22%3A%7B%22value%22%3Afalse%7D%2C%22nc%22%3A%7B%22value%22%3Afalse%7D%2C%22cmsn%22%3A%7B%22value%22%3Afalse%7D%2C%22auc%22%3A%7B%22value%22%3Afalse%7D%2C%22fore%22%3A%7B%22value%22%3Afalse%7D%2C%22price%22%3A%7B%22max%22%3A2000000%2C%22min%22%3A100000%7D%2C%22land%22%3A%7B%22value%22%3Afalse%7D%2C%22manu%22%3A%7B%22value%22%3Afalse%7D%2C%22doz%22%3A%7B%22value%22%3A%2224m%22%7D%2C%22mf%22%3A%7B%22value%22%3Afalse%7D%2C%22tow%22%3A%7B%22value%22%3Afalse%7D%7D%2C%22isListVisible%22%3Atrue%2C%22usersSearchTerm%22%3A%22New%20York%20NY%22%7D","1","false","false",,,"false",,,"Bronx",,,"USA","USD",,"1777014000000","3","RECENTLY_SOLD","RECENTLY_SOLD","SINGLE_FAMILY","false","true","false","false",,"false","false","false","40.811234",,,,,,,,,"2280","-73.85012","sqft","2325",,,,,,,,,,,,,,,,,"346380",,"346380",,"4210",,,"false","NY","232 Betts Ave","603000","310847000",,,"596000","10473","29790775","29790775","https://maps.googleapis.com/maps/api/staticmap?mobile=false&sensor=true&maptype=satellite&size=575x242&zoom=17&center=40.81123352050781,-73.8501205444336&key=AIzaSyBWYJWCA8FNMQvSe_k3LKfDGJaEgdKwsco&signature=Kssg-SasjCbRqJtoCC1psq7KG3w=",,"false","false","false",,"false","false","false","false","false","false","40.811234","-73.85012","true","Non Owner Occupied",,,,,,"f86d88f63366d6fb4e0e7d66e886ba25","RecentlySold",,"RecentlySold","false","Unknown Listed By","false","false","$346,380","Sold","SOLD","https://maps.googleapis.com/maps/api/streetview/metadata?location=40.81123352050781,-73.8501205444336&source=outdoor&key=AIzaSyBWYJWCA8FNMQvSe_k3LKfDGJaEgdKwsco&signature=7PR-yrLp4VQbqHOAN3_jEXC-RqA=","https://maps.googleapis.com/maps/api/streetview?size=575x242&location=40.81123352050781,-73.8501205444336&source=outdoor&key=AIzaSyBWYJWCA8FNMQvSe_k3LKfDGJaEgdKwsco&signature=k8hALdh4Xhv-TkxdgwMoQ1l-tmU=","346380","596000",,,,,,,,"29790775"
"1576 Unionport Road #5F, Bronx, NY 10462","Bronx","NY","1576 Unionport Road #5F","10462","872",,"1","2","Han Tang Realty Inc.","https://photos.zillowstatic.com/fp/{photoKey}-p_e.jpg",,,,,,,,,,"false","9adcbc29215e889d2250cbd9a1293dad",,,,,,,,,,,,,,,,,,,,,,,,,,,,,,,,,,,,,,,,,,,,,,,,,,,,,,,,,,,,,,,,,,,,,,,,,,,,,,,,,,,,,,,,,,,,,,,,,,,,,,,,,,,,,,,,,,,,,,,,,,,,,,,,,,,,,,,,,,,,,,,,,,,,,,,,,,,,,,,,,,,,,,,,,,,,,,,,,,,,,,,,,,,,,,,,,,,"soldDate","$","https://www.zillow.com/homedetails/1576-Unionport-Rd-APT-5F-Bronx-NY-10462/29807859_zpid/","Sold 04/24/26","https://www.zillow.com/new-york-ny/sold/?searchQueryState=%7B%22pagination%22%3A%7B%7D%2C%22isMapVisible%22%3Atrue%2C%22mapBounds%22%3A%7B%22west%22%3A-74.53681106926112%2C%22east%22%3A-73.03443069816737%2C%22south%22%3A40.31863233929078%2C%22north%22%3A41.12626731376089%7D%2C%22regionSelection%22%3A%5B%7B%22regionId%22%3A6181%2C%22regionType%22%3A6%7D%5D%2C%22filterState%22%3A%7B%22sort%22%3A%7B%22value%22%3A%22globalrelevanceex%22%7D%2C%22rs%22%3A%7B%22value%22%3Atrue%7D%2C%22fsba%22%3A%7B%22value%22%3Afalse%7D%2C%22fsbo%22%3A%7B%22value%22%3Afalse%7D%2C%22nc%22%3A%7B%22value%22%3Afalse%7D%2C%22cmsn%22%3A%7B%22value%22%3Afalse%7D%2C%22auc%22%3A%7B%22value%22%3Afalse%7D%2C%22fore%22%3A%7B%22value%22%3Afalse%7D%2C%22price%22%3A%7B%22max%22%3A2000000%2C%22min%22%3A100000%7D%2C%22land%22%3A%7B%22value%22%3Afalse%7D%2C%22manu%22%3A%7B%22value%22%3Afalse%7D%2C%22doz%22%3A%7B%22value%22%3A%2224m%22%7D%2C%22mf%22%3A%7B%22value%22%3Afalse%7D%2C%22tow%22%3A%7B%22value%22%3Afalse%7D%7D%2C%22isListVisible%22%3Atrue%2C%22usersSearchTerm%22%3A%22New%20York%20NY%22%7D","1","false","true","true",,"false","1","2","Bronx",,,"USA","USD",,"1777014000000","3","RECENTLY_SOLD","RECENTLY_SOLD","CONDO","false","true","false","false",,"false","false","false","40.84057",,,,,,,,,"872","-73.85886",,,,,,,,,,,,,,,,,,,"355000",,"355000",,"2829",,,"false","NY","1576 Unionport Road #5F","72228","310847000","Apt 5F",,,"10462","29807859","29807859","https://photos.zillowstatic.com/fp/9adcbc29215e889d2250cbd9a1293dad-p_e.jpg","https://photos.zillowstatic.com/fp/464ad42e5f4f4a61544ab7d3b6721129-zillow_web_48_23.jpg","false","false","false",,"false","false","false","false","false","false","40.84057","-73.85886","true","RecentChange",,,,,,"778001_954921","RecentlySold",,"RecentlySold","false","RecentChange","false","false","$355,000","Sold","SOLD",,,"355000",,,,,,,,,"29807859"
"1605 Metropolitan Ave APT 4H, Bronx, NY 10462","Bronx","NY","1605 Metropolitan Ave APT 4H","10462","801",,"0",,,"https://photos.zillowstatic.com/fp/{photoKey}-p_e.jpg",,,,,,,,,,"false","3344ec55d3a604f150da494f3b83a67d","ce660bf32dda21e53a11eb94ea9f6671","0e341031eed1690c684718d7ff7814d8","f7906550e9840042daccf429a493c570",,,,,,,,,,,,,,,,,,,,,,,,,,,,,,,,,,,,,,,,,,,,,,,,,,,,,,,,,,,,,,,,,,,,,,,,,,,,,,,,,,,,,,,,,,,,,,,,,,,,,,,,,,,,,,,,,,,,,,,,,,,,,,,,,,,,,,,,,,,,,,,,,,,,,,,,,,,,,,,,,,,,,,,,,,,,,,,,,,,,,,,,,,,,,,,,,"$","https://www.zillow.com/homedetails/1605-Metropolitan-Ave-APT-4H-Bronx-NY-10462/29810124_zpid/",,"https://www.zillow.com/new-york-ny/sold/?searchQueryState=%7B%22pagination%22%3A%7B%7D%2C%22isMapVisible%22%3Atrue%2C%22mapBounds%22%3A%7B%22west%22%3A-74.53681106926112%2C%22east%22%3A-73.03443069816737%2C%22south%22%3A40.31863233929078%2C%22north%22%3A41.12626731376089%7D%2C%22regionSelection%22%3A%5B%7B%22regionId%22%3A6181%2C%22regionType%22%3A6%7D%5D%2C%22filterState%22%3A%7B%22sort%22%3A%7B%22value%22%3A%22globalrelevanceex%22%7D%2C%22rs%22%3A%7B%22value%22%3Atrue%7D%2C%22fsba%22%3A%7B%22value%22%3Afalse%7D%2C%22fsbo%22%3A%7B%22value%22%3Afalse%7D%2C%22nc%22%3A%7B%22value%22%3Afalse%7D%2C%22cmsn%22%3A%7B%22value%22%3Afalse%7D%2C%22auc%22%3A%7B%22value%22%3Afalse%7D%2C%22fore%22%3A%7B%22value%22%3Afalse%7D%2C%22price%22%3A%7B%22max%22%3A2000000%2C%22min%22%3A100000%7D%2C%22land%22%3A%7B%22value%22%3Afalse%7D%2C%22manu%22%3A%7B%22value%22%3Afalse%7D%2C%22doz%22%3A%7B%22value%22%3A%2224m%22%7D%2C%22mf%22%3A%7B%22value%22%3Afalse%7D%2C%22tow%22%3A%7B%22value%22%3Afalse%7D%7D%2C%22isListVisible%22%3Atrue%2C%22usersSearchTerm%22%3A%22New%20York%20NY%22%7D","1","false","false","true",,"false","0",,"Bronx",,,"USA","USD",,"1777014000000","3","RECENTLY_SOLD","RECENTLY_SOLD","CONDO","false","true","false","false",,"false","false","false","40.84057",,,,,,,,,"801","-73.85886",,,,,,,,,,,,,,,,,,,"223080",,"223080",,"2459",,,"false","NY","1605 Metropolitan Ave APT 4H","55283","310847000","Apt 4H",,"255200","10462","29810124","29810124","https://photos.zillowstatic.com/fp/3344ec55d3a604f150da494f3b83a67d-p_e.jpg",,"false","false","false",,"false","false","false","false","false","false","40.84057","-73.85886","true","Non Owner Occupied",,,,,,"16a06fef05545d9d30643d0766c49d73","RecentlySold",,"RecentlySold","false","Unknown Listed By","false","false","$223,080","Sold","SOLD",,,"223080","255200",,,,,,,,"29810124"
"1479 Ohm Ave, Bronx, NY 10465","Bronx","NY","1479 Ohm Ave","10465","4800",,"5","3",,,,,,,,,,,,,,,,,,,,,,,,,,,,,,,,,,,,,,,,,,,,,,,,,,,,,,,,,,,,,,,,,,,,,,,,,,,,,,,,,,,,,,,,,,,,,,,,,,,,,,,,,,,,,,,,,,,,,,,,,,,,,,,,,,,,,,,,,,,,,,,,,,,,,,,,,,,,,,,,,,,,,,,,,,,,,,,,,,,,,,,,,,,,,,,,,,,,,,,,,,,,,,,,,"$","https://www.zillow.com/homedetails/1479-Ohm-Ave-Bronx-NY-10465/29843732_zpid/",,"https://www.zillow.com/new-york-ny/sold/?searchQueryState=%7B%22pagination%22%3A%7B%7D%2C%22isMapVisible%22%3Atrue%2C%22mapBounds%22%3A%7B%22west%22%3A-74.53681106926112%2C%22east%22%3A-73.03443069816737%2C%22south%22%3A40.31863233929078%2C%22north%22%3A41.12626731376089%7D%2C%22regionSelection%22%3A%5B%7B%22regionId%22%3A6181%2C%22regionType%22%3A6%7D%5D%2C%22filterState%22%3A%7B%22sort%22%3A%7B%22value%22%3A%22globalrelevanceex%22%7D%2C%22rs%22%3A%7B%22value%22%3Atrue%7D%2C%22fsba%22%3A%7B%22value%22%3Afalse%7D%2C%22fsbo%22%3A%7B%22value%22%3Afalse%7D%2C%22nc%22%3A%7B%22value%22%3Afalse%7D%2C%22cmsn%22%3A%7B%22value%22%3Afalse%7D%2C%22auc%22%3A%7B%22value%22%3Afalse%7D%2C%22fore%22%3A%7B%22value%22%3Afalse%7D%2C%22price%22%3A%7B%22max%22%3A2000000%2C%22min%22%3A100000%7D%2C%22land%22%3A%7B%22value%22%3Afalse%7D%2C%22manu%22%3A%7B%22value%22%3Afalse%7D%2C%22doz%22%3A%7B%22value%22%3A%2224m%22%7D%2C%22mf%22%3A%7B%22value%22%3Afalse%7D%2C%22tow%22%3A%7B%22value%22%3Afalse%7D%7D%2C%22isListVisible%22%3Atrue%2C%22usersSearchTerm%22%3A%22New%20York%20NY%22%7D","1","false","false",,,"false","5","3","Bronx",,,"USA","USD",,"1777014000000","3","RECENTLY_SOLD","RECENTLY_SOLD","SINGLE_FAMILY","false","true","false","false",,"false","false","false","40.843784",,,,,,,,,"4800","-73.82162","sqft","3750",,,,,,,,,,,,,,,,,"1275000",,"1275000",,"6005",,,"false","NY","1479 Ohm Ave","1121000","310847000",,,"1219800","10465","29843732","29843732","https://maps.googleapis.com/maps/api/staticmap?mobile=false&sensor=true&maptype=satellite&size=575x242&zoom=17&center=40.84378433227539,-73.82161712646484&key=AIzaSyBWYJWCA8FNMQvSe_k3LKfDGJaEgdKwsco&signature=aT7Gf0n4TkpXAbJY6TKAZIoNjFo=",,"false","false","false",,"false","false","false","false","false","false","40.843784","-73.82162","true","Non Owner Occupied",,,,,,"fc18f9b0a6c31e191c7f07fdcece7fe4","RecentlySold",,"RecentlySold","false","Unknown Listed By","false","false","$1.28M","Sold","SOLD","https://maps.googleapis.com/maps/api/streetview/metadata?location=40.84378433227539,-73.82161712646484&source=outdoor&key=AIzaSyBWYJWCA8FNMQvSe_k3LKfDGJaEgdKwsco&signature=KS5f3r0vqpAZ662np3hrIDteMQA=","https://maps.googleapis.com/maps/api/streetview?size=575x242&location=40.84378433227539,-73.82161712646484&source=outdoor&key=AIzaSyBWYJWCA8FNMQvSe_k3LKfDGJaEgdKwsco&signature=bJxjPaqCtTXFYcsSL69A7AuSGJk=","1275000","1219800",,,,,,,,"29843732"
"4538 Greystone Ave, Bronx, NY 10471","Bronx","NY","4538 Greystone Ave","10471","2904",,"3","4",,"https://photos.zillowstatic.com/fp/{photoKey}-p_e.jpg",,,,,,,,,,"false","05dc2074d3efc2f191d00294e6811ad6","f4ff2a76487f65c8f1e9a33df1311f4f","9fa1a6ffef4fcd1bd5e1a45f259c77c1","561f3543c90a1a3bc89cd0454f75883a","3f6a4aa5b34381325dcec6144a575e47","c0d7b901e9f16d48fc92e0f369673f00","0d23e4536745aee3b59bd861700ff454","215fa812f16a63306773dafc72f62f40","a12f6bd71f400866fe19eae237095f63","81dfd1dee086a853605fbb24a4ba406b","f09bf30e87dbac63b4cfec4651eaabc4","1886db911434f2622804eca2144b6134","c770b60928686327de281491251f412b","3eb7b12f1c3265e0709ab68571e813c5","65e684f2d7a2670f55719e0592a5d45f","5a6f66cedadb1a6ffb0873f3bf47beb9",,,,,,,,,,,,,,,,,,,,,,,,,,,,,,,,,,,,,,,,,,,,,,,,,,,,,,,,,,,,,,,,,,,,,,,,,,,,,,,,,,,,,,,,,,,,,,,,,,,,,,,,,,,,,,,,,,,,,,,,,,,,,,,,,,,,,,,,,,,,,,,,,,,,,,,,,,,,,,,,,,,,,,,,,,,,,,,,,,,,,"$","https://www.zillow.com/homedetails/4538-Greystone-Ave-Bronx-NY-10471/29852611_zpid/",,"https://www.zillow.com/new-york-ny/sold/?searchQueryState=%7B%22pagination%22%3A%7B%7D%2C%22isMapVisible%22%3Atrue%2C%22mapBounds%22%3A%7B%22west%22%3A-74.53681106926112%2C%22east%22%3A-73.03443069816737%2C%22south%22%3A40.31863233929078%2C%22north%22%3A41.12626731376089%7D%2C%22regionSelection%22%3A%5B%7B%22regionId%22%3A6181%2C%22regionType%22%3A6%7D%5D%2C%22filterState%22%3A%7B%22sort%22%3A%7B%22value%22%3A%22globalrelevanceex%22%7D%2C%22rs%22%3A%7B%22value%22%3Atrue%7D%2C%22fsba%22%3A%7B%22value%22%3Afalse%7D%2C%22fsbo%22%3A%7B%22value%22%3Afalse%7D%2C%22nc%22%3A%7B%22value%22%3Afalse%7D%2C%22cmsn%22%3A%7B%22value%22%3Afalse%7D%2C%22auc%22%3A%7B%22value%22%3Afalse%7D%2C%22fore%22%3A%7B%22value%22%3Afalse%7D%2C%22price%22%3A%7B%22max%22%3A2000000%2C%22min%22%3A100000%7D%2C%22land%22%3A%7B%22value%22%3Afalse%7D%2C%22manu%22%3A%7B%22value%22%3Afalse%7D%2C%22doz%22%3A%7B%22value%22%3A%2224m%22%7D%2C%22mf%22%3A%7B%22value%22%3Afalse%7D%2C%22tow%22%3A%7B%22value%22%3Afalse%7D%7D%2C%22isListVisible%22%3Atrue%2C%22usersSearchTerm%22%3A%22New%20York%20NY%22%7D","1","false","false","true",,"false","3","4","Bronx",,,"USA","USD",,"1777014000000","3","RECENTLY_SOLD","RECENTLY_SOLD","SINGLE_FAMILY","false","true","false","false",,"false","false","false","40.893307",,,,,,,,,"2904","-73.90233","sqft","5788",,,,,,,,,,,,,,,,,"1878000",,"1878000",,"5792",,,"false","NY","4538 Greystone Ave","1270000","310847000",,,,"10471","29852611","29852611","https://photos.zillowstatic.com/fp/05dc2074d3efc2f191d00294e6811ad6-p_e.jpg",,"false","false","false",,"false","false","false","false","false","false","40.893307","-73.90233","true","Non Owner Occupied",,,,,,"367c6c94dc32df70ffdee84944723a2a","RecentlySold",,"RecentlySold","false","Unknown Listed By","false","false","$1.88M","Sold","SOLD",,,"1878000",,,,,,,,,"29852611"
"75 Reeve Pl, Brooklyn, NY 11218","Brooklyn","NY","75 Reeve Pl","11218","1605",,,,,,,,,,,,,,,,,,,,,,,,,,,,,,,,,,,,,,,,,,,,,,,,,,,,,,,,,,,,,,,,,,,,,,,,,,,,,,,,,,,,,,,,,,,,,,,,,,,,,,,,,,,,,,,,,,,,,,,,,,,,,,,,,,,,,,,,,,,,,,,,,,,,,,,,,,,,,,,,,,,,,,,,,,,,,,,,,,,,,,,,,,,,,,,,,,,,,,,,,,,,,,,,,,,,"$","https://www.zillow.com/homedetails/75-Reeve-Pl-Brooklyn-NY-11218/30671276_zpid/",,"https://www.zillow.com/new-york-ny/sold/?searchQueryState=%7B%22pagination%22%3A%7B%7D%2C%22isMapVisible%22%3Atrue%2C%22mapBounds%22%3A%7B%22west%22%3A-74.53681106926112%2C%22east%22%3A-73.03443069816737%2C%22south%22%3A40.31863233929078%2C%22north%22%3A41.12626731376089%7D%2C%22regionSelection%22%3A%5B%7B%22regionId%22%3A6181%2C%22regionType%22%3A6%7D%5D%2C%22filterState%22%3A%7B%22sort%22%3A%7B%22value%22%3A%22globalrelevanceex%22%7D%2C%22rs%22%3A%7B%22value%22%3Atrue%7D%2C%22fsba%22%3A%7B%22value%22%3Afalse%7D%2C%22fsbo%22%3A%7B%22value%22%3Afalse%7D%2C%22nc%22%3A%7B%22value%22%3Afalse%7D%2C%22cmsn%22%3A%7B%22value%22%3Afalse%7D%2C%22auc%22%3A%7B%22value%22%3Afalse%7D%2C%22fore%22%3A%7B%22value%22%3Afalse%7D%2C%22price%22%3A%7B%22max%22%3A2000000%2C%22min%22%3A100000%7D%2C%22land%22%3A%7B%22value%22%3Afalse%7D%2C%22manu%22%3A%7B%22value%22%3Afalse%7D%2C%22doz%22%3A%7B%22value%22%3A%2224m%22%7D%2C%22mf%22%3A%7B%22value%22%3Afalse%7D%2C%22tow%22%3A%7B%22value%22%3Afalse%7D%7D%2C%22isListVisible%22%3Atrue%2C%22usersSearchTerm%22%3A%22New%20York%20NY%22%7D","1","false","false",,,"false",,,"Brooklyn",,,"USA","USD",,"1777014000000","3","RECENTLY_SOLD","RECENTLY_SOLD","SINGLE_FAMILY","false","true","false","false",,"false","false","false","40.65378",,,,,,,,,"1605","-73.97401","sqft","1250",,,,,,,,,,,,,,,,,"1900000",,"1900000",,"4545",,,"false","NY","75 Reeve Pl","1989000","310847000",,,"1964800","11218","30671276","30671276","https://maps.googleapis.com/maps/api/staticmap?mobile=false&sensor=true&maptype=satellite&size=575x242&zoom=17&center=40.65378189086914,-73.97400665283203&key=AIzaSyBWYJWCA8FNMQvSe_k3LKfDGJaEgdKwsco&signature=gNM1THmQAlLtf3HE44bavA_6noI=",,"false","false","false",,"false","false","false","false","false","false","40.65378","-73.97401","true","Non Owner Occupied",,,,,,"afb72754cf498434cd8263fcbcb5db40","RecentlySold",,"RecentlySold","false","Unknown Listed By","false","false","$1.90M","Sold","SOLD","https://maps.googleapis.com/maps/api/streetview/metadata?location=40.65378189086914,-73.97400665283203&source=outdoor&key=AIzaSyBWYJWCA8FNMQvSe_k3LKfDGJaEgdKwsco&signature=GQKDoOftPoA5IQQT_AEc9JzWJPU=","https://maps.googleapis.com/maps/api/streetview?size=575x242&location=40.65378189086914,-73.97400665283203&source=outdoor&key=AIzaSyBWYJWCA8FNMQvSe_k3LKfDGJaEgdKwsco&signature=Z7oUYkaWVTu07A40bECODQA4gw4=","1900000","1964800",,,,,,,,"30671276"
"3225 Shore Pkwy APT 3B, Brooklyn, NY 11235","Brooklyn","NY","3225 Shore Pkwy APT 3B","11235","750",,"1","2",,"https://photos.zillowstatic.com/fp/{photoKey}-p_e.jpg",,,,,,,,,,"false","319a33700f05e8ad567bfa6ae65e9397","91e5a867488372be6e5add7d1201ebef","7b0d84f2cd6502694a9604fff61d7c86","e933e50caa6e21283caeaec1176c40e3","69c07f4debaf50f6b838355ba033bb0b","84b73d07f4df948a4f38cab74564f37a","58da5f7dab362b84684b295129a84797","e8a61a2c9b366c6d8607fbe28a5023db","5117c970fbfd0e43720a5189893a037e","92a0d83da69e5e5619fb1f10c3eb25ee","f001c6e0248442d01a47e934579e4f17","82dc89720cf19b958d5e91ab284d7f56","b7488653a9dbb70393d21d6dc0893470","2f493eb5059016347610418c59e1d57a","b6ed5aec96964f86acd25d073acd167b","c3fa644cb5b8da1fe28d4c5134f1190b","e70e05c2aab7ebbbdd43198bec912f93","501a82646fa2987123db12f8db707d82","20d659f01b75ea74b4f9f80edfc1b815","c4d9ec5a58eef6cf8e818d26b17acc4e","ecc1f6896b51f188ef16c7eabceb6398","00827419cdd2fe6670568f8907e5ff4a","2872300b5b5831d741775aecd51a8379","23a68c0817c1988f10501d3947f86dce","f1776e1431c6b1198cdde48af6e103c1","be53e8b65c50cb3c15f09fed7e34c46e","add6cbc585ff01141f35aa86848cad09","449d59c3637f3bdf091cfd0650b61a14",,,,,,,,,,,,,,,,,,,,,,,,,,,,,,,,,,,,,,,,,,,,,,,,,,,,,,,,,,,,,,,,,,,,,,,,,,,,,,,,,,,,,,,,,,,,,,,,,,,,,,,,,,,,,,,,,,,,,,,,,,,,,,,,,,,,,,,,,,,,,,,,,,,,,,,,,,,,,,,,,,,,,,,,"soldDate","$","https://www.zillow.com/homedetails/3225-Shore-Pkwy-APT-3B-Brooklyn-NY-11235/30749672_zpid/","Sold 04/24/26","https://www.zillow.com/new-york-ny/sold/?searchQueryState=%7B%22pagination%22%3A%7B%7D%2C%22isMapVisible%22%3Atrue%2C%22mapBounds%22%3A%7B%22west%22%3A-74.53681106926112%2C%22east%22%3A-73.03443069816737%2C%22south%22%3A40.31863233929078%2C%22north%22%3A41.12626731376089%7D%2C%22regionSelection%22%3A%5B%7B%22regionId%22%3A6181%2C%22regionType%22%3A6%7D%5D%2C%22filterState%22%3A%7B%22sort%22%3A%7B%22value%22%3A%22globalrelevanceex%22%7D%2C%22rs%22%3A%7B%22value%22%3Atrue%7D%2C%22fsba%22%3A%7B%22value%22%3Afalse%7D%2C%22fsbo%22%3A%7B%22value%22%3Afalse%7D%2C%22nc%22%3A%7B%22value%22%3Afalse%7D%2C%22cmsn%22%3A%7B%22value%22%3Afalse%7D%2C%22auc%22%3A%7B%22value%22%3Afalse%7D%2C%22fore%22%3A%7B%22value%22%3Afalse%7D%2C%22price%22%3A%7B%22max%22%3A2000000%2C%22min%22%3A100000%7D%2C%22land%22%3A%7B%22value%22%3Afalse%7D%2C%22manu%22%3A%7B%22value%22%3Afalse%7D%2C%22doz%22%3A%7B%22value%22%3A%2224m%22%7D%2C%22mf%22%3A%7B%22value%22%3Afalse%7D%2C%22tow%22%3A%7B%22value%22%3Afalse%7D%7D%2C%22isListVisible%22%3Atrue%2C%22usersSearchTerm%22%3A%22New%20York%20NY%22%7D","1","false","false","true",,"false","1","2","Brooklyn",,,"USA","USD",,"1777014000000","3","RECENTLY_SOLD","RECENTLY_SOLD","CONDO","false","true","false","false",,"false","false","false","40.58569",,,,,,,,,"750","-73.95617",,,,,,,,,,,,,,,,,,,"510000",,"510000",,"2629",,,"false","NY","3225 Shore Pkwy APT 3B","540665","310847000","Apt 3B",,"507500","11235","30749672","30749672","https://photos.zillowstatic.com/fp/319a33700f05e8ad567bfa6ae65e9397-p_e.jpg",,"false","false","false",,"false","false","false","false","false","false","40.58569","-73.95617","true","RecentChange",,,,,,"479004_494679","RecentlySold",,"RecentlySold","false","RecentChange","false","false","$510,000","Sold","SOLD",,,"510000","507500",,,,,,,,"30749672"
"738 E 95th Streets, Brooklyn, NY 11236","Brooklyn","NY","738 E 95th Streets","11236","2400",,"3","5","Keller Williams Realty Greater","https://photos.zillowstatic.com/fp/{photoKey}-p_e.jpg",,,,,,,,,,"false","977f4f8f9003b7ec5b76b6549bf647c8",,,,,,,,,,,,,,,,,,,,,,,,,,,,,,,,,,,,,,,,,,,,,,,,,,,,,,,,,,,,,,,,,,,,,,,,,,,,,,,,,,,,,,,,,,,,,,,,,,,,,,,,,,,,,,,,,,,,,,,,,,,,,,,,,,,,,,,,,,,,,,,,,,,,,,,,,,,,,,,,,,,,,,,,,,,,,,,,,,,,,,,,,,,,,,,,,,,"soldDate","$","https://www.zillow.com/homedetails/738-E-95th-St-Brooklyn-NY-11236/30772808_zpid/","Sold 04/24/26","https://www.zillow.com/new-york-ny/sold/?searchQueryState=%7B%22pagination%22%3A%7B%7D%2C%22isMapVisible%22%3Atrue%2C%22mapBounds%22%3A%7B%22west%22%3A-74.53681106926112%2C%22east%22%3A-73.03443069816737%2C%22south%22%3A40.31863233929078%2C%22north%22%3A41.12626731376089%7D%2C%22regionSelection%22%3A%5B%7B%22regionId%22%3A6181%2C%22regionType%22%3A6%7D%5D%2C%22filterState%22%3A%7B%22sort%22%3A%7B%22value%22%3A%22globalrelevanceex%22%7D%2C%22rs%22%3A%7B%22value%22%3Atrue%7D%2C%22fsba%22%3A%7B%22value%22%3Afalse%7D%2C%22fsbo%22%3A%7B%22value%22%3Afalse%7D%2C%22nc%22%3A%7B%22value%22%3Afalse%7D%2C%22cmsn%22%3A%7B%22value%22%3Afalse%7D%2C%22auc%22%3A%7B%22value%22%3Afalse%7D%2C%22fore%22%3A%7B%22value%22%3Afalse%7D%2C%22price%22%3A%7B%22max%22%3A2000000%2C%22min%22%3A100000%7D%2C%22land%22%3A%7B%22value%22%3Afalse%7D%2C%22manu%22%3A%7B%22value%22%3Afalse%7D%2C%22doz%22%3A%7B%22value%22%3A%2224m%22%7D%2C%22mf%22%3A%7B%22value%22%3Afalse%7D%2C%22tow%22%3A%7B%22value%22%3Afalse%7D%7D%2C%22isListVisible%22%3Atrue%2C%22usersSearchTerm%22%3A%22New%20York%20NY%22%7D","1","false","true","true",,"false","3","5","Brooklyn",,,"USA","USD",,"1777014000000","3","RECENTLY_SOLD","RECENTLY_SOLD","SINGLE_FAMILY","false","true","false","false",,"false","false","false","40.65066",,,,,,,,,"2400","-73.91172","sqft","2400",,,,,,,,,,,,,,,,,"850000",,"850000",,"3363",,,"false","NY","738 E 95th Streets","623000","310847000",,,,"11236","30772808","30772808","https://photos.zillowstatic.com/fp/977f4f8f9003b7ec5b76b6549bf647c8-p_e.jpg","https://photos.zillowstatic.com/fp/464ad42e5f4f4a61544ab7d3b6721129-zillow_web_48_23.jpg","false","false","false",,"false","false","false","false","false","false","40.65066","-73.91172","true","RecentChange",,,,,,"778001_959184","RecentlySold",,"RecentlySold","false","RecentChange","false","false","$850,000","Sold","SOLD",,,"850000",,,,,,,,,"30772808"
"217 E 5th St, New York, NY 10003","New York","NY","217 E 5th St","10003","2300",,"3","2",,"https://photos.zillowstatic.com/fp/{photoKey}-p_e.jpg",,,,,,,,,,"false","13b85f072abbccd0e9d2a0e462de5ab3","594cbc61155ef7d10c504965f3ab2d78","872711572751b20ddc30eb7655159e59","27c2d3f03cba2cec7d9af6f1c88f3653","fd5dbe11fd80c56e19203c3ae4f383aa","c327797dc588fdc1b1633c5d8d74dab8","eccfeffa41c9706141c2754f408fc102","0ec0adf47c389935d0c44e270ae3b25a","ee240a6cc3ac26269d23743473f0cfbb","10ce81288f27d60f06714e70abdc186b","10e2b213a2329a7e05e258239f6ed936","8c2818ebe3e4f84e4595919f668623e6","61ff39741bb856d6cd3dfe72b8fc3d74",,,,,,,,,,,,,,,,,,,,,,,,,,,,,,,,,,,,,,,,,,,,,,,,,,,,,,,,,,,,,,,,,,,,,,,,,,,,,,,,,,,,,,,,,,,,,,,,,,,,,,,,,,,,,,,,,,,,,,,,,,,,,,,,,,,,,,,,,,,,,,,,,,,,,,,,,,,,,,,,,,,,,,,,,,,,,,,,,,,,,,,,"$","https://www.zillow.com/homedetails/217-E-5th-St-New-York-NY-10003/31496738_zpid/",,"https://www.zillow.com/new-york-ny/sold/?searchQueryState=%7B%22pagination%22%3A%7B%7D%2C%22isMapVisible%22%3Atrue%2C%22mapBounds%22%3A%7B%22west%22%3A-74.53681106926112%2C%22east%22%3A-73.03443069816737%2C%22south%22%3A40.31863233929078%2C%22north%22%3A41.12626731376089%7D%2C%22regionSelection%22%3A%5B%7B%22regionId%22%3A6181%2C%22regionType%22%3A6%7D%5D%2C%22filterState%22%3A%7B%22sort%22%3A%7B%22value%22%3A%22globalrelevanceex%22%7D%2C%22rs%22%3A%7B%22value%22%3Atrue%7D%2C%22fsba%22%3A%7B%22value%22%3Afalse%7D%2C%22fsbo%22%3A%7B%22value%22%3Afalse%7D%2C%22nc%22%3A%7B%22value%22%3Afalse%7D%2C%22cmsn%22%3A%7B%22value%22%3Afalse%7D%2C%22auc%22%3A%7B%22value%22%3Afalse%7D%2C%22fore%22%3A%7B%22value%22%3Afalse%7D%2C%22price%22%3A%7B%22max%22%3A2000000%2C%22min%22%3A100000%7D%2C%22land%22%3A%7B%22value%22%3Afalse%7D%2C%22manu%22%3A%7B%22value%22%3Afalse%7D%2C%22doz%22%3A%7B%22value%22%3A%2224m%22%7D%2C%22mf%22%3A%7B%22value%22%3Afalse%7D%2C%22tow%22%3A%7B%22value%22%3Afalse%7D%7D%2C%22isListVisible%22%3Atrue%2C%22usersSearchTerm%22%3A%22New%20York%20NY%22%7D","1","false","false","true",,"false","3","2","New York",,,"USA","USD",,"1777014000000","3","RECENTLY_SOLD","RECENTLY_SOLD","APARTMENT","false","true","false","false",,"false","false","false","40.72753",,,,,,,,,"2300","-73.99017","sqft","2425",,,,,,,,,,,,,,,,,"600000",,"600000",,"7850",,,"false","NY","217 E 5th St","5247942","310847000",,,"819400","10003","31496738","31496738","https://photos.zillowstatic.com/fp/13b85f072abbccd0e9d2a0e462de5ab3-p_e.jpg",,"false","false","false",,"false","false","false","false","false","false","40.72753","-73.99017","true","Non Owner Occupied",,,,,,"f3b97af578025b297e77c8a7f60136cf","RecentlySold",,"RecentlySold","false","Unknown Listed By","false","false","$600,000","Sold","SOLD",,,"600000","819400",,,,,,,,"31496738"
"250 E 40th St APT 17F, New York, NY 10016","New York","NY","250 E 40th St APT 17F","10016","883",,"2","1",,"https://photos.zillowstatic.com/fp/{photoKey}-p_e.jpg",,,,,,,,,,"false","57fe857314fa806cdd3ae37e7b8c0e16","a1e6bb66d18a271ceea4d893b7e390eb","438858f40c7293ac8c3011d3f5a862e2","75c6bf698ab35cb3e5f6fde8a3d6a865","88cbb8ec5beee1124ab44fe931ca9abf","4335f5c33302afbd7a8c17e002e9758c","10b08087979ca233a91a8e414370c78b","81c6d3d1161f7d64994ff9c8e43aeab8","bc90c37ea97cfc8babb494a9bb648827","b9fe433e773f90794504c9a01cba2aa8","68949e6e91ac525fbfd7d35fb44f1c48","c8164c33a6a3712518f45241e05f32db","115ec79663a01f05d6aa91de268d5178","2a1e552c80e86e42138dc4220f6f4112","250eccb5d3660e8f5e036d7ee551c284","9610f6e3118a8ce89bfea05969f33be7",,,,,,,,,,,,,,,,,,,,,,,,,,,,,,,,,,,,,,,,,,,,,,,,,,,,,,,,,,,,,,,,,,,,,,,,,,,,,,,,,,,,,,,,,,,,,,,,,,,,,,,,,,,,,,,,,,,,,,,,,,,,,,,,,,,,,,,,,,,,,,,,,,,,,,,,,,,,,,,,,,,,,,,,,,,,,,,,,,,,"soldDate","$","https://www.zillow.com/homedetails/250-E-40th-St-APT-17F-New-York-NY-10016/31508654_zpid/","Sold 04/24/26","https://www.zillow.com/new-york-ny/sold/?searchQueryState=%7B%22pagination%22%3A%7B%7D%2C%22isMapVisible%22%3Atrue%2C%22mapBounds%22%3A%7B%22west%22%3A-74.53681106926112%2C%22east%22%3A-73.03443069816737%2C%22south%22%3A40.31863233929078%2C%22north%22%3A41.12626731376089%7D%2C%22regionSelection%22%3A%5B%7B%22regionId%22%3A6181%2C%22regionType%22%3A6%7D%5D%2C%22filterState%22%3A%7B%22sort%22%3A%7B%22value%22%3A%22globalrelevanceex%22%7D%2C%22rs%22%3A%7B%22value%22%3Atrue%7D%2C%22fsba%22%3A%7B%22value%22%3Afalse%7D%2C%22fsbo%22%3A%7B%22value%22%3Afalse%7D%2C%22nc%22%3A%7B%22value%22%3Afalse%7D%2C%22cmsn%22%3A%7B%22value%22%3Afalse%7D%2C%22auc%22%3A%7B%22value%22%3Afalse%7D%2C%22fore%22%3A%7B%22value%22%3Afalse%7D%2C%22price%22%3A%7B%22max%22%3A2000000%2C%22min%22%3A100000%7D%2C%22land%22%3A%7B%22value%22%3Afalse%7D%2C%22manu%22%3A%7B%22value%22%3Afalse%7D%2C%22doz%22%3A%7B%22value%22%3A%2224m%22%7D%2C%22mf%22%3A%7B%22value%22%3Afalse%7D%2C%22tow%22%3A%7B%22value%22%3Afalse%7D%7D%2C%22isListVisible%22%3Atrue%2C%22usersSearchTerm%22%3A%22New%20York%20NY%22%7D","1","false","false","true",,"false","2","1","New York",,,"USA","USD",,"1777014000000","3","RECENTLY_SOLD","RECENTLY_SOLD","CONDO","false","true","false","false",,"false","false","false","40.74852",,,,,,,,,"883","-73.9734",,,,,,,,,,,,,,,,,,,"888000",,"888000",,"5644",,,"false","NY","250 E 40th St APT 17F","255936","310847000","Apt 17F",,,"10016","31508654","31508654","https://photos.zillowstatic.com/fp/57fe857314fa806cdd3ae37e7b8c0e16-p_e.jpg",,"false","false","false",,"false","false","false","false","false","false","40.74852","-73.9734","true","Non Owner Occupied",,,,,,"6955001_S1793009","RecentlySold",,"RecentlySold","false","Unknown Listed By","false","false","$888,000","Sold","SOLD",,,"888000",,,,,,,,,"31508654"
"116 Central Park S APT 4E, New York, NY 10019","New York","NY","116 Central Park S APT 4E","10019","595",,"1","0",,"https://photos.zillowstatic.com/fp/{photoKey}-p_e.jpg",,,,,,,,,,"false","27c31b7a21b15b8bedeb5e799b913a4b","1cde5a0b6ec873116b62c27cb7aa49b0","8d921ab27de9ff21707204cab54f598b","166ba634d38c597f6f6baa5d69686d58","1a76c6d292fe4a65a3d647196a124104","d25b211db37e28db23e6199c78e44a0f","465369172178f015689ac600e13f1abe","7c63345b9fabf25d728dcf6d1fcd284f","04c36d2fb135d28c2d95504eaf9117b0","8aec87134154b5ed90c3873c2f79d24a","4b1c5bf39ed3fb4dce2d24ab5adcbd1e","c8a685b88020b2a3d236e493335dca2a","8ae9c59b3c345b35c8e9b8e856e1e068","0f1823f526819b013dc1bfd22f6b3943",,,,,,,,,,,,,,,,,,,,,,,,,,,,,,,,,,,,,,,,,,,,,,,,,,,,,,,,,,,,,,,,,,,,,,,,,,,,,,,,,,,,,,,,,,,,,,,,,,,,,,,,,,,,,,,,,,,,,,,,,,,,,,,,,,,,,,,,,,,,,,,,,,,,,,,,,,,,,,,,,,,,,,,,,,,,,,,,,,,,,,"soldDate","$","https://www.zillow.com/homedetails/116-Central-Park-S-APT-4E-New-York-NY-10019/31514000_zpid/","Sold 04/24/26","https://www.zillow.com/new-york-ny/sold/?searchQueryState=%7B%22pagination%22%3A%7B%7D%2C%22isMapVisible%22%3Atrue%2C%22mapBounds%22%3A%7B%22west%22%3A-74.53681106926112%2C%22east%22%3A-73.03443069816737%2C%22south%22%3A40.31863233929078%2C%22north%22%3A41.12626731376089%7D%2C%22regionSelection%22%3A%5B%7B%22regionId%22%3A6181%2C%22regionType%22%3A6%7D%5D%2C%22filterState%22%3A%7B%22sort%22%3A%7B%22value%22%3A%22globalrelevanceex%22%7D%2C%22rs%22%3A%7B%22value%22%3Atrue%7D%2C%22fsba%22%3A%7B%22value%22%3Afalse%7D%2C%22fsbo%22%3A%7B%22value%22%3Afalse%7D%2C%22nc%22%3A%7B%22value%22%3Afalse%7D%2C%22cmsn%22%3A%7B%22value%22%3Afalse%7D%2C%22auc%22%3A%7B%22value%22%3Afalse%7D%2C%22fore%22%3A%7B%22value%22%3Afalse%7D%2C%22price%22%3A%7B%22max%22%3A2000000%2C%22min%22%3A100000%7D%2C%22land%22%3A%7B%22value%22%3Afalse%7D%2C%22manu%22%3A%7B%22value%22%3Afalse%7D%2C%22doz%22%3A%7B%22value%22%3A%2224m%22%7D%2C%22mf%22%3A%7B%22value%22%3Afalse%7D%2C%22tow%22%3A%7B%22value%22%3Afalse%7D%7D%2C%22isListVisible%22%3Atrue%2C%22usersSearchTerm%22%3A%22New%20York%20NY%22%7D","1","false","false","true",,"false","1","0","New York",,,"USA","USD",,"1777014000000","3","RECENTLY_SOLD","RECENTLY_SOLD","CONDO","false","true","false","false",,"false","false","false","40.765625",,,,,,,,,"595","-73.977486",,,,,,,,,,,,,,,,,,,"750000",,"750000",,"4280",,,"false","NY","116 Central Park S APT 4E","142537","310847000","Apt 4E",,,"10019","31514000","31514000","https://photos.zillowstatic.com/fp/27c31b7a21b15b8bedeb5e799b913a4b-p_e.jpg",,"false","false","false",,"false","false","false","false","false","false","40.765625","-73.977486","true","Non Owner Occupied",,,,,,"6955001_S1801233","RecentlySold",,"RecentlySold","false","Unknown Listed By","false","false","$750,000","Sold","SOLD",,,"750000",,,,,,,,,"31514000"
"353 W 56th St APT 2D, New York, NY 10019","New York","NY","353 W 56th St APT 2D","10019","585",,"1","0",,"https://photos.zillowstatic.com/fp/{photoKey}-p_e.jpg",,,,,,,,,,"false","de6d73a208a7c79c6ca9cad6aa1d8d08","ee7f964341d1faf5e89af70641eed4a8","46081986e6a2a1cc56e8337f312b842f","bcc61e507576d6dc8667dd86f34525f4","671190b36ff0ced9ec53a68c0e6c14fe",,,,,,,,,,,,,,,,,,,,,,,,,,,,,,,,,,,,,,,,,,,,,,,,,,,,,,,,,,,,,,,,,,,,,,,,,,,,,,,,,,,,,,,,,,,,,,,,,,,,,,,,,,,,,,,,,,,,,,,,,,,,,,,,,,,,,,,,,,,,,,,,,,,,,,,,,,,,,,,,,,,,,,,,,,,,,,,,,,,,,,,,,,,,,,,"soldDate","$","https://www.zillow.com/homedetails/353-W-56th-St-APT-2D-New-York-NY-10019/31515541_zpid/","Sold 04/24/26","https://www.zillow.com/new-york-ny/sold/?searchQueryState=%7B%22pagination%22%3A%7B%7D%2C%22isMapVisible%22%3Atrue%2C%22mapBounds%22%3A%7B%22west%22%3A-74.53681106926112%2C%22east%22%3A-73.03443069816737%2C%22south%22%3A40.31863233929078%2C%22north%22%3A41.12626731376089%7D%2C%22regionSelection%22%3A%5B%7B%22regionId%22%3A6181%2C%22regionType%22%3A6%7D%5D%2C%22filterState%22%3A%7B%22sort%22%3A%7B%22value%22%3A%22globalrelevanceex%22%7D%2C%22rs%22%3A%7B%22value%22%3Atrue%7D%2C%22fsba%22%3A%7B%22value%22%3Afalse%7D%2C%22fsbo%22%3A%7B%22value%22%3Afalse%7D%2C%22nc%22%3A%7B%22value%22%3Afalse%7D%2C%22cmsn%22%3A%7B%22value%22%3Afalse%7D%2C%22auc%22%3A%7B%22value%22%3Afalse%7D%2C%22fore%22%3A%7B%22value%22%3Afalse%7D%2C%22price%22%3A%7B%22max%22%3A2000000%2C%22min%22%3A100000%7D%2C%22land%22%3A%7B%22value%22%3Afalse%7D%2C%22manu%22%3A%7B%22value%22%3Afalse%7D%2C%22doz%22%3A%7B%22value%22%3A%2224m%22%7D%2C%22mf%22%3A%7B%22value%22%3Afalse%7D%2C%22tow%22%3A%7B%22value%22%3Afalse%7D%7D%2C%22isListVisible%22%3Atrue%2C%22usersSearchTerm%22%3A%22New%20York%20NY%22%7D","1","false","false","true",,"false","1","0","New York",,,"USA","USD",,"1777014000000","3","RECENTLY_SOLD","RECENTLY_SOLD","CONDO","false","true","false","false",,"false","false","false","40.767174",,,,,,,,,"585","-73.98508",,,,,,,,,,,,,,,,,,,"545000",,"545000",,"4707",,,"false","NY","353 W 56th St APT 2D","185309","310847000","Apt 2D",,"579000","10019","31515541","31515541","https://photos.zillowstatic.com/fp/de6d73a208a7c79c6ca9cad6aa1d8d08-p_e.jpg",,"false","false","false",,"false","false","false","false","false","false","40.767174","-73.98508","true","Non Owner Occupied",,,,,,"6955001_S1806057","RecentlySold",,"RecentlySold","false","Unknown Listed By","false","false","$545,000","Sold","SOLD",,,"545000","579000",,,,,,,,"31515541"
"350 E 54th St APT 3K, New York, NY 10022","New York","NY","350 E 54th St APT 3K","10022","800",,"1","1",,"https://photos.zillowstatic.com/fp/{photoKey}-p_e.jpg",,,,,,,,,,"false","2d1a543096ac9f4fe0796222a4a51d8f","cb5ec148aa061e20e7c592af7d740ce1","7296b96f4c350a62e9b598b5e410c2c1","1ea71c2670b129f4b3fc63532fb4ef4a","74e0eedfd3918d9bb56537484f3ce4a2","266bc5829c09a0b93e9b1568e031bca3","30aae929c0d3e1bc40bfc90c6519aa03","4b1b3160a6a8a6032b9348f114822839","6b28cc09fe9c247d7cb9394fb7a6bf02","45f49ba9a62b5a13503807be8162a992","61885723c1a186192207139d1bce49b5","0a583efeb82cc9b8474ccc39576c5259","bafad8b0051905600609a9adda8c4cbb",,,,,,,,,,,,,,,,,,,,,,,,,,,,,,,,,,,,,,,,,,,,,,,,,,,,,,,,,,,,,,,,,,,,,,,,,,,,,,,,,,,,,,,,,,,,,,,,,,,,,,,,,,,,,,,,,,,,,,,,,,,,,,,,,,,,,,,,,,,,,,,,,,,,,,,,,,,,,,,,,,,,,,,,,,,,,,,,,,,,,,,"soldDate","$","https://www.zillow.com/homedetails/350-E-54th-St-APT-3K-New-York-NY-10022/31532321_zpid/","Sold 04/24/26","https://www.zillow.com/new-york-ny/sold/?searchQueryState=%7B%22pagination%22%3A%7B%7D%2C%22isMapVisible%22%3Atrue%2C%22mapBounds%22%3A%7B%22west%22%3A-74.53681106926112%2C%22east%22%3A-73.03443069816737%2C%22south%22%3A40.31863233929078%2C%22north%22%3A41.12626731376089%7D%2C%22regionSelection%22%3A%5B%7B%22regionId%22%3A6181%2C%22regionType%22%3A6%7D%5D%2C%22filterState%22%3A%7B%22sort%22%3A%7B%22value%22%3A%22globalrelevanceex%22%7D%2C%22rs%22%3A%7B%22value%22%3Atrue%7D%2C%22fsba%22%3A%7B%22value%22%3Afalse%7D%2C%22fsbo%22%3A%7B%22value%22%3Afalse%7D%2C%22nc%22%3A%7B%22value%22%3Afalse%7D%2C%22cmsn%22%3A%7B%22value%22%3Afalse%7D%2C%22auc%22%3A%7B%22value%22%3Afalse%7D%2C%22fore%22%3A%7B%22value%22%3Afalse%7D%2C%22price%22%3A%7B%22max%22%3A2000000%2C%22min%22%3A100000%7D%2C%22land%22%3A%7B%22value%22%3Afalse%7D%2C%22manu%22%3A%7B%22value%22%3Afalse%7D%2C%22doz%22%3A%7B%22value%22%3A%2224m%22%7D%2C%22mf%22%3A%7B%22value%22%3Afalse%7D%2C%22tow%22%3A%7B%22value%22%3Afalse%7D%7D%2C%22isListVisible%22%3Atrue%2C%22usersSearchTerm%22%3A%22New%20York%20NY%22%7D","1","false","false","true",,"false","1","1","New York",,,"USA","USD",,"1777014000000","3","RECENTLY_SOLD","RECENTLY_SOLD","CONDO","false","true","false","false",,"false","false","false","40.756363",,,,,,,,,"800","-73.964806",,,,,,,,,,,,,,,,,,,"680000",,"680000",,"4605",,,"false","NY","350 E 54th St APT 3K","257675","310847000","Apt 3K",,,"10022","31532321","31532321","https://photos.zillowstatic.com/fp/2d1a543096ac9f4fe0796222a4a51d8f-p_e.jpg",,"false","false","false",,"false","false","false","false","false","false","40.756363","-73.964806","true","Non Owner Occupied",,,,,,"6955001_S1781163","RecentlySold",,"RecentlySold","false","Unknown Listed By","false","false","$680,000","Sold","SOLD",,,"680000",,,,,,,,,"31532321"
"2059 26th St, Astoria, NY 11105","Astoria","NY","2059 26th St","11105","1800",,"2.5","3",,"https://photos.zillowstatic.com/fp/{photoKey}-p_e.jpg",,,,,,,,,,"false","2523d7a972cfa35fdb08b4ba55e02883","8dde4496e61e8a55c8d221375c6c45b3","40aeac36e2a19d6f76a898e210a0e141","5747caae6c5d39159da54cf15d8c7326","476eb90e7ff4f05ddef2a03b498fdaa2","b7b4a1e5eca33fb7f77ad35b18f18702","a2f6a08d764207b078734f52c9778bc8","e3f8643c64c1c4ad05b04059b6d93b49","9690918c6914c17f0d9e481ac525af1d","81bd2d38b02bbc8f4fcd7dad31776408","60a910b09b8db3899a59bd8c653ef3ab","eb380f06fc7cf9698538917fbe80694d","97e0c97c4589f76b6ccff64a5fbcb18b","97ac819f32e96f33d7c95ae6b858ccaa","eabcc5d55a005fee1a8177e95bef11ab","3ff8877e3b1591e1115c63a5ae2d835a",,,,,,,,,,,,,,,,,,,,,,,,,,,,,,,,,,,,,,,,,,,,,,,,,,,,,,,,,,,,,,,,,,,,,,,,,,,,,,,,,,,,,,,,,,,,,,,,,,,,,,,,,,,,,,,,,,,,,,,,,,,,,,,,,,,,,,,,,,,,,,,,,,,,,,,,,,,,,,,,,,,,,,,,,,,,,,,,,,,,,"$","https://www.zillow.com/homedetails/2059-26th-St-Astoria-NY-11105/31946864_zpid/",,"https://www.zillow.com/new-york-ny/sold/?searchQueryState=%7B%22pagination%22%3A%7B%7D%2C%22isMapVisible%22%3Atrue%2C%22mapBounds%22%3A%7B%22west%22%3A-74.53681106926112%2C%22east%22%3A-73.03443069816737%2C%22south%22%3A40.31863233929078%2C%22north%22%3A41.12626731376089%7D%2C%22regionSelection%22%3A%5B%7B%22regionId%22%3A6181%2C%22regionType%22%3A6%7D%5D%2C%22filterState%22%3A%7B%22sort%22%3A%7B%22value%22%3A%22globalrelevanceex%22%7D%2C%22rs%22%3A%7B%22value%22%3Atrue%7D%2C%22fsba%22%3A%7B%22value%22%3Afalse%7D%2C%22fsbo%22%3A%7B%22value%22%3Afalse%7D%2C%22nc%22%3A%7B%22value%22%3Afalse%7D%2C%22cmsn%22%3A%7B%22value%22%3Afalse%7D%2C%22auc%22%3A%7B%22value%22%3Afalse%7D%2C%22fore%22%3A%7B%22value%22%3Afalse%7D%2C%22price%22%3A%7B%22max%22%3A2000000%2C%22min%22%3A100000%7D%2C%22land%22%3A%7B%22value%22%3Afalse%7D%2C%22manu%22%3A%7B%22value%22%3Afalse%7D%2C%22doz%22%3A%7B%22value%22%3A%2224m%22%7D%2C%22mf%22%3A%7B%22value%22%3Afalse%7D%2C%22tow%22%3A%7B%22value%22%3Afalse%7D%7D%2C%22isListVisible%22%3Atrue%2C%22usersSearchTerm%22%3A%22New%20York%20NY%22%7D","1","false","false","true",,"false","2.5","3","Astoria",,,"USA","USD",,"1777014000000","3","RECENTLY_SOLD","RECENTLY_SOLD","SINGLE_FAMILY","false","true","false","false",,"false","false","false","40.780834",,,,,,,,,"1800","-73.9107","sqft","1800",,,,,,,,,,,,,,,,,"1300000",,"1300000",,"4751",,,"false","NY","2059 26th St","1414000","310847000",,,"1274300","11105","31946864","31946864","https://photos.zillowstatic.com/fp/2523d7a972cfa35fdb08b4ba55e02883-p_e.jpg",,"false","false","false",,"false","false","false","false","false","false","40.780834","-73.9107","true","Non Owner Occupied",,,,,,"cc3aa1a5e15f68abf60a172ef0dda2d3","RecentlySold",,"RecentlySold","false","Unknown Listed By","false","false","$1.30M","Sold","SOLD",,,"1300000","1274300",,,,,,,,"31946864"
"104-14 27 Avenue, East Elmhurst, NY 11369","East Elmhurst","NY","104-14 27 Avenue","11369","1832",,"2","3","Exit Realty Team","https://photos.zillowstatic.com/fp/{photoKey}-p_e.jpg",,,,,,,,,,"false","f283c04c3091b4d847978af5a47867c1",,,,,,,,,,,,,,,,,,,,,,,,,,,,,,,,,,,,,,,,,,,,,,,,,,,,,,,,,,,,,,,,,,,,,,,,,,,,,,,,,,,,,,,,,,,,,,,,,,,,,,,,,,,,,,,,,,,,,,,,,,,,,,,,,,,,,,,,,,,,,,,,,,,,,,,,,,,,,,,,,,,,,,,,,,,,,,,,,,,,,,,,,,,,,,,,,,,"soldDate","$","https://www.zillow.com/homedetails/10414-27th-Ave-East-Elmhurst-NY-11369/31968623_zpid/","Sold 04/24/26","https://www.zillow.com/new-york-ny/sold/?searchQueryState=%7B%22pagination%22%3A%7B%7D%2C%22isMapVisible%22%3Atrue%2C%22mapBounds%22%3A%7B%22west%22%3A-74.53681106926112%2C%22east%22%3A-73.03443069816737%2C%22south%22%3A40.31863233929078%2C%22north%22%3A41.12626731376089%7D%2C%22regionSelection%22%3A%5B%7B%22regionId%22%3A6181%2C%22regionType%22%3A6%7D%5D%2C%22filterState%22%3A%7B%22sort%22%3A%7B%22value%22%3A%22globalrelevanceex%22%7D%2C%22rs%22%3A%7B%22value%22%3Atrue%7D%2C%22fsba%22%3A%7B%22value%22%3Afalse%7D%2C%22fsbo%22%3A%7B%22value%22%3Afalse%7D%2C%22nc%22%3A%7B%22value%22%3Afalse%7D%2C%22cmsn%22%3A%7B%22value%22%3Afalse%7D%2C%22auc%22%3A%7B%22value%22%3Afalse%7D%2C%22fore%22%3A%7B%22value%22%3Afalse%7D%2C%22price%22%3A%7B%22max%22%3A2000000%2C%22min%22%3A100000%7D%2C%22land%22%3A%7B%22value%22%3Afalse%7D%2C%22manu%22%3A%7B%22value%22%3Afalse%7D%2C%22doz%22%3A%7B%22value%22%3A%2224m%22%7D%2C%22mf%22%3A%7B%22value%22%3Afalse%7D%2C%22tow%22%3A%7B%22value%22%3Afalse%7D%7D%2C%22isListVisible%22%3Atrue%2C%22usersSearchTerm%22%3A%22New%20York%20NY%22%7D","1","false","true","true",,"false","2","3","East Elmhurst",,,"USA","USD",,"1777014000000","3","RECENTLY_SOLD","RECENTLY_SOLD","SINGLE_FAMILY","false","true","false","false",,"false","false","false","40.764534",,,,,,,,,"1832","-73.86622","sqft","4000",,,,,,,,,,,,,,,,,"930000",,"930000",,"3880",,,"false","NY","104-14 27 Avenue","969000","310847000",,,"908900","11369","31968623","31968623","https://photos.zillowstatic.com/fp/f283c04c3091b4d847978af5a47867c1-p_e.jpg","https://photos.zillowstatic.com/fp/464ad42e5f4f4a61544ab7d3b6721129-zillow_web_48_23.jpg","false","false","false",,"false","false","false","false","false","false","40.764534","-73.86622","true","RecentChange",,,,,,"778001_947027","RecentlySold",,"RecentlySold","false","RecentChange","false","false","$930,000","Sold","SOLD",,,"930000","908900",,,,,,,,"31968623"
"6472 80th Ave, Glendale, NY 11385","Glendale","NY","6472 80th Ave","11385","1536",,"2",,,,,,,,,,,,,,,,,,,,,,,,,,,,,,,,,,,,,,,,,,,,,,,,,,,,,,,,,,,,,,,,,,,,,,,,,,,,,,,,,,,,,,,,,,,,,,,,,,,,,,,,,,,,,,,,,,,,,,,,,,,,,,,,,,,,,,,,,,,,,,,,,,,,,,,,,,,,,,,,,,,,,,,,,,,,,,,,,,,,,,,,,,,,,,,,,,,,,,,,,,,,,,,,,,"$","https://www.zillow.com/homedetails/6472-80th-Ave-Glendale-NY-11385/32016307_zpid/",,"https://www.zillow.com/new-york-ny/sold/?searchQueryState=%7B%22pagination%22%3A%7B%7D%2C%22isMapVisible%22%3Atrue%2C%22mapBounds%22%3A%7B%22west%22%3A-74.53681106926112%2C%22east%22%3A-73.03443069816737%2C%22south%22%3A40.31863233929078%2C%22north%22%3A41.12626731376089%7D%2C%22regionSelection%22%3A%5B%7B%22regionId%22%3A6181%2C%22regionType%22%3A6%7D%5D%2C%22filterState%22%3A%7B%22sort%22%3A%7B%22value%22%3A%22globalrelevanceex%22%7D%2C%22rs%22%3A%7B%22value%22%3Atrue%7D%2C%22fsba%22%3A%7B%22value%22%3Afalse%7D%2C%22fsbo%22%3A%7B%22value%22%3Afalse%7D%2C%22nc%22%3A%7B%22value%22%3Afalse%7D%2C%22cmsn%22%3A%7B%22value%22%3Afalse%7D%2C%22auc%22%3A%7B%22value%22%3Afalse%7D%2C%22fore%22%3A%7B%22value%22%3Afalse%7D%2C%22price%22%3A%7B%22max%22%3A2000000%2C%22min%22%3A100000%7D%2C%22land%22%3A%7B%22value%22%3Afalse%7D%2C%22manu%22%3A%7B%22value%22%3Afalse%7D%2C%22doz%22%3A%7B%22value%22%3A%2224m%22%7D%2C%22mf%22%3A%7B%22value%22%3Afalse%7D%2C%22tow%22%3A%7B%22value%22%3Afalse%7D%7D%2C%22isListVisible%22%3Atrue%2C%22usersSearchTerm%22%3A%22New%20York%20NY%22%7D","1","false","false",,,"false","2",,"Glendale",,,"USA","USD",,"1777014000000","3","RECENTLY_SOLD","RECENTLY_SOLD","SINGLE_FAMILY","false","true","false","false",,"false","false","false","40.69605",,,,,,,,,"1536","-73.88851","sqft","2168",,,,,,,,,,,,,,,,,"640000",,"640000",,"3913",,,"false","NY","6472 80th Ave","804000","310847000",,,"815400","11385","32016307","32016307","https://maps.googleapis.com/maps/api/staticmap?mobile=false&sensor=true&maptype=satellite&size=575x242&zoom=17&center=40.696048736572266,-73.88851165771484&key=AIzaSyBWYJWCA8FNMQvSe_k3LKfDGJaEgdKwsco&signature=fjAvIUWAs7LadyzXbOGPbs3y2pI=",,"false","false","false",,"false","false","false","false","false","false","40.69605","-73.88851","true","Non Owner Occupied",,,,,,"79b71b295bd7202c5269bf9b24126526","RecentlySold",,"RecentlySold","false","Unknown Listed By","false","false","$640,000","Sold","SOLD","https://maps.googleapis.com/maps/api/streetview/metadata?location=40.696048736572266,-73.88851165771484&source=outdoor&key=AIzaSyBWYJWCA8FNMQvSe_k3LKfDGJaEgdKwsco&signature=IQfrowDKTCmOf49_ANw50kG_bqM=","https://maps.googleapis.com/maps/api/streetview?size=575x242&location=40.696048736572266,-73.88851165771484&source=outdoor&key=AIzaSyBWYJWCA8FNMQvSe_k3LKfDGJaEgdKwsco&signature=wafEme2PS38JZBZS2dZjCa9nUMw=","640000","815400",,,,,,,,"32016307"
"4719 192nd Street, Flushing, NY 11358","Flushing","NY","4719 192nd Street","11358","1472",,"2","3","Royalux Realty LLC","https://photos.zillowstatic.com/fp/{photoKey}-p_e.jpg",,,,,,,,,,"false","90505cd62ffb7f6aaab4469bc13715d8",,,,,,,,,,,,,,,,,,,,,,,,,,,,,,,,,,,,,,,,,,,,,,,,,,,,,,,,,,,,,,,,,,,,,,,,,,,,,,,,,,,,,,,,,,,,,,,,,,,,,,,,,,,,,,,,,,,,,,,,,,,,,,,,,,,,,,,,,,,,,,,,,,,,,,,,,,,,,,,,,,,,,,,,,,,,,,,,,,,,,,,,,,,,,,,,,,,"soldDate","$","https://www.zillow.com/homedetails/4719-192nd-St-Flushing-NY-11358/32051465_zpid/","Sold 04/24/26","https://www.zillow.com/new-york-ny/sold/?searchQueryState=%7B%22pagination%22%3A%7B%7D%2C%22isMapVisible%22%3Atrue%2C%22mapBounds%22%3A%7B%22west%22%3A-74.53681106926112%2C%22east%22%3A-73.03443069816737%2C%22south%22%3A40.31863233929078%2C%22north%22%3A41.12626731376089%7D%2C%22regionSelection%22%3A%5B%7B%22regionId%22%3A6181%2C%22regionType%22%3A6%7D%5D%2C%22filterState%22%3A%7B%22sort%22%3A%7B%22value%22%3A%22globalrelevanceex%22%7D%2C%22rs%22%3A%7B%22value%22%3Atrue%7D%2C%22fsba%22%3A%7B%22value%22%3Afalse%7D%2C%22fsbo%22%3A%7B%22value%22%3Afalse%7D%2C%22nc%22%3A%7B%22value%22%3Afalse%7D%2C%22cmsn%22%3A%7B%22value%22%3Afalse%7D%2C%22auc%22%3A%7B%22value%22%3Afalse%7D%2C%22fore%22%3A%7B%22value%22%3Afalse%7D%2C%22price%22%3A%7B%22max%22%3A2000000%2C%22min%22%3A100000%7D%2C%22land%22%3A%7B%22value%22%3Afalse%7D%2C%22manu%22%3A%7B%22value%22%3Afalse%7D%2C%22doz%22%3A%7B%22value%22%3A%2224m%22%7D%2C%22mf%22%3A%7B%22value%22%3Afalse%7D%2C%22tow%22%3A%7B%22value%22%3Afalse%7D%7D%2C%22isListVisible%22%3Atrue%2C%22usersSearchTerm%22%3A%22New%20York%20NY%22%7D","1","false","true","true",,"false","2","3","Flushing",,,"USA","USD",,"1777014000000","3","RECENTLY_SOLD","RECENTLY_SOLD","SINGLE_FAMILY","false","true","false","false",,"false","false","false","40.750904",,,,,,,,,"1472","-73.78817","sqft","3750",,,,,,,,,,,,,,,,,"1220000",,"1220000",,"3821",,,"false","NY","4719 192nd Street","964000","310847000",,,"1170400","11358","32051465","32051465","https://photos.zillowstatic.com/fp/90505cd62ffb7f6aaab4469bc13715d8-p_e.jpg","https://photos.zillowstatic.com/fp/464ad42e5f4f4a61544ab7d3b6721129-zillow_web_48_23.jpg","false","false","false",,"false","false","false","false","false","false","40.750904","-73.78817","true","RecentChange",,,,,,"778001_951489","RecentlySold",,"RecentlySold","false","RecentChange","false","false","$1.22M","Sold","SOLD",,,"1220000","1170400",,,,,,,,"32051465"
"20806 Robert Rd, Flushing, NY 11360","Flushing","NY","20806 Robert Rd","11360","1136",,"2","3",,,,,,,,,,,,,,,,,,,,,,,,,,,,,,,,,,,,,,,,,,,,,,,,,,,,,,,,,,,,,,,,,,,,,,,,,,,,,,,,,,,,,,,,,,,,,,,,,,,,,,,,,,,,,,,,,,,,,,,,,,,,,,,,,,,,,,,,,,,,,,,,,,,,,,,,,,,,,,,,,,,,,,,,,,,,,,,,,,,,,,,,,,,,,,,,,,,,,,,,,,,,,,,,,"$","https://www.zillow.com/homedetails/20806-Robert-Rd-Flushing-NY-11360/32055238_zpid/",,"https://www.zillow.com/new-york-ny/sold/?searchQueryState=%7B%22pagination%22%3A%7B%7D%2C%22isMapVisible%22%3Atrue%2C%22mapBounds%22%3A%7B%22west%22%3A-74.53681106926112%2C%22east%22%3A-73.03443069816737%2C%22south%22%3A40.31863233929078%2C%22north%22%3A41.12626731376089%7D%2C%22regionSelection%22%3A%5B%7B%22regionId%22%3A6181%2C%22regionType%22%3A6%7D%5D%2C%22filterState%22%3A%7B%22sort%22%3A%7B%22value%22%3A%22globalrelevanceex%22%7D%2C%22rs%22%3A%7B%22value%22%3Atrue%7D%2C%22fsba%22%3A%7B%22value%22%3Afalse%7D%2C%22fsbo%22%3A%7B%22value%22%3Afalse%7D%2C%22nc%22%3A%7B%22value%22%3Afalse%7D%2C%22cmsn%22%3A%7B%22value%22%3Afalse%7D%2C%22auc%22%3A%7B%22value%22%3Afalse%7D%2C%22fore%22%3A%7B%22value%22%3Afalse%7D%2C%22price%22%3A%7B%22max%22%3A2000000%2C%22min%22%3A100000%7D%2C%22land%22%3A%7B%22value%22%3Afalse%7D%2C%22manu%22%3A%7B%22value%22%3Afalse%7D%2C%22doz%22%3A%7B%22value%22%3A%2224m%22%7D%2C%22mf%22%3A%7B%22value%22%3Afalse%7D%2C%22tow%22%3A%7B%22value%22%3Afalse%7D%7D%2C%22isListVisible%22%3Atrue%2C%22usersSearchTerm%22%3A%22New%20York%20NY%22%7D","1","false","false",,,"false","2","3","Flushing",,,"USA","USD",,"1777014000000","3","RECENTLY_SOLD","RECENTLY_SOLD","CONDO","false","true","false","false",,"false","false","false","40.787476",,,,,,,,,"1136","-73.785805","acres","10.2",,,,,,,,,,,,,,,,,"750000",,"750000",,"3527",,,"false","NY","20806 Robert Rd","644786","310847000",,,"803400","11360","32055238","32055238","https://maps.googleapis.com/maps/api/staticmap?mobile=false&sensor=true&maptype=satellite&size=575x242&zoom=17&center=40.7874755859375,-73.78580474853516&key=AIzaSyBWYJWCA8FNMQvSe_k3LKfDGJaEgdKwsco&signature=4rf9lZ5GN1RjLzqefdH6MSuGuZM=",,"false","false","false",,"false","false","false","false","false","false","40.787476","-73.785805","true","Non Owner Occupied",,,,,,"80ffcb80d47d7defdbc504aab88dfee1","RecentlySold",,"RecentlySold","false","Unknown Listed By","false","false","$750,000","Sold","SOLD","https://maps.googleapis.com/maps/api/streetview/metadata?location=40.7874755859375,-73.78580474853516&source=outdoor&key=AIzaSyBWYJWCA8FNMQvSe_k3LKfDGJaEgdKwsco&signature=YUehX3mWFjPxqNG0Aho-HNxMm9Q=","https://maps.googleapis.com/maps/api/streetview?size=575x242&location=40.7874755859375,-73.78580474853516&source=outdoor&key=AIzaSyBWYJWCA8FNMQvSe_k3LKfDGJaEgdKwsco&signature=TORr2_x4haV1Ud_OiC8tsfOYyIw=","750000","803400",,,,,,,,"32055238"
"7042 173rd Street, Fresh Meadows, NY 11365","Flushing","NY","7042 173rd Street","11365","2028",,"4","5","Keller Williams Rlty Landmark","https://photos.zillowstatic.com/fp/{photoKey}-p_e.jpg",,,,,,,,,,"false","dc5c0a75c294e74f7164e0b2da46c8c6",,,,,,,,,,,,,,,,,,,,,,,,,,,,,,,,,,,,,,,,,,,,,,,,,,,,,,,,,,,,,,,,,,,,,,,,,,,,,,,,,,,,,,,,,,,,,,,,,,,,,,,,,,,,,,,,,,,,,,,,,,,,,,,,,,,,,,,,,,,,,,,,,,,,,,,,,,,,,,,,,,,,,,,,,,,,,,,,,,,,,,,,,,,,,,,,,,,"soldDate","$","https://www.zillow.com/homedetails/70-42-173rd-St-Flushing-NY-11365/32075300_zpid/","Sold 04/24/26","https://www.zillow.com/new-york-ny/sold/?searchQueryState=%7B%22pagination%22%3A%7B%7D%2C%22isMapVisible%22%3Atrue%2C%22mapBounds%22%3A%7B%22west%22%3A-74.53681106926112%2C%22east%22%3A-73.03443069816737%2C%22south%22%3A40.31863233929078%2C%22north%22%3A41.12626731376089%7D%2C%22regionSelection%22%3A%5B%7B%22regionId%22%3A6181%2C%22regionType%22%3A6%7D%5D%2C%22filterState%22%3A%7B%22sort%22%3A%7B%22value%22%3A%22globalrelevanceex%22%7D%2C%22rs%22%3A%7B%22value%22%3Atrue%7D%2C%22fsba%22%3A%7B%22value%22%3Afalse%7D%2C%22fsbo%22%3A%7B%22value%22%3Afalse%7D%2C%22nc%22%3A%7B%22value%22%3Afalse%7D%2C%22cmsn%22%3A%7B%22value%22%3Afalse%7D%2C%22auc%22%3A%7B%22value%22%3Afalse%7D%2C%22fore%22%3A%7B%22value%22%3Afalse%7D%2C%22price%22%3A%7B%22max%22%3A2000000%2C%22min%22%3A100000%7D%2C%22land%22%3A%7B%22value%22%3Afalse%7D%2C%22manu%22%3A%7B%22value%22%3Afalse%7D%2C%22doz%22%3A%7B%22value%22%3A%2224m%22%7D%2C%22mf%22%3A%7B%22value%22%3Afalse%7D%2C%22tow%22%3A%7B%22value%22%3Afalse%7D%7D%2C%22isListVisible%22%3Atrue%2C%22usersSearchTerm%22%3A%22New%20York%20NY%22%7D","1","false","true","true",,"false","4","5","Flushing",,,"USA","USD",,"1777014000000","3","RECENTLY_SOLD","RECENTLY_SOLD","SINGLE_FAMILY","false","true","false","false",,"false","false","false","40.730007",,,,,,,,,"2028","-73.79695","sqft","4030",,,,,,,,,,,,,,,,,"1475000",,"1475000",,"5573",,,"false","NY","7042 173rd Street","1015000","310847000",,,"1405600","11365","32075300","32075300","https://photos.zillowstatic.com/fp/dc5c0a75c294e74f7164e0b2da46c8c6-p_e.jpg","https://photos.zillowstatic.com/fp/464ad42e5f4f4a61544ab7d3b6721129-zillow_web_48_23.jpg","false","false","false",,"false","false","false","false","false","false","40.730007","-73.79695","true","RecentChange",,,,,,"778001_951549","RecentlySold",,"RecentlySold","false","RecentChange","false","false","$1.48M","Sold","SOLD",,,"1475000","1405600",,,,,,,,"32075300"
"23735 93rd Avenue, Bellerose, NY 11426","Bellerose","NY","23735 93rd Avenue","11426","1944",,"2","4","Sky Port Homes LLC","https://photos.zillowstatic.com/fp/{photoKey}-p_e.jpg",,,,,,,,,,"false","730deb69ef28df074e814ca898bb66be",,,,,,,,,,,,,,,,,,,,,,,,,,,,,,,,,,,,,,,,,,,,,,,,,,,,,,,,,,,,,,,,,,,,,,,,,,,,,,,,,,,,,,,,,,,,,,,,,,,,,,,,,,,,,,,,,,,,,,,,,,,,,,,,,,,,,,,,,,,,,,,,,,,,,,,,,,,,,,,,,,,,,,,,,,,,,,,,,,,,,,,,,,,,,,,,,,,"soldDate","$","https://www.zillow.com/homedetails/23735-93rd-Ave-Bellerose-NY-11426/32092261_zpid/","Sold 04/24/26","https://www.zillow.com/new-york-ny/sold/?searchQueryState=%7B%22pagination%22%3A%7B%7D%2C%22isMapVisible%22%3Atrue%2C%22mapBounds%22%3A%7B%22west%22%3A-74.53681106926112%2C%22east%22%3A-73.03443069816737%2C%22south%22%3A40.31863233929078%2C%22north%22%3A41.12626731376089%7D%2C%22regionSelection%22%3A%5B%7B%22regionId%22%3A6181%2C%22regionType%22%3A6%7D%5D%2C%22filterState%22%3A%7B%22sort%22%3A%7B%22value%22%3A%22globalrelevanceex%22%7D%2C%22rs%22%3A%7B%22value%22%3Atrue%7D%2C%22fsba%22%3A%7B%22value%22%3Afalse%7D%2C%22fsbo%22%3A%7B%22value%22%3Afalse%7D%2C%22nc%22%3A%7B%22value%22%3Afalse%7D%2C%22cmsn%22%3A%7B%22value%22%3Afalse%7D%2C%22auc%22%3A%7B%22value%22%3Afalse%7D%2C%22fore%22%3A%7B%22value%22%3Afalse%7D%2C%22price%22%3A%7B%22max%22%3A2000000%2C%22min%22%3A100000%7D%2C%22land%22%3A%7B%22value%22%3Afalse%7D%2C%22manu%22%3A%7B%22value%22%3Afalse%7D%2C%22doz%22%3A%7B%22value%22%3A%2224m%22%7D%2C%22mf%22%3A%7B%22value%22%3Afalse%7D%2C%22tow%22%3A%7B%22value%22%3Afalse%7D%7D%2C%22isListVisible%22%3Atrue%2C%22usersSearchTerm%22%3A%22New%20York%20NY%22%7D","1","false","true","true",,"false","2","4","Bellerose",,,"USA","USD",,"1777014000000","3","RECENTLY_SOLD","RECENTLY_SOLD","SINGLE_FAMILY","false","true","false","false",,"false","false","false","40.724297",,,,,,,,,"1944","-73.72864","sqft","4000",,,,,,,,,,,,,,,,,"880000",,"880000",,"3104",,,"false","NY","23735 93rd Avenue","826000","310847000",,,"990700","11426","32092261","32092261","https://photos.zillowstatic.com/fp/730deb69ef28df074e814ca898bb66be-p_e.jpg","https://photos.zillowstatic.com/fp/464ad42e5f4f4a61544ab7d3b6721129-zillow_web_48_23.jpg","false","false","false",,"false","false","false","false","false","false","40.724297","-73.72864","true","RecentChange",,,,,,"778001_954024","RecentlySold",,"RecentlySold","false","Unknown Listed By","false","false","$880,000","Sold","SOLD",,,"880000","990700",,,,,,,,"32092261"
"4934 Little Neck Parkway, Little Neck, NY 11362","Little Neck","NY","4934 Little Neck Parkway","11362","1450",,"3","2","Toula Polios Realty Group LLC","https://photos.zillowstatic.com/fp/{photoKey}-p_e.jpg",,,,,,,,,,"false","40276c72cfbfc1c23aed7e013d5bee5c",,,,,,,,,,,,,,,,,,,,,,,,,,,,,,,,,,,,,,,,,,,,,,,,,,,,,,,,,,,,,,,,,,,,,,,,,,,,,,,,,,,,,,,,,,,,,,,,,,,,,,,,,,,,,,,,,,,,,,,,,,,,,,,,,,,,,,,,,,,,,,,,,,,,,,,,,,,,,,,,,,,,,,,,,,,,,,,,,,,,,,,,,,,,,,,,,,,"soldDate","$","https://www.zillow.com/homedetails/4934-Little-Neck-Pkwy-Little-Neck-NY-11362/32095782_zpid/","Sold 04/24/26","https://www.zillow.com/new-york-ny/sold/?searchQueryState=%7B%22pagination%22%3A%7B%7D%2C%22isMapVisible%22%3Atrue%2C%22mapBounds%22%3A%7B%22west%22%3A-74.53681106926112%2C%22east%22%3A-73.03443069816737%2C%22south%22%3A40.31863233929078%2C%22north%22%3A41.12626731376089%7D%2C%22regionSelection%22%3A%5B%7B%22regionId%22%3A6181%2C%22regionType%22%3A6%7D%5D%2C%22filterState%22%3A%7B%22sort%22%3A%7B%22value%22%3A%22globalrelevanceex%22%7D%2C%22rs%22%3A%7B%22value%22%3Atrue%7D%2C%22fsba%22%3A%7B%22value%22%3Afalse%7D%2C%22fsbo%22%3A%7B%22value%22%3Afalse%7D%2C%22nc%22%3A%7B%22value%22%3Afalse%7D%2C%22cmsn%22%3A%7B%22value%22%3Afalse%7D%2C%22auc%22%3A%7B%22value%22%3Afalse%7D%2C%22fore%22%3A%7B%22value%22%3Afalse%7D%2C%22price%22%3A%7B%22max%22%3A2000000%2C%22min%22%3A100000%7D%2C%22land%22%3A%7B%22value%22%3Afalse%7D%2C%22manu%22%3A%7B%22value%22%3Afalse%7D%2C%22doz%22%3A%7B%22value%22%3A%2224m%22%7D%2C%22mf%22%3A%7B%22value%22%3Afalse%7D%2C%22tow%22%3A%7B%22value%22%3Afalse%7D%7D%2C%22isListVisible%22%3Atrue%2C%22usersSearchTerm%22%3A%22New%20York%20NY%22%7D","1","false","true","true",,"false","3","2","Little Neck",,,"USA","USD",,"1777014000000","3","RECENTLY_SOLD","RECENTLY_SOLD","SINGLE_FAMILY","false","true","false","false",,"false","false","false","40.768703",,,,,,,,,"1450","-73.730095","sqft","6200",,,,,,,,,,,,,,,,,"975000",,"975000",,"4548",,,"false","NY","4934 Little Neck Parkway","749000","310847000",,,"1033300","11362","32095782","32095782","https://photos.zillowstatic.com/fp/40276c72cfbfc1c23aed7e013d5bee5c-p_e.jpg","https://photos.zillowstatic.com/fp/464ad42e5f4f4a61544ab7d3b6721129-zillow_web_48_23.jpg","false","false","false",,"false","false","false","false","false","false","40.768703","-73.730095","true","RecentChange",,,,,,"778001_899976","RecentlySold",,"RecentlySold","false","RecentChange","false","false","$975,000","Sold","SOLD",,,"975000","1033300",,,,,,,,"32095782"
"10505 Jamaica Ave, Richmond Hill, NY 11418","Richmond Hill","NY","10505 Jamaica Ave","11418","1200",,"2","3",,"https://photos.zillowstatic.com/fp/{photoKey}-p_e.jpg",,,,,,,,,,"false","5c1e60e09f2e954c3059030917e8642c",,,,,,,,,,,,,,,,,,,,,,,,,,,,,,,,,,,,,,,,,,,,,,,,,,,,,,,,,,,,,,,,,,,,,,,,,,,,,,,,,,,,,,,,,,,,,,,,,,,,,,,,,,,,,,,,,,,,,,,,,,,,,,,,,,,,,,,,,,,,,,,,,,,,,,,,,,,,,,,,,,,,,,,,,,,,,,,,,,,,,,,,,,,,,,,,,,,,"$","https://www.zillow.com/homedetails/10505-Jamaica-Ave-Richmond-Hill-NY-11418/32116184_zpid/",,"https://www.zillow.com/new-york-ny/sold/?searchQueryState=%7B%22pagination%22%3A%7B%7D%2C%22isMapVisible%22%3Atrue%2C%22mapBounds%22%3A%7B%22west%22%3A-74.53681106926112%2C%22east%22%3A-73.03443069816737%2C%22south%22%3A40.31863233929078%2C%22north%22%3A41.12626731376089%7D%2C%22regionSelection%22%3A%5B%7B%22regionId%22%3A6181%2C%22regionType%22%3A6%7D%5D%2C%22filterState%22%3A%7B%22sort%22%3A%7B%22value%22%3A%22globalrelevanceex%22%7D%2C%22rs%22%3A%7B%22value%22%3Atrue%7D%2C%22fsba%22%3A%7B%22value%22%3Afalse%7D%2C%22fsbo%22%3A%7B%22value%22%3Afalse%7D%2C%22nc%22%3A%7B%22value%22%3Afalse%7D%2C%22cmsn%22%3A%7B%22value%22%3Afalse%7D%2C%22auc%22%3A%7B%22value%22%3Afalse%7D%2C%22fore%22%3A%7B%22value%22%3Afalse%7D%2C%22price%22%3A%7B%22max%22%3A2000000%2C%22min%22%3A100000%7D%2C%22land%22%3A%7B%22value%22%3Afalse%7D%2C%22manu%22%3A%7B%22value%22%3Afalse%7D%2C%22doz%22%3A%7B%22value%22%3A%2224m%22%7D%2C%22mf%22%3A%7B%22value%22%3Afalse%7D%2C%22tow%22%3A%7B%22value%22%3Afalse%7D%7D%2C%22isListVisible%22%3Atrue%2C%22usersSearchTerm%22%3A%22New%20York%20NY%22%7D","1","false","false","true",,"false","2","3","Richmond Hill",,,"USA","USD",,"1777014000000","3","RECENTLY_SOLD","RECENTLY_SOLD","SINGLE_FAMILY","false","true","false","false",,"false","false","false","40.69522",,,,,,,,,"1200","-73.84195","sqft","1863",,,,,,,,,,,,,,,,,"1285000",,"1285000",,"3301",,,"false","NY","10505 Jamaica Ave","762000","310847000",,,"864400","11418","32116184","32116184","https://photos.zillowstatic.com/fp/5c1e60e09f2e954c3059030917e8642c-p_e.jpg",,"false","false","false",,"false","false","false","false","false","false","40.69522","-73.84195","true","Non Owner Occupied",,,,,,"e4297ef3f22a7a9dada00eea7292444d","RecentlySold",,"RecentlySold","false","Unknown Listed By","false","false","$1.29M","Sold","SOLD",,,"1285000","864400",,,,,,,,"32116184"
"104-40 194th Street, Saint Albans, NY 11412","Saint Albans","NY","104-40 194th Street","11412","1500",,"4","5","Prestige Homes NY Inc","https://photos.zillowstatic.com/fp/{photoKey}-p_e.jpg",,,,,,,,,,"false","7723868badfed75c9003bb5c4e085d82",,,,,,,,,,,,,,,,,,,,,,,,,,,,,,,,,,,,,,,,,,,,,,,,,,,,,,,,,,,,,,,,,,,,,,,,,,,,,,,,,,,,,,,,,,,,,,,,,,,,,,,,,,,,,,,,,,,,,,,,,,,,,,,,,,,,,,,,,,,,,,,,,,,,,,,,,,,,,,,,,,,,,,,,,,,,,,,,,,,,,,,,,,,,,,,,,,,"soldDate","$","https://www.zillow.com/homedetails/10440-194th-St-Saint-Albans-NY-11412/32154868_zpid/","Sold 04/24/26","https://www.zillow.com/new-york-ny/sold/?searchQueryState=%7B%22pagination%22%3A%7B%7D%2C%22isMapVisible%22%3Atrue%2C%22mapBounds%22%3A%7B%22west%22%3A-74.53681106926112%2C%22east%22%3A-73.03443069816737%2C%22south%22%3A40.31863233929078%2C%22north%22%3A41.12626731376089%7D%2C%22regionSelection%22%3A%5B%7B%22regionId%22%3A6181%2C%22regionType%22%3A6%7D%5D%2C%22filterState%22%3A%7B%22sort%22%3A%7B%22value%22%3A%22globalrelevanceex%22%7D%2C%22rs%22%3A%7B%22value%22%3Atrue%7D%2C%22fsba%22%3A%7B%22value%22%3Afalse%7D%2C%22fsbo%22%3A%7B%22value%22%3Afalse%7D%2C%22nc%22%3A%7B%22value%22%3Afalse%7D%2C%22cmsn%22%3A%7B%22value%22%3Afalse%7D%2C%22auc%22%3A%7B%22value%22%3Afalse%7D%2C%22fore%22%3A%7B%22value%22%3Afalse%7D%2C%22price%22%3A%7B%22max%22%3A2000000%2C%22min%22%3A100000%7D%2C%22land%22%3A%7B%22value%22%3Afalse%7D%2C%22manu%22%3A%7B%22value%22%3Afalse%7D%2C%22doz%22%3A%7B%22value%22%3A%2224m%22%7D%2C%22mf%22%3A%7B%22value%22%3Afalse%7D%2C%22tow%22%3A%7B%22value%22%3Afalse%7D%7D%2C%22isListVisible%22%3Atrue%2C%22usersSearchTerm%22%3A%22New%20York%20NY%22%7D","1","false","true","true",,"false","4","5","Saint Albans",,,"USA","USD",,"1777014000000","3","RECENTLY_SOLD","RECENTLY_SOLD","SINGLE_FAMILY","false","true","false","false",,"false","false","false","40.706844",,,,,,,,,"1500","-73.76381","sqft","4000",,,,,,,,,,,,,,,,,"990000",,"990000",,"4286",,,"false","NY","104-40 194th Street","575000","310847000",,,"990100","11412","32154868","32154868","https://photos.zillowstatic.com/fp/7723868badfed75c9003bb5c4e085d82-p_e.jpg","https://photos.zillowstatic.com/fp/464ad42e5f4f4a61544ab7d3b6721129-zillow_web_48_23.jpg","false","false","false",,"false","false","false","false","false","false","40.706844","-73.76381","true","RecentChange",,,,,,"778001_960017","RecentlySold",,"RecentlySold","false","RecentChange","false","false","$990,000","Sold","SOLD",,,"990000","990100",,,,,,,,"32154868"
"109-65 198th St, Jamaica, NY 11412","Jamaica","NY","109-65 198th St","11412","2858",,,,,,,,,,,,,,,,,,,,,,,,,,,,,,,,,,,,,,,,,,,,,,,,,,,,,,,,,,,,,,,,,,,,,,,,,,,,,,,,,,,,,,,,,,,,,,,,,,,,,,,,,,,,,,,,,,,,,,,,,,,,,,,,,,,,,,,,,,,,,,,,,,,,,,,,,,,,,,,,,,,,,,,,,,,,,,,,,,,,,,,,,,,,,,,,,,,,,,,,,,,,,,,,,,,,"$","https://www.zillow.com/homedetails/109-65-198th-St-Jamaica-NY-11412/32156034_zpid/",,"https://www.zillow.com/new-york-ny/sold/?searchQueryState=%7B%22pagination%22%3A%7B%7D%2C%22isMapVisible%22%3Atrue%2C%22mapBounds%22%3A%7B%22west%22%3A-74.53681106926112%2C%22east%22%3A-73.03443069816737%2C%22south%22%3A40.31863233929078%2C%22north%22%3A41.12626731376089%7D%2C%22regionSelection%22%3A%5B%7B%22regionId%22%3A6181%2C%22regionType%22%3A6%7D%5D%2C%22filterState%22%3A%7B%22sort%22%3A%7B%22value%22%3A%22globalrelevanceex%22%7D%2C%22rs%22%3A%7B%22value%22%3Atrue%7D%2C%22fsba%22%3A%7B%22value%22%3Afalse%7D%2C%22fsbo%22%3A%7B%22value%22%3Afalse%7D%2C%22nc%22%3A%7B%22value%22%3Afalse%7D%2C%22cmsn%22%3A%7B%22value%22%3Afalse%7D%2C%22auc%22%3A%7B%22value%22%3Afalse%7D%2C%22fore%22%3A%7B%22value%22%3Afalse%7D%2C%22price%22%3A%7B%22max%22%3A2000000%2C%22min%22%3A100000%7D%2C%22land%22%3A%7B%22value%22%3Afalse%7D%2C%22manu%22%3A%7B%22value%22%3Afalse%7D%2C%22doz%22%3A%7B%22value%22%3A%2224m%22%7D%2C%22mf%22%3A%7B%22value%22%3Afalse%7D%2C%22tow%22%3A%7B%22value%22%3Afalse%7D%7D%2C%22isListVisible%22%3Atrue%2C%22usersSearchTerm%22%3A%22New%20York%20NY%22%7D","1","false","false",,,"false",,,"Jamaica",,,"USA","USD",,"1777014000000","3","RECENTLY_SOLD","RECENTLY_SOLD","SINGLE_FAMILY","false","true","false","false",,"false","false","false","40.705173",,,,,,,,,"2858","-73.7587","sqft","7500",,,,,,,,,,,,,,,,,"785000",,"785000",,"5089",,,"false","NY","109-65 198th St","948000","310847000",,,"917000","11412","32156034","32156034","https://maps.googleapis.com/maps/api/staticmap?mobile=false&sensor=true&maptype=satellite&size=575x242&zoom=17&center=40.70517349243164,-73.75869750976562&key=AIzaSyBWYJWCA8FNMQvSe_k3LKfDGJaEgdKwsco&signature=UCv77R-ORZwMWNGuSGGe8nVCXjo=",,"false","false","false",,"false","false","false","false","false","false","40.705173","-73.7587","true","Non Owner Occupied",,,,,,"26e120513a24aca579ee8c4660856f91","RecentlySold",,"RecentlySold","false","Unknown Listed By","false","false","$785,000","Sold","SOLD","https://maps.googleapis.com/maps/api/streetview/metadata?location=40.70517349243164,-73.75869750976562&source=outdoor&key=AIzaSyBWYJWCA8FNMQvSe_k3LKfDGJaEgdKwsco&signature=78qg3hTDXjlISamOTRCr1MqdQKU=","https://maps.googleapis.com/maps/api/streetview?size=575x242&location=40.70517349243164,-73.75869750976562&source=outdoor&key=AIzaSyBWYJWCA8FNMQvSe_k3LKfDGJaEgdKwsco&signature=QkBopg2-kGdCdlZOj_y3tE9qf7A=","785000","917000",,,,,,,,"32156034"
"22754 Murdock Avenue, Queens Village, NY 11429","Queens Village","NY","22754 Murdock Avenue","11429","1174",,"1","2","Realty Connect USA LLC","https://photos.zillowstatic.com/fp/{photoKey}-p_e.jpg",,,,,,,,,,"false","df64e893b25edf94f856a96f66d8a05d",,,,,,,,,,,,,,,,,,,,,,,,,,,,,,,,,,,,,,,,,,,,,,,,,,,,,,,,,,,,,,,,,,,,,,,,,,,,,,,,,,,,,,,,,,,,,,,,,,,,,,,,,,,,,,,,,,,,,,,,,,,,,,,,,,,,,,,,,,,,,,,,,,,,,,,,,,,,,,,,,,,,,,,,,,,,,,,,,,,,,,,,,,,,,,,,,,,"soldDate","$","https://www.zillow.com/homedetails/22754-Murdock-Ave-Queens-Village-NY-11429/32164344_zpid/","Sold 04/24/26","https://www.zillow.com/new-york-ny/sold/?searchQueryState=%7B%22pagination%22%3A%7B%7D%2C%22isMapVisible%22%3Atrue%2C%22mapBounds%22%3A%7B%22west%22%3A-74.53681106926112%2C%22east%22%3A-73.03443069816737%2C%22south%22%3A40.31863233929078%2C%22north%22%3A41.12626731376089%7D%2C%22regionSelection%22%3A%5B%7B%22regionId%22%3A6181%2C%22regionType%22%3A6%7D%5D%2C%22filterState%22%3A%7B%22sort%22%3A%7B%22value%22%3A%22globalrelevanceex%22%7D%2C%22rs%22%3A%7B%22value%22%3Atrue%7D%2C%22fsba%22%3A%7B%22value%22%3Afalse%7D%2C%22fsbo%22%3A%7B%22value%22%3Afalse%7D%2C%22nc%22%3A%7B%22value%22%3Afalse%7D%2C%22cmsn%22%3A%7B%22value%22%3Afalse%7D%2C%22auc%22%3A%7B%22value%22%3Afalse%7D%2C%22fore%22%3A%7B%22value%22%3Afalse%7D%2C%22price%22%3A%7B%22max%22%3A2000000%2C%22min%22%3A100000%7D%2C%22land%22%3A%7B%22value%22%3Afalse%7D%2C%22manu%22%3A%7B%22value%22%3Afalse%7D%2C%22doz%22%3A%7B%22value%22%3A%2224m%22%7D%2C%22mf%22%3A%7B%22value%22%3Afalse%7D%2C%22tow%22%3A%7B%22value%22%3Afalse%7D%7D%2C%22isListVisible%22%3Atrue%2C%22usersSearchTerm%22%3A%22New%20York%20NY%22%7D","1","false","true","true",,"false","1","2","Queens Village",,,"USA","USD",,"1777014000000","3","RECENTLY_SOLD","RECENTLY_SOLD","SINGLE_FAMILY","false","true","false","false",,"false","false","false","40.70304",,,,,,,,,"1174","-73.72822","sqft","3900",,,,,,,,,,,,,,,,,"679000",,"679000",,"2714",,,"false","NY","22754 Murdock Avenue","675000","310847000",,,,"11429","32164344","32164344","https://photos.zillowstatic.com/fp/df64e893b25edf94f856a96f66d8a05d-p_e.jpg","https://photos.zillowstatic.com/fp/464ad42e5f4f4a61544ab7d3b6721129-zillow_web_48_23.jpg","false","false","false",,"false","false","false","false","false","false","40.70304","-73.72822","true","RecentChange",,,,,,"778001_946573","RecentlySold",,"RecentlySold","false","RecentChange","false","false","$679,000","Sold","SOLD",,,"679000",,,,,,,,,"32164344"
"84-39 153 Avenue #3A, Howard Beach, NY 11414","Howard Beach","NY","84-39 153 Avenue #3A","11414","800",,"1","1","Keller Williams Landmark II","https://photos.zillowstatic.com/fp/{photoKey}-p_e.jpg",,,,,,,,,,"false","25d28f96215d375ff490f75eaee09b43",,,,,,,,,,,,,,,,,,,,,,,,,,,,,,,,,,,,,,,,,,,,,,,,,,,,,,,,,,,,,,,,,,,,,,,,,,,,,,,,,,,,,,,,,,,,,,,,,,,,,,,,,,,,,,,,,,,,,,,,,,,,,,,,,,,,,,,,,,,,,,,,,,,,,,,,,,,,,,,,,,,,,,,,,,,,,,,,,,,,,,,,,,,,,,,,,,,"soldDate","$","https://www.zillow.com/homedetails/84-39-153rd-Ave-3A-Howard-Beach-NY-11414/32168593_zpid/","Sold 04/24/26","https://www.zillow.com/new-york-ny/sold/?searchQueryState=%7B%22pagination%22%3A%7B%7D%2C%22isMapVisible%22%3Atrue%2C%22mapBounds%22%3A%7B%22west%22%3A-74.53681106926112%2C%22east%22%3A-73.03443069816737%2C%22south%22%3A40.31863233929078%2C%22north%22%3A41.12626731376089%7D%2C%22regionSelection%22%3A%5B%7B%22regionId%22%3A6181%2C%22regionType%22%3A6%7D%5D%2C%22filterState%22%3A%7B%22sort%22%3A%7B%22value%22%3A%22globalrelevanceex%22%7D%2C%22rs%22%3A%7B%22value%22%3Atrue%7D%2C%22fsba%22%3A%7B%22value%22%3Afalse%7D%2C%22fsbo%22%3A%7B%22value%22%3Afalse%7D%2C%22nc%22%3A%7B%22value%22%3Afalse%7D%2C%22cmsn%22%3A%7B%22value%22%3Afalse%7D%2C%22auc%22%3A%7B%22value%22%3Afalse%7D%2C%22fore%22%3A%7B%22value%22%3Afalse%7D%2C%22price%22%3A%7B%22max%22%3A2000000%2C%22min%22%3A100000%7D%2C%22land%22%3A%7B%22value%22%3Afalse%7D%2C%22manu%22%3A%7B%22value%22%3Afalse%7D%2C%22doz%22%3A%7B%22value%22%3A%2224m%22%7D%2C%22mf%22%3A%7B%22value%22%3Afalse%7D%2C%22tow%22%3A%7B%22value%22%3Afalse%7D%7D%2C%22isListVisible%22%3Atrue%2C%22usersSearchTerm%22%3A%22New%20York%20NY%22%7D","1","false","true","true",,"false","1","1","Howard Beach",,,"USA","USD",,"1777014000000","3","RECENTLY_SOLD","RECENTLY_SOLD","CONDO","false","true","false","false",,"false","false","false","40.66683",,,,,,,,,"800","-73.84851","acres","2.4414",,,,,,,,,,,,,,,,,"315000",,"315000",,"2190",,,"false","NY","84-39 153 Avenue #3A","76606","310847000","# 3A",,"318100","11414","32168593","32168593","https://photos.zillowstatic.com/fp/25d28f96215d375ff490f75eaee09b43-p_e.jpg","https://photos.zillowstatic.com/fp/464ad42e5f4f4a61544ab7d3b6721129-zillow_web_48_23.jpg","false","false","false",,"false","false","false","false","false","false","40.66683","-73.84851","true","RecentChange",,,,,,"778001_933252","RecentlySold",,"RecentlySold","false","RecentChange","false","false","$315,000","Sold","SOLD",,,"315000","318100",,,,,,,,"32168593"
"11132 147th St, Jamaica, NY 11435","Jamaica","NY","11132 147th St","11435","1056",,"2","2",,"https://photos.zillowstatic.com/fp/{photoKey}-p_e.jpg",,,,,,,,,,"false","4a46c3c2f022bc068d2572351c4802ac","43a8db769d6d9ce23a7bdf0f89ea4c18","830f2469230f213436d1fc9141cce97c","7629bbbfae411da05557424903655034","f069d111e0cb9b5d683364a19f8cf7a4","7378389ebd8212b936a7b16a4814b6c5","f6f14bfbd9629fe44c87f9ee626ad15e","a3cc314ba2f1b0bbd34c7451c0b73efb","b9d6e8053f8c7f61471e18afb5d94687","37cd833b50d8e0594097e3371ba0ab47","ffe1dd67bd5310e9bd149d4b5407ed81","7daad019e89dcad2ae3b4c0cc08f63a6","8b8f3ebd394524f9a99821cbdc3cafa0","54409eacffa5d9a4619ba67bd41f14e4",,,,,,,,,,,,,,,,,,,,,,,,,,,,,,,,,,,,,,,,,,,,,,,,,,,,,,,,,,,,,,,,,,,,,,,,,,,,,,,,,,,,,,,,,,,,,,,,,,,,,,,,,,,,,,,,,,,,,,,,,,,,,,,,,,,,,,,,,,,,,,,,,,,,,,,,,,,,,,,,,,,,,,,,,,,,,,,,,,,,,,"soldDate","$","https://www.zillow.com/homedetails/11132-147th-St-Jamaica-NY-11435/32180500_zpid/","Sold 04/24/26","https://www.zillow.com/new-york-ny/sold/?searchQueryState=%7B%22pagination%22%3A%7B%7D%2C%22isMapVisible%22%3Atrue%2C%22mapBounds%22%3A%7B%22west%22%3A-74.53681106926112%2C%22east%22%3A-73.03443069816737%2C%22south%22%3A40.31863233929078%2C%22north%22%3A41.12626731376089%7D%2C%22regionSelection%22%3A%5B%7B%22regionId%22%3A6181%2C%22regionType%22%3A6%7D%5D%2C%22filterState%22%3A%7B%22sort%22%3A%7B%22value%22%3A%22globalrelevanceex%22%7D%2C%22rs%22%3A%7B%22value%22%3Atrue%7D%2C%22fsba%22%3A%7B%22value%22%3Afalse%7D%2C%22fsbo%22%3A%7B%22value%22%3Afalse%7D%2C%22nc%22%3A%7B%22value%22%3Afalse%7D%2C%22cmsn%22%3A%7B%22value%22%3Afalse%7D%2C%22auc%22%3A%7B%22value%22%3Afalse%7D%2C%22fore%22%3A%7B%22value%22%3Afalse%7D%2C%22price%22%3A%7B%22max%22%3A2000000%2C%22min%22%3A100000%7D%2C%22land%22%3A%7B%22value%22%3Afalse%7D%2C%22manu%22%3A%7B%22value%22%3Afalse%7D%2C%22doz%22%3A%7B%22value%22%3A%2224m%22%7D%2C%22mf%22%3A%7B%22value%22%3Afalse%7D%2C%22tow%22%3A%7B%22value%22%3Afalse%7D%7D%2C%22isListVisible%22%3Atrue%2C%22usersSearchTerm%22%3A%22New%20York%20NY%22%7D","1","false","false","true",,"false","2","2","Jamaica",,,"USA","USD",,"1777014000000","3","RECENTLY_SOLD","RECENTLY_SOLD","SINGLE_FAMILY","false","true","false","false",,"false","false","false","40.686893",,,,,,,,,"1056","-73.79728",,,,,,,,,,,,,,,,,,,"640000",,"640000",,"2553",,,"false","NY","11132 147th St","636000","310847000",,,"640500","11435","32180500","32180500","https://photos.zillowstatic.com/fp/4a46c3c2f022bc068d2572351c4802ac-p_e.jpg",,"false","false","false",,"false","false","false","false","false","false","40.686893","-73.79728","true","Non Owner Occupied",,,,,,"6955001_S1764806","RecentlySold",,"RecentlySold","false","Unknown Listed By","false","false","$640,000","Sold","SOLD",,,"640000","640500",,,,,,,,"32180500"
"13012 220th St, Springfield Gardens, NY 11413","Springfield Gardens","NY","13012 220th St","11413","1172",,,,,,,,,,,,,,,,,,,,,,,,,,,,,,,,,,,,,,,,,,,,,,,,,,,,,,,,,,,,,,,,,,,,,,,,,,,,,,,,,,,,,,,,,,,,,,,,,,,,,,,,,,,,,,,,,,,,,,,,,,,,,,,,,,,,,,,,,,,,,,,,,,,,,,,,,,,,,,,,,,,,,,,,,,,,,,,,,,,,,,,,,,,,,,,,,,,,,,,,,,,,,,,,,,,,"$","https://www.zillow.com/homedetails/13012-220th-St-Springfield-Gardens-NY-11413/32199304_zpid/",,"https://www.zillow.com/new-york-ny/sold/?searchQueryState=%7B%22pagination%22%3A%7B%7D%2C%22isMapVisible%22%3Atrue%2C%22mapBounds%22%3A%7B%22west%22%3A-74.53681106926112%2C%22east%22%3A-73.03443069816737%2C%22south%22%3A40.31863233929078%2C%22north%22%3A41.12626731376089%7D%2C%22regionSelection%22%3A%5B%7B%22regionId%22%3A6181%2C%22regionType%22%3A6%7D%5D%2C%22filterState%22%3A%7B%22sort%22%3A%7B%22value%22%3A%22globalrelevanceex%22%7D%2C%22rs%22%3A%7B%22value%22%3Atrue%7D%2C%22fsba%22%3A%7B%22value%22%3Afalse%7D%2C%22fsbo%22%3A%7B%22value%22%3Afalse%7D%2C%22nc%22%3A%7B%22value%22%3Afalse%7D%2C%22cmsn%22%3A%7B%22value%22%3Afalse%7D%2C%22auc%22%3A%7B%22value%22%3Afalse%7D%2C%22fore%22%3A%7B%22value%22%3Afalse%7D%2C%22price%22%3A%7B%22max%22%3A2000000%2C%22min%22%3A100000%7D%2C%22land%22%3A%7B%22value%22%3Afalse%7D%2C%22manu%22%3A%7B%22value%22%3Afalse%7D%2C%22doz%22%3A%7B%22value%22%3A%2224m%22%7D%2C%22mf%22%3A%7B%22value%22%3Afalse%7D%2C%22tow%22%3A%7B%22value%22%3Afalse%7D%7D%2C%22isListVisible%22%3Atrue%2C%22usersSearchTerm%22%3A%22New%20York%20NY%22%7D","1","false","false",,,"false",,,"Springfield Gardens",,,"USA","USD",,"1777014000000","3","RECENTLY_SOLD","RECENTLY_SOLD","SINGLE_FAMILY","false","true","false","false",,"false","false","false","40.683743",,,,,,,,,"1172","-73.746445","sqft","6800",,,,,,,,,,,,,,,,,"450000",,"450000",,"3969",,,"false","NY","13012 220th St","740000","310847000",,,"734500","11413","32199304","32199304","https://maps.googleapis.com/maps/api/staticmap?mobile=false&sensor=true&maptype=satellite&size=575x242&zoom=17&center=40.68374252319336,-73.74644470214844&key=AIzaSyBWYJWCA8FNMQvSe_k3LKfDGJaEgdKwsco&signature=tXRxBcZ-B3A2Q9ZNmUNbW4SM9Ng=",,"false","false","false",,"false","false","false","false","false","false","40.683743","-73.746445","true","Non Owner Occupied",,,,,,"2b011b92cc34a5c7e6cd4d893d44796a","RecentlySold",,"RecentlySold","false","Unknown Listed By","false","false","$450,000","Sold","SOLD","https://maps.googleapis.com/maps/api/streetview/metadata?location=40.68374252319336,-73.74644470214844&source=outdoor&key=AIzaSyBWYJWCA8FNMQvSe_k3LKfDGJaEgdKwsco&signature=lxa-FFJcvE7DFS9slMU6QnphmKs=","https://maps.googleapis.com/maps/api/streetview?size=575x242&location=40.68374252319336,-73.74644470214844&source=outdoor&key=AIzaSyBWYJWCA8FNMQvSe_k3LKfDGJaEgdKwsco&signature=Yh4zNDWyPJlv4bXmjYQGwbRvIk8=","450000","734500",,,,,,,,"32199304"
"218-05 133rd Rd, Jamaica, NY 11413","Jamaica","NY","218-05 133rd Rd","11413","1296",,,,,,,,,,,,,,,,,,,,,,,,,,,,,,,,,,,,,,,,,,,,,,,,,,,,,,,,,,,,,,,,,,,,,,,,,,,,,,,,,,,,,,,,,,,,,,,,,,,,,,,,,,,,,,,,,,,,,,,,,,,,,,,,,,,,,,,,,,,,,,,,,,,,,,,,,,,,,,,,,,,,,,,,,,,,,,,,,,,,,,,,,,,,,,,,,,,,,,,,,,,,,,,,,,,,"$","https://www.zillow.com/homedetails/218-05-133rd-Rd-Jamaica-NY-11413/32201086_zpid/",,"https://www.zillow.com/new-york-ny/sold/?searchQueryState=%7B%22pagination%22%3A%7B%7D%2C%22isMapVisible%22%3Atrue%2C%22mapBounds%22%3A%7B%22west%22%3A-74.53681106926112%2C%22east%22%3A-73.03443069816737%2C%22south%22%3A40.31863233929078%2C%22north%22%3A41.12626731376089%7D%2C%22regionSelection%22%3A%5B%7B%22regionId%22%3A6181%2C%22regionType%22%3A6%7D%5D%2C%22filterState%22%3A%7B%22sort%22%3A%7B%22value%22%3A%22globalrelevanceex%22%7D%2C%22rs%22%3A%7B%22value%22%3Atrue%7D%2C%22fsba%22%3A%7B%22value%22%3Afalse%7D%2C%22fsbo%22%3A%7B%22value%22%3Afalse%7D%2C%22nc%22%3A%7B%22value%22%3Afalse%7D%2C%22cmsn%22%3A%7B%22value%22%3Afalse%7D%2C%22auc%22%3A%7B%22value%22%3Afalse%7D%2C%22fore%22%3A%7B%22value%22%3Afalse%7D%2C%22price%22%3A%7B%22max%22%3A2000000%2C%22min%22%3A100000%7D%2C%22land%22%3A%7B%22value%22%3Afalse%7D%2C%22manu%22%3A%7B%22value%22%3Afalse%7D%2C%22doz%22%3A%7B%22value%22%3A%2224m%22%7D%2C%22mf%22%3A%7B%22value%22%3Afalse%7D%2C%22tow%22%3A%7B%22value%22%3Afalse%7D%7D%2C%22isListVisible%22%3Atrue%2C%22usersSearchTerm%22%3A%22New%20York%20NY%22%7D","1","false","false",,,"false",,,"Jamaica",,,"USA","USD",,"1777014000000","3","RECENTLY_SOLD","RECENTLY_SOLD","SINGLE_FAMILY","false","true","false","false",,"false","false","false","40.68018",,,,,,,,,"1296","-73.75068","sqft","4000",,,,,,,,,,,,,,,,,"510000",,"510000",,"4016",,,"false","NY","218-05 133rd Rd","633000","310847000",,,"715600","11413","32201086","32201086","https://maps.googleapis.com/maps/api/staticmap?mobile=false&sensor=true&maptype=satellite&size=575x242&zoom=17&center=40.680179595947266,-73.75067901611328&key=AIzaSyBWYJWCA8FNMQvSe_k3LKfDGJaEgdKwsco&signature=_yh5ROfdJIn8nHy98EIh1o1n8LM=",,"false","false","false",,"false","false","false","false","false","false","40.68018","-73.75068","true","Non Owner Occupied",,,,,,"b3ec86a66989d568fa43ff9396b0dd73","RecentlySold",,"RecentlySold","false","Unknown Listed By","false","false","$510,000","Sold","SOLD","https://maps.googleapis.com/maps/api/streetview/metadata?location=40.680179595947266,-73.75067901611328&source=outdoor&key=AIzaSyBWYJWCA8FNMQvSe_k3LKfDGJaEgdKwsco&signature=nSe2NVztCekYDUmlLK3Q2kC5J-s=","https://maps.googleapis.com/maps/api/streetview?size=575x242&location=40.680179595947266,-73.75067901611328&source=outdoor&key=AIzaSyBWYJWCA8FNMQvSe_k3LKfDGJaEgdKwsco&signature=9Xi2GuuPsP3wv8b0ZNIWubVT0hs=","510000","715600",,,,,,,,"32201086"
"13509 222nd St, Springfield Gardens, NY 11413","Springfield Gardens","NY","13509 222nd St","11413","1408",,"2","3",,"https://photos.zillowstatic.com/fp/{photoKey}-p_e.jpg",,,,,,,,,,"false","4000e140e227ac2fc73522207471a65b","c74839146daffeaf180bc16bd3e10721","59aafdaae0246521d92b3e8d4034e14f","e6391cfb89245f60cad80564994c1aaf","66f41fd9f8abde564855e6208a1e0031","11c0147bdcfc5001a4da920957db4608","1c3db3d670ad1ff5eeb8dc62c38432c4","0a5de66359596d83c13497f1eddfc16e","f8ed15294d2657397b1de8d17088dcf3","48e6024674104ff3de1c8da1c2352f2c","74263c4203f61f341e9167bac04f5d36","c3bb5e2a959cb6785b47cde9b7dd3523","40e015e413e6b582247e5d92d2c943ff","2cc75a1d6a933a935b7b79cc234456af","6649855eaaf6fe33bdb8d698ef0ce648","b1f58ec5ba34ad98f3c29850f41730a0","73ba04e3b7baaf1b2c6b3a73aeb37b4c","c37d1e7835d44aef446d1fdbc1ee9de9","b0aeb1709a513b3099b42227070afdb8",,,,,,,,,,,,,,,,,,,,,,,,,,,,,,,,,,,,,,,,,,,,,,,,,,,,,,,,,,,,,,,,,,,,,,,,,,,,,,,,,,,,,,,,,,,,,,,,,,,,,,,,,,,,,,,,,,,,,,,,,,,,,,,,,,,,,,,,,,,,,,,,,,,,,,,,,,,,,,,,,,,,,,,,,,,,,,,,,,"$","https://www.zillow.com/homedetails/13509-222nd-St-Springfield-Gardens-NY-11413/32203529_zpid/",,"https://www.zillow.com/new-york-ny/sold/?searchQueryState=%7B%22pagination%22%3A%7B%7D%2C%22isMapVisible%22%3Atrue%2C%22mapBounds%22%3A%7B%22west%22%3A-74.53681106926112%2C%22east%22%3A-73.03443069816737%2C%22south%22%3A40.31863233929078%2C%22north%22%3A41.12626731376089%7D%2C%22regionSelection%22%3A%5B%7B%22regionId%22%3A6181%2C%22regionType%22%3A6%7D%5D%2C%22filterState%22%3A%7B%22sort%22%3A%7B%22value%22%3A%22globalrelevanceex%22%7D%2C%22rs%22%3A%7B%22value%22%3Atrue%7D%2C%22fsba%22%3A%7B%22value%22%3Afalse%7D%2C%22fsbo%22%3A%7B%22value%22%3Afalse%7D%2C%22nc%22%3A%7B%22value%22%3Afalse%7D%2C%22cmsn%22%3A%7B%22value%22%3Afalse%7D%2C%22auc%22%3A%7B%22value%22%3Afalse%7D%2C%22fore%22%3A%7B%22value%22%3Afalse%7D%2C%22price%22%3A%7B%22max%22%3A2000000%2C%22min%22%3A100000%7D%2C%22land%22%3A%7B%22value%22%3Afalse%7D%2C%22manu%22%3A%7B%22value%22%3Afalse%7D%2C%22doz%22%3A%7B%22value%22%3A%2224m%22%7D%2C%22mf%22%3A%7B%22value%22%3Afalse%7D%2C%22tow%22%3A%7B%22value%22%3Afalse%7D%7D%2C%22isListVisible%22%3Atrue%2C%22usersSearchTerm%22%3A%22New%20York%20NY%22%7D","1","false","false","true",,"false","2","3","Springfield Gardens",,,"USA","USD",,"1777014000000","3","RECENTLY_SOLD","RECENTLY_SOLD","SINGLE_FAMILY","false","true","false","false",,"false","false","false","40.676723",,,,,,,,,"1408","-73.7481","sqft","2178",,,,,,,,,,,,,,,,,"580000",,"580000",,"3638",,,"false","NY","13509 222nd St","614000","310847000",,,"662900","11413","32203529","32203529","https://photos.zillowstatic.com/fp/4000e140e227ac2fc73522207471a65b-p_e.jpg",,"false","false","false",,"false","false","false","false","false","false","40.676723","-73.7481","true","Non Owner Occupied",,,,,,"b51340854389a16c0f190f24fd9f78ae","RecentlySold",,"RecentlySold","false","Unknown Listed By","false","false","$580,000","Sold","SOLD",,,"580000","662900",,,,,,,,"32203529"
"42 Acacia Ave, Staten Island, NY 10308","Staten Island","NY","42 Acacia Ave","10308","1326",,"2","3",,"https://photos.zillowstatic.com/fp/{photoKey}-p_e.jpg",,,,,,,,,,"false","d5e8b55537878b4b0c3800d20c914b65","973ec284384fb84d4ea2f4d0ae35131b","036d112ec2a275bdd59f241a87be8452","7fa1fb583a53d3fdebd84f2251f39a87","d21ec39172ac11f6c7a4e3d5b12d8c6a","218dd2e4338f74165e579d5e1871ce70","e7647cad94b06587513d8cc3c78b0c64","085fcc684c294b21743490a253cefaed","17dd2d688f961586dca88ea2951086dd","a4b69be2156585129e483c0a12d92a48","5c38bf0b881b7894a4754f2fb69fcde6","61ac31c6b39d1dce1df3047ce4827404","6fa414b32cff27b60622d1862a09fc22","d6c0be99d88f2da8a4fc5a752ea71d30","39915fa4bab41de81a11e2f054620938","84268751056e4dd76dee77c93e6329c0","92bf3645c470bd9405ffd777e9446c64","4430e3d11821e263b41ac0faf302fb33","ce87020f96c398eef75dfb888f7b2838","fb0ef164848639b531280ebff72e1cb3","6ce7ef10c2c34781dc3bad81bea99758",,,,,,,,,,,,,,,,,,,,,,,,,,,,,,,,,,,,,,,,,,,,,,,,,,,,,,,,,,,,,,,,,,,,,,,,,,,,,,,,,,,,,,,,,,,,,,,,,,,,,,,,,,,,,,,,,,,,,,,,,,,,,,,,,,,,,,,,,,,,,,,,,,,,,,,,,,,,,,,,,,,,,,,,,,,,,,,"soldDate","$","https://www.zillow.com/homedetails/42-Acacia-Ave-Staten-Island-NY-10308/32347573_zpid/","Sold 04/24/26","https://www.zillow.com/new-york-ny/sold/?searchQueryState=%7B%22pagination%22%3A%7B%7D%2C%22isMapVisible%22%3Atrue%2C%22mapBounds%22%3A%7B%22west%22%3A-74.53681106926112%2C%22east%22%3A-73.03443069816737%2C%22south%22%3A40.31863233929078%2C%22north%22%3A41.12626731376089%7D%2C%22regionSelection%22%3A%5B%7B%22regionId%22%3A6181%2C%22regionType%22%3A6%7D%5D%2C%22filterState%22%3A%7B%22sort%22%3A%7B%22value%22%3A%22globalrelevanceex%22%7D%2C%22rs%22%3A%7B%22value%22%3Atrue%7D%2C%22fsba%22%3A%7B%22value%22%3Afalse%7D%2C%22fsbo%22%3A%7B%22value%22%3Afalse%7D%2C%22nc%22%3A%7B%22value%22%3Afalse%7D%2C%22cmsn%22%3A%7B%22value%22%3Afalse%7D%2C%22auc%22%3A%7B%22value%22%3Afalse%7D%2C%22fore%22%3A%7B%22value%22%3Afalse%7D%2C%22price%22%3A%7B%22max%22%3A2000000%2C%22min%22%3A100000%7D%2C%22land%22%3A%7B%22value%22%3Afalse%7D%2C%22manu%22%3A%7B%22value%22%3Afalse%7D%2C%22doz%22%3A%7B%22value%22%3A%2224m%22%7D%2C%22mf%22%3A%7B%22value%22%3Afalse%7D%2C%22tow%22%3A%7B%22value%22%3Afalse%7D%7D%2C%22isListVisible%22%3Atrue%2C%22usersSearchTerm%22%3A%22New%20York%20NY%22%7D","1","false","false","true",,"false","2","3","Staten Island",,,"USA","USD",,"1777014000000","3","RECENTLY_SOLD","RECENTLY_SOLD","SINGLE_FAMILY","false","true","false","false",,"false","false","false","40.543964",,,,,,,,,"1326","-74.15268","sqft","3920.4",,,,,,,,,,,,,,,,,"770000",,"770000",,"3385",,,"false","NY","42 Acacia Ave","749000","310849000",,,"801700","10308","32347573","32347573","https://photos.zillowstatic.com/fp/d5e8b55537878b4b0c3800d20c914b65-p_e.jpg",,"false","false","false",,"false","false","false","false","false","false","40.543964","-74.15268","true","RecentChange",,,,,,"820001_2506707","RecentlySold",,"RecentlySold","false","RecentChange","false","false","$770,000","Sold","SOLD",,,"770000","801700","sw",,,,,,,"32347573"
"489 Oakdale St, Staten Island, NY 10312","Staten Island","NY","489 Oakdale St","10312","2495",,"2","3",,"https://photos.zillowstatic.com/fp/{photoKey}-p_e.jpg",,,,,,,,,,"false","40fca7d684c2336fc5ca46426590daa8","6c9a42fc24c8960a95d456712b12d074","c6dbbfc2ba8a59f0c244402156acf5cb","a52c7b6c11105e4d8726c916a85cc8d4","f53bca857f0f8379c0732764866b85fa","09587d193cb13939366f8b3747d31a64","fc44fbc074d3c4f60ba91b6e35240db3","765bbde6af542a40a677b72d123f6ae3","bb5e88a6b6fa9c94deb6e2f40bff6df2","e2a576636e2f8c77db4397a5ca8d771e","062e8c46a26fd5fdf4154f8c92074750","1f2d8b96466c9a0f0fc9bb1af957ad08","b04cb5db4f0eb9c1763f7623b8a922db","e637858459d75bb00ca5bd7a5e5a1397","5b0d0caa86a31283adfad551152713f0","fdebd8cc41f1ea0f0c8f6873b7beaddd","b82d45fab83c0b6d53f7f008f818d3be","f3c14f9f43fda3f3e1c81e5bc9dc90ed","1250ab12acda7259b86b7a5688a975b3","9a7b28fd40f0024849497a65dd113895","1297b753d2e8323d468a8afc5b6b435a","b2c669255abb409cb8996cdd38ddb405","66c958fe56368c8adc2f09443506f69b","9db5a78e0db352c25ff6b3524992cb32","923e6ce255d71e07c5b4a90d5a0e9762","2de11350bbc4d2966ac73f449e36010a","a81ded06040ed6d0d5525a5cc83668b2","e75d393590d73932239453bb5186bedc","4748421446856ec213bd1568a1633daa","dc41e3cf91e0272ada235c0be96464ef","1c1575ec69d78ddb4ea56873684a6c82","2cae668ab5433d999b7b01ff5b83b353","3681fc92d395f70460218802598587e4","0e01be30e3691f92fb9b042eb79b6615","bb27e38b14c4264d3cb647623c7dd329","9a77824e362d435d7d3ec631b73839db","1a37a1b73110aa377d70385aac045bd6","a172aa0cfd19ae31198d3e69ea6de7d4",,,,,,,,,,,,,,,,,,,,,,,,,,,,,,,,,,,,,,,,,,,,,,,,,,,,,,,,,,,,,,,,,,,,,,,,,,,,,,,,,,,,,,,,,,,,,,,,,,,,,,,,,,,,,,,,,,,,,,,,,,,,,,,,,,,,,,,,,,,,,,,,,,,,,,,,,,,,,,"soldDate","$","https://www.zillow.com/homedetails/489-Oakdale-St-Staten-Island-NY-10312/32349600_zpid/","Sold 04/24/26","https://www.zillow.com/new-york-ny/sold/?searchQueryState=%7B%22pagination%22%3A%7B%7D%2C%22isMapVisible%22%3Atrue%2C%22mapBounds%22%3A%7B%22west%22%3A-74.53681106926112%2C%22east%22%3A-73.03443069816737%2C%22south%22%3A40.31863233929078%2C%22north%22%3A41.12626731376089%7D%2C%22regionSelection%22%3A%5B%7B%22regionId%22%3A6181%2C%22regionType%22%3A6%7D%5D%2C%22filterState%22%3A%7B%22sort%22%3A%7B%22value%22%3A%22globalrelevanceex%22%7D%2C%22rs%22%3A%7B%22value%22%3Atrue%7D%2C%22fsba%22%3A%7B%22value%22%3Afalse%7D%2C%22fsbo%22%3A%7B%22value%22%3Afalse%7D%2C%22nc%22%3A%7B%22value%22%3Afalse%7D%2C%22cmsn%22%3A%7B%22value%22%3Afalse%7D%2C%22auc%22%3A%7B%22value%22%3Afalse%7D%2C%22fore%22%3A%7B%22value%22%3Afalse%7D%2C%22price%22%3A%7B%22max%22%3A2000000%2C%22min%22%3A100000%7D%2C%22land%22%3A%7B%22value%22%3Afalse%7D%2C%22manu%22%3A%7B%22value%22%3Afalse%7D%2C%22doz%22%3A%7B%22value%22%3A%2224m%22%7D%2C%22mf%22%3A%7B%22value%22%3Afalse%7D%2C%22tow%22%3A%7B%22value%22%3Afalse%7D%7D%2C%22isListVisible%22%3Atrue%2C%22usersSearchTerm%22%3A%22New%20York%20NY%22%7D","1","false","false","true",,"false","2","3","Staten Island",,,"USA","USD",,"1777014000000","3","RECENTLY_SOLD","RECENTLY_SOLD","SINGLE_FAMILY","false","true","false","false",,"false","false","false","40.539856",,,,,,,,,"2495","-74.1666","sqft","4800",,,,,,,,,,,,,,,,,"850000",,"850000",,"3192",,,"false","NY","489 Oakdale St","924000","310849000",,,"867500","10312","32349600","32349600","https://photos.zillowstatic.com/fp/40fca7d684c2336fc5ca46426590daa8-p_e.jpg",,"false","false","false",,"false","false","false","false","false","false","40.539856","-74.1666","true","RecentChange",,,,,,"479004_498367","RecentlySold",,"RecentlySold","false","RecentChange","false","false","$850,000","Sold","SOLD",,,"850000","867500","sw",,,,,,,"32349600"
"350 2nd St APT 6C, Brooklyn, NY 11215","Brooklyn","NY","350 2nd St APT 6C","11215","0",,"2","2","Listing by: Brenton Realty","https://photos.zillowstatic.com/fp/{photoKey}-p_e.jpg",,,,,,,,,,"false","c7877dbfb50ef23b906187a6eafbde59","daa575bc648f0df9023f3629abb63195","ec536331efef415668bc855e4dc734f4","c0fe5ffc8564517432bcdc505ae0e0c1","d77aa76f893bd04ac03fbead26924b6c","e482167735ab96403ae7029c5885ba67","4cdfb0cbbdf8dd63c106f96372b8c4ca","69f4a21479fd4c7a5bdeadaea62cb0d9","6571d91e6d98c8b0e282d4c05ec5d761","a6d244dce4a49f0fd7a2cc77e6e25ee5",,,,,,,,,,,,,,,,,,,,,,,,,,,,,,,,,,,,,,,,,,,,,,,,,,,,,,,,,,,,,,,,,,,,,,,,,,,,,,,,,,,,,,,,,,,,,,,,,,,,,,,,,,,,,,,,,,,,,,,,,,,,,,,,,,,,,,,,,,,,,,,,,,,,,,,,,,,,,,,,,,,,,,,,,,,,,,,,,,,,,,,,,,"homeInsight","$","https://www.zillow.com/homedetails/350-2nd-St-APT-6C-Brooklyn-NY-11215/59996337_zpid/","Stylish wood cabinetry","https://www.zillow.com/new-york-ny/sold/?searchQueryState=%7B%22pagination%22%3A%7B%7D%2C%22isMapVisible%22%3Atrue%2C%22mapBounds%22%3A%7B%22west%22%3A-74.53681106926112%2C%22east%22%3A-73.03443069816737%2C%22south%22%3A40.31863233929078%2C%22north%22%3A41.12626731376089%7D%2C%22regionSelection%22%3A%5B%7B%22regionId%22%3A6181%2C%22regionType%22%3A6%7D%5D%2C%22filterState%22%3A%7B%22sort%22%3A%7B%22value%22%3A%22globalrelevanceex%22%7D%2C%22rs%22%3A%7B%22value%22%3Atrue%7D%2C%22fsba%22%3A%7B%22value%22%3Afalse%7D%2C%22fsbo%22%3A%7B%22value%22%3Afalse%7D%2C%22nc%22%3A%7B%22value%22%3Afalse%7D%2C%22cmsn%22%3A%7B%22value%22%3Afalse%7D%2C%22auc%22%3A%7B%22value%22%3Afalse%7D%2C%22fore%22%3A%7B%22value%22%3Afalse%7D%2C%22price%22%3A%7B%22max%22%3A2000000%2C%22min%22%3A100000%7D%2C%22land%22%3A%7B%22value%22%3Afalse%7D%2C%22manu%22%3A%7B%22value%22%3Afalse%7D%2C%22doz%22%3A%7B%22value%22%3A%2224m%22%7D%2C%22mf%22%3A%7B%22value%22%3Afalse%7D%2C%22tow%22%3A%7B%22value%22%3Afalse%7D%7D%2C%22isListVisible%22%3Atrue%2C%22usersSearchTerm%22%3A%22New%20York%20NY%22%7D","1","false","true","true",,"false","2","2","Brooklyn",,"UNDER_CONTRACT","USA","USD",,"1777014000000","3","RECENTLY_SOLD","FOR_SALE","CONDO","false","true","false","false",,"false","false","false","40.673534","true",,,,,,,,"0","-73.98357",,,,,,,,,,,,,,,,,,,"1370000",,"1299000",,"6017",,,"false","NY","350 2nd St APT 6C","267230","310849000","Apt 6C",,"1295700","11215","59996337","59996337","https://photos.zillowstatic.com/fp/c7877dbfb50ef23b906187a6eafbde59-p_e.jpg",,"false","false","false",,"false","false","false","false","false","false","40.673534","-73.98357","true","Non Owner Occupied",,,,,,"6955001_S1808195","RecentlySold",,"RecentlySold","false","Unknown Listed By","false","false","$1.37M","Sold","SOLD",,,"1370000","1295700","sw",,,,,,,"59996337"
"149 Clinton Ave APT 1B, Brooklyn, NY 11205","Brooklyn","NY","149 Clinton Ave APT 1B","11205","665",,"1","1",,"https://photos.zillowstatic.com/fp/{photoKey}-p_e.jpg",,,,,,,,,,"false","0b9ddabfc99212b33df7e2d97bde6995","b332d7c2b9c6d185ee40e6e2a0224158","3a6f13df793deceab465df1feaa79b34","2cb940096c32aa148677c2d814c31f5f","29641fd7f362d1331b798dffdd696f0c","c4cb934a1c751288a0add53702862657","87c7682c8b13161d64e9da222ae939f8","f97de7d788d5aca9a88f84447e8657b6",,,,,,,,,,,,,,,,,,,,,,,,,,,,,,,,,,,,,,,,,,,,,,,,,,,,,,,,,,,,,,,,,,,,,,,,,,,,,,,,,,,,,,,,,,,,,,,,,,,,,,,,,,,,,,,,,,,,,,,,,,,,,,,,,,,,,,,,,,,,,,,,,,,,,,,,,,,,,,,,,,,,,,,,,,,,,,,,,,,,,,,,,,,,"soldDate","$","https://www.zillow.com/homedetails/149-Clinton-Ave-APT-1B-Brooklyn-NY-11205/79726771_zpid/","Sold 04/24/26","https://www.zillow.com/new-york-ny/sold/?searchQueryState=%7B%22pagination%22%3A%7B%7D%2C%22isMapVisible%22%3Atrue%2C%22mapBounds%22%3A%7B%22west%22%3A-74.53681106926112%2C%22east%22%3A-73.03443069816737%2C%22south%22%3A40.31863233929078%2C%22north%22%3A41.12626731376089%7D%2C%22regionSelection%22%3A%5B%7B%22regionId%22%3A6181%2C%22regionType%22%3A6%7D%5D%2C%22filterState%22%3A%7B%22sort%22%3A%7B%22value%22%3A%22globalrelevanceex%22%7D%2C%22rs%22%3A%7B%22value%22%3Atrue%7D%2C%22fsba%22%3A%7B%22value%22%3Afalse%7D%2C%22fsbo%22%3A%7B%22value%22%3Afalse%7D%2C%22nc%22%3A%7B%22value%22%3Afalse%7D%2C%22cmsn%22%3A%7B%22value%22%3Afalse%7D%2C%22auc%22%3A%7B%22value%22%3Afalse%7D%2C%22fore%22%3A%7B%22value%22%3Afalse%7D%2C%22price%22%3A%7B%22max%22%3A2000000%2C%22min%22%3A100000%7D%2C%22land%22%3A%7B%22value%22%3Afalse%7D%2C%22manu%22%3A%7B%22value%22%3Afalse%7D%2C%22doz%22%3A%7B%22value%22%3A%2224m%22%7D%2C%22mf%22%3A%7B%22value%22%3Afalse%7D%2C%22tow%22%3A%7B%22value%22%3Afalse%7D%7D%2C%22isListVisible%22%3Atrue%2C%22usersSearchTerm%22%3A%22New%20York%20NY%22%7D","1","false","false","true",,"false","1","1","Brooklyn",,,"USA","USD",,"1777014000000","3","RECENTLY_SOLD","RECENTLY_SOLD","CONDO","false","true","false","false",,"false","false","false","40.693516",,,,,,,,,"665","-73.96857",,,,,,,,,,,,,,,,,,,"650000",,"650000",,"3529",,,"false","NY","149 Clinton Ave APT 1B",,"310849000","Apt 1B",,"591100","11205","79726771","79726771","https://photos.zillowstatic.com/fp/0b9ddabfc99212b33df7e2d97bde6995-p_e.jpg",,"false","false","false",,"false","false","false","false","false","false","40.693516","-73.96857","true","Non Owner Occupied",,,,,,"6955001_S1795703","RecentlySold",,"RecentlySold","false","Unknown Listed By","false","false","$650,000","Sold","SOLD",,,"650000","591100","sw",,,,,,,"79726771"
"100 Jay St APT 10J, Brooklyn, NY 11201","Brooklyn","NY","100 Jay St APT 10J","11201","582",,"1","0",,"https://photos.zillowstatic.com/fp/{photoKey}-p_e.jpg",,,,,,,,,,"false","54d54d7fc053a1213d5fbb802f9b2780","c9e1b8c4f734dede2c3b25864377936a","043bdc9ea999dcaca2ad29e8aaa09228","745afd0ee590ce11c0c86ba6c99c5d1d","02cfbf4a5dd6cee3ab819818d2b02f44","d45d50270cbad40387d55986ff4621f4","17f0830ac70bfc9fd61afce266cebcfd","3a7a07dde06b58ae629284f79d26c7ab","463aa22dbdea9e592cb0882839377c41","e94b1cfdb85fb30677187070b06e9e91",,,,,,,,,,,,,,,,,,,,,,,,,,,,,,,,,,,,,,,,,,,,,,,,,,,,,,,,,,,,,,,,,,,,,,,,,,,,,,,,,,,,,,,,,,,,,,,,,,,,,,,,,,,,,,,,,,,,,,,,,,,,,,,,,,,,,,,,,,,,,,,,,,,,,,,,,,,,,,,,,,,,,,,,,,,,,,,,,,,,,,,,,,"soldDate","$","https://www.zillow.com/homedetails/100-Jay-St-APT-10J-Brooklyn-NY-11201/83043216_zpid/","Sold 04/24/26","https://www.zillow.com/new-york-ny/sold/?searchQueryState=%7B%22pagination%22%3A%7B%7D%2C%22isMapVisible%22%3Atrue%2C%22mapBounds%22%3A%7B%22west%22%3A-74.53681106926112%2C%22east%22%3A-73.03443069816737%2C%22south%22%3A40.31863233929078%2C%22north%22%3A41.12626731376089%7D%2C%22regionSelection%22%3A%5B%7B%22regionId%22%3A6181%2C%22regionType%22%3A6%7D%5D%2C%22filterState%22%3A%7B%22sort%22%3A%7B%22value%22%3A%22globalrelevanceex%22%7D%2C%22rs%22%3A%7B%22value%22%3Atrue%7D%2C%22fsba%22%3A%7B%22value%22%3Afalse%7D%2C%22fsbo%22%3A%7B%22value%22%3Afalse%7D%2C%22nc%22%3A%7B%22value%22%3Afalse%7D%2C%22cmsn%22%3A%7B%22value%22%3Afalse%7D%2C%22auc%22%3A%7B%22value%22%3Afalse%7D%2C%22fore%22%3A%7B%22value%22%3Afalse%7D%2C%22price%22%3A%7B%22max%22%3A2000000%2C%22min%22%3A100000%7D%2C%22land%22%3A%7B%22value%22%3Afalse%7D%2C%22manu%22%3A%7B%22value%22%3Afalse%7D%2C%22doz%22%3A%7B%22value%22%3A%2224m%22%7D%2C%22mf%22%3A%7B%22value%22%3Afalse%7D%2C%22tow%22%3A%7B%22value%22%3Afalse%7D%7D%2C%22isListVisible%22%3Atrue%2C%22usersSearchTerm%22%3A%22New%20York%20NY%22%7D","1","false","false","true",,"false","1","0","Brooklyn",,,"USA","USD",,"1777014000000","3","RECENTLY_SOLD","RECENTLY_SOLD","CONDO","false","true","false","false",,"false","false","false","40.701817",,,,,,,,,"582","-73.986916",,,,,,,,,,,,,,,,,,,"647500",,"647500",,"4207",,,"false","NY","100 Jay St APT 10J","157076","310849000","Apt 10J",,"656700","11201","83043216","83043216","https://photos.zillowstatic.com/fp/54d54d7fc053a1213d5fbb802f9b2780-p_e.jpg",,"false","false","false",,"false","false","false","false","false","false","40.701817","-73.986916","true","Non Owner Occupied",,,,,,"6955001_S1804925","RecentlySold",,"RecentlySold","false","Unknown Listed By","false","false","$647,500","Sold","SOLD",,,"647500","656700","sw",,,,,,,"83043216"
"8309 Talbot St APT 1K, Jamaica, NY 11415","Jamaica","NY","8309 Talbot St APT 1K","11415","1593",,,,,,,,,,,,,,,,,,,,,,,,,,,,,,,,,,,,,,,,,,,,,,,,,,,,,,,,,,,,,,,,,,,,,,,,,,,,,,,,,,,,,,,,,,,,,,,,,,,,,,,,,,,,,,,,,,,,,,,,,,,,,,,,,,,,,,,,,,,,,,,,,,,,,,,,,,,,,,,,,,,,,,,,,,,,,,,,,,,,,,,,,,,,,,,,,,,,,,,,,,,,,,,,,,,,"$","https://www.zillow.com/homedetails/8309-Talbot-St-APT-1K-Jamaica-NY-11415/89071528_zpid/",,"https://www.zillow.com/new-york-ny/sold/?searchQueryState=%7B%22pagination%22%3A%7B%7D%2C%22isMapVisible%22%3Atrue%2C%22mapBounds%22%3A%7B%22west%22%3A-74.53681106926112%2C%22east%22%3A-73.03443069816737%2C%22south%22%3A40.31863233929078%2C%22north%22%3A41.12626731376089%7D%2C%22regionSelection%22%3A%5B%7B%22regionId%22%3A6181%2C%22regionType%22%3A6%7D%5D%2C%22filterState%22%3A%7B%22sort%22%3A%7B%22value%22%3A%22globalrelevanceex%22%7D%2C%22rs%22%3A%7B%22value%22%3Atrue%7D%2C%22fsba%22%3A%7B%22value%22%3Afalse%7D%2C%22fsbo%22%3A%7B%22value%22%3Afalse%7D%2C%22nc%22%3A%7B%22value%22%3Afalse%7D%2C%22cmsn%22%3A%7B%22value%22%3Afalse%7D%2C%22auc%22%3A%7B%22value%22%3Afalse%7D%2C%22fore%22%3A%7B%22value%22%3Afalse%7D%2C%22price%22%3A%7B%22max%22%3A2000000%2C%22min%22%3A100000%7D%2C%22land%22%3A%7B%22value%22%3Afalse%7D%2C%22manu%22%3A%7B%22value%22%3Afalse%7D%2C%22doz%22%3A%7B%22value%22%3A%2224m%22%7D%2C%22mf%22%3A%7B%22value%22%3Afalse%7D%2C%22tow%22%3A%7B%22value%22%3Afalse%7D%7D%2C%22isListVisible%22%3Atrue%2C%22usersSearchTerm%22%3A%22New%20York%20NY%22%7D","1","false","false",,,"false",,,"Jamaica",,,"USA","USD",,"1777014000000","3","RECENTLY_SOLD","RECENTLY_SOLD","CONDO","false","true","false","false",,"false","false","false","40.70981",,,,,,,,,"1593","-73.82895","acres","1.0514233241505968",,,,,,,,,,,,,,,,,"972428",,"972428",,"3526",,,"false","NY","8309 Talbot St APT 1K","186746","310849000","Apt 1K",,"709800","11415","89071528","89071528","https://maps.googleapis.com/maps/api/staticmap?mobile=false&sensor=true&maptype=satellite&size=575x242&zoom=17&center=40.709808349609375,-73.82894897460938&key=AIzaSyBWYJWCA8FNMQvSe_k3LKfDGJaEgdKwsco&signature=F4B11N1apxmGZ3nyo9o8ChBwESA=",,"false","false","false",,"false","false","false","false","false","false","40.70981","-73.82895","true","Non Owner Occupied",,,,,,"c090a6951d641626c0e5a2f1836b8227","RecentlySold",,"RecentlySold","false","Unknown Listed By","false","false","$972,428","Sold","SOLD","https://maps.googleapis.com/maps/api/streetview/metadata?location=40.709808349609375,-73.82894897460938&source=outdoor&key=AIzaSyBWYJWCA8FNMQvSe_k3LKfDGJaEgdKwsco&signature=1g3O12RUPkOMUmw3Otu3Ee9PPow=","https://maps.googleapis.com/maps/api/streetview?size=575x242&location=40.709808349609375,-73.82894897460938&source=outdoor&key=AIzaSyBWYJWCA8FNMQvSe_k3LKfDGJaEgdKwsco&signature=243wSzO3oNzvqEYdsNMAbq_pBxQ=","972428","709800","sw",,,,,,,"89071528"
"85 Livingston St APT 16J, Brooklyn, NY 11201","Brooklyn","NY","85 Livingston St APT 16J","11201","0",,"1","0",,"https://photos.zillowstatic.com/fp/{photoKey}-p_e.jpg",,,,,,,,,,"false","e8df013705213831d40650ad2a6572fe","ee9d2769ad36d346f3d228b4e489fbc1","fb7a8e8ed8e0d4bfffd5f71686856515","79677388571ba37d84ea4c0273a0b28b","fa41b99f0b50520bc8d97e98f4ebdc91",,,,,,,,,,,,,,,,,,,,,,,,,,,,,,,,,,,,,,,,,,,,,,,,,,,,,,,,,,,,,,,,,,,,,,,,,,,,,,,,,,,,,,,,,,,,,,,,,,,,,,,,,,,,,,,,,,,,,,,,,,,,,,,,,,,,,,,,,,,,,,,,,,,,,,,,,,,,,,,,,,,,,,,,,,,,,,,,,,,,,,,,,,,,,,,"soldDate","$","https://www.zillow.com/homedetails/85-Livingston-St-APT-16J-Brooklyn-NY-11201/92337240_zpid/","Sold 04/24/26","https://www.zillow.com/new-york-ny/sold/?searchQueryState=%7B%22pagination%22%3A%7B%7D%2C%22isMapVisible%22%3Atrue%2C%22mapBounds%22%3A%7B%22west%22%3A-74.53681106926112%2C%22east%22%3A-73.03443069816737%2C%22south%22%3A40.31863233929078%2C%22north%22%3A41.12626731376089%7D%2C%22regionSelection%22%3A%5B%7B%22regionId%22%3A6181%2C%22regionType%22%3A6%7D%5D%2C%22filterState%22%3A%7B%22sort%22%3A%7B%22value%22%3A%22globalrelevanceex%22%7D%2C%22rs%22%3A%7B%22value%22%3Atrue%7D%2C%22fsba%22%3A%7B%22value%22%3Afalse%7D%2C%22fsbo%22%3A%7B%22value%22%3Afalse%7D%2C%22nc%22%3A%7B%22value%22%3Afalse%7D%2C%22cmsn%22%3A%7B%22value%22%3Afalse%7D%2C%22auc%22%3A%7B%22value%22%3Afalse%7D%2C%22fore%22%3A%7B%22value%22%3Afalse%7D%2C%22price%22%3A%7B%22max%22%3A2000000%2C%22min%22%3A100000%7D%2C%22land%22%3A%7B%22value%22%3Afalse%7D%2C%22manu%22%3A%7B%22value%22%3Afalse%7D%2C%22doz%22%3A%7B%22value%22%3A%2224m%22%7D%2C%22mf%22%3A%7B%22value%22%3Afalse%7D%2C%22tow%22%3A%7B%22value%22%3Afalse%7D%7D%2C%22isListVisible%22%3Atrue%2C%22usersSearchTerm%22%3A%22New%20York%20NY%22%7D","1","false","false","true",,"false","1","0","Brooklyn",,,"USA","USD",,"1777014000000","3","RECENTLY_SOLD","RECENTLY_SOLD","CONDO","false","true","false","false",,"false","false","false","40.691517",,,,,,,,,"0","-73.9906",,,,,,,,,,,,,,,,,,,"400000",,"400000",,"3811",,,"false","NY","85 Livingston St APT 16J",,"310849000","Apt 16J",,,"11201","92337240","92337240","https://photos.zillowstatic.com/fp/e8df013705213831d40650ad2a6572fe-p_e.jpg",,"false","false","false",,"false","false","false","false","false","false","40.691517","-73.9906","true","Non Owner Occupied",,,,,,"6955001_S1792956","RecentlySold",,"RecentlySold","false","Unknown Listed By","false","false","$400,000","Sold","SOLD",,,"400000",,"sw",,,,,,,"92337240"
"75 Henry St APT 20E, Brooklyn, NY 11201","Brooklyn","NY","75 Henry St APT 20E","11201","0",,"2","2",,"https://photos.zillowstatic.com/fp/{photoKey}-p_e.jpg",,,,,,,,,,"false","fa037ff90c3e4e69b42df4d7ed505b9e","bcd638d39eee0c821b9e5379e2247ab0","d3a27c218967a9da26e5dfb34bd27368","32d9da1e1d179f866a37e74e2dd0c724","390f3d8b7f0f18f72747f875a5969936","35459c083d76db30b4a90885cce1be73","e8ba9b43f16c5f2a626ccc3d0463d700","459b8717ea2382c2c99b1f443d2f4a4e","568b4221da9d714a9ca195f97734d587","fb590ff80790a29e7420102966d579e5",,,,,,,,,,,,,,,,,,,,,,,,,,,,,,,,,,,,,,,,,,,,,,,,,,,,,,,,,,,,,,,,,,,,,,,,,,,,,,,,,,,,,,,,,,,,,,,,,,,,,,,,,,,,,,,,,,,,,,,,,,,,,,,,,,,,,,,,,,,,,,,,,,,,,,,,,,,,,,,,,,,,,,,,,,,,,,,,,,,,,,,,,,"soldDate","$","https://www.zillow.com/homedetails/75-Henry-St-APT-20E-Brooklyn-NY-11201/102754411_zpid/","Sold 04/24/26","https://www.zillow.com/new-york-ny/sold/?searchQueryState=%7B%22pagination%22%3A%7B%7D%2C%22isMapVisible%22%3Atrue%2C%22mapBounds%22%3A%7B%22west%22%3A-74.53681106926112%2C%22east%22%3A-73.03443069816737%2C%22south%22%3A40.31863233929078%2C%22north%22%3A41.12626731376089%7D%2C%22regionSelection%22%3A%5B%7B%22regionId%22%3A6181%2C%22regionType%22%3A6%7D%5D%2C%22filterState%22%3A%7B%22sort%22%3A%7B%22value%22%3A%22globalrelevanceex%22%7D%2C%22rs%22%3A%7B%22value%22%3Atrue%7D%2C%22fsba%22%3A%7B%22value%22%3Afalse%7D%2C%22fsbo%22%3A%7B%22value%22%3Afalse%7D%2C%22nc%22%3A%7B%22value%22%3Afalse%7D%2C%22cmsn%22%3A%7B%22value%22%3Afalse%7D%2C%22auc%22%3A%7B%22value%22%3Afalse%7D%2C%22fore%22%3A%7B%22value%22%3Afalse%7D%2C%22price%22%3A%7B%22max%22%3A2000000%2C%22min%22%3A100000%7D%2C%22land%22%3A%7B%22value%22%3Afalse%7D%2C%22manu%22%3A%7B%22value%22%3Afalse%7D%2C%22doz%22%3A%7B%22value%22%3A%2224m%22%7D%2C%22mf%22%3A%7B%22value%22%3Afalse%7D%2C%22tow%22%3A%7B%22value%22%3Afalse%7D%7D%2C%22isListVisible%22%3Atrue%2C%22usersSearchTerm%22%3A%22New%20York%20NY%22%7D","1","false","false","true",,"false","2","2","Brooklyn",,,"USA","USD",,"1777014000000","3","RECENTLY_SOLD","RECENTLY_SOLD","CONDO","false","true","false","false",,"false","false","false","40.698486",,,,,,,,,"0","-73.99188",,,,,,,,,,,,,,,,,,,"1375000",,"1375000",,"6627",,,"false","NY","75 Henry St APT 20E",,"310849000","Apt 20E",,,"11201","102754411","102754411","https://photos.zillowstatic.com/fp/fa037ff90c3e4e69b42df4d7ed505b9e-p_e.jpg",,"false","false","false",,"false","false","false","false","false","false","40.698486","-73.99188","true","Non Owner Occupied",,,,,,"6955001_S1771514","RecentlySold",,"RecentlySold","false","Unknown Listed By","false","false","$1.38M","Sold","SOLD",,,"1375000",,"sw",,,,,,,"102754411"
"96 Rockwell Pl APT 5B, Brooklyn, NY 11217","Brooklyn","NY","96 Rockwell Pl APT 5B","11217","721",,"1","0",,"https://photos.zillowstatic.com/fp/{photoKey}-p_e.jpg",,,,,,,,,,"false","062140aed3d19c7607e1690bc2192182","646f21dc1ab2c3402db8cd354329679f","85bb8203af2248ddd98c5a11660ac5bd","ad26ca477a725386f67cf89f9d05239f","87b59e86d664b738098fe0fd9bac6e54","5672eeecf69203a5d47d43b6548170ff","864d0c29f8a7602d8408f47ab7cca219","5d15f4390600183ce4f818bbd111c60f","dcfb314790bc178d09c4c129d062f3de","baca37eba784e12408d57c6e2218687c","bdbb30fc1689ee4cda367c129796185d","35961d4d7a95bc9e9ba1029fb8fd616a","c3f4cba04be6f9a49f6ecdaec3148d05","ead9049d804322d8d0940d939ec9de48","ff13c706d98056c7625d6052c51b5681","35d6c62ebd6deb4d033dfa82a2e66d43",,,,,,,,,,,,,,,,,,,,,,,,,,,,,,,,,,,,,,,,,,,,,,,,,,,,,,,,,,,,,,,,,,,,,,,,,,,,,,,,,,,,,,,,,,,,,,,,,,,,,,,,,,,,,,,,,,,,,,,,,,,,,,,,,,,,,,,,,,,,,,,,,,,,,,,,,,,,,,,,,,,,,,,,,,,,,,,,,,,,"soldDate","$","https://www.zillow.com/homedetails/96-Rockwell-Pl-APT-5B-Brooklyn-NY-11217/116082817_zpid/","Sold 04/24/26","https://www.zillow.com/new-york-ny/sold/?searchQueryState=%7B%22pagination%22%3A%7B%7D%2C%22isMapVisible%22%3Atrue%2C%22mapBounds%22%3A%7B%22west%22%3A-74.53681106926112%2C%22east%22%3A-73.03443069816737%2C%22south%22%3A40.31863233929078%2C%22north%22%3A41.12626731376089%7D%2C%22regionSelection%22%3A%5B%7B%22regionId%22%3A6181%2C%22regionType%22%3A6%7D%5D%2C%22filterState%22%3A%7B%22sort%22%3A%7B%22value%22%3A%22globalrelevanceex%22%7D%2C%22rs%22%3A%7B%22value%22%3Atrue%7D%2C%22fsba%22%3A%7B%22value%22%3Afalse%7D%2C%22fsbo%22%3A%7B%22value%22%3Afalse%7D%2C%22nc%22%3A%7B%22value%22%3Afalse%7D%2C%22cmsn%22%3A%7B%22value%22%3Afalse%7D%2C%22auc%22%3A%7B%22value%22%3Afalse%7D%2C%22fore%22%3A%7B%22value%22%3Afalse%7D%2C%22price%22%3A%7B%22max%22%3A2000000%2C%22min%22%3A100000%7D%2C%22land%22%3A%7B%22value%22%3Afalse%7D%2C%22manu%22%3A%7B%22value%22%3Afalse%7D%2C%22doz%22%3A%7B%22value%22%3A%2224m%22%7D%2C%22mf%22%3A%7B%22value%22%3Afalse%7D%2C%22tow%22%3A%7B%22value%22%3Afalse%7D%7D%2C%22isListVisible%22%3Atrue%2C%22usersSearchTerm%22%3A%22New%20York%20NY%22%7D","1","false","false","true",,"false","1","0","Brooklyn",,,"USA","USD",,"1777014000000","3","RECENTLY_SOLD","RECENTLY_SOLD","CONDO","false","true","false","false",,"false","false","false","40.687256",,,,,,,,,"721","-73.97939",,,,,,,,,,,,,,,,,,,"785000",,"785000",,"4029",,,"false","NY","96 Rockwell Pl APT 5B","207630","310849000","Apt 5B",,,"11217","116082817","116082817","https://photos.zillowstatic.com/fp/062140aed3d19c7607e1690bc2192182-p_e.jpg",,"false","false","false",,"false","false","false","false","false","false","40.687256","-73.97939","true","Non Owner Occupied",,,,,,"6955001_S1810769","RecentlySold",,"RecentlySold","false","Unknown Listed By","false","false","$785,000","Sold","SOLD",,,"785000",,"sw",,,,,,,"116082817"
