GEOID,longitude,latitude,mean_felony
36061000100,-74.04233991488555,40.69567298240602,0.0
36061002201,-73.98184414600698,40.719115656363435,86.5
36061002602,-73.9786133390267,40.72438922658671,53.0
36061002800,-73.9768130360722,40.726860950840674,61.5
36061003400,-73.98145767535712,40.72900590765185,88.0
36061003601,-73.99112716050641,40.72231932551375,78.0
36061003602,-73.99020044930231,40.7245603764933,64.5
36061004001,-73.98490213010388,40.73026447894099,45.0
36061004002,-73.98720896594332,40.73124229637705,43.0
36061004100,-73.99669600074398,40.71916366693515,159.0
36061004300,-73.99546719978427,40.723324396693656,206.5
36061005400,-73.99367780711098,40.73881206965819,267.0
36061005501,-73.99708181639649,40.72767260349334,76.0
36061005502,-73.99387212794875,40.7262234909218,114.5
36061005800,-73.99051620575041,40.74315157661895,177.5
36061006700,-74.00412226395423,40.73045256562721,142.0
36061006800,-73.9840791974943,40.7404373122476,115.5
36061007001,-73.9758243380813,40.74270835579934,40.5
36061007002,-73.9781314069696,40.743675576724534,53.5
36061007200,-73.980855944483,40.744861349120455,110.0
36061007300,-74.00410625031596,40.73411570396978,186.0
36061007700,-74.00329385087596,40.738083080368014,116.0
36061007800,-73.97467365469602,40.74632536764628,63.5
36061008000,-73.97765235439564,40.749258399960965,152.0
36061008100,-73.99877174429504,40.73980573601901,124.5
36061008300,-74.0044520874449,40.742198824573734,164.0
36061008900,-74.00267742110182,40.744637890606974,70.5
36061009200,-73.97474014500992,40.753646664215715,127.0
36061009300,-74.00087526398627,40.747113532375245,98.0
36061009500,-73.99335780526904,40.74723661854813,156.5
36061009600,-73.98088604214628,40.7563749829631,290.5
36061009902,-74.00495636290464,40.752135316927905,70.0
36061010000,-73.97123336150464,40.75806490686338,112.0
36061010100,-73.99153673005969,40.749730801920684,468.5
36061010200,-73.97444939246857,40.759423753198035,81.0
36061010400,-73.97767290541465,40.760778973760445,298.0
36061010801,-73.9661755544192,40.75798108570527,27.5
36061010802,-73.96387512866309,40.759122475281565,23.5
36061010803,-73.96617516804623,40.7600932117852,32.0
36061010900,-73.98970305381063,40.752250675249726,454.0
36061011201,-73.97534572618518,40.76397790474504,122.5
36061011202,-73.97213117316088,40.76260394827942,56.5
36061011203,-73.96891071839521,40.7612416580008,78.0
36061011300,-73.98786990889565,40.75477510406772,406.5
36061011402,-73.96727887607466,40.76348257470077,91.5
36061011800,-73.96085524814978,40.76527473269525,120.5
36061011900,-73.9860247490562,40.757315187980716,342.5
36061012000,-73.96476635804093,40.766926084744945,134.0
36061012101,-73.99027921023297,40.759111887490164,137.0
36061012102,-73.99311909019487,40.760307584922906,95.5
36061012200,-73.96798407414133,40.76828116170611,70.5
36061012500,-73.98417550438455,40.75984064422658,239.5
36061012601,-73.95740675022725,40.767994074349886,37.5
36061012602,-73.95970804191644,40.76896733229271,55.5
36061012700,-73.98985652978874,40.76223834884176,177.0
36061013000,-73.9647335587036,40.77273602745227,64.5
36061013100,-73.98235348632824,40.76234581224278,144.5
36061013201,-73.95206872825497,40.76870129219925,21.0
36061013202,-73.94972086792666,40.769830573770825,18.0
36061013300,-73.98803493655537,40.76473810600568,215.5
36061013601,-73.94625312915933,40.77201138612589,6.0
36061013602,-73.94854459857957,40.77186972010109,23.0
36061014801,-73.95607287538559,40.778841002520345,86.0
36061014900,-73.98248666851134,40.77235141563252,74.5
36061015001,-73.95928354550792,40.78019611523323,21.5
36061015002,-73.95764803650567,40.78244809514024,41.5
36061015101,-73.98697182751059,40.773839632755994,50.5
36061015301,-73.97924062925487,40.7742618767753,40.5
36061015302,-73.98208084572407,40.77545252973208,88.0
36061015401,-73.94981414862823,40.780408177523356,42.5
36061015402,-73.9475473778341,40.78150488021243,35.5
36061015403,-73.94985218257595,40.78247580145134,27.0
36061015501,-73.98491821084151,40.77665095633588,26.0
36061015700,-73.9787860288962,40.77741706590176,104.5
36061015801,-73.95210372152616,40.7842778495408,72.5
36061015802,-73.9504744342468,40.78652255880344,54.5
36061016001,-73.95532276538191,40.7856335541821,36.5
36061016100,-73.97719288802976,40.779948149419134,50.5
36061016400,-73.94447227845909,40.7877122455777,137.5
36061016500,-73.97499827071532,40.78235777892737,87.5
36061016600,-73.94838366209294,40.78936978187917,164.5
36061016900,-73.97311963029763,40.785195669002235,71.5
36061017100,-73.97927655433759,40.787825109848626,82.5
36061017200,-73.9451329889091,40.79382481942418,156.5
36061017300,-73.97123674342848,40.78777077213133,62.5
36061017401,-73.94857462017373,40.794886099581646,71.0
36061017402,-73.94715934763163,40.79680061738894,51.5
36061017500,-73.97752102589787,40.790408312882526,80.0
36061017700,-73.96938880783023,40.79030792293496,65.5
36061018000,-73.93959541659349,40.7944019558499,117.5
36061018100,-73.96774566882289,40.792555223825886,68.0
36061018400,-73.94506540621309,40.799685164016296,134.0
36061018600,-73.9497071320733,40.79910225078945,72.0
36061018700,-73.97200784275653,40.79809132674363,71.0
36061019300,-73.96195524001101,40.80050464801045,69.5
36061019600,-73.93857022953306,40.802807135522634,196.0
36061019702,-73.95798716406306,40.802191053458394,23.5
36061019900,-73.96653277165882,40.80571199224096,79.0
36061020600,-73.93878342869861,40.80829129816731,65.5
36061020701,-73.95846101361946,40.808974881209345,13.0
36061021303,-73.95314674074034,40.81456734074484,62.5
36061021500,-73.94947118244527,40.81352780350062,49.5
36061021703,-73.94975944903892,40.81792413860198,58.5
36061021800,-73.9525245471738,40.80322240231137,139.5
36061022000,-73.95065669659677,40.805783809159806,74.5
36061022102,-73.9461856959933,40.81865502237624,44.0
36061022200,-73.9487874938375,40.808340213818525,233.0
36061022301,-73.95500581818945,40.8211416332987,103.0
36061022600,-73.94481136392322,40.81343511383166,100.0
36061022800,-73.94324560099082,40.815929703199366,138.0
36061023100,-73.94409943086652,40.8258282582772,90.0
36061023400,-73.93866453992487,40.82372740807931,74.5
36061023502,-73.93892494781463,40.8278987511603,34.5
36061024301,-73.93875807967933,40.83597375365118,55.5
36061024900,-73.93644960780912,40.83912892243116,43.0
36061027100,-73.93429388466637,40.85194194829739,169.0
36061029300,-73.92011963118725,40.86592571501383,136.0
36061029500,-73.92494092154081,40.867522994820355,66.0
36005001600,-73.85807621374053,40.81884770742154,97.0
36005002002,-73.86442463999589,40.81763702635643,63.0
36005002300,-73.92584562421654,40.80908394457968,70.0
36005002500,-73.9208800684209,40.80700186133409,145.0
36005002701,-73.91636064464961,40.805075013434724,45.0
36005002702,-73.91377741691251,40.806447753201546,86.5
36005003800,-73.86334353342896,40.820294406546104,18.5
36005003900,-73.92142272207484,40.80971889276157,263.0
36005004001,-73.85833530460701,40.82827201948739,32.0
36005004200,-73.86202205626499,40.8239252111684,173.5
36005004400,-73.86643976488725,40.826512072917204,74.5
36005004600,-73.86917644988517,40.82240943022063,89.5
36005004800,-73.87432518498629,40.827014497368424,96.5
36005006400,-73.8721981366332,40.83300034887352,67.5
36005006800,-73.87050006300835,40.82896418001879,72.0
36005007000,-73.8656218498109,40.82981781918415,106.5
36005007200,-73.86068255274512,40.83103773230398,90.0
36005007400,-73.85286228511099,40.81947556849339,39.0
36005007600,-73.86765587331281,40.83337873249919,108.0
36005008600,-73.84980806718576,40.81987917343251,52.0
36005008700,-73.89727310617326,40.819674330706874,141.5
36005011702,-73.8753442700258,40.80987165639283,34.0
36005012102,-73.88789794255143,40.8260047916179,24.0
36005012500,-73.89352527928905,40.82863478774512,95.0
36005012901,-73.89873461730492,40.822629037605616,143.5
36005013000,-73.81474705132362,40.81930384319759,18.0
36005013200,-73.82068822037087,40.815522685101904,70.5
36005013300,-73.90348512849435,40.8228228138243,96.0
36005013500,-73.90209244988895,40.82712900563817,84.5
36005014400,-73.82333637685028,40.82126066244885,79.5
36005014900,-73.90149619616331,40.832591855966264,81.0
36005015200,-73.82491889286824,40.82639034927042,45.5
36005015300,-73.89412268621318,40.83346801326136,103.5
36005015800,-73.818616185317,40.82485809371307,23.0
36005016000,-73.81751937506847,40.83111755365985,55.0
36005016200,-73.82175930168357,40.82885026721606,28.0
36005016400,-73.82484784532731,40.83219959442394,24.0
36005017500,-73.91365110374414,40.83082267748233,123.5
36005017901,-73.91518540426287,40.83483551791527,57.5
36005017902,-73.91349936670709,40.83700469285049,34.5
36005018102,-73.91814100160374,40.83226697937495,63.5
36005018400,-73.8292806671788,40.83741842319162,60.0
36005020200,-73.8475792505595,40.83849110909493,53.0
36005020400,-73.85086031122148,40.84086411166335,55.5
36005020900,-73.91501441025815,40.843068995353185,77.0
36005021002,-73.85651776772328,40.838472737846004,71.5
36005021302,-73.92038121276275,40.84305933032414,100.0
36005021501,-73.91825120721664,40.849454822440585,63.0
36005021900,-73.91961160051251,40.83967180973088,101.5
36005022101,-73.91811998311556,40.83827903128754,125.5
36005022102,-73.91609722095016,40.837655833552745,60.0
36005022300,-73.91508372070336,40.84052102379985,90.0
36005022404,-73.86630031016965,40.852742915767536,46.0
36005022500,-73.9109608039335,40.8401249536079,148.0
36005022702,-73.91329245625582,40.844500474634216,74.0
36005022703,-73.91052050467533,40.84404510060109,22.5
36005022800,-73.86353400799072,40.85349216469402,75.5
36005022902,-73.90713986650191,40.84380313189239,61.5
36005023200,-73.86331604895082,40.84697459685402,46.5
36005023301,-73.90875751030461,40.84955665650846,94.0
36005023600,-73.86725648111222,40.84509103539635,31.5
36005023900,-73.90287839882892,40.8588997685293,180.0
36005024100,-73.9061882474224,40.85314618141329,111.0
36005024300,-73.91153813543667,40.852424381475366,80.0
36005024400,-73.85750846483413,40.84622010026853,31.5
36005024501,-73.91548166449489,40.852879529992,56.5
36005024600,-73.86115633792235,40.85160563404634,26.0
36005024800,-73.85841121556882,40.85533781803652,67.5
36005025000,-73.85570028424115,40.851706496995135,28.0
36005025100,-73.90773241010561,40.85653130760426,115.0
36005025200,-73.85496777446996,40.847138735088386,34.0
36005025300,-73.90455107381845,40.86100764950536,105.5
36005025400,-73.85247725923429,40.8484984397521,38.0
36005026500,-73.90024069014171,40.866218231988256,129.0
36005026601,-73.83413223169188,40.84742901536609,37.5
36005026602,-73.83061298661352,40.84598234993838,97.5
36005026701,-73.901226553094,40.869351227240315,56.5
36005026702,-73.90011688346763,40.87228777267208,87.5
36005027300,-73.90322296649867,40.87389900541516,97.5
36005027700,-73.90145519455105,40.87838745270984,79.5
36005027900,-73.89727863199926,40.88255489935516,84.0
36005028600,-73.84777583969854,40.84918595572563,38.5
36005028700,-73.90465793336308,40.882714196548555,102.5
36005028800,-73.85146953775477,40.85428966059862,47.0
36005030900,-73.91398013592867,40.897286908873724,49.0
36005031200,-73.8424491582518,40.862059745705665,28.5
36005031400,-73.84553348538466,40.86153808171865,25.0
36005031600,-73.84872455539781,40.86197103601646,31.5
36005031800,-73.85156789499047,40.861954694247366,19.0
36005031900,-73.90683898337865,40.91294963679494,2.5
36005032400,-73.85971795180595,40.861348885684315,58.5
36005032600,-73.8554832049345,40.86217797285883,50.0
36005032800,-73.86313020711735,40.86173636322411,65.5
36005033601,-73.86888673374226,40.86756731980661,126.0
36005033602,-73.86888325328698,40.87058199365644,25.0
36005034000,-73.86292338911993,40.86844056482093,60.5
36005034200,-73.86002624041643,40.868416524612975,39.0
36005034300,-73.89817557848654,40.909687183363815,20.0
36005034400,-73.85713227980446,40.86836418145069,29.5
36005035900,-73.88338078395012,40.84020852521791,103.0
36005036300,-73.88275471607876,40.84453966104494,156.5
36005036501,-73.88578710448357,40.845400469273585,92.0
36005036901,-73.89189772158636,40.84436555127118,56.0
36005036902,-73.89288678609938,40.84255439050736,54.5
36005037000,-73.8590206419694,40.873089678721804,31.5
36005037100,-73.8873810261002,40.847222854198456,124.0
36005037300,-73.89014306804427,40.84866940854379,123.5
36005037400,-73.86667217119897,40.874540547349106,95.0
36005037504,-73.89267225600506,40.85030341183396,156.0
36005038200,-73.85473994882639,40.877311892972905,43.0
36005038600,-73.84839831249651,40.879635301807724,114.0
36005038800,-73.85535726998852,40.879601801035186,27.0
36005039000,-73.86075665835045,40.88123082174053,61.0
36005039100,-73.88712593410496,40.85311619499476,141.5
36005039200,-73.86474047629943,40.88328730704269,45.0
36005039800,-73.85346966050537,40.882697146023716,47.0
36005040302,-73.89219906363967,40.867847246846864,63.5
36005040303,-73.89349760662446,40.86969056276923,60.0
36005040304,-73.89519054680981,40.86767022958925,83.5
36005040400,-73.85134867998117,40.8861692240014,52.5
36005040501,-73.89091360076301,40.867163066418556,55.0
36005040502,-73.88898424130905,40.86587374953202,82.0
36005040600,-73.85700530401638,40.88795096671501,77.5
36005040701,-73.89025817903189,40.87158043033574,37.5
36005040702,-73.88699828501422,40.86914111364134,101.0
36005040800,-73.86168991389015,40.88974179385527,67.0
36005041500,-73.88354479035036,40.87011197861958,54.5
36005042000,-73.85985232866864,40.89302054399448,107.0
36005042200,-73.85527280078497,40.89109936718917,55.0
36005042300,-73.87731846306889,40.87706748850996,80.0
36005042400,-73.84953599169987,40.889280093075,88.5
36005042800,-73.84570314648596,40.89450935360991,29.0
36005042902,-73.87391837169521,40.87712282994453,53.0
36005043000,-73.85065724850715,40.89346005463479,35.0
36005043101,-73.87898985969088,40.88371666074488,79.0
36005043400,-73.85234247628384,40.89821282494462,100.5
36005043600,-73.84976303791245,40.897295691151236,30.0
36005044200,-73.8462047377876,40.903883104190236,61.5
36005044400,-73.84374036398064,40.89949894065343,50.5
36005044800,-73.84130104052082,40.895475328448434,26.5
36005044901,-73.87340906741957,40.897495311374726,27.5
36005044902,-73.86898444479398,40.898811229222,21.5
36005045600,-73.82086801714601,40.888692928653455,63.0
36005045800,-73.84519991565637,40.88586321444957,83.5
36005046204,-73.82612351523103,40.87298384963102,29.0
36005046206,-73.82789106275712,40.8754544702532,11.0
36005046207,-73.8316575067578,40.87733576317527,33.5
36005046209,-73.83090472049565,40.88308474583614,92.5
36081000200,-73.86612850999397,40.693291369198654,18.0
36081000702,-73.95028051434022,40.74641555416029,69.0
36081000800,-73.85826038594269,40.687348108152506,21.0
36081001000,-73.85928965279354,40.6907547112337,22.5
36081001200,-73.86085307504631,40.694274130483535,40.5
36081001600,-73.8548287625364,40.68970418954681,20.0
36081002400,-73.84656974518803,40.69717776782632,15.0
36081002600,-73.84309179736181,40.697260313913155,27.5
36081002800,-73.84436856212028,40.69238616528626,23.5
36081003000,-73.8472602175426,40.691627644965024,7.0
36081003100,-73.93390405088384,40.75317591913051,62.0
36081003200,-73.84675898862162,40.6873089089349,15.5
36081003302,-73.93756599357059,40.755949900298035,73.0
36081004002,-73.84297350895145,40.68154278566465,62.0
36081004300,-73.93751637863073,40.76094030477309,39.5
36081004500,-73.93376054388222,40.76453014446721,34.0
36081004700,-73.9331581433274,40.76028791434103,46.5
36081005000,-73.85488125852095,40.67767316420404,2.0
36081005100,-73.93213792905013,40.755639676298244,30.0
36081005300,-73.9292713031798,40.76034456296925,42.5
36081005500,-73.92778876158637,40.75379464273439,18.5
36081005700,-73.9256726073031,40.756954396871855,42.0
36081006300,-73.92002557161582,40.764485477038825,33.0
36081006501,-73.91767501665244,40.76804853208234,65.0
36081006502,-73.91511947569892,40.76679518958022,32.5
36081006900,-73.92216785380496,40.77150501984072,35.0
36081007100,-73.92304343091322,40.7690849508464,38.5
36081007300,-73.9253730660226,40.76699524017559,30.0
36081007500,-73.9273300859982,40.764543544850824,31.0
36081007700,-73.93173281880946,40.766732627692626,25.0
36081007900,-73.92994520628805,40.76909971328035,16.5
36081008300,-73.92869602395513,40.772620233702725,26.5
36081008500,-73.9407261175249,40.760019711681565,73.0
36081009400,-73.83651121762935,40.681410532797116,42.5
36081009500,-73.92079721860524,40.77446508438714,12.0
36081009600,-73.83226841133545,40.680914046551386,27.0
36081009700,-73.91860245680594,40.77648152750626,23.5
36081009800,-73.83120790816068,40.68540011204981,42.5
36081010000,-73.82888538536162,40.68115382186179,90.5
36081010100,-73.91625566005031,40.77840289578953,19.5
36081010200,-73.82296744704693,40.67877795298042,31.0
36081010400,-73.82654670260752,40.68296784624062,33.5
36081010800,-73.83059727334603,40.68861025491059,14.5
36081011100,-73.90731303778884,40.77879511508129,16.5
36081011200,-73.83906747282941,40.68410898989129,57.5
36081011300,-73.90846565473369,40.776257704242774,31.0
36081011400,-73.84182659859398,40.687927481719186,11.5
36081011500,-73.91334610087691,40.77442065282547,52.5
36081011700,-73.91045567330625,40.77222975066851,28.0
36081011900,-73.90606390542904,40.77120544561859,16.0
36081012000,-73.82865593303727,40.69149832365194,25.0
36081012100,-73.90351406921911,40.77275861776314,20.0
36081012200,-73.83106563933745,40.696495645426985,55.0
36081012400,-73.83429735831228,40.69519847676279,27.0
36081012601,-73.83740925248574,40.69365109586006,20.0
36081012602,-73.84070381161969,40.693165864804634,17.0
36081012800,-73.84012305374438,40.69826280445823,14.5
36081014000,-73.8290491074386,40.70372568729967,23.5
36081014201,-73.82464109622661,40.70097392231832,34.5
36081014300,-73.91151150326873,40.76629988318994,49.0
36081014500,-73.907508217731,40.764280946263064,10.5
36081014700,-73.9107521206544,40.762997665680935,27.0
36081014800,-73.82239234644348,40.69449529521637,20.5
36081014900,-73.91444418820844,40.76185386257256,20.0
36081015000,-73.82115577917999,40.693406083892036,21.0
36081015100,-73.91084470618424,40.76016753508483,16.0
36081015200,-73.8137693588723,40.69373926208723,25.0
36081015300,-73.91364738921457,40.75808157581055,17.5
36081015400,-73.82055406333949,40.692196251679036,20.0
36081015600,-73.8206117227704,40.69034241041138,21.0
36081015700,-73.92192537299937,40.75501504458476,22.5
36081015801,-73.81231265545446,40.688884170785634,55.5
36081015802,-73.81963591908197,40.687545420572484,68.0
36081016100,-73.91458639763869,40.75508365706011,48.0
36081016400,-73.81655696088369,40.685080091562334,18.0
36081016800,-73.81723373719939,40.679374063706234,23.0
36081016900,-73.91436365583151,40.74827235140892,50.0
36081017000,-73.81196580750806,40.684323108723135,20.0
36081017200,-73.8113984142892,40.68233098832547,19.5
36081017400,-73.81054002100312,40.68058243782858,21.0
36081017600,-73.80969027277739,40.678830873658114,24.5
36081017800,-73.8087466253703,40.67709600252783,28.0
36081017901,-73.92597683428112,40.74472082474162,30.5
36081018000,-73.80540632179599,40.67578789808865,27.0
36081018101,-73.9241222906869,40.74450974639807,40.0
36081018102,-73.92226871065853,40.744291621189454,43.5
36081018200,-73.79915246556182,40.676155174583634,22.0
36081018300,-73.9196685947278,40.745341082807045,61.0
36081018401,-73.79219313922161,40.6751810525264,19.5
36081018402,-73.79436108685783,40.67894790294753,15.0
36081018501,-73.92243128633666,40.73870972734056,24.5
36081018502,-73.9220648515943,40.74055454365799,26.5
36081018600,-73.79894005806437,40.67988135419143,13.5
36081018700,-73.92465951550139,40.736624953828525,25.5
36081018800,-73.79982672769923,40.68163192370863,10.0
36081018900,-73.92799831384697,40.740081761711906,24.5
36081019000,-73.7952220137548,40.68538612752688,21.0
36081019200,-73.80062583948956,40.68381969949531,13.0
36081019400,-73.80345915192811,40.68592342041672,26.5
36081019600,-73.7999076343487,40.68947373356963,31.5
36081019800,-73.80280932720596,40.69184400422551,43.0
36081020400,-73.80341233567013,40.69517241029507,53.0
36081021400,-73.81518728154165,40.70606191944424,80.0
36081021602,-73.81926655632807,40.70439811011028,11.5
36081021603,-73.82304814981451,40.70858020987553,4.0
36081022002,-73.81445158825278,40.713212000326905,44.0
36081023000,-73.80814560696018,40.71264168890589,17.5
36081023200,-73.81128087189738,40.7095894903531,33.5
36081023502,-73.91702945568346,40.741333941136375,25.0
36081023600,-73.80491905882583,40.707343682885416,43.0
36081023800,-73.8090375522391,40.70522222198534,58.0
36081025100,-73.90965910620278,40.74482934756206,43.0
36081025301,-73.91651424197465,40.74456616008457,41.5
36081025302,-73.91313502753508,40.7441680287129,40.0
36081025401,-73.79759071517783,40.69473075422235,43.0
36081025402,-73.792318780666,40.697962760651514,96.0
36081025500,-73.90791682501028,40.7504243986919,34.0
36081025700,-73.90517568096594,40.75010336316083,19.0
36081025800,-73.78727995776532,40.696041807971056,27.5
36081025900,-73.90352610253483,40.74857785306373,47.5
36081026000,-73.79331124888459,40.69274809767341,41.5
36081026200,-73.79208776869193,40.691008638787935,17.0
36081026400,-73.78579133467179,40.69223097994565,16.5
36081026600,-73.78169505396866,40.691881282346635,15.5
36081026700,-73.88803613205201,40.74532709032941,160.0
36081026901,-73.88221812270639,40.7468715475022,117.0
36081026902,-73.88295405146208,40.744614087838514,41.5
36081027000,-73.79139843783119,40.68868416924592,20.5
36081027101,-73.88026823163081,40.744172795215825,41.0
36081027102,-73.87805225172093,40.74712402905487,46.5
36081027200,-73.79132011148506,40.683577338390904,21.0
36081027302,-73.87321009553723,40.7537781963437,58.5
36081027400,-73.78898897024986,40.68490502626849,12.5
36081027500,-73.87556898323417,40.752153719315686,85.5
36081027600,-73.78623989996132,40.687588159613725,13.5
36081027701,-73.87779493904506,40.750393616998494,40.0
36081027702,-73.87805144199312,40.75440556012374,28.5
36081027800,-73.78291580838292,40.686097489365196,21.0
36081027900,-73.880216308109,40.75166328714197,63.0
36081028000,-73.77972556676929,40.68831423025262,14.0
36081028100,-73.88259187465124,40.75222022565479,67.0
36081028200,-73.77388331625168,40.68499082666433,19.5
36081028300,-73.8848654004677,40.75117434827176,154.0
36081028400,-73.77785584183576,40.68250215446025,109.0
36081028500,-73.88711606951746,40.75146611024726,64.5
36081028700,-73.88943499673766,40.75096600247439,95.0
36081028801,-73.78912774834266,40.67837791068784,30.0
36081028802,-73.78258547690177,40.6804527344089,16.0
36081028900,-73.89190157348452,40.75127691344431,90.0
36081030903,-73.89006484058571,40.757948312791214,57.5
36081032700,-73.88541772181814,40.758436583398606,25.5
36081032800,-73.75569087375732,40.67183800500275,19.0
36081033401,-73.76743674578078,40.67917931277703,31.5
36081033403,-73.77564519496829,40.67756850798218,19.0
36081033404,-73.77239738387607,40.67493354649347,18.0
36081033700,-73.88262795319372,40.75873071519487,35.5
36081033900,-73.87983826288128,40.7590237257483,29.0
36081035100,-73.87704632432302,40.75909928742108,118.0
36081035200,-73.75761013077374,40.67947715008368,46.0
36081035300,-73.87412557126567,40.75961388461856,24.5
36081035800,-73.75097864726328,40.675790234450794,38.0
36081036100,-73.8724164579789,40.761283163061876,32.0
36081036300,-73.86941575666445,40.75967930682918,37.5
36081036600,-73.76309660360425,40.68565001987942,32.5
36081036800,-73.76648176482273,40.68532580371901,21.5
36081037600,-73.75411746733278,40.687814595006465,37.5
36081037700,-73.86871361572852,40.75566144908994,46.5
36081037900,-73.86408414265522,40.75547350705011,65.5
36081039400,-73.75877967324341,40.68963933201587,17.0
36081039800,-73.76480865124036,40.69456541679204,21.5
36081039902,-73.85397792685968,40.753554323913754,31.5
36081040000,-73.76486334256576,40.698147636522975,7.0
36081040101,-73.85659375420339,40.74977878438225,32.5
36081040200,-73.76876456489792,40.70003354228178,10.0
36081040301,-73.85952638535235,40.74891571009717,35.0
36081040302,-73.86116409508863,40.75204903535339,59.5
36081040400,-73.77078143061765,40.70515293326556,36.5
36081040501,-73.8622227256238,40.748349053851456,64.0
36081040502,-73.86361199760711,40.75173670335618,79.0
36081040701,-73.86449419312731,40.748050667723724,23.5
36081040702,-73.86622519696242,40.751654969604665,62.0
36081041100,-73.86541767905808,40.74379061421404,30.0
36081041300,-73.86130796541607,40.744736306743995,50.5
36081041400,-73.78074611733543,40.699649602012535,60.0
36081041500,-73.85661279101635,40.746626466586044,54.0
36081042700,-73.85381095578805,40.743716423739365,42.0
36081043701,-73.85108991538758,40.73915695191366,34.5
36081043702,-73.85655167908213,40.73811061766269,51.0
36081043900,-73.85581319288832,40.74186917694292,48.5
36081044301,-73.85945969463427,40.7407374897002,60.0
36081044302,-73.86406189507727,40.73981238427695,121.0
36081044602,-73.7998474441746,40.70818695231313,65.5
36081044800,-73.80263143768109,40.71102296257224,15.0
36081045000,-73.80478731809636,40.71422062282327,24.0
36081045600,-73.79398725800971,40.716629450801506,10.5
36081045700,-73.86983829887696,40.737721745093765,36.5
36081045900,-73.87068054809875,40.73987731160042,23.0
36081046100,-73.87126638620437,40.74172376940996,29.0
36081046400,-73.7869966230828,40.71686940292101,18.5
36081046700,-73.87458990700351,40.74545199075469,49.5
36081046901,-73.87858624969765,40.74336421924943,41.5
36081046902,-73.87581927043925,40.746980463351505,47.5
36081047000,-73.77729773149326,40.71129615894762,53.5
36081047300,-73.8762301487913,40.737219673552936,95.0
36081047802,-73.76249328927618,40.718741409471164,15.5
36081048000,-73.77299729573267,40.71288258216724,35.0
36081048100,-73.88505197109731,40.74221904500149,43.5
36081048400,-73.7599362375532,40.715815372317095,51.5
36081049201,-73.76007902849635,40.72439043109208,30.0
36081049202,-73.75604324902528,40.72079904439946,19.0
36081049301,-73.8942515101263,40.732367336925236,17.5
36081049302,-73.8917939304488,40.72790380806837,37.0
36081049500,-73.8904910018658,40.72539008743855,12.5
36081049600,-73.75311897684603,40.716950197124255,29.5
36081049700,-73.8903748146517,40.73174901125293,26.5
36081050202,-73.75929236685768,40.7101892664434,13.5
36081050400,-73.76435778017955,40.70511947750174,17.0
36081050600,-73.75966851874132,40.70579257781809,14.5
36081050800,-73.75542226906569,40.70698396135099,26.0
36081051600,-73.74727299970232,40.70272326991278,17.5
36081051800,-73.75200956721184,40.70183835472537,8.0
36081052000,-73.75468784618928,40.701139556500095,14.5
36081052100,-73.90153075694482,40.72086383993488,17.0
36081052200,-73.75736834993882,40.70044464514811,12.5
36081052400,-73.76195961984442,40.70122774976124,12.5
36081052600,-73.75976067514118,40.69709667380415,14.0
36081052800,-73.75873031656087,40.69403522531312,16.0
36081053000,-73.7525404031148,40.69633822724895,14.0
36081053200,-73.74909150820898,40.7001018759567,17.5
36081053601,-73.74586689105416,40.706704484827235,13.0
36081053800,-73.74253039453961,40.70647886713295,14.5
36081053902,-73.91322387060858,40.71131707675611,4.5
36081054000,-73.74322580071454,40.7128003173285,37.5
36081054200,-73.74648751473948,40.719077689646866,48.0
36081054500,-73.91262114048531,40.70554798748085,24.5
36081054800,-73.75127935299554,40.72320314511531,20.0
36081055100,-73.9039117209273,40.70159502771836,52.0
36081055400,-73.74016096118085,40.727790511945116,14.0
36081055500,-73.90327854525881,40.697225117328706,21.5
36081055600,-73.74500322868094,40.72555072822431,15.0
36081055700,-73.89830829593983,40.698690768046546,38.5
36081055800,-73.74170480857588,40.72253361604823,17.0
36081055900,-73.9017131893377,40.69435675565197,29.5
36081056100,-73.88549990563632,40.69309443521398,12.5
36081056200,-73.73319561984559,40.72463817236588,5.5
36081056500,-73.89685168413563,40.694231020296606,12.0
36081056600,-73.73839113406963,40.719734714886336,20.5
36081056700,-73.89214053877248,40.696860093017584,31.5
36081057700,-73.89070773855582,40.7003914573371,37.5
36081058200,-73.7375537857679,40.70698892928585,34.0
36081058500,-73.89942019296713,40.704370959931204,23.5
36081058700,-73.90026753409934,40.707140498039536,18.0
36081058900,-73.9050389125863,40.70624140741998,34.5
36081059000,-73.73698569553932,40.70125770627789,3.5
36081059100,-73.90978067861337,40.70811189043035,32.0
36081059900,-73.90213138052995,40.71724505832971,12.0
36081060600,-73.73533091986276,40.69174705153119,10.0
36081061200,-73.73672302052722,40.6882835805047,8.0
36081061302,-73.88341766364788,40.70932415985105,2.0
36081061400,-73.72951456768699,40.68611962850716,9.0
36081061800,-73.736418134192,40.676894375256516,30.5
36081062300,-73.8781859561448,40.704385478837544,14.0
36081062500,-73.88239852679618,40.70412908316886,21.0
36081062600,-73.74810842552287,40.681985349093864,24.5
36081062700,-73.88645391072244,40.70377153223038,21.5
36081062900,-73.88289766555718,40.70093558814515,34.5
36081063200,-73.74051186156156,40.67651823863529,19.0
36081064101,-73.85175561216582,40.69912605152813,18.0
36081064600,-73.74226231862848,40.67276272412562,19.5
36081065000,-73.74482362274216,40.66945918334938,25.0
36081065401,-73.7375498932355,40.66302646383964,52.5
36081065402,-73.74409754505174,40.66142210475287,2.0
36081065600,-73.72957740559015,40.65984086718442,43.5
36081065702,-73.88295205163422,40.71333893347491,10.0
36081065703,-73.87529749943701,40.71511872200648,27.0
36081066000,-73.73336326867346,40.65857435221344,24.0
36081066301,-73.87476498206773,40.72192854291227,18.5
36081066302,-73.8803495140981,40.720191056837464,3.0
36081066402,-73.73765206941361,40.65622644838429,26.5
36081066403,-73.73308046531204,40.65191104694845,20.0
36081066701,-73.89137914900147,40.721779286778634,22.5
36081067100,-73.87810255733378,40.72447508204562,26.0
36081067700,-73.87243056849037,40.71911062493344,8.5
36081068200,-73.75041145174943,40.6677889570912,12.5
36081068300,-73.8690838474092,40.73497503416845,307.5
36081069300,-73.8632274869274,40.728888761599194,52.0
36081069500,-73.86750933135191,40.726056685700364,14.5
36081069701,-73.86019210338341,40.72686641442257,22.5
36081070700,-73.85556566318168,40.715072114816564,12.0
36081071304,-73.85405860404975,40.72886497008649,18.0
36081071701,-73.85988065189339,40.73133305647529,27.0
36081071900,-73.85561948541219,40.73468719363275,29.0
36081072100,-73.85375740398436,40.73120047960377,23.0
36081072300,-73.84774398225431,40.716239992934476,23.5
36081072900,-73.85218146882937,40.71281191580366,17.5
36081073700,-73.84323892655287,40.71844113783318,51.0
36081073900,-73.84427230465316,40.72369479724388,32.5
36081074100,-73.8470474205519,40.72828163334489,16.5
36081074300,-73.84924943525431,40.73229797938966,28.5
36081074500,-73.85083625423503,40.73610499910455,36.5
36081075701,-73.83481458619073,40.71821801123852,34.0
36081075702,-73.84021086807569,40.72433941122062,31.0
36081077902,-73.82486766137686,40.72527480842563,37.0
36081077903,-73.82159575832462,40.719222666290094,20.5
36081077906,-73.818759531557,40.7293991283991,27.0
36081077907,-73.81847364333744,40.724958315412195,21.5
36081077908,-73.81369461461821,40.72561604337451,23.0
36081078800,-73.7903671564951,40.67033333022634,20.0
36081079000,-73.79661440294163,40.67248275578942,18.5
36081079200,-73.7969642043877,40.66891889851967,47.0
36081079300,-73.8313591992832,40.7364053348752,0.0
36081079701,-73.82475603223997,40.753343099724944,35.5
36081079702,-73.82939295612286,40.751360562572685,36.5
36081079900,-73.82737571375269,40.74698861540149,54.0
36081080301,-73.83086963221507,40.7447935621918,50.0
36081080302,-73.82624220683239,40.74035941835143,42.0
36081081800,-73.8090748994804,40.67050568755016,42.0
36081083700,-73.81978036009346,40.74475112272859,81.5
36081083800,-73.81950983777965,40.67029514378193,66.5
36081084000,-73.81765323302379,40.673949442374855,52.5
36081084500,-73.82023427008681,40.7499648673389,24.0
36081084601,-73.82177946916151,40.667340657556394,30.5
36081084901,-73.83407178820269,40.75392203765729,62.0
36081084902,-73.83082627655146,40.756261829498456,66.5
36081085700,-73.82305584510013,40.75706084026282,48.0
36081085900,-73.82080025152882,40.75498554302577,28.5
36081086400,-73.8315944884138,40.67334479171033,31.0
36081086500,-73.82517262139673,40.76268681684541,87.0
36081087100,-73.83362787240354,40.75899763255647,424.5
36081088903,-73.826967763896,40.775747320463594,36.5
36081089202,-73.8486948458117,40.649824240581516,2.0
36081091602,-73.89114444701723,40.56187231553478,0.5
36081092500,-73.84476814216144,40.7824816970731,35.5
36081092800,-73.85343603780294,40.57480546539721,10.5
36081094700,-73.8413714645638,40.785577108889726,23.5
36081097206,-73.77591240535018,40.59753228135482,36.5
36081097207,-73.7805217479914,40.60337752253215,12.5
36081099704,-73.78067403830664,40.78172087540708,40.5
36081100801,-73.76652005282519,40.610408283166215,14.5
36081100804,-73.76605952522172,40.602871034041065,27.0
36081101002,-73.74156087305217,40.599529103161096,36.0
36081101003,-73.75043691698093,40.60144555856868,49.5
36081101004,-73.74881251198524,40.596600108575885,48.5
36081103300,-73.80966030671864,40.77917916540413,39.5
36081103900,-73.81903383270019,40.78405458409857,65.5
36081104700,-73.82037101281614,40.77481580298594,64.0
36081105900,-73.80705674866955,40.773765052328194,45.0
36081109300,-73.77410361211925,40.77456809785132,40.0
36081109700,-73.77731403746645,40.77034674690144,18.0
36081109900,-73.7864923606873,40.767945274062356,35.0
36081113300,-73.78313526995268,40.764137092811936,26.5
36081114100,-73.79668799641922,40.76909305051095,25.0
36081114700,-73.80195504036939,40.768258785189666,18.5
36081115100,-73.80763174857785,40.76857004272146,14.0
36081115500,-73.81179141798546,40.7678383190164,18.0
36081115700,-73.81516957788942,40.767572673461906,30.0
36081115900,-73.82075529244514,40.76863971057181,34.0
36081116100,-73.82569887602293,40.76686005353262,22.5
36081116301,-73.82085080551553,40.764875628646195,37.5
36081117100,-73.80571093777911,40.76325594424662,45.0
36081117500,-73.79642778255291,40.76147140753169,41.0
36081118100,-73.78736174688777,40.75949857432532,20.0
36081118500,-73.80382247599253,40.759470307658425,14.5
36081118700,-73.81287971504662,40.75963226138146,14.0
36081119100,-73.80651107061355,40.75666502512604,25.0
36081119300,-73.79962144643528,40.75718613528204,19.0
36081119500,-73.79947226990778,40.75486782493285,16.0
36081119900,-73.80957694703855,40.753459797238555,17.5
36081120300,-73.81258089769224,40.7487998668988,12.0
36081120500,-73.81710932846573,40.75127416293484,20.0
36081120701,-73.80220519971927,40.74969533772701,16.5
36081120702,-73.79917626610252,40.751991763354695,1.0
36081121500,-73.80592356026911,40.74035985085341,44.5
36081122300,-73.79946456582847,40.73496442172626,42.0
36081122703,-73.80693184774417,40.7352592117494,35.0
36081122704,-73.80738218990862,40.730066888659394,51.0
36081124100,-73.80241950168579,40.726801223163605,42.0
36081129104,-73.75007582665148,40.73809378247754,34.0
36081133900,-73.79003852103853,40.72863935130522,15.5
36081134100,-73.7911858014314,40.73529288329154,58.5
36081136700,-73.76031314957042,40.7441991035706,61.0
36081137700,-73.75003318208213,40.747133729505386,81.0
36081138501,-73.75479234007031,40.75492346570218,62.5
36081140300,-73.76960198318135,40.7481687990681,24.5
36081140901,-73.77489610527022,40.74653578442056,12.5
36081140902,-73.78215451223821,40.744911469679586,26.5
36081142900,-73.78452909016487,40.751070355410015,37.0
36081144100,-73.7638220830434,40.7556684035524,22.5
36081144700,-73.77246818365562,40.75686699044453,25.5
36081145101,-73.7846879987286,40.75514089038741,8.0
36081145102,-73.77815066347571,40.75322641309266,28.5
36081145900,-73.79194882650097,40.75420956173472,18.5
36081146300,-73.78109888847287,40.75945756406838,29.0
36081146700,-73.77321347356657,40.76120229309663,37.0
36081147100,-73.76343949821846,40.76146984855529,48.5
36081150702,-73.73079602033185,40.76638053851936,32.0
36081155101,-73.71426407071185,40.75665630269906,6.5
36081155104,-73.7104399357087,40.75043615967149,42.5
36081157902,-73.71199837559207,40.7415799579879,27.0
36005036100,-73.87956460400076,40.84227204122478,90.0
36005012701,-73.89232816324484,40.82563276202013,60.5
36005042600,-73.84191978215861,40.890849227983175,108.5
36061003800,-73.98845488289894,40.72735929087057,188.0
36061001502,-74.00492554924541,40.70699152059062,136.5
36061004800,-73.98369524685276,40.733840850346105,114.0
36061006400,-73.98145546661526,40.736938636023005,100.5
36061017800,-73.93364056477112,40.794780938091655,107.0
36081094201,-73.82036316461323,40.58473191136774,37.0
36081111300,-73.76335291715085,40.76724623585844,30.5
36081148300,-73.74930574373975,40.77440664773291,17.0
36081080900,-73.82232736756353,40.73387538585503,68.5
36081122702,-73.8127422082703,40.73314249412033,66.5
36081139900,-73.7624705627347,40.74986855440728,22.0
36081143500,-73.77028964134348,40.75291024108,24.5
36081157901,-73.70458215660014,40.74472092633768,34.5
36081157903,-73.70757727962675,40.73380621054829,24.0
36081042400,-73.77226722483341,40.69538479030759,7.5
36081043400,-73.77864267825937,40.69619976785845,18.0
36081042600,-73.77022095019512,40.68884870529039,6.0
36081043200,-73.7758103019263,40.69132621085446,11.0
36081045200,-73.79959321230352,40.71467326046397,17.0
36081005900,-73.92392537085522,40.75970035926343,31.0
36081006100,-73.92204076347087,40.76203065335053,53.5
36081058100,-73.8937885871463,40.70397604441672,53.0
36081058300,-73.89764392404247,40.70194483346958,25.5
36061023501,-73.94183838982418,40.82899126358375,131.0
36081047900,-73.88369077925582,40.73547267054122,54.0
36081062400,-73.74204488999611,40.68580421894919,0.0
36061022302,-73.95742554131073,40.82024336238008,20.0
36081133300,-73.77932320417332,40.73190427053629,61.0
36005021200,-73.85895776273111,40.836108329237085,36.5
36081065501,-73.86662640291374,40.71475409003816,17.0
36061014401,-73.94753510280718,40.77525000570327,17.0
36061001600,-73.99326630937298,40.71595722184845,162.0
36061001200,-73.98209311772115,40.715906746889345,66.0
36005042901,-73.87427736490264,40.87496001819157,54.0
36005043102,-73.87438064531743,40.88024657673304,63.0
36081026300,-73.89702753376633,40.74576524264331,85.0
36081005400,-73.84877213005979,40.67874785273466,51.0
36081008600,-73.84116654708424,40.67709948213553,29.5
36081066401,-73.74316149665982,40.646887836926055,29.5
36081066900,-73.88592154158442,40.72356684303334,13.5
36081048500,-73.88433640660084,40.73975197659912,66.5
36081012500,-73.91566693588307,40.7709284648479,39.0
36005029301,-73.92116597760979,40.8821778542177,17.5
36081013000,-73.83783522508061,40.700345887303904,17.5
36081073100,-73.84636251546266,40.71096279346192,12.0
36081026502,-73.89417841600908,40.74393572222961,16.0
36081026501,-73.89268075667414,40.74559940058767,67.5
36081048301,-73.88962565289918,40.74210114738913,17.5
36005002800,-73.87820767346766,40.821603223107005,104.0
36081066100,-73.88178859167635,40.717512330570585,7.0
36081065900,-73.88247646785112,40.71554561184271,13.0
36081066501,-73.88737652298218,40.719339148555186,22.5
36081102900,-73.80736841883574,40.7838733709949,37.0
36081063500,-73.86696187583237,40.70473957262087,23.0
36081062100,-73.87266321022359,40.71000201639872,26.5
36081063700,-73.86230722076822,40.70834412826465,65.0
36081077500,-73.8323398755305,40.709103668215135,30.5
36005039700,-73.8854177464566,40.8618662963672,182.5
36005039300,-73.88313610803542,40.852512267545976,118.0
36081063900,-73.85709682029768,40.7038616489751,22.5
36081046300,-73.87109903035523,40.74400313511374,88.5
36081047100,-73.87657011241865,40.740978516184875,41.5
36005035000,-73.84824752090006,40.86850834914862,30.0
36081024900,-73.9042554520985,40.74311515734199,43.5
36081026100,-73.90060163278942,40.74721248640587,58.5
36061021000,-73.93567923896312,40.813094754165185,88.5
36061021200,-73.93899977569806,40.81376038809514,99.5
36061015502,-73.9880723096555,40.778003198447934,29.0
36081010701,-73.90385315713068,40.78436749698629,11.5
36081012301,-73.89908445156917,40.77578743950077,50.5
36081085300,-73.82765178541156,40.757151307965636,89.5
36081161700,-73.7176112420721,40.72882237306439,42.5
36081099701,-73.78990124251581,40.780911611545505,35.0
36081101700,-73.79825139329003,40.77976654997915,65.0
36005023702,-73.89732959270019,40.86063175324854,65.5
36005039901,-73.89365462114658,40.863513842434415,242.0
36005040100,-73.89765721166371,40.86459996166986,147.5
36081085500,-73.82363371789214,40.75964178325196,40.5
36081086300,-73.81994158325358,40.76126957246989,36.5
36081028803,-73.78569363671255,40.67814043565114,9.0
36081029400,-73.78106481973275,40.67132475141589,78.0
36005014300,-73.91212837977932,40.827748112382466,74.5
36081004401,-73.85935580858984,40.6771843360146,39.0
36081005800,-73.8486967243334,40.67354827817503,54.5
36061020101,-73.96020533565718,40.80643585223326,23.5
36081116302,-73.81735405630238,40.76262250025521,14.5
36081116700,-73.81244355890927,40.76217343435501,17.5
36081090700,-73.83800865637569,40.77425186314468,24.5
36081091900,-73.84560689742264,40.77730501528894,34.0
36081000103,-73.95280398322448,40.75087384587415,8.0
36081051500,-73.90149512526669,40.730981469121645,24.5
36081000102,-73.95692138539064,40.74660092428267,38.0
36061013700,-73.98023734156108,40.76521327349702,253.0
36061013900,-73.98617034002837,40.76729212810761,110.0
36061014500,-73.98427705317636,40.76981842236114,182.5
36081010600,-73.82496422844571,40.685683464782784,32.0
36081016600,-73.82070204388276,40.68127314788284,51.0
36005003300,-73.91193929676596,40.808239197577265,73.5
36081056000,-73.7365584980226,40.725439391820814,31.0
36061022700,-73.94646250032982,40.82296629203276,88.5
36061025900,-73.94235707261682,40.82321394215733,77.0
36061006000,-73.97658157736373,40.734668299291094,31.0
36081015500,-73.91759672006447,40.76003483377317,102.5
36081015900,-73.91834235475598,40.75578659532829,25.5
36081000101,-73.9587702660374,40.741365114961184,57.0
36081107201,-73.82198151589846,40.60363638070698,18.0
36081107202,-73.8138148857122,40.61691366068687,0.5
36061009901,-74.007491962102,40.7474932514471,53.5
36061014601,-73.95216123604727,40.777191846930535,67.5
36061014602,-73.95097542447674,40.77881479655355,60.0
36061014802,-73.95443073678867,40.781092553975185,163.0
36061026100,-73.93445500516447,40.845784493020695,119.0
36061025300,-73.93837897051631,40.84289504916924,123.0
36061026300,-73.93747544616626,40.84682254957102,109.0
36061019000,-73.94761934537868,40.80196167015649,68.0
36061000700,-74.00762065033355,40.70542173654554,102.0
36061000900,-74.00987506773465,40.70229279192135,106.0
36061003001,-73.98682867805461,40.72100069549586,200.0
36061005900,-73.99456143033069,40.73128947018444,120.0
36061012800,-73.96151779725858,40.77138083327583,75.0
36061004900,-74.00047299939621,40.725057097731394,430.0
36061013203,-73.95227305610582,40.770891199479884,24.5
36061013400,-73.95616560367212,40.77170205673967,93.5
36061013800,-73.95381523838478,40.774922200953,94.5
36061014000,-73.9582082162785,40.77591395274933,74.0
36061013603,-73.9508476795074,40.772841193195006,23.5
36061013604,-73.9484963131589,40.77395622919155,24.5
36061014402,-73.94534200945475,40.776239090755354,41.5
36061014200,-73.9614252128445,40.77727106971621,57.0
36061002202,-73.9811411612361,40.721259702850425,37.5
36061003002,-73.98585591594866,40.72296015407178,80.5
36061018200,-73.94184678522014,40.798320181758854,250.5
36061018800,-73.93725963528348,40.797596532890765,117.0
36061017900,-73.97567867377113,40.79294213879007,86.0
36061018300,-73.97384446594842,40.79551446383847,123.5
36081045500,-73.86232531978835,40.73631258060231,27.0
36081071702,-73.86282569984145,40.73347796954095,69.5
36005038304,-73.8937360550023,40.85813429577619,24.0
36005036502,-73.88782387568033,40.842387718969036,47.0
36005036700,-73.8893064984706,40.84075134039198,44.5
36005007700,-73.90442246373624,40.81973419948659,44.5
36061023200,-73.93953126483748,40.82101362006274,138.5
36005043502,-73.87258179135439,40.88953719783665,57.0
36005022401,-73.86850202525376,40.85503134133153,86.5
36061020901,-73.95500354581402,40.81155790887343,72.0
36061025700,-73.95407389114165,40.808435822451855,117.0
36061019701,-73.95940123841562,40.805312651510675,50.5
36061020102,-73.95664189559308,40.805052878920414,46.0
36005015500,-73.88998438351975,40.83552468171708,70.0
36005038500,-73.89249208706927,40.85621407630331,214.0
36005028300,-73.90249804898082,40.88068820718875,88.5
36005028500,-73.90263459373352,40.886388743987695,48.5
36061006600,-73.97923163659256,40.74007046206349,169.0
36061005600,-73.98729700108126,40.74179151806232,145.0
36061007400,-73.98407568966452,40.7462150979138,166.5
36081009100,-73.92967637469444,40.775856585624716,12.0
36081076902,-73.83404840752506,40.715041053890296,16.0
36081029900,-73.89939935847808,40.763987809791125,6.0
36005027401,-73.82263141039415,40.84043737468208,71.0
36081071306,-73.85604745228241,40.72616083273526,50.0
36081129103,-73.75972226530693,40.73669468229866,27.0
36061023300,-73.9499707658659,40.82850408313988,77.0
36081053501,-73.91260411029239,40.71647273697652,18.0
36081052500,-73.9066372594864,40.71896991107645,18.5
36081059502,-73.90871047267746,40.71524899688241,28.0
36005016500,-73.90028929854746,40.843090065680336,99.0
36005041100,-73.88713947398742,40.87557807126168,103.5
36005041300,-73.88519741795314,40.87409901928833,125.0
36081157101,-73.71955742595466,40.73849545292666,58.5
36081157102,-73.72505692761833,40.735024631412294,30.5
36005045101,-73.86433661116189,40.897460143174406,34.0
36081001901,-73.94509836409007,40.74469933044739,44.5
36061012902,-73.99592637871108,40.764903861901786,74.5
36061013501,-73.99423848617201,40.76748004076121,64.5
36061013502,-73.99238618351384,40.76999221894223,64.5
36005014500,-73.90702687655217,40.83151457629295,142.0
36005014701,-73.90533000297734,40.83423162874611,88.5
36081001903,-73.94682448285627,40.750603091022064,108.0
36061011500,-73.99354883730895,40.757167782008395,287.5
36081008800,-73.83877390972317,40.670776842712954,53.0
36081006202,-73.85471165573883,40.66564332784291,95.5
36061015900,-73.9845373547893,40.779650604679226,105.5
36085000300,-74.07527680610576,40.64142615534825,77.5
36085000600,-74.06516447655692,40.61533980113143,30.0
36085000700,-74.08238868230106,40.64609021398696,97.0
36085000900,-74.08285642578304,40.64220416387523,36.0
36085001100,-74.08267802146754,40.638776303487774,49.0
36085001700,-74.08122748229717,40.634415774532734,16.5
36085002700,-74.07642057521966,40.623588087115536,27.5
36085002900,-74.08273825020994,40.619661117779074,78.5
36085004001,-74.07566368375397,40.61888496499224,21.5
36085004002,-74.07937006894775,40.61282888244002,10.5
36085004003,-74.08326412544965,40.61428994464388,52.5
36085004004,-74.08526397586417,40.60930188481576,16.5
36085005000,-74.08600955040295,40.60414072119304,27.5
36085007001,-74.08683182680566,40.58996067840765,17.5
36085007400,-74.06512231348108,40.594421425634664,35.0
36085008100,-74.09325625132784,40.64280523112454,41.0
36085009701,-74.11145313364051,40.641152049066775,19.5
36085009702,-74.10327187315065,40.642594352466645,2.5
36085010500,-74.11187050308695,40.63379568308066,55.5
36085011201,-74.08816782649737,40.57889695515546,30.5
36085011203,-74.09742394890152,40.57375793662111,53.0
36085011401,-74.09909828088074,40.58574354720825,26.5
36085012100,-74.10963554025207,40.62587850618912,17.0
36085012200,-74.11145517184434,40.57597188472946,29.0
36085012805,-74.11763611933885,40.55465625775967,10.0
36085012806,-74.11003098187997,40.55941970751135,29.0
36085013301,-74.1189150488767,40.63559618269893,19.0
36085013400,-74.11744484064924,40.56988150028794,59.0
36085015400,-74.12834453429465,40.54577834771282,0.0
36085016901,-74.10942937945968,40.61240104164616,14.5
36085017007,-74.18794374690141,40.55849450695642,19.0
36085017009,-74.18958591121044,40.542925036487055,14.0
36085017012,-74.17345777324807,40.552963035069716,24.0
36085017013,-74.19784838286573,40.55374712239182,14.5
36085017014,-74.1942496342009,40.54845766799392,11.5
36085017015,-74.18243021876168,40.55128007598071,7.5
36085017300,-74.11828193743825,40.60527997525024,20.5
36085017701,-74.10531101162691,40.603219001737806,30.0
36085018703,-74.12890696317639,40.60335891805468,13.0
36085018901,-74.14005190729581,40.61192353749626,26.0
36085018902,-74.13796250241032,40.60508606064733,20.5
36085019700,-74.13523948188114,40.61698333883839,8.0
36085020100,-74.13425483582981,40.624045278264596,22.5
36085020702,-74.13167161234465,40.63756663703107,53.5
36085020804,-74.19953548456644,40.53580206006502,21.0
36085020805,-74.21491612603577,40.547608060620796,25.5
36085020806,-74.20578667859967,40.54955845566707,15.0
36085022300,-74.15316690857684,40.63694248584116,20.5
36085022601,-74.22052243020028,40.53146532388551,28.5
36085022801,-74.19760116596402,40.568074768378956,2.5
36085023900,-74.14929417142127,40.62948447152953,24.0
36085024401,-74.23760344540531,40.50974261429819,27.5
36085024402,-74.23794857040701,40.502526506380775,14.0
36085025100,-74.1460289054815,40.61801244359637,27.0
36085027301,-74.15185039118623,40.5997344976969,20.5
36085027302,-74.13871926135833,40.595528527916905,9.0
36085027704,-74.1514749845321,40.585382472182914,10.5
36085027705,-74.15698249575676,40.58824748546303,19.5
36085030302,-74.15873791930228,40.62352830789403,23.0
36085031902,-74.1657312462228,40.63785142062061,28.0
36047000301,-73.99737605241974,40.69637076488683,53.0
36047000501,-73.99470023171256,40.695815038567105,25.0
36047001502,-73.98359595341994,40.692319376842946,263.5
36047002000,-74.01596097559336,40.64805588391822,25.5
36047003000,-74.02897627857324,40.63887637467275,13.5
36047003101,-73.97970041568236,40.69169328573778,43.5
36047003102,-73.97548822357601,40.69153053611825,7.0
36047003600,-74.03089775069084,40.634686313848924,13.0
36047003800,-74.03574418853192,40.6344213512448,6.0
36047004100,-73.98505315593401,40.68659976496113,51.0
36047004400,-74.035982396156,40.63080844939872,14.0
36047004500,-73.99528652175961,40.68814626704575,35.5
36047004900,-73.99843656083438,40.687998608665936,16.5
36047005000,-74.03755639471483,40.624133449596776,15.5
36047005201,-74.03823195240635,40.62160222732532,8.5
36047005202,-74.03891328120646,40.619295310066704,13.0
36047005301,-74.01426004607035,40.67586559564741,43.0
36047005303,-74.01116262527349,40.68252544420734,2.0
36047005400,-74.03586567028395,40.617099623902405,30.0
36047005601,-74.03633245369868,40.615180174663,10.0
36047005800,-74.03218874719003,40.61908863988311,25.5
36047006000,-74.03160433901795,40.62208285852328,16.5
36047006200,-74.0304460722683,40.62491073712658,15.0
36047006400,-74.02880926017525,40.628925266857955,23.0
36047006500,-73.99945245816936,40.6790992679452,28.5
36047006600,-74.0275009727598,40.6321321878928,23.0
36047006700,-73.99722307550871,40.684175878712146,19.0
36047006800,-74.02623031367325,40.63517483783949,23.0
36047006902,-73.99208757492814,40.684552621838314,26.0
36047007100,-73.98716734886368,40.68331330377044,56.0
36047007200,-74.02042148919598,40.64028149366956,11.0
36047007400,-74.01706330843683,40.641864262495226,45.0
36047007600,-74.01469738018709,40.64410202542614,34.5
36047007800,-74.01236607757275,40.64634221325945,56.0
36047008000,-74.01003792533052,40.64857994428525,32.0
36047008200,-74.00771043281661,40.650821927612945,23.0
36047008400,-74.00450796758595,40.65390831923151,57.0
36047008500,-74.00646621356684,40.67585523381069,93.5
36047008800,-74.00142440660879,40.65021861117413,22.0
36047009001,-73.99838355818508,40.64795497599209,11.5
36047009002,-73.99619557448575,40.64659998114839,8.0
36047009202,-73.99823990044561,40.644652592305384,18.0
36047009401,-74.00248052657126,40.64402174755836,19.5
36047009402,-74.00027750482478,40.642691604432315,10.5
36047009600,-74.00578480078333,40.64601514795009,30.0
36047009800,-74.00811525633576,40.64377621338014,32.5
36047010401,-74.00948319069339,40.63728920500239,49.0
36047010402,-74.00728127326407,40.63595950090709,31.0
36047010601,-74.00714206299858,40.639539743771806,39.0
36047010602,-74.00493881018375,40.638210483005196,36.0
36047010801,-74.00481132989205,40.641781046369815,22.5
36047010802,-74.00260903253175,40.64045082150909,29.0
36047011000,-73.99277158178589,40.64457568977626,20.5
36047011200,-73.99567494314753,40.64225295501269,47.0
36047011400,-73.99921188984707,40.63942323041034,36.0
36047011600,-74.00364955648514,40.63587294948281,43.0
36047011800,-74.01148531583806,40.63510419109951,60.5
36047012000,-74.01172202494968,40.63278156269225,33.0
36047012100,-73.99104923720022,40.67147905876967,21.5
36047012200,-74.01757396996189,40.63816471534762,32.5
36047012600,-74.01903902640842,40.63482260234418,27.5
36047012700,-73.9828517204327,40.6817465718342,48.5
36047012902,-73.97605475561423,40.68093317747032,48.0
36047013000,-74.0213841299239,40.632587380445926,29.5
36047013200,-74.01567057404355,40.627973055884084,15.0
36047013700,-73.98532311473488,40.67039802059169,38.0
36047013900,-73.9873369097162,40.66798931145791,32.5
36047014000,-74.01966963730744,40.62077399460692,8.5
36047014200,-74.02249001387514,40.622497727602344,21.5
36047014700,-73.98966628723133,40.65985286219294,8.5
36047014800,-74.01296162150074,40.61670591937382,9.0
36047014901,-73.98408833761425,40.66388615005402,13.5
36047014902,-73.98564258965015,40.66179644379744,14.5
36047015000,-74.01075639388972,40.615379092750246,10.0
36047015700,-73.97641672018112,40.67305235709932,18.0
36047016000,-74.02686709937659,40.61898273699946,43.5
36047016100,-73.97318286328866,40.6798832249012,52.5
36047016300,-73.97000216955709,40.679177435370605,30.0
36047016600,-74.0162627819443,40.61870281056342,10.5
36047017000,-74.0126338534979,40.61013325647096,19.5
36047017200,-74.01035227535684,40.60887691379008,21.5
36047017400,-74.01158962065067,40.60374254290095,15.5
36047017500,-73.99023692821132,40.652137235825144,9.5
36047017600,-74.00881277190955,40.60251504572059,20.0
36047017800,-74.00472388926846,40.606968391550296,21.0
36047017900,-73.97132615696403,40.68423878056649,29.5
36047018000,-74.0071514789762,40.60830020060138,18.5
36047018200,-74.00268138240766,40.61245971566417,34.5
36047018300,-73.97147810830153,40.69137580302734,24.0
36047018400,-74.00714508018508,40.61370125188454,9.5
36047018501,-73.9741525226363,40.694778278654944,47.5
36047018600,-74.00510620531966,40.61564401576155,9.0
36047018700,-73.97064069174367,40.694649388159256,17.5
36047018800,-74.00273952344915,40.617477725989474,19.0
36047019000,-74.00038577775838,40.621037949206276,33.5
36047019200,-73.99892800551022,40.628458532591424,26.0
36047019400,-74.0011073276562,40.62583670104307,24.0
36047019600,-74.0041849410707,40.623423344369264,18.0
36047019700,-73.96674663489584,40.68800234807324,28.0
36047019800,-74.00661783917111,40.61935910299221,9.5
36047019900,-73.96691940523822,40.68402745479205,43.5
36047020000,-74.00881988121645,40.62068905703743,8.5
36047020100,-73.96338140669256,40.68384977540874,45.5
36047020200,-74.01102152472093,40.62201997263445,9.5
36047020400,-74.01322386750941,40.6233501258994,6.0
36047020500,-73.96570300921228,40.67747507533224,22.5
36047020600,-74.01544805012685,40.62488031974073,12.0
36047020800,-74.00976753436967,40.62597626187554,16.5
36047021200,-74.00584975165094,40.62947426708886,26.5
36047021400,-74.00318124080587,40.63161011510746,21.0
36047021600,-73.99976974821993,40.63279515466265,11.0
36047021800,-73.99782306637168,40.63435410534905,14.0
36047022000,-73.99555959743195,40.63616344875242,17.0
36047022200,-73.9929636439511,40.63823942638795,25.0
36047022400,-73.99031154079053,40.64051587967363,14.5
36047022600,-73.98634765545442,40.64198426772338,18.0
36047022700,-73.95724853603885,40.68150871201937,99.0
36047022800,-73.98152986903831,40.639124363645266,16.5
36047023000,-73.98427910979221,40.63781463077858,13.5
36047023100,-73.96083809828191,40.68578654044547,39.0
36047023200,-73.9862206334225,40.63609960377905,11.5
36047023400,-73.98794061604058,40.63387113704342,11.5
36047023600,-73.98968734946781,40.632190506637805,3.5
36047023800,-73.9914379715969,40.630511573963645,10.0
36047024000,-73.99318584937159,40.628831539085475,14.5
36047024200,-73.99280952704548,40.625867773541216,27.0
36047024400,-73.98623669476305,40.621747592063706,10.0
36047024600,-73.98116863877951,40.61817184459484,16.0
36047024800,-73.9899931754036,40.621362972933525,14.5
36047024900,-73.94839042013852,40.682983320268136,56.5
36047025000,-73.99583841828539,40.62362577632778,13.0
36047025200,-73.99213921865567,40.619829099145186,35.5
36047025400,-73.9838446711993,40.6166971199249,23.5
36047025500,-73.9512860328881,40.69739219087693,51.5
36047025600,-73.98566088188929,40.6149921488698,22.0
36047025700,-73.94734505090757,40.698217962002914,59.0
36047025800,-73.9874098044958,40.61328832233488,29.5
36047025901,-73.94622372243896,40.69496747791066,22.5
36047025902,-73.94515405659612,40.696966612995254,34.0
36047026000,-73.99234556502124,40.61691716880822,17.0
36047026200,-73.99707867553664,40.61872852462959,25.0
36047026400,-73.99748143123851,40.61486775527896,23.0
36047026500,-73.94462090553229,40.68690427528096,38.0
36047026600,-73.99032521710082,40.61263017531927,26.5
36047026700,-73.94403811537418,40.68397284512991,35.0
36047026800,-73.99036207178447,40.61044970365111,14.5
36047026900,-73.94331715761605,40.68128263546217,58.0
36047027000,-73.98998578775033,40.60585961492417,7.5
36047027200,-73.99273820293696,40.60817650621054,7.5
36047027300,-73.93743841534231,40.681084165839806,55.5
36047027400,-73.99529224406534,40.61094928210374,15.0
36047027500,-73.93817849253799,40.68389702935733,21.5
36047027600,-73.99948905065955,40.61089666145088,27.0
36047027700,-73.93876035016035,40.686828108558046,53.0
36047027800,-74.00122095529073,40.606859000616026,25.0
36047027900,-73.93934454392055,40.689759157903104,30.0
36047028000,-74.00593727545849,40.60216665976963,15.5
36047028100,-73.93992870633295,40.692688820876796,64.5
36047028200,-74.00405903265067,40.60073433817308,39.0
36047028400,-73.998942744629,40.605674545923065,34.0
36047028501,-73.94209149710483,40.69942647316818,36.5
36047028600,-74.00167949295398,40.599617603102224,32.0
36047028700,-73.93542788911557,40.69563531010053,85.0
36047028800,-73.99656257240552,40.60451110324855,32.0
36047029000,-73.99434795480369,40.60317375081357,38.5
36047029100,-73.93354111239054,40.69042697641818,35.5
36047029300,-73.93295826027033,40.68749667247172,43.5
36047029500,-73.932375762434,40.68456605343898,24.5
36047029600,-73.99302534652378,40.60095240731219,44.5
36047029800,-73.98790815776384,40.600826307918716,36.0
36047029900,-73.92580155913042,40.67814192761004,23.5
36047030000,-73.9887441564288,40.597402824724576,23.0
36047030200,-73.9906471360142,40.595712028274235,15.5
36047030300,-73.91793817259554,40.67511452185453,72.0
36047030400,-73.99439589378207,40.592476964454924,37.0
36047030600,-73.98613396071775,40.59115560807905,28.0
36047030700,-73.92621745499567,40.675579865362096,118.5
36047030800,-73.97954459296142,40.58659077022975,24.5
36047030900,-73.93299959592392,40.676143706728055,53.5
36047031100,-73.93896111914442,40.67646741814479,57.5
36047031300,-73.94430303754783,40.67657141147188,77.0
36047031401,-73.9907515109172,40.5877006188378,52.0
36047031402,-73.99408637075514,40.584353273307606,0.0
36047031500,-73.94992549883791,40.676913029312864,79.0
36047031701,-73.9501237683218,40.67386685061366,35.0
36047031900,-73.94939742679175,40.666889727586934,22.5
36047032100,-73.95218262357729,40.666872107521336,48.5
36047032300,-73.95507451381421,40.66654733024958,36.5
36047032600,-73.98820829218518,40.576528784535284,118.5
36047032900,-73.94841939923077,40.663263555796185,50.5
36047033100,-73.94200776498428,40.66415837899199,44.5
36047033300,-73.94252558723498,40.665837515481684,14.5
36047033600,-74.00734792911608,40.57716307910989,17.0
36047033701,-73.94215986068635,40.66987616123385,26.5
36047033900,-73.942014599842,40.67121177125859,47.5
36047034000,-73.99647455840672,40.572308957918956,18.0
36047034100,-73.94458663490634,40.67356602771247,33.0
36047034200,-73.99686305678186,40.57410780321054,76.5
36047034300,-73.93883791162462,40.67350281231343,62.0
36047034500,-73.93369380640384,40.6732283491238,42.0
36047034700,-73.92797377147654,40.67265836422563,75.5
36047034800,-73.98252969505664,40.580940939365234,91.0
36047034901,-73.92960876976383,40.670060334479146,37.0
36047034902,-73.92990505283346,40.66693994917915,31.5
36047035000,-73.97892079557171,40.57756501622018,50.0
36047035101,-73.9323785775798,40.6702127827801,45.0
36047035102,-73.93267431555309,40.66709124337321,50.5
36047035200,-73.98063995900641,40.57321580198415,89.5
36047035301,-73.93514712330946,40.67036270434192,52.0
36047035302,-73.93543947789941,40.667241702062356,28.5
36047035500,-73.93348889616418,40.66440307888278,45.0
36047035601,-73.96970923327814,40.580873837343674,11.0
36047035602,-73.97020034423363,40.57783263174487,20.0
36047035701,-73.92684119514702,40.6699116408069,40.5
36047035702,-73.92681582198652,40.6668609734396,16.5
36047035900,-73.92385578611749,40.67046804426353,95.5
36047036001,-73.96555881777341,40.57578843605175,27.5
36047036002,-73.96123869497873,40.57636488653805,26.0
36047036100,-73.91995814606929,40.66956157608442,57.0
36047036200,-73.96400871178406,40.57811692319412,60.0
36047036300,-73.91700653257438,40.672172640204224,142.5
36047036400,-73.96385426395615,40.580165720273655,28.0
36047036501,-73.91152343054424,40.67501830523851,30.0
36047036900,-73.90923343583886,40.679652121564885,83.5
36047037000,-73.96317048867837,40.58784893150198,24.0
36047037401,-73.96775332908813,40.58800312862775,43.5
36047037500,-73.9215158991574,40.68761913941118,51.5
36047037700,-73.92018759006291,40.684088297167634,44.5
36047037900,-73.9193654563535,40.68049886784747,54.5
36047038100,-73.92542781007045,40.68104763275653,76.5
36047038200,-73.98146939853979,40.59152528804151,45.0
36047038300,-73.92620568108481,40.684524483326534,28.5
36047038500,-73.9267890015368,40.68745528141842,36.5
36047038800,-73.9692515501774,40.5929248728944,24.0
36047038900,-73.937235067968,40.69943826255392,100.5
36047039000,-73.96442693983289,40.59296924762659,15.5
36047039200,-73.96304157779775,40.59585108823989,19.5
36047039400,-73.9650681352336,40.598491096402235,24.0
36047039600,-73.96970671133171,40.59734965599829,10.0
36047039900,-73.9175534106696,40.69023567032766,35.0
36047040200,-73.98272328425486,40.596000926636364,28.0
36047040300,-73.90828473660578,40.684517551815624,43.5
36047040400,-73.98541930064468,40.60218507390975,14.0
36047040500,-73.90518503787168,40.68159744660289,45.0
36047040600,-73.98231912028791,40.60050969231421,12.5
36047040700,-73.90127399606627,40.68438731715408,2.5
36047040900,-73.90470797847475,40.69112026405235,36.5
36047041100,-73.90718111757022,40.68788062654954,40.0
36047041300,-73.91061991556658,40.68981451912469,38.0
36047041401,-73.97106554606097,40.601706152179176,9.5
36047041402,-73.96793846469771,40.602422486822974,11.5
36047041500,-73.914389954667,40.69194907186602,43.5
36047041600,-73.96348765721925,40.60240920420075,12.0
36047041700,-73.91791779005312,40.69376227787143,35.0
36047041800,-73.96485444367904,40.605396274314614,19.0
36047041900,-73.92103303870742,40.69532317661745,38.5
36047042100,-73.92403833863978,40.69702919104424,44.0
36047042500,-73.93095849994232,40.70144842268376,29.0
36047042800,-73.98432666126895,40.60564563253827,24.5
36047042900,-73.92345587698405,40.701799222448706,78.5
36047043000,-73.98420351629225,40.60924728789339,28.5
36047043100,-73.919697964887,40.69966047139515,112.0
36047043200,-73.98068809423552,40.610673003603566,19.0
36047043300,-73.91593860738271,40.69752206679469,108.0
36047043400,-73.97693754066765,40.61005044201654,19.5
36047043500,-73.91218077947232,40.69538321369754,50.5
36047043600,-73.97785695116461,40.61312983817999,19.5
36047043700,-73.9084241538322,40.69324509363821,44.0
36047043800,-73.97110681479386,40.61032681711735,22.0
36047044000,-73.97097362926947,40.613036133578085,15.5
36047044100,-73.91405197999363,40.70142271387677,74.5
36047044200,-73.96559547662945,40.61239665322663,19.5
36047044300,-73.91668572818513,40.7033043543127,58.0
36047044400,-73.9693221238738,40.61576666297016,14.5
36047044500,-73.91967150645587,40.705036043505764,58.5
36047044600,-73.97605722195772,40.615230311733626,19.5
36047044800,-73.97325713811811,40.618117152282124,12.5
36047045200,-73.96816180955247,40.62017257121434,10.5
36047045400,-73.96500242194564,40.61868285578979,9.5
36047045600,-73.96662061878975,40.626161547769925,14.0
36047045800,-73.9690034012751,40.62569677832701,6.5
36047046000,-73.96553083455578,40.63182820683483,22.0
36047046800,-73.98064671589232,40.62147864003234,9.5
36047047000,-73.98673618807608,40.62559128796105,8.0
36047047200,-73.98412886473643,40.62704092342024,8.5
36047047400,-73.98236623925898,40.62868368103494,11.0
36047048000,-73.97449965628084,40.630292698606915,38.0
36047048200,-73.9695367504338,40.63320235861477,28.0
36047048400,-73.97362710868266,40.63428612537783,30.5
36047048600,-73.9784256153996,40.63891935887579,36.0
36047048800,-73.97620886123703,40.64047723667395,19.0
36047048900,-73.939258805038,40.702920322430174,51.0
36047049000,-73.97302198746542,40.638115912088665,37.5
36047049301,-73.94193358989682,40.71000073409822,21.0
36047049400,-73.97382056943519,40.64296400572618,32.0
36047049500,-73.94335676732403,40.71236244336367,50.5
36047049600,-73.98043785223916,40.64368710359006,36.5
36047049800,-73.98268113958669,40.645429487389436,22.0
36047050002,-73.97651359086372,40.6465905116671,5.5
36047050300,-73.94746239350273,40.71220178043798,39.5
36047050402,-73.97316206631155,40.64666083018577,12.0
36047050500,-73.94494530218816,40.70805191882293,47.0
36047050801,-73.96073901668957,40.651233409297625,46.0
36047050804,-73.96357171678905,40.65283696926687,41.0
36047050900,-73.95056419826246,40.703277442097594,22.0
36047051001,-73.95976766370258,40.64612181704663,46.0
36047051002,-73.96036780598942,40.64875130247763,54.0
36047051100,-73.9485789936658,40.707559530747574,50.5
36047051300,-73.9521611667559,40.711792420804116,94.0
36047051400,-73.96142839892838,40.6427918257388,29.0
36047051601,-73.9567122861047,40.638625125588035,31.0
36047051700,-73.95450008483571,40.72065309358396,30.0
36047051800,-73.96079588222305,40.637986861530045,19.0
36047051900,-73.95515756710664,40.71571535398582,69.5
36047052000,-73.96418576851528,40.637436258070665,39.5
36047052300,-73.95880359516367,40.711667499245145,53.0
36047052600,-73.96667691415217,40.63646854877588,22.5
36047052700,-73.95369659575964,40.708402842687015,109.5
36047052800,-73.96260530017432,40.630842971159524,10.5
36047052900,-73.95450556035439,40.7058712770702,31.0
36047053000,-73.96373547758489,40.62735852054549,28.0
36047053101,-73.95508274315404,40.701248152112505,9.5
36047053102,-73.95330191689257,40.70023579386393,17.0
36047053200,-73.96025532791305,40.62621967655618,19.5
36047053300,-73.9573605377017,40.70376742694337,20.5
36047053400,-73.96283004592968,40.622582384623605,23.0
36047053800,-73.95683501711592,40.61819843088536,32.0
36047054400,-73.95718993553166,40.61321950730187,18.5
36047054600,-73.95312307712324,40.61314284845884,25.0
36047054800,-73.9483771919113,40.60925253949716,17.0
36047055000,-73.95231892410419,40.60873585404705,35.5
36047055200,-73.95625915093224,40.60830940503631,70.0
36047055300,-73.9592358438752,40.71645766765231,168.5
36047055600,-73.95940576510492,40.60316105161083,21.0
36047055700,-73.95940758578853,40.722128045108725,71.0
36047055800,-73.95537791460927,40.603653211921035,24.5
36047056000,-73.95143592802891,40.60408560372666,29.5
36047056200,-73.9475034049491,40.6045182717952,10.5
36047056301,-73.95721290052937,40.73405849369135,38.0
36047056400,-73.94337359464302,40.60691571888766,11.0
36047056600,-73.9414030952682,40.60285229036071,13.5
36047056800,-73.93781883088396,40.60267194435718,15.5
36047057000,-73.93688254369744,40.59926669651251,31.5
36047057200,-73.93821609247819,40.59636842147036,76.5
36047057400,-73.94433849170996,40.60114970874399,15.0
36047057600,-73.94757112344425,40.59987314872121,22.0
36047057800,-73.95151271195465,40.59944001060605,25.0
36047058000,-73.95545392768574,40.59900673513308,31.5
36047058200,-73.9592616752622,40.59853944578383,20.0
36047058400,-73.95867499359414,40.59407666928223,35.0
36047058600,-73.95461337797583,40.59456305410762,17.0
36047058800,-73.95854717918266,40.58962260760269,16.5
36047058901,-73.943554112708,40.728371020836406,14.0
36047058902,-73.93907731802365,40.72948627823505,5.5
36047059000,-73.95468580875351,40.58998860162939,20.0
36047059100,-73.94292954151182,40.72353731092177,29.0
36047059200,-73.9514509169938,40.59233810355563,25.5
36047059300,-73.93832893594649,40.72598857502391,21.0
36047059403,-73.94819005948206,40.59527076506675,21.0
36047059404,-73.94708056437753,40.59082890345444,17.0
36047059800,-73.93623544727897,40.58789695565311,18.5
36047061002,-73.95636718184537,40.57597376277728,21.0
36047061003,-73.95866693446862,40.58138267743815,11.0
36047061004,-73.95572593122486,40.57985297431796,40.5
36047061200,-73.9496045098683,40.58088796382223,10.5
36047061600,-73.94012706892093,40.57749130002705,12.5
36047062000,-73.9463183770524,40.57891641221721,12.5
36047063200,-73.93156841432415,40.599760660686485,8.0
36047063600,-73.93614299369226,40.60993567158258,6.5
36047063800,-73.93880981805285,40.60666774019509,7.5
36047064000,-73.94024625803704,40.610997006542675,5.5
36047064200,-73.94639411507325,40.61219762543257,23.0
36047064400,-73.94247951098323,40.61379661797016,15.5
36047064600,-73.93953517874706,40.61591455815886,7.5
36047064800,-73.93646055378353,40.617689936679454,7.0
36047065000,-73.93364677689945,40.61997872253154,13.5
36047065200,-73.93006842745746,40.614760748440546,16.5
36047065400,-73.93180757349448,40.612948776098904,8.5
36047065600,-73.93498245733076,40.613011215612744,10.5
36047065800,-73.93120033958404,40.60808263101236,7.5
36047066000,-73.92808011146573,40.60904662403178,8.0
36047067000,-73.92276648460376,40.61272448048746,134.0
36047067200,-73.92780408030045,40.61875889393877,21.0
36047067400,-73.93026957850991,40.61982315447557,18.0
36047068200,-73.92413047268107,40.61664701119969,17.5
36047068600,-73.91728247079136,40.614822822169494,23.0
36047068800,-73.91910356383174,40.61721435268992,15.5
36047069000,-73.92066913668992,40.61996582267187,17.0
36047069601,-73.91513903700523,40.6267771981684,29.5
36047069800,-73.91572910681222,40.612920237463776,33.5
36047070000,-73.90674287604612,40.62004185374834,17.0
36047070203,-73.85951176549864,40.6102389749737,0.0
36047072000,-73.92004746899384,40.6288464772276,27.5
36047072200,-73.92438558965155,40.63200000141212,23.0
36047072400,-73.92705533901307,40.63410613751009,38.5
36047072600,-73.9338760885095,40.63241365276615,15.5
36047072800,-73.9270040963087,40.62948577037993,26.5
36047073200,-73.93360626102789,40.6279267551215,12.5
36047073400,-73.93747785979583,40.627815249061534,6.0
36047073800,-73.93907509852743,40.622411836084275,19.0
36047074000,-73.94125692169006,40.627394058500634,38.0
36047074200,-73.94497537269756,40.62699422200286,23.0
36047074400,-73.94311163487251,40.62232320909729,12.5
36047074600,-73.94263666046284,40.61860728535629,22.5
36047074800,-73.94689577780788,40.62189323786549,13.5
36047075000,-73.9487659708982,40.62656820010346,18.5
36047075200,-73.95254580529912,40.62615303468154,8.0
36047075400,-73.95071146679139,40.62147364399697,9.0
36047075600,-73.9479893762419,40.61685652728356,12.0
36047075800,-73.95196188111919,40.61647476332697,15.0
36047076000,-73.95478857813339,40.62135710374055,16.0
36047076200,-73.95648571403639,40.62571841161907,24.5
36047076400,-73.95864320460242,40.6319270488249,6.5
36047076600,-73.9568393240964,40.633187318729206,19.0
36047076800,-73.96080171105277,40.61880400132585,41.0
36047077000,-73.95382685836202,40.6361379156422,36.0
36047077200,-73.95317721557959,40.63160927448318,27.5
36047077400,-73.94808355621112,40.63120891457819,34.5
36047077600,-73.9411361121609,40.630925536482664,44.0
36047078000,-73.93914917340821,40.63449826223587,21.5
36047078200,-73.94144284507992,40.63785354614458,38.0
36047078400,-73.94295588985234,40.634262145452034,21.0
36047078601,-73.94794805125592,40.63419918623355,61.0
36047078602,-73.94613554452896,40.63463838525176,27.0
36047078801,-73.95030660789975,40.63742235366789,30.5
36047078802,-73.94669401085152,40.637528055266735,16.5
36047079001,-73.95545993834718,40.64149916907574,38.5
36047079002,-73.95282595968936,40.640721268190596,36.5
36047079202,-73.95340105202695,40.644914648267616,30.0
36047079400,-73.95528662565751,40.64860522999039,70.0
36047079601,-73.95827237146317,40.65659633070906,36.5
36047079602,-73.95765464315504,40.652760250221874,61.5
36047079801,-73.95872041910448,40.66001182668607,25.5
36047080000,-73.95376667410535,40.6606859345329,15.0
36047080200,-73.95344087389988,40.657639784767184,49.0
36047080400,-73.9489902058294,40.65897442449639,27.0
36047080600,-73.94386157394958,40.661659164870244,27.0
36047081000,-73.94454832275522,40.65911337447332,21.5
36047081400,-73.94023808544712,40.65364038922418,32.0
36047081600,-73.94420557033366,40.65352973626459,32.0
36047081800,-73.94797519992446,40.65309237943826,65.5
36047082000,-73.95131015790489,40.65345353626333,76.0
36047082200,-73.95442806688025,40.65328827139184,75.0
36047082400,-73.94935796548485,40.64884749422572,125.5
36047082600,-73.94897266780694,40.64506483449121,67.5
36047082800,-73.94960525005253,40.64098934189818,60.5
36047083000,-73.94550258429439,40.64088716747614,72.5
36047083200,-73.9416241386061,40.641523890978156,13.0
36047083400,-73.9384749294726,40.64154933259643,14.0
36047083600,-73.93512749635217,40.63710286128528,22.0
36047083800,-73.9351352368833,40.641756103622406,22.5
36047084000,-73.93129227087728,40.64199429933131,29.5
36047084600,-73.92747024885257,40.64227992001215,29.5
36047084800,-73.92786091041384,40.64642690038163,27.5
36047085000,-73.93231603178673,40.645743365060056,23.0
36047085200,-73.93825306121686,40.64698064173971,6.0
36047085400,-73.94254938092772,40.64467253181482,17.0
36047085600,-73.9448348875299,40.64862371523472,36.5
36047085800,-73.93900436779288,40.650161263985076,20.0
36047086000,-73.93292766066739,40.64999172243103,38.5
36047086200,-73.92822570457022,40.650216290605286,31.5
36047086600,-73.9267620705322,40.65637472762411,29.0
36047086800,-73.92973086686538,40.65431270926842,69.0
36047087000,-73.93340382200176,40.65418014645518,41.5
36047087600,-73.93570571084767,40.66064760361123,18.0
36047087800,-73.93103385933736,40.658846545676944,29.5
36047088001,-73.93293672946321,40.66198101177339,25.5
36047088002,-73.92948370674901,40.66114647372592,20.0
36047088200,-73.92598133602775,40.66049389206403,80.5
36047088400,-73.92455034674276,40.66222823664224,59.0
36047088800,-73.91808843952963,40.65393981298493,46.0
36047089000,-73.91549469286622,40.65698953300991,114.5
36047089200,-73.92192184945931,40.663280749099336,106.5
36047089400,-73.91648517912539,40.66150402694363,53.0
36047089600,-73.91240943017306,40.65800493852075,61.5
36047089800,-73.91370794294079,40.662786326069096,36.5
36047090000,-73.91981432706781,40.66624211489383,74.5
36047090200,-73.91500760432935,40.66755316321996,42.5
36047090600,-73.90885968042576,40.67013022332769,108.0
36047091200,-73.90763461472864,40.66512915560574,115.0
36047091600,-73.90910121923815,40.65910387772485,83.0
36047091800,-73.90458558948605,40.661652619915515,43.5
36047092400,-73.9114795593429,40.66693299823695,89.0
36047093000,-73.91540727774344,40.64992920161381,26.0
36047093200,-73.9295091223679,40.63756823120017,39.5
36047093800,-73.92455790426403,40.65044722861433,15.5
36047094401,-73.92299166973552,40.63869991773575,53.0
36047094600,-73.92325552025531,40.64454438823615,27.0
36047095600,-73.91091782676864,40.635574698150194,37.5
36047095800,-73.91168739879454,40.64082383831567,30.5
36047096200,-73.91050910110447,40.645022287096864,12.0
36047096400,-73.90726862441984,40.64195002948476,33.0
36047096600,-73.90314190977196,40.64064005728465,9.5
36047096800,-73.90387687847118,40.64414200263221,31.5
36047097000,-73.90735296083629,40.6472599937675,15.0
36047097400,-73.89976943839027,40.64697940550973,39.0
36047098400,-73.89179023200572,40.646577569914335,7.5
36047098600,-73.89431971149617,40.644935937109715,13.0
36047098800,-73.89731491953835,40.643002006857024,19.5
36047099000,-73.89856212982109,40.639370432918696,20.0
36047099200,-73.90128443618077,40.63740342971745,11.5
36047099400,-73.90439905678889,40.63575958016077,14.0
36047100400,-73.90380001994598,40.63064949692407,9.0
36047100600,-73.90088954941962,40.63225307600678,20.5
36047100800,-73.89806658254291,40.634133009192766,14.0
36047101000,-73.89497195598811,40.636028023660415,10.5
36047101200,-73.89366790077575,40.63972648747184,16.0
36047101400,-73.89067330442441,40.6416624417538,10.5
36047101600,-73.88814095844434,40.643302847045604,7.0
36047101800,-73.88563224901517,40.64229241759353,13.0
36047102000,-73.88701745181602,40.6383776512425,12.5
36047102200,-73.89001062011702,40.63644126125556,20.5
36047102400,-73.89327607874955,40.63292841417952,14.5
36047102600,-73.89847986142038,40.629608071185324,15.5
36047102801,-73.88975703060353,40.63117042147062,15.5
36047103401,-73.88622692429566,40.63352370252162,44.5
36047110600,-73.8842981479869,40.657314342556305,54.0
36047111000,-73.88136440014985,40.66057032407072,35.0
36047111600,-73.87568630478306,40.66386603371485,73.0
36047112200,-73.8859224265938,40.66372785675619,57.5
36047112400,-73.88715352601818,40.66600386321327,73.0
36047112600,-73.89311170500075,40.664898639223395,60.5
36047112800,-73.89210886533746,40.66174111403621,62.0
36047113000,-73.8964710066464,40.66217243122948,69.0
36047113400,-73.89960811363444,40.66777928114764,83.5
36047114202,-73.89122600687838,40.682483154548926,18.0
36047115000,-73.88652249923626,40.67392241479088,40.0
36047115600,-73.8958948883821,40.668326332277026,90.0
36047115800,-73.89216260710829,40.668880866978235,35.0
36047116000,-73.8885304884355,40.66941966631318,35.5
36047116200,-73.88503497133047,40.669938006953466,27.0
36047116400,-73.88118247768854,40.67050964962815,135.0
36047116600,-73.88220523653844,40.67456260489139,41.5
36047116800,-73.88251916254984,40.67898907772322,43.0
36047117000,-73.88618365623581,40.67760012761455,50.5
36047117201,-73.88751490543885,40.680811566703724,31.5
36047117202,-73.88376468044378,40.682736668029364,28.5
36047117400,-73.87978402048793,40.68285480371804,56.0
36047117601,-73.87687949750973,40.68477991677707,30.0
36047117800,-73.87428429009088,40.6816448823877,46.0
36047118000,-73.87770258402625,40.68949494529192,25.0
36047118201,-73.87189766946145,40.68790853129779,22.5
36047119000,-73.8716287456386,40.67904383596851,36.0
36047119200,-73.87816081901092,40.67710367161956,47.5
36047119400,-73.87706531337066,40.6725542598225,37.0
36047119600,-73.87316271890147,40.67588834319052,127.5
36047120801,-73.8684523492935,40.670976403047284,48.5
36047120802,-73.86474929358273,40.67153099335365,27.5
36047121000,-73.87224831599192,40.67009860029867,27.5
36047121400,-73.86517951033392,40.66749278853006,55.5
36047123700,-73.95674044640614,40.69673840395645,47.0
36081032000,-73.7649656860495,40.66130405315,63.5
36081068000,-73.75006634151593,40.6637029955566,47.0
36081048302,-73.89466264925427,40.74147087153288,26.0
36005014100,-73.91229793626066,40.823763736512134,242.5
36081024500,-73.9050484474969,40.7393537382561,26.5
36081024700,-73.89944877150427,40.74227851278975,14.5
36047007500,-73.9920056662482,40.68129118459427,42.0
36081056800,-73.7335741595568,40.715559430935514,76.0
36081058000,-73.73071995985737,40.70725046164634,29.5
36081013700,-73.90491420446854,40.7689705709784,21.0
36081014100,-73.9066904998378,40.76699008292815,19.5
36047105804,-73.88355421209302,40.646431617680754,60.5
36047107002,-73.86674138559334,40.64532511177451,0.0
36005037600,-73.86920747288194,40.874532729214614,35.0
36005017300,-73.91651250862671,40.8263068128683,93.0
36005034500,-73.89869013357355,40.904059936167855,50.5
36081051100,-73.90016180964261,40.7273292989578,16.5
36005003700,-73.9121741012573,40.811456778476,44.5
36061014700,-73.9888036232986,40.77132810982985,39.5
36061015102,-73.99089791157076,40.774297064508026,69.0
36061008601,-73.9706738684395,40.74602684028138,23.0
36061008800,-73.97238393527851,40.749499751934884,45.5
36061008602,-73.96731882813083,40.750345683707636,5.0
36047050803,-73.96062261979304,40.65390823733724,18.0
36047079802,-73.96137332791994,40.65799618371274,40.0
36005005300,-73.92197807665156,40.85219886377623,86.5
36081089201,-73.8449481137265,40.6564258003992,91.5
36081006201,-73.84678537872874,40.66679363855783,34.5
36081088400,-73.83432591279563,40.65824360835037,85.0
36005005902,-73.92345492646888,40.82407603416824,33.5
36085005901,-74.10157497949673,40.62428523873656,10.5
36047051200,-73.96336204715689,40.64655215370643,29.5
36005016600,-73.83018293302771,40.82952487868515,85.5
36081049900,-73.8833614431151,40.73112369056629,48.5
36081050700,-73.88158786111663,40.72702041701383,26.5
36047006300,-74.0012977527423,40.68199233467489,17.0
36047005100,-74.00347472904883,40.68347368258098,15.0
36047005900,-74.0060988815391,40.679395075821276,44.0
36085024700,-74.14174389092851,40.627513293680735,29.5
36047036600,-73.96377543227807,40.58286747262494,38.5
36081003900,-73.9409305044631,40.762802275655346,37.0
36085029106,-74.16516603195167,40.59735819958717,8.5
36085013203,-74.14272668532595,40.54970420006702,19.0
36061012901,-73.99807081488463,40.76241336774136,122.5
36081056400,-73.73339246776204,40.721549904307544,17.0
36061023900,-73.9410631098239,40.83233735139228,33.5
36047054500,-73.96528926131838,40.70523693458828,54.0
36047069602,-73.90959451947636,40.622374022676055,37.0
36047070601,-73.90297557746136,40.61666477366283,17.5
36085017016,-74.17759591933657,40.55869691923333,14.0
36005006200,-73.87551409585389,40.83328583032851,118.0
36081127700,-73.78339180148828,40.72440852197873,61.0
36081138502,-73.7455541885627,40.75221544472051,12.5
36081152901,-73.73365064251637,40.752325480150944,37.5
36047010100,-73.99983868009457,40.65838239712995,70.0
36081048900,-73.8921814783707,40.7373128629375,47.5
36047014500,-73.99495002738145,40.661356093398204,21.0
36047011700,-73.99330290978607,40.66855873332265,23.5
36047014300,-73.99264675492448,40.66361317596977,23.0
36005021001,-73.85828913350518,40.84080147370917,58.5
36047038700,-73.92774789128804,40.690539575604994,58.5
36047039500,-73.92473307549113,40.69296835426214,44.5
36047028900,-73.93300366690994,40.69305162733424,64.5
36081003600,-73.85681724873768,40.6837714732929,21.0
36005003500,-73.90867294795086,40.81096595428121,82.0
36005007300,-73.90938831176058,40.814674597580016,146.5
36081001902,-73.94004806520807,40.74814913894269,129.5
36085012500,-74.11885204602832,40.62868757980124,21.5
36085014700,-74.11641827059553,40.61926360162766,17.5
36061000800,-73.99452715657465,40.71176026011473,130.5
36047056302,-73.95914037635133,40.73558575447767,44.5
36005004100,-73.91941487839975,40.81138036714072,141.0
36005004300,-73.91704938233191,40.81361656628396,158.0
36047095400,-73.91463256185834,40.638966667081874,28.5
36047096000,-73.9147575198979,40.64593197022543,32.0
36047057901,-73.95196083663632,40.734730324283895,34.5
36047057902,-73.94684915916807,40.73385534024357,6.0
36047099600,-73.9077887067078,40.63344166920075,19.5
36047099800,-73.90823602822857,40.62969802381623,23.0
36081017102,-73.91998393666415,40.75191420069363,47.5
36061011401,-73.97049384076512,40.76484074341458,51.5
36005023800,-73.8610959535622,40.84370675432688,65.5
36061029100,-73.92393399107064,40.86431094760551,101.0
36081099100,-73.80000095223863,40.79028125694583,41.5
36005035100,-73.89999697228318,40.89508009319789,27.5
36085001800,-74.05853320685372,40.60151747293362,2.0
36085002002,-74.07032352061896,40.60147842202536,14.5
36061001501,-74.00364179266687,40.70914639836039,123.0
36047062600,-73.9344380016126,40.59233457021262,26.0
36085011204,-74.09730461298085,40.56873175053539,4.5
36085012804,-74.10445842453106,40.56460974471494,36.0
36047066200,-73.92437276301276,40.609302951734655,22.5
36005032300,-73.90756745529093,40.905335246570985,40.0
36005033700,-73.90249048595831,40.90638031795632,31.5
36081002200,-73.85058020880976,40.69597981093168,28.0
36081001800,-73.85201093253876,40.690273679314,29.5
36081002000,-73.84951572322653,40.691350002356685,14.5
36061021900,-73.95718549623028,40.81741085406276,177.0
36081066404,-73.75389707108572,40.65189940260414,0.5
36047005302,-74.00690458375148,40.67064543808252,24.0
36005051601,-73.78664764499084,40.84724930510134,39.0
36005051602,-73.77023216252357,40.85383403592157,0.0
36081021601,-73.82653068797276,40.713027374456175,33.0
36061024500,-73.94209530970926,40.836624922769985,162.0
36061025100,-73.93992260077336,40.84032601546269,85.5
36047049900,-73.94687603589536,40.720908421469495,19.5
36047050100,-73.94891985042788,40.71573384774565,53.5
36047051500,-73.95052906535733,40.7191265656562,50.0
36005040900,-73.89314683536045,40.87679313884091,119.5
36005042100,-73.88277406540283,40.8814701859471,136.0
36085015603,-74.14759258481168,40.53792506638212,15.5
36081047200,-73.77893812773996,40.717621143792805,45.0
36081047600,-73.77121987912709,40.7224657123182,18.5
36081118900,-73.81260885618063,40.75650661351394,21.0
36047093400,-73.91901480460012,40.64892425677625,19.0
36047093600,-73.9215835564145,40.648796504269754,22.5
36047092800,-73.91177421758324,40.65247879867389,44.0
36081121100,-73.80487982379765,40.74531861777415,6.0
36081141700,-73.79172047447102,40.74480936907212,54.5
36005023100,-73.90246564160744,40.84620297851301,54.5
36005038100,-73.90115417664865,40.85201926852565,204.5
36081050500,-73.87474402686672,40.72908074109856,13.0
36061016002,-73.9536863907283,40.78787914614267,21.5
36061016800,-73.95135509392234,40.79106770312098,91.5
36061007900,-74.0083147024584,40.739135937894936,137.5
36061006900,-74.00999841412992,40.730378922780424,61.0
36061007500,-74.00873826275505,40.73438603147965,67.0
36047014101,-73.98884000384996,40.66618327076811,13.5
36047014102,-73.98983073366188,40.66480707360809,20.5
36081077300,-73.83531392969648,40.71091324890331,17.0
36081086100,-73.81787233698466,40.756811444941164,19.5
36081120100,-73.81405923150844,40.753212043236836,16.0
36081081400,-73.80393528858872,40.670704473427364,45.0
36005023703,-73.89959226503761,40.860025849181135,118.5
36081055200,-73.7496575337219,40.72778761655284,42.0
36081130100,-73.73977784416287,40.73350064242653,43.0
36047111800,-73.87602373287808,40.668750931166166,43.5
36047112000,-73.88052561832609,40.66662524893576,46.0
36081059600,-73.73705632298879,40.697137078592604,8.5
36081070900,-73.85502242270094,40.71926717406516,12.5
36081060000,-73.73330305288808,40.69506298622156,9.5
36081062200,-73.72887944238042,40.69194787315405,15.5
36081016300,-73.90987668799616,40.756312880642234,71.0
36081029500,-73.90672442254828,40.755998090218725,34.0
36081059200,-73.72972327642196,40.70123985628215,6.0
36081059400,-73.73118434078255,40.69846914137499,7.5
36081070300,-73.85935659568277,40.71627831288423,20.0
36081013600,-73.82865698265883,40.70659940153316,10.0
36081013800,-73.82516092858741,40.70657934118303,25.5
36081069702,-73.86282551768896,40.72229192982075,32.0
36081053401,-73.744148825077,40.69983088087708,22.0
36081059800,-73.74066730591622,40.698301568955486,14.0
36005046000,-73.84264786270172,40.882444754994005,65.5
36081156700,-73.72963175340885,40.74066271409695,33.5
36081162100,-73.72971057762301,40.72847109675716,41.5
36005026400,-73.8320989739378,40.84178083394854,96.0
36005045102,-73.86417127697612,40.9004285901198,36.0
36081063800,-73.73301302145683,40.66983222307518,30.0
36061019400,-73.93518291619453,40.80046752721327,135.0
36005005200,-73.88247717611635,40.82562200859985,49.0
36005022701,-73.91106393022213,40.84680603569052,90.5
36085030301,-74.15610268208943,40.61891801747841,50.0
36005003100,-73.90569883326881,40.80988299446328,65.0
36005023000,-73.86601547748194,40.84928574873997,62.0
36081003400,-73.85818620775571,40.68477324457927,17.0
36047118600,-73.8677798649868,40.681465620794974,24.5
36005007800,-73.85264824591516,40.82913089616318,100.5
36005009800,-73.84951221276171,40.82545000237269,92.5
36081008100,-73.9335811855613,40.77007590911646,24.5
36081008700,-73.93458192497461,40.774375960269545,65.0
36005022901,-73.90720280748972,40.8461108543084,71.5
36005023302,-73.90473715557289,40.84818975000566,77.5
36061002100,-74.01005916224493,40.71432865998312,157.0
36005025500,-73.90893838004324,40.86054332666179,108.0
36005026100,-73.90588797617352,40.86666635937256,22.0
36005026300,-73.90446398662651,40.86477443884002,99.0
36085005902,-74.09441371317426,40.6274905817424,1.5
36005038000,-73.86240949416269,40.87808251375869,136.5
36005026900,-73.9085559845978,40.86771126206851,129.5
36081128300,-73.76881091592581,40.7339443440407,11.0
36081129102,-73.75438296339783,40.73163852881311,31.0
36005011701,-73.88357782008067,40.814370973078375,45.0
36085007002,-74.07618762707521,40.58753462227479,45.0
36081069000,-73.75537131130565,40.66033049015286,31.0
36081069400,-73.75012393956035,40.65587455136954,30.5
36047114201,-73.89729477026803,40.680464079598494,29.0
36047114600,-73.89234581699061,40.67920684062295,59.0
36047086400,-73.92385215809638,40.65433802629066,17.5
36047088600,-73.92068045045328,40.65748308935927,73.0
36047090800,-73.90477134612907,40.6713269604035,150.0
36005018900,-73.93024838643055,40.83174377835321,170.5
36005017701,-73.91117761440798,40.83319577993792,77.0
36061027300,-73.93738508551097,40.85397794382423,65.0
36061028100,-73.93459373814407,40.85696232518882,16.0
36005029500,-73.90855870305477,40.88495660408446,54.0
36081030600,-73.78037749417396,40.66487989090025,142.0
36081071600,-73.78656588543286,40.64697431305546,28.0
36081084602,-73.816611702255,40.66511930294437,35.0
36005018501,-73.90932601522586,40.82717733645156,128.0
36005018502,-73.90598098810763,40.82630810922805,140.5
36081061900,-73.87693466333789,40.70982628987375,20.5
36081063301,-73.87457404847889,40.70448707571465,9.5
36081063302,-73.87140565393486,40.705391016331546,19.0
36081040102,-73.85746192585769,40.75268311388014,62.5
36061019100,-73.97018011585476,40.80063283870594,95.5
36061019500,-73.96833059901319,40.80315575309433,79.5
36005028100,-73.89070037551828,40.8838091501369,33.0
36005043503,-73.88663145704983,40.897045039617176,92.5
36005035800,-73.84259415209831,40.87398443646094,138.5
36005046208,-73.83696460790622,40.87502274518005,105.5
36061027900,-73.93163203911428,40.8558588879614,100.5
36061028300,-73.9287222366015,40.8589102005495,59.5
36061030300,-73.91865439472512,40.869219636115965,67.0
36061030700,-73.91667296715956,40.871268426751456,30.5
36061024302,-73.93679512203221,40.83156573808715,111.0
36081037300,-73.85999683170081,40.759714573045194,46.5
36085027702,-74.16366710263567,40.58008785022406,26.0
36085027706,-74.16189525238482,40.59094203829182,27.0
36081091800,-73.87259188354354,40.56786275734874,1.5
36081092200,-73.86080726895763,40.57284341440027,6.5
36047055400,-73.96007173951664,40.60787059034915,53.5
36061028500,-73.92804858419873,40.86150036911317,64.0
36061028700,-73.93192322864434,40.86353290960809,63.0
36005038303,-73.89616246422541,40.85682970127099,51.5
36005039902,-73.89475394339763,40.86043320821882,119.0
36061023600,-73.93610611760637,40.82489455564174,92.0
36085002100,-74.07742970920938,40.63036614544602,112.0
36047004600,-74.03629775080329,40.626989459961216,12.0
36085990100,-74.05314061806087,40.576239743758876,0.0
36005000100,-73.88265488939857,40.79113033368017,0.0
36081092900,-73.8514630228397,40.787186261031195,60.5
36081009900,-73.9230797520154,40.77855880937905,15.0
36061024000,-73.92459718707799,40.791001071207326,103.5
36005021502,-73.91671510091435,40.84804014853344,116.0
36005021700,-73.91327115823341,40.84821911758836,107.5
36081014202,-73.82033822573896,40.69866556683009,68.0
36081014400,-73.82849568035577,40.698493983651744,21.5
36081095400,-73.79950872338775,40.59289354885846,64.0
36081096400,-73.79252473782034,40.59385634289087,56.0
36061005700,-73.99240210809356,40.72942037721857,88.0
36081024300,-73.90215125140811,40.73659051005377,51.5
36081051300,-73.89751690360539,40.731897630977244,22.0
36081051700,-73.90029386408115,40.72462684472529,28.5
36081053100,-73.90833296053005,40.72305815709363,41.0
36081094202,-73.80926760807941,40.59015127521917,66.0
36081094203,-73.80925396492593,40.58583445513359,57.0
36081040901,-73.86627181276718,40.747501596911874,31.5
36081040902,-73.86873841302427,40.751539493001175,40.5
36047001501,-73.98247001516232,40.69591158403762,104.0
36061022500,-73.95415925478198,40.82383402638029,127.5
36061022900,-73.95171756947485,40.825925758093,123.0
36081099802,-73.7584555177368,40.59339815757917,48.0
36081099200,-73.76728379170085,40.59522761567781,41.0
36081050000,-73.76361685576435,40.711946212560164,47.5
36081050201,-73.76490346934521,40.7088022429908,11.0
36005016100,-73.88501621803515,40.83684533018045,144.0
36005016300,-73.89498679254541,40.83854943450256,72.5
36081064500,-73.8521969358918,40.709111258854904,15.0
36047002300,-73.98327335213702,40.699564710239805,52.5
36047020300,-73.96481762996395,40.67995524085935,30.0
36081039901,-73.85334013877696,40.750769890310835,23.5
36005008500,-73.89907830940234,40.816267221149374,84.5
36005001902,-73.9159291943602,40.803683275438516,116.0
36047049100,-73.94410000681548,40.70357304489245,115.5
36047050700,-73.94700772703388,40.70140965900969,76.0
36005006000,-73.87777378825741,40.837638478759494,75.5
36005015700,-73.88551836356649,40.83301659509612,176.5
36047016800,-74.01576723858503,40.6042311944112,10.0
36005021301,-73.91981204153666,40.84554701588761,30.5
36005000400,-73.8524117392791,40.81060632550422,61.5
36005008400,-73.84776170832532,40.81560635369921,25.5
36081044000,-73.78464538513833,40.70268029606699,56.0
36047001801,-74.00024316538375,40.66465635208922,31.0
36047001802,-74.00971872776908,40.65869943350464,24.0
36005020502,-73.9194510531773,40.85138958462488,35.5
36061000600,-73.98946070344194,40.71193986639031,92.0
36047053700,-73.95995479985426,40.70029835714413,17.0
36047053900,-73.96256049007607,40.70264864592835,6.0
36047032800,-73.99768392760156,40.576367634274426,44.5
36047033000,-73.99871841501968,40.57922707616866,59.0
36047062200,-73.93523642457555,40.58473853656598,31.0
36047002901,-73.97810121306011,40.69497590263015,59.0
36047021100,-73.97193328301046,40.69707507804989,76.5
36047013800,-74.02551807817689,40.62431793787146,28.0
36047013400,-74.02026898870547,40.629523350776694,27.5
36047013600,-74.02258025183663,40.626897581082716,18.0
36081147900,-73.74176009968531,40.76987957688385,37.5
36081150701,-73.73969966497673,40.76220619197595,32.5
36047056100,-73.95625290487166,40.72653020404302,73.5
36047056900,-73.95236457008416,40.72376676044873,35.5
36005034800,-73.85306744717899,40.86944817454629,101.5
36005046203,-73.82483909718731,40.87922443250925,99.0
36081060701,-73.89398060093302,40.71724118532028,8.0
36047042700,-73.92719113209033,40.70368185305076,63.0
36047045300,-73.92895666354124,40.70658343247378,93.0
36005030201,-73.82450092383428,40.861923231432975,30.5
36047070201,-73.90886445077577,40.60931426712045,46.5
36047070602,-73.89695816355005,40.61238021544806,1.5
36085020701,-74.139222224121,40.638104553949375,37.5
36085021300,-74.1388841306681,40.632619757451884,57.5
36047021900,-73.95525892296119,40.67197396177263,54.5
36047031702,-73.9503758223692,40.67119680593911,34.5
36081061601,-73.73189632649992,40.68186646003671,15.5
36081061602,-73.72924466519817,40.67754958664123,11.5
36047000700,-73.99730353799546,40.692351327909,34.0
36047098200,-73.89437437094521,40.650995348334554,58.5
36047110400,-73.88878994659598,40.65739911088082,149.5
36081071100,-73.85229871773444,40.72201225481005,77.5
36081037501,-73.86773456068063,40.74690979257956,26.0
36081037502,-73.87120195037896,40.753699791309984,78.0
36081027301,-73.87225689678527,40.75032900321369,83.0
36081046500,-73.87029801382371,40.74696647044066,73.0
36061011600,-73.9561497369878,40.76339774160568,50.0
36061012400,-73.95383566831678,40.76669973379171,68.5
36061016300,-73.98366746878904,40.782648471884876,87.0
36061016700,-73.98100650370598,40.78527297258572,72.0
36047117602,-73.87444760459329,40.68623460242892,39.5
36005038700,-73.88922282365226,40.8580070107123,99.5
36005038900,-73.88499787568341,40.856409802747756,152.5
36081047500,-73.87565217744043,40.733642099479276,36.5
36061008700,-73.99699450439844,40.742243363098886,161.0
36061009100,-73.99519662116992,40.74471844171819,173.0
36061019800,-73.94237804960486,40.80430456233534,87.5
36061020000,-73.94523314510656,40.805794029758886,70.0
36005002001,-73.86791546734952,40.8174391889477,55.0
36005000200,-73.85900689070994,40.810751840907486,49.5
36005002400,-73.87125025220948,40.81643830734969,25.0
36005006900,-73.91577344616967,40.82186605368661,163.0
36047070202,-73.89184990236006,40.593191353255484,11.0
36047032500,-73.95776559523233,40.66729917525673,49.0
36081033000,-73.76372927425864,40.67013599539098,61.0
36081033405,-73.76777734543937,40.6734463603482,22.0
36047036502,-73.90753822921889,40.67473086378694,72.5
36047036700,-73.90463773093835,40.67756856639409,76.0
36081062000,-73.73780654129457,40.68109377803739,10.0
36081063000,-73.74353646856345,40.680340930660776,18.5
36081011000,-73.8350141903494,40.687313917577356,24.0
36081011600,-73.83880337583811,40.68877221069202,9.5
36081011800,-73.83390226634815,40.69064177048089,15.0
36047011902,-73.99500260358637,40.673136093671914,9.0
36047000100,-73.9938089039652,40.700217803998804,37.5
36047000502,-73.99286290731145,40.69513397184612,32.5
36081103201,-73.75529908913627,40.60849953819436,120.5
36081103202,-73.74753011743654,40.60664687703493,136.0
36047057100,-73.94761873577866,40.72478390566954,28.5
36047057300,-73.94883031091322,40.72804880903404,20.0
36047057500,-73.95323068956041,40.732105584902264,37.5
36061004400,-73.97658202347692,40.73094816942657,103.5
36085000800,-74.0676934600909,40.6119222768095,36.0
36081108500,-73.78907648004937,40.77244578691885,27.0
36081113900,-73.79062520542557,40.76423344960993,40.0
36081010300,-73.91507721346018,40.78106045966375,33.5
36081010500,-73.91294811117946,40.78279005447446,23.0
36061021100,-73.96067906546023,40.814302367414626,125.5
36005007100,-73.91283623938683,40.81821684771322,215.0
36005007500,-73.90862350300635,40.818776045748734,117.0
36081030904,-73.89105484740259,40.76358325179435,37.5
36005041400,-73.85411680792753,40.903725611325484,163.0
36005041800,-73.85848898416927,40.897124996833625,100.5
36005019300,-73.92933083877,40.83637058700963,95.5
36081059501,-73.90782038224695,40.71170899160933,15.0
36081060100,-73.90241309858519,40.71521365640878,23.5
36081059300,-73.90264993873939,40.71020295004739,27.0
36005036400,-73.84921533986693,40.873616690360215,64.0
36005036800,-73.85595352040454,40.875307494740255,45.0
36081044400,-73.78178591386094,40.705783947586546,175.5
36081046800,-73.78228041554156,40.710492347306534,55.5
36061006200,-73.97448264568258,40.738927968424846,53.0
36047056500,-73.9577566027348,40.73021654211648,46.0
36061014300,-73.96556039271948,40.782472230018726,200.5
36061021600,-73.95438473320488,40.80067481967646,111.5
36005036000,-73.84310580359859,40.866840684607205,43.5
36005022403,-73.86542152630336,40.85647758063569,87.5
36061015200,-73.94446784456869,40.77975381768412,55.0
36047022900,-73.95676155186395,40.68513153265767,32.0
36047010000,-74.01044565201441,40.64153539215046,51.5
36047010200,-74.01278730299443,40.639284619262554,48.5
36005016900,-73.90272588213583,40.8377904818668,50.5
36005016700,-73.90217512592487,40.840481605239674,87.5
36005017100,-73.90750414729183,40.84043096914588,45.5
36047013500,-73.98331377222101,40.67281186185695,22.5
36047015500,-73.97856124640829,40.67051354122825,18.5
36085032300,-74.17872892095963,40.633980455573145,34.0
36047092200,-73.9063489390087,40.65523996289379,36.0
36081099703,-73.77470350620595,40.78297193059075,22.0
36005033201,-73.86923460619941,40.859478595009904,60.5
36005033202,-73.868931586258,40.86337824739213,63.5
36005033000,-73.8660249953774,40.861658057351434,118.5
36005033801,-73.86584668006552,40.8675706477529,60.5
36047002200,-74.02173865536633,40.643436974393865,54.0
36047007000,-74.0242801060523,40.63819551638823,22.0
36047015900,-73.97306478983486,40.67519108626848,41.0
36005033802,-73.86574362407259,40.87054895584835,27.5
36005037200,-73.86327806292181,40.873804300840625,44.0
36047032700,-73.95879302755779,40.6626474476062,41.0
36061000500,-74.01694850198368,40.68895503385465,1.5
36047004700,-74.00163737197902,40.68848259881567,18.5
36047008600,-74.00374397659523,40.64797672194857,9.5
36047009201,-74.00044095217872,40.64598411109653,20.5
36047042300,-73.92728891129686,40.6990019447543,60.0
36047039300,-73.9300015993162,40.6956248390249,58.0
36005023501,-73.90457020672432,40.85214889367868,78.5
36005023502,-73.90347255950826,40.85128580167521,99.0
36005019700,-73.91997635069336,40.83520510115595,119.5
36005006302,-73.92639031788877,40.8299826417243,111.0
36005019900,-73.92545189688477,40.83674529753027,103.5
36061023700,-73.94759762440047,40.83144083893728,78.0
36047019500,-73.96750054272195,40.69141003486529,24.5
36047019100,-73.9644222978529,40.6952392509573,40.5
36047019300,-73.96263698895189,40.69127984909072,61.0
36081099705,-73.78588337555632,40.787430624010774,10.5
36081099900,-73.77671254927435,40.79160690576458,1.0
36085009602,-74.09516256700786,40.59078276869492,21.5
36085017702,-74.09727264509227,40.59817672051681,11.0
36047042400,-73.97604839037892,40.60674791897521,20.5
36047042600,-73.98018901087102,40.605675156243784,27.0
36047016400,-74.02774908671803,40.608153432596524,0.0
36047042000,-73.96434177355725,40.60923555124167,15.0
36047054200,-73.96097938919822,40.61280195597914,26.0
36085003300,-74.0866286124617,40.62561050173027,22.5
36047073000,-73.92984884464585,40.62620214833766,12.5
36047073600,-73.93579849062408,40.62403407174118,25.5
36085013302,-74.12349494887913,40.635970986666734,78.0
36085014100,-74.12688645363643,40.62885200210559,17.0
36047114400,-73.89854721211171,40.67280279829385,109.0
36047022100,-73.95435666958525,40.67616686903008,47.0
36047030500,-73.95906387934387,40.67731636691814,83.0
36081124700,-73.79625095988551,40.72808270122848,31.0
36081126700,-73.79777183496911,40.72033056873374,48.0
36081112300,-73.77124500976217,40.76629176722713,28.5
36081112900,-73.77681659789175,40.76540148666527,21.0
36047012801,-74.01330346675525,40.63080173010274,19.0
36047021000,-74.00815622031065,40.627626234770716,16.0
36047003400,-74.03361939530507,40.639433872955664,22.0
36047002100,-73.9864964337898,40.70318386591059,168.0
36047054700,-73.96658638637868,40.70853046607496,31.0
36047054900,-73.96573212392305,40.711153962998885,54.5
36047055100,-73.96444346881951,40.71394391061116,82.5
36047055500,-73.96327398149882,40.71809573510813,115.0
36005024000,-73.86888549772452,40.8416259973167,91.0
36081091604,-73.92496153342667,40.552717804998025,0.5
36047039700,-73.91914015510268,40.68894832118143,63.5
36081047801,-73.76712548590804,40.71979439847379,38.5
36081048200,-73.76792278024985,40.71483884438341,33.5
36005006100,-73.92266492274668,40.82225151966181,64.5
36081091603,-73.9138966473596,40.56060845199504,11.5
36061003100,-74.00381569111426,40.715310530293095,143.5
36061004500,-73.99939084550996,40.720570316677936,109.5
36061003300,-74.00614634442674,40.71886209631986,153.0
36061004700,-74.00286271540918,40.72241865451152,115.0
36061003700,-74.00748678440179,40.72627855876229,100.0
36061003900,-74.01078077300448,40.7207954721669,72.0
36081003301,-73.93893215802977,40.751415356770636,91.5
36061015601,-73.94750229070698,40.78356863137186,52.5
36061015602,-73.94632434868998,40.785181637021466,57.5
36005019400,-73.83589490808944,40.83352081091707,41.5
36005027402,-73.81747207629175,40.842770414655966,39.5
36047039800,-73.97551306712408,40.59544704968123,21.5
36047040000,-73.97612225541978,40.59780605101387,29.0
36047001804,-74.02670240640036,40.64371612493677,2.0
36081013200,-73.83438881336615,40.701294298953385,25.5
36081013400,-73.83498227494697,40.705281111448606,19.0
36081060300,-73.89901184483371,40.71392384835826,25.0
36005009200,-73.85215179208333,40.832341902346194,128.5
36085029104,-74.16351934356571,40.61371893146397,34.5
36085029105,-74.17193210772352,40.60615125408596,21.5
36085007700,-74.09027328115016,40.637862438112776,18.0
36047023300,-73.95748987577014,40.688795492547044,82.5
36047023500,-73.95778505159643,40.6925128798626,38.5
36047029200,-73.99983954058257,40.59791770660901,60.0
36047029400,-73.99845782213612,40.595322709837035,22.0
36081077904,-73.8141680301881,40.72095889344538,45.0
36081077905,-73.81293937781376,40.71733103300365,20.5
36081125700,-73.80793112043096,40.724129103853635,35.5
36081126500,-73.80370523659624,40.72049508060535,18.5
36047050600,-73.96686237700682,40.6489775163884,56.0
36047115200,-73.89092997675587,40.673269271947106,56.0
36047119800,-73.894398249132,40.67631533640516,124.5
36061009000,-73.97008981484439,40.75265895239098,66.5
36061009800,-73.96777443310874,40.75578756942029,83.0
36005039400,-73.8633961378347,40.88647815146286,88.5
36005039600,-73.85895559005178,40.884423454401464,78.0
36061029700,-73.92434265429537,40.87237796506257,37.0
36047044700,-73.92261772882303,40.70669102205903,108.0
36081053901,-73.91781517665623,40.71021718823569,57.0
36047038600,-73.97510782693396,40.59234874762059,44.0
36047016500,-73.97403846339412,40.66997771406239,18.0
36047150200,-73.98126931944607,40.65463300047906,13.5
36047041200,-73.97419168316642,40.60415715905258,16.0
36047042200,-73.96999621826347,40.606869520964885,22.0
36047045000,-73.9728591021096,40.6217022181585,10.0
36047033500,-73.94238906159066,40.667594109302925,17.5
36047033702,-73.94220346663823,40.66892827513922,10.0
36005018101,-73.91611113327677,40.831607397217105,46.5
36005018302,-73.91875211833366,40.827912127418244,84.0
36047021300,-73.96046271335855,40.66835006586856,49.5
36047021700,-73.95902424741294,40.672763727914415,45.0
36047037300,-73.91521505719892,40.6839485654225,44.0
36047040100,-73.91274085368256,40.68645941413526,48.0
36005023704,-73.90190741488448,40.856262743334916,61.0
36005038301,-73.89850957803205,40.85720988657232,72.0
36005009600,-73.84384305752121,40.83452072538305,93.5
36081038301,-73.84124850522193,40.76063665762994,23.0
36085011402,-74.10494867788742,40.58119425407939,19.0
36081093401,-73.84670520629466,40.57781754901659,11.0
36081093402,-73.84024995366767,40.57876353967982,17.0
36081093800,-73.82997459996282,40.581777123400244,75.0
36047000200,-74.01108734489682,40.65325714938911,50.5
36047001803,-74.01925406812816,40.65151215002027,29.5
36047005602,-74.035723672487,40.61276163584741,14.5
36047016200,-74.03136808447906,40.61323665959221,7.5
36047007700,-73.99517874132101,40.67705036384847,45.0
36047040800,-73.97913375422412,40.601191600567795,13.0
36047041000,-73.97545132175388,40.600978856189265,14.0
36085015100,-74.12759083292501,40.61952505995291,26.0
36085018701,-74.1272642333209,40.61074896377799,14.0
36081013500,-73.89897616292656,40.770648580083666,6.0
36061016200,-73.93967565660782,40.78795816376494,124.0
36061017000,-73.94214663344007,40.79090261009713,108.5
36081001400,-73.85527114257431,40.69506571765319,34.5
36081064102,-73.85346130353506,40.702076117885376,18.0
36005037800,-73.866607015962,40.87977536160565,128.0
36005043501,-73.86644578863407,40.88668766149664,54.5
36005025600,-73.85021873422,40.844390980442576,35.5
36005020000,-73.84551222819958,40.84284405705004,129.0
36047026100,-73.94571465702762,40.69239885173798,62.5
36047026300,-73.94513174592252,40.68946844736753,55.5
36047039100,-73.93365550195355,40.69979558146341,66.0
36081045800,-73.79092616103242,40.71526019881931,18.0
36081046200,-73.78797721091578,40.70985663172159,97.0
36081046600,-73.78508871313255,40.714011302141365,57.5
36047016900,-73.98128726800643,40.65929133557355,21.0
36047017100,-73.97685187728364,40.656967442628506,9.5
36047004300,-73.98959589049554,40.688199247228525,62.5
36047006901,-73.99115646098525,40.686193784006065,30.0
36047013100,-73.97960617141172,40.677713375332026,23.5
36047011901,-73.98704144388887,40.67650029998871,65.0
36047013300,-73.98130753929568,40.675180920179585,26.5
36047016700,-73.97877531772623,40.66429714418259,24.0
36047015100,-73.98258246956972,40.66569009069399,21.5
36047015300,-73.98057591385816,40.66810278222388,34.0
36061006500,-73.99957851282606,40.729966643747815,242.0
36061006300,-73.9968627465755,40.73442084845656,102.5
36061007100,-73.99991376640574,40.73544757307802,199.5
36047049700,-73.94459622924512,40.71621880963361,38.0
36047047700,-73.94213449653039,40.71821816707098,42.0
36047048100,-73.93850088088318,40.713860762941906,32.0
36081020800,-73.80687329242636,40.698387799817546,187.0
36081021200,-73.81162339007253,40.700902833814965,137.5
36081045400,-73.79603662764468,40.71263275547197,47.5
36081046000,-73.79349005598142,40.70825749246008,164.0
36081024000,-73.80508344745526,40.70327808500336,162.0
36081024600,-73.79649296728743,40.701203148953105,43.0
36081044601,-73.79779166494671,40.70495228291598,187.0
36047003700,-73.98468599339347,40.6893879144558,234.5
36061005000,-73.9872137513615,40.736114162725215,98.0
36061005200,-73.990458388542,40.73743348162057,262.0
36081071303,-73.84953478460098,40.72579965555048,25.0
36081071305,-73.85149822139581,40.72419014967251,21.5
36047030100,-73.91622288505886,40.67762124105861,33.0
36047037100,-73.91384121799003,40.68028905592579,47.5
36005018301,-73.92079068825697,40.828654778673965,34.0
36005019500,-73.92252562456723,40.83046039753026,106.5
36047000900,-73.99159301354536,40.69171132915929,114.5
36047048500,-73.93634524477301,40.7078400374004,127.5
36047049302,-73.94110788136032,40.706879429284655,75.0
36047027100,-73.93694761212845,40.678790307073896,54.0
36047029700,-73.93162046222388,40.6812796228908,32.0
36047003900,-73.98083681135995,40.68490440893784,80.5
36047012901,-73.97865569008671,40.681629986718534,92.5
36047020700,-73.96661354855314,40.674956077569206,15.0
36047024500,-73.95190121150881,40.68288076970656,55.5
36047024700,-73.94926996961591,40.679443236690055,73.5
36047018100,-73.9723714332504,40.68776794304688,34.5
36047024100,-73.95380398290486,40.69222256278188,40.0
36047024300,-73.95285580822724,40.68745572165661,41.0
36047025100,-73.94938807942934,40.68785473833113,54.5
36047025300,-73.95033671765266,40.692622012553244,31.0
36061021400,-73.9362133422189,40.81778847927609,45.5
36061023000,-73.94138939498586,40.818472225775956,128.5
36047021500,-73.96331774048825,40.67336902853681,44.5
36047003300,-73.97810331200525,40.68851043801634,105.0
36047003500,-73.97618003994535,40.685324003392196,192.0
36081003800,-73.84749367000391,40.68479996812653,17.0
36081004001,-73.84587448370864,40.68324806229069,19.5
36081054700,-73.90971109843147,40.70362931019265,45.5
36047044901,-73.93796885545979,40.7197595852009,69.5
36047044902,-73.9297953693084,40.717369434167125,156.5
36047052500,-73.95997988206716,40.70888723092226,65.0
36047053500,-73.96122337899888,40.70614278553652,21.0
36081004200,-73.85796411745211,40.68181454802856,32.0
36081005200,-73.85466458021855,40.68075985085189,16.5
36047043900,-73.9093084505921,40.697471798844646,124.0
36081054900,-73.90780765500625,40.702195826294776,60.0
36081055300,-73.90655344702157,40.69895121066866,55.5
36085018704,-74.12374452472666,40.604390807020444,23.0
36061002500,-73.99860748311244,40.710109587557405,31.0
36061002901,-74.00187900067912,40.7133664650776,31.5
36061011700,-73.9996436826316,40.75979605206068,57.0
36061002601,-73.9799301363899,40.722584853783694,67.0
36061003200,-73.98370702842602,40.72555327835475,155.0
36081097205,-73.78550764574578,40.59622815240184,21.5
36061031703,-74.01509448087045,40.7154059713842,69.5
36061031704,-74.01704593956863,40.70837881451091,35.5
36085003900,-74.09335603057441,40.62117820555207,12.0
36085004700,-74.09473786293684,40.61420801435057,16.5
36061020300,-73.96156037807782,40.808669033618976,47.0
36061020500,-73.96512285827558,40.81024951752349,51.5
36061020800,-73.94200774704852,40.80964855637488,76.0
36061022400,-73.94695589935944,40.8111231993029,140.0
36061026900,-73.93097477602356,40.85055671809437,145.0
36005048401,-73.83314270094733,40.88608691866946,88.0
36005048402,-73.83850725974685,40.88688922645086,12.5
36081035700,-73.87123890037232,40.76801488646497,76.5
36081037100,-73.86361585854955,40.764136889243005,25.0
36047105801,-73.88060214948311,40.64921748497199,67.5
36081030906,-73.89623142206625,40.75631769027013,35.5
36081029700,-73.90299445224841,40.758681543626615,40.0
36081030905,-73.89606455945199,40.76001681003112,30.0
36081029100,-73.89519902855162,40.75133634756787,71.0
36081029300,-73.89948323586937,40.751932562312625,18.5
36081020500,-73.92164180768627,40.730369595040436,17.0
36005037900,-73.89878139868324,40.85157430417753,99.5
36005039500,-73.89669060222086,40.848184639481225,191.0
36005027600,-73.82163440666572,40.8548173872657,43.0
36005030000,-73.83124404282756,40.852210229759294,93.5
36085018100,-74.12076488563935,40.58909146688477,29.0
36085014604,-74.15976159296827,40.550042601174425,31.5
36047060600,-73.95614135400892,40.58645372342929,38.5
36047060800,-73.95011511064493,40.584262737442266,71.5
36047091000,-73.90340897916481,40.66575311777252,129.5
36047051602,-73.95814386981849,40.64161526565821,34.0
36047079201,-73.95640872073972,40.64461517959681,29.0
36047109800,-73.90164524155179,40.65266336892335,103.0
36047092000,-73.90298296311099,40.65856428444848,88.5
36047113200,-73.8988929493787,40.66129781737123,44.0
36047015200,-74.02447093490444,40.61450065595082,12.5
36047015400,-74.0189331583347,40.61115153015019,8.5
36081074900,-73.84007865391314,40.71325205069786,6.5
36081076901,-73.83756994481135,40.716453512356225,25.0
36081000104,-73.94447008761647,40.740982121904445,37.0
36081000701,-73.95283651751555,40.74285297972136,75.5
36081086900,-73.83380913713383,40.76532738043182,128.5
36081088902,-73.82981141666987,40.76855361676806,65.5
36081022001,-73.8206172393627,40.71357770279905,61.5
36085006400,-74.07849556480083,40.597246810456724,40.0
36085009601,-74.08860363168078,40.596926391423246,36.0
36085006700,-74.10109159820662,40.63519408947843,22.5
36085007500,-74.09094051296317,40.63359229962598,26.0
36085017005,-74.18095799722202,40.53928836981032,14.5
36085017600,-74.17583967935701,40.52965179268397,19.5
36085019800,-74.20500279501412,40.51767002385338,30.0
36085020803,-74.21067578365354,40.53282926417278,26.5
36047050202,-73.97527842399398,40.65352417056881,5.5
36081019903,-73.92998706301928,40.73304453774866,3.5
36061001300,-74.01298632397159,40.709149896498275,223.5
36061031900,-74.01557137383686,40.702941222121574,10.5
36085022602,-74.23225708487547,40.538303743631595,64.5
36085024800,-74.2424533752084,40.51543793457358,40.5
36061023802,-73.9443728487326,40.76809085994794,14.0
36061023803,-73.9496023458372,40.76213251936805,23.0
36061009700,-73.99903273049584,40.74964099548174,55.5
36061010300,-73.99721510466725,40.75213336653491,134.5
36005014702,-73.90440166686358,40.83653962587881,63.0
36005017702,-73.90954795352235,40.836178828641835,171.5
36047087401,-73.93845867812945,40.66047427163367,24.0
36047080800,-73.93948736439874,40.6573031769733,79.5
36047087200,-73.93664972194772,40.65367562052214,23.0
36085015601,-74.15458266034632,40.54215297359637,22.0
36085015602,-74.16180309164346,40.53602011113368,9.5
36085017011,-74.1702307875343,40.545634399926485,19.5
36005028400,-73.83871592831703,40.84947596005627,61.5
36005029600,-73.84510190952673,40.85539544854396,121.5
36081002500,-73.94517570457184,40.75496399619273,90.5
36081003700,-73.94360139780729,40.76216228541068,22.0
36081099801,-73.75759862499122,40.598082746281925,72.5
36081100803,-73.75754212594812,40.60315008475801,94.5
36061002700,-73.99901620844085,40.71255665676185,31.0
36061002902,-73.99882637198336,40.715166349611074,92.5
36061007600,-73.98729626961455,40.74756592797422,295.5
36061008400,-73.9840938636779,40.751969901207026,185.0
36081097202,-73.78010760029335,40.59102144266065,30.0
36081097204,-73.78113076000929,40.5939054074339,37.5
36081038100,-73.85766700601204,40.75612654602854,80.5
36085002001,-74.07096374842172,40.606890544811705,11.0
36085003600,-74.07589846830409,40.61108034155837,12.5
36005033500,-73.9051947265423,40.89429140351865,33.5
36005041900,-73.8816817655068,40.87686143326415,133.5
36005042500,-73.87903687919368,40.8710882820459,205.5
36005008900,-73.89391710958024,40.81855955057367,129.5
36005015900,-73.89355904179364,40.8223721508488,104.0
36081020200,-73.8077938273605,40.68976183803296,14.0
36081020600,-73.8092244824909,40.69434503555568,30.0
36047001100,-73.98770511547349,40.69328968954463,258.5
36047001300,-73.98836420133868,40.69761670264745,94.0
36005012101,-73.88887831353193,40.82827604662138,53.0
36005001901,-73.9280739780738,40.80677656951447,107.0
36005005600,-73.87914525800919,40.832620390322774,59.5
36005005400,-73.87974140476572,40.82990635892602,125.5
36061019200,-73.93078271591813,40.799146200668915,51.0
36061024200,-73.93415125632963,40.805301405938316,119.5
36047060000,-73.94569631871266,40.58707375696326,54.0
36081019901,-73.93360302562752,40.73864668168671,27.0
36081019902,-73.93752219385622,40.735791850037124,21.0
36081097300,-73.82102821466152,40.79353164386561,16.0
36081098100,-73.81604677411445,40.79469560249189,25.0
36005013100,-73.8978949669679,40.825951221512454,116.5
36005015100,-73.89847640196209,40.83108747056466,139.0
36061011000,-73.96313666941172,40.762146939940955,123.0
36085014605,-74.15012532035985,40.55869970844709,16.5
36005020601,-73.85053778209983,40.83664073879281,48.5
36005022200,-73.8552018619068,40.835680126858286,116.0
36047107800,-73.87595643304695,40.65884582542695,59.0
36047122000,-73.86288615137182,40.66391687777902,144.5
36081021900,-73.91771873060007,40.723519043163435,49.5
36081053502,-73.9182228157729,40.715617635636136,32.5
36047120000,-73.86727308112,40.67488037040454,66.5
36047120803,-73.86126893548187,40.67166510920448,40.0
36061023804,-73.95553100058432,40.75575720382587,10.5
36005013800,-73.81013624587219,40.821568591838485,29.0
36047054300,-73.97166145230113,40.701263526848344,48.0
36005005001,-73.87785355676986,40.82499721131804,60.0
36005005002,-73.87843467971547,40.827363093769996,120.5
36061027700,-73.92738133716327,40.85544596952394,86.5
36061029900,-73.91703030602427,40.86477086422859,121.5
36081093900,-73.84320506806051,40.792474280991726,37.0
36081094500,-73.83077101868534,40.7875821110159,87.5
36085013201,-74.12257132325897,40.56477754274977,6.0
36085013204,-74.13023847503635,40.55942320486446,22.5
36081067900,-73.87018288872942,40.72411419550708,27.5
36081068700,-73.86930196990419,40.7303105093463,36.5
36005024700,-73.91843463519783,40.85546971701285,30.5
36081036500,-73.86560505621782,40.75952323518092,38.0
36081036700,-73.8679417257127,40.76322041526647,38.0
36005024502,-73.91355708349631,40.855106984100594,47.5
36005024900,-73.91310354520392,40.8574440043321,15.5
36085029102,-74.19024645494461,40.60916189790358,37.5
36061010602,-73.95920175436304,40.76041963356648,42.0
36005009000,-73.84174245171093,40.82171346720573,131.5
36005011000,-73.83258347362232,40.8166225615944,14.5
36061008603,-73.96439162895099,40.7540353346339,30.0
36061010601,-73.96158079760482,40.757385604711644,36.5
36081022900,-73.91137504248314,40.73429565575548,9.5
36081023501,-73.91808099197746,40.737648688458584,26.0
36061004200,-73.98939034051546,40.73175268652924,77.0
36061006100,-73.99232624838693,40.733708245196034,139.5
36061026700,-73.92863154074755,40.85034206713931,14.5
36061031100,-73.93023199597938,40.84659879185268,54.5
36047107001,-73.87076646222762,40.654191011249814,263.5
36047107003,-73.87802939248823,40.65052247062854,7.5
36061001001,-73.97755210882977,40.71435304521584,18.0
36061026500,-73.94009970938032,40.849635427328685,100.0
36061027500,-73.94043736601105,40.854577274258034,17.5
36005020100,-73.92695594773659,40.84211122842112,97.5
36005020501,-73.92366404670281,40.84745306242241,103.5
36005021100,-73.92350514573194,40.84041538190231,114.0
36047102802,-73.89376103333377,40.62710693260598,8.5
36047103402,-73.88185351751653,40.63493087803073,23.0
36061001401,-73.98733213257118,40.715160474959696,35.5
36081000400,-73.86477198726222,40.68968297942111,37.5
36047118202,-73.869002403864,40.68866463624738,28.5
36085022802,-74.17854081932282,40.58284980171104,95.5
36085014608,-74.15651757266572,40.558463680252665,12.0
36085014607,-74.16412065487002,40.55692827791108,15.0
36085027900,-74.14909846062905,40.57494729827817,19.0
36081000600,-73.86372830269167,40.685907407554076,24.5
36047118400,-73.86941016545599,40.68430519937316,56.0
36081061000,-73.74327044054438,40.690135376995904,3.5
36081038400,-73.74763449304567,40.69334434722792,23.5
36081060800,-73.7413086653944,40.6936032039067,7.0
36081051000,-73.75371557125212,40.70971191088189,16.5
36081051200,-73.75011955445811,40.710410518437584,23.0
36047046202,-73.97422969146051,40.62457808783708,17.5
36047047600,-73.98057085957745,40.63056146459938,11.0
36047047800,-73.97887419189348,40.63339816763947,39.5
36081057900,-73.89006827688333,40.703479484577535,10.0
36081061301,-73.89322302796498,40.70897317997151,43.0
36005006500,-73.92165932049738,40.81740056065119,414.5
36005006700,-73.9181725596041,40.81949609324745,193.0
36005021602,-73.86227189722862,40.83716733181449,95.5
36061001402,-73.98588163636798,40.71751329105105,90.5
36061001800,-73.99084214549111,40.71904611987513,253.0
36081032900,-73.88273264187565,40.76443537226696,49.5
36081034700,-73.87867579890516,40.76688669580999,57.0
36047094402,-73.92078079178034,40.63508272739009,23.5
36047095000,-73.91714645585506,40.636245936883434,25.5
36005025700,-73.91430910673168,40.86011274469492,44.5
36005005100,-73.92758973018947,40.81319371668956,240.0
36005006301,-73.92907511290616,40.82180512875206,454.5
36047046201,-73.97351599515599,40.627622937024114,13.0
36047046400,-73.97840479988888,40.6246407802392,11.0
36081038302,-73.8407704613676,40.74054598481202,172.5
36081074700,-73.84520843658585,40.73260473418164,35.5
36047118800,-73.86591321654748,40.67904119458521,63.0
36047120200,-73.86436362049653,40.67634491962524,33.5
36047049200,-73.97020471658251,40.6409074456865,25.0
36047152200,-73.96718373721801,40.64397377932391,41.5
36047017700,-73.96892075415448,40.66160148267534,69.5
36047028300,-73.94043770993247,40.69525639127767,37.0
36047028502,-73.94088483947635,40.69745070931675,47.5
36061000201,-73.98583769411316,40.71189678122947,35.5
36061000202,-73.98132488698856,40.71213967685332,56.0
36047035400,-73.97259950037555,40.580141800996024,111.0
36047037402,-73.97201583823994,40.586790785844684,34.0
36047050001,-73.97781344834101,40.64901130694943,11.0
36047050401,-73.97374650515044,40.649927753714444,16.0
36081031700,-73.89304663099462,40.77090996919224,68.5
36081033100,-73.87325473518689,40.77440746360195,50.5
36005029700,-73.91183451839888,40.88492428860286,53.5
36005030701,-73.91055477662042,40.89316886210166,29.5
36005030100,-73.91794095090395,40.88324207972418,16.0
36061008200,-73.98087261340186,40.75061376521956,101.5
36061009400,-73.97774411745338,40.75522696922361,105.5
36061009903,-74.00247121641722,40.75614839131013,112.5
36061011100,-73.99538894067337,40.7546473319039,202.5
36047059402,-73.94301806285257,40.59461429919372,32.0
36047059600,-73.94005724950796,40.59109631951423,34.0
36085023100,-74.1563350717473,40.630062097305455,29.0
36085031901,-74.16332706757787,40.63025958904973,51.5
36047068000,-73.9251877844092,40.6213763535669,16.0
36047069200,-73.92009928811294,40.623671175873255,31.5
36047067600,-73.92720074742726,40.6249950075278,28.5
36047067800,-73.92277902534366,40.62615006339113,16.5
36061024100,-73.94606613974162,40.83412495479349,89.0
36061024700,-73.94624584230779,40.838345826120054,65.0
36061025500,-73.94392809886409,40.84545079931914,86.0
36081134701,-73.78485915517173,40.73727944739589,84.0
36081134702,-73.77829535466478,40.738469259020086,47.5
36005011800,-73.80427438026815,40.81262790766998,27.5
36081098700,-73.8087314711462,40.79239503238585,34.0
36005029302,-73.9158965481152,40.879216317087106,57.5
36005012300,-73.88740152281704,40.828609426222386,124.0
36005011900,-73.88956265791003,40.823280266552814,117.5
36005009302,-73.88937120051793,40.8077463625564,254.0
36005009301,-73.8891147245958,40.81435464737056,208.5
36005011502,-73.8860286912264,40.81968692052257,140.0
36081152902,-73.72399049987557,40.759337977712164,61.5
36081155103,-73.71955919076743,40.751912771968044,20.5
36005022000,-73.8724260403592,40.843343079977835,59.5
36005033400,-73.8754984046099,40.85783193684965,193.0
36005007900,-73.90486731211813,40.815790261310774,161.5
36005008300,-73.90183573469291,40.81366211443228,89.5
36005021601,-73.86482122460714,40.83754039439662,74.0
36005021800,-73.86939270779892,40.83747189568857,110.0
36005001903,-73.91251755648781,40.80215833632506,30.0
36005001904,-73.89836979738523,40.79957638564119,0.0
36005028900,-73.90730543007786,40.879662549392975,99.5
36061030900,-73.91037360589095,40.87596545433937,139.5
36005031000,-73.83601826587432,40.86124731918727,73.5
36005035600,-73.83600701562999,40.866964294759455,62.0
36005046205,-73.82908641188472,40.86892588468581,205.5
36061018500,-73.96636058499044,40.79449987593137,71.5
36061018900,-73.96425158652545,40.79733036116277,145.0
36005030202,-73.82024627403236,40.865314371032134,25.5
36005050400,-73.80441690280506,40.871622841532144,11.0
36085013800,-74.1318815148879,40.5704901047536,22.0
36085014606,-74.14262184404312,40.56255657493897,15.5
36061001002,-73.97695247716817,40.71731560242453,36.0
36061002000,-73.97566279419594,40.72040804472105,39.5
36061002400,-73.97367781591291,40.72395420099753,33.0
36047062800,-73.92691608350138,40.590428506208475,35.5
36047066600,-73.91624397648796,40.594046622831,21.5
36081017101,-73.92818250018033,40.74866566324635,14.5
36081017902,-73.93137516918316,40.74468105504078,58.5
