listing_id,latitude,longitude
0,40.82466,-73.852806
1,40.66363,-73.849434
2,40.705246,-73.83398
3,40.757084,-73.835594
4,40.753643,-73.855125
5,40.70506,-73.8341
6,40.904922,-73.90666
7,40.79497,-73.94343
8,40.76124,-73.82771
9,40.811234,-73.85012
10,40.84057,-73.85886
11,40.84057,-73.85886
12,40.843784,-73.82162
13,40.893307,-73.90233
14,40.65378,-73.97401
15,40.58569,-73.95617
16,40.65066,-73.91172
17,40.72753,-73.99017
18,40.74852,-73.9734
19,40.765625,-73.977486
20,40.767174,-73.98508
21,40.756363,-73.964806
22,40.780834,-73.9107
23,40.764534,-73.86622
24,40.69605,-73.88851
25,40.750904,-73.78817
26,40.787476,-73.785805
27,40.730007,-73.79695
28,40.724297,-73.72864
29,40.768703,-73.730095
30,40.69522,-73.84195
31,40.706844,-73.76381
32,40.705173,-73.7587
33,40.70304,-73.72822
34,40.66683,-73.84851
35,40.686893,-73.79728
36,40.683743,-73.746445
37,40.68018,-73.75068
38,40.676723,-73.7481
39,40.543964,-74.15268
40,40.539856,-74.1666
41,40.673534,-73.98357
42,40.693516,-73.96857
43,40.701817,-73.986916
44,40.70981,-73.82895
45,40.691517,-73.9906
46,40.698486,-73.99188
47,40.687256,-73.97939
48,40.712513,-73.81207
49,40.61883,-74.0949
50,40.61185,-74.03496
51,40.599625,-73.93544
52,40.6929,-73.95467
53,40.575768,-73.95696
54,40.60519,-74.01514
55,40.56976,-74.12235
56,40.59647,-73.986694
57,40.5982,-73.9959
58,40.711536,-73.84755
59,40.62981,-73.92751
60,40.63224,-74.030045
61,40.714657,-73.98541
62,40.69807,-73.84826
63,40.679512,-73.90907
64,40.642365,-73.98866
65,40.6384,-73.981834
66,40.631004,-73.962456
67,40.613754,-73.94514
68,40.633106,-73.932205
69,40.789406,-73.97868
70,40.800426,-73.97106
71,40.85348,-73.93656
72,40.76086,-73.82551
73,40.77588,-73.98167
74,40.76154,-73.99914
75,40.730743,-73.85564
76,40.763058,-73.96213
77,40.74393,-73.97568
78,40.747353,-73.99613
79,40.799816,-73.97082
80,40.773243,-73.95331
81,40.73547,-74.00801
82,40.731285,-73.99108
83,40.86961,-73.84082
84,40.906563,-73.90659
85,40.74193,-74.00243
86,40.756985,-73.96247
87,40.741474,-73.75684
88,40.75992,-73.76544
89,40.749252,-73.76625
90,40.777367,-73.74835
91,40.72846,-73.74084
92,40.788357,-73.779495
93,40.75596,-73.732956
94,40.733215,-73.72389
95,40.75239,-73.73689
96,40.783607,-73.776215
97,40.759632,-73.71948
98,40.768066,-73.78388
99,40.754406,-73.760735
100,40.764427,-73.730354
101,40.74579,-73.71018
102,40.746807,-73.716805
103,40.765755,-73.72587
104,40.749493,-73.70229
105,40.751133,-73.72326
106,40.767895,-73.76446
107,40.725986,-73.739174
108,40.75669,-73.72075
109,40.734287,-73.719666
110,40.78401,-73.77487
111,40.76993,-73.73776
112,40.723988,-73.73848
113,40.78401,-73.77487
114,40.74116,-73.75571
115,40.750645,-73.72117
116,40.741474,-73.75685
117,40.527702,-74.18736
118,40.549812,-74.213005
119,40.55652,-74.16272
120,40.55322,-74.17375
121,40.535446,-74.18185
122,40.538437,-74.17737
123,40.537216,-74.17407
124,40.546253,-74.220505
125,40.53962,-74.1809
126,40.555473,-74.16187
127,40.547546,-74.188286
128,40.53845,-74.167595
129,40.554214,-74.1808
130,40.5489,-74.215164
131,40.550938,-74.21467
132,40.634365,-74.165886
133,40.545776,-74.21691
134,40.539127,-74.19741
135,40.63906,-74.16472
136,40.576744,-74.162895
137,40.523144,-74.219635
138,40.580326,-74.1623
139,40.528954,-74.20953
140,40.622284,-74.16476
141,40.544373,-74.21206
142,40.52766,-74.177086
143,40.53409,-74.1785
144,40.533424,-74.19446
145,40.623062,-74.162865
146,40.550343,-74.173294
147,40.539497,-74.17281
148,40.526592,-74.20697
149,40.623238,-74.16667
150,40.636623,-74.16171
151,40.54958,-74.18589
152,40.534725,-74.23736
153,40.63532,-74.16658
154,40.52985,-74.22067
155,40.58483,-74.16181
156,40.549816,-74.213005
157,40.627987,-73.91717
158,40.672417,-73.7449
159,40.66595,-73.76673
160,40.712547,-73.734215
161,40.707615,-73.73634
162,40.6976,-73.738846
163,40.66838,-73.73278
164,40.60506,-73.76274
165,40.69157,-73.784035
166,40.706318,-73.768684
167,40.67302,-73.74862
168,40.701466,-73.76358
169,40.60782,-73.7601
170,40.657707,-73.75145
171,40.696922,-73.75781
172,40.70317,-73.74054
173,40.691727,-73.7511
174,40.68487,-73.73207
175,40.6007,-73.739365
176,40.598522,-73.75758
177,40.59366,-73.76033
178,40.71798,-73.75598
179,40.6938,-73.75911
180,40.708775,-73.73806
181,40.6785,-73.783005
182,40.72121,-73.75411
183,40.682083,-73.73368
184,40.67072,-73.74377
185,40.66044,-73.75147
186,40.66507,-73.779755
187,40.694298,-73.784035
188,40.710995,-73.75961
189,40.69387,-73.73878
190,40.69104,-73.73923
191,40.839962,-73.78516
192,40.846226,-73.78266
193,40.846264,-73.78267
194,40.846268,-73.78267
195,40.84748,-73.78251
196,40.838425,-73.78488
197,40.840637,-73.78327
198,40.846264,-73.78267
199,40.84219,-73.78529
200,40.84748,-73.78251
201,40.84624,-73.7833
202,40.84619,-73.7832
203,40.840862,-73.785164
204,40.840054,-73.7829
205,40.84611,-73.78344
206,40.846226,-73.78266
207,40.846226,-73.78266
208,40.850643,-73.785545
209,40.84748,-73.78251
210,40.84321,-73.78561
211,40.849617,-73.78518
212,40.847538,-73.78456
213,40.84032,-73.78458
214,40.83956,-73.78539
215,40.839684,-73.782555
216,40.840137,-73.78421
217,40.84726,-73.785484
218,40.851536,-73.78478
219,40.851574,-73.78472
220,40.84748,-73.78251
221,40.846054,-73.78372
222,40.71232,-73.99301
223,40.645058,-73.99467
224,40.644848,-74.07879
225,40.681656,-73.980606
226,40.690136,-73.98311
227,40.634895,-74.036385
228,40.705044,-74.00812
229,40.705273,-74.01023
230,40.62797,-74.0258
231,40.69497,-73.99686
232,40.681656,-73.980606
233,40.69023,-73.99563
234,40.70985,-74.01789
235,40.67394,-73.97761
236,40.664276,-73.98795
237,40.63783,-74.03374
238,40.706467,-74.01713
239,40.63887,-73.99349
240,40.686214,-73.982254
241,40.719448,-73.98556
242,40.697716,-73.99497
243,40.713104,-73.97922
244,40.635075,-74.03175
245,40.63145,-74.01417
246,40.629387,-74.01284
247,40.630253,-74.100685
248,40.687553,-73.97398
249,40.698486,-73.99188
250,40.69023,-73.99563
251,40.63224,-74.030045
252,40.69651,-73.99179
253,40.556488,-74.150604
254,40.61958,-74.0958
255,40.575256,-73.97428
256,40.618973,-74.12281
257,40.600613,-74.12621
258,40.61229,-74.064186
259,40.602116,-74.08787
260,40.59021,-74.07282
261,40.558548,-74.13082
262,40.53373,-74.15501
263,40.62044,-74.03979
264,40.62044,-74.03979
265,40.60325,-74.07775
266,40.58699,-74.09738
267,40.53499,-74.15412
268,40.61399,-74.035576
269,40.61466,-74.151634
270,40.61523,-73.983154
271,40.589443,-73.98487
272,40.607056,-74.14501
273,40.61384,-74.14702
274,40.58505,-74.09122
275,40.620045,-74.03831
276,40.598648,-73.996254
277,40.557682,-74.16018
278,40.582245,-74.15964
279,40.57766,-74.119
280,40.610985,-74.064186
281,40.592625,-74.097916
282,40.566143,-74.12359
283,40.617622,-74.038826
284,40.567356,-74.133514
285,40.49961,-74.23954
286,40.5144,-74.19454
287,40.51355,-74.241684
288,40.511284,-74.243744
289,40.49989,-74.2444
290,40.518833,-74.19643
291,40.50304,-74.23064
292,40.508312,-74.24495
293,40.51128,-74.24375
294,40.518955,-74.19589
295,40.511444,-74.243195
296,40.50495,-74.247116
297,40.50896,-74.25028
298,40.509678,-74.23667
299,40.50136,-74.24361
300,40.504383,-74.24888
301,40.50539,-74.24564
302,40.508022,-74.24024
303,40.503307,-74.24237
304,40.504135,-74.23837
305,40.512638,-74.24848
306,40.514057,-74.20429
307,40.507206,-74.25271
308,40.514,-74.19583
309,40.519222,-74.195335
310,40.51094,-74.23212
311,40.505875,-74.23856
312,40.514805,-74.20208
313,40.502144,-74.23788
314,40.504482,-74.23904
315,40.511986,-74.24699
316,40.5087,-74.24967
317,40.5144,-74.23871
318,40.507168,-74.23666
319,40.515064,-74.211365
320,40.509235,-74.22428
321,40.509148,-74.24937
322,40.50541,-74.24214
323,40.50584,-74.24266
324,40.504524,-74.23065
325,40.514706,-74.23512
326,40.716465,-73.837326
327,40.721806,-73.82127
328,40.67989,-73.84675
329,40.691406,-73.8324
330,40.714108,-73.80382
331,40.678593,-73.79907
332,40.673656,-73.79663
333,40.721447,-73.948654
334,40.699062,-73.95791
335,40.720318,-73.84315
336,40.636646,-73.96014
337,40.663647,-73.852036
338,40.704823,-73.8344
339,40.67084,-73.893906
340,40.71844,-73.96388
341,40.665737,-73.952774
342,40.67666,-73.96969
343,40.699512,-73.83524
344,40.649353,-73.92751
345,40.72213,-73.88792
346,40.889603,-73.9174
347,40.89896,-73.871704
348,40.830353,-73.84776
349,40.825596,-73.89717
350,40.909164,-73.9056
351,40.883102,-73.92104
352,40.87255,-73.9189
353,40.904873,-73.90636
354,40.876587,-73.85757
355,40.88075,-73.83398
356,40.879375,-73.91369
357,40.823437,-73.94258
358,40.88549,-73.85464
359,40.89913,-73.86256
360,40.82517,-73.92328
361,40.908398,-73.89678
362,40.83611,-73.85893
363,40.836292,-73.856064
364,40.85457,-73.93544
365,40.824066,-73.94443
366,40.879013,-73.91611
367,40.82517,-73.92328
368,40.88558,-73.908325
369,40.82517,-73.92328
370,40.83861,-73.85652
371,40.85918,-73.836044
372,40.860184,-73.83182
373,40.84687,-73.78689
374,40.833748,-73.853615
375,40.837536,-73.86975
376,40.83611,-73.85893
377,40.76784,-73.96306
378,40.788338,-73.9475
379,40.76692,-73.95926
380,40.727978,-73.84963
381,40.747795,-73.94432
382,40.75136,-73.940704
383,40.75105,-73.81875
384,40.783684,-73.95434
385,40.80529,-73.967094
386,40.755123,-73.96427
387,40.76879,-73.93461
388,40.772785,-73.78982
389,40.81479,-73.82453
390,40.758026,-73.872406
391,40.741985,-73.87434
392,40.735806,-73.920166
393,40.788937,-73.79523
394,40.751232,-73.821365
395,40.635002,-74.03103
396,40.63558,-73.99048
397,40.667282,-73.98178
398,40.64916,-73.980446
399,40.634705,-73.99355
400,40.65264,-73.9758
401,40.63708,-73.98239
402,40.62175,-74.0295
403,40.631763,-74.01448
404,40.635075,-74.03175
405,40.629387,-74.01284
406,40.659485,-73.97731
407,40.633495,-74.0198
408,40.635002,-74.03103
409,40.660446,-73.99239
410,40.635967,-73.98265
411,40.664684,-73.99319
412,40.64142,-74.01222
413,40.63701,-74.01097
414,40.63646,-74.00308
415,40.665684,-73.98483
416,40.659485,-73.97731
417,40.64476,-74.00416
418,40.633327,-74.077225
419,40.63811,-74.073975
420,40.621643,-74.10796
421,40.64485,-74.0788
422,40.630253,-74.100685
423,40.63282,-74.152374
424,40.6219,-74.13311
425,40.631527,-74.08564
426,40.63819,-74.1358
427,40.636265,-74.15862
428,40.633846,-74.12231
429,40.640907,-74.10865
430,40.635273,-74.08565
431,40.631535,-74.08563
432,40.642414,-74.099106
433,40.63497,-74.11374
434,40.633415,-74.139786
435,40.628822,-74.08466
436,40.629128,-74.133736
437,40.627766,-74.13689
438,40.62665,-74.15096
439,40.638206,-74.08571
440,40.63752,-74.140236
441,40.633545,-74.077705
442,40.632763,-74.11648
443,40.63418,-74.11075
444,40.628983,-74.1244
445,40.628456,-74.15581
446,40.644848,-74.07877
447,40.621994,-74.14988
448,40.629616,-74.1161
449,40.63148,-74.133675
450,40.635796,-74.115486
451,40.638664,-74.10854
452,40.63541,-74.09581
453,40.637848,-74.093506
454,40.626076,-74.159096
455,40.630062,-74.12605
456,40.63598,-74.13123
457,40.635033,-74.16957
458,40.629868,-74.16421
459,40.63681,-74.16213
460,40.635715,-74.169624
461,40.63608,-74.17148
462,40.635113,-74.168945
463,40.63998,-74.16631
464,40.630646,-74.165634
465,40.63715,-74.16271
466,40.62238,-74.16549
467,40.623745,-74.16147
468,40.63681,-74.16215
469,40.631298,-74.16144
470,40.636734,-74.1715
471,40.630054,-74.16433
472,40.62259,-74.16707
473,40.63603,-74.166466
474,40.630363,-74.16147
475,40.635033,-74.16957
476,40.63006,-74.16475
477,40.63965,-74.16533
478,40.631878,-74.16555
479,40.63712,-74.16803
480,40.621567,-74.16652
481,40.63818,-74.16574
482,40.636005,-74.16396
483,40.635033,-74.16957
484,40.62156,-74.16651
485,40.621567,-74.16652
486,40.635033,-74.16957
487,40.6277,-74.17902
488,40.635033,-74.16957
489,40.560684,-74.1013
490,40.56562,-74.12463
491,40.56218,-74.10505
492,40.5579,-74.13313
493,40.552917,-74.138245
494,40.56576,-74.137024
495,40.55689,-74.12328
496,40.564117,-74.0992
497,40.535854,-74.150314
498,40.560337,-74.156235
499,40.535336,-74.15327
500,40.556187,-74.15296
501,40.56083,-74.107056
502,40.563557,-74.1379
503,40.5401,-74.15336
504,40.55363,-74.15909
505,40.570034,-74.12329
506,40.56107,-74.102196
507,40.568295,-74.141975
508,40.561836,-74.109314
509,40.552753,-74.143684
510,40.536213,-74.15345
511,40.567577,-74.13541
512,40.54718,-74.14292
513,40.552,-74.147446
514,40.545563,-74.153564
515,40.557625,-74.13748
516,40.55763,-74.137474
517,40.56405,-74.13968
518,40.552235,-74.14626
519,40.53909,-74.1611
520,40.557682,-74.16018
521,40.61801,-74.03198
522,40.588562,-73.9907
523,40.61711,-73.98627
524,40.613632,-73.99995
525,40.60016,-73.99609
526,40.60481,-73.991974
527,40.59744,-73.979935
528,40.619377,-73.99323
529,40.617992,-74.02301
530,40.610447,-74.01208
531,40.616833,-74.0381
532,40.577084,-74.003426
533,40.613235,-74.0363
534,40.598648,-73.996254
535,40.589005,-73.991844
536,40.618916,-74.03962
537,40.602264,-73.9803
538,40.618916,-74.03962
539,40.619568,-73.978035
540,40.600513,-73.99977
541,40.61787,-74.023834
542,40.597393,-74.06632
543,40.61613,-74.12454
544,40.618835,-74.09491
545,40.599728,-74.101105
546,40.5916,-74.10335
547,40.585903,-74.14696
548,40.590553,-74.09576
549,40.582172,-74.10786
550,40.577812,-74.13642
551,40.58911,-74.0912
552,40.619537,-74.15297
553,40.586437,-74.09823
554,40.5791,-74.107445
555,40.6183,-74.11619
556,40.612904,-74.10808
557,40.618874,-74.0783
558,40.57424,-74.094696
559,40.57248,-74.09375
560,40.579098,-74.10743
561,40.60814,-74.07409
562,40.620464,-74.10999
563,40.608242,-74.14347
564,40.617313,-74.15133
565,40.594402,-74.07668
566,40.590614,-74.08367
567,40.590527,-74.07359
568,40.510468,-74.23846
569,40.5045,-74.22926
570,40.51853,-74.20003
571,40.508896,-74.230125
572,40.504086,-74.23902
573,40.519245,-74.197464
574,40.51869,-74.22466
575,40.501797,-74.248924
576,40.5134,-74.19592
577,40.517143,-74.21018
578,40.51595,-74.19762
579,40.518467,-74.22403
580,40.518425,-74.22374
581,40.512062,-74.25123
582,40.514317,-74.24487
583,40.50797,-74.24982
584,40.50869,-74.230156
585,40.509247,-74.23879
586,40.51086,-74.24038
587,40.51431,-74.244865
588,40.51714,-74.21012
589,40.517292,-74.20747
590,40.5177,-74.20707
591,40.513206,-74.24456
592,40.510105,-74.242966
593,40.504982,-74.2458
594,40.504974,-74.23953
595,40.519417,-74.200516
596,40.5099,-74.22458
597,40.502903,-74.24067
598,40.501373,-74.24934
599,40.510483,-74.23722
600,40.510586,-74.23969
601,40.513493,-74.24983
602,40.5071,-74.25275
603,40.508472,-74.24196
604,40.50493,-74.223495
605,40.517155,-74.23843
606,40.501217,-74.24165
607,40.518574,-74.20492
608,40.519897,-74.207565
609,40.51366,-74.23238
610,40.517067,-74.23302
611,40.518406,-74.20917
612,40.5112,-74.250496
613,40.52006,-74.21245
614,40.514748,-74.24352
615,40.503162,-74.23981
616,40.51495,-74.23431
617,40.5017,-74.2377
618,40.505154,-74.250656
619,40.51349,-74.23639
620,40.512966,-74.24466
621,40.509132,-74.22364
622,40.504963,-74.239525
623,40.499462,-74.24009
624,40.518906,-74.20611
625,40.511707,-74.24486
626,40.519688,-74.19917
627,40.512573,-74.2423
628,40.513084,-74.20576
629,40.512936,-74.23321
630,40.50316,-74.241356
631,40.509457,-74.25107
632,40.514576,-74.24053
633,40.517223,-74.19538
634,40.513184,-74.2501
635,40.514706,-74.23512
636,40.51415,-74.23258
637,40.51336,-74.24285
638,40.502857,-74.23809
639,40.511997,-74.225494
640,40.511883,-74.24061
641,40.51097,-74.2462
642,40.51941,-74.20413
643,40.514545,-74.23281
644,40.513412,-74.240715
645,40.52047,-74.17811
646,40.5082,-74.24903
647,40.508778,-74.24131
648,40.499382,-74.24006
649,40.513367,-74.23694
650,40.515114,-74.24331
651,40.5048,-74.23075
652,40.50981,-74.2426
653,40.511566,-74.25055
654,40.4998,-74.23827
655,40.511635,-74.23894
656,40.4993,-74.23943
657,40.510876,-74.2504
658,40.502464,-74.237785
659,40.510456,-74.24553
660,40.51465,-74.24286
661,40.513603,-74.201485
662,40.514294,-74.20443
663,40.514645,-74.24287
664,40.51545,-74.20399
665,40.510647,-74.237854
666,40.5017,-74.2377
667,40.51388,-74.23596
668,40.5063,-74.24025
669,40.513374,-74.20267
670,40.507584,-74.22349
671,40.504253,-74.25287
672,40.516174,-74.24392
673,40.695335,-73.94748
674,40.68094,-73.9602
675,40.681263,-73.95377
676,40.710205,-73.9052
677,40.69216,-73.96839
678,40.72093,-73.899475
679,40.714046,-73.93775
680,40.691353,-73.94185
681,40.68308,-73.907455
682,40.69257,-73.965195
683,40.69561,-73.945114
684,40.7215,-73.91233
685,40.696735,-73.899536
686,40.71485,-73.90204
687,40.70538,-73.88619
688,40.691452,-73.958916
689,40.703243,-73.94691
690,40.67567,-73.97087
691,40.71574,-73.93935
692,40.72054,-73.95591
693,40.720062,-73.96353
694,40.69216,-73.96839
695,40.6944,-73.938194
696,40.71844,-73.96388
697,40.691353,-73.94185
698,40.70182,-73.89492
699,40.705597,-73.89247
700,40.71043,-73.96636
701,40.69441,-73.95959
702,40.68928,-73.93303
703,40.682304,-73.8942
704,40.718426,-73.87507
705,40.68727,-73.86555
706,40.688263,-73.8503
707,40.68355,-73.79403
708,40.71283,-73.834656
709,40.719715,-73.82286
710,40.714825,-73.79569
711,40.72167,-73.853645
712,40.70959,-73.85118
713,40.71905,-73.794914
714,40.71152,-73.81079
715,40.686092,-73.7999
716,40.703594,-73.83603
717,40.709778,-73.81869
718,40.71185,-73.83533
719,40.7191,-73.8378
720,40.712097,-73.82755
721,40.720776,-73.86918
722,40.718983,-73.85603
723,40.7184,-73.8109
724,40.669724,-73.80356
725,40.657665,-73.87704
726,40.66975,-73.84079
727,40.66909,-73.870056
728,40.6599,-73.85274
729,40.655327,-73.849556
730,40.66614,-73.84641
731,40.671043,-73.807526
732,40.671143,-73.810074
733,40.668797,-73.80034
734,40.66224,-73.84739
735,40.655914,-73.844864
736,40.670925,-73.80358
737,40.666103,-73.81642
738,40.656723,-73.85093
739,40.666412,-73.84813
740,40.66392,-73.84301
741,40.667515,-73.85023
742,40.663857,-73.8481
743,40.66834,-73.84845
744,40.66053,-73.84572
745,40.658913,-73.8495
746,40.66464,-73.84894
747,40.65597,-73.843925
748,40.66677,-73.847626
749,40.657665,-73.87704
750,40.65558,-73.84866
751,40.668407,-73.84949
752,40.66683,-73.84851
753,40.670193,-73.80481
754,40.668358,-73.8463
755,40.66053,-73.84572
756,40.65282,-73.830666
757,40.66814,-73.84625
758,40.66831,-73.846924
759,40.662556,-73.84747
760,40.61777,-73.911095
761,40.61323,-73.93358
762,40.57574,-73.957466
763,40.57575,-73.967926
764,40.578423,-73.83689
765,40.57663,-73.956345
766,40.572823,-73.857704
767,40.58449,-73.93147
768,40.58809,-73.940865
769,40.606117,-73.91133
770,40.61013,-73.91566
771,40.588203,-73.958
772,40.61215,-73.956184
773,40.598724,-73.94957
774,40.590668,-73.94651
775,40.598217,-73.93227
776,40.615196,-73.94681
777,40.621174,-73.955956
778,40.611618,-73.965706
779,40.58687,-73.94866
780,40.60332,-73.95773
781,40.576393,-73.96152
782,40.579216,-73.97132
783,40.57663,-73.956345
784,40.588184,-73.80533
785,40.598022,-73.93484
786,40.60775,-73.92454
787,40.597862,-73.931915
788,40.58821,-73.961815
789,40.586636,-73.93328
790,40.6201,-73.9705
791,40.585068,-73.96149
792,40.57575,-73.967926
793,40.577473,-73.84548
794,40.580105,-73.964584
795,40.601143,-73.93214
796,40.874054,-73.85023
797,40.885685,-73.84939
798,40.880028,-73.85234
799,40.890007,-73.844666
800,40.887726,-73.81811
801,40.892033,-73.84365
802,40.878044,-73.87435
803,40.88196,-73.85442
804,40.89671,-73.84634
805,40.89872,-73.873695
806,40.87627,-73.84423
807,40.883907,-73.855125
808,40.87398,-73.86589
809,40.880867,-73.83506
810,40.8774,-73.85405
811,40.89872,-73.873695
812,40.87413,-73.857704
813,40.892006,-73.845505
814,40.895454,-73.84775
815,40.892063,-73.84881
816,40.89666,-73.842545
817,40.888683,-73.84461
818,40.88684,-73.84882
819,40.885517,-73.852486
820,40.876972,-73.85293
821,40.901398,-73.867615
822,40.88717,-73.83305
823,40.89692,-73.84931
824,40.896637,-73.8467
825,40.879227,-73.87766
826,40.88115,-73.87568
827,40.875584,-73.845955
828,40.8851,-73.853836
829,40.897488,-73.870094
830,40.87921,-73.85606
831,40.85941,-73.92901
832,40.825012,-73.8936
833,40.82517,-73.92328
834,40.85246,-73.885956
835,40.848442,-73.90745
836,40.855618,-73.938416
837,40.863422,-73.89879
838,40.836254,-73.9084
839,40.825237,-73.94118
840,40.824055,-73.95574
841,40.871983,-73.91628
842,40.85559,-73.937744
843,40.857788,-73.934425
844,40.831726,-73.94072
845,40.848442,-73.90745
846,40.863422,-73.89879
847,40.87255,-73.9189
848,40.85238,-73.885635
849,40.870766,-73.91592
850,40.860847,-73.89998
851,40.82846,-73.92057
852,40.85867,-73.93221
853,40.85404,-73.939316
854,40.83015,-73.920135
855,40.825283,-73.92548
856,40.863976,-73.92771
857,40.852196,-73.91869
858,40.85559,-73.937744
859,40.846985,-73.893906
860,40.86787,-73.92648
861,40.83015,-73.920135
862,40.84378,-73.94302
863,40.78136,-73.94886
864,40.80205,-73.95049
865,40.776356,-73.95838
866,40.797157,-73.96495
867,40.780743,-73.960075
868,40.78461,-73.97121
869,40.82031,-73.90662
870,40.773342,-73.95447
871,40.81592,-73.94249
872,40.780952,-73.95753
873,40.78236,-73.952736
874,40.791973,-73.96691
875,40.794735,-73.962814
876,40.81671,-73.94205
877,40.79967,-73.9546
878,40.782387,-73.956825
879,40.794735,-73.962814
880,40.823044,-73.94249
881,40.793526,-73.97024
882,40.778934,-73.952156
883,40.783695,-73.97298
884,40.773342,-73.95447
885,40.77814,-73.94895
886,40.79318,-73.96446
887,40.796253,-73.97207
888,40.782013,-73.95067
889,40.776314,-73.94534
890,40.796974,-73.97173
891,40.804855,-73.953705
892,40.811626,-73.95342
893,40.818447,-73.91068
894,40.779503,-73.95633
895,40.697426,-73.99213
896,40.71657,-74.01052
897,40.706913,-74.008575
898,40.688416,-73.978584
899,40.692986,-73.99978
900,40.703457,-73.98435
901,40.698067,-73.98785
902,40.71007,-74.017006
903,40.690807,-73.99001
904,40.681625,-74.00046
905,40.6978,-73.987854
906,40.705185,-74.00789
907,40.69764,-73.98724
908,40.685394,-73.982315
909,40.692986,-73.99978
910,40.677223,-73.98109
911,40.756485,-73.793205
912,40.738663,-73.79677
913,40.73361,-73.815834
914,40.73198,-73.819084
915,40.73129,-73.85773
916,40.725906,-73.85755
917,40.73657,-73.87063
918,40.725418,-73.85348
919,40.730015,-73.857254
920,40.76634,-73.82599
921,40.772907,-73.80872
922,40.76855,-73.815834
923,40.728867,-73.81662
924,40.76108,-73.83315
925,40.73842,-73.859505
926,40.75495,-73.8245
927,40.764835,-73.878525
928,40.7308,-73.84905
929,40.77266,-73.80013
930,40.72691,-73.825516
931,40.660446,-73.99239
932,40.649364,-73.97459
933,40.668438,-73.9908
934,40.669548,-73.991776
935,40.66769,-73.98525
936,40.669315,-73.976654
937,40.671272,-73.99291
938,40.668438,-73.9908
939,40.65456,-73.97435
940,40.64983,-74.003494
941,40.660915,-73.99224
942,40.649048,-73.97949
943,40.649048,-73.97949
944,40.654846,-74.00184
945,40.665615,-73.97953
946,40.651524,-73.977715
947,40.664337,-73.99188
948,40.649048,-73.97949
949,40.64771,-74.01078
950,40.6647,-73.98873
951,40.669315,-73.976654
952,40.670174,-73.98013
953,40.661438,-73.98018
954,40.66843,-73.977394
955,40.650795,-73.97436
956,40.648914,-73.980194
957,40.64183,-73.982254
958,40.64476,-74.00416
959,40.64329,-73.97689
960,40.646027,-73.98149
961,40.629612,-74.01263
962,40.630123,-73.99201
963,40.63034,-73.98656
964,40.62889,-74.00367
965,40.631138,-73.98945
966,40.636066,-73.99338
967,40.637783,-74.01985
968,40.6431,-73.97716
969,40.643295,-73.9769
970,40.62222,-74.01995
971,40.624863,-73.990845
972,40.63967,-73.99482
973,40.638393,-73.99363
974,40.644913,-73.97372
975,40.630104,-74.009445
976,40.62532,-74.01666
977,40.628967,-73.99165
978,40.641598,-73.99197
979,40.78047,-73.98644
980,40.786583,-73.97902
981,40.734394,-74.00063
982,40.74581,-73.99913
983,40.737705,-74.005035
984,40.742023,-73.98616
985,40.790844,-73.97494
986,40.764458,-73.97635
987,40.743164,-73.99576
988,40.774673,-73.982635
989,40.78074,-73.98511
990,40.750034,-73.9834
991,40.777187,-73.98727
992,40.78675,-73.975296
993,40.736477,-73.99797
994,40.745476,-73.98838
995,40.74541,-73.97799
996,40.779335,-73.98066
997,40.76409,-73.99538
998,40.748493,-73.97854
999,40.744984,-74.00692
1000,40.777687,-73.97673
1001,40.765575,-73.97865
1002,40.738487,-73.98003
1003,40.776608,-73.987785
1004,40.7462,-73.97853
1005,40.788895,-73.97862
1006,40.738907,-74.001144
1007,40.781048,-73.98082
1008,40.776104,-73.98209
1009,40.647915,-74.08527
1010,40.64696,-74.08317
1011,40.647907,-74.085266
1012,40.647907,-74.085266
1013,40.647907,-74.085266
1014,40.647907,-74.085266
1015,40.647915,-74.08528
1016,40.647907,-74.085266
1017,40.647907,-74.085266
1018,40.622097,-74.163284
1019,40.63998,-74.166954
1020,40.64051,-74.16877
1021,40.639843,-74.16938
1022,40.629154,-74.1625
1023,40.629654,-74.162445
1024,40.62353,-74.166534
1025,40.640564,-74.16903
1026,40.622097,-74.163284
1027,40.622097,-74.163284
1028,40.637028,-74.16268
1029,40.63567,-74.16689
1030,40.627693,-74.17901
1031,40.635033,-74.16957
1032,40.624413,-74.110344
1033,40.63324,-74.09645
1034,40.624718,-74.09115
1035,40.641068,-74.112526
1036,40.629456,-74.10231
1037,40.641518,-74.09636
1038,40.64397,-74.083305
1039,40.63153,-74.085625
1040,40.62573,-74.09083
1041,40.631866,-74.10991
1042,40.631523,-74.085625
1043,40.624706,-74.10471
1044,40.63894,-74.08247
1045,40.639572,-74.09087
1046,40.630127,-74.08536
1047,40.64485,-74.07879
1048,40.639385,-74.1103
1049,40.637386,-74.09306
1050,40.62327,-74.09185
1051,40.645756,-74.08918
1052,40.566246,-74.1391
1053,40.555195,-74.132095
1054,40.568058,-74.129074
1055,40.56971,-74.13937
1056,40.557358,-74.14503
1057,40.558712,-74.15151
1058,40.568527,-74.132545
1059,40.55998,-74.11984
1060,40.54629,-74.1399
1061,40.548077,-74.15657
1062,40.565697,-74.13991
1063,40.556347,-74.141685
1064,40.554012,-74.14614
1065,40.56526,-74.122185
1066,40.56143,-74.16023
1067,40.63278,-74.032265
1068,40.635674,-74.026695
1069,40.627884,-74.0339
1070,40.62955,-74.0321
1071,40.635674,-74.026695
1072,40.63707,-74.027695
1073,40.622948,-74.03037
1074,40.628986,-74.02975
1075,40.631386,-74.03768
1076,40.634895,-74.036385
1077,40.63783,-74.03374
1078,40.63566,-74.02936
1079,40.635376,-74.03574
1080,40.621872,-74.02337
1081,40.63364,-74.0302
1082,40.638058,-74.03583
1083,40.628986,-74.02975
1084,40.625977,-74.03231
1085,40.636276,-74.03643
1086,40.62769,-74.02369
1087,40.63693,-74.03163
1088,40.625977,-74.03231
1089,40.632427,-74.03241
1090,40.63224,-74.030045
1091,40.632214,-74.03219
1092,40.63566,-74.02936
1093,40.632214,-74.03219
1094,40.623104,-74.04032
1095,40.626377,-74.02258
1096,40.62755,-74.035805
1097,40.60714,-73.98574
1098,40.62132,-74.01479
1099,40.611076,-74.00954
1100,40.61152,-73.97424
1101,40.607983,-73.97811
1102,40.60481,-73.991974
1103,40.5982,-73.9959
1104,40.60969,-74.00743
1105,40.60272,-74.0126
1106,40.61492,-74.01257
1107,40.59642,-73.9866
1108,40.609932,-74.01064
1109,40.61711,-73.98627
1110,40.59901,-73.993996
1111,40.602345,-74.01015
1112,40.610443,-73.97789
1113,40.60481,-73.991974
1114,40.600193,-73.99357
1115,40.54556,-74.15357
1116,40.545467,-74.15776
1117,40.542053,-74.14832
1118,40.538578,-74.14279
1119,40.545467,-74.15776
1120,40.54478,-74.14142
1121,40.54294,-74.14706
1122,40.53905,-74.150604
1123,40.532482,-74.152306
1124,40.545475,-74.157776
1125,40.538452,-74.14776
1126,40.543972,-74.14846
1127,40.5446,-74.15446
1128,40.536015,-74.15399
1129,40.545723,-74.15565
1130,40.545097,-74.15536
1131,40.54396,-74.158745
1132,40.544147,-74.14936
1133,40.542854,-74.143425
1134,40.54453,-74.14494
1135,40.538578,-74.14279
1136,40.53417,-74.15755
1137,40.544933,-74.14517
1138,40.543938,-74.14977
1139,40.544186,-74.1497
1140,40.53857,-74.14278
1141,40.53949,-74.153885
1142,40.5441,-74.15551
1143,40.53982,-74.15245
1144,40.539955,-74.15819
1145,40.53927,-74.14557
1146,40.54407,-74.15761
1147,40.593502,-74.065865
1148,40.59416,-74.06414
1149,40.593754,-74.06437
1150,40.594658,-74.06538
1151,40.595478,-74.06615
1152,40.596123,-74.065575
1153,40.591373,-74.06583
1154,40.59472,-74.06412
1155,40.594654,-74.065384
1156,40.595165,-74.064514
1157,40.59453,-74.06451
1158,40.594425,-74.06389
1159,40.592125,-74.06724
1160,40.590992,-74.066284
1161,40.596195,-74.06429
1162,40.591927,-74.06706
1163,40.59493,-74.06565
1164,40.594555,-74.06369
1165,40.593266,-74.066956
1166,40.59316,-74.06631
1167,40.59247,-74.06546
1168,40.596245,-74.066734
1169,40.574043,-74.090004
1170,40.595448,-74.08486
1171,40.58208,-74.100655
1172,40.57712,-74.09568
1173,40.57972,-74.08494
1174,40.59251,-74.09289
1175,40.58712,-74.095436
1176,40.57916,-74.099106
1177,40.573696,-74.09918
1178,40.584984,-74.10731
1179,40.587887,-74.08713
1180,40.574715,-74.10155
1181,40.591843,-74.07205
1182,40.58479,-74.101036
1183,40.595074,-74.097176
1184,40.583008,-74.09485
1185,40.57604,-74.09477
1186,40.57907,-74.1079
1187,40.590137,-74.0734
1188,40.574055,-74.09687
1189,40.574127,-74.09675
1190,40.59507,-74.071625
1191,40.57972,-74.08494
1192,40.585037,-74.09693
1193,40.514473,-74.19559
1194,40.508823,-74.24208
1195,40.506226,-74.23123
1196,40.51936,-74.195045
1197,40.50219,-74.23908
1198,40.510384,-74.24647
1199,40.513454,-74.195145
1200,40.5117,-74.22535
1201,40.51933,-74.195114
1202,40.5192,-74.20821
1203,40.50909,-74.23696
1204,40.508667,-74.246475
1205,40.514263,-74.24113
1206,40.50473,-74.22973
1207,40.508053,-74.2422
1208,40.508083,-74.245346
1209,40.507397,-74.25274
1210,40.510437,-74.23944
1211,40.51919,-74.2082
1212,40.518505,-74.20429
1213,40.500473,-74.23689
1214,40.508,-74.22409
1215,40.515865,-74.231476
1216,40.505646,-74.24601
1217,40.5021,-74.24866
1218,40.50474,-74.23966
1219,40.510086,-74.248795
1220,40.510204,-74.242
1221,40.504944,-74.23007
1222,40.51391,-74.23215
1223,40.5031,-74.24326
1224,40.509197,-74.229256
1225,40.510815,-74.242226
1226,40.511864,-74.24343
1227,40.505108,-74.223495
1228,40.501232,-74.23913
1229,40.51243,-74.24828
1230,40.512653,-74.23998
1231,40.505077,-74.22355
1232,40.617558,-74.11582
1233,40.618134,-74.130295
1234,40.60754,-74.15096
1235,40.601303,-74.155655
1236,40.600742,-74.13206
1237,40.614098,-74.13568
1238,40.61741,-74.14751
1239,40.616512,-74.12856
1240,40.609554,-74.13536
1241,40.603985,-74.12301
1242,40.617867,-74.138
1243,40.611633,-74.14735
1244,40.61475,-74.1173
1245,40.615673,-74.14307
1246,40.60729,-74.13158
1247,40.60112,-74.13652
1248,40.610096,-74.13208
1249,40.615753,-74.137344
1250,40.61144,-74.135414
1251,40.60075,-74.132065
1252,40.61507,-74.154434
1253,40.600426,-74.123085
1254,40.611412,-74.1339
1255,40.60255,-74.13265
1256,40.602047,-74.12183
1257,40.604652,-74.15989
1258,40.60406,-74.13505
1259,40.618378,-74.127556
1260,40.601635,-74.13614
1261,40.61249,-74.13396
1262,40.60195,-74.1288
1263,40.5807,-74.13222
1264,40.575134,-74.12398
1265,40.571064,-74.13791
1266,40.58657,-74.14802
1267,40.5886,-74.15081
1268,40.571423,-74.12343
1269,40.590584,-74.14814
1270,40.57348,-74.125565
1271,40.58046,-74.15692
1272,40.59468,-74.1602
1273,40.58857,-74.1547
1274,40.579292,-74.11968
1275,40.591076,-74.15936
1276,40.577465,-74.116135
1277,40.57725,-74.136955
1278,40.59468,-74.1602
1279,40.59468,-74.1602
1280,40.577602,-74.131035
1281,40.581097,-74.16112
1282,40.590584,-74.14814
1283,40.583008,-74.15805
1284,40.583008,-74.15805
1285,40.589554,-74.15091
1286,40.592014,-74.15168
1287,40.583748,-74.15948
1288,40.59565,-74.15924
1289,40.575314,-74.130264
1290,40.59201,-74.15167
1291,40.571594,-74.13701
1292,40.583,-74.15804
1293,40.57124,-74.126915
1294,40.573914,-74.11857
1295,40.59306,-74.15966
1296,40.58076,-74.154945
1297,40.583,-74.15804
1298,40.70923,-73.96929
1299,40.7195,-73.941414
1300,40.708225,-73.94399
1301,40.716602,-73.953224
1302,40.712177,-73.96245
1303,40.70989,-73.964195
1304,40.71592,-73.94577
1305,40.706985,-73.96513
1306,40.70923,-73.96929
1307,40.72054,-73.95593
1308,40.698914,-73.95986
1309,40.71574,-73.93935
1310,40.7078,-73.96163
1311,40.71187,-73.951805
1312,40.72146,-73.94854
1313,40.710854,-73.94963
1314,40.698048,-73.93455
1315,40.71117,-73.94629
1316,40.71815,-73.94933
1317,40.69886,-73.95616
1318,40.69886,-73.95616
1319,40.69888,-73.95861
1320,40.70997,-73.963326
1321,40.72163,-73.91226
1322,40.69919,-73.91659
1323,40.706608,-73.90839
1324,40.717327,-73.89205
1325,40.7158,-73.883255
1326,40.71351,-73.88146
1327,40.718456,-73.90664
1328,40.72144,-73.90555
1329,40.72114,-73.899475
1330,40.72173,-73.88726
1331,40.699043,-73.91233
1332,40.71603,-73.88505
1333,40.71754,-73.887566
1334,40.71376,-73.88014
1335,40.72173,-73.88726
1336,40.713223,-73.91459
1337,40.71551,-73.882385
1338,40.718548,-73.89888
1339,40.71982,-73.887184
1340,40.71403,-73.886665
1341,40.70373,-73.89981
1342,40.713448,-73.88659
1343,40.700146,-73.88136
1344,40.697964,-73.90031
1345,40.705444,-73.91765
1346,40.705402,-73.91758
1347,40.70107,-73.923004
1348,40.71466,-73.911575
1349,40.71966,-73.892494
1350,40.711613,-73.79335
1351,40.707436,-73.818535
1352,40.70125,-73.80981
1353,40.719906,-73.81408
1354,40.721703,-73.81606
1355,40.710114,-73.78893
1356,40.705177,-73.83225
1357,40.71266,-73.81582
1358,40.718506,-73.81097
1359,40.719517,-73.80103
1360,40.706272,-73.825836
1361,40.71932,-73.81903
1362,40.707436,-73.818535
1363,40.7184,-73.8109
1364,40.719925,-73.824135
1365,40.715786,-73.83176
1366,40.720688,-73.82261
1367,40.7184,-73.8109
1368,40.718452,-73.81778
1369,40.70028,-73.79244
1370,40.709606,-73.81653
1371,40.70521,-73.79046
1372,40.71102,-73.81464
1373,40.70723,-73.83234
1374,40.71264,-73.82822
1375,40.720436,-73.82221
1376,40.718452,-73.81778
1377,40.689507,-73.82222
1378,40.692863,-73.78958
1379,40.69301,-73.82495
1380,40.678505,-73.83023
1381,40.679806,-73.82375
1382,40.672016,-73.807076
1383,40.67586,-73.80518
1384,40.690235,-73.796265
1385,40.688065,-73.792175
1386,40.679832,-73.78987
1387,40.692284,-73.80731
1388,40.686893,-73.79728
1389,40.687515,-73.8096
1390,40.671974,-73.80763
1391,40.687878,-73.81831
1392,40.695152,-73.79244
1393,40.680016,-73.823006
1394,40.69404,-73.78978
1395,40.68597,-73.824036
1396,40.68169,-73.78851
1397,40.6799,-73.789894
1398,40.675674,-73.82243
1399,40.682415,-73.8071
1400,40.677254,-73.81473
1401,40.675674,-73.79272
1402,40.68442,-73.79441
1403,40.68092,-73.78852
1404,40.68801,-73.78672
1405,40.68537,-73.815285
1406,40.69408,-73.79901
1407,40.684566,-73.79453
1408,40.685543,-73.818214
1409,40.72159,-73.846115
1410,40.704582,-73.83265
1411,40.71283,-73.834656
1412,40.718723,-73.85467
1413,40.72002,-73.84026
1414,40.718918,-73.83648
1415,40.718678,-73.86016
1416,40.712936,-73.83435
1417,40.716488,-73.85723
1418,40.71735,-73.8409
1419,40.71858,-73.838615
1420,40.721783,-73.85539
1421,40.721924,-73.84077
1422,40.7207,-73.83793
1423,40.719296,-73.841515
1424,40.720043,-73.839905
1425,40.718723,-73.83912
1426,40.70908,-73.835884
1427,40.709534,-73.8512
1428,40.719513,-73.83883
1429,40.719543,-73.87039
1430,40.666412,-73.84813
1431,40.660862,-73.84719
1432,40.665855,-73.84356
1433,40.654274,-73.85
1434,40.65962,-73.84578
1435,40.667995,-73.84934
1436,40.66767,-73.82566
1437,40.669807,-73.79138
1438,40.671204,-73.7892
1439,40.6689,-73.82722
1440,40.67091,-73.79111
1441,40.655216,-73.829544
1442,40.667717,-73.80776
1443,40.661247,-73.83174
1444,40.67088,-73.80358
1445,40.6598,-73.83234
1446,40.669514,-73.80356
1447,40.66816,-73.802345
1448,40.670193,-73.82392
1449,40.6689,-73.80514
1450,40.668304,-73.804955
1451,40.67139,-73.80267
1452,40.651424,-73.82991
1453,40.668575,-73.80034
1454,40.670803,-73.82228
1455,40.67012,-73.799194
1456,40.67073,-73.80645
1457,40.668102,-73.79045
1458,40.670956,-73.824646
1459,40.671494,-73.82159
1460,40.671337,-73.81466
1461,40.665318,-73.812836
1462,40.67165,-73.79247
1463,40.66732,-73.792656
1464,40.67142,-73.81415
1465,40.670883,-73.82414
1466,40.570183,-73.862816
1467,40.57011,-73.86385
1468,40.56813,-73.86369
1469,40.570732,-73.86154
1470,40.57094,-73.86166
1471,40.570957,-73.86167
1472,40.55758,-73.92007
1473,40.561386,-73.9152
1474,40.555397,-73.92513
1475,40.557926,-73.91841
1476,40.556873,-73.92912
1477,40.559948,-73.92245
1478,40.563683,-73.91173
1479,40.5558,-73.92955
1480,40.5677,-73.8925
1481,40.56193,-73.91248
1482,40.561375,-73.91283
1483,40.55782,-73.92424
1484,40.554367,-73.928795
1485,40.555485,-73.92518
1486,40.561993,-73.91262
1487,40.555176,-73.92602
1488,40.562138,-73.9126
1489,40.557163,-73.910736
1490,40.567383,-73.88862
1491,40.558018,-73.9189
1492,40.560204,-73.914825
1493,40.554478,-73.92786
1494,40.557156,-73.91546
1495,40.557194,-73.92608
1496,40.55482,-73.92694
1497,40.56744,-73.893295
1498,40.560318,-73.91281
1499,40.558456,-73.916756
1500,40.55951,-73.91479
1501,40.556007,-73.92866
1502,40.562737,-73.91128
1503,40.561844,-73.912636
1504,40.55802,-73.9189
1505,40.55636,-73.92536
1506,40.557343,-73.92014
1507,40.556915,-73.9213
1508,40.5639,-73.91252
1509,40.55542,-73.92514
1510,40.55736,-73.924385
1511,40.55803,-73.92148
1512,40.644665,-73.86823
1513,40.644665,-73.86823
1514,40.644665,-73.86823
1515,40.644665,-73.86823
1516,40.644665,-73.86823
1517,40.644665,-73.86823
1518,40.644665,-73.86823
1519,40.644665,-73.86823
1520,40.644665,-73.86823
1521,40.644665,-73.86823
1522,40.644665,-73.86823
1523,40.576225,-73.84064
1524,40.575706,-73.8521
1525,40.575653,-73.842766
1526,40.575474,-73.84216
1527,40.57564,-73.843445
1528,40.588184,-73.80533
1529,40.59151,-73.80221
1530,40.57497,-73.86288
1531,40.578423,-73.83689
1532,40.604202,-73.819954
1533,40.576656,-73.840065
1534,40.594784,-73.795654
1535,40.60537,-73.8214
1536,40.58096,-73.84643
1537,40.602962,-73.81998
1538,40.590107,-73.812614
1539,40.605843,-73.82079
1540,40.584686,-73.81385
1541,40.605827,-73.820694
1542,40.579643,-73.85279
1543,40.596916,-73.79524
1544,40.584686,-73.81385
1545,40.58824,-73.816414
1546,40.57567,-73.85404
1547,40.59697,-73.79488
1548,40.57567,-73.85404
1549,40.574615,-73.85343
1550,40.589703,-73.80682
1551,40.575653,-73.842766
1552,40.596973,-73.79668
1553,40.578148,-73.850945
1554,40.88042,-73.83612
1555,40.88735,-73.80929
1556,40.888557,-73.84901
1557,40.87733,-73.85494
1558,40.89945,-73.849686
1559,40.885715,-73.82545
1560,40.887264,-73.80934
1561,40.892174,-73.8459
1562,40.90562,-73.85243
1563,40.89913,-73.86256
1564,40.899536,-73.87022
1565,40.881256,-73.841125
1566,40.894558,-73.85502
1567,40.900238,-73.856094
1568,40.88047,-73.844894
1569,40.88362,-73.839165
1570,40.89963,-73.84729
1571,40.887806,-73.85067
1572,40.890884,-73.83749
1573,40.875732,-73.85384
1574,40.88934,-73.839745
1575,40.893604,-73.83792
1576,40.89473,-73.844
1577,40.88056,-73.87649
1578,40.90084,-73.86238
1579,40.89913,-73.86256
1580,40.897575,-73.871895
1581,40.899586,-73.85557
1582,40.896034,-73.84741
1583,40.889103,-73.81922
1584,40.89504,-73.84412
1585,40.899364,-73.87169
1586,40.888863,-73.862946
1587,40.892452,-73.84892
1588,40.896988,-73.87028
1589,40.89151,-73.857216
1590,40.88186,-73.84513
1591,40.900097,-73.85579
1592,40.899403,-73.86224
1593,40.887447,-73.8628
1594,40.835716,-73.85598
1595,40.84057,-73.85886
1596,40.84222,-73.84779
1597,40.838856,-73.82786
1598,40.830376,-73.82908
1599,40.84732,-73.79048
1600,40.829826,-73.8788
1601,40.853123,-73.85742
1602,40.862045,-73.84512
1603,40.870743,-73.87032
1604,40.87294,-73.869026
1605,40.871216,-73.8416
1606,40.864193,-73.86791
1607,40.85335,-73.86551
1608,40.836292,-73.856064
1609,40.8591,-73.84112
1610,40.83944,-73.849625
1611,40.853397,-73.86532
1612,40.85191,-73.85458
1613,40.864193,-73.86791
1614,40.851406,-73.84916
1615,40.829674,-73.814896
1616,40.83861,-73.85652
1617,40.84687,-73.78689
1618,40.83611,-73.85893
1619,40.828243,-73.82146
1620,40.87873,-73.84008
1621,40.896572,-73.84763
1622,40.879528,-73.87751
1623,40.87845,-73.84053
1624,40.900227,-73.866585
1625,40.886868,-73.861946
1626,40.897648,-73.86473
1627,40.892494,-73.840355
1628,40.876198,-73.86045
1629,40.89872,-73.873695
1630,40.875935,-73.85291
1631,40.891357,-73.849106
1632,40.89872,-73.873695
1633,40.882168,-73.861755
1634,40.897083,-73.873886
1635,40.899757,-73.8636
1636,40.87612,-73.84512
1637,40.876003,-73.842125
1638,40.886578,-73.83523
1639,40.88042,-73.83612
1640,40.8979,-73.866295
1641,40.87955,-73.8487
1642,40.89891,-73.850945
1643,40.902946,-73.84462
1644,40.87466,-73.85367
1645,40.893047,-73.839615
1646,40.888885,-73.8467
1647,40.88765,-73.835266
1648,40.874077,-73.85967
1649,40.882236,-73.83997
1650,40.898582,-73.84509
1651,40.903564,-73.85342
1652,40.90084,-73.86238
1653,40.902683,-73.86767
1654,40.886375,-73.85932
1655,40.89099,-73.84799
1656,40.898945,-73.84468
1657,40.87553,-73.84481
1658,40.890484,-73.83272
1659,40.876713,-73.874054
1660,40.880955,-73.827805
1661,40.90084,-73.86238
1662,40.880898,-73.876274
1663,40.881798,-73.850624
1664,40.90084,-73.86238
1665,40.882473,-73.854904
1666,40.892258,-73.85955
1667,40.881016,-73.8592
1668,40.891197,-73.83986
1669,40.88042,-73.83612
1670,40.89762,-73.871475
1671,40.894524,-73.84871
1672,40.876713,-73.874054
1673,40.883102,-73.85803
1674,40.875183,-73.83633
1675,40.875603,-73.84426
1676,40.90084,-73.86238
1677,40.90589,-73.8465
1678,40.899372,-73.87077
1679,40.88949,-73.84076
1680,40.879234,-73.87773
1681,40.874275,-73.87599
1682,40.879227,-73.87766
1683,40.88042,-73.83612
1684,40.886475,-73.85073
1685,40.880898,-73.876274
1686,40.888737,-73.85112
1687,40.878155,-73.87141
1688,40.87642,-73.87505
1689,40.897854,-73.862885
1690,40.87642,-73.87505
1691,40.879227,-73.87766
1692,40.88056,-73.87649
1693,40.8807,-73.85302
1694,40.879044,-73.846146
1695,40.877056,-73.8421
1696,40.89032,-73.82997
1697,40.897854,-73.862885
1698,40.904636,-73.89817
1699,40.88558,-73.908325
1700,40.889927,-73.91102
1701,40.879013,-73.91611
1702,40.88761,-73.90997
1703,40.885117,-73.91075
1704,40.88908,-73.90329
1705,40.885117,-73.91075
1706,40.874893,-73.90418
1707,40.8924,-73.9091
1708,40.88761,-73.90997
1709,40.8856,-73.9083
1710,40.876762,-73.91773
1711,40.889904,-73.917305
1712,40.909164,-73.9056
1713,40.88018,-73.91693
1714,40.906563,-73.90659
1715,40.90561,-73.9055
1716,40.878246,-73.91704
1717,40.882572,-73.91713
1718,40.883102,-73.92104
1719,40.885117,-73.91075
1720,40.879013,-73.91611
1721,40.874893,-73.90418
1722,40.90821,-73.905495
1723,40.889603,-73.9174
1724,40.886448,-73.91161
1725,40.911983,-73.902
1726,40.893456,-73.84419
1727,40.89142,-73.83797
1728,40.88019,-73.85529
1729,40.876495,-73.861275
1730,40.88042,-73.83612
1731,40.893147,-73.8582
1732,40.89872,-73.873695
1733,40.90084,-73.86238
1734,40.87896,-73.87881
1735,40.879776,-73.85954
1736,40.88042,-73.83612
1737,40.888206,-73.85707
1738,40.901585,-73.85701
1739,40.884262,-73.85266
1740,40.895187,-73.84199
1741,40.89552,-73.85106
1742,40.89913,-73.86256
1743,40.90084,-73.86238
1744,40.904858,-73.854095
1745,40.88042,-73.83612
1746,40.888508,-73.84318
1747,40.876915,-73.87437
1748,40.876423,-73.87486
1749,40.897312,-73.849464
1750,40.898376,-73.8647
1751,40.87632,-73.87499
1752,40.89599,-73.85028
1753,40.880165,-73.852715
1754,40.89915,-73.87013
1755,40.88747,-73.85758
1756,40.898376,-73.8647
1757,40.892963,-73.844475
1758,40.88821,-73.85836
1759,40.875202,-73.87875
1760,40.87642,-73.87505
1761,40.879436,-73.87753
1762,40.899403,-73.86224
1763,40.89179,-73.842575
1764,40.878296,-73.86034
1765,40.89913,-73.86256
1766,40.88393,-73.85521
1767,40.87585,-73.87658
1768,40.87585,-73.87658
1769,40.898895,-73.8434
1770,40.899403,-73.86224
1771,40.90084,-73.86238
1772,40.8818,-73.8567
1773,40.90084,-73.86238
1774,40.89913,-73.86256
1775,40.881508,-73.85823
1776,40.87585,-73.87658
1777,40.899403,-73.86224
1778,40.876427,-73.87486
1779,40.893227,-73.84982
1780,40.87585,-73.87658
1781,40.8901,-73.848724
1782,40.89615,-73.84417
1783,40.878075,-73.85399
1784,40.875774,-73.87684
1785,40.89833,-73.84499
1786,40.87932,-73.87766
1787,40.88054,-73.855095
1788,40.88708,-73.84963
1789,40.876614,-73.860374
1790,40.880898,-73.876274
1791,40.89913,-73.86256
1792,40.88497,-73.856
1793,40.904064,-73.84406
1794,40.899403,-73.86224
1795,40.89913,-73.86256
1796,40.876415,-73.86001
1797,40.88056,-73.87649
1798,40.876614,-73.860374
1799,40.897533,-73.84763
1800,40.8882,-73.8599
1801,40.90089,-73.84545
1802,40.87501,-73.85748
1803,40.879436,-73.87753
1804,40.897793,-73.863365
1805,40.714165,-73.76215
1806,40.699024,-73.75848
1807,40.683334,-73.72838
1808,40.696404,-73.754074
1809,40.892094,-73.85608
1810,40.88103,-73.87584
1811,40.901253,-73.86725
1812,40.88889,-73.81832
1813,40.892075,-73.84496
1814,40.897205,-73.868904
1815,40.89974,-73.86466
1816,40.89872,-73.873695
1817,40.88057,-73.85097
1818,40.90004,-73.855835
1819,40.876614,-73.860374
1820,40.892605,-73.841
1821,40.899403,-73.86224
1822,40.874992,-73.85472
1823,40.897884,-73.86903
1824,40.874012,-73.84551
1825,40.905777,-73.85337
1826,40.878986,-73.83886
1827,40.886597,-73.85849
1828,40.873913,-73.848526
1829,40.89591,-73.84548
1830,40.887466,-73.85602
1831,40.880016,-73.85539
1832,40.87609,-73.844124
1833,40.90084,-73.86238
1834,40.887157,-73.83051
1835,40.8767,-73.864204
1836,40.879906,-73.8531
1837,40.897854,-73.862885
1838,40.888855,-73.83359
1839,40.879227,-73.87766
1840,40.885162,-73.85035
1841,40.897854,-73.862885
1842,40.89913,-73.86256
1843,40.878345,-73.858154
1844,40.88042,-73.83612
1845,40.876595,-73.87427
1846,40.885986,-73.86439
1847,40.87559,-73.856
1848,40.8764,-73.86087
1849,40.88042,-73.83612
1850,40.880898,-73.876274
1851,40.904427,-73.84528
1852,40.87492,-73.87398
1853,40.89872,-73.873695
1854,40.897972,-73.86554
1855,40.891373,-73.85739
1856,40.878616,-73.860405
1857,40.879524,-73.87751
1858,40.891724,-73.84226
1859,40.899857,-73.867905
1860,40.89329,-73.849846
1861,40.88005,-73.86107
1862,40.87934,-73.87768
1863,40.848328,-73.896645
1864,40.83165,-73.88727
1865,40.825283,-73.92548
1866,40.829964,-73.896965
1867,40.848442,-73.90745
1868,40.83015,-73.920135
1869,40.82517,-73.92328
1870,40.835304,-73.91221
1871,40.83464,-73.890816
1872,40.848377,-73.884476
1873,40.848442,-73.90745
1874,40.831005,-73.8897
1875,40.83015,-73.920135
1876,40.848007,-73.884346
1877,40.827805,-73.89779
1878,40.83015,-73.920135
1879,40.848442,-73.90745
1880,40.848442,-73.90745
1881,40.827587,-73.90201
1882,40.836613,-73.923996
1883,40.82517,-73.92328
1884,40.831684,-73.89326
1885,40.844334,-73.8858
1886,40.82485,-73.92302
1887,40.82517,-73.92328
1888,40.871983,-73.91628
1889,40.869453,-73.90593
1890,40.860847,-73.89998
1891,40.868416,-73.889404
1892,40.870476,-73.88281
1893,40.868332,-73.883194
1894,40.870155,-73.90095
1895,40.864357,-73.900734
1896,40.865128,-73.90682
1897,40.868332,-73.883194
1898,40.86158,-73.90276
1899,40.871094,-73.91527
1900,40.86513,-73.90682
1901,40.871094,-73.91527
1902,40.868416,-73.889404
1903,40.856667,-73.89168
1904,40.869453,-73.90593
1905,40.869453,-73.90593
1906,40.86158,-73.90276
1907,40.870564,-73.91661
1908,40.851826,-73.9009
1909,40.87061,-73.91793
1910,40.8683,-73.922905
1911,40.869453,-73.90593
1912,40.87255,-73.9189
1913,40.87168,-73.91782
1914,40.863323,-73.89307
1915,40.872433,-73.91771
1916,40.86158,-73.90276
1917,40.87168,-73.91782
1918,40.872433,-73.91771
1919,40.828613,-73.94714
1920,40.841633,-73.93896
1921,40.83462,-73.94727
1922,40.82886,-73.94309
1923,40.83244,-73.94259
1924,40.827747,-73.9509
1925,40.833557,-73.94426
1926,40.829372,-73.94004
1927,40.83477,-73.94597
1928,40.832806,-73.940216
1929,40.835533,-73.94488
1930,40.83462,-73.94727
1931,40.83238,-73.92734
1932,40.845646,-73.94174
1933,40.83238,-73.92734
1934,40.82474,-73.94464
1935,40.845646,-73.94174
1936,40.83479,-73.94331
1937,40.845646,-73.94174
1938,40.82585,-73.94565
1939,40.83518,-73.94693
1940,40.824066,-73.94443
1941,40.8475,-73.94017
1942,40.831688,-73.93132
1943,40.845646,-73.94174
1944,40.824856,-73.95014
1945,40.8475,-73.94017
1946,40.825264,-73.940956
1947,40.83462,-73.94727
1948,40.83479,-73.94331
1949,40.835815,-73.9465
1950,40.835316,-73.9465
1951,40.82585,-73.94565
1952,40.828163,-73.94225
1953,40.828106,-73.94244
1954,40.810688,-73.91038
1955,40.82042,-73.90337
1956,40.82039,-73.89416
1957,40.80538,-73.92239
1958,40.807762,-73.918236
1959,40.818226,-73.90864
1960,40.822433,-73.91177
1961,40.811783,-73.920525
1962,40.813507,-73.88938
1963,40.811333,-73.92355
1964,40.821217,-73.90641
1965,40.81866,-73.90166
1966,40.822433,-73.91177
1967,40.81964,-73.90671
1968,40.82038,-73.91097
1969,40.811153,-73.92508
1970,40.82038,-73.910934
1971,40.816406,-73.91052
1972,40.820705,-73.91131
1973,40.82038,-73.910934
1974,40.818233,-73.903206
1975,40.818233,-73.903206
1976,40.82104,-73.9128
1977,40.82031,-73.90662
1978,40.81676,-73.91097
1979,40.822433,-73.91177
1980,40.821438,-73.90172
1981,40.815006,-73.92457
1982,40.819435,-73.88844
1983,40.820232,-73.91254
1984,40.81585,-73.908485
1985,40.81244,-73.91962
1986,40.82038,-73.910934
1987,40.819565,-73.90673
1988,40.822433,-73.91177
1989,40.67249,-73.97395
1990,40.687855,-73.99207
1991,40.69431,-73.99574
1992,40.687878,-73.994576
1993,40.69456,-73.98269
1994,40.693474,-73.99189
1995,40.681656,-73.980606
1996,40.69456,-73.98269
1997,40.687878,-73.994576
1998,40.693424,-73.982704
1999,40.687607,-73.99227
2000,40.686394,-73.98076
2001,40.688416,-73.981415
2002,40.697025,-73.992935
2003,40.677395,-73.99223
2004,40.672905,-73.986115
2005,40.682034,-73.981926
2006,40.68591,-73.98983
2007,40.637848,-74.16785
2008,40.62316,-74.163704
2009,40.636242,-74.16325
2010,40.638554,-74.16771
2011,40.621567,-74.16652
2012,40.639263,-74.16927
2013,40.621567,-74.16652
2014,40.627693,-74.17901
2015,40.62272,-74.16567
2016,40.640015,-74.170654
2017,40.63964,-74.16532
2018,40.63682,-74.16475
2019,40.635033,-74.16957
2020,40.635117,-74.16915
2021,40.627323,-74.16797
2022,40.624065,-74.16509
2023,40.637398,-74.17152
2024,40.635696,-74.16217
2025,40.628815,-74.16507
2026,40.635033,-74.16957
2027,40.628895,-74.16502
2028,40.63233,-74.16879
2029,40.635735,-74.16984
2030,40.63503,-74.169586
2031,40.63054,-74.16565
2032,40.622097,-74.163284
2033,40.6246,-74.1657
2034,40.631165,-74.16603
2035,40.623245,-74.166756
2036,40.62924,-74.164665
2037,40.639046,-74.1657
2038,40.634064,-74.16187
2039,40.638794,-74.16571
2040,40.638435,-74.17153
2041,40.632374,-74.16918
2042,40.635033,-74.16957
2043,40.63964,-74.16532
2044,40.636833,-74.16575
2045,40.637173,-74.16212
2046,40.64082,-74.16904
2047,40.708015,-74.00591
2048,40.70779,-74.013885
2049,40.69764,-73.98724
2050,40.70985,-74.01789
2051,40.721268,-73.98424
2052,40.71271,-73.99553
2053,40.69809,-73.9944
2054,40.70828,-74.00683
2055,40.700024,-73.9933
2056,40.708614,-74.00348
2057,40.710457,-73.991234
2058,40.717716,-74.002815
2059,40.71311,-73.97784
2060,40.706184,-74.01561
2061,40.717445,-73.992966
2062,40.70911,-74.00635
2063,40.71555,-73.988365
2064,40.70808,-74.00747
2065,40.719296,-73.98718
2066,40.70922,-74.013756
2067,40.783356,-73.79357
2068,40.774727,-73.79056
2069,40.787476,-73.785805
2070,40.780243,-73.80341
2071,40.821712,-73.85315
2072,40.818336,-73.81281
2073,40.816383,-73.84561
2074,40.7953,-73.823715
2075,40.773148,-73.80287
2076,40.81062,-73.85825
2077,40.821598,-73.87332
2078,40.785248,-73.85569
2079,40.78737,-73.83017
2080,40.776066,-73.79019
2081,40.775963,-73.80823
2082,40.77334,-73.82618
2083,40.77633,-73.7888
2084,40.77414,-73.785774
2085,40.79072,-73.80265
2086,40.787075,-73.80492
2087,40.81906,-73.80576
2088,40.78725,-73.85052
2089,40.793243,-73.79905
2090,40.77472,-73.8257
2091,40.773808,-73.82612
2092,40.766884,-73.83064
2093,40.76121,-73.82312
2094,40.762398,-73.82268
2095,40.75483,-73.82674
2096,40.753098,-73.82831
2097,40.766018,-73.821
2098,40.754868,-73.82484
2099,40.755993,-73.8293
2100,40.75503,-73.822624
2101,40.770367,-73.829994
2102,40.754868,-73.82484
2103,40.754868,-73.82484
2104,40.762398,-73.82268
2105,40.764572,-73.82553
2106,40.758392,-73.822975
2107,40.760868,-73.81973
2108,40.75483,-73.82674
2109,40.748173,-73.867836
2110,40.756332,-73.83261
2111,40.768093,-73.87602
2112,40.762638,-73.87525
2113,40.75721,-73.87781
2114,40.75216,-73.87159
2115,40.76765,-73.86939
2116,40.755917,-73.83696
2117,40.755783,-73.876076
2118,40.752785,-73.867065
2119,40.762535,-73.87523
2120,40.76108,-73.83315
2121,40.754017,-73.85434
2122,40.754807,-73.877495
2123,40.756332,-73.87618
2124,40.755234,-73.875984
2125,40.757915,-73.87793
2126,40.763004,-73.87485
2127,40.75836,-73.87156
2128,40.7579,-73.834526
2129,40.75837,-73.87924
2130,40.764404,-73.86399
2131,40.754517,-73.87459
2132,40.733627,-73.859604
2133,40.730698,-73.85157
2134,40.729107,-73.852585
2135,40.723396,-73.84686
2136,40.737473,-73.876205
2137,40.72907,-73.86374
2138,40.725418,-73.85348
2139,40.730244,-73.85737
2140,40.7306,-73.86668
2141,40.727455,-73.86128
2142,40.735405,-73.85435
2143,40.723568,-73.858215
2144,40.730465,-73.852356
2145,40.724686,-73.8486
2146,40.724663,-73.85167
2147,40.732235,-73.858894
2148,40.730408,-73.85683
2149,40.725895,-73.853676
2150,40.730015,-73.857254
2151,40.74594,-73.85373
2152,40.72896,-73.866264
2153,40.728935,-73.86221
2154,40.73847,-73.87877
2155,40.72335,-73.844864
2156,40.725048,-73.85408
2157,40.73443,-73.86622
2158,40.659695,-74.0008
2159,40.666294,-73.99712
2160,40.72386,-73.80274
2161,40.741673,-73.82559
2162,40.735497,-73.802
2163,40.739647,-73.82798
2164,40.74094,-73.824425
2165,40.72797,-73.80985
2166,40.74176,-73.82527
2167,40.723732,-73.8063
2168,40.733032,-73.80305
2169,40.73331,-73.8244
2170,40.7341,-73.78831
2171,40.72836,-73.829834
2172,40.74626,-73.824005
2173,40.74628,-73.82414
2174,40.72927,-73.81674
2175,40.74465,-73.793564
2176,40.73215,-73.786896
2177,40.73911,-73.79102
2178,40.72978,-73.80691
2179,40.729355,-73.808205
2180,40.739532,-73.79163
2181,40.735474,-73.80109
2182,40.728226,-73.815994
2183,40.737526,-73.80367
2184,40.747543,-73.79914
2185,40.747684,-73.799286
2186,40.73017,-73.821075
2187,40.73532,-73.79929
2188,40.726288,-73.79638
2189,40.728695,-73.83085
2190,40.646687,-73.974045
2191,40.64285,-73.993454
2192,40.6431,-73.97716
2193,40.641773,-73.97446
2194,40.641773,-73.97446
2195,40.64293,-73.97471
2196,40.64636,-73.97533
2197,40.646687,-73.974045
2198,40.63509,-73.99118
2199,40.6384,-73.981834
2200,40.63509,-73.99118
2201,40.63423,-73.97406
2202,40.64441,-73.973656
2203,40.64339,-73.97598
2204,40.64339,-73.97599
2205,40.634727,-73.98144
2206,40.64293,-73.97471
2207,40.638393,-73.976166
2208,40.64293,-73.97471
2209,40.64293,-73.97471
2210,40.6459,-73.97393
2211,40.6459,-73.97393
2212,40.63534,-73.98554
2213,40.65448,-74.0
2214,40.64733,-74.0054
2215,40.65664,-73.999016
2216,40.649593,-74.00899
2217,40.64946,-74.00348
2218,40.64751,-74.000244
2219,40.653667,-74.00463
2220,40.64742,-74.00034
2221,40.647556,-74.000786
2222,40.65682,-74.00231
2223,40.64751,-74.000244
2224,40.648876,-74.0025
2225,40.647243,-74.005264
2226,40.655617,-74.0016
2227,40.65666,-73.99865
2228,40.647243,-74.005264
2229,40.647556,-74.000786
2230,40.64751,-74.000244
2231,40.647247,-74.005264
2232,40.647243,-74.005264
2233,40.6508,-74.0072
2234,40.64742,-74.00034
2235,40.64974,-74.00419
2236,40.65448,-74.0
2237,40.658062,-74.00157
2238,40.6506,-74.00931
2239,40.648792,-74.002365
2240,40.648792,-74.002365
2241,40.64703,-74.00074
2242,40.655693,-74.00173
2243,40.64772,-74.00084
2244,40.649593,-74.00899
2245,40.649185,-74.00695
2246,40.655643,-74.00164
2247,40.634117,-74.020226
2248,40.646507,-73.998505
2249,40.636414,-73.99697
2250,40.646515,-73.99853
2251,40.646214,-73.99951
2252,40.644543,-74.00439
2253,40.644524,-73.99699
2254,40.636158,-74.00955
2255,40.639877,-74.00119
2256,40.644238,-74.00365
2257,40.64335,-74.00786
2258,40.636604,-74.00576
2259,40.646027,-74.00619
2260,40.63809,-74.017975
2261,40.63433,-74.001076
2262,40.64618,-73.99951
2263,40.63701,-74.01097
2264,40.63761,-74.01053
2265,40.63622,-74.002686
2266,40.636604,-74.00576
2267,40.634777,-74.00776
2268,40.64601,-74.01888
2269,40.64618,-73.99951
2270,40.63887,-74.00499
2271,40.646214,-73.99951
2272,40.646618,-74.011925
2273,40.641163,-74.01672
2274,40.64039,-74.01563
2275,40.637997,-74.009575
2276,40.641163,-74.01672
2277,40.63935,-74.00787
2278,40.642933,-74.007774
2279,40.642227,-73.99694
2280,40.640198,-74.001724
2281,40.642162,-74.00348
2282,40.63116,-74.14874
2283,40.623535,-74.13372
2284,40.63144,-74.128746
2285,40.63189,-74.12134
2286,40.629932,-74.13648
2287,40.63033,-74.13277
2288,40.624943,-74.130066
2289,40.637917,-74.13542
2290,40.63113,-74.14068
2291,40.627186,-74.144485
2292,40.63472,-74.141106
2293,40.62615,-74.1328
2294,40.625263,-74.133766
2295,40.632874,-74.12087
2296,40.6293,-74.12181
2297,40.632244,-74.15439
2298,40.623642,-74.15953
2299,40.633022,-74.15477
2300,40.62607,-74.124626
2301,40.627518,-74.15474
2302,40.627777,-74.13055
2303,40.777077,-73.976845
2304,40.782475,-73.97747
2305,40.776104,-73.98209
2306,40.791187,-73.97346
2307,40.779457,-73.98432
2308,40.786583,-73.97902
2309,40.774876,-73.98323
2310,40.777077,-73.976845
2311,40.788895,-73.97862
2312,40.794502,-73.97603
2313,40.778084,-73.97661
2314,40.782406,-73.97927
2315,40.777077,-73.976845
2316,40.777157,-73.98088
2317,40.77905,-73.98538
2318,40.776546,-73.98598
2319,40.776546,-73.98598
2320,40.777077,-73.976845
2321,40.783733,-73.97465
2322,40.776104,-73.98209
2323,40.796055,-73.973625
2324,40.796253,-73.97411
2325,40.777157,-73.98088
2326,40.777077,-73.976845
2327,40.77476,-73.98408
2328,40.77792,-73.97602
2329,40.63014,-74.086105
2330,40.63813,-74.0755
2331,40.62435,-74.078476
2332,40.631573,-74.08581
2333,40.637997,-74.09157
2334,40.6327,-74.108986
2335,40.629856,-74.10437
2336,40.629192,-74.10832
2337,40.635475,-74.08201
2338,40.640263,-74.07419
2339,40.62729,-74.10089
2340,40.63153,-74.08565
2341,40.639263,-74.07406
2342,40.642815,-74.091675
2343,40.62636,-74.1038
2344,40.64138,-74.08499
2345,40.640144,-74.08394
2346,40.63758,-74.09313
2347,40.63179,-74.085365
2348,40.62165,-74.10719
2349,40.64414,-74.08988
2350,40.642277,-74.106895
2351,40.637573,-74.093124
2352,40.632767,-74.083595
2353,40.63912,-74.08619
2354,40.640263,-74.074196
2355,40.626343,-74.10458
2356,40.62679,-74.1139
2357,40.633484,-74.09031
2358,40.645306,-74.08961
2359,40.639225,-74.091644
2360,40.63849,-74.093575
2361,40.62878,-74.08132
2362,40.638115,-74.07395
2363,40.638046,-74.10309
2364,40.63479,-74.10197
2365,40.632965,-74.10232
2366,40.64025,-74.07418
2367,40.637585,-74.080605
2368,40.639843,-74.08078
2369,40.62536,-74.082466
2370,40.63785,-74.10396
2371,40.63809,-74.07424
2372,40.640568,-74.09423
2373,40.6422,-74.11194
2374,40.63368,-74.095726
2375,40.62716,-74.08137
2376,40.634148,-74.0822
2377,40.627422,-74.07636
2378,40.644855,-74.07878
2379,40.6433,-74.10794
2380,40.642155,-74.1064
2381,40.62311,-74.09028
2382,40.631523,-74.085625
2383,40.62596,-74.10332
2384,40.638027,-74.08694
2385,40.63804,-74.086876
2386,40.641453,-74.087494
2387,40.631805,-74.089325
2388,40.638557,-74.08527
2389,40.63064,-74.09966
2390,40.62977,-74.08553
2391,40.642376,-74.094345
2392,40.627846,-74.108086
2393,40.62367,-74.10911
2394,40.62585,-74.08266
2395,40.62474,-74.10281
2396,40.626102,-74.10067
2397,40.636093,-74.07922
2398,40.635307,-74.08906
2399,40.634804,-74.08364
2400,40.633736,-74.099724
2401,40.627514,-74.10721
2402,40.627583,-74.07643
2403,40.641518,-74.09636
2404,40.633923,-74.08234
2405,40.631523,-74.085625
2406,40.63153,-74.08565
2407,40.631695,-74.11414
2408,40.631733,-74.106514
2409,40.625065,-74.084435
2410,40.631527,-74.08564
2411,40.63889,-74.10909
2412,40.624912,-74.076515
2413,40.638733,-74.08682
2414,40.64485,-74.07879
2415,40.623383,-74.090004
2416,40.626507,-74.10311
2417,40.638817,-74.09074
2418,40.62464,-74.1084
2419,40.638973,-74.073944
2420,40.63571,-74.08821
2421,40.638973,-74.073944
2422,40.640907,-74.10865
2423,40.638268,-74.08534
2424,40.64195,-74.09492
2425,40.63866,-74.10357
2426,40.643784,-74.08254
2427,40.624752,-74.1104
2428,40.64412,-74.0886
2429,40.63926,-74.07405
2430,40.631573,-74.08581
2431,40.630222,-74.104355
2432,40.62836,-74.112976
2433,40.642715,-74.10922
2434,40.633587,-74.10974
2435,40.642467,-74.11235
2436,40.628136,-74.1094
2437,40.637863,-74.10644
2438,40.62375,-74.07833
2439,40.63959,-74.096825
2440,40.64025,-74.07418
2441,40.6271,-74.10385
2442,40.626564,-74.10652
2443,40.64019,-74.11046
2444,40.624325,-74.10923
2445,40.624794,-74.08399
2446,40.631218,-74.104126
2447,40.638573,-74.087746
2448,40.634907,-74.10287
2449,40.642735,-74.112045
2450,40.62708,-74.11149
2451,40.630074,-74.07738
2452,40.639458,-74.10583
2453,40.637146,-74.076935
2454,40.627777,-74.11026
2455,40.64019,-74.11176
2456,40.641445,-74.10687
2457,40.62557,-74.10436
2458,40.624462,-74.10666
2459,40.631626,-74.11023
2460,40.639606,-74.08033
2461,40.626987,-74.0817
2462,40.635315,-74.10081
2463,40.641422,-74.079994
2464,40.644947,-74.0789
2465,40.633877,-74.10566
2466,40.624844,-74.10758
2467,40.642258,-74.107086
2468,40.626812,-74.09603
2469,40.63095,-74.08731
2470,40.62319,-74.09243
2471,40.632343,-74.0978
2472,40.631916,-74.078
2473,40.634403,-74.07891
2474,40.64197,-74.114044
2475,40.633366,-74.08402
2476,40.62557,-74.10436
2477,40.62301,-74.10676
2478,40.62791,-74.10899
2479,40.629658,-74.10877
2480,40.64421,-74.09112
2481,40.629635,-74.10058
2482,40.63082,-74.10069
2483,40.630245,-74.10068
2484,40.629364,-74.08716
2485,40.63713,-74.08734
2486,40.622955,-74.1049
2487,40.628613,-74.08094
2488,40.626118,-74.10814
2489,40.632153,-74.080635
2490,40.641422,-74.07999
2491,40.62695,-74.07908
2492,40.63199,-74.09376
2493,40.62426,-74.104706
2494,40.626923,-74.10882
2495,40.633873,-74.10609
2496,40.629147,-74.10783
2497,40.632496,-74.09841
2498,40.621933,-74.07299
2499,40.62672,-74.10992
2500,40.63928,-74.09675
2501,40.62636,-74.07655
2502,40.63687,-74.11234
2503,40.632313,-74.101814
2504,40.63162,-74.07689
2505,40.627327,-74.10717
2506,40.64309,-74.106514
2507,40.62444,-74.10874
2508,40.642754,-74.09226
2509,40.627254,-74.107506
2510,40.625313,-74.08111
2511,40.644848,-74.07879
2512,40.638115,-74.073975
2513,40.629875,-74.0999
2514,40.62988,-74.099915
2515,40.63332,-74.07633
2516,40.64368,-74.09161
2517,40.63093,-74.1133
2518,40.624187,-74.1109
2519,40.63292,-74.08458
2520,40.638485,-74.07402
2521,40.625904,-74.07496
2522,40.640263,-74.07419
2523,40.64151,-74.11127
2524,40.643448,-74.09348
2525,40.63279,-74.09883
2526,40.62908,-74.08103
2527,40.637608,-74.092926
2528,40.62779,-74.11013
2529,40.642643,-74.11092
2530,40.644234,-74.08477
2531,40.634193,-74.08362
2532,40.633224,-74.0882
2533,40.62754,-74.084946
2534,40.63921,-74.07843
2535,40.64302,-74.10771
2536,40.63658,-74.10775
2537,40.626705,-74.105255
2538,40.641193,-74.111206
2539,40.64142,-74.079994
2540,40.631145,-74.10857
2541,40.633385,-74.092926
2542,40.621647,-74.10993
2543,40.629173,-74.10922
2544,40.629124,-74.1105
2545,40.627533,-74.11069
2546,40.638126,-74.075485
2547,40.623463,-74.10908
2548,40.63574,-74.107574
2549,40.63251,-74.082825
2550,40.626617,-74.08937
2551,40.62596,-74.10332
2552,40.64232,-74.10973
2553,40.634148,-74.082664
2554,40.63982,-74.086075
2555,40.638306,-74.087234
2556,40.64138,-74.10743
2557,40.64147,-74.08001
2558,40.628757,-74.104164
2559,40.624004,-74.08953
2560,40.641415,-74.07999
2561,40.639008,-74.10141
2562,40.64235,-74.110085
2563,40.64268,-74.109535
2564,40.643787,-74.096794
2565,40.63975,-74.10057
2566,40.638973,-74.073944
2567,40.626457,-74.075264
2568,40.631935,-74.08528
2569,40.62992,-74.084366
2570,40.632507,-74.08283
2571,40.626144,-74.1105
2572,40.640263,-74.07419
2573,40.64669,-74.08713
2574,40.642605,-74.09993
2575,40.635796,-74.087524
2576,40.637497,-74.08229
2577,40.6321,-74.10135
2578,40.632355,-74.08312
2579,40.641068,-74.10714
2580,40.63277,-74.10171
2581,40.625633,-74.10805
2582,40.621643,-74.07874
2583,40.634785,-74.10195
2584,40.624992,-74.111435
2585,40.63704,-74.10373
2586,40.63636,-74.08571
2587,40.636284,-74.08714
2588,40.63341,-74.079216
2589,40.64485,-74.07879
2590,40.638477,-74.10112
2591,40.636272,-74.087135
2592,40.624332,-74.08125
2593,40.640907,-74.10865
2594,40.62905,-74.110115
2595,40.644676,-74.08087
2596,40.64202,-74.08146
2597,40.633507,-74.10161
2598,40.640175,-74.11184
2599,40.640263,-74.07419
2600,40.64444,-74.097885
2601,40.62214,-74.08334
2602,40.622524,-74.092735
2603,40.631527,-74.08564
2604,40.63623,-74.08706
2605,40.635864,-74.08985
2606,40.641716,-74.11074
2607,40.63277,-74.1111
2608,40.644947,-74.0789
2609,40.632366,-74.09082
2610,40.640263,-74.07419
2611,40.640903,-74.10863
2612,40.632046,-74.09101
2613,40.632946,-74.07709
2614,40.634785,-74.10195
2615,40.644848,-74.07877
2616,40.635223,-74.07741
2617,40.62238,-74.08328
2618,40.644844,-74.07877
2619,40.63413,-74.07635
2620,40.640213,-74.09199
2621,40.623608,-74.07663
2622,40.643833,-74.08875
2623,40.629776,-74.100044
2624,40.632206,-74.1011
2625,40.640263,-74.0742
2626,40.63812,-74.07397
2627,40.63924,-74.09038
2628,40.640903,-74.10863
2629,40.641525,-74.079
2630,40.627697,-74.08597
2631,40.639507,-74.08347
2632,40.644947,-74.0789
2633,40.64047,-74.09165
2634,40.62412,-74.0916
2635,40.622803,-74.08448
2636,40.64025,-74.077835
2637,40.63778,-74.08587
2638,40.623535,-74.10941
2639,40.631523,-74.085625
2640,40.631992,-74.10222
2641,40.622894,-74.10929
2642,40.635464,-74.10299
2643,40.639008,-74.08059
2644,40.638405,-74.07495
2645,40.6283,-74.083
2646,40.643456,-74.08898
2647,40.640022,-74.08882
2648,40.62811,-74.112816
2649,40.639534,-74.1092
2650,40.633205,-74.07801
2651,40.63811,-74.07397
2652,40.625763,-74.07979
2653,40.641422,-74.08001
2654,40.644844,-74.07877
2655,40.63395,-74.09095
2656,40.63441,-74.09996
2657,40.62988,-74.09991
2658,40.635033,-74.07855
2659,40.63131,-74.08559
2660,40.638134,-74.092094
2661,40.556046,-74.13545
2662,40.556866,-74.135574
2663,40.557964,-74.15708
2664,40.56543,-74.12893
2665,40.561317,-74.12353
2666,40.555824,-74.15718
2667,40.55065,-74.15649
2668,40.55248,-74.134705
2669,40.551132,-74.15603
2670,40.566853,-74.15106
2671,40.563564,-74.1526
2672,40.55259,-74.137856
2673,40.555996,-74.14798
2674,40.566,-74.15297
2675,40.555885,-74.138756
2676,40.549004,-74.15642
2677,40.564632,-74.12571
2678,40.55157,-74.13469
2679,40.547825,-74.15885
2680,40.56138,-74.147934
2681,40.559692,-74.149956
2682,40.54808,-74.156586
2683,40.563187,-74.131676
2684,40.552357,-74.14476
2685,40.56129,-74.120026
2686,40.54616,-74.15105
2687,40.55498,-74.146996
2688,40.556496,-74.15408
2689,40.56036,-74.14879
2690,40.548084,-74.15658
2691,40.569218,-74.123
2692,40.565334,-74.153404
2693,40.554634,-74.131065
2694,40.568752,-74.13208
2695,40.56316,-74.14883
2696,40.56953,-74.12645
2697,40.54817,-74.14549
2698,40.548958,-74.15651
2699,40.55162,-74.13471
2700,40.55661,-74.14696
2701,40.570194,-74.15147
2702,40.57051,-74.11656
2703,40.55763,-74.137474
2704,40.55418,-74.155
2705,40.567017,-74.13402
2706,40.560844,-74.14938
2707,40.560787,-74.14891
2708,40.556293,-74.155365
2709,40.56886,-74.13284
2710,40.557796,-74.14195
2711,40.555637,-74.15868
2712,40.556614,-74.14721
2713,40.557625,-74.13748
2714,40.557774,-74.139755
2715,40.550507,-74.15825
2716,40.549664,-74.15622
2717,40.55783,-74.12565
2718,40.566208,-74.12128
2719,40.560547,-74.128456
2720,40.56628,-74.11934
2721,40.569817,-74.12537
2722,40.548126,-74.14222
2723,40.552925,-74.15434
2724,40.559334,-74.114395
2725,40.566013,-74.15298
2726,40.54633,-74.15502
2727,40.553284,-74.15702
2728,40.554333,-74.1595
2729,40.54917,-74.15529
2730,40.551792,-74.153244
2731,40.564617,-74.12188
2732,40.56467,-74.14117
2733,40.55099,-74.13712
2734,40.556606,-74.1472
2735,40.54632,-74.155014
2736,40.565884,-74.11545
2737,40.566,-74.12748
2738,40.554775,-74.15633
2739,40.5561,-74.15004
2740,40.554665,-74.160416
2741,40.569546,-74.13804
2742,40.564987,-74.15171
2743,40.564644,-74.124374
2744,40.564228,-74.13837
2745,40.553455,-74.13412
2746,40.570107,-74.140335
2747,40.5566,-74.150185
2748,40.556637,-74.150055
2749,40.55391,-74.15447
2750,40.555702,-74.13503
2751,40.56922,-74.14259
2752,40.557774,-74.139755
2753,40.55849,-74.14244
2754,40.56446,-74.15358
2755,40.568913,-74.1384
2756,40.569763,-74.12236
2757,40.55802,-74.14181
2758,40.56498,-74.151405
2759,40.56916,-74.11499
2760,40.567245,-74.13451
2761,40.56485,-74.15192
2762,40.55113,-74.142555
2763,40.567074,-74.12036
2764,40.551197,-74.13736
2765,40.546883,-74.14556
2766,40.559864,-74.121086
2767,40.55903,-74.15319
2768,40.570698,-74.14097
2769,40.55741,-74.11572
2770,40.570286,-74.12618
2771,40.569218,-74.123
2772,40.55393,-74.13616
2773,40.558064,-74.14411
2774,40.56237,-74.13131
2775,40.552177,-74.14519
2776,40.556465,-74.124084
2777,40.547,-74.13992
2778,40.5518,-74.15281
2779,40.56833,-74.12245
2780,40.558464,-74.121376
2781,40.56045,-74.12449
2782,40.560745,-74.13426
2783,40.555733,-74.15572
2784,40.554737,-74.154625
2785,40.570194,-74.15147
2786,40.55898,-74.1497
2787,40.556923,-74.134224
2788,40.554745,-74.154594
2789,40.568367,-74.140625
2790,40.55816,-74.14495
2791,40.56665,-74.12144
2792,40.570724,-74.13471
2793,40.562225,-74.15384
2794,40.552353,-74.14077
2795,40.560844,-74.15835
2796,40.555374,-74.15756
2797,40.56871,-74.15022
2798,40.555878,-74.13874
2799,40.56889,-74.12296
2800,40.55998,-74.160995
2801,40.55187,-74.1415
2802,40.56871,-74.141426
2803,40.558834,-74.158485
2804,40.557774,-74.139755
2805,40.555836,-74.131874
2806,40.564224,-74.15402
2807,40.564823,-74.124596
2808,40.558243,-74.15151
2809,40.56262,-74.12972
2810,40.547813,-74.14056
2811,40.55718,-74.12529
2812,40.56514,-74.14007
2813,40.55627,-74.15134
2814,40.560036,-74.124725
2815,40.55341,-74.154274
2816,40.562614,-74.12973
2817,40.562893,-74.147
2818,40.562992,-74.12649
2819,40.55123,-74.142624
2820,40.566708,-74.15086
2821,40.556347,-74.141685
2822,40.554287,-74.13914
2823,40.567066,-74.132416
2824,40.55007,-74.14933
2825,40.562237,-74.132416
2826,40.560925,-74.159424
2827,40.56665,-74.11853
2828,40.564987,-74.13757
2829,40.552895,-74.159164
2830,40.570023,-74.14199
2831,40.557568,-74.14753
2832,40.569218,-74.123
2833,40.555534,-74.156654
2834,40.549618,-74.1391
2835,40.55551,-74.13304
2836,40.555855,-74.13154
2837,40.55609,-74.15003
2838,40.553402,-74.14999
2839,40.561577,-74.129166
2840,40.558613,-74.16033
2841,40.54708,-74.13897
2842,40.551704,-74.157
2843,40.556202,-74.13564
2844,40.552357,-74.14476
2845,40.549896,-74.15616
2846,40.56948,-74.11679
2847,40.562714,-74.13184
2848,40.5592,-74.12636
2849,40.559402,-74.157715
2850,40.56501,-74.12785
2851,40.549896,-74.156166
2852,40.565884,-74.13652
2853,40.548084,-74.15658
2854,40.5569,-74.145615
2855,40.551876,-74.14841
2856,40.565533,-74.12377
2857,40.557205,-74.115265
2858,40.570984,-74.12094
2859,40.568493,-74.13751
2860,40.547913,-74.154
2861,40.55949,-74.11713
2862,40.569653,-74.11996
2863,40.54848,-74.157455
2864,40.552,-74.147446
2865,40.561646,-74.15733
2866,40.558216,-74.11599
2867,40.552086,-74.153854
2868,40.55972,-74.127716
2869,40.55072,-74.155846
2870,40.558445,-74.12647
2871,40.552372,-74.15383
2872,40.556396,-74.117744
2873,40.56977,-74.11452
2874,40.552544,-74.1378
2875,40.55623,-74.11839
2876,40.552624,-74.15284
2877,40.5652,-74.1196
2878,40.560226,-74.15576
2879,40.559017,-74.14962
2880,40.565857,-74.13369
2881,40.559288,-74.12647
2882,40.570637,-74.13916
2883,40.55536,-74.11781
2884,40.562626,-74.13172
2885,40.558765,-74.13521
2886,40.55274,-74.15637
2887,40.569504,-74.13307
2888,40.55804,-74.12801
2889,40.56875,-74.12643
2890,40.557846,-74.143326
2891,40.56545,-74.116264
2892,40.5545,-74.14263
2893,40.55797,-74.158714
2894,40.55949,-74.15449
2895,40.57007,-74.134346
2896,40.563416,-74.15591
2897,40.565197,-74.119606
2898,40.55778,-74.13976
2899,40.56759,-74.140686
2900,40.57062,-74.11759
2901,40.56379,-74.139824
2902,40.564617,-74.14077
2903,40.56984,-74.12921
2904,40.56772,-74.13411
2905,40.564445,-74.155
2906,40.636272,-74.10201
2907,40.63387,-74.109406
2908,40.62507,-74.07728
2909,40.623005,-74.106766
2910,40.631535,-74.08563
2911,40.64026,-74.0742
2912,40.63711,-74.0926
2913,40.63576,-74.08592
2914,40.631096,-74.10976
2915,40.62593,-74.10163
2916,40.63814,-74.08747
2917,40.6294,-74.099434
2918,40.6338,-74.10671
2919,40.642044,-74.081345
2920,40.63335,-74.09892
2921,40.62818,-74.1102
2922,40.628685,-74.102516
2923,40.63251,-74.09879
2924,40.64483,-74.08986
2925,40.621647,-74.08833
2926,40.639675,-74.087814
2927,40.63348,-74.10119
2928,40.633167,-74.08237
2929,40.636814,-74.08814
2930,40.62566,-74.081314
2931,40.63809,-74.07424
2932,40.644455,-74.0819
2933,40.63337,-74.09697
2934,40.632786,-74.10805
2935,40.641796,-74.0906
2936,40.637207,-74.09287
2937,40.63153,-74.08565
2938,40.639202,-74.10819
2939,40.626038,-74.112335
2940,40.638138,-74.07549
2941,40.638374,-74.086494
2942,40.63004,-74.108475
2943,40.62838,-74.08176
2944,40.62986,-74.09998
2945,40.641415,-74.07999
2946,40.62163,-74.106544
2947,40.559616,-74.15885
2948,40.56844,-74.128716
2949,40.56355,-74.14221
2950,40.569763,-74.12236
2951,40.55928,-74.15357
2952,40.549057,-74.15442
2953,40.564137,-74.129555
2954,40.555885,-74.138756
2955,40.56976,-74.12237
2956,40.56842,-74.12965
2957,40.557816,-74.12331
2958,40.549053,-74.154434
2959,40.552,-74.147446
2960,40.55199,-74.14743
2961,40.569305,-74.128876
2962,40.56548,-74.12008
2963,40.561203,-74.148224
2964,40.556347,-74.141685
2965,40.569054,-74.13495
2966,40.56562,-74.13779
2967,40.55127,-74.15571
2968,40.552357,-74.14476
2969,40.548584,-74.1422
2970,40.564842,-74.11741
2971,40.548477,-74.14235
2972,40.56828,-74.13064
2973,40.56839,-74.138336
2974,40.557068,-74.11849
2975,40.54684,-74.14326
2976,40.552635,-74.151634
2977,40.549355,-74.14444
2978,40.54669,-74.14181
2979,40.561436,-74.12303
2980,40.558987,-74.11961
2981,40.566284,-74.153046
2982,40.55522,-74.15652
2983,40.5582,-74.11728
2984,40.551727,-74.15493
2985,40.552986,-74.15139
2986,40.569218,-74.123
2987,40.556793,-74.12314
2988,40.56327,-74.13006
2989,40.563786,-74.12929
2990,40.551777,-74.14413
2991,40.55185,-74.14884
2992,40.565773,-74.12828
2993,40.567787,-74.13357
2994,40.555668,-74.1604
2995,40.56403,-74.149734
2996,40.557064,-74.14978
2997,40.55707,-74.124466
2998,40.54784,-74.14303
2999,40.5484,-74.15134
3000,40.555508,-74.14254
3001,40.565563,-74.13285
3002,40.570683,-74.13449
3003,40.56975,-74.12421
3004,40.552925,-74.15434
3005,40.56969,-74.118996
3006,40.562,-74.15788
3007,40.556023,-74.13358
3008,40.55855,-74.14988
3009,40.55604,-74.14706
3010,40.569515,-74.12368
3011,40.56179,-74.12748
3012,40.555683,-74.160164
3013,40.560013,-74.160805
3014,40.550823,-74.142944
3015,40.55316,-74.15695
3016,40.552,-74.147446
3017,40.550617,-74.14796
3018,40.569756,-74.15002
3019,40.55307,-74.15782
3020,40.558296,-74.11595
3021,40.556263,-74.149414
3022,40.567474,-74.13626
3023,40.55121,-74.15411
3024,40.54708,-74.13897
3025,40.552925,-74.15434
3026,40.569763,-74.12236
3027,40.565098,-74.14987
3028,40.633682,-74.03176
3029,40.632675,-74.03182
3030,40.629498,-74.02522
3031,40.625977,-74.03231
3032,40.625977,-74.03231
3033,40.63019,-74.02861
3034,40.624912,-74.04046
3035,40.625977,-74.03231
3036,40.627655,-74.02616
3037,40.63979,-74.029785
3038,40.632652,-74.02233
3039,40.629498,-74.02522
3040,40.631325,-74.024666
3041,40.62478,-74.03902
3042,40.634815,-74.03715
3043,40.621773,-74.03438
3044,40.63273,-74.03204
3045,40.624355,-74.03916
3046,40.63273,-74.03204
3047,40.636036,-74.03664
3048,40.621773,-74.03797
3049,40.623,-74.021515
3050,40.635204,-74.03203
3051,40.62492,-74.04047
3052,40.633957,-74.03635
3053,40.636276,-74.03643
3054,40.635372,-74.02574
3055,40.638214,-74.0348
3056,40.633957,-74.03635
3057,40.636036,-74.03664
3058,40.621773,-74.03794
3059,40.635075,-74.03175
3060,40.638214,-74.0348
3061,40.632214,-74.03219
3062,40.628754,-74.02199
3063,40.632214,-74.03219
3064,40.625977,-74.03231
3065,40.635307,-74.02652
3066,40.634216,-74.03029
3067,40.62797,-74.0258
3068,40.623104,-74.04032
3069,40.63423,-74.02633
3070,40.635002,-74.03103
3071,40.63253,-74.03214
3072,40.629433,-74.02299
3073,40.633553,-74.02522
3074,40.631798,-74.026955
3075,40.624172,-74.02103
3076,40.6225,-74.039085
3077,40.635075,-74.03175
3078,40.62499,-74.02086
3079,40.634735,-74.031136
3080,40.62359,-74.03594
3081,40.635075,-74.03175
3082,40.626827,-74.02403
3083,40.626095,-74.02768
3084,40.634735,-74.031136
3085,40.62303,-74.039406
3086,40.630646,-74.024864
3087,40.630646,-74.024864
3088,40.622925,-74.03631
3089,40.622467,-74.03964
3090,40.636036,-74.03664
3091,40.622395,-74.03116
3092,40.63333,-74.03326
3093,40.63315,-74.032646
3094,40.62303,-74.039406
3095,40.634735,-74.031136
3096,40.62797,-74.0258
3097,40.62444,-74.04012
3098,40.632675,-74.03182
3099,40.62444,-74.04012
3100,40.637173,-74.03396
3101,40.63262,-74.03647
3102,40.623055,-73.976425
3103,40.624126,-73.9866
3104,40.626125,-73.981476
3105,40.62428,-73.98593
3106,40.629726,-73.97866
3107,40.627098,-73.99153
3108,40.63009,-73.988014
3109,40.632774,-73.99667
3110,40.62825,-73.98799
3111,40.625793,-73.979385
3112,40.62564,-73.97913
3113,40.629063,-73.97814
3114,40.630356,-73.97545
3115,40.630627,-73.99041
3116,40.622604,-73.97422
3117,40.629063,-73.97814
3118,40.629498,-73.98354
3119,40.623528,-73.97814
3120,40.626125,-73.981476
3121,40.628136,-73.992325
3122,40.62677,-73.98175
3123,40.631897,-73.99042
3124,40.6332,-73.9805
3125,40.629498,-73.98354
3126,40.625603,-73.98151
3127,40.630627,-73.99041
3128,40.629814,-73.99282
3129,40.632774,-73.99667
3130,40.6318,-73.98724
3131,40.623768,-73.975494
3132,40.631317,-73.984
3133,40.62876,-74.03511
3134,40.636745,-74.02731
3135,40.625896,-74.023766
3136,40.635075,-74.03175
3137,40.629826,-74.02991
3138,40.629826,-74.02991
3139,40.636276,-74.03643
3140,40.6279,-74.0251
3141,40.628986,-74.02975
3142,40.634293,-74.03065
3143,40.6279,-74.0251
3144,40.636036,-74.03664
3145,40.62328,-74.03902
3146,40.632214,-74.03219
3147,40.633957,-74.03635
3148,40.62997,-74.03051
3149,40.63473,-74.02087
3150,40.636036,-74.03664
3151,40.63372,-74.026535
3152,40.62956,-74.02887
3153,40.629368,-74.02302
3154,40.63178,-74.0302
3155,40.631752,-74.026764
3156,40.63766,-74.03301
3157,40.634735,-74.031136
3158,40.63438,-74.031
3159,40.635662,-74.02346
3160,40.63431,-74.02437
3161,40.63341,-74.03061
3162,40.62797,-74.0258
3163,40.63889,-74.03577
3164,40.634216,-74.03029
3165,40.632652,-74.02233
3166,40.637306,-74.02874
3167,40.627655,-74.02616
3168,40.635906,-74.03057
3169,40.621723,-74.02716
3170,40.632652,-74.02233
3171,40.634426,-74.03121
3172,40.634735,-74.031136
3173,40.630646,-74.024864
3174,40.631325,-74.024666
3175,40.627373,-74.026024
3176,40.62444,-74.04012
3177,40.638947,-74.02884
3178,40.635075,-74.03175
3179,40.636784,-74.02784
3180,40.623104,-74.04032
3181,40.631546,-74.03086
3182,40.630783,-74.03908
3183,40.63235,-74.02408
3184,40.633327,-74.02736
3185,40.63235,-74.02408
3186,40.63406,-74.02409
3187,40.631325,-74.024666
3188,40.629856,-74.02665
3189,40.631325,-74.024666
3190,40.630646,-74.024864
3191,40.635002,-74.03103
3192,40.631546,-74.03086
3193,40.62444,-74.04012
3194,40.639297,-74.0353
3195,40.62794,-74.03251
3196,40.626785,-74.030045
3197,40.639297,-74.0353
3198,40.639297,-74.0353
3199,40.62696,-74.02204
3200,40.63372,-74.026535
3201,40.63678,-74.0273
3202,40.62512,-74.0241
3203,40.634426,-74.03121
3204,40.62696,-74.02204
3205,40.62303,-74.039406
3206,40.632957,-74.02154
3207,40.63235,-74.02408
3208,40.631065,-74.02825
3209,40.634296,-74.03065
3210,40.636276,-74.03643
3211,40.626133,-74.03031
3212,40.62455,-74.03684
3213,40.635002,-74.03266
3214,40.630043,-74.03584
3215,40.622902,-74.0299
3216,40.631325,-74.024666
3217,40.62839,-74.02724
3218,40.634895,-74.036385
3219,40.639297,-74.0353
3220,40.632214,-74.03219
3221,40.633762,-74.0321
3222,40.632652,-74.02233
3223,40.63566,-74.02936
3224,40.63107,-74.03516
3225,40.622513,-74.038315
3226,40.629498,-74.02522
3227,40.622948,-74.03037
3228,40.636036,-74.03664
3229,40.62286,-74.02802
3230,40.635075,-74.03175
3231,40.636036,-74.03664
3232,40.63359,-74.02659
3233,40.623894,-74.031525
3234,40.639297,-74.0353
3235,40.63364,-74.0302
3236,40.627655,-74.02616
3237,40.63566,-74.02936
3238,40.630646,-74.024864
3239,40.63564,-74.02931
3240,40.62341,-74.03958
3241,40.635075,-74.03175
3242,40.62554,-74.03843
3243,40.632214,-74.03219
3244,40.6355,-74.028786
3245,40.63204,-74.035866
3246,40.63364,-74.0302
3247,40.635075,-74.03175
3248,40.633865,-74.02241
3249,40.63062,-74.028435
3250,40.631603,-74.03776
3251,40.61492,-74.01257
3252,40.61709,-73.99793
3253,40.615646,-74.00111
3254,40.614086,-73.999565
3255,40.61995,-74.01346
3256,40.618164,-74.01108
3257,40.60898,-73.99906
3258,40.618366,-73.99762
3259,40.619385,-74.01597
3260,40.62139,-74.01131
3261,40.618073,-74.010925
3262,40.613895,-74.005516
3263,40.615288,-73.999825
3264,40.618103,-74.01098
3265,40.612,-74.00683
3266,40.61549,-74.008156
3267,40.611767,-74.00633
3268,40.617416,-74.00149
3269,40.616318,-74.007675
3270,40.619587,-74.00432
3271,40.61686,-73.99813
3272,40.614548,-74.00509
3273,40.60899,-74.004944
3274,40.6094,-74.01119
3275,40.617023,-73.9984
3276,40.619694,-74.01001
3277,40.617023,-73.9984
3278,40.600513,-73.99977
3279,40.60272,-74.0126
3280,40.600513,-73.99977
3281,40.604378,-74.015976
3282,40.59713,-73.99719
3283,40.600483,-73.99991
3284,40.603706,-74.01417
3285,40.6082,-74.004776
3286,40.602882,-74.01174
3287,40.60116,-74.00787
3288,40.60207,-74.006996
3289,40.59758,-73.9987
3290,40.60204,-74.00703
3291,40.60394,-74.01393
3292,40.6033,-74.014465
3293,40.606876,-73.99784
3294,40.605644,-74.00958
3295,40.604782,-74.009254
3296,40.604782,-74.009254
3297,40.602882,-74.01174
3298,40.603718,-74.01329
3299,40.60031,-74.00838
3300,40.60344,-74.003876
3301,40.597736,-73.998634
3302,40.603523,-74.00383
3303,40.597736,-73.998634
3304,40.608585,-74.014465
3305,40.6027,-74.01311
3306,40.597736,-73.998634
3307,40.608585,-74.014465
3308,40.60763,-73.99967
3309,40.600197,-73.99356
3310,40.6002,-73.993546
3311,40.606785,-73.98789
3312,40.59647,-73.99383
3313,40.6075,-73.97697
3314,40.60842,-73.98391
3315,40.604736,-73.97588
3316,40.60481,-73.991974
3317,40.5982,-73.9959
3318,40.60267,-73.991455
3319,40.6075,-73.97697
3320,40.601414,-73.99597
3321,40.60267,-73.991455
3322,40.5982,-73.9959
3323,40.601414,-73.99597
3324,40.60714,-73.98574
3325,40.602295,-73.99338
3326,40.605217,-73.98345
3327,40.605022,-73.97685
3328,40.607567,-73.9751
3329,40.53857,-74.14278
3330,40.535126,-74.15036
3331,40.537853,-74.161095
3332,40.538162,-74.15709
3333,40.54406,-74.15883
3334,40.537426,-74.154045
3335,40.535397,-74.15033
3336,40.539497,-74.14661
3337,40.54131,-74.14869
3338,40.529114,-74.16084
3339,40.545544,-74.1499
3340,40.545467,-74.15776
3341,40.5413,-74.148674
3342,40.540936,-74.15533
3343,40.536007,-74.158195
3344,40.535484,-74.15501
3345,40.541763,-74.15839
3346,40.538,-74.14844
3347,40.54406,-74.15502
3348,40.53842,-74.15073
3349,40.539787,-74.1463
3350,40.544544,-74.158844
3351,40.543705,-74.15805
3352,40.536247,-74.156204
3353,40.54092,-74.156876
3354,40.543114,-74.151726
3355,40.536167,-74.15087
3356,40.543465,-74.14931
3357,40.544243,-74.14338
3358,40.538494,-74.14833
3359,40.541325,-74.14827
3360,40.53378,-74.15066
3361,40.542458,-74.153885
3362,40.53636,-74.15371
3363,40.53366,-74.159966
3364,40.54084,-74.15973
3365,40.540565,-74.15937
3366,40.535786,-74.15875
3367,40.52935,-74.16055
3368,40.536503,-74.15589
3369,40.538704,-74.15311
3370,40.538578,-74.14279
3371,40.531265,-74.15773
3372,40.543255,-74.14906
3373,40.545174,-74.158394
3374,40.538303,-74.15499
3375,40.538334,-74.153114
3376,40.537315,-74.14617
3377,40.54256,-74.14539
3378,40.536102,-74.14893
3379,40.540783,-74.16016
3380,40.536766,-74.15385
3381,40.534466,-74.150536
3382,40.529606,-74.15945
3383,40.54547,-74.157776
3384,40.53991,-74.14647
3385,40.543034,-74.152885
3386,40.545753,-74.14089
3387,40.53964,-74.1451
3388,40.535263,-74.150604
3389,40.544865,-74.147865
3390,40.53844,-74.15624
3391,40.541477,-74.15698
3392,40.54484,-74.15512
3393,40.541656,-74.15757
3394,40.532997,-74.16097
3395,40.543537,-74.14789
3396,40.530457,-74.16107
3397,40.54285,-74.15426
3398,40.537067,-74.15436
3399,40.538578,-74.14279
3400,40.541656,-74.15757
3401,40.541,-74.16109
3402,40.536896,-74.15911
3403,40.538692,-74.16031
3404,40.537807,-74.15268
3405,40.53745,-74.15353
3406,40.533566,-74.15226
3407,40.54547,-74.15777
3408,40.53768,-74.15394
3409,40.535767,-74.153564
3410,40.54507,-74.1426
3411,40.537453,-74.14561
3412,40.542812,-74.14469
3413,40.537346,-74.14752
3414,40.540592,-74.144424
3415,40.53569,-74.15538
3416,40.588562,-73.9907
3417,40.592747,-73.97752
3418,40.590263,-73.97565
3419,40.577305,-73.997314
3420,40.59396,-73.976715
3421,40.576828,-73.995964
3422,40.58553,-73.98717
3423,40.577427,-73.97379
3424,40.587227,-73.987175
3425,40.58727,-73.98713
3426,40.590572,-73.99108
3427,40.59223,-73.99114
3428,40.58853,-73.989494
3429,40.57763,-73.9739
3430,40.589466,-73.99113
3431,40.589466,-73.99113
3432,40.5793,-74.00224
3433,40.585426,-73.983475
3434,40.585426,-73.983475
3435,40.57477,-74.00893
3436,40.577427,-73.97379
3437,40.589005,-73.991844
3438,40.58763,-73.98675
3439,40.575443,-74.00154
3440,40.576736,-73.993126
3441,40.575256,-73.97428
3442,40.592407,-73.99157
3443,40.58763,-73.98675
3444,40.593014,-73.97415
3445,40.562645,-74.10056
3446,40.558468,-74.10742
3447,40.56994,-74.09607
3448,40.562813,-74.10339
3449,40.56094,-74.11188
3450,40.56065,-74.113144
3451,40.560368,-74.10726
3452,40.56469,-74.101135
3453,40.57083,-74.09678
3454,40.560593,-74.11126
3455,40.56193,-74.103745
3456,40.563232,-74.09934
3457,40.570606,-74.09466
3458,40.55822,-74.11363
3459,40.562645,-74.09973
3460,40.559624,-74.112434
3461,40.563393,-74.09975
3462,40.565536,-74.10368
3463,40.56311,-74.10057
3464,40.562122,-74.10403
3465,40.55946,-74.11073
3466,40.56309,-74.10003
3467,40.563583,-74.10223
3468,40.563095,-74.10379
3469,40.558903,-74.10969
3470,40.563904,-74.09874
3471,40.564312,-74.10073
3472,40.56422,-74.1076
3473,40.565422,-74.10209
3474,40.56062,-74.106064
3475,40.558666,-74.10777
3476,40.560383,-74.110886
3477,40.56334,-74.10049
3478,40.569824,-74.112335
3479,40.542717,-74.15863
3480,40.54202,-74.150475
3481,40.536404,-74.16048
3482,40.545467,-74.15776
3483,40.544006,-74.15724
3484,40.535927,-74.14995
3485,40.539715,-74.1462
3486,40.545612,-74.15247
3487,40.544544,-74.15931
3488,40.538975,-74.15382
3489,40.54238,-74.15337
3490,40.53004,-74.157486
3491,40.542778,-74.15532
3492,40.54088,-74.14468
3493,40.533676,-74.151726
3494,40.538788,-74.14297
3495,40.53138,-74.1573
3496,40.538025,-74.15626
3497,40.535294,-74.14934
3498,40.53015,-74.1588
3499,40.54046,-74.15952
3500,40.536896,-74.15312
3501,40.536488,-74.153366
3502,40.54285,-74.15497
3503,40.531967,-74.161156
3504,40.537663,-74.1486
3505,40.538982,-74.15338
3506,40.537663,-74.145775
3507,40.537636,-74.14575
3508,40.542007,-74.145065
3509,40.545166,-74.14143
3510,40.54516,-74.141426
3511,40.542305,-74.15554
3512,40.541275,-74.1464
3513,40.52964,-74.15989
3514,40.538578,-74.14279
3515,40.54516,-74.141426
3516,40.54271,-74.1575
3517,40.539635,-74.15856
3518,40.53889,-74.15375
3519,40.538857,-74.155525
3520,40.591343,-74.084045
3521,40.57356,-74.091415
3522,40.5791,-74.107445
3523,40.594063,-74.07612
3524,40.592567,-74.07727
3525,40.573112,-74.10015
3526,40.580128,-74.09438
3527,40.582653,-74.10373
3528,40.57406,-74.10327
3529,40.580544,-74.104774
3530,40.587826,-74.10556
3531,40.58946,-74.07873
3532,40.584038,-74.10152
3533,40.594597,-74.07121
3534,40.579086,-74.09408
3535,40.595024,-74.07711
3536,40.57342,-74.089485
3537,40.59247,-74.073
3538,40.573967,-74.09898
3539,40.58087,-74.09592
3540,40.590614,-74.074036
3541,40.592,-74.07481
3542,40.59046,-74.097115
3543,40.593044,-74.07694
3544,40.57716,-74.101944
3545,40.583145,-74.10577
3546,40.58861,-74.07367
3547,40.588215,-74.097466
3548,40.59199,-74.0748
3549,40.593754,-74.09687
3550,40.59263,-74.07064
3551,40.587406,-74.08788
3552,40.595036,-74.09361
3553,40.575386,-74.10966
3554,40.58564,-74.09665
3555,40.576958,-74.113976
3556,40.59138,-74.094864
3557,40.576805,-74.11354
3558,40.59288,-74.10458
3559,40.576042,-74.10845
3560,40.593246,-74.09527
3561,40.58341,-74.10118
3562,40.581444,-74.08719
3563,40.57197,-74.096375
3564,40.59509,-74.07024
3565,40.59009,-74.09082
3566,40.574406,-74.09299
3567,40.57362,-74.08973
3568,40.572662,-74.11272
3569,40.577137,-74.11299
3570,40.58369,-74.09237
3571,40.577927,-74.092545
3572,40.59367,-74.07171
3573,40.589832,-74.098175
3574,40.591846,-74.088234
3575,40.581043,-74.111244
3576,40.592888,-74.09521
3577,40.58927,-74.077705
3578,40.580917,-74.112305
3579,40.585236,-74.09073
3580,40.592613,-74.06992
3581,40.57945,-74.0948
3582,40.57124,-74.09861
3583,40.5846,-74.09726
3584,40.591915,-74.097534
3585,40.581055,-74.09517
3586,40.59016,-74.076
3587,40.574375,-74.109634
3588,40.586605,-74.0928
3589,40.580666,-74.08669
3590,40.593613,-74.09436
3591,40.58892,-74.07702
3592,40.579967,-74.09472
3593,40.573486,-74.11332
3594,40.583984,-74.10635
3595,40.57981,-74.107796
3596,40.578587,-74.11423
3597,40.572807,-74.10046
3598,40.572178,-74.09756
3599,40.572033,-74.09543
3600,40.581703,-74.10009
3601,40.57842,-74.10078
3602,40.613808,-74.10101
3603,40.6091,-74.08429
3604,40.619907,-74.08173
3605,40.61614,-74.07233
3606,40.598186,-74.07572
3607,40.606373,-74.08765
3608,40.612125,-74.07709
3609,40.619072,-74.10069
3610,40.60793,-74.100845
3611,40.606625,-74.09948
3612,40.615875,-74.07713
3613,40.616047,-74.08246
3614,40.609226,-74.073265
3615,40.62138,-74.11181
3616,40.618984,-74.0996
3617,40.61975,-74.08609
3618,40.610012,-74.07649
3619,40.603416,-74.08911
3620,40.610687,-74.07445
3621,40.612823,-74.09917
3622,40.615105,-74.079185
3623,40.617573,-74.0758
3624,40.597286,-74.09216
3625,40.615948,-74.07675
3626,40.60357,-74.082535
3627,40.60552,-74.087944
3628,40.598984,-74.09092
3629,40.620106,-74.109825
3630,40.61431,-74.07974
3631,40.59994,-74.09444
3632,40.61248,-74.08124
3633,40.57323,-74.090645
3634,40.57911,-74.09833
3635,40.58602,-74.095474
3636,40.590645,-74.07626
3637,40.590645,-74.07626
3638,40.5906,-74.07919
3639,40.593918,-74.0719
3640,40.592335,-74.06835
3641,40.58468,-74.0976
3642,40.577328,-74.09658
3643,40.572502,-74.09132
3644,40.5774,-74.10394
3645,40.58767,-74.08668
3646,40.581932,-74.10676
3647,40.579494,-74.10775
3648,40.594105,-74.070915
3649,40.57565,-74.10936
3650,40.590546,-74.09573
3651,40.576424,-74.10714
3652,40.580605,-74.10681
3653,40.57886,-74.10452
3654,40.591404,-74.08352
3655,40.59045,-74.07182
3656,40.591824,-74.10911
3657,40.580383,-74.11107
3658,40.5959,-74.08339
3659,40.595592,-74.07747
3660,40.571255,-74.11006
3661,40.58086,-74.095146
3662,40.57282,-74.0928
3663,40.5795,-74.111046
3664,40.579765,-74.08848
3665,40.58957,-74.10038
3666,40.573677,-74.0937
3667,40.581055,-74.09517
3668,40.584892,-74.10092
3669,40.58391,-74.111374
3670,40.581295,-74.0879
3671,40.576912,-74.09576
3672,40.587757,-74.097176
3673,40.580196,-74.10186
3674,40.573437,-74.10318
3675,40.574226,-74.089325
3676,40.58468,-74.0976
3677,40.59257,-74.093
3678,40.58775,-74.09717
3679,40.58085,-74.08862
3680,40.575405,-74.11315
3681,40.592464,-74.081566
3682,40.574944,-74.1107
3683,40.57494,-74.09403
3684,40.595634,-74.07749
3685,40.58337,-74.10046
3686,40.57528,-74.10639
3687,40.576744,-74.08872
3688,40.595158,-74.10383
3689,40.5712,-74.11331
3690,40.587738,-74.09961
3691,40.572308,-74.09592
3692,40.592285,-74.082275
3693,40.579494,-74.10775
3694,40.595226,-74.06983
3695,40.593742,-74.0985
3696,40.57137,-74.098045
3697,40.58479,-74.09712
3698,40.580265,-74.08023
3699,40.587524,-74.09671
3700,40.574432,-74.0897
3701,40.573414,-74.09215
3702,40.58951,-74.07649
3703,40.58364,-74.100845
3704,40.57917,-74.10323
3705,40.57339,-74.103226
3706,40.577,-74.09624
3707,40.57459,-74.09672
3708,40.58817,-74.09753
3709,40.576622,-74.095825
3710,40.579773,-74.10772
3711,40.580105,-74.087296
3712,40.58364,-74.100845
3713,40.58686,-74.090126
3714,40.577335,-74.09848
3715,40.595676,-74.093315
3716,40.57532,-74.09577
3717,40.595123,-74.09269
3718,40.5795,-74.107765
3719,40.579773,-74.10772
3720,40.576645,-74.097435
3721,40.592567,-74.077675
3722,40.58639,-74.089264
3723,40.576366,-74.09559
3724,40.588387,-74.11054
3725,40.591736,-74.07786
3726,40.573128,-74.112
3727,40.579865,-74.09824
3728,40.582867,-74.0953
3729,40.595688,-74.09824
3730,40.58307,-74.10294
3731,40.579098,-74.10743
3732,40.579773,-74.10772
3733,40.579494,-74.10775
3734,40.573875,-74.09342
3735,40.58839,-74.073425
3736,40.572453,-74.09038
3737,40.573986,-74.095604
3738,40.57907,-74.1079
3739,40.593616,-74.08058
3740,40.578953,-74.10364
3741,40.592167,-74.08475
3742,40.595654,-74.10314
3743,40.592415,-74.0734
3744,40.579548,-74.09391
3745,40.59192,-74.07515
3746,40.575226,-74.09045
3747,40.591064,-74.08011
3748,40.57255,-74.09141
3749,40.59024,-74.093346
3750,40.59001,-74.090645
3751,40.573868,-74.093414
3752,40.575947,-74.09591
3753,40.59552,-74.07115
3754,40.592163,-74.08476
3755,40.608677,-74.117516
3756,40.615196,-74.151596
3757,40.620953,-74.13435
3758,40.61956,-74.15509
3759,40.603626,-74.1262
3760,40.62014,-74.15961
3761,40.615417,-74.1328
3762,40.60532,-74.12652
3763,40.602764,-74.13269
3764,40.602688,-74.120125
3765,40.616955,-74.12652
3766,40.605335,-74.120575
3767,40.60602,-74.13957
3768,40.6003,-74.13035
3769,40.59772,-74.134476
3770,40.602757,-74.11727
3771,40.60208,-74.13351
3772,40.614517,-74.13679
3773,40.61701,-74.13751
3774,40.60574,-74.14331
3775,40.60957,-74.12515
3776,40.61466,-74.151634
3777,40.617306,-74.12181
3778,40.616295,-74.12575
3779,40.608578,-74.13434
3780,40.617912,-74.13755
3781,40.612312,-74.12024
3782,40.61111,-74.13701
3783,40.61393,-74.14592
3784,40.61604,-74.127884
3785,40.610645,-74.13649
3786,40.608837,-74.14069
3787,40.61464,-74.11662
3788,40.618008,-74.12175
3789,40.615314,-74.1415
3790,40.611546,-74.134476
3791,40.619507,-74.12001
3792,40.618526,-74.12051
3793,40.609753,-74.12964
3794,40.609516,-74.156525
3795,40.616344,-74.11835
3796,40.619534,-74.12702
3797,40.61459,-74.1341
3798,40.61455,-74.15973
3799,40.60807,-74.151024
3800,40.606415,-74.11502
3801,40.61833,-74.139946
3802,40.61859,-74.15207
3803,40.61267,-74.15953
3804,40.60372,-74.116844
3805,40.618916,-74.15371
3806,40.61748,-74.13482
3807,40.614914,-74.13306
3808,40.619396,-74.14779
3809,40.602074,-74.1335
3810,40.614414,-74.146194
3811,40.60605,-74.11971
3812,40.616028,-74.14654
3813,40.602863,-74.132164
3814,40.61466,-74.151634
3815,40.614853,-74.134
3816,40.61905,-74.14452
3817,40.605316,-74.12967
3818,40.603672,-74.13798
3819,40.610733,-74.1405
3820,40.619568,-74.1551
3821,40.61327,-74.14494
3822,40.6196,-74.143524
3823,40.618683,-74.14965
3824,40.617928,-74.12264
3825,40.619793,-74.13864
3826,40.607513,-74.12741
3827,40.60274,-74.11826
3828,40.614353,-74.15979
3829,40.618393,-74.1557
3830,40.61658,-74.138664
3831,40.60205,-74.11759
3832,40.604317,-74.1384
3833,40.61697,-74.126335
3834,40.61666,-74.126595
3835,40.60743,-74.1333
3836,40.61597,-74.14105
3837,40.617428,-74.13049
3838,40.60865,-74.13283
3839,40.604,-74.14228
3840,40.609165,-74.13345
3841,40.621243,-74.13224
3842,40.59955,-74.12967
3843,40.61742,-74.1305
3844,40.606075,-74.12838
3845,40.612328,-74.1608
3846,40.61422,-74.15893
3847,40.619568,-74.1551
3848,40.601616,-74.1329
3849,40.611187,-74.11836
3850,40.61368,-74.151886
3851,40.617146,-74.14292
3852,40.607468,-74.12945
3853,40.6072,-74.15958
3854,40.605583,-74.11581
3855,40.61451,-74.12658
3856,40.608814,-74.131805
3857,40.598698,-74.13754
3858,40.599873,-74.13387
3859,40.600334,-74.13824
3860,40.60978,-74.11697
3861,40.601337,-74.11852
3862,40.61627,-74.146904
3863,40.614082,-74.1149
3864,40.61466,-74.151634
3865,40.61673,-74.13501
3866,40.60238,-74.11665
3867,40.620323,-74.14861
3868,40.62121,-74.12449
3869,40.60135,-74.12124
3870,40.602528,-74.129196
3871,40.617897,-74.148834
3872,40.617542,-74.118095
3873,40.615314,-74.11803
3874,40.60075,-74.132065
3875,40.60168,-74.139694
3876,40.612045,-74.14356
3877,40.604076,-74.11954
3878,40.599148,-74.119194
3879,40.613186,-74.149445
3880,40.60129,-74.139015
3881,40.610184,-74.1376
3882,40.61878,-74.124916
3883,40.60494,-74.12345
3884,40.614395,-74.147995
3885,40.616,-74.149826
3886,40.62142,-74.13916
3887,40.620457,-74.127525
3888,40.605595,-74.14555
3889,40.619522,-74.15287
3890,40.611046,-74.13901
3891,40.616707,-74.116936
3892,40.617706,-74.13804
3893,40.616787,-74.145676
3894,40.61724,-74.138985
3895,40.602333,-74.12036
3896,40.60555,-74.121574
3897,40.605476,-74.13524
3898,40.61108,-74.12841
3899,40.612385,-74.15113
3900,40.603455,-74.11677
3901,40.601486,-74.13615
3902,40.61604,-74.1289
3903,40.616302,-74.13443
3904,40.61718,-74.13463
3905,40.60954,-74.13572
3906,40.615776,-74.14366
3907,40.616432,-74.11898
3908,40.61093,-74.12386
3909,40.608063,-74.125916
3910,40.604935,-74.12054
3911,40.601646,-74.13298
3912,40.602695,-74.119705
3913,40.610443,-74.13284
3914,40.607857,-74.11803
3915,40.611588,-74.12098
3916,40.609715,-74.13351
3917,40.57458,-74.09672
3918,40.579662,-74.09857
3919,40.594543,-74.09817
3920,40.580334,-74.08036
3921,40.571384,-74.09913
3922,40.579773,-74.10772
3923,40.57342,-74.11018
3924,40.5743,-74.104744
3925,40.579914,-74.08693
3926,40.571167,-74.095345
3927,40.592293,-74.09519
3928,40.57907,-74.1079
3929,40.593163,-74.08127
3930,40.583202,-74.09334
3931,40.595722,-74.06956
3932,40.58106,-74.087456
3933,40.58468,-74.0976
3934,40.591988,-74.07379
3935,40.579494,-74.10775
3936,40.590546,-74.09573
3937,40.59427,-74.09019
3938,40.57979,-74.11221
3939,40.577435,-74.10779
3940,40.581882,-74.102615
3941,40.5788,-74.08663
3942,40.5795,-74.107765
3943,40.5728,-74.09344
3944,40.576645,-74.08369
3945,40.5767,-74.08375
3946,40.586895,-74.092094
3947,40.5791,-74.10744
3948,40.577656,-74.08109
3949,40.573395,-74.10167
3950,40.5738,-74.09464
3951,40.57248,-74.0908
3952,40.574623,-74.10162
3953,40.593327,-74.08103
3954,40.574272,-74.09314
3955,40.59291,-74.08943
3956,40.57419,-74.09303
3957,40.579105,-74.107445
3958,40.51344,-74.247345
3959,40.51411,-74.19515
3960,40.502464,-74.237785
3961,40.51141,-74.23309
3962,40.50725,-74.245995
3963,40.510143,-74.25049
3964,40.50972,-74.24377
3965,40.501457,-74.23434
3966,40.513985,-74.24074
3967,40.50733,-74.25472
3968,40.50519,-74.24818
3969,40.510876,-74.25182
3970,40.51328,-74.23931
3971,40.5017,-74.2377
3972,40.50029,-74.24454
3973,40.5017,-74.23772
3974,40.51278,-74.24869
3975,40.50453,-74.24921
3976,40.504665,-74.241196
3977,40.513058,-74.24117
3978,40.512398,-74.23625
3979,40.504223,-74.25094
3980,40.504704,-74.223495
3981,40.51996,-74.2124
3982,40.504868,-74.23744
3983,40.502464,-74.237785
3984,40.503757,-74.251045
3985,40.50721,-74.25328
3986,40.507366,-74.231735
3987,40.507366,-74.231735
3988,40.5145,-74.195435
3989,40.511646,-74.24602
3990,40.510765,-74.23922
3991,40.509712,-74.24163
3992,40.520123,-74.19608
3993,40.50179,-74.24797
3994,40.511814,-74.24797
3995,40.51891,-74.20062
3996,40.499523,-74.24011
3997,40.502457,-74.23778
3998,40.618095,-74.12075
3999,40.60029,-74.12356
4000,40.615685,-74.121155
4001,40.608948,-74.13344
4002,40.611546,-74.13539
4003,40.59927,-74.13715
4004,40.605923,-74.15995
4005,40.618298,-74.13718
4006,40.599415,-74.12841
4007,40.616367,-74.13698
4008,40.602768,-74.11672
4009,40.61846,-74.13815
4010,40.619175,-74.13848
4011,40.6143,-74.145004
4012,40.6096,-74.12859
4013,40.605324,-74.12252
4014,40.618523,-74.140495
4015,40.602943,-74.13825
4016,40.610294,-74.13566
4017,40.606167,-74.12996
4018,40.618027,-74.15632
4019,40.61956,-74.15509
4020,40.60895,-74.1338
4021,40.61984,-74.15266
4022,40.61687,-74.11897
4023,40.616318,-74.12201
4024,40.601215,-74.129944
4025,40.602818,-74.1222
4026,40.60075,-74.132065
4027,40.599133,-74.13366
4028,40.608997,-74.16029
4029,40.617584,-74.12799
4030,40.601624,-74.132904
4031,40.60223,-74.13479
4032,40.610645,-74.15031
4033,40.621235,-74.1371
4034,40.60013,-74.125534
4035,40.616936,-74.137794
4036,40.60574,-74.12026
4037,40.60013,-74.134995
4038,40.600845,-74.13249
4039,40.59031,-74.07868
4040,40.5795,-74.107765
4041,40.591,-74.10389
4042,40.588314,-74.085846
4043,40.583073,-74.09309
4044,40.59356,-74.09589
4045,40.572964,-74.11232
4046,40.574272,-74.10469
4047,40.57389,-74.10341
4048,40.586205,-74.088844
4049,40.57426,-74.10468
4050,40.572044,-74.094086
4051,40.572487,-74.10075
4052,40.57357,-74.09309
4053,40.59457,-74.06855
4054,40.595592,-74.07226
4055,40.593327,-74.0838
4056,40.57176,-74.10943
4057,40.590546,-74.09573
4058,40.59457,-74.06855
4059,40.58056,-74.087135
4060,40.575752,-74.09436
4061,40.59306,-74.08375
4062,40.575195,-74.109505
4063,40.576954,-74.10173
4064,40.574677,-74.11393
4065,40.591076,-74.08351
4066,40.581757,-74.1064
4067,40.581203,-74.103745
4068,40.587856,-74.097946
4069,40.579803,-74.08744
4070,40.574203,-74.09602
4071,40.5788,-74.07931
4072,40.586433,-74.08748
4073,40.59231,-74.068665
4074,40.59334,-74.073456
4075,40.59275,-74.09494
4076,40.58361,-74.105
4077,40.573654,-74.112175
4078,40.589153,-74.1004
4079,40.576942,-74.09647
4080,40.58491,-74.09731
4081,40.593864,-74.092735
4082,40.580906,-74.08716
4083,40.574474,-74.08977
4084,40.5843,-74.09117
4085,40.574623,-74.10163
4086,40.583168,-74.093994
4087,40.58689,-74.09242
4088,40.58616,-74.08774
4089,40.57116,-74.11385
4090,40.591503,-74.08093
4091,40.5795,-74.107765
4092,40.581013,-74.08736
4093,40.579914,-74.08766
4094,40.585106,-74.095924
4095,40.585106,-74.095924
4096,40.584736,-74.08976
4097,40.587288,-74.08791
4098,40.580246,-74.11033
4099,40.581085,-74.10578
4100,40.574223,-74.09642
4101,40.582256,-74.08694
4102,40.5891,-74.10069
4103,40.58489,-74.10092
4104,40.584778,-74.10591
4105,40.588696,-74.074
4106,40.57823,-74.09315
4107,40.582855,-74.09456
4108,40.60256,-74.13446
4109,40.605038,-74.11988
4110,40.61508,-74.13168
4111,40.61491,-74.134735
4112,40.607372,-74.14706
4113,40.598904,-74.13821
4114,40.59934,-74.13652
4115,40.607445,-74.147125
4116,40.61618,-74.15037
4117,40.61791,-74.129395
4118,40.60251,-74.13447
4119,40.60834,-74.14027
4120,40.618862,-74.130066
4121,40.617184,-74.13934
4122,40.601192,-74.12122
4123,40.61152,-74.12936
4124,40.61678,-74.12864
4125,40.615562,-74.14371
4126,40.616245,-74.15073
4127,40.603497,-74.12938
4128,40.607414,-74.147125
4129,40.617527,-74.11618
4130,40.616844,-74.1477
4131,40.605026,-74.11987
4132,40.61011,-74.131805
4133,40.598995,-74.12869
4134,40.615387,-74.128044
4135,40.61796,-74.134674
4136,40.603764,-74.123856
4137,40.61814,-74.14066
4138,40.607254,-74.11696
4139,40.61622,-74.14262
4140,40.60118,-74.12539
4141,40.617676,-74.11748
4142,40.616783,-74.11995
4143,40.615353,-74.132355
4144,40.599945,-74.12694
4145,40.59894,-74.12783
4146,40.61369,-74.15189
4147,40.613102,-74.13443
4148,40.610718,-74.14238
4149,40.612385,-74.15113
4150,40.618156,-74.12446
4151,40.609886,-74.13445
4152,40.600624,-74.13653
4153,40.61348,-74.12496
4154,40.60103,-74.128654
4155,40.606533,-74.14681
4156,40.61517,-74.151375
4157,40.618603,-74.1298
4158,40.60613,-74.13857
4159,40.604286,-74.120094
4160,40.613167,-74.13386
4161,40.610756,-74.147675
4162,40.621384,-74.12955
4163,40.615,-74.137375
4164,40.614677,-74.118195
4165,40.61812,-74.13742
4166,40.603123,-74.12365
4167,40.60448,-74.160484
4168,40.612484,-74.14638
4169,40.61245,-74.123726
4170,40.615616,-74.145004
4171,40.619514,-74.15285
4172,40.619003,-74.1377
4173,40.609,-74.13567
4174,40.606136,-74.13563
4175,40.60049,-74.13388
4176,40.613926,-74.14242
4177,40.6148,-74.152245
4178,40.61313,-74.1295
4179,40.618774,-74.15181
4180,40.612614,-74.14851
4181,40.599422,-74.1284
4182,40.60075,-74.132065
4183,40.61466,-74.151634
4184,40.60467,-74.13528
4185,40.618156,-74.12971
4186,40.60315,-74.12523
4187,40.611973,-74.11579
4188,40.602142,-74.13205
4189,40.604877,-74.138084
4190,40.618034,-74.15633
4191,40.61456,-74.13402
4192,40.6181,-74.14842
4193,40.61401,-74.1172
4194,40.62015,-74.151985
4195,40.60079,-74.11815
4196,40.612385,-74.15113
4197,40.61779,-74.14918
4198,40.61354,-74.12982
4199,40.61164,-74.145134
4200,40.604668,-74.14228
4201,40.61697,-74.12248
4202,40.620358,-74.1481
4203,40.609364,-74.131905
4204,40.59852,-74.12476
4205,40.611004,-74.12932
4206,40.62091,-74.1253
4207,40.602993,-74.11858
4208,40.59936,-74.12876
4209,40.62115,-74.14507
4210,40.608807,-74.13472
4211,40.619343,-74.11903
4212,40.62095,-74.12537
4213,40.607403,-74.13365
4214,40.615185,-74.151505
4215,40.609516,-74.156525
4216,40.601616,-74.1329
4217,40.600967,-74.12901
4218,40.610992,-74.139015
4219,40.601055,-74.13308
4220,40.611084,-74.1393
4221,40.60395,-74.12772
4222,40.61873,-74.14134
4223,40.61731,-74.12715
4224,40.611324,-74.13539
4225,40.61611,-74.12437
4226,40.61956,-74.155106
4227,40.613167,-74.13762
4228,40.59931,-74.13659
4229,40.60367,-74.11859
4230,40.619267,-74.120514
4231,40.61369,-74.15189
4232,40.606712,-74.11467
4233,40.617737,-74.14051
4234,40.614746,-74.1396
4235,40.604034,-74.13467
4236,40.61652,-74.15064
4237,40.6046,-74.12829
4238,40.619522,-74.15287
4239,40.609325,-74.11469
4240,40.617416,-74.12391
4241,40.609528,-74.15653
4242,40.61653,-74.14746
4243,40.61295,-74.14047
4244,40.609592,-74.125046
4245,40.606724,-74.144684
4246,40.613907,-74.13304
4247,40.601616,-74.118324
4248,40.618305,-74.15685
4249,40.620956,-74.13326
4250,40.6126,-74.116196
4251,40.601074,-74.13806
4252,40.616646,-74.14461
4253,40.618687,-74.16034
4254,40.614918,-74.14566
4255,40.60683,-74.12731
4256,40.617126,-74.15047
4257,40.60327,-74.129
4258,40.606403,-74.138214
4259,40.62103,-74.146996
4260,40.609978,-74.13256
4261,40.614456,-74.15921
4262,40.618084,-74.13509
4263,40.613625,-74.130516
4264,40.61258,-74.13379
4265,40.605564,-74.116066
4266,40.6006,-74.130394
4267,40.61055,-74.12381
4268,40.602665,-74.12806
4269,40.611855,-74.1507
4270,40.60991,-74.11709
4271,40.618073,-74.14358
4272,40.615723,-74.156006
4273,40.5988,-74.137054
4274,40.613724,-74.159996
4275,40.603188,-74.12401
4276,40.571148,-74.14213
4277,40.581085,-74.16111
4278,40.594673,-74.160194
4279,40.571445,-74.12666
4280,40.571404,-74.13502
4281,40.589336,-74.15963
4282,40.58928,-74.14506
4283,40.573566,-74.13676
4284,40.580708,-74.160225
4285,40.589745,-74.149506
4286,40.59306,-74.15966
4287,40.59181,-74.14965
4288,40.583008,-74.15805
4289,40.58667,-74.15474
4290,40.572853,-74.12353
4291,40.57143,-74.12568
4292,40.583,-74.15804
4293,40.587933,-74.152756
4294,40.572533,-74.12929
4295,40.5775,-74.11811
4296,40.58582,-74.16078
4297,40.58076,-74.154945
4298,40.589684,-74.15584
4299,40.586433,-74.15113
4300,40.57552,-74.12491
4301,40.590584,-74.14814
4302,40.575356,-74.1166
4303,40.57708,-74.12516
4304,40.590286,-74.1503
4305,40.590584,-74.14814
4306,40.57399,-74.1434
4307,40.591133,-74.15014
4308,40.577927,-74.16111
4309,40.591457,-74.15266
4310,40.580925,-74.13186
4311,40.586685,-74.15162
4312,40.57351,-74.12466
4313,40.59457,-74.1547
4314,40.578007,-74.1605
4315,40.571323,-74.12795
4316,40.585155,-74.15402
4317,40.594673,-74.160194
4318,40.586315,-74.14963
4319,40.581085,-74.16111
4320,40.593063,-74.159676
4321,40.581097,-74.16112
4322,40.577133,-74.15986
4323,40.5812,-74.15757
4324,40.583,-74.15806
4325,40.591553,-74.15398
4326,40.586113,-74.14671
4327,40.593063,-74.15968
4328,40.584606,-74.14901
4329,40.58888,-74.15383
4330,40.591827,-74.15594
4331,40.5711,-74.12667
4332,40.59181,-74.14965
4333,40.594273,-74.15519
4334,40.5765,-74.117294
4335,40.57687,-74.125725
4336,40.58627,-74.14769
4337,40.578075,-74.122
4338,40.57939,-74.1328
4339,40.578365,-74.12213
4340,40.57737,-74.1256
4341,40.59012,-74.155075
4342,40.590214,-74.14725
4343,40.591805,-74.1555
4344,40.58374,-74.16005
4345,40.571815,-74.1351
4346,40.575275,-74.1265
4347,40.573334,-74.11852
4348,40.591827,-74.15502
4349,40.580463,-74.15692
4350,40.588257,-74.15528
4351,40.59045,-74.15212
4352,40.589077,-74.15054
4353,40.577206,-74.119446
4354,40.583008,-74.15805
4355,40.58174,-74.156456
4356,40.59034,-74.15809
4357,40.57588,-74.12658
4358,40.591137,-74.15013
4359,40.59137,-74.15513
4360,40.581413,-74.15606
4361,40.571316,-74.11951
4362,40.577667,-74.11836
4363,40.571922,-74.13421
4364,40.584465,-74.15846
4365,40.571224,-74.13412
4366,40.572407,-74.12216
4367,40.58071,-74.16022
4368,40.586025,-74.14812
4369,40.590584,-74.14814
4370,40.578655,-74.122505
4371,40.590576,-74.14815
4372,40.589504,-74.15722
4373,40.57655,-74.12516
4374,40.574562,-74.12605
4375,40.588814,-74.149864
4376,40.58607,-74.16053
4377,40.578007,-74.1605
4378,40.579613,-74.156204
4379,40.578014,-74.16052
4380,40.572918,-74.12899
4381,40.57946,-74.11876
4382,40.580822,-74.12723
4383,40.593185,-74.151794
4384,40.5807,-74.16021
4385,40.59181,-74.14965
4386,40.590275,-74.15238
4387,40.581245,-74.15833
4388,40.59003,-74.15328
4389,40.57342,-74.13754
4390,40.584007,-74.14923
4391,40.593067,-74.15968
4392,40.582035,-74.13249
4393,40.571983,-74.11513
4394,40.594673,-74.160194
4395,40.572018,-74.12613
4396,40.583538,-74.15967
4397,40.588436,-74.15364
4398,40.595657,-74.15925
4399,40.57621,-74.1158
4400,40.572044,-74.12519
4401,40.592422,-74.15177
4402,40.59092,-74.16101
4403,40.577984,-74.12664
4404,40.585514,-74.15045
4405,40.57258,-74.129364
4406,40.579006,-74.15848
4407,40.58642,-74.14702
4408,40.5807,-74.16021
4409,40.59307,-74.159676
4410,40.572536,-74.13636
4411,40.58046,-74.156906
4412,40.579006,-74.15848
4413,40.57161,-74.13332
4414,40.59307,-74.159676
4415,40.59058,-74.148155
4416,40.57754,-74.126045
4417,40.591892,-74.15142
4418,40.571518,-74.12583
4419,40.59307,-74.15967
4420,40.590584,-74.14814
4421,40.581192,-74.157555
4422,40.59112,-74.15944
4423,40.578297,-74.15779
4424,40.577503,-74.1259
4425,40.58094,-74.134125
4426,40.591892,-74.15588
4427,40.57133,-74.141884
4428,40.590576,-74.14813
4429,40.59181,-74.14965
4430,40.586864,-74.147514
4431,40.58795,-74.15065
4432,40.581196,-74.157555
4433,40.594677,-74.16021
4434,40.591457,-74.160034
4435,40.581413,-74.15606
4436,40.590576,-74.14815
4437,40.585857,-74.16032
4438,40.572098,-74.11758
4439,40.589176,-74.14248
4440,40.59058,-74.148155
4441,40.58676,-74.16102
4442,40.57125,-74.118095
4443,40.583008,-74.158066
4444,40.574165,-74.12402
4445,40.578,-74.16049
4446,40.585255,-74.16018
4447,40.589508,-74.15778
4448,40.590282,-74.15031
4449,40.587215,-74.160286
4450,40.571693,-74.12694
4451,40.577637,-74.11796
4452,40.57776,-74.11723
4453,40.571964,-74.125046
4454,40.59181,-74.14965
4455,40.579556,-74.11966
4456,40.586597,-74.15235
4457,40.58071,-74.16022
4458,40.571716,-74.12813
4459,40.584312,-74.15829
4460,40.571384,-74.132835
4461,40.591805,-74.14966
4462,40.588734,-74.14495
4463,40.589294,-74.15513
4464,40.572796,-74.13597
4465,40.591137,-74.15013
4466,40.57589,-74.12659
4467,40.594673,-74.160194
4468,40.571472,-74.11933
4469,40.573605,-74.14421
4470,40.57233,-74.13672
4471,40.57273,-74.13645
4472,40.576385,-74.12203
4473,40.57147,-74.11787
4474,40.59306,-74.15966
4475,40.59327,-74.1579
4476,40.588676,-74.14947
4477,40.588326,-74.14952
4478,40.578606,-74.12257
4479,40.58046,-74.156906
4480,40.58831,-74.1495
4481,40.588314,-74.149506
4482,40.577316,-74.16111
4483,40.578297,-74.15779
4484,40.591133,-74.15013
4485,40.58953,-74.15498
4486,40.583008,-74.15805
4487,40.592014,-74.15168
4488,40.58647,-74.14653
4489,40.58099,-74.15282
4490,40.57927,-74.135666
4491,40.577507,-74.125916
4492,40.57187,-74.12763
4493,40.59046,-74.1474
4494,40.59181,-74.14965
4495,40.57899,-74.13596
4496,40.578907,-74.12769
4497,40.575428,-74.14298
4498,40.591225,-74.15548
4499,40.57961,-74.13456
4500,40.589268,-74.146484
4501,40.583,-74.15804
4502,40.57885,-74.12225
4503,40.573303,-74.135704
4504,40.572678,-74.12176
4505,40.58724,-74.14958
4506,40.577133,-74.15986
4507,40.575813,-74.13618
4508,40.594673,-74.160194
4509,40.581196,-74.15756
4510,40.57223,-74.127785
4511,40.595974,-74.15797
4512,40.591133,-74.15014
4513,40.57367,-74.12042
4514,40.576584,-74.119736
4515,40.57708,-74.116
4516,40.588543,-74.14963
4517,40.58854,-74.149605
4518,40.594673,-74.160194
4519,40.572655,-74.12637
4520,40.583008,-74.15804
4521,40.59374,-74.15797
4522,40.58898,-74.15307
4523,40.588543,-74.14963
4524,40.57787,-74.12097
4525,40.57351,-74.12007
4526,40.588535,-74.149605
4527,40.593357,-74.1521
4528,40.590595,-74.15274
4529,40.57618,-74.121506
4530,40.588676,-74.14947
4531,40.576324,-74.12134
4532,40.59181,-74.14965
4533,40.58717,-74.15136
4534,40.571415,-74.11937
4535,40.58934,-74.151375
4536,40.57207,-74.12307
4537,40.69211,-73.92157
4538,40.68023,-73.906906
4539,40.696465,-73.90432
4540,40.67696,-73.88071
4541,40.68052,-73.888405
4542,40.674007,-73.90734
4543,40.692955,-73.9202
4544,40.696686,-73.89151
4545,40.68023,-73.906906
4546,40.68438,-73.92541
4547,40.678463,-73.909256
4548,40.688103,-73.910194
4549,40.687466,-73.91098
4550,40.678448,-73.894325
4551,40.697098,-73.89569
4552,40.68671,-73.923225
4553,40.684177,-73.91709
4554,40.691566,-73.90867
4555,40.69232,-73.903244
4556,40.687622,-73.91413
4557,40.687656,-73.909454
4558,40.68863,-73.91907
4559,40.68461,-73.88335
4560,40.68072,-73.89233
4561,40.718033,-73.8983
4562,40.702065,-73.90826
4563,40.72061,-73.9061
4564,40.705486,-73.917725
4565,40.718338,-73.893486
4566,40.717487,-73.88533
4567,40.716095,-73.87981
4568,40.716713,-73.88323
4569,40.698032,-73.88911
4570,40.702717,-73.92038
4571,40.718582,-73.891685
4572,40.707203,-73.899864
4573,40.7131,-73.88339
4574,40.701157,-73.916115
4575,40.718582,-73.891685
4576,40.711456,-73.90312
4577,40.706017,-73.891655
4578,40.712437,-73.90359
4579,40.70797,-73.89714
4580,40.702847,-73.91107
4581,40.70681,-73.918236
4582,40.71689,-73.90757
4583,40.717968,-73.89841
4584,40.70107,-73.923004
4585,40.704796,-73.919556
4586,40.701424,-73.88713
4587,40.714325,-73.896706
4588,40.69723,-73.90275
4589,40.715237,-73.882126
4590,40.704494,-73.88965
4591,40.707443,-73.90549
4592,40.69892,-73.89284
4593,40.705086,-73.88797
4594,40.717228,-73.88321
4595,40.721176,-73.8923
4596,40.703903,-73.892105
4597,40.70277,-73.91094
4598,40.7131,-73.88339
4599,40.715237,-73.882126
4600,40.702732,-73.91307
4601,40.703632,-73.9154
4602,40.721073,-73.88846
4603,40.704327,-73.91047
4604,40.71392,-73.910065
4605,40.70868,-73.899925
4606,40.71681,-73.88351
4607,40.704796,-73.919556
4608,40.721123,-73.88845
4609,40.71787,-73.8986
4610,40.718525,-73.893745
4611,40.70155,-73.91765
4612,40.719807,-73.90484
4613,40.719616,-73.88702
4614,40.698437,-73.902084
4615,40.710217,-73.90698
4616,40.702374,-73.911896
4617,40.713017,-73.9147
4618,40.713127,-73.90612
4619,40.71584,-73.89765
4620,40.715366,-73.90159
4621,40.705364,-73.88619
4622,40.710217,-73.90698
4623,40.700226,-73.881256
4624,40.720463,-73.88659
4625,40.71733,-73.88321
4626,40.700527,-73.92377
4627,40.713593,-73.89569
4628,40.700016,-73.889496
4629,40.72222,-73.902145
4630,40.70488,-73.89613
4631,40.698586,-73.91466
4632,40.70552,-73.89532
4633,40.722218,-73.8836
4634,40.706425,-73.89282
4635,40.704796,-73.919556
4636,40.721615,-73.891945
4637,40.718292,-73.89177
4638,40.709667,-73.898895
4639,40.71172,-73.91946
4640,40.72242,-73.8808
4641,40.72196,-73.881195
4642,40.705124,-73.88798
4643,40.71533,-73.88576
4644,40.72242,-73.8808
4645,40.71573,-73.882385
4646,40.714737,-73.902855
4647,40.72006,-73.8933
4648,40.720345,-73.891495
4649,40.719044,-73.88878
4650,40.72022,-73.89979
4651,40.705376,-73.88714
4652,40.704998,-73.88415
4653,40.722343,-73.8815
4654,40.71612,-73.786514
4655,40.712025,-73.80803
4656,40.710743,-73.79781
4657,40.710743,-73.79781
4658,40.712666,-73.78706
4659,40.710403,-73.79886
4660,40.711437,-73.78604
4661,40.711437,-73.78604
4662,40.710022,-73.79894
4663,40.71384,-73.78857
4664,40.712666,-73.78706
4665,40.712666,-73.78706
4666,40.717274,-73.79311
4667,40.71257,-73.79469
4668,40.710403,-73.79886
4669,40.71138,-73.789154
4670,40.712666,-73.78706
4671,40.711437,-73.78604
4672,40.71135,-73.78929
4673,40.713303,-73.7889
4674,40.71138,-73.789154
4675,40.71055,-73.79784
4676,40.712666,-73.78706
4677,40.715267,-73.792915
4678,40.712406,-73.79243
4679,40.711273,-73.78777
4680,40.713303,-73.7889
4681,40.715267,-73.792915
4682,40.720276,-73.808426
4683,40.71145,-73.80811
4684,40.71055,-73.79784
4685,40.710423,-73.785904
4686,40.703987,-73.920845
4687,40.702717,-73.92038
4688,40.701714,-73.8937
4689,40.716183,-73.89977
4690,40.71614,-73.89986
4691,40.72018,-73.88855
4692,40.705963,-73.900955
4693,40.700443,-73.89692
4694,40.708366,-73.912865
4695,40.699406,-73.90479
4696,40.704247,-73.8827
4697,40.701145,-73.92327
4698,40.707554,-73.91134
4699,40.718433,-73.89393
4700,40.718166,-73.88833
4701,40.70523,-73.88708
4702,40.698208,-73.89545
4703,40.71812,-73.882484
4704,40.712337,-73.88325
4705,40.703827,-73.91936
4706,40.71807,-73.88467
4707,40.708633,-73.906654
4708,40.705536,-73.88626
4709,40.69823,-73.90225
4710,40.69884,-73.92273
4711,40.701767,-73.91622
4712,40.717896,-73.90076
4713,40.70014,-73.88466
4714,40.710056,-73.9167
4715,40.698795,-73.92017
4716,40.705185,-73.886894
4717,40.701885,-73.90844
4718,40.703163,-73.879616
4719,40.714375,-73.88065
4720,40.700848,-73.894005
4721,40.701714,-73.8937
4722,40.70206,-73.90826
4723,40.681686,-73.85234
4724,40.684944,-73.85505
4725,40.67721,-73.84742
4726,40.68458,-73.86375
4727,40.688026,-73.85643
4728,40.688976,-73.85663
4729,40.680428,-73.84285
4730,40.68416,-73.86052
4731,40.67454,-73.854034
4732,40.689507,-73.860405
4733,40.68735,-73.874535
4734,40.691017,-73.85961
4735,40.69558,-73.836555
4736,40.68556,-73.8544
4737,40.686707,-73.86056
4738,40.69162,-73.85159
4739,40.69397,-73.86509
4740,40.696526,-73.848495
4741,40.671974,-73.84691
4742,40.682125,-73.86819
4743,40.673874,-73.85027
4744,40.695713,-73.848145
4745,40.691586,-73.86544
4746,40.6903,-73.859764
4747,40.69289,-73.85748
4748,40.67791,-73.87726
4749,40.685608,-73.86408
4750,40.692806,-73.840965
4751,40.688904,-73.857475
4752,40.67479,-73.842804
4753,40.688198,-73.846855
4754,40.673622,-73.84296
4755,40.677322,-73.86541
4756,40.695225,-73.84188
4757,40.69346,-73.78607
4758,40.686813,-73.79864
4759,40.695732,-73.78893
4760,40.68786,-73.791595
4761,40.688095,-73.78667
4762,40.686882,-73.79484
4763,40.69049,-73.80344
4764,40.690895,-73.80827
4765,40.688164,-73.797424
4766,40.685608,-73.78629
4767,40.68539,-73.79206
4768,40.685062,-73.79734
4769,40.68634,-73.79234
4770,40.69498,-73.78674
4771,40.69401,-73.78701
4772,40.69419,-73.8044
4773,40.68754,-73.80235
4774,40.687794,-73.80468
4775,40.695507,-73.78754
4776,40.687004,-73.79633
4777,40.69179,-73.78869
4778,40.685036,-73.795364
4779,40.685505,-73.792534
4780,40.685143,-73.795815
4781,40.69237,-73.789795
4782,40.685467,-73.797775
4783,40.69469,-73.80586
4784,40.696022,-73.78827
4785,40.72094,-73.89937
4786,40.70423,-73.90785
4787,40.712585,-73.880775
4788,40.71494,-73.88366
4789,40.722412,-73.90963
4790,40.705963,-73.893555
4791,40.70155,-73.91765
4792,40.721302,-73.88835
4793,40.715847,-73.883255
4794,40.707195,-73.917114
4795,40.703194,-73.91067
4796,40.698624,-73.90576
4797,40.71618,-73.88324
4798,40.698624,-73.90576
4799,40.698624,-73.90576
4800,40.715157,-73.901306
4801,40.71592,-73.89849
4802,40.697826,-73.90186
4803,40.698624,-73.90576
4804,40.698624,-73.90576
4805,40.719387,-73.88791
4806,40.703537,-73.909134
4807,40.705853,-73.90191
4808,40.71899,-73.90525
4809,40.722153,-73.88904
4810,40.714405,-73.88531
4811,40.720886,-73.89979
4812,40.700626,-73.89331
4813,40.70248,-73.92529
4814,40.715878,-73.87995
4815,40.70151,-73.896255
4816,40.70259,-73.89182
4817,40.682365,-73.817245
4818,40.679153,-73.81467
4819,40.678295,-73.81508
4820,40.676807,-73.809425
4821,40.67707,-73.80956
4822,40.679665,-73.81728
4823,40.68244,-73.81629
4824,40.679676,-73.832115
4825,40.67782,-73.82377
4826,40.677883,-73.82671
4827,40.681156,-73.82692
4828,40.683052,-73.8104
4829,40.676445,-73.821976
4830,40.679447,-73.8128
4831,40.68359,-73.819824
4832,40.678066,-73.81713
4833,40.680824,-73.83139
4834,40.679825,-73.82103
4835,40.68002,-73.812775
4836,40.67263,-73.82509
4837,40.680935,-73.8111
4838,40.67728,-73.811676
4839,40.673435,-73.8258
4840,40.6778,-73.82383
4841,40.679745,-73.82764
4842,40.677975,-73.817085
4843,40.674187,-73.8191
4844,40.680122,-73.809975
4845,40.679543,-73.825615
4846,40.6804,-73.79972
4847,40.67272,-73.797104
4848,40.67676,-73.79906
4849,40.68356,-73.79807
4850,40.67902,-73.80186
4851,40.679546,-73.804924
4852,40.683605,-73.798065
4853,40.67416,-73.791534
4854,40.682045,-73.79329
4855,40.67276,-73.79756
4856,40.68238,-73.80708
4857,40.67367,-73.80567
4858,40.679264,-73.80292
4859,40.684586,-73.79654
4860,40.68362,-73.79223
4861,40.683346,-73.79494
4862,40.684437,-73.78949
4863,40.679165,-73.79449
4864,40.68344,-73.791855
4865,40.676674,-73.78759
4866,40.67554,-73.79847
4867,40.673977,-73.79107
4868,40.579605,-74.1562
4869,40.594387,-74.15547
4870,40.593338,-74.15207
4871,40.588318,-74.14876
4872,40.578,-74.16049
4873,40.582947,-74.15652
4874,40.571426,-74.11434
4875,40.578175,-74.12655
4876,40.590454,-74.1535
4877,40.580616,-74.15398
4878,40.58013,-74.15415
4879,40.57437,-74.12449
4880,40.577686,-74.11475
4881,40.59454,-74.15661
4882,40.572937,-74.12456
4883,40.583008,-74.158066
4884,40.595383,-74.15554
4885,40.588272,-74.15336
4886,40.572796,-74.13597
4887,40.588814,-74.14987
4888,40.58463,-74.158775
4889,40.594673,-74.160194
4890,40.57278,-74.1334
4891,40.58046,-74.156906
4892,40.58046,-74.156906
4893,40.577255,-74.12596
4894,40.59468,-74.160194
4895,40.583008,-74.15805
4896,40.583073,-74.15827
4897,40.580128,-74.15416
4898,40.577007,-74.123405
4899,40.583447,-74.12639
4900,40.576584,-74.12533
4901,40.571396,-74.13203
4902,40.583,-74.15804
4903,40.58956,-74.15197
4904,40.587345,-74.149925
4905,40.583,-74.15804
4906,40.581093,-74.16113
4907,40.581196,-74.15756
4908,40.7156,-73.877556
4909,40.71866,-73.87323
4910,40.720776,-73.86918
4911,40.718334,-73.87611
4912,40.722332,-73.879295
4913,40.71714,-73.8604
4914,40.718987,-73.876625
4915,40.721806,-73.86674
4916,40.71848,-73.87839
4917,40.713398,-73.85836
4918,40.720295,-73.857124
4919,40.719666,-73.87233
4920,40.721104,-73.85932
4921,40.718815,-73.871254
4922,40.71347,-73.85837
4923,40.71796,-73.85683
4924,40.72218,-73.8561
4925,40.713825,-73.87452
4926,40.71495,-73.85668
4927,40.710808,-73.86354
4928,40.72218,-73.8561
4929,40.721405,-73.85614
4930,40.721405,-73.85614
4931,40.72224,-73.85627
4932,40.72037,-73.872604
4933,40.72109,-73.867455
4934,40.718723,-73.85994
4935,40.72134,-73.86683
4936,40.714157,-73.8719
4937,40.716488,-73.85723
4938,40.71904,-73.85619
4939,40.719887,-73.86847
4940,40.70725,-73.82917
4941,40.708374,-73.82841
4942,40.709534,-73.81766
4943,40.705254,-73.83245
4944,40.70841,-73.827644
4945,40.702927,-73.822624
4946,40.709606,-73.81653
4947,40.70566,-73.82151
4948,40.70981,-73.82895
4949,40.69922,-73.82289
4950,40.70729,-73.82991
4951,40.704456,-73.8289
4952,40.70936,-73.8285
4953,40.709244,-73.81041
4954,40.703037,-73.83067
4955,40.708443,-73.814575
4956,40.709515,-73.82769
4957,40.705177,-73.83225
4958,40.70936,-73.8285
4959,40.70242,-73.81736
4960,40.708942,-73.8159
4961,40.69818,-73.818825
4962,40.716698,-73.835594
4963,40.718704,-73.84548
4964,40.717377,-73.840744
4965,40.721115,-73.85131
4966,40.718918,-73.83648
4967,40.7117,-73.85124
4968,40.719513,-73.83883
4969,40.712963,-73.84334
4970,40.71236,-73.84872
4971,40.71283,-73.834656
4972,40.717766,-73.83857
4973,40.717957,-73.85317
4974,40.72159,-73.846115
4975,40.712585,-73.8342
4976,40.720486,-73.83684
4977,40.72161,-73.84088
4978,40.706703,-73.86276
4979,40.70422,-73.86669
4980,40.7067,-73.86297
4981,40.708447,-73.86983
4982,40.70538,-73.87087
4983,40.703827,-73.872116
4984,40.702232,-73.85622
4985,40.702232,-73.85638
4986,40.7052,-73.85701
4987,40.706005,-73.86879
4988,40.7052,-73.85701
4989,40.70371,-73.869255
4990,40.703377,-73.86355
4991,40.70956,-73.87333
4992,40.705765,-73.860275
4993,40.704346,-73.87298
4994,40.70414,-73.87516
4995,40.706715,-73.87237
4996,40.702087,-73.8791
4997,40.702087,-73.87912
4998,40.706593,-73.869774
4999,40.709297,-73.87766
5000,40.707127,-73.8716
5001,40.70614,-73.8642
5002,40.70545,-73.856384
5003,40.703903,-73.8731
5004,40.708714,-73.86226
5005,40.709206,-73.8649
5006,40.708637,-73.861336
5007,40.705936,-73.86044
5008,40.708557,-73.861275
5009,40.709164,-73.86301
5010,40.715878,-73.87995
5011,40.718018,-73.88241
5012,40.71725,-73.90105
5013,40.700718,-73.92006
5014,40.701385,-73.90123
5015,40.70119,-73.91724
5016,40.705578,-73.89419
5017,40.71383,-73.897064
5018,40.703648,-73.9106
5019,40.721844,-73.900375
5020,40.705723,-73.88445
5021,40.701775,-73.89576
5022,40.705795,-73.88607
5023,40.720825,-73.90026
5024,40.701714,-73.8937
5025,40.709763,-73.91868
5026,40.702045,-73.87958
5027,40.70205,-73.879524
5028,40.703632,-73.9154
5029,40.720825,-73.90026
5030,40.71483,-73.91042
5031,40.705994,-73.884865
5032,40.71533,-73.88137
5033,40.701183,-73.89668
5034,40.72043,-73.90732
5035,40.71647,-73.88809
5036,40.71723,-73.89987
5037,40.719116,-73.89088
5038,40.717735,-73.90378
5039,40.70842,-73.91587
5040,40.69883,-73.90313
5041,40.717896,-73.90076
5042,40.588394,-73.957535
5043,40.599625,-73.93544
5044,40.597725,-73.93509
5045,40.672565,-73.96419
5046,40.684326,-73.964676
5047,40.69217,-73.964195
5048,40.69257,-73.965195
5049,40.685925,-73.934814
5050,40.685696,-73.97007
5051,40.68529,-73.96961
5052,40.682484,-73.93944
5053,40.681263,-73.95377
5054,40.675278,-73.97141
5055,40.67886,-73.96382
5056,40.674362,-73.94029
5057,40.68128,-73.932884
5058,40.68731,-73.96711
5059,40.680458,-73.94309
5060,40.68904,-73.95697
5061,40.675278,-73.97141
5062,40.687244,-73.968185
5063,40.68524,-73.95458
5064,40.651062,-73.83918
5065,40.66677,-73.847626
5066,40.667088,-73.847115
5067,40.667088,-73.847115
5068,40.665195,-73.848564
5069,40.65381,-73.84724
5070,40.67112,-73.83924
5071,40.659985,-73.84206
5072,40.65865,-73.841736
5073,40.66463,-73.84991
5074,40.665974,-73.84491
5075,40.659256,-73.84826
5076,40.670013,-73.87625
5077,40.664898,-73.84944
5078,40.667625,-73.84778
5079,40.658504,-73.84455
5080,40.65594,-73.83328
5081,40.653915,-73.8366
5082,40.66677,-73.847626
5083,40.66677,-73.847626
5084,40.668827,-73.84737
5085,40.65063,-73.83388
5086,40.65529,-73.85159
5087,40.664623,-73.842026
5088,40.657665,-73.87704
5089,40.666096,-73.847145
5090,40.66614,-73.84641
5091,40.66384,-73.849075
5092,40.668713,-73.83907
5093,40.653267,-73.84229
5094,40.669636,-73.840096
5095,40.65877,-73.84267
5096,40.655052,-73.844505
5097,40.651535,-73.84025
5098,40.649975,-73.84149
5099,40.705193,-73.83359
5100,40.705383,-73.83465
5101,40.70852,-73.836716
5102,40.698326,-73.848236
5103,40.708233,-73.85159
5104,40.705402,-73.8346
5105,40.70855,-73.836716
5106,40.70852,-73.836716
5107,40.705265,-73.83288
5108,40.704582,-73.83265
5109,40.69995,-73.85233
5110,40.703594,-73.83603
5111,40.704926,-73.83384
5112,40.70408,-73.83587
5113,40.69986,-73.85151
5114,40.699738,-73.85164
5115,40.70645,-73.83286
5116,40.709415,-73.85123
5117,40.709488,-73.8514
5118,40.69986,-73.85151
5119,40.703056,-73.83645
5120,40.701393,-73.834366
5121,40.70014,-73.85361
5122,40.706936,-73.83573
5123,40.705383,-73.83465
5124,40.704582,-73.83265
5125,40.66956,-73.84632
5126,40.65389,-73.833725
5127,40.665268,-73.849174
5128,40.667362,-73.84579
5129,40.665455,-73.847984
5130,40.65767,-73.87704
5131,40.657665,-73.87704
5132,40.669086,-73.83965
5133,40.66645,-73.85528
5134,40.663857,-73.85427
5135,40.664722,-73.84875
5136,40.665577,-73.855515
5137,40.660656,-73.83732
5138,40.665268,-73.849174
5139,40.66551,-73.85605
5140,40.659454,-73.84479
5141,40.668407,-73.84949
5142,40.669876,-73.84768
5143,40.65043,-73.835724
5144,40.66651,-73.84296
5145,40.661922,-73.83277
5146,40.656322,-73.84402
5147,40.668407,-73.84949
5148,40.66632,-73.85033
5149,40.667515,-73.84736
5150,40.668556,-73.84713
5151,40.667995,-73.84934
5152,40.66958,-73.84128
5153,40.666096,-73.847145
5154,40.657665,-73.87704
5155,40.666573,-73.846245
5156,40.654144,-73.84443
5157,40.666412,-73.84813
5158,40.655224,-73.84689
5159,40.659286,-73.8457
5160,40.65657,-73.84218
5161,40.66032,-73.85184
5162,40.655518,-73.847664
5163,40.649586,-73.84235
5164,40.66976,-73.84039
5165,40.66942,-73.84022
5166,40.662495,-73.851524
5167,40.66353,-73.85426
5168,40.656845,-73.85293
5169,40.651424,-73.84059
5170,40.666573,-73.846245
5171,40.661785,-73.84823
5172,40.66127,-73.8481
5173,40.665646,-73.84625
5174,40.652832,-73.84699
5175,40.667797,-73.84558
5176,40.66687,-73.85007
5177,40.662918,-73.84543
5178,40.657944,-73.842514
5179,40.656578,-73.84122
5180,40.661774,-73.854965
5181,40.660583,-73.8373
5182,40.660957,-73.84706
5183,40.654808,-73.841736
5184,40.66869,-73.84856
5185,40.663944,-73.84282
5186,40.649616,-73.846146
5187,40.654064,-73.83568
5188,40.66203,-73.852135
5189,40.66563,-73.84713
5190,40.667027,-73.849
5191,40.66843,-73.84883
5192,40.65531,-73.84186
5193,40.669876,-73.84768
5194,40.65172,-73.84287
5195,40.656242,-73.8362
5196,40.667995,-73.84934
5197,40.66632,-73.85033
5198,40.659096,-73.84756
5199,40.664696,-73.873314
5200,40.654873,-73.84175
5201,40.667625,-73.84778
5202,40.66231,-73.868
5203,40.656967,-73.84228
5204,40.661865,-73.85293
5205,40.649086,-73.838974
5206,40.668407,-73.84949
5207,40.656376,-73.85253
5208,40.66659,-73.85555
5209,40.66687,-73.85007
5210,40.667625,-73.84778
5211,40.662388,-73.85103
5212,40.667027,-73.849
5213,40.658504,-73.84455
5214,40.659153,-73.84567
5215,40.666306,-73.849014
5216,40.66852,-73.87399
5217,40.65006,-73.844765
5218,40.661125,-73.8368
5219,40.65763,-73.87827
5220,40.653374,-73.84042
5221,40.663345,-73.83797
5222,40.663906,-73.83335
5223,40.669724,-73.847626
5224,40.655716,-73.85159
5225,40.666306,-73.849014
5226,40.65742,-73.851944
5227,40.667515,-73.84736
5228,40.666733,-73.849205
5229,40.671017,-73.86672
5230,40.668995,-73.83692
5231,40.664898,-73.84944
5232,40.666428,-73.84582
5233,40.666306,-73.849014
5234,40.669724,-73.847626
5235,40.666733,-73.849205
5236,40.667515,-73.85023
5237,40.6643,-73.84838
5238,40.661114,-73.8452
5239,40.650375,-73.84638
5240,40.671158,-73.84705
5241,40.664986,-73.847466
5242,40.666096,-73.847145
5243,40.666306,-73.849014
5244,40.666428,-73.84582
5245,40.67117,-73.838875
5246,40.667995,-73.84934
5247,40.66645,-73.85627
5248,40.65845,-73.85333
5249,40.65029,-73.841446
5250,40.670376,-73.83744
5251,40.659817,-73.85138
5252,40.667362,-73.84579
5253,40.664143,-73.84752
5254,40.64915,-73.84509
5255,40.66687,-73.85007
5256,40.668842,-73.84905
5257,40.65668,-73.8346
5258,40.66831,-73.846924
5259,40.648655,-73.84468
5260,40.669422,-73.84081
5261,40.65871,-73.84135
5262,40.658504,-73.84455
5263,40.658504,-73.84455
5264,40.653755,-73.83274
5265,40.6679,-73.84665
5266,40.66831,-73.846924
5267,40.66683,-73.84851
5268,40.649498,-73.84479
5269,40.657814,-73.85419
5270,40.666096,-73.847145
5271,40.65132,-73.840866
5272,40.65832,-73.853294
5273,40.65378,-73.84499
5274,40.66632,-73.85033
5275,40.667027,-73.84533
5276,40.6679,-73.84664
5277,40.66869,-73.84856
5278,40.652084,-73.83614
5279,40.65618,-73.843025
5280,40.66171,-73.855354
5281,40.658382,-73.84536
5282,40.663754,-73.84832
5283,40.654415,-73.84458
5284,40.667904,-73.848885
5285,40.663776,-73.850334
5286,40.655804,-73.85203
5287,40.664513,-73.84948
5288,40.66814,-73.84625
5289,40.661682,-73.84126
5290,40.654266,-73.83573
5291,40.64922,-73.84609
5292,40.656216,-73.84303
5293,40.668358,-73.8463
5294,40.663338,-73.85428
5295,40.66831,-73.846924
5296,40.65585,-73.85193
5297,40.66683,-73.84851
5298,40.65243,-73.839745
5299,40.66422,-73.8482
5300,40.666428,-73.84582
5301,40.666172,-73.84996
5302,40.668747,-73.83906
5303,40.665684,-73.84487
5304,40.66685,-73.842804
5305,40.65845,-73.83277
5306,40.65055,-73.83962
5307,40.670437,-73.878685
5308,40.667995,-73.84934
5309,40.665424,-73.84646
5310,40.657665,-73.87704
5311,40.664303,-73.851036
5312,40.665443,-73.86923
5313,40.66596,-73.843796
5314,40.65632,-73.845924
5315,40.64931,-73.844185
5316,40.66096,-73.878746
5317,40.66677,-73.847626
5318,40.652336,-73.84017
5319,40.664127,-73.85212
5320,40.66596,-73.843796
5321,40.66786,-73.842964
5322,40.66777,-73.84798
5323,40.67009,-73.8403
5324,40.667515,-73.84736
5325,40.665195,-73.848564
5326,40.663826,-73.850266
5327,40.65683,-73.85095
5328,40.66677,-73.847626
5329,40.658745,-73.8408
5330,40.666573,-73.846245
5331,40.668026,-73.84226
5332,40.665047,-73.8725
5333,40.666477,-73.84921
5334,40.671356,-73.83925
5335,40.664436,-73.84815
5336,40.664288,-73.84719
5337,40.667797,-73.84558
5338,40.657795,-73.85386
5339,40.65879,-73.83781
5340,40.667995,-73.84934
5341,40.656376,-73.8334
5342,40.66388,-73.85102
5343,40.668934,-73.845985
5344,40.661964,-73.836006
5345,40.664616,-73.85141
5346,40.664745,-73.84726
5347,40.66153,-73.841484
5348,40.654858,-73.84336
5349,40.66569,-73.87728
5350,40.664368,-73.83962
5351,40.667625,-73.84778
5352,40.657665,-73.87704
5353,40.667625,-73.84778
5354,40.670216,-73.84232
5355,40.665436,-73.855446
5356,40.667625,-73.84778
5357,40.66786,-73.85071
5358,40.667362,-73.84579
5359,40.657665,-73.87704
5360,40.668083,-73.84966
5361,40.668587,-73.839874
5362,40.66831,-73.846924
5363,40.658924,-73.83784
5364,40.668842,-73.84905
5365,40.651386,-73.84088
5366,40.665028,-73.851204
5367,40.66632,-73.85033
5368,40.658504,-73.84455
5369,40.6682,-73.875916
5370,40.66302,-73.85069
5371,40.667103,-73.8794
5372,40.667797,-73.84558
5373,40.663692,-73.85437
5374,40.669743,-73.84154
5375,40.668842,-73.84905
5376,40.6664,-73.85036
5377,40.66683,-73.84851
5378,40.667953,-73.84468
5379,40.657665,-73.87704
5380,40.660545,-73.85561
5381,40.66264,-73.84462
5382,40.669495,-73.83688
5383,40.655914,-73.84776
5384,40.67136,-73.867386
5385,40.65767,-73.87704
5386,40.6602,-73.84402
5387,40.668358,-73.8463
5388,40.661137,-73.83486
5389,40.66019,-73.85078
5390,40.66416,-73.8519
5391,40.67119,-73.83874
5392,40.656544,-73.84407
5393,40.664547,-73.84922
5394,40.65767,-73.87704
5395,40.669765,-73.86924
5396,40.667515,-73.84736
5397,40.669548,-73.83686
5398,40.662575,-73.844604
5399,40.658253,-73.846275
5400,40.662235,-73.833885
5401,40.66351,-73.849106
5402,40.668407,-73.84949
5403,40.651505,-73.839294
5404,40.67173,-73.862114
5405,40.67182,-73.84102
5406,40.653393,-73.84396
5407,40.652912,-73.84701
5408,40.66098,-73.84737
5409,40.65484,-73.833824
5410,40.652184,-73.83617
5411,40.664825,-73.85172
5412,40.66677,-73.847626
5413,40.668137,-73.84432
5414,40.65033,-73.84738
5415,40.657665,-73.87704
5416,40.65374,-73.82887
5417,40.6706,-73.82281
5418,40.668343,-73.81603
5419,40.669865,-73.812386
5420,40.65374,-73.82887
5421,40.6687,-73.80599
5422,40.67187,-73.815605
5423,40.651825,-73.83052
5424,40.67171,-73.82247
5425,40.669575,-73.80356
5426,40.671455,-73.81959
5427,40.669643,-73.80266
5428,40.66954,-73.79144
5429,40.65552,-73.83227
5430,40.670975,-73.82464
5431,40.667633,-73.790924
5432,40.6718,-73.79038
5433,40.669163,-73.79887
5434,40.67074,-73.82035
5435,40.67196,-73.78957
5436,40.671345,-73.8147
5437,40.651127,-73.83183
5438,40.66854,-73.80603
5439,40.66749,-73.791824
5440,40.67049,-73.8219
5441,40.669163,-73.79887
5442,40.67196,-73.78957
5443,40.66822,-73.789825
5444,40.652477,-73.8287
5445,40.66968,-73.80356
5446,40.652668,-73.82825
5447,40.67052,-73.81026
5448,40.65184,-73.83042
5449,40.670998,-73.80638
5450,40.650597,-73.8317
5451,40.6544,-73.83146
5452,40.666008,-73.81358
5453,40.668278,-73.793434
5454,40.670937,-73.80807
5455,40.67072,-73.80636
5456,40.66984,-73.81818
5457,40.666996,-73.79786
5458,40.65143,-73.829895
5459,40.66924,-73.81865
5460,40.67152,-73.81568
5461,40.666687,-73.82013
5462,40.65163,-73.82857
5463,40.652737,-73.82885
5464,40.65266,-73.828285
5465,40.668373,-73.82448
5466,40.668324,-73.793076
5467,40.669464,-73.79233
5468,40.66748,-73.805275
5469,40.669704,-73.7993
5470,40.66748,-73.805275
5471,40.67127,-73.80267
5472,40.670353,-73.79859
5473,40.657658,-73.829414
5474,40.6701,-73.82395
5475,40.67001,-73.79279
5476,40.668095,-73.7944
5477,40.652283,-73.82851
5478,40.669285,-73.81065
5479,40.671482,-73.79784
5480,40.66924,-73.80678
5481,40.6584,-73.830475
5482,40.652573,-73.82995
5483,40.67112,-73.8207
5484,40.671482,-73.79784
5485,40.671654,-73.814705
5486,40.670204,-73.78999
5487,40.670322,-73.819954
5488,40.668247,-73.794945
5489,40.665073,-73.855606
5490,40.661144,-73.84521
5491,40.660065,-73.85178
5492,40.66126,-73.84428
5493,40.667362,-73.84579
5494,40.65092,-73.84458
5495,40.66869,-73.84856
5496,40.667797,-73.84558
5497,40.656227,-73.83467
5498,40.65767,-73.87704
5499,40.671658,-73.840034
5500,40.65371,-73.83339
5501,40.66632,-73.85033
5502,40.669876,-73.84768
5503,40.66777,-73.84798
5504,40.670326,-73.84233
5505,40.649498,-73.84479
5506,40.666374,-73.84771
5507,40.666096,-73.847145
5508,40.665405,-73.84461
5509,40.65941,-73.8786
5510,40.651768,-73.840034
5511,40.66486,-73.84613
5512,40.65229,-73.841934
5513,40.666573,-73.846245
5514,40.655983,-73.84708
5515,40.65484,-73.84174
5516,40.664993,-73.873535
5517,40.657623,-73.833694
5518,40.666733,-73.849205
5519,40.6679,-73.84664
5520,40.656128,-73.83586
5521,40.664127,-73.85212
5522,40.664726,-73.84873
5523,40.66181,-73.85218
5524,40.669876,-73.84768
5525,40.66831,-73.846924
5526,40.65681,-73.84061
5527,40.652897,-73.84506
5528,40.66477,-73.84817
5529,40.661167,-73.848076
5530,40.652714,-73.84502
5531,40.67192,-73.8401
5532,40.65127,-73.834625
5533,40.66814,-73.84625
5534,40.66843,-73.84883
5535,40.64935,-73.84323
5536,40.67107,-73.86826
5537,40.65291,-73.844124
5538,40.66869,-73.84856
5539,40.656868,-73.85198
5540,40.655575,-73.840866
5541,40.65907,-73.83311
5542,40.6515,-73.832985
5543,40.669724,-73.847626
5544,40.657665,-73.87704
5545,40.6664,-73.85036
5546,40.669243,-73.87702
5547,40.655693,-73.83512
5548,40.667892,-73.847664
5549,40.66827,-73.84213
5550,40.665478,-73.84658
5551,40.667515,-73.84736
5552,40.66649,-73.85553
5553,40.666466,-73.849304
5554,40.665195,-73.84595
5555,40.65357,-73.84647
5556,40.66632,-73.85033
5557,40.66632,-73.85033
5558,40.667892,-73.847664
5559,40.657665,-73.87704
5560,40.666096,-73.847145
5561,40.668083,-73.84966
5562,40.661804,-73.848236
5563,40.88969,-73.86193
5564,40.900146,-73.84335
5565,40.902615,-73.86732
5566,40.892094,-73.85608
5567,40.89872,-73.873695
5568,40.899403,-73.86224
5569,40.889088,-73.85483
5570,40.880524,-73.85007
5571,40.88747,-73.8637
5572,40.89045,-73.84026
5573,40.890427,-73.82993
5574,40.89937,-73.84739
5575,40.885494,-73.8629
5576,40.88068,-73.850746
5577,40.890385,-73.85634
5578,40.889946,-73.83898
5579,40.899403,-73.86224
5580,40.88818,-73.849396
5581,40.889088,-73.85483
5582,40.89937,-73.84739
5583,40.888847,-73.833496
5584,40.87975,-73.8527
5585,40.893383,-73.83844
5586,40.895725,-73.85739
5587,40.89354,-73.8555
5588,40.891598,-73.845345
5589,40.88773,-73.849014
5590,40.88056,-73.87649
5591,40.877514,-73.85318
5592,40.876736,-73.84251
5593,40.89431,-73.84165
5594,40.897854,-73.862885
5595,40.87618,-73.86032
5596,40.89825,-73.86298
5597,40.88775,-73.84907
5598,40.899372,-73.87077
5599,40.880898,-73.876274
5600,40.89009,-73.83718
5601,40.5576,-73.92109
5602,40.558678,-73.916245
5603,40.567425,-73.891335
5604,40.563065,-73.912346
5605,40.567654,-73.89072
5606,40.559704,-73.91278
5607,40.557434,-73.9124
5608,40.567154,-73.889336
5609,40.67168,-73.797585
5610,40.653896,-73.8325
5611,40.671734,-73.789925
5612,40.67156,-73.82156
5613,40.66802,-73.78956
5614,40.66495,-73.81553
5615,40.670635,-73.80266
5616,40.669052,-73.812614
5617,40.67056,-73.79877
5618,40.66993,-73.79105
5619,40.668003,-73.79971
5620,40.66993,-73.81911
5621,40.667492,-73.8186
5622,40.669228,-73.80667
5623,40.65603,-73.82967
5624,40.65501,-73.82978
5625,40.667637,-73.825676
5626,40.670605,-73.81698
5627,40.65276,-73.83249
5628,40.653046,-73.82917
5629,40.66929,-73.815445
5630,40.66928,-73.79237
5631,40.671665,-73.816475
5632,40.671013,-73.807526
5633,40.659233,-73.83124
5634,40.669407,-73.803566
5635,40.655823,-73.83229
5636,40.6528,-73.83079
5637,40.650166,-73.8316
5638,40.651424,-73.829926
5639,40.667995,-73.844475
5640,40.667767,-73.84798
5641,40.65767,-73.87704
5642,40.67019,-73.86945
5643,40.657665,-73.87704
5644,40.661827,-73.84824
5645,40.65164,-73.83573
5646,40.65763,-73.87827
5647,40.65846,-73.85167
5648,40.652695,-73.83534
5649,40.65767,-73.87704
5650,40.661793,-73.844025
5651,40.667027,-73.84533
5652,40.654747,-73.844574
5653,40.666496,-73.84373
5654,40.66658,-73.85617
5655,40.667515,-73.85023
5656,40.657032,-73.84271
5657,40.649624,-73.84611
5658,40.66382,-73.85345
5659,40.649147,-73.843185
5660,40.662903,-73.852715
5661,40.665455,-73.847984
5662,40.66713,-73.87255
5663,40.650963,-73.835846
5664,40.66293,-73.854416
5665,40.665195,-73.848564
5666,40.66683,-73.84851
5667,40.65798,-73.84816
5668,40.660976,-73.84516
5669,40.668083,-73.84966
5670,40.665714,-73.85577
5671,40.667362,-73.84579
5672,40.665195,-73.848564
5673,40.66834,-73.84845
5674,40.667027,-73.84533
5675,40.668713,-73.83907
5676,40.57714,-73.84766
5677,40.589832,-73.81521
5678,40.578148,-73.850945
5679,40.597065,-73.79679
5680,40.588184,-73.80533
5681,40.580776,-73.83468
5682,40.575653,-73.842766
5683,40.577,-73.840294
5684,40.576225,-73.84064
5685,40.596844,-73.798996
5686,40.576023,-73.840515
5687,40.577,-73.840294
5688,40.58764,-73.81558
5689,40.60887,-73.817245
5690,40.60586,-73.82021
5691,40.572838,-73.851814
5692,40.58368,-73.8244
5693,40.59059,-73.7901
5694,40.573734,-73.85725
5695,40.573734,-73.85725
5696,40.572838,-73.851814
5697,40.57745,-73.848305
5698,40.58465,-73.82418
5699,40.605648,-73.819725
5700,40.577904,-73.843765
5701,40.61159,-73.8187
5702,40.580482,-73.83175
5703,40.59388,-73.7986
5704,40.581104,-73.84923
5705,40.577133,-73.84866
5706,40.5864,-73.815575
5707,40.58897,-73.78966
5708,40.57714,-73.84766
5709,40.581104,-73.84923
5710,40.588398,-73.811646
5711,40.578297,-73.85555
5712,40.578423,-73.83689
5713,40.57726,-73.83756
5714,40.59388,-73.7986
5715,40.58286,-73.82159
5716,40.582634,-73.82075
5717,40.6026,-73.8222
5718,40.60581,-73.82042
5719,40.604717,-73.82222
5720,40.60331,-73.822266
5721,40.582634,-73.82075
5722,40.58458,-73.8136
5723,40.60231,-73.820786
5724,40.58897,-73.80653
5725,40.596928,-73.794304
5726,40.577,-73.840294
5727,40.57414,-73.85945
5728,40.58055,-73.83401
5729,40.59159,-73.80245
5730,40.588387,-73.79367
5731,40.57652,-73.84198
5732,40.606964,-73.81628
5733,40.577,-73.840294
5734,40.603813,-73.82184
5735,40.57652,-73.84198
5736,40.587097,-73.81486
5737,40.584366,-73.81359
5738,40.596874,-73.794876
5739,40.596832,-73.79918
5740,40.572914,-73.852844
5741,40.5832,-73.81769
5742,40.577286,-73.838165
5743,40.582634,-73.82075
5744,40.606403,-73.81853
5745,40.595165,-73.800606
5746,40.57563,-73.8609
5747,40.587654,-73.815994
5748,40.57601,-73.86013
5749,40.575653,-73.842766
5750,40.577137,-73.858536
5751,40.606834,-73.81971
5752,40.579865,-73.83814
5753,40.577286,-73.838165
5754,40.603775,-73.82138
5755,40.603016,-73.82077
5756,40.57768,-73.8487
5757,40.58897,-73.80653
5758,40.576836,-73.84414
5759,40.57519,-73.85573
5760,40.57907,-73.85502
5761,40.596836,-73.79912
5762,40.57719,-73.83845
5763,40.58029,-73.829384
5764,40.580883,-73.853035
5765,40.573803,-73.86103
5766,40.57182,-73.86216
5767,40.575222,-73.86106
5768,40.574192,-73.86302
5769,40.58088,-73.85303
5770,40.578423,-73.83689
5771,40.59747,-73.8004
5772,40.60403,-73.82242
5773,40.584366,-73.81359
5774,40.577442,-73.83705
5775,40.573463,-73.86203
5776,40.6125,-73.82036
5777,40.57743,-73.83713
5778,40.58944,-73.79086
5779,40.60485,-73.82
5780,40.5894,-73.807205
5781,40.5894,-73.807205
5782,40.61218,-73.81938
5783,40.580235,-73.85077
5784,40.608315,-73.81899
5785,40.576656,-73.840065
5786,40.58944,-73.79086
5787,40.595165,-73.80058
5788,40.589703,-73.80682
5789,40.60555,-73.819885
5790,40.57174,-73.86479
5791,40.593044,-73.79281
5792,40.58822,-73.80513
5793,40.591465,-73.79821
5794,40.589703,-73.80682
5795,40.605766,-73.81971
5796,40.60442,-73.81992
5797,40.589058,-73.79091
5798,40.57679,-73.83966
5799,40.59413,-73.79808
5800,40.578423,-73.83689
5801,40.58468,-73.82064
5802,40.576767,-73.839676
5803,40.576946,-73.84473
5804,40.57695,-73.84844
5805,40.577576,-73.83743
5806,40.589573,-73.7923
5807,40.578423,-73.83689
5808,40.606995,-73.81968
5809,40.607212,-73.820595
5810,40.57176,-73.86272
5811,40.57182,-73.86216
5812,40.592575,-73.7999
5813,40.611324,-73.8186
5814,40.582123,-73.82134
5815,40.571556,-73.860634
5816,40.578423,-73.83689
5817,40.575043,-73.86194
5818,40.571556,-73.860634
5819,40.574364,-73.85663
5820,40.58912,-73.81741
5821,40.591564,-73.79871
5822,40.608425,-73.81637
5823,40.589703,-73.80682
5824,40.576023,-73.840515
5825,40.589233,-73.8133
5826,40.60028,-73.81918
5827,40.582123,-73.821335
5828,40.589703,-73.80682
5829,40.57621,-73.840454
5830,40.588566,-73.81166
5831,40.57128,-73.85925
5832,40.578423,-73.83689
5833,40.576492,-73.84492
5834,40.571545,-73.85304
5835,40.583546,-73.817245
5836,40.585316,-73.81973
5837,40.59559,-73.79574
5838,40.58917,-73.81471
5839,40.577152,-73.85102
5840,40.574272,-73.8611
5841,40.596355,-73.80086
5842,40.573498,-73.86408
5843,40.597065,-73.79679
5844,40.58518,-73.81444
5845,40.58064,-73.84239
5846,40.609352,-73.81814
5847,40.588184,-73.80533
5848,40.578423,-73.83689
5849,40.588184,-73.80533
5850,40.591297,-73.80205
5851,40.583305,-73.81714
5852,40.60509,-73.82036
5853,40.57668,-73.85797
5854,40.596344,-73.80067
5855,40.60181,-73.821304
5856,40.605206,-73.82161
5857,40.577454,-73.840164
5858,40.58536,-73.8227
5859,40.604435,-73.81992
5860,40.574604,-73.854805
5861,40.612297,-73.81926
5862,40.57606,-73.86089
5863,40.60692,-73.820435
5864,40.605114,-73.82062
5865,40.578564,-73.84375
5866,40.576195,-73.84278
5867,40.58212,-73.82136
5868,40.578423,-73.83689
5869,40.60794,-73.818054
5870,40.57564,-73.843445
5871,40.585323,-73.81496
5872,40.57414,-73.85355
5873,40.577286,-73.838165
5874,40.591232,-73.801544
5875,40.577286,-73.838165
5876,40.575653,-73.842766
5877,40.577927,-73.83672
5878,40.580257,-73.846695
5879,40.583305,-73.81714
5880,40.589703,-73.80682
5881,40.571445,-73.86403
5882,40.576767,-73.839676
5883,40.589104,-73.791405
5884,40.57484,-73.86326
5885,40.588387,-73.79367
5886,40.574825,-73.86337
5887,40.5894,-73.807205
5888,40.597088,-73.794815
5889,40.590126,-73.813034
5890,40.576767,-73.839676
5891,40.58992,-73.79091
5892,40.60904,-73.81773
5893,40.59616,-73.799065
5894,40.576538,-73.849625
5895,40.5809,-73.83912
5896,40.57571,-73.85603
5897,40.5746,-73.8623
5898,40.578423,-73.83689
5899,40.57652,-73.84198
5900,40.577576,-73.83743
5901,40.577168,-73.85771
5902,40.576225,-73.84064
5903,40.576023,-73.840515
5904,40.591503,-73.80118
5905,40.57962,-73.841805
5906,40.611095,-73.81956
5907,40.611057,-73.819626
5908,40.598194,-73.79703
5909,40.589703,-73.80682
5910,40.584763,-73.82423
5911,40.58826,-73.79346
5912,40.89666,-73.84194
5913,40.89684,-73.84641
5914,40.87662,-73.843445
5915,40.88577,-73.85844
5916,40.897854,-73.862885
5917,40.88042,-73.83612
5918,40.90084,-73.86238
5919,40.901318,-73.867584
5920,40.902737,-73.85055
5921,40.898945,-73.86346
5922,40.899357,-73.87178
5923,40.89872,-73.873695
5924,40.90246,-73.85031
5925,40.90082,-73.84052
5926,40.88001,-73.8439
5927,40.8905,-73.8318
5928,40.880417,-73.865715
5929,40.882378,-73.860405
5930,40.894302,-73.85117
5931,40.888634,-73.83295
5932,40.890553,-73.86057
5933,40.882587,-73.86365
5934,40.90084,-73.86238
5935,40.880417,-73.865715
5936,40.8789,-73.85514
5937,40.886814,-73.863014
5938,40.89872,-73.873695
5939,40.89872,-73.873695
5940,40.883873,-73.864075
5941,40.883873,-73.864075
5942,40.875645,-73.84598
5943,40.88249,-73.84779
5944,40.896618,-73.85197
5945,40.90009,-73.84707
5946,40.88213,-73.85992
5947,40.88135,-73.877686
5948,40.89872,-73.873695
5949,40.89872,-73.873695
5950,40.87585,-73.87658
5951,40.875885,-73.87437
5952,40.87932,-73.86175
5953,40.88059,-73.852646
5954,40.887566,-73.85111
5955,40.882416,-73.839
5956,40.881115,-73.845314
5957,40.896366,-73.847694
5958,40.90198,-73.86696
5959,40.89712,-73.87337
5960,40.88626,-73.83506
5961,40.88293,-73.86644
5962,40.883087,-73.848015
5963,40.88845,-73.8487
5964,40.892254,-73.85654
5965,40.90084,-73.86238
5966,40.88851,-73.858284
5967,40.87746,-73.84426
5968,40.89438,-73.85216
5969,40.890633,-73.851746
5970,40.89638,-73.85301
5971,40.89969,-73.84659
5972,40.88046,-73.85215
5973,40.895226,-73.84419
5974,40.90084,-73.86238
5975,40.87676,-73.85552
5976,40.887943,-73.86408
5977,40.879436,-73.87753
5978,40.87932,-73.87766
5979,40.878197,-73.87057
5980,40.90084,-73.86238
5981,40.89749,-73.852036
5982,40.892254,-73.85654
5983,40.876106,-73.8422
5984,40.877254,-73.86336
5985,40.880898,-73.876274
5986,40.89872,-73.873695
5987,40.85282,-73.78929
5988,40.860413,-73.82635
5989,40.85708,-73.79012
5990,40.860104,-73.82581
5991,40.856075,-73.79082
5992,40.851723,-73.78813
5993,40.855183,-73.829994
5994,40.855183,-73.829994
5995,40.851368,-73.82953
5996,40.8527,-73.82916
5997,40.8579,-73.789696
5998,40.853863,-73.82944
5999,40.851078,-73.832306
6000,40.8523,-73.788536
6001,40.850952,-73.78663
6002,40.8527,-73.82916
6003,40.855183,-73.829994
6004,40.8527,-73.82916
6005,40.861282,-73.82583
6006,40.85495,-73.79081
6007,40.849586,-73.78566
6008,40.850693,-73.831436
6009,40.855183,-73.829994
6010,40.86055,-73.82506
6011,40.858063,-73.78974
6012,40.855183,-73.829994
6013,40.8575,-73.78987
6014,40.8509,-73.83142
6015,40.860962,-73.82428
6016,40.8527,-73.82916
6017,40.854675,-73.79062
6018,40.8527,-73.82916
6019,40.859177,-73.83235
6020,40.84899,-73.786446
6021,40.85052,-73.78574
6022,40.855183,-73.829994
6023,40.850315,-73.83091
6024,40.85374,-73.828835
6025,40.85181,-73.787186
6026,40.57652,-73.84198
6027,40.575653,-73.842766
6028,40.590706,-73.80999
6029,40.584282,-73.817535
6030,40.607746,-73.81752
6031,40.5948,-73.79409
6032,40.574493,-73.8632
6033,40.596664,-73.79621
6034,40.60525,-73.82214
6035,40.578693,-73.85578
6036,40.57399,-73.85543
6037,40.583305,-73.81714
6038,40.58049,-73.849884
6039,40.57679,-73.83966
6040,40.57483,-73.860435
6041,40.585266,-73.8228
6042,40.571842,-73.85879
6043,40.582294,-73.821175
6044,40.606396,-73.81889
6045,40.604553,-73.82051
6046,40.575653,-73.842766
6047,40.58822,-73.80513
6048,40.571842,-73.85879
6049,40.573196,-73.857925
6050,40.59709,-73.79474
6051,40.594097,-73.79893
6052,40.578423,-73.83689
6053,40.58897,-73.80653
6054,40.60314,-73.8222
6055,40.909897,-73.90412
6056,40.90821,-73.905495
6057,40.91171,-73.90227
6058,40.902325,-73.88853
6059,40.904762,-73.90519
6060,40.902325,-73.88853
6061,40.903053,-73.9074
6062,40.90821,-73.905495
6063,40.902725,-73.90675
6064,40.90821,-73.905495
6065,40.904762,-73.90519
6066,40.906563,-73.90659
6067,40.906563,-73.90659
6068,40.906563,-73.90659
6069,40.909164,-73.9056
6070,40.904762,-73.90519
6071,40.9052,-73.9061
6072,40.89993,-73.90902
6073,40.902325,-73.88853
6074,40.906563,-73.90659
6075,40.902058,-73.900055
6076,40.909164,-73.9056
6077,40.902058,-73.900055
6078,40.9079,-73.900764
6079,40.906826,-73.89967
6080,40.911327,-73.8993
6081,40.90821,-73.905495
6082,40.912746,-73.90212
6083,40.906563,-73.90659
6084,40.83611,-73.85893
6085,40.84057,-73.85886
6086,40.833107,-73.86591
6087,40.83861,-73.85652
6088,40.82344,-73.87072
6089,40.83611,-73.85893
6090,40.83861,-73.85652
6091,40.837673,-73.86199
6092,40.841007,-73.85467
6093,40.843903,-73.853516
6094,40.842293,-73.8342
6095,40.838852,-73.85737
6096,40.8408,-73.85497
6097,40.84659,-73.85326
6098,40.83861,-73.85652
6099,40.83984,-73.86165
6100,40.841496,-73.846886
6101,40.838257,-73.870384
6102,40.833363,-73.84756
6103,40.841904,-73.85608
6104,40.84845,-73.86018
6105,40.836708,-73.86502
6106,40.841095,-73.85922
6107,40.892826,-73.842415
6108,40.90084,-73.86238
6109,40.880096,-73.84409
6110,40.876076,-73.86888
6111,40.88979,-73.83017
6112,40.88614,-73.84968
6113,40.892704,-73.84104
6114,40.89618,-73.84326
6115,40.876823,-73.87409
6116,40.876713,-73.874054
6117,40.90084,-73.86238
6118,40.8752,-73.83685
6119,40.89872,-73.873695
6120,40.88885,-73.85516
6121,40.89501,-73.84991
6122,40.896553,-73.85384
6123,40.900635,-73.86662
6124,40.893757,-73.84656
6125,40.881996,-73.84101
6126,40.902702,-73.843544
6127,40.90084,-73.86238
6128,40.90084,-73.86238
6129,40.89872,-73.873695
6130,40.88645,-73.85026
6131,40.89872,-73.873695
6132,40.89788,-73.86647
6133,40.88833,-73.84828
6134,40.89767,-73.84474
6135,40.876614,-73.860374
6136,40.8939,-73.84853
6137,40.89872,-73.873695
6138,40.89222,-73.83799
6139,40.90073,-73.865715
6140,40.881256,-73.86626
6141,40.900555,-73.86354
6142,40.87701,-73.85305
6143,40.905346,-73.84617
6144,40.90084,-73.86238
6145,40.864353,-73.84881
6146,40.872517,-73.869446
6147,40.87181,-73.84738
6148,40.863552,-73.84601
6149,40.870823,-73.84378
6150,40.855663,-73.86318
6151,40.867435,-73.85598
6152,40.859417,-73.84434
6153,40.855663,-73.86318
6154,40.853184,-73.84883
6155,40.868504,-73.86465
6156,40.859234,-73.86907
6157,40.850266,-73.85545
6158,40.85533,-73.86638
6159,40.852264,-73.86511
6160,40.86947,-73.84536
6161,40.868908,-73.843895
6162,40.85151,-73.86237
6163,40.86397,-73.83767
6164,40.849743,-73.85571
6165,40.864193,-73.86791
6166,40.87059,-73.87045
6167,40.873207,-73.846725
6168,40.858433,-73.87054
6169,40.87059,-73.87045
6170,40.855804,-73.866
6171,40.855804,-73.866
6172,40.670853,-73.76159
6173,40.663635,-73.77217
6174,40.657795,-73.73965
6175,40.664818,-73.780426
6176,40.66564,-73.77709
6177,40.67066,-73.7356
6178,40.658665,-73.73929
6179,40.667477,-73.765045
6180,40.661507,-73.758934
6181,40.66118,-73.741264
6182,40.661343,-73.74954
6183,40.657574,-73.734764
6184,40.664913,-73.73261
6185,40.671413,-73.74655
6186,40.671684,-73.73684
6187,40.66645,-73.77771
6188,40.664463,-73.77577
6189,40.66451,-73.76789
6190,40.662045,-73.76431
6191,40.66473,-73.75009
6192,40.656555,-73.737686
6193,40.66777,-73.73296
6194,40.669334,-73.76933
6195,40.661533,-73.754906
6196,40.66426,-73.78084
6197,40.66117,-73.755455
6198,40.66165,-73.72876
6199,40.65614,-73.743645
6200,40.666767,-73.752975
6201,40.670746,-73.778824
6202,40.877804,-73.839615
6203,40.892254,-73.85654
6204,40.892094,-73.85608
6205,40.89028,-73.85949
6206,40.899715,-73.84509
6207,40.89567,-73.84217
6208,40.904266,-73.85287
6209,40.88115,-73.87568
6210,40.89913,-73.86256
6211,40.89913,-73.86256
6212,40.899372,-73.87077
6213,40.89913,-73.86256
6214,40.879578,-73.8536
6215,40.885185,-73.85414
6216,40.89913,-73.86256
6217,40.89872,-73.873695
6218,40.8767,-73.864204
6219,40.888348,-73.853645
6220,40.90154,-73.841606
6221,40.874317,-73.85139
6222,40.87887,-73.84185
6223,40.90049,-73.84582
6224,40.88056,-73.87649
6225,40.893406,-73.837845
6226,40.8871,-73.8612
6227,40.89265,-73.844215
6228,40.89872,-73.873695
6229,40.880844,-73.862785
6230,40.892834,-73.85632
6231,40.8879,-73.84954
6232,40.8882,-73.84501
6233,40.875507,-73.87395
6234,40.89913,-73.86256
6235,40.88499,-73.861275
6236,40.892017,-73.840164
6237,40.899403,-73.86224
6238,40.90201,-73.853195
6239,40.88103,-73.87584
6240,40.876713,-73.874054
6241,40.879185,-73.83679
6242,40.87878,-73.84599
6243,40.895123,-73.845024
6244,40.902996,-73.847336
6245,40.88042,-73.83612
6246,40.88123,-73.85474
6247,40.87574,-73.84432
6248,40.87483,-73.85063
6249,40.88042,-73.83612
6250,40.880898,-73.876274
6251,40.896526,-73.874535
6252,40.896545,-73.85852
6253,40.897854,-73.862885
6254,40.888927,-73.8554
6255,40.878826,-73.83401
6256,40.88056,-73.87649
6257,40.891888,-73.85632
6258,40.881653,-73.862724
6259,40.88705,-73.85625
6260,40.90178,-73.864975
6261,40.87416,-73.84622
6262,40.88239,-73.85464
6263,40.875957,-73.85298
6264,40.89193,-73.83977
6265,40.896297,-73.85502
6266,40.888836,-73.846725
6267,40.899094,-73.86776
6268,40.88161,-73.85483
6269,40.901,-73.84176
6270,40.87934,-73.87768
6271,40.90084,-73.86238
6272,40.87735,-73.85512
6273,40.87442,-73.84071
6274,40.90084,-73.86238
6275,40.90084,-73.86238
6276,40.89872,-73.873695
6277,40.902836,-73.85253
6278,40.879276,-73.861305
6279,40.671066,-73.88545
6280,40.64823,-73.94418
6281,40.63504,-73.95024
6282,40.648922,-73.94408
6283,40.661545,-73.95964
6284,40.670227,-73.92846
6285,40.64007,-73.96571
6286,40.64159,-73.902855
6287,40.6422,-73.88444
6288,40.629395,-73.97209
6289,40.64783,-73.926346
6290,40.64267,-73.939384
6291,40.644226,-73.905785
6292,40.634197,-73.951744
6293,40.657345,-73.928734
6294,40.659702,-73.924255
6295,40.646606,-73.94749
6296,40.632664,-73.90171
6297,40.64762,-73.88681
6298,40.665737,-73.952774
6299,40.627987,-73.91717
6300,40.634583,-73.96659
6301,40.63719,-73.9712
6302,40.64122,-73.96282
6303,40.649384,-73.93085
6304,40.623554,-73.96084
6305,40.64159,-73.902855
6306,40.666874,-73.960884
6307,40.669025,-73.885216
6308,40.650887,-73.95851
6309,40.59594,-73.77685
6310,40.603962,-73.760345
6311,40.61306,-73.76757
6312,40.59716,-73.77699
6313,40.599407,-73.74152
6314,40.594036,-73.7783
6315,40.59572,-73.750565
6316,40.597927,-73.75506
6317,40.59616,-73.738525
6318,40.598766,-73.74123
6319,40.598976,-73.74451
6320,40.61115,-73.76761
6321,40.609596,-73.7446
6322,40.61085,-73.765305
6323,40.609463,-73.7572
6324,40.609596,-73.7446
6325,40.607517,-73.74724
6326,40.597103,-73.776985
6327,40.599663,-73.741035
6328,40.593678,-73.75845
6329,40.600418,-73.741325
6330,40.609596,-73.7446
6331,40.60308,-73.74921
6332,40.599117,-73.77536
6333,40.608814,-73.765434
6334,40.594738,-73.771095
6335,40.60582,-73.758446
6336,40.59572,-73.750565
6337,40.592014,-73.774376
6338,40.600018,-73.765854
6339,40.594337,-73.77241
6340,40.595795,-73.74949
6341,40.652794,-73.8325
6342,40.670807,-73.80553
6343,40.65286,-73.83251
6344,40.670574,-73.82246
6345,40.66768,-73.79232
6346,40.66982,-73.80266
6347,40.66963,-73.80266
6348,40.668636,-73.80693
6349,40.667213,-73.82369
6350,40.65099,-73.82938
6351,40.671352,-73.81475
6352,40.66756,-73.82473
6353,40.668297,-73.790634
6354,40.671165,-73.81873
6355,40.65099,-73.82938
6356,40.670376,-73.80373
6357,40.669598,-73.80356
6358,40.66993,-73.8214
6359,40.671032,-73.79374
6360,40.668007,-73.790825
6361,40.66993,-73.8214
6362,40.667755,-73.82664
6363,40.65399,-73.82951
6364,40.66438,-73.81246
6365,40.668575,-73.80265
6366,40.669037,-73.823166
6367,40.669052,-73.79117
6368,40.671894,-73.824356
6369,40.65601,-73.829735
6370,40.669407,-73.7998
6371,40.65185,-73.82802
6372,40.6689,-73.79235
6373,40.671703,-73.81469
6374,40.70467,-73.743576
6375,40.68789,-73.75112
6376,40.68041,-73.75132
6377,40.695312,-73.77275
6378,40.707817,-73.744736
6379,40.683083,-73.764084
6380,40.698837,-73.73821
6381,40.848442,-73.90745
6382,40.82602,-73.92553
6383,40.827652,-73.89798
6384,40.831974,-73.92067
6385,40.836674,-73.92453
6386,40.832104,-73.915535
6387,40.8302,-73.88916
6388,40.831974,-73.92067
6389,40.8261,-73.922386
6390,40.83796,-73.92619
6391,40.82517,-73.92328
6392,40.824345,-73.89907
6393,40.83015,-73.920135
6394,40.825912,-73.92522
6395,40.82602,-73.92553
6396,40.83264,-73.887085
6397,40.831974,-73.92067
6398,40.82602,-73.92553
6399,40.834377,-73.91482
6400,40.835293,-73.909225
6401,40.835064,-73.91442
6402,40.83015,-73.920135
6403,40.825283,-73.92548
6404,40.847633,-73.88658
6405,40.831974,-73.92067
6406,40.834427,-73.91169
6407,40.825188,-73.894165
6408,40.84269,-73.92317
6409,40.83015,-73.920135
6410,40.834377,-73.91482
6411,40.82815,-73.90105
6412,40.846027,-73.92106
6413,40.832012,-73.919136
6414,40.835064,-73.91442
6415,40.83015,-73.920135
6416,40.846027,-73.92106
6417,40.83015,-73.920135
6418,40.831203,-73.89339
6419,40.837536,-73.909904
6420,40.847393,-73.89309
6421,40.82443,-73.88741
6422,40.82602,-73.92553
6423,40.848442,-73.90745
6424,40.847374,-73.914055
6425,40.848442,-73.90745
6426,40.835064,-73.91442
6427,40.825714,-73.89841
6428,40.846985,-73.89373
6429,40.846985,-73.89373
6430,40.847374,-73.914055
6431,40.840187,-73.92272
6432,40.83015,-73.920135
6433,40.832012,-73.919136
6434,40.83015,-73.920135
6435,40.83104,-73.88908
6436,40.83181,-73.91633
6437,40.832012,-73.919136
6438,40.831974,-73.92067
6439,40.829338,-73.91814
6440,40.83015,-73.920135
6441,40.828197,-73.912674
6442,40.847153,-73.89258
6443,40.823414,-73.91281
6444,40.82368,-73.91336
6445,40.82642,-73.90842
6446,40.8463,-73.90535
6447,40.831974,-73.92067
6448,40.839996,-73.883804
6449,40.82588,-73.925156
6450,40.83015,-73.920135
6451,40.82855,-73.90217
6452,40.848515,-73.88436
6453,40.8322,-73.893036
6454,40.838146,-73.92536
6455,40.848442,-73.90745
6456,40.82602,-73.92553
6457,40.82517,-73.92328
6458,40.83015,-73.920135
6459,40.83015,-73.920135
6460,40.82517,-73.92328
6461,40.83991,-73.92276
6462,40.84847,-73.8844
6463,40.827652,-73.89798
6464,40.835064,-73.91442
6465,40.839928,-73.905
6466,40.832012,-73.919136
6467,40.82602,-73.92553
6468,40.83015,-73.920135
6469,40.83015,-73.920135
6470,40.83015,-73.920135
6471,40.82791,-73.88159
6472,40.843918,-73.90883
6473,40.829636,-73.881615
6474,40.84607,-73.88075
6475,40.84824,-73.8846
6476,40.825283,-73.92548
6477,40.827908,-73.90181
6478,40.848328,-73.896645
6479,40.84744,-73.890076
6480,40.82517,-73.92328
6481,40.82517,-73.92328
6482,40.823753,-73.889244
6483,40.848194,-73.884636
6484,40.82898,-73.90199
6485,40.841965,-73.9108
6486,40.840237,-73.883835
6487,40.829113,-73.889275
6488,40.825283,-73.92548
6489,40.83292,-73.91568
6490,40.83015,-73.920135
6491,40.823753,-73.889244
6492,40.84821,-73.90403
6493,40.83015,-73.920135
6494,40.842525,-73.88909
6495,40.831974,-73.92067
6496,40.83015,-73.920135
6497,40.839775,-73.922775
6498,40.83015,-73.920135
6499,40.832012,-73.919136
6500,40.83015,-73.920135
6501,40.83015,-73.920135
6502,40.84702,-73.88485
6503,40.83015,-73.920135
6504,40.83015,-73.920135
6505,40.824818,-73.923
6506,40.825912,-73.92522
6507,40.83015,-73.920135
6508,40.82517,-73.92328
6509,40.825283,-73.92548
6510,40.829987,-73.90039
6511,40.834232,-73.91178
6512,40.825283,-73.92548
6513,40.82557,-73.92523
6514,40.831974,-73.92067
6515,40.841503,-73.920845
6516,40.84114,-73.92155
6517,40.83015,-73.920135
6518,40.835064,-73.91442
6519,40.83015,-73.920135
6520,40.83094,-73.887695
6521,40.82517,-73.92328
6522,40.833286,-73.89909
6523,40.826305,-73.916466
6524,40.838726,-73.90956
6525,40.83015,-73.920135
6526,40.827923,-73.89442
6527,40.83015,-73.920135
6528,40.84187,-73.910805
6529,40.86428,-73.90838
6530,40.869453,-73.90593
6531,40.86428,-73.90838
6532,40.872013,-73.88643
6533,40.87255,-73.9189
6534,40.864594,-73.90775
6535,40.87229,-73.88649
6536,40.869545,-73.89344
6537,40.86951,-73.89347
6538,40.869473,-73.89351
6539,40.871094,-73.91527
6540,40.87303,-73.88362
6541,40.851353,-73.899925
6542,40.86479,-73.90716
6543,40.868416,-73.889404
6544,40.867584,-73.89506
6545,40.871883,-73.91884
6546,40.865196,-73.907265
6547,40.86428,-73.90838
6548,40.851837,-73.90731
6549,40.87097,-73.9174
6550,40.864838,-73.886475
6551,40.868065,-73.885155
6552,40.867584,-73.89506
6553,40.870632,-73.91706
6554,40.853355,-73.911064
6555,40.869453,-73.90593
6556,40.863873,-73.908455
6557,40.856007,-73.89183
6558,40.8612,-73.89397
6559,40.86126,-73.89392
6560,40.86132,-73.89388
6561,40.871094,-73.91527
6562,40.871983,-73.91628
6563,40.869453,-73.90593
6564,40.849926,-73.89045
6565,40.864994,-73.905945
6566,40.850163,-73.89506
6567,40.860847,-73.89998
6568,40.868374,-73.92357
6569,40.852497,-73.918884
6570,40.84877,-73.8874
6571,40.873802,-73.885155
6572,40.861088,-73.90503
6573,40.870174,-73.916725
6574,40.871883,-73.91884
6575,40.871315,-73.91576
6576,40.87061,-73.91793
6577,40.864296,-73.8906
6578,40.869305,-73.88826
6579,40.8716,-73.88264
6580,40.867687,-73.92461
6581,40.869453,-73.90593
6582,40.871834,-73.91952
6583,40.86366,-73.9198
6584,40.869453,-73.90593
6585,40.868057,-73.92359
6586,40.86459,-73.90775
6587,40.871883,-73.91884
6588,40.869453,-73.90593
6589,40.86158,-73.90276
6590,40.863873,-73.908455
6591,40.864296,-73.8906
6592,40.869835,-73.915184
6593,40.8683,-73.922905
6594,40.870476,-73.88281
6595,40.869453,-73.90593
6596,40.868526,-73.923515
6597,40.866558,-73.89634
6598,40.850044,-73.890656
6599,40.867584,-73.89506
6600,40.87056,-73.91663
6601,40.869453,-73.90593
6602,40.868332,-73.883194
6603,40.871883,-73.91884
6604,40.865925,-73.89136
6605,40.871315,-73.91576
6606,40.854027,-73.89621
6607,40.850883,-73.91975
6608,40.871315,-73.91576
6609,40.871246,-73.91693
6610,40.869453,-73.90593
6611,40.8683,-73.926094
6612,40.871315,-73.91576
6613,40.860847,-73.89998
6614,40.866997,-73.92507
6615,40.871315,-73.91576
6616,40.871246,-73.91693
6617,40.87171,-73.90509
6618,40.866074,-73.88826
6619,40.869453,-73.90593
6620,40.870495,-73.8823
6621,40.870773,-73.90609
6622,40.851837,-73.89753
6623,40.860443,-73.907425
6624,40.853848,-73.896286
6625,40.869453,-73.90593
6626,40.870773,-73.90609
6627,40.86158,-73.90276
6628,40.86428,-73.90838
6629,40.860847,-73.89998
6630,40.872402,-73.885216
6631,40.849075,-73.886116
6632,40.86428,-73.90838
6633,40.8664,-73.88782
6634,40.860878,-73.900055
6635,40.864594,-73.90775
6636,40.872402,-73.885216
6637,40.867584,-73.89506
6638,40.864296,-73.8906
6639,40.870716,-73.91637
6640,40.86621,-73.89995
6641,40.869453,-73.90593
6642,40.86752,-73.88454
6643,40.85025,-73.886734
6644,40.871296,-73.9169
6645,40.869534,-73.90602
6646,40.8683,-73.922905
6647,40.8683,-73.926094
6648,40.860554,-73.903206
6649,40.869453,-73.90593
6650,40.8683,-73.926094
6651,40.857807,-73.887665
6652,40.87089,-73.91554
6653,40.870476,-73.88281
6654,40.868332,-73.883194
6655,40.872402,-73.885216
6656,40.870174,-73.916725
6657,40.851517,-73.91978
6658,40.870476,-73.88281
6659,40.87124,-73.9179
6660,40.868332,-73.883194
6661,40.851284,-73.919846
6662,40.869835,-73.915184
6663,40.86465,-73.90821
6664,40.868332,-73.883194
6665,40.86183,-73.9026
6666,40.872402,-73.885216
6667,40.857635,-73.88452
6668,40.870495,-73.8823
6669,40.86479,-73.90716
6670,40.870476,-73.88281
6671,40.871983,-73.91628
6672,40.86479,-73.90716
6673,40.86158,-73.90276
6674,40.8683,-73.922905
6675,40.87061,-73.91793
6676,40.87061,-73.91793
6677,40.869453,-73.90593
6678,40.870495,-73.8823
6679,40.86459,-73.90775
6680,40.8677,-73.884964
6681,40.863953,-73.90788
6682,40.869534,-73.90602
6683,40.85607,-73.909004
6684,40.87061,-73.91793
6685,40.871296,-73.9169
6686,40.851536,-73.88555
6687,40.871246,-73.91693
6688,40.8683,-73.922905
6689,40.856415,-73.89186
6690,40.8683,-73.922905
6691,40.86158,-73.90276
6692,40.871246,-73.91693
6693,40.872402,-73.885216
6694,40.87255,-73.9189
6695,40.8683,-73.922905
6696,40.867584,-73.89506
6697,40.871983,-73.91628
6698,40.872402,-73.885216
6699,40.870758,-73.91803
6700,40.867584,-73.89506
6701,40.851475,-73.89066
6702,40.851418,-73.8907
6703,40.868793,-73.883415
6704,40.865086,-73.904236
6705,40.86546,-73.89213
6706,40.860847,-73.89998
6707,40.869534,-73.90602
6708,40.867584,-73.89506
6709,40.852573,-73.90071
6710,40.87097,-73.9174
6711,40.867584,-73.89506
6712,40.863422,-73.89879
6713,40.867584,-73.89506
6714,40.86916,-73.888535
6715,40.867584,-73.89506
6716,40.863422,-73.89879
6717,40.85469,-73.89869
6718,40.866898,-73.88973
6719,40.869453,-73.90593
6720,40.860847,-73.89998
6721,40.852657,-73.91987
6722,40.84867,-73.89772
6723,40.868416,-73.889404
6724,40.86408,-73.89306
6725,40.870174,-73.916725
6726,40.870716,-73.91637
6727,40.871845,-73.88695
6728,40.860554,-73.90192
6729,40.86433,-73.90752
6730,40.870766,-73.91592
6731,40.870766,-73.91592
6732,40.87071,-73.91657
6733,40.870476,-73.88281
6734,40.872017,-73.898735
6735,40.87097,-73.9174
6736,40.85681,-73.90782
6737,40.86465,-73.90821
6738,40.869534,-73.90602
6739,40.86758,-73.885994
6740,40.867596,-73.90774
6741,40.86433,-73.90752
6742,40.868332,-73.883194
6743,40.869534,-73.90602
6744,40.867596,-73.90774
6745,40.853848,-73.89632
6746,40.870407,-73.916885
6747,40.869453,-73.90593
6748,40.86386,-73.92307
6749,40.869534,-73.90602
6750,40.869534,-73.90602
6751,40.85155,-73.89101
6752,40.869453,-73.90593
6753,40.8683,-73.926094
6754,40.864594,-73.90775
6755,40.863953,-73.90788
6756,40.869453,-73.90593
6757,40.863953,-73.90788
6758,40.869453,-73.90593
6759,40.871296,-73.9169
6760,40.86158,-73.90276
6761,40.850136,-73.89609
6762,40.87103,-73.91645
6763,40.824497,-73.94401
6764,40.834156,-73.946465
6765,40.836082,-73.945564
6766,40.82528,-73.94621
6767,40.827274,-73.94903
6768,40.8475,-73.94017
6769,40.836082,-73.945564
6770,40.8475,-73.94017
6771,40.83481,-73.948105
6772,40.83235,-73.94334
6773,40.827965,-73.941055
6774,40.82957,-73.94554
6775,40.835316,-73.9465
6776,40.824066,-73.94443
6777,40.83244,-73.94259
6778,40.82495,-73.95036
6779,40.84354,-73.935455
6780,40.82625,-73.94542
6781,40.82719,-73.95155
6782,40.835316,-73.9465
6783,40.824066,-73.94443
6784,40.83481,-73.948105
6785,40.836082,-73.945564
6786,40.835533,-73.94488
6787,40.83462,-73.94727
6788,40.82957,-73.94554
6789,40.83462,-73.94727
6790,40.833897,-73.93008
6791,40.837383,-73.94562
6792,40.836082,-73.945564
6793,40.83462,-73.94727
6794,40.836082,-73.945564
6795,40.83462,-73.94727
6796,40.847736,-73.94008
6797,40.830597,-73.92795
6798,40.830597,-73.92795
6799,40.84378,-73.94302
6800,40.833763,-73.94096
6801,40.833763,-73.94096
6802,40.83205,-73.949036
6803,40.83453,-73.94703
6804,40.847736,-73.94008
6805,40.833763,-73.94096
6806,40.82893,-73.94325
6807,40.824066,-73.94443
6808,40.828663,-73.9434
6809,40.84378,-73.94302
6810,40.823437,-73.94258
6811,40.830597,-73.92795
6812,40.83518,-73.94693
6813,40.84378,-73.94302
6814,40.835533,-73.94488
6815,40.824764,-73.94015
6816,40.82585,-73.94565
6817,40.83518,-73.94693
6818,40.82719,-73.95155
6819,40.823437,-73.94258
6820,40.833763,-73.94096
6821,40.83462,-73.94727
6822,40.82893,-73.94325
6823,40.824615,-73.941414
6824,40.83477,-73.94597
6825,40.827766,-73.939255
6826,40.84856,-73.930984
6827,40.82837,-73.95044
6828,40.836533,-73.93868
6829,40.82837,-73.95044
6830,40.84856,-73.930984
6831,40.82886,-73.94309
6832,40.83477,-73.94597
6833,40.83267,-73.94022
6834,40.836082,-73.945564
6835,40.829067,-73.9494
6836,40.825237,-73.94118
6837,40.823437,-73.94258
6838,40.833557,-73.94426
6839,40.836082,-73.945564
6840,40.82545,-73.94662
6841,40.847736,-73.94008
6842,40.82611,-73.95236
6843,40.82993,-73.9495
6844,40.847736,-73.94008
6845,40.84869,-73.89778
6846,40.86301,-73.89185
6847,40.87255,-73.9189
6848,40.867584,-73.89506
6849,40.870476,-73.88281
6850,40.870476,-73.88281
6851,40.87124,-73.9179
6852,40.868416,-73.889404
6853,40.868416,-73.889404
6854,40.867584,-73.89506
6855,40.870632,-73.91706
6856,40.87103,-73.91645
6857,40.849678,-73.92075
6858,40.870632,-73.91706
6859,40.87103,-73.91645
6860,40.8522,-73.88823
6861,40.868416,-73.889404
6862,40.866997,-73.92507
6863,40.867596,-73.90774
6864,40.8716,-73.88264
6865,40.871246,-73.91693
6866,40.87168,-73.91782
6867,40.871246,-73.91693
6868,40.860847,-73.89998
6869,40.871807,-73.903145
6870,40.855442,-73.88535
6871,40.86158,-73.90276
6872,40.870476,-73.88281
6873,40.872433,-73.91771
6874,40.871315,-73.91576
6875,40.872433,-73.91771
6876,40.860847,-73.89998
6877,40.871246,-73.91693
6878,40.8716,-73.88264
6879,40.8505,-73.88922
6880,40.87168,-73.91782
6881,40.87071,-73.91657
6882,40.86465,-73.90821
6883,40.871315,-73.91576
6884,40.829,-73.95
6885,40.824856,-73.95014
6886,40.83481,-73.948105
6887,40.837685,-73.94128
6888,40.827747,-73.9509
6889,40.84856,-73.930984
6890,40.828598,-73.950226
6891,40.83732,-73.94074
6892,40.834774,-73.9393
6893,40.834896,-73.94831
6894,40.824615,-73.941414
6895,40.824615,-73.941414
6896,40.83281,-73.940216
6897,40.83078,-73.94261
6898,40.828316,-73.938934
6899,40.828663,-73.9434
6900,40.83281,-73.940216
6901,40.833416,-73.942764
6902,40.835533,-73.94518
6903,40.835815,-73.9465
6904,40.82719,-73.95155
6905,40.825554,-73.95302
6906,40.825554,-73.95302
6907,40.83297,-73.94047
6908,40.832607,-73.92768
6909,40.82821,-73.94736
6910,40.83462,-73.94727
6911,40.829372,-73.94004
6912,40.847736,-73.94008
6913,40.82467,-73.9497
6914,40.826427,-73.94895
6915,40.847736,-73.94008
6916,40.834846,-73.942375
6917,40.841633,-73.93895
6918,40.83682,-73.9466
6919,40.83682,-73.9466
6920,40.834957,-73.94872
6921,40.83281,-73.940216
6922,40.836082,-73.945564
6923,40.824066,-73.94443
6924,40.841633,-73.93895
6925,40.817818,-73.91094
6926,40.816692,-73.911385
6927,40.822433,-73.91177
6928,40.810722,-73.92422
6929,40.82038,-73.91097
6930,40.820503,-73.91136
6931,40.82027,-73.894554
6932,40.820717,-73.903206
6933,40.822433,-73.91177
6934,40.813988,-73.90353
6935,40.82038,-73.910934
6936,40.82284,-73.90291
6937,40.817307,-73.8969
6938,40.821438,-73.90172
6939,40.82276,-73.90709
6940,40.81375,-73.89929
6941,40.82038,-73.910934
6942,40.82038,-73.910934
6943,40.82038,-73.910934
6944,40.81117,-73.92049
6945,40.818104,-73.908714
6946,40.82061,-73.90451
6947,40.818073,-73.88617
6948,40.822433,-73.91177
6949,40.821438,-73.90172
6950,40.81228,-73.88905
6951,40.815765,-73.90838
6952,40.818913,-73.91226
6953,40.814697,-73.89956
6954,40.819504,-73.903206
6955,40.82038,-73.91097
6956,40.820023,-73.91034
6957,40.820015,-73.917656
6958,40.822433,-73.91177
6959,40.82273,-73.90905
6960,40.817986,-73.89622
6961,40.824764,-73.94015
6962,40.82993,-73.9495
6963,40.8259,-73.95264
6964,40.824066,-73.94443
6965,40.827183,-73.94375
6966,40.82625,-73.94542
6967,40.828598,-73.950226
6968,40.82625,-73.94542
6969,40.832207,-73.92869
6970,40.830696,-73.94241
6971,40.832268,-73.92865
6972,40.82344,-73.94337
6973,40.823997,-73.93945
6974,40.855618,-73.938416
6975,40.85314,-73.93905
6976,40.85337,-73.93559
6977,40.8553,-73.93545
6978,40.85314,-73.93905
6979,40.85314,-73.93905
6980,40.857044,-73.93727
6981,40.8583,-73.93273
6982,40.85314,-73.93905
6983,40.8569,-73.936356
6984,40.854275,-73.935036
6985,40.855618,-73.938416
6986,40.85337,-73.93559
6987,40.855618,-73.938416
6988,40.855618,-73.938416
6989,40.855618,-73.938416
6990,40.863937,-73.928795
6991,40.85233,-73.93975
6992,40.854275,-73.935036
6993,40.85233,-73.93975
6994,40.857803,-73.93302
6995,40.863937,-73.928795
6996,40.855415,-73.93889
6997,40.85671,-73.93754
6998,40.853676,-73.93473
6999,40.85184,-73.94128
7000,40.851234,-73.94011
7001,40.85145,-73.9419
7002,40.851234,-73.94011
7003,40.82038,-73.910934
7004,40.811214,-73.92059
7005,40.81902,-73.91242
7006,40.818966,-73.89518
7007,40.8191,-73.887535
7008,40.81121,-73.886284
7009,40.815044,-73.9025
7010,40.814903,-73.9081
7011,40.82042,-73.90337
7012,40.817524,-73.91063
7013,40.817493,-73.910576
7014,40.814903,-73.907936
7015,40.81876,-73.9074
7016,40.82097,-73.90617
7017,40.821438,-73.90172
7018,40.814697,-73.89956
7019,40.811844,-73.92477
7020,40.82038,-73.91097
7021,40.81375,-73.89929
7022,40.81997,-73.89456
7023,40.82038,-73.910934
7024,40.820232,-73.91254
7025,40.81123,-73.906166
7026,40.82038,-73.910934
7027,40.82038,-73.910934
7028,40.82038,-73.910934
7029,40.801636,-73.916595
7030,40.82244,-73.890076
7031,40.820232,-73.91254
7032,40.820747,-73.91009
7033,40.820484,-73.91018
7034,40.811146,-73.92043
7035,40.82244,-73.890076
7036,40.82038,-73.91097
7037,40.822678,-73.89658
7038,40.82038,-73.910934
7039,40.82545,-73.94662
7040,40.847736,-73.94008
7041,40.83205,-73.949036
7042,40.833557,-73.94426
7043,40.83462,-73.94727
7044,40.83867,-73.93699
7045,40.82993,-73.9495
7046,40.835815,-73.9465
7047,40.82806,-73.93903
7048,40.823437,-73.94258
7049,40.828663,-73.9434
7050,40.83725,-73.94766
7051,40.824352,-73.94703
7052,40.823997,-73.93945
7053,40.82391,-73.93948
7054,40.83696,-73.947754
7055,40.835815,-73.9465
7056,40.824615,-73.941414
7057,40.83477,-73.94597
7058,40.8242,-73.9398
7059,40.83462,-73.94727
7060,40.83477,-73.94597
7061,40.823563,-73.95008
7062,40.83477,-73.94597
7063,40.83867,-73.93699
7064,40.83477,-73.94597
7065,40.827183,-73.94375
7066,40.82527,-73.94843
7067,40.824066,-73.94443
7068,40.842434,-73.93788
7069,40.833557,-73.94426
7070,40.824764,-73.94015
7071,40.83104,-73.94658
7072,40.833557,-73.94426
7073,40.833557,-73.94426
7074,40.825928,-73.94379
7075,40.835396,-73.94199
7076,40.82719,-73.95155
7077,40.827747,-73.9509
7078,40.77346,-73.95454
7079,40.77369,-73.95548
7080,40.793526,-73.97024
7081,40.78461,-73.97121
7082,40.775963,-73.95779
7083,40.775017,-73.95161
7084,40.789642,-73.967255
7085,40.793526,-73.97024
7086,40.775246,-73.95015
7087,40.777287,-73.947655
7088,40.783695,-73.97298
7089,40.783417,-73.95637
7090,40.773174,-73.89075
7091,40.777122,-73.91904
7092,40.775253,-73.90618
7093,40.77722,-73.92238
7094,40.773197,-73.89014
7095,40.777763,-73.90538
7096,40.779903,-73.90961
7097,40.781178,-73.90487
7098,40.77524,-73.90046
7099,40.77296,-73.88977
7100,40.780853,-73.910675
7101,40.773197,-73.89014
7102,40.781178,-73.90487
7103,40.781178,-73.90487
7104,40.775955,-73.90777
7105,40.7772,-73.90737
7106,40.774673,-73.89983
7107,40.7812,-73.908905
7108,40.779003,-73.91861
7109,40.778206,-73.91364
7110,40.77858,-73.91418
7111,40.775475,-73.90929
7112,40.78153,-73.913506
7113,40.695267,-73.996864
7114,40.687157,-73.995575
7115,40.695034,-73.99324
7116,40.69651,-73.99179
7117,40.68842,-73.981415
7118,40.690807,-73.99001
7119,40.68953,-73.986465
7120,40.689445,-73.99605
7121,40.69207,-73.98021
7122,40.692474,-73.98507
7123,40.68845,-73.9873
7124,40.68522,-73.9788
7125,40.69708,-73.98836
7126,40.687847,-73.99481
7127,40.67745,-73.997696
7128,40.68233,-73.997536
7129,40.682182,-74.00369
7130,40.677166,-73.99776
7131,40.682655,-74.00143
7132,40.68286,-74.001495
7133,40.68233,-73.997536
7134,40.682655,-74.00143
7135,40.674477,-73.9986
7136,40.684063,-74.003555
7137,40.677376,-73.99705
7138,40.68191,-73.99808
7139,40.68172,-74.0035
7140,40.675667,-73.99892
7141,40.679123,-74.00156
7142,40.683357,-74.00317
7143,40.68291,-74.00426
7144,40.682076,-73.99812
7145,40.680717,-74.0025
7146,40.680588,-74.00266
7147,40.684002,-74.00287
7148,40.67874,-74.01143
7149,40.67727,-74.00034
7150,40.680717,-74.0025
7151,40.675903,-73.99873
7152,40.678516,-74.011154
7153,40.675903,-73.99873
7154,40.680588,-74.00266
7155,40.675667,-73.99892
7156,40.677166,-73.99776
7157,40.683643,-74.00387
7158,40.681297,-73.99937
7159,40.677166,-73.99776
7160,40.676804,-73.99908
7161,40.68407,-73.99703
7162,40.68382,-73.999855
7163,40.68109,-74.01012
7164,40.674625,-73.999435
7165,40.677322,-74.00028
7166,40.710457,-73.991234
7167,40.715595,-73.9936
7168,40.715393,-73.986435
7169,40.71232,-73.99301
7170,40.715393,-73.986435
7171,40.714645,-73.98544
7172,40.71546,-73.996826
7173,40.710457,-73.991234
7174,40.712917,-73.97816
7175,40.715057,-73.98183
7176,40.72115,-73.99341
7177,40.72122,-73.97895
7178,40.71555,-73.988365
7179,40.720024,-73.99165
7180,40.713478,-73.979416
7181,40.714905,-73.987595
7182,40.71477,-73.98055
7183,40.714912,-73.98759
7184,40.710457,-73.991234
7185,40.722103,-73.99608
7186,40.720024,-73.99165
7187,40.722034,-73.98762
7188,40.720894,-73.978424
7189,40.71887,-73.99134
7190,40.710457,-73.991234
7191,40.716576,-74.01613
7192,40.71007,-74.017006
7193,40.709854,-74.01789
7194,40.717712,-74.002815
7195,40.717167,-74.00248
7196,40.718643,-73.997925
7197,40.71378,-74.00462
7198,40.71274,-73.99936
7199,40.718643,-73.997925
7200,40.710068,-74.01785
7201,40.71382,-74.00837
7202,40.71674,-74.009415
7203,40.717712,-74.002815
7204,40.71517,-74.01092
7205,40.71007,-74.017006
7206,40.713737,-74.00001
7207,40.718647,-74.002975
7208,40.709854,-74.01789
7209,40.716576,-74.01613
7210,40.716576,-74.01613
7211,40.719345,-74.00359
7212,40.71274,-73.99936
7213,40.716576,-74.01613
7214,40.709965,-74.004135
7215,40.711395,-74.005905
7216,40.713512,-73.999535
7217,40.71253,-73.99985
7218,40.713512,-73.999535
7219,40.719067,-74.008415
7220,40.719067,-74.008415
7221,40.711178,-74.008125
7222,40.721737,-73.9981
7223,40.71865,-74.002975
7224,40.709965,-74.004135
7225,40.715206,-74.00913
7226,40.70592,-74.010765
7227,40.709164,-74.01293
7228,40.708374,-74.01679
7229,40.70839,-74.01777
7230,40.706837,-74.00832
7231,40.708614,-74.00348
7232,40.70653,-74.01086
7233,40.705185,-74.00789
7234,40.705273,-74.01023
7235,40.706184,-74.01561
7236,40.709755,-74.0085
7237,40.706116,-74.011734
7238,40.708614,-74.00348
7239,40.706837,-74.00832
7240,40.709034,-74.004684
7241,40.70773,-74.009735
7242,40.70929,-74.01613
7243,40.70907,-74.00982
7244,40.706184,-74.01561
7245,40.70592,-74.010765
7246,40.707764,-74.01499
7247,40.70592,-74.010765
7248,40.708828,-74.01657
7249,40.708103,-74.016975
7250,40.709522,-74.00243
7251,40.705185,-74.00789
7252,40.70983,-74.00951
7253,40.812756,-73.82697
7254,40.81513,-73.80242
7255,40.816433,-73.810326
7256,40.81749,-73.82224
7257,40.80995,-73.80218
7258,40.814785,-73.80092
7259,40.814754,-73.82387
7260,40.816296,-73.79994
7261,40.822178,-73.80648
7262,40.81906,-73.80576
7263,40.812195,-73.80677
7264,40.81897,-73.80592
7265,40.815125,-73.801796
7266,40.81866,-73.81297
7267,40.81769,-73.8189
7268,40.81866,-73.81297
7269,40.819454,-73.8193
7270,40.818436,-73.82075
7271,40.81441,-73.81846
7272,40.820637,-73.81897
7273,40.820248,-73.821434
7274,40.819195,-73.8213
7275,40.81367,-73.82324
7276,40.81906,-73.80576
7277,40.815186,-73.81605
7278,40.814644,-73.81631
7279,40.80988,-73.80264
7280,40.798668,-73.81949
7281,40.81263,-73.80741
7282,40.81944,-73.81889
7283,40.803417,-73.967766
7284,40.82271,-73.94273
7285,40.815548,-73.9416
7286,40.799824,-73.966934
7287,40.81517,-73.93684
7288,40.801777,-73.965096
7289,40.819633,-73.95247
7290,40.80912,-73.95147
7291,40.812893,-73.9449
7292,40.822964,-73.926735
7293,40.8117,-73.96209
7294,40.81118,-73.9451
7295,40.81429,-73.96096
7296,40.80439,-73.967964
7297,40.79875,-73.93618
7298,40.80403,-73.937836
7299,40.8073,-73.96666
7300,40.803417,-73.967766
7301,40.804638,-73.95656
7302,40.81118,-73.9451
7303,40.802914,-73.96811
7304,40.81429,-73.96096
7305,40.804237,-73.96759
7306,40.817883,-73.938644
7307,40.80892,-73.95361
7308,40.80439,-73.967964
7309,40.8117,-73.96209
7310,40.805904,-73.853645
7311,40.812607,-73.85968
7312,40.81611,-73.84875
7313,40.82315,-73.8478
7314,40.815063,-73.85055
7315,40.805904,-73.853645
7316,40.820747,-73.847374
7317,40.82294,-73.86072
7318,40.814808,-73.86294
7319,40.815918,-73.85816
7320,40.815807,-73.85759
7321,40.805904,-73.853645
7322,40.821247,-73.87598
7323,40.805904,-73.853645
7324,40.821247,-73.87598
7325,40.820683,-73.8731
7326,40.818157,-73.852554
7327,40.805656,-73.85058
7328,40.820976,-73.845695
7329,40.806145,-73.852356
7330,40.821598,-73.87332
7331,40.82268,-73.84592
7332,40.82261,-73.86095
7333,40.821247,-73.87598
7334,40.80857,-73.85114
7335,40.816124,-73.863365
7336,40.813904,-73.85997
7337,40.821598,-73.87332
7338,40.821247,-73.87598
7339,40.822685,-73.8612
7340,40.821598,-73.87332
7341,40.821247,-73.87598
7342,40.752827,-73.89164
7343,40.767036,-73.958824
7344,40.76879,-73.93461
7345,40.76986,-73.95934
7346,40.76367,-73.96462
7347,40.77144,-73.95139
7348,40.76876,-73.95718
7349,40.76151,-73.9609
7350,40.74646,-73.90034
7351,40.77207,-73.957726
7352,40.76784,-73.95762
7353,40.74194,-73.905655
7354,40.77181,-73.96707
7355,40.754467,-73.966965
7356,40.770878,-73.96677
7357,40.759224,-73.95261
7358,40.766212,-73.959915
7359,40.75013,-73.97057
7360,40.76425,-73.960655
7361,40.76896,-73.95604
7362,40.733902,-73.95547
7363,40.75745,-73.9617
7364,40.76697,-73.95496
7365,40.760338,-73.96104
7366,40.758987,-73.96413
7367,40.77067,-73.952225
7368,40.76244,-73.96259
7369,40.754948,-73.827
7370,40.75483,-73.82338
7371,40.756126,-73.830246
7372,40.756622,-73.82554
7373,40.757874,-73.813576
7374,40.752018,-73.831116
7375,40.75637,-73.82315
7376,40.754356,-73.82163
7377,40.75483,-73.82674
7378,40.75291,-73.821045
7379,40.757114,-73.82857
7380,40.753242,-73.82538
7381,40.756668,-73.82947
7382,40.75295,-73.82199
7383,40.75613,-73.830246
7384,40.755295,-73.831985
7385,40.76,-73.82244
7386,40.75291,-73.821045
7387,40.769855,-73.81887
7388,40.761208,-73.82771
7389,40.762596,-73.828415
7390,40.761925,-73.82003
7391,40.76219,-73.82278
7392,40.765152,-73.822075
7393,40.76319,-73.81732
7394,40.76623,-73.82423
7395,40.762398,-73.82268
7396,40.76644,-73.824036
7397,40.76962,-73.83053
7398,40.764626,-73.81737
7399,40.76545,-73.81811
7400,40.763428,-73.81289
7401,40.77964,-73.84423
7402,40.789894,-73.84025
7403,40.789104,-73.841545
7404,40.790154,-73.84291
7405,40.77666,-73.846115
7406,40.775005,-73.845116
7407,40.786415,-73.84806
7408,40.78429,-73.84189
7409,40.79063,-73.845505
7410,40.784077,-73.84936
7411,40.793922,-73.84645
7412,40.789635,-73.844955
7413,40.791786,-73.84281
7414,40.786415,-73.84806
7415,40.79247,-73.83933
7416,40.785885,-73.832886
7417,40.7864,-73.84633
7418,40.77622,-73.84658
7419,40.788773,-73.85439
7420,40.77976,-73.84346
7421,40.783432,-73.84252
7422,40.790813,-73.851036
7423,40.78424,-73.84306
7424,40.781834,-73.8446
7425,40.79178,-73.84281
7426,40.794334,-73.846405
7427,40.792694,-73.84626
7428,40.794144,-73.84663
7429,40.793465,-73.846664
7430,40.788765,-73.84587
7431,40.794155,-73.845856
7432,40.767338,-73.865875
7433,40.755188,-73.83363
7434,40.763714,-73.87067
7435,40.75562,-73.87765
7436,40.754807,-73.877495
7437,40.75366,-73.856735
7438,40.754807,-73.877495
7439,40.75837,-73.87791
7440,40.75266,-73.876366
7441,40.748055,-73.86172
7442,40.75266,-73.876366
7443,40.752293,-73.877655
7444,40.752247,-73.87846
7445,40.751595,-73.87896
7446,40.75719,-73.86936
7447,40.75201,-73.86055
7448,40.75614,-73.83274
7449,40.75614,-73.83274
7450,40.75614,-73.83274
7451,40.75753,-73.87938
7452,40.757793,-73.87696
7453,40.760277,-73.833916
7454,40.75753,-73.87938
7455,40.751736,-73.83489
7456,40.756332,-73.87618
7457,40.752537,-73.87758
7458,40.758503,-73.877846
7459,40.757202,-73.87808
7460,40.753716,-73.87934
7461,40.757084,-73.835594
7462,40.755035,-73.87771
7463,40.752678,-73.878685
7464,40.756138,-73.837685
7465,40.757107,-73.85603
7466,40.75837,-73.87924
7467,40.755783,-73.876076
7468,40.756332,-73.87618
7469,40.763958,-73.832596
7470,40.757965,-73.86447
7471,40.763958,-73.832596
7472,40.75275,-73.87678
7473,40.76255,-73.87878
7474,40.760277,-73.833916
7475,40.755337,-73.875046
7476,40.75492,-73.87656
7477,40.757347,-73.855606
7478,40.75796,-73.87756
7479,40.758442,-73.87715
7480,40.75654,-73.83745
7481,40.755054,-73.833595
7482,40.757336,-73.83421
7483,40.75257,-73.87849
7484,40.755234,-73.875984
7485,40.755882,-73.875145
7486,40.756382,-73.879135
7487,40.755714,-73.876724
7488,40.75275,-73.87678
7489,40.757347,-73.855606
7490,40.757114,-73.87646
7491,40.750626,-73.87158
7492,40.755234,-73.875984
7493,40.75226,-73.87766
7494,40.760277,-73.833916
7495,40.751736,-73.83489
7496,40.763447,-73.87233
7497,40.760277,-73.833916
7498,40.748,-73.86902
7499,40.760277,-73.833916
7500,40.754543,-73.87881
7501,40.75861,-73.874405
7502,40.752033,-73.85923
7503,40.755226,-73.833626
7504,40.74773,-73.8755
7505,40.749645,-73.86654
7506,40.757084,-73.835594
7507,40.752537,-73.878815
7508,40.757793,-73.87696
7509,40.755272,-73.87569
7510,40.763374,-73.86959
7511,40.766544,-73.83285
7512,40.76108,-73.83315
7513,40.76108,-73.83315
7514,40.756138,-73.837685
7515,40.75634,-73.87792
7516,40.751736,-73.83489
7517,40.752026,-73.879166
7518,40.757008,-73.87738
7519,40.754517,-73.87459
7520,40.760586,-73.86712
7521,40.752106,-73.86592
7522,40.754402,-73.877106
7523,40.765892,-73.866554
7524,40.757294,-73.87687
7525,40.755234,-73.875984
7526,40.76459,-73.83336
7527,40.755714,-73.876724
7528,40.75196,-73.863754
7529,40.75442,-73.87427
7530,40.75654,-73.83745
7531,40.758396,-73.87762
7532,40.755905,-73.836685
7533,40.75507,-73.8329
7534,40.75562,-73.87765
7535,40.75381,-73.85507
7536,40.754402,-73.877106
7537,40.76108,-73.83315
7538,40.75275,-73.87678
7539,40.760174,-73.83302
7540,40.755283,-73.873764
7541,40.75254,-73.86517
7542,40.757347,-73.855606
7543,40.751785,-73.855255
7544,40.757526,-73.83435
7545,40.755905,-73.836685
7546,40.75233,-73.860085
7547,40.75654,-73.83745
7548,40.756382,-73.879135
7549,40.75514,-73.87691
7550,40.756313,-73.87697
7551,40.75266,-73.876366
7552,40.753025,-73.8705
7553,40.75257,-73.87849
7554,40.76469,-73.86911
7555,40.75216,-73.85933
7556,40.759495,-73.83347
7557,40.755436,-73.873955
7558,40.760727,-73.87874
7559,40.760532,-73.876816
7560,40.753677,-73.85656
7561,40.755272,-73.87569
7562,40.7659,-73.87293
7563,40.756004,-73.87583
7564,40.76387,-73.87678
7565,40.75572,-73.83266
7566,40.756382,-73.879135
7567,40.757046,-73.87929
7568,40.76387,-73.87678
7569,40.75837,-73.87791
7570,40.755917,-73.83696
7571,40.76547,-73.868744
7572,40.756332,-73.87618
7573,40.757084,-73.835594
7574,40.766163,-73.874725
7575,40.75654,-73.83745
7576,40.75572,-73.83266
7577,40.759933,-73.871895
7578,40.754402,-73.877106
7579,40.757805,-73.834404
7580,40.752903,-73.875206
7581,40.75654,-73.83745
7582,40.75624,-73.833275
7583,40.760555,-73.86069
7584,40.75275,-73.87678
7585,40.75734,-73.876495
7586,40.75643,-73.87525
7587,40.752808,-73.87742
7588,40.75996,-73.867004
7589,40.752163,-73.87859
7590,40.75711,-73.85601
7591,40.760277,-73.833916
7592,40.75216,-73.87159
7593,40.757347,-73.855606
7594,40.750446,-73.85555
7595,40.753677,-73.85656
7596,40.75237,-73.87909
7597,40.770763,-73.83267
7598,40.75562,-73.87765
7599,40.756077,-73.87345
7600,40.763416,-73.87155
7601,40.763474,-73.8725
7602,40.75769,-73.87789
7603,40.757137,-73.87727
7604,40.755047,-73.83435
7605,40.756783,-73.83324
7606,40.753613,-73.879326
7607,40.756138,-73.837685
7608,40.760277,-73.833916
7609,40.758442,-73.87715
7610,40.763966,-73.86236
7611,40.755047,-73.83435
7612,40.75567,-73.862434
7613,40.75204,-73.869
7614,40.75614,-73.83274
7615,40.757793,-73.87696
7616,40.757915,-73.87793
7617,40.755283,-73.873764
7618,40.754326,-73.879074
7619,40.758297,-73.83429
7620,40.75796,-73.87756
7621,40.758442,-73.87715
7622,40.75123,-73.86109
7623,40.755466,-73.8773
7624,40.75581,-73.877686
7625,40.75286,-73.87682
7626,40.75196,-73.863754
7627,40.748207,-73.85936
7628,40.755234,-73.875984
7629,40.757824,-73.85731
7630,40.754402,-73.877106
7631,40.757805,-73.834404
7632,40.754887,-73.83283
7633,40.750607,-73.85428
7634,40.757347,-73.855606
7635,40.752293,-73.877655
7636,40.760174,-73.83302
7637,40.75643,-73.87525
7638,40.754402,-73.877106
7639,40.7676,-73.87508
7640,40.757908,-73.872375
7641,40.770763,-73.83267
7642,40.767376,-73.872284
7643,40.755783,-73.876076
7644,40.756332,-73.87618
7645,40.753822,-73.86092
7646,40.757294,-73.87687
7647,40.755684,-73.87701
7648,40.755657,-73.875435
7649,40.759785,-73.87274
7650,40.760277,-73.833916
7651,40.760277,-73.833916
7652,40.75216,-73.85933
7653,40.765545,-73.87377
7654,40.757805,-73.834404
7655,40.757084,-73.835594
7656,40.755054,-73.833595
7657,40.76471,-73.86844
7658,40.754402,-73.877106
7659,40.754887,-73.83283
7660,40.755047,-73.83435
7661,40.757694,-73.875336
7662,40.755283,-73.873764
7663,40.757725,-73.87752
7664,40.75514,-73.87691
7665,40.755684,-73.87701
7666,40.76366,-73.86214
7667,40.7579,-73.86859
7668,40.765762,-73.87775
7669,40.770237,-73.87587
7670,40.754585,-73.86506
7671,40.75645,-73.87368
7672,40.756588,-73.87719
7673,40.756138,-73.837685
7674,40.752293,-73.877655
7675,40.757946,-73.87056
7676,40.75237,-73.87909
7677,40.757805,-73.834404
7678,40.756588,-73.87719
7679,40.74945,-73.877914
7680,40.7655,-73.8692
7681,40.755714,-73.876724
7682,40.751163,-73.86206
7683,40.770763,-73.83267
7684,40.750317,-73.85695
7685,40.75429,-73.864815
7686,40.75362,-73.879036
7687,40.755886,-73.87689
7688,40.758423,-73.87064
7689,40.757805,-73.834404
7690,40.755524,-73.87317
7691,40.750114,-73.865395
7692,40.75728,-73.856094
7693,40.751736,-73.83489
7694,40.760555,-73.86069
7695,40.760017,-73.87576
7696,40.75654,-73.83745
7697,40.760277,-73.833916
7698,40.76454,-73.86827
7699,40.764263,-73.86869
7700,40.75216,-73.85933
7701,40.757725,-73.87752
7702,40.75347,-73.85343
7703,40.755917,-73.83696
7704,40.760277,-73.833916
7705,40.754807,-73.877495
7706,40.7536,-73.87919
7707,40.754807,-73.877495
7708,40.761166,-73.861496
7709,40.76066,-73.8608
7710,40.764454,-73.873405
7711,40.75654,-73.83745
7712,40.76416,-73.86255
7713,40.753654,-73.85509
7714,40.751026,-73.86134
7715,40.757805,-73.834404
7716,40.74945,-73.877914
7717,40.75216,-73.87159
7718,40.753258,-73.864426
7719,40.75392,-73.86121
7720,40.757294,-73.87687
7721,40.76031,-73.87406
7722,40.760075,-73.873695
7723,40.74918,-73.87947
7724,40.75257,-73.87849
7725,40.753517,-73.86349
7726,40.754543,-73.87881
7727,40.767075,-73.87498
7728,40.757805,-73.834404
7729,40.76454,-73.86827
7730,40.747704,-73.87454
7731,40.753925,-73.8729
7732,40.75643,-73.83314
7733,40.755802,-73.87519
7734,40.75257,-73.87849
7735,40.754402,-73.877106
7736,40.756237,-73.877106
7737,40.755466,-73.8773
7738,40.752377,-73.87906
7739,40.756138,-73.837685
7740,40.757946,-73.87647
7741,40.760277,-73.833916
7742,40.75295,-73.85746
7743,40.75581,-73.877686
7744,40.757725,-73.87752
7745,40.757763,-73.87644
7746,40.75437,-73.86496
7747,40.75429,-73.87708
7748,40.754517,-73.87459
7749,40.76019,-73.87688
7750,40.75514,-73.87691
7751,40.752846,-73.858284
7752,40.770763,-73.83267
7753,40.756332,-73.83261
7754,40.762238,-73.86733
7755,40.756004,-73.87583
7756,40.75682,-73.87924
7757,40.767418,-73.86906
7758,40.754402,-73.877106
7759,40.723446,-73.84473
7760,40.723396,-73.84686
7761,40.72772,-73.84715
7762,40.734608,-73.85026
7763,40.733868,-73.84649
7764,40.726784,-73.85264
7765,40.724365,-73.8389
7766,40.728603,-73.849525
7767,40.725136,-73.85123
7768,40.728603,-73.8505
7769,40.728603,-73.849525
7770,40.726704,-73.85576
7771,40.728603,-73.8505
7772,40.726974,-73.8495
7773,40.725418,-73.85348
7774,40.727905,-73.853096
7775,40.728687,-73.84977
7776,40.728603,-73.8505
7777,40.729057,-73.84782
7778,40.728237,-73.85135
7779,40.727413,-73.846985
7780,40.72962,-73.84788
7781,40.729366,-73.84919
7782,40.74678,-73.87389
7783,40.738297,-73.87708
7784,40.738262,-73.87671
7785,40.7469,-73.871086
7786,40.738297,-73.87708
7787,40.73752,-73.858185
7788,40.736557,-73.85886
7789,40.737602,-73.85692
7790,40.737465,-73.85759
7791,40.742832,-73.879456
7792,40.737633,-73.868996
7793,40.737465,-73.85759
7794,40.736557,-73.85886
7795,40.740894,-73.858604
7796,40.738297,-73.87708
7797,40.73657,-73.87063
7798,40.737465,-73.85759
7799,40.747475,-73.8745
7800,40.738884,-73.87612
7801,40.746704,-73.876785
7802,40.736202,-73.87136
7803,40.735126,-73.87794
7804,40.738434,-73.861465
7805,40.73657,-73.87063
7806,40.73826,-73.878586
7807,40.738884,-73.87612
7808,40.73603,-73.86837
7809,40.738396,-73.87836
7810,40.736732,-73.86895
7811,40.73847,-73.87877
7812,40.74483,-73.86588
7813,40.73839,-73.878395
7814,40.733845,-73.86188
7815,40.724483,-73.86966
7816,40.72802,-73.86995
7817,40.733448,-73.86199
7818,40.733448,-73.86199
7819,40.724613,-73.86991
7820,40.73018,-73.856705
7821,40.734097,-73.86232
7822,40.731003,-73.85739
7823,40.729595,-73.86332
7824,40.733448,-73.86199
7825,40.72584,-73.8585
7826,40.72665,-73.87416
7827,40.731358,-73.86746
7828,40.73118,-73.85808
7829,40.733448,-73.86199
7830,40.731358,-73.86746
7831,40.73338,-73.86214
7832,40.724045,-73.8607
7833,40.730206,-73.871864
7834,40.72658,-73.859344
7835,40.72914,-73.86461
7836,40.727116,-73.85864
7837,40.732235,-73.858894
7838,40.727352,-73.82563
7839,40.728737,-73.817245
7840,40.728146,-73.82914
7841,40.73493,-73.8219
7842,40.729145,-73.81745
7843,40.728146,-73.82914
7844,40.72524,-73.82191
7845,40.728455,-73.81674
7846,40.733807,-73.81785
7847,40.73352,-73.81532
7848,40.723,-73.81268
7849,40.727898,-73.81715
7850,40.72843,-73.825645
7851,40.730953,-73.821175
7852,40.73352,-73.81532
7853,40.728867,-73.81662
7854,40.728195,-73.80961
7855,40.731773,-73.819214
7856,40.732105,-73.818855
7857,40.728737,-73.817245
7858,40.722935,-73.82276
7859,40.728943,-73.81972
7860,40.723694,-73.80307
7861,40.729137,-73.80057
7862,40.73003,-73.79966
7863,40.7255,-73.79043
7864,40.727993,-73.80035
7865,40.727097,-73.78864
7866,40.726933,-73.79923
7867,40.73394,-73.78884
7868,40.729748,-73.79044
7869,40.72984,-73.79048
7870,40.72249,-73.79871
7871,40.734867,-73.802895
7872,40.73469,-73.79179
7873,40.73225,-73.80402
7874,40.72928,-73.79968
7875,40.728874,-73.78939
7876,40.731106,-73.786125
7877,40.72843,-73.80101
7878,40.726467,-73.79546
7879,40.73257,-73.79077
7880,40.72978,-73.80691
7881,40.72649,-73.79817
7882,40.7269,-73.80104
7883,40.728836,-73.803894
7884,40.729443,-73.80059
7885,40.73468,-73.78977
7886,40.732655,-73.7926
7887,40.727974,-73.80035
7888,40.73134,-73.801735
7889,40.730232,-73.78996
7890,40.74264,-73.818245
7891,40.7472,-73.815865
7892,40.741608,-73.81623
7893,40.742115,-73.81774
7894,40.73972,-73.82797
7895,40.745296,-73.8311
7896,40.74097,-73.82655
7897,40.741238,-73.81978
7898,40.739758,-73.820885
7899,40.746075,-73.83097
7900,40.7432,-73.81616
7901,40.742683,-73.821754
7902,40.746956,-73.83035
7903,40.745003,-73.815994
7904,40.73763,-73.81113
7905,40.745823,-73.81592
7906,40.74491,-73.82422
7907,40.741943,-73.814926
7908,40.74239,-73.81395
7909,40.73948,-73.81194
7910,40.74737,-73.82864
7911,40.74737,-73.82864
7912,40.741943,-73.814926
7913,40.74141,-73.82029
7914,40.73913,-73.8206
7915,40.742165,-73.81647
7916,40.74181,-73.817726
7917,40.73759,-73.82813
7918,40.743748,-73.83148
7919,40.74224,-73.82887
7920,40.73696,-73.80947
7921,40.740032,-73.82252
7922,40.740883,-73.81283
7923,40.662117,-73.9799
7924,40.671474,-73.98128
7925,40.670685,-73.979485
7926,40.670174,-73.98013
7927,40.668163,-73.974266
7928,40.668438,-73.9908
7929,40.670803,-73.98669
7930,40.661,-73.99541
7931,40.662037,-73.98148
7932,40.666233,-73.993065
7933,40.664093,-73.9819
7934,40.66458,-73.9829
7935,40.661354,-73.98112
7936,40.671814,-73.97495
7937,40.661438,-73.98018
7938,40.66182,-73.97938
7939,40.737137,-74.00704
7940,40.73168,-73.99284
7941,40.744762,-73.979225
7942,40.74581,-73.99913
7943,40.74541,-73.97799
7944,40.76409,-73.99538
7945,40.744007,-73.998085
7946,40.748585,-73.97648
7947,40.744247,-73.97888
7948,40.760284,-73.99539
7949,40.742493,-73.97852
7950,40.737865,-73.98434
7951,40.72753,-73.99017
7952,40.73569,-73.99641
7953,40.736217,-73.98363
7954,40.640675,-73.97412
7955,40.64466,-73.986465
7956,40.641605,-73.99047
7957,40.6459,-73.97393
7958,40.6431,-73.97716
7959,40.639927,-73.973885
7960,40.6459,-73.97393
7961,40.646687,-73.974045
7962,40.6459,-73.97393
7963,40.64324,-73.97644
7964,40.643486,-73.98832
7965,40.64441,-73.973656
7966,40.64293,-73.97471
7967,40.64293,-73.97471
7968,40.63506,-73.98719
7969,40.64375,-73.97483
7970,40.646564,-73.97519
7971,40.646687,-73.974045
7972,40.642838,-73.976814
7973,40.64293,-73.97471
7974,40.64406,-73.9886
7975,40.6431,-73.97716
7976,40.64293,-73.97471
7977,40.646027,-73.98149
7978,40.64002,-73.98951
7979,40.646027,-73.98149
7980,40.64293,-73.97471
7981,40.637993,-73.98843
7982,40.642715,-73.99381
7983,40.64329,-73.97689
7984,40.64441,-73.973656
7985,40.63851,-73.9908
7986,40.64324,-73.97644
7987,40.6424,-73.97457
7988,40.643154,-73.97777
7989,40.6424,-73.97457
7990,40.757706,-73.876755
7991,40.75725,-73.87743
7992,40.757957,-73.855865
7993,40.757797,-73.8572
7994,40.75238,-73.86415
7995,40.756393,-73.876045
7996,40.755917,-73.83696
7997,40.75209,-73.87934
7998,40.76413,-73.867874
7999,40.770035,-73.8767
8000,40.763474,-73.868126
8001,40.755234,-73.875984
8002,40.756382,-73.879135
8003,40.755917,-73.83696
8004,40.75445,-73.87396
8005,40.75725,-73.87743
8006,40.754356,-73.876335
8007,40.76379,-73.86566
8008,40.758396,-73.87762
8009,40.75758,-73.86878
8010,40.74945,-73.877914
8011,40.764072,-73.867035
8012,40.76552,-73.86879
8013,40.757946,-73.87647
8014,40.75514,-73.87691
8015,40.750824,-73.87403
8016,40.750317,-73.85695
8017,40.760555,-73.86069
8018,40.760498,-73.86109
8019,40.75711,-73.85601
8020,40.757805,-73.834404
8021,40.641582,-73.987366
8022,40.64093,-73.99539
8023,40.646687,-73.974045
8024,40.64293,-73.97471
8025,40.6424,-73.97457
8026,40.64441,-73.973656
8027,40.64293,-73.97471
8028,40.64339,-73.97598
8029,40.643238,-73.97644
8030,40.646687,-73.974045
8031,40.641155,-73.985054
8032,40.64339,-73.97598
8033,40.64527,-73.97616
8034,40.643295,-73.9769
8035,40.643295,-73.9769
8036,40.64293,-73.97471
8037,40.63571,-73.99278
8038,40.644634,-73.982475
8039,40.64316,-73.977844
8040,40.6431,-73.97716
8041,40.639927,-73.973885
8042,40.646687,-73.974045
8043,40.634995,-73.99403
8044,40.639927,-73.973885
8045,40.635548,-73.990425
8046,40.644634,-73.982475
8047,40.646687,-73.974045
8048,40.641773,-73.97446
8049,40.64339,-73.97598
8050,40.639168,-73.975
8051,40.641003,-73.984795
8052,40.641773,-73.97446
8053,40.646687,-73.974045
8054,40.64339,-73.97598
8055,40.642452,-73.98271
8056,40.63554,-73.99402
8057,40.643238,-73.97644
8058,40.643295,-73.9769
8059,40.646687,-73.974045
8060,40.642754,-73.99388
8061,40.649593,-74.00899
8062,40.647243,-74.005264
8063,40.647785,-74.00076
8064,40.64738,-73.99851
8065,40.647785,-74.00076
8066,40.648792,-74.002365
8067,40.647243,-74.005264
8068,40.649418,-74.00901
8069,40.650475,-74.00741
8070,40.648823,-74.00032
8071,40.64802,-74.00013
8072,40.647762,-73.99915
8073,40.648052,-74.00054
8074,40.649616,-74.00389
8075,40.654278,-74.00692
8076,40.64733,-74.0054
8077,40.649616,-74.00389
8078,40.64733,-74.0054
8079,40.649593,-74.00899
8080,40.647392,-74.00754
8081,40.65448,-74.0
8082,40.655586,-74.007
8083,40.649864,-74.00415
8084,40.64941,-74.0034
8085,40.64974,-74.00419
8086,40.64946,-74.00348
8087,40.649864,-74.00415
8088,40.648792,-74.002365
8089,40.654884,-74.0004
8090,40.648792,-74.002365
8091,40.64707,-74.004974
8092,40.64753,-73.998764
8093,40.647728,-74.01516
8094,40.64957,-74.00392
8095,40.65041,-74.00202
8096,40.644638,-73.998764
8097,40.642933,-74.007774
8098,40.64601,-74.01888
8099,40.641163,-74.01672
8100,40.63975,-74.01863
8101,40.645332,-74.01688
8102,40.646263,-74.0012
8103,40.64061,-74.00484
8104,40.636425,-74.00303
8105,40.646263,-74.0012
8106,40.63947,-74.01199
8107,40.645634,-74.000725
8108,40.63684,-73.99699
8109,40.64303,-74.00733
8110,40.640385,-74.00203
8111,40.64408,-73.99851
8112,40.642372,-74.00199
8113,40.636604,-74.00576
8114,40.645058,-74.002884
8115,40.64532,-74.01427
8116,40.64506,-74.00289
8117,40.645153,-73.99912
8118,40.641163,-74.01672
8119,40.646507,-73.998505
8120,40.640434,-74.00663
8121,40.63761,-74.01053
8122,40.646507,-73.998505
8123,40.641163,-74.01672
8124,40.641163,-74.01672
8125,40.641163,-74.01672
8126,40.645287,-74.014305
8127,40.639877,-74.00119
8128,40.6422,-74.002174
8129,40.65042,-74.0075
8130,40.64941,-74.0034
8131,40.65474,-74.00443
8132,40.647316,-73.99841
8133,40.649593,-74.00899
8134,40.647316,-73.99841
8135,40.649418,-74.00901
8136,40.649418,-74.00901
8137,40.629246,-74.13856
8138,40.635376,-74.121056
8139,40.623283,-74.13659
8140,40.639824,-74.11465
8141,40.630535,-74.13325
8142,40.63029,-74.120674
8143,40.630947,-74.157745
8144,40.63563,-74.15334
8145,40.622063,-74.15806
8146,40.6335,-74.118546
8147,40.62678,-74.13637
8148,40.634834,-74.14145
8149,40.626884,-74.14362
8150,40.6319,-74.15836
8151,40.636925,-74.122696
8152,40.629356,-74.13533
8153,40.62995,-74.16013
8154,40.637894,-74.13673
8155,40.632607,-74.156906
8156,40.63611,-74.1577
8157,40.637257,-74.129875
8158,40.62209,-74.125755
8159,40.63053,-74.14741
8160,40.627697,-74.15156
8161,40.624344,-74.16006
8162,40.63583,-74.15576
8163,40.63018,-74.12963
8164,40.633217,-74.15172
8165,40.627995,-74.134346
8166,40.621994,-74.14988
8167,40.63672,-74.13063
8168,40.622437,-74.12841
8169,40.6379,-74.13308
8170,40.634933,-74.12499
8171,40.624397,-74.11854
8172,40.63168,-74.15291
8173,40.639275,-74.13563
8174,40.627064,-74.127686
8175,40.637383,-74.122505
8176,40.632126,-74.156784
8177,40.638405,-73.99968
8178,40.64044,-74.00363
8179,40.64617,-73.99955
8180,40.646214,-73.99951
8181,40.644524,-73.99699
8182,40.640198,-74.001724
8183,40.641163,-74.01672
8184,40.644543,-73.999275
8185,40.634117,-74.020226
8186,40.642216,-74.00356
8187,40.634224,-74.0009
8188,40.64243,-74.00634
8189,40.63418,-74.00766
8190,40.637997,-74.009575
8191,40.637997,-74.009575
8192,40.642933,-74.007774
8193,40.642372,-74.00199
8194,40.645977,-74.01899
8195,40.634163,-74.00323
8196,40.644955,-74.019585
8197,40.6459,-74.01872
8198,40.638474,-74.010445
8199,40.638706,-74.017365
8200,40.751846,-73.86369
8201,40.756687,-73.85774
8202,40.75837,-73.87791
8203,40.75728,-73.856094
8204,40.760277,-73.833916
8205,40.760292,-73.83287
8206,40.76645,-73.87204
8207,40.752415,-73.87867
8208,40.754887,-73.83283
8209,40.7557,-73.8736
8210,40.758038,-73.85627
8211,40.747704,-73.87454
8212,40.76484,-73.87899
8213,40.755047,-73.83435
8214,40.75275,-73.87678
8215,40.757957,-73.855865
8216,40.758038,-73.85627
8217,40.75728,-73.856094
8218,40.754402,-73.877106
8219,40.755684,-73.87701
8220,40.76265,-73.87815
8221,40.754402,-73.877106
8222,40.753227,-73.861275
8223,40.758297,-73.83429
8224,40.760277,-73.833916
8225,40.760555,-73.86069
8226,40.75614,-73.83274
8227,40.754807,-73.877495
8228,40.757797,-73.8572
8229,40.626316,-74.15857
8230,40.633774,-74.13815
8231,40.623955,-74.124214
8232,40.624126,-74.1429
8233,40.6261,-74.12678
8234,40.62951,-74.15345
8235,40.62713,-74.14933
8236,40.625584,-74.15907
8237,40.635258,-74.15731
8238,40.63711,-74.132866
8239,40.625862,-74.14516
8240,40.633038,-74.15176
8241,40.628483,-74.125244
8242,40.62864,-74.15425
8243,40.629997,-74.159
8244,40.631157,-74.16087
8245,40.634388,-74.14623
8246,40.623665,-74.15269
8247,40.639683,-74.12045
8248,40.63321,-74.13248
8249,40.627674,-74.15103
8250,40.628704,-74.12165
8251,40.62348,-74.12807
8252,40.630886,-74.142235
8253,40.62925,-74.13092
8254,40.637447,-74.11464
8255,40.622437,-74.16098
8256,40.630325,-74.12229
8257,40.628353,-74.12314
8258,40.62817,-74.160706
8259,40.624176,-74.15969
8260,40.62545,-74.15971
8261,40.62377,-74.11431
8262,40.637028,-74.13743
8263,40.627457,-74.15614
8264,40.627422,-74.156746
8265,40.63149,-74.15555
8266,40.63241,-74.159134
8267,40.6312,-74.13314
8268,40.625443,-74.159706
8269,40.62869,-74.12496
8270,40.626766,-74.14067
8271,40.636303,-74.16111
8272,40.637512,-74.12943
8273,40.62904,-74.15
8274,40.63737,-74.14315
8275,40.625164,-74.14145
8276,40.63351,-74.15125
8277,40.628735,-74.15515
8278,40.63236,-74.15785
8279,40.62814,-74.11561
8280,40.625816,-74.134224
8281,40.63792,-74.12991
8282,40.628345,-74.12313
8283,40.63616,-74.12029
8284,40.62992,-74.141785
8285,40.62912,-74.1577
8286,40.62362,-74.135376
8287,40.62378,-74.14169
8288,40.639683,-74.136444
8289,40.63153,-74.13289
8290,40.630493,-74.120964
8291,40.628754,-74.12046
8292,40.625065,-74.131744
8293,40.630295,-74.12999
8294,40.62304,-74.157715
8295,40.62536,-74.15947
8296,40.623615,-74.13539
8297,40.634907,-74.12218
8298,40.632164,-74.11481
8299,40.627895,-74.12178
8300,40.623833,-74.13175
8301,40.623158,-74.13248
8302,40.63691,-74.125824
8303,40.63115,-74.13035
8304,40.638447,-74.132065
8305,40.621983,-74.158066
8306,40.6285,-74.1401
8307,40.636585,-74.125786
8308,40.62962,-74.131836
8309,40.635666,-74.15231
8310,40.636497,-74.13478
8311,40.630886,-74.142235
8312,40.629185,-74.11905
8313,40.628708,-74.14954
8314,40.635147,-74.157776
8315,40.626076,-74.159096
8316,40.63655,-74.135765
8317,40.628647,-74.14954
8318,40.631977,-74.15877
8319,40.62407,-74.15632
8320,40.631058,-74.15447
8321,40.632774,-74.11428
8322,40.627617,-74.13569
8323,40.627834,-74.15239
8324,40.624336,-74.12928
8325,40.632244,-74.15425
8326,40.63545,-74.15237
8327,40.631577,-74.12193
8328,40.62765,-74.15716
8329,40.62228,-74.14129
8330,40.62566,-74.15074
8331,40.62627,-74.11742
8332,40.625725,-74.14257
8333,40.630154,-74.116714
8334,40.634064,-74.13092
8335,40.6275,-74.137184
8336,40.636547,-74.13549
8337,40.622482,-74.14185
8338,40.631115,-74.11854
8339,40.628582,-74.13834
8340,40.62184,-74.14079
8341,40.634636,-74.15414
8342,40.633125,-74.138405
8343,40.629726,-74.1194
8344,40.626026,-74.13376
8345,40.625694,-74.13379
8346,40.6313,-74.14927
8347,40.62529,-74.12825
8348,40.631226,-74.14845
8349,40.631298,-74.158676
8350,40.630646,-74.1152
8351,40.63187,-74.142975
8352,40.62334,-74.15984
8353,40.637585,-74.14557
8354,40.625065,-74.154755
8355,40.6295,-74.15575
8356,40.627678,-74.12817
8357,40.62434,-74.14285
8358,40.624454,-74.127426
8359,40.622463,-74.1278
8360,40.625515,-74.14262
8361,40.629753,-74.132225
8362,40.630733,-74.160645
8363,40.6266,-74.14416
8364,40.63337,-74.14192
8365,40.63458,-74.12237
8366,40.62369,-74.15826
8367,40.630642,-74.115204
8368,40.63115,-74.14218
8369,40.6272,-74.14377
8370,40.633892,-74.14635
8371,40.627304,-74.13948
8372,40.6364,-74.154144
8373,40.6257,-74.12874
8374,40.62183,-74.140785
8375,40.633827,-74.152596
8376,40.63414,-74.145676
8377,40.63567,-74.153725
8378,40.630013,-74.1434
8379,40.635376,-74.14607
8380,40.62163,-74.12643
8381,40.62158,-74.14046
8382,40.624985,-74.13546
8383,40.62503,-74.13539
8384,40.638504,-74.11435
8385,40.62843,-74.151344
8386,40.6342,-74.11873
8387,40.627415,-74.11614
8388,40.629234,-74.15349
8389,40.628925,-74.1583
8390,40.638058,-74.13493
8391,40.623283,-74.159645
8392,40.638023,-74.11605
8393,40.632675,-74.14146
8394,40.624073,-74.141655
8395,40.630814,-74.12108
8396,40.634605,-74.12279
8397,40.629612,-74.13361
8398,40.623764,-74.13401
8399,40.63635,-74.13881
8400,40.624462,-74.15937
8401,40.635376,-74.14607
8402,40.622166,-74.13442
8403,40.635963,-74.132965
8404,40.62791,-74.13475
8405,40.629196,-74.16015
8406,40.622883,-74.13876
8407,40.62729,-74.13674
8408,40.63776,-74.12412
8409,40.634327,-74.122574
8410,40.63699,-74.129074
8411,40.6312,-74.13314
8412,40.62253,-74.14126
8413,40.63805,-74.14029
8414,40.63114,-74.13628
8415,40.62479,-74.12514
8416,40.62158,-74.127075
8417,40.631134,-74.13627
8418,40.632683,-74.15907
8419,40.63011,-74.13377
8420,40.629223,-74.12458
8421,40.63418,-74.118904
8422,40.62554,-74.14271
8423,40.6277,-74.12294
8424,40.630077,-74.15276
8425,40.63469,-74.12268
8426,40.63013,-74.158295
8427,40.627342,-74.119286
8428,40.635788,-74.146904
8429,40.628403,-74.13147
8430,40.627003,-74.160164
8431,40.62872,-74.11932
8432,40.63228,-74.10209
8433,40.62702,-74.1103
8434,40.626343,-74.11322
8435,40.628506,-74.1051
8436,40.63934,-74.078476
8437,40.62731,-74.08223
8438,40.627098,-74.07526
8439,40.638138,-74.07551
8440,40.643482,-74.09702
8441,40.63024,-74.084175
8442,40.624607,-74.0945
8443,40.640194,-74.10969
8444,40.621616,-74.08287
8445,40.636333,-74.08733
8446,40.641457,-74.113045
8447,40.63251,-74.113266
8448,40.634415,-74.099976
8449,40.643375,-74.08889
8450,40.642017,-74.11138
8451,40.633705,-74.092834
8452,40.644855,-74.08976
8453,40.629883,-74.09992
8454,40.634743,-74.09421
8455,40.6416,-74.08805
8456,40.637974,-74.10868
8457,40.630947,-74.111824
8458,40.62751,-74.11177
8459,40.64472,-74.09487
8460,40.644947,-74.07891
8461,40.6332,-74.10654
8462,40.63838,-74.07932
8463,40.62848,-74.106865
8464,40.631905,-74.090256
8465,40.628464,-74.08181
8466,40.640263,-74.07419
8467,40.63742,-74.10388
8468,40.642838,-74.09928
8469,40.62926,-74.1005
8470,40.636883,-74.07892
8471,40.638397,-74.09017
8472,40.55047,-74.138176
8473,40.55502,-74.13153
8474,40.55588,-74.13874
8475,40.56976,-74.12685
8476,40.569855,-74.12208
8477,40.556255,-74.12324
8478,40.557674,-74.160164
8479,40.5634,-74.14856
8480,40.55315,-74.115486
8481,40.570976,-74.12873
8482,40.560555,-74.12846
8483,40.55505,-74.15781
8484,40.567505,-74.12765
8485,40.555305,-74.14319
8486,40.568535,-74.133354
8487,40.56278,-74.154625
8488,40.560566,-74.11607
8489,40.5697,-74.11539
8490,40.55883,-74.12099
8491,40.552925,-74.15434
8492,40.555508,-74.14253
8493,40.55028,-74.154884
8494,40.561,-74.15944
8495,40.56286,-74.12513
8496,40.557713,-74.12403
8497,40.55511,-74.139
8498,40.546688,-74.14056
8499,40.566216,-74.121284
8500,40.569996,-74.13241
8501,40.558018,-74.1365
8502,40.552914,-74.154335
8503,40.565712,-74.15339
8504,40.564625,-74.12187
8505,40.565002,-74.12778
8506,40.56025,-74.13291
8507,40.557934,-74.15908
8508,40.567497,-74.12765
8509,40.567825,-74.13717
8510,40.555363,-74.14252
8511,40.561756,-74.15886
8512,40.56777,-74.13704
8513,40.56406,-74.11771
8514,40.56474,-74.14335
8515,40.553688,-74.13712
8516,40.55591,-74.155785
8517,40.55649,-74.14015
8518,40.556187,-74.11704
8519,40.556736,-74.15616
8520,40.569218,-74.129684
8521,40.548817,-74.142494
8522,40.556355,-74.155396
8523,40.569214,-74.1297
8524,40.55589,-74.13874
8525,40.56554,-74.15322
8526,40.555603,-74.131134
8527,40.56141,-74.12063
8528,40.557953,-74.11756
8529,40.556217,-74.12371
8530,40.555286,-74.15792
8531,40.561226,-74.1146
8532,40.55102,-74.14862
8533,40.560135,-74.15767
8534,40.558453,-74.11594
8535,40.556133,-74.14936
8536,40.565994,-74.12988
8537,40.5584,-74.150215
8538,40.558872,-74.11655
8539,40.5537,-74.14794
8540,40.55815,-74.11604
8541,40.568882,-74.14335
8542,40.553596,-74.1509
8543,40.55132,-74.14142
8544,40.567707,-74.13426
8545,40.565887,-74.13834
8546,40.569992,-74.14989
8547,40.55643,-74.16032
8548,40.564857,-74.151306
8549,40.54594,-74.15393
8550,40.555965,-74.13818
8551,40.55699,-74.115685
8552,40.56838,-74.12938
8553,40.559532,-74.15029
8554,40.627525,-74.02507
8555,40.62531,-74.029495
8556,40.622948,-74.03037
8557,40.634216,-74.03029
8558,40.62311,-74.03832
8559,40.622948,-74.03037
8560,40.627655,-74.02616
8561,40.638336,-74.025475
8562,40.634426,-74.03121
8563,40.635002,-74.03103
8564,40.634216,-74.03029
8565,40.63087,-74.03294
8566,40.634815,-74.03715
8567,40.636036,-74.03664
8568,40.629826,-74.02991
8569,40.634426,-74.03121
8570,40.630333,-74.02461
8571,40.634815,-74.03715
8572,40.639297,-74.0353
8573,40.635002,-74.03103
8574,40.627655,-74.02616
8575,40.622948,-74.03037
8576,40.639893,-74.02969
8577,40.63979,-74.029785
8578,40.63431,-74.02437
8579,40.631905,-74.03729
8580,40.632652,-74.02233
8581,40.627686,-74.02763
8582,40.635002,-74.03103
8583,40.635483,-74.02849
8584,40.63979,-74.029785
8585,40.634895,-74.036385
8586,40.62369,-74.02172
8587,40.63813,-74.03573
8588,40.631298,-74.03611
8589,40.62553,-74.02455
8590,40.62444,-74.04012
8591,40.637665,-74.031494
8592,40.63979,-74.029785
8593,40.63772,-74.02778
8594,40.634113,-74.03357
8595,40.625977,-74.03231
8596,40.63372,-74.026535
8597,40.631786,-74.03388
8598,40.62878,-74.02919
8599,40.633957,-74.03635
8600,40.635075,-74.03175
8601,40.634895,-74.036385
8602,40.62839,-74.02441
8603,40.63235,-74.02408
8604,40.635075,-74.03175
8605,40.629295,-74.02634
8606,40.638184,-74.028854
8607,40.625,-74.02541
8608,40.627655,-74.02616
8609,40.633957,-74.03635
8610,40.63979,-74.029785
8611,40.633957,-74.03635
8612,40.631275,-74.036026
8613,40.635002,-74.03103
8614,40.633957,-74.03635
8615,40.63555,-74.033325
8616,40.63032,-74.03057
8617,40.63267,-74.03397
8618,40.62797,-74.0258
8619,40.628677,-74.03041
8620,40.628986,-74.02975
8621,40.630066,-74.03297
8622,40.628986,-74.02975
8623,40.631546,-74.03086
8624,40.631546,-74.03086
8625,40.62624,-74.034645
8626,40.634735,-74.031136
8627,40.62444,-74.04012
8628,40.6287,-74.02401
8629,40.630905,-74.02401
8630,40.62618,-74.02354
8631,40.62752,-74.02632
8632,40.624775,-73.97863
8633,40.62545,-73.97882
8634,40.626232,-73.977875
8635,40.631275,-73.99285
8636,40.622738,-73.97734
8637,40.6215,-73.98588
8638,40.631866,-73.9754
8639,40.62941,-73.99309
8640,40.630756,-73.98553
8641,40.628326,-73.97557
8642,40.62417,-73.97504
8643,40.629986,-73.995544
8644,40.626026,-73.97364
8645,40.629063,-73.97814
8646,40.62477,-73.98164
8647,40.627594,-73.99084
8648,40.62429,-73.987465
8649,40.625793,-73.979385
8650,40.63255,-73.99359
8651,40.624695,-73.991165
8652,40.63321,-73.99469
8653,40.625874,-73.99415
8654,40.633682,-73.9954
8655,40.625854,-73.981
8656,40.626232,-73.977875
8657,40.632774,-73.99667
8658,40.626125,-73.981476
8659,40.631702,-73.97449
8660,40.63255,-73.99359
8661,40.626232,-73.977875
8662,40.55913,-74.13172
8663,40.546455,-74.14554
8664,40.56227,-74.148575
8665,40.552784,-74.135735
8666,40.56234,-74.12204
8667,40.5565,-74.11793
8668,40.569347,-74.14297
8669,40.546207,-74.1509
8670,40.57062,-74.12133
8671,40.55778,-74.13976
8672,40.5646,-74.14907
8673,40.556347,-74.141685
8674,40.552956,-74.151276
8675,40.56975,-74.12235
8676,40.566135,-74.13888
8677,40.568165,-74.12882
8678,40.551464,-74.147896
8679,40.562263,-74.14864
8680,40.547043,-74.14145
8681,40.562275,-74.148705
8682,40.558693,-74.15025
8683,40.556396,-74.140236
8684,40.55626,-74.12376
8685,40.56656,-74.11502
8686,40.560562,-74.127014
8687,40.564598,-74.129684
8688,40.561176,-74.15656
8689,40.55432,-74.11857
8690,40.555035,-74.139824
8691,40.55649,-74.15987
8692,40.561184,-74.14525
8693,40.55394,-74.14745
8694,40.556347,-74.141685
8695,40.566196,-74.123695
8696,40.557835,-74.138725
8697,40.561665,-74.14804
8698,40.552937,-74.140045
8699,40.5644,-74.15436
8700,40.563747,-74.12415
8701,40.562374,-74.12663
8702,40.56825,-74.12798
8703,40.55551,-74.11721
8704,40.557636,-74.15343
8705,40.557674,-74.160164
8706,40.562523,-74.15451
8707,40.562653,-74.124245
8708,40.551956,-74.138855
8709,40.562225,-74.14865
8710,40.568493,-74.13595
8711,40.565193,-74.137344
8712,40.548084,-74.15658
8713,40.569763,-74.12236
8714,40.57003,-74.141
8715,40.55934,-74.11681
8716,40.558037,-74.12452
8717,40.54645,-74.14183
8718,40.548115,-74.15
8719,40.556908,-74.15729
8720,40.568237,-74.127975
8721,40.566315,-74.12396
8722,40.566605,-74.13532
8723,40.568344,-74.13822
8724,40.548595,-74.143364
8725,40.55872,-74.11441
8726,40.56785,-74.135445
8727,40.566,-74.12012
8728,40.569763,-74.12236
8729,40.562252,-74.14865
8730,40.555702,-74.14248
8731,40.569195,-74.118164
8732,40.566242,-74.137634
8733,40.55998,-74.11984
8734,40.557972,-74.12356
8735,40.56928,-74.13304
8736,40.564587,-74.12961
8737,40.56792,-74.138
8738,40.56353,-74.12333
8739,40.57014,-74.12077
8740,40.566616,-74.123474
8741,40.552414,-74.14417
8742,40.631325,-74.024666
8743,40.62444,-74.04012
8744,40.634426,-74.03121
8745,40.63772,-74.02778
8746,40.629498,-74.02522
8747,40.631325,-74.024666
8748,40.638214,-74.0348
8749,40.62304,-74.03947
8750,40.629807,-74.03318
8751,40.62996,-74.02399
8752,40.635075,-74.03175
8753,40.63566,-74.02936
8754,40.634895,-74.036385
8755,40.628445,-74.02276
8756,40.636036,-74.03664
8757,40.635426,-74.0304
8758,40.63772,-74.02778
8759,40.630646,-74.02186
8760,40.6307,-74.021835
8761,40.63772,-74.02778
8762,40.636036,-74.03664
8763,40.636036,-74.03664
8764,40.630646,-74.024864
8765,40.637913,-74.03008
8766,40.636036,-74.03664
8767,40.632668,-74.02763
8768,40.631992,-74.03413
8769,40.63224,-74.030045
8770,40.625275,-74.02935
8771,40.62444,-74.04012
8772,40.632812,-74.023636
8773,40.625977,-74.03231
8774,40.634216,-74.03029
8775,40.623104,-74.04032
8776,40.63224,-74.030045
8777,40.630646,-74.024864
8778,40.62869,-74.023285
8779,40.632214,-74.03219
8780,40.616917,-74.00414
8781,40.61605,-74.01365
8782,40.62141,-74.01796
8783,40.620193,-74.01687
8784,40.61694,-73.99827
8785,40.620834,-74.014915
8786,40.620224,-74.00846
8787,40.615807,-74.00416
8788,40.618786,-74.007576
8789,40.618767,-74.01057
8790,40.612247,-74.00827
8791,40.61705,-73.99845
8792,40.620228,-74.00521
8793,40.621277,-74.018654
8794,40.616894,-74.01313
8795,40.616413,-74.01421
8796,40.61841,-74.000114
8797,40.613823,-74.00383
8798,40.616734,-74.008705
8799,40.619507,-74.01943
8800,40.619747,-74.00707
8801,40.60905,-74.003426
8802,40.620842,-74.00889
8803,40.614433,-74.01185
8804,40.61832,-74.01134
8805,40.617603,-74.019196
8806,40.61416,-74.00016
8807,40.609104,-74.00352
8808,40.619457,-74.019485
8809,40.610077,-74.005226
8810,40.619957,-74.01648
8811,40.61333,-74.01149
8812,40.60964,-74.00978
8813,40.61937,-74.010056
8814,40.609642,-74.00978
8815,40.617268,-73.99881
8816,40.619957,-74.01648
8817,40.612865,-73.99871
8818,40.616875,-74.01589
8819,40.620224,-74.012985
8820,40.59946,-73.990585
8821,40.59901,-73.993996
8822,40.60714,-73.98574
8823,40.599976,-73.99003
8824,40.605473,-73.99158
8825,40.5982,-73.9959
8826,40.607307,-73.988686
8827,40.5982,-73.9959
8828,40.604084,-73.99682
8829,40.60693,-73.987656
8830,40.597546,-73.97995
8831,40.60253,-73.99274
8832,40.598648,-73.996254
8833,40.605915,-73.9817
8834,40.5982,-73.9959
8835,40.608788,-73.98057
8836,40.602444,-73.976364
8837,40.598907,-73.99631
8838,40.597393,-73.98182
8839,40.605286,-73.992
8840,40.601162,-73.97613
8841,40.60537,-73.97969
8842,40.59666,-73.97805
8843,40.60195,-73.98726
8844,40.598907,-73.99631
8845,40.604214,-73.974
8846,40.60116,-73.97613
8847,40.60775,-73.98019
8848,40.598347,-73.97363
8849,40.60462,-73.974014
8850,40.600376,-73.97423
8851,40.60474,-73.97588
8852,40.608788,-73.98057
8853,40.59934,-73.996086
8854,40.605015,-73.975555
8855,40.59734,-73.98181
8856,40.601494,-73.97719
8857,40.619907,-74.01941
8858,40.613617,-74.0112
8859,40.61214,-74.007095
8860,40.61982,-74.00302
8861,40.616745,-74.00814
8862,40.616463,-74.01429
8863,40.618958,-74.0103
8864,40.615692,-74.012
8865,40.619324,-74.01161
8866,40.62049,-74.00682
8867,40.61738,-74.00768
8868,40.616943,-74.00129
8869,40.62141,-74.01947
8870,40.61687,-73.99907
8871,40.610672,-74.00397
8872,40.617016,-74.01097
8873,40.616055,-74.00759
8874,40.618095,-74.005844
8875,40.616833,-73.998085
8876,40.62139,-74.00233
8877,40.61956,-74.01937
8878,40.619778,-74.012245
8879,40.62099,-74.0074
8880,40.62002,-74.00904
8881,40.61207,-73.99889
8882,40.61519,-74.008575
8883,40.61494,-74.0148
8884,40.621387,-74.006714
8885,40.61615,-74.014915
8886,40.611294,-74.00046
8887,40.619663,-74.010544
8888,40.61993,-74.00623
8889,40.617786,-74.012
8890,40.60793,-74.007286
8891,40.605637,-74.006516
8892,40.604443,-74.017914
8893,40.604866,-74.0171
8894,40.604343,-74.01762
8895,40.60518,-74.00084
8896,40.603935,-74.01798
8897,40.606865,-74.005104
8898,40.598103,-73.99825
8899,40.60606,-74.00925
8900,40.60369,-74.01168
8901,40.604485,-74.01338
8902,40.598724,-73.99806
8903,40.60509,-74.010895
8904,40.605038,-74.010864
8905,40.60506,-74.01688
8906,40.597736,-73.998634
8907,40.605362,-74.01495
8908,40.603207,-74.012115
8909,40.597736,-73.998634
8910,40.605328,-74.01489
8911,40.605167,-74.007835
8912,40.603203,-74.01145
8913,40.60465,-74.01691
8914,40.60161,-74.01057
8915,40.60308,-74.01468
8916,40.606903,-74.00459
8917,40.604057,-73.99922
8918,40.60091,-74.00839
8919,40.602066,-74.007
8920,40.60465,-74.01246
8921,40.60519,-74.01513
8922,40.604248,-74.01415
8923,40.604424,-74.00602
8924,40.61554,-73.99896
8925,40.61002,-74.00586
8926,40.614937,-74.011765
8927,40.618073,-74.00658
8928,40.616894,-74.01313
8929,40.61164,-74.011284
8930,40.619606,-74.009865
8931,40.617867,-74.01314
8932,40.616215,-73.997986
8933,40.621437,-74.01023
8934,40.620533,-74.01477
8935,40.61984,-74.00874
8936,40.620293,-74.01309
8937,40.62062,-74.00852
8938,40.616894,-74.01313
8939,40.620987,-74.014244
8940,40.616894,-74.01313
8941,40.6113,-74.00985
8942,40.616894,-74.01313
8943,40.61982,-74.01625
8944,40.608974,-74.008026
8945,40.616543,-74.00457
8946,40.617165,-74.01697
8947,40.616894,-74.01313
8948,40.619408,-74.00387
8949,40.620655,-74.011604
8950,40.61634,-74.00597
8951,40.616894,-74.01313
8952,40.616894,-74.01313
8953,40.61952,-74.00972
8954,40.60488,-74.00671
8955,40.60201,-74.00736
8956,40.600845,-74.008415
8957,40.605194,-74.01007
8958,40.604877,-74.00671
8959,40.60878,-73.99705
8960,40.60475,-74.01738
8961,40.599045,-73.99843
8962,40.605793,-74.006775
8963,40.60313,-74.01488
8964,40.601536,-74.00417
8965,40.60413,-74.01797
8966,40.60024,-73.99799
8967,40.60386,-74.01793
8968,40.605427,-74.014885
8969,40.602345,-74.01015
8970,40.605427,-74.014885
8971,40.604694,-74.01689
8972,40.60471,-74.016075
8973,40.608757,-74.01545
8974,40.6032,-74.00542
8975,40.605232,-74.01508
8976,40.6023,-74.0096
8977,40.608234,-74.00483
8978,40.605232,-74.01508
8979,40.60509,-74.01648
8980,40.603443,-74.01633
8981,40.60228,-74.010216
8982,40.60506,-74.01688
8983,40.60235,-74.00897
8984,40.60194,-74.01049
8985,40.603855,-74.00777
8986,40.602657,-73.99872
8987,40.60219,-74.01008
8988,40.60234,-73.99165
8989,40.5982,-73.9959
8990,40.5982,-73.9959
8991,40.604343,-73.975716
8992,40.604343,-73.975716
8993,40.606907,-73.989426
8994,40.60693,-73.987656
8995,40.604057,-73.99619
8996,40.603344,-73.97533
8997,40.599354,-73.98445
8998,40.60394,-73.97681
8999,40.604374,-73.97827
9000,40.604256,-73.98633
9001,40.600582,-73.99045
9002,40.60507,-73.97762
9003,40.606766,-73.98207
9004,40.604317,-73.9865
9005,40.60579,-73.98271
9006,40.60107,-73.99323
9007,40.598907,-73.99631
9008,40.600204,-73.98089
9009,40.596394,-73.98258
9010,40.60856,-73.9815
9011,40.604916,-73.984566
9012,40.600395,-73.97751
9013,40.605885,-73.982834
9014,40.606007,-73.98288
9015,40.604073,-73.98756
9016,40.60184,-73.99553
9017,40.60062,-73.97552
9018,40.60507,-73.97762
9019,40.598907,-73.99631
9020,40.6029,-73.97504
9021,40.5982,-73.9959
9022,40.60739,-73.988556
9023,40.59819,-73.981026
9024,40.608547,-73.97802
9025,40.608192,-73.987755
9026,40.598907,-73.99631
9027,40.60756,-73.9819
9028,40.605022,-73.97685
9029,40.599434,-73.996284
9030,40.601414,-73.99597
9031,40.604504,-73.97664
9032,40.608803,-73.97561
9033,40.60383,-73.97853
9034,40.598907,-73.99631
9035,40.599266,-73.99336
9036,40.608334,-73.97894
9037,40.601414,-73.99597
9038,40.601986,-73.97628
9039,40.60852,-73.98949
9040,40.599384,-73.97485
9041,40.60714,-73.98574
9042,40.605247,-73.98288
9043,40.604576,-73.99252
9044,40.59871,-73.98015
9045,40.60064,-73.98081
9046,40.5982,-73.9959
9047,40.608788,-73.98057
9048,40.601414,-73.99597
9049,40.60756,-73.9819
9050,40.6002,-73.97595
9051,40.60184,-73.99553
9052,40.60184,-73.99553
9053,40.59991,-73.99526
9054,40.598648,-73.996254
9055,40.60805,-73.98234
9056,40.5982,-73.9959
9057,40.59934,-73.996086
9058,40.600372,-73.98858
9059,40.60481,-73.991974
9060,40.60323,-73.97652
9061,40.599545,-73.99307
9062,40.6,-73.988304
9063,40.60481,-73.991974
9064,40.60176,-73.97923
9065,40.59693,-73.97589
9066,40.60756,-73.9819
9067,40.608704,-73.976616
9068,40.60481,-73.991974
9069,40.607338,-73.97636
9070,40.607548,-73.97547
9071,40.608192,-73.987755
9072,40.608704,-73.976616
9073,40.60756,-73.9819
9074,40.606785,-73.98789
9075,40.5982,-73.9959
9076,40.605015,-73.976845
9077,40.59901,-73.993996
9078,40.605797,-73.98735
9079,40.60335,-73.98748
9080,40.598225,-73.97366
9081,40.596954,-73.98905
9082,40.60714,-73.98574
9083,40.605377,-73.97883
9084,40.599293,-73.99137
9085,40.6071,-73.99126
9086,40.5982,-73.9959
9087,40.598907,-73.99631
9088,40.60184,-73.99553
9089,40.597942,-73.992775
9090,40.604656,-73.99143
9091,40.604656,-73.99143
9092,40.604446,-74.0024
9093,40.601963,-74.01034
9094,40.60246,-74.010025
9095,40.60246,-74.010025
9096,40.60228,-74.010216
9097,40.601963,-74.01034
9098,40.607025,-74.013664
9099,40.602013,-74.00705
9100,40.603542,-74.0154
9101,40.6044,-74.01268
9102,40.600594,-74.00399
9103,40.607685,-74.01439
9104,40.600002,-73.99911
9105,40.600395,-74.00581
9106,40.604473,-74.01141
9107,40.602657,-73.99872
9108,40.5328,-74.15776
9109,40.537144,-74.146484
9110,40.53716,-74.14655
9111,40.53308,-74.16023
9112,40.536266,-74.14973
9113,40.544956,-74.156975
9114,40.535652,-74.148155
9115,40.542446,-74.14319
9116,40.538822,-74.15324
9117,40.53301,-74.1524
9118,40.540813,-74.1461
9119,40.540905,-74.14621
9120,40.540905,-74.14621
9121,40.54283,-74.14503
9122,40.544113,-74.145836
9123,40.541286,-74.15455
9124,40.540016,-74.152664
9125,40.535988,-74.14874
9126,40.538044,-74.1463
9127,40.53771,-74.15213
9128,40.539837,-74.15355
9129,40.539116,-74.15018
9130,40.544456,-74.15878
9131,40.53924,-74.15588
9132,40.537502,-74.15571
9133,40.541626,-74.15148
9134,40.54063,-74.158844
9135,40.53956,-74.149506
9136,40.54532,-74.156364
9137,40.54331,-74.15585
9138,40.53554,-74.15059
9139,40.539307,-74.146324
9140,40.543987,-74.15773
9141,40.538715,-74.14479
9142,40.539497,-74.154335
9143,40.53592,-74.15486
9144,40.533756,-74.15011
9145,40.533344,-74.15762
9146,40.54179,-74.15213
9147,40.535587,-74.15405
9148,40.539833,-74.150024
9149,40.5982,-73.9959
9150,40.60481,-73.991974
9151,40.60021,-73.98461
9152,40.59932,-73.9964
9153,40.600216,-73.98462
9154,40.60481,-73.991974
9155,40.60844,-73.98333
9156,40.601475,-73.98015
9157,40.600464,-73.99084
9158,40.60481,-73.991974
9159,40.604343,-73.97572
9160,40.603653,-73.98301
9161,40.5982,-73.9959
9162,40.59901,-73.993996
9163,40.598927,-73.993935
9164,40.60714,-73.98574
9165,40.60721,-73.99295
9166,40.60541,-73.98655
9167,40.60777,-73.99538
9168,40.60714,-73.98574
9169,40.60184,-73.99553
9170,40.60184,-73.99553
9171,40.598907,-73.99631
9172,40.607838,-73.99247
9173,40.60184,-73.99553
9174,40.60185,-73.98709
9175,40.59695,-73.99264
9176,40.60756,-73.9819
9177,40.604145,-73.98347
9178,40.60021,-73.98469
9179,40.604595,-73.996155
9180,40.607292,-73.99157
9181,40.606567,-73.97906
9182,40.598648,-73.996254
9183,40.596962,-73.99266
9184,40.60634,-73.98806
9185,40.598907,-73.99631
9186,40.601685,-73.98652
9187,40.598907,-73.99631
9188,40.57594,-74.08623
9189,40.581944,-74.0863
9190,40.59141,-74.07495
9191,40.5795,-74.107765
9192,40.5924,-74.09079
9193,40.57352,-74.111176
9194,40.593796,-74.100685
9195,40.581635,-74.1
9196,40.575832,-74.113
9197,40.5791,-74.10744
9198,40.5795,-74.107765
9199,40.579105,-74.10743
9200,40.5815,-74.0829
9201,40.58748,-74.10919
9202,40.594078,-74.0889
9203,40.5942,-74.08487
9204,40.593414,-74.0844
9205,40.57543,-74.094666
9206,40.586754,-74.09308
9207,40.591408,-74.07496
9208,40.57994,-74.094025
9209,40.58768,-74.11032
9210,40.572865,-74.11002
9211,40.59522,-74.073715
9212,40.58766,-74.093155
9213,40.57907,-74.1079
9214,40.579792,-74.0987
9215,40.585037,-74.09693
9216,40.573658,-74.08814
9217,40.586796,-74.09
9218,40.582703,-74.10156
9219,40.577206,-74.11
9220,40.57907,-74.1079
9221,40.571342,-74.096016
9222,40.591232,-74.085526
9223,40.596134,-74.07072
9224,40.593002,-74.07966
9225,40.581585,-74.106705
9226,40.581,-74.09577
9227,40.578197,-74.09308
9228,40.594143,-74.10069
9229,40.60952,-74.06681
9230,40.614315,-74.031746
9231,40.608006,-74.06575
9232,40.608624,-74.06609
9233,40.61439,-74.03015
9234,40.61212,-74.035355
9235,40.613285,-74.065216
9236,40.61439,-74.03015
9237,40.620045,-74.03831
9238,40.608532,-74.05881
9239,40.614513,-74.03695
9240,40.605774,-74.06568
9241,40.6131,-74.031395
9242,40.614315,-74.031746
9243,40.615234,-74.0375
9244,40.620674,-74.03482
9245,40.61572,-74.03683
9246,40.614513,-74.03695
9247,40.617413,-74.02369
9248,40.614513,-74.03695
9249,40.60739,-74.06363
9250,40.619823,-74.03932
9251,40.61439,-74.03015
9252,40.611057,-74.06023
9253,40.605335,-73.98984
9254,40.598927,-73.993935
9255,40.597942,-73.992775
9256,40.606785,-73.98789
9257,40.598907,-73.99631
9258,40.601772,-73.98549
9259,40.604874,-73.97588
9260,40.598824,-73.98657
9261,40.60597,-73.98764
9262,40.607346,-73.98545
9263,40.596645,-73.994125
9264,40.604195,-73.97422
9265,40.608532,-73.996056
9266,40.60019,-73.98046
9267,40.607307,-73.988686
9268,40.60558,-73.99628
9269,40.606445,-73.99469
9270,40.603035,-73.9967
9271,40.600697,-73.98375
9272,40.606686,-73.9966
9273,40.60558,-73.99628
9274,40.603027,-73.977066
9275,40.597713,-73.99555
9276,40.60714,-73.98574
9277,40.601414,-73.99597
9278,40.605377,-73.97883
9279,40.598026,-73.98848
9280,40.601555,-73.979195
9281,40.60481,-73.991974
9282,40.60714,-73.98574
9283,40.60714,-73.98574
9284,40.598927,-73.993935
9285,40.59901,-73.993996
9286,40.608425,-73.97919
9287,40.601845,-73.97626
9288,40.605286,-73.9952
9289,40.60481,-73.991974
9290,40.59994,-73.98106
9291,40.60481,-73.991974
9292,40.585285,-73.98818
9293,40.577686,-73.99379
9294,40.58546,-73.974014
9295,40.585503,-73.98806
9296,40.59343,-73.97663
9297,40.58851,-73.98825
9298,40.575256,-73.97428
9299,40.586193,-73.97405
9300,40.57679,-74.00615
9301,40.575256,-73.97428
9302,40.57524,-73.9991
9303,40.589947,-73.98995
9304,40.57711,-73.9841
9305,40.577503,-73.97342
9306,40.585503,-73.98806
9307,40.582962,-73.98836
9308,40.593655,-73.97819
9309,40.57721,-73.99647
9310,40.582962,-73.98836
9311,40.575256,-73.99993
9312,40.586525,-73.984245
9313,40.577427,-73.97379
9314,40.586525,-73.984245
9315,40.586796,-73.98439
9316,40.59312,-73.975784
9317,40.575256,-73.97428
9318,40.593925,-73.99078
9319,40.585503,-73.98806
9320,40.578564,-74.01105
9321,40.59547,-73.97767
9322,40.5792,-74.00989
9323,40.586525,-73.984245
9324,40.58569,-73.98484
9325,40.589,-73.991844
9326,40.568382,-74.11353
9327,40.563477,-74.10539
9328,40.56982,-74.09615
9329,40.566933,-74.103584
9330,40.55848,-74.11056
9331,40.563732,-74.100815
9332,40.56587,-74.103935
9333,40.569244,-74.09275
9334,40.564636,-74.10486
9335,40.56398,-74.09983
9336,40.565434,-74.10408
9337,40.56151,-74.11356
9338,40.55971,-74.11261
9339,40.562393,-74.10442
9340,40.560974,-74.10294
9341,40.5645,-74.09945
9342,40.564278,-74.1052
9343,40.561028,-74.105034
9344,40.564484,-74.09902
9345,40.563297,-74.1004
9346,40.565193,-74.102165
9347,40.560295,-74.109566
9348,40.565193,-74.10627
9349,40.569244,-74.09275
9350,40.565784,-74.10311
9351,40.565907,-74.10843
9352,40.56334,-74.10738
9353,40.563,-74.1098
9354,40.565765,-74.10318
9355,40.56286,-74.11056
9356,40.56282,-74.104034
9357,40.569637,-74.09209
9358,40.562275,-74.10282
9359,40.56208,-74.10362
9360,40.56087,-74.10181
9361,40.56171,-74.11391
9362,40.569042,-74.09282
9363,40.55898,-74.10895
9364,40.563683,-74.10924
9365,40.562775,-74.10408
9366,40.56598,-74.10859
9367,40.534714,-74.15827
9368,40.541725,-74.15654
9369,40.538578,-74.14279
9370,40.53978,-74.158005
9371,40.533157,-74.154625
9372,40.539104,-74.15988
9373,40.538578,-74.14279
9374,40.537712,-74.15293
9375,40.53273,-74.15624
9376,40.53815,-74.15136
9377,40.53857,-74.14279
9378,40.535053,-74.15739
9379,40.545467,-74.15776
9380,40.533867,-74.15279
9381,40.541504,-74.158585
9382,40.53192,-74.15889
9383,40.543392,-74.15212
9384,40.545414,-74.15524
9385,40.545475,-74.157776
9386,40.54551,-74.14395
9387,40.530403,-74.159515
9388,40.53939,-74.143074
9389,40.53469,-74.16044
9390,40.54387,-74.15933
9391,40.53865,-74.14802
9392,40.539753,-74.15683
9393,40.540897,-74.156395
9394,40.52917,-74.158165
9395,40.54007,-74.15784
9396,40.545254,-74.1447
9397,40.537148,-74.14647
9398,40.534107,-74.16026
9399,40.528206,-74.16116
9400,40.543793,-74.15924
9401,40.54088,-74.16024
9402,40.535442,-74.15556
9403,40.54502,-74.15825
9404,40.538795,-74.15229
9405,40.545017,-74.15826
9406,40.540478,-74.15285
9407,40.53932,-74.14565
9408,40.565952,-74.108604
9409,40.565247,-74.10325
9410,40.56088,-74.10699
9411,40.564735,-74.09994
9412,40.566017,-74.10869
9413,40.564247,-74.10273
9414,40.56416,-74.10282
9415,40.56398,-74.1043
9416,40.55881,-74.1091
9417,40.55951,-74.108246
9418,40.562153,-74.10248
9419,40.56182,-74.11409
9420,40.56887,-74.1122
9421,40.564964,-74.104546
9422,40.563988,-74.099594
9423,40.564716,-74.10715
9424,40.564514,-74.10495
9425,40.570927,-74.09637
9426,40.569637,-74.09209
9427,40.570312,-74.09508
9428,40.55915,-74.11384
9429,40.56061,-74.10137
9430,40.564297,-74.100494
9431,40.559544,-74.108315
9432,40.56375,-74.09978
9433,40.560787,-74.113884
9434,40.56382,-74.098976
9435,40.56293,-74.10026
9436,40.564503,-74.106895
9437,40.563473,-74.107994
9438,40.569847,-74.09503
9439,40.56116,-74.102394
9440,40.563896,-74.109344
9441,40.576504,-73.98984
9442,40.577427,-73.97379
9443,40.589466,-73.99113
9444,40.58913,-73.991806
9445,40.586525,-73.984245
9446,40.586796,-73.98439
9447,40.5909,-73.98875
9448,40.576538,-74.004395
9449,40.585503,-73.98806
9450,40.577427,-73.97379
9451,40.58003,-74.00819
9452,40.590446,-73.973495
9453,40.577427,-73.97379
9454,40.590904,-73.98875
9455,40.576584,-74.00397
9456,40.576958,-74.007744
9457,40.578285,-73.97376
9458,40.592617,-73.977936
9459,40.595684,-73.99628
9460,40.589,-73.991844
9461,40.590572,-73.99108
9462,40.586525,-73.984245
9463,40.575375,-73.974495
9464,40.57597,-73.98884
9465,40.57674,-74.011154
9466,40.588562,-73.9907
9467,40.57603,-73.9736
9468,40.575844,-74.008644
9469,40.589466,-73.99113
9470,40.575375,-73.974495
9471,40.594036,-73.9885
9472,40.575375,-73.974495
9473,40.5783,-73.9735
9474,40.586525,-73.984245
9475,40.577427,-73.97379
9476,40.575256,-73.97428
9477,40.579395,-73.98256
9478,40.57939,-73.98263
9479,40.589,-73.991844
9480,40.575256,-73.97428
9481,40.58719,-73.98411
9482,40.575375,-73.974495
9483,40.585655,-73.98832
9484,40.59407,-73.97775
9485,40.587116,-73.988434
9486,40.58569,-73.98484
9487,40.58569,-73.98484
9488,40.58055,-74.00608
9489,40.58552,-73.98837
9490,40.591496,-73.99687
9491,40.578285,-73.97376
9492,40.585938,-73.986885
9493,40.575375,-73.974495
9494,40.589466,-73.99113
9495,40.59021,-73.97556
9496,40.592266,-73.97726
9497,40.587116,-73.988434
9498,40.575256,-73.97428
9499,40.595688,-73.99704
9500,40.586525,-73.984245
9501,40.58023,-74.0031
9502,40.586796,-73.98439
9503,40.575256,-73.97428
9504,40.595688,-73.99704
9505,40.589,-73.991844
9506,40.595688,-73.99704
9507,40.595688,-73.99704
9508,40.579006,-74.0049
9509,40.578163,-73.985825
9510,40.575256,-73.97428
9511,40.586803,-73.98902
9512,40.595688,-73.99704
9513,40.578285,-73.97376
9514,40.577427,-73.97379
9515,40.586796,-73.98439
9516,40.586525,-73.984245
9517,40.586796,-73.98439
9518,40.575256,-73.97428
9519,40.59611,-73.98751
9520,40.595688,-73.99704
9521,40.59611,-73.98751
9522,40.586796,-73.98439
9523,40.578285,-73.97376
9524,40.586796,-73.98439
9525,40.575302,-73.99455
9526,40.575108,-73.974495
9527,40.578285,-73.97376
9528,40.586796,-73.98439
9529,40.577427,-73.97379
9530,40.575375,-73.974495
9531,40.586525,-73.984245
9532,40.586525,-73.984245
9533,40.586796,-73.98439
9534,40.595383,-73.97765
9535,40.588562,-73.9907
9536,40.585503,-73.98806
9537,40.586796,-73.98439
9538,40.586525,-73.984245
9539,40.586796,-73.98439
9540,40.594715,-73.99125
9541,40.577175,-73.99844
9542,40.587433,-73.98831
9543,40.588562,-73.9907
9544,40.587357,-73.98825
9545,40.586525,-73.984245
9546,40.59174,-73.98715
9547,40.575375,-73.99785
9548,40.586796,-73.98439
9549,40.587433,-73.98831
9550,40.57685,-73.98947
9551,40.575256,-73.97428
9552,40.5774,-73.9738
9553,40.577194,-73.9983
9554,40.576717,-73.99268
9555,40.588562,-73.9907
9556,40.587357,-73.98825
9557,40.590984,-73.98685
9558,40.57764,-73.99421
9559,40.577427,-73.97379
9560,40.592747,-73.97752
9561,40.589,-73.991844
9562,40.585636,-73.98447
9563,40.58637,-73.98389
9564,40.578285,-73.97376
9565,40.584877,-73.984505
9566,40.585503,-73.98806
9567,40.589466,-73.99113
9568,40.585503,-73.98806
9569,40.575256,-73.97428
9570,40.576756,-73.99378
9571,40.575855,-73.99794
9572,40.58059,-74.00572
9573,40.594913,-73.977936
9574,40.5774,-73.9738
9575,40.590363,-73.98588
9576,40.57809,-74.006905
9577,40.576984,-73.986275
9578,40.580727,-74.00446
9579,40.595688,-73.99704
9580,40.573563,-74.00535
9581,40.57871,-74.00317
9582,40.575375,-73.974495
9583,40.586525,-73.984245
9584,40.595676,-73.9876
9585,40.577427,-73.97379
9586,40.577427,-73.97379
9587,40.575256,-73.97428
9588,40.592964,-73.98778
9589,40.59301,-73.98786
9590,40.586327,-73.98992
9591,40.586796,-73.98439
9592,40.577427,-73.97379
9593,40.577427,-73.97379
9594,40.578285,-73.97376
9595,40.586796,-73.98439
9596,40.575256,-73.97428
9597,40.5905,-73.9921
9598,40.589,-73.991844
9599,40.589,-73.991844
9600,40.589,-73.991844
9601,40.588562,-73.9907
9602,40.577427,-73.97379
9603,40.58571,-74.09165
9604,40.589294,-74.08674
9605,40.580147,-74.08717
9606,40.59335,-74.08038
9607,40.584915,-74.10607
9608,40.58256,-74.10694
9609,40.57753,-74.11062
9610,40.579494,-74.10775
9611,40.591274,-74.07221
9612,40.590607,-74.08582
9613,40.590202,-74.073906
9614,40.57297,-74.10921
9615,40.579098,-74.10743
9616,40.579807,-74.09747
9617,40.5795,-74.10777
9618,40.59286,-74.089485
9619,40.58426,-74.106895
9620,40.579678,-74.08721
9621,40.591377,-74.084114
9622,40.58713,-74.08962
9623,40.574123,-74.0931
9624,40.57343,-74.092766
9625,40.58489,-74.10092
9626,40.580345,-74.09765
9627,40.582977,-74.09472
9628,40.590004,-74.101616
9629,40.582718,-74.10296
9630,40.574516,-74.110535
9631,40.595116,-74.07467
9632,40.573727,-74.09754
9633,40.5943,-74.07419
9634,40.58201,-74.09231
9635,40.57203,-74.09011
9636,40.593254,-74.09847
9637,40.579117,-74.09983
9638,40.578957,-74.09895
9639,40.595036,-74.10373
9640,40.573814,-74.09731
9641,40.575516,-74.090866
9642,40.571712,-74.11426
9643,40.593903,-74.105995
9644,40.61717,-74.098206
9645,40.61367,-74.08895
9646,40.603878,-74.08822
9647,40.601574,-74.0769
9648,40.608494,-74.08557
9649,40.60337,-74.07194
9650,40.618835,-74.09491
9651,40.616096,-74.09036
9652,40.603374,-74.07196
9653,40.60449,-74.10667
9654,40.607826,-74.0924
9655,40.60464,-74.099464
9656,40.61245,-74.07243
9657,40.598812,-74.09144
9658,40.61897,-74.10702
9659,40.602894,-74.10996
9660,40.612755,-74.10387
9661,40.614704,-74.07325
9662,40.61175,-74.100525
9663,40.617584,-74.09781
9664,40.61476,-74.100395
9665,40.619576,-74.0958
9666,40.610813,-74.07454
9667,40.607876,-74.074104
9668,40.607975,-74.0843
9669,40.609196,-74.07495
9670,40.610363,-74.06899
9671,40.620106,-74.109825
9672,40.60249,-74.08747
9673,40.598114,-74.09022
9674,40.61542,-74.10157
9675,40.60788,-74.08505
9676,40.62011,-74.10984
9677,40.618965,-74.10701
9678,40.60957,-74.09639
9679,40.614254,-74.08034
9680,40.615868,-74.07585
9681,40.59688,-74.08934
9682,40.61397,-74.087616
9683,40.620975,-74.111176
9684,40.59828,-74.09432
9685,40.60648,-74.0888
9686,40.603138,-74.08099
9687,40.615414,-74.10156
9688,40.60656,-74.103424
9689,40.61294,-74.07533
9690,40.618835,-74.09491
9691,40.60414,-74.0745
9692,40.596607,-74.09653
9693,40.606037,-74.087105
9694,40.6025,-74.094315
9695,40.597885,-74.07738
9696,40.61394,-74.07952
9697,40.61488,-74.089195
9698,40.60854,-74.073456
9699,40.60756,-74.08122
9700,40.602833,-74.09726
9701,40.598717,-74.09213
9702,40.6028,-74.103775
9703,40.610466,-74.06943
9704,40.597836,-74.07466
9705,40.618237,-74.08318
9706,40.599583,-74.077484
9707,40.61916,-74.08913
9708,40.614864,-74.08707
9709,40.612183,-74.072945
9710,40.610798,-74.092995
9711,40.59766,-74.07629
9712,40.6095,-74.08032
9713,40.596905,-74.074165
9714,40.61978,-74.07888
9715,40.59859,-74.09631
9716,40.61559,-74.1
9717,40.61076,-74.093575
9718,40.604206,-74.09932
9719,40.62047,-74.10252
9720,40.61883,-74.0949
9721,40.607365,-74.096756
9722,40.60249,-74.08747
9723,40.603416,-74.08911
9724,40.619576,-74.0958
9725,40.60182,-74.08536
9726,40.601963,-74.08527
9727,40.607426,-74.079025
9728,40.600727,-74.090485
9729,40.596264,-74.10407
9730,40.61897,-74.10701
9731,40.60938,-74.099785
9732,40.610374,-74.07212
9733,40.59883,-74.083405
9734,40.61245,-74.07243
9735,40.61973,-74.08618
9736,40.60746,-74.08364
9737,40.60431,-74.08471
9738,40.607456,-74.08365
9739,40.6178,-74.103806
9740,40.618385,-74.07925
9741,40.601154,-74.08469
9742,40.62111,-74.10722
9743,40.61157,-74.07311
9744,40.59882,-74.09145
9745,40.59654,-74.077675
9746,40.60556,-74.07133
9747,40.619633,-74.08544
9748,40.59739,-74.110146
9749,40.60922,-74.07324
9750,40.620724,-74.10933
9751,40.602074,-74.10958
9752,40.59953,-74.09009
9753,40.613037,-74.09849
9754,40.60655,-74.08986
9755,40.60815,-74.074104
9756,40.597282,-74.09808
9757,40.612446,-74.07307
9758,40.61233,-74.07329
9759,40.617588,-74.0978
9760,40.620106,-74.109825
9761,40.60814,-74.07409
9762,40.620106,-74.109825
9763,40.61534,-74.098656
9764,40.618835,-74.09491
9765,40.612473,-74.093094
9766,40.611164,-74.07878
9767,40.60009,-74.09598
9768,40.61389,-74.085594
9769,40.61897,-74.10701
9770,40.59973,-74.10171
9771,40.6038,-74.09026
9772,40.619213,-74.08437
9773,40.60814,-74.07409
9774,40.606377,-74.09863
9775,40.596306,-74.08995
9776,40.59948,-74.0748
9777,40.61577,-74.101845
9778,40.6186,-74.090385
9779,40.61378,-74.10699
9780,40.61684,-74.07819
9781,40.602703,-74.068436
9782,40.597233,-74.07852
9783,40.60017,-74.081924
9784,40.606243,-74.10293
9785,40.614082,-74.06774
9786,40.59851,-74.10109
9787,40.61897,-74.10701
9788,40.60884,-74.08683
9789,40.605022,-74.100006
9790,40.60338,-74.071945
9791,40.613037,-74.09849
9792,40.613247,-74.085785
9793,40.603237,-74.07019
9794,40.608265,-74.09777
9795,40.612816,-74.09916
9796,40.612595,-74.10576
9797,40.617577,-74.070984
9798,40.60203,-74.08419
9799,40.60882,-74.08569
9800,40.620106,-74.109825
9801,40.621273,-74.07816
9802,40.597992,-74.08785
9803,40.599144,-74.09137
9804,40.617065,-74.07897
9805,40.619892,-74.07333
9806,40.615356,-74.08628
9807,40.607933,-74.11383
9808,40.611816,-74.09436
9809,40.6206,-74.08368
9810,40.600513,-74.09892
9811,40.61671,-74.10149
9812,40.600845,-74.07868
9813,40.61303,-74.09848
9814,40.61303,-74.09848
9815,40.62016,-74.073
9816,40.61757,-74.07426
9817,40.608093,-74.0739
9818,40.612186,-74.0676
9819,40.599964,-74.10272
9820,40.60249,-74.08747
9821,40.60664,-74.093414
9822,40.607697,-74.0994
9823,40.60427,-74.075264
9824,40.601715,-74.076935
9825,40.60211,-74.087845
9826,40.59716,-74.07913
9827,40.616787,-74.101746
9828,40.60814,-74.07409
9829,40.59844,-74.08905
9830,40.600204,-74.08819
9831,40.611874,-74.104324
9832,40.61885,-74.06932
9833,40.59845,-74.09007
9834,40.60255,-74.09908
9835,40.60432,-74.090225
9836,40.619232,-74.08446
9837,40.59671,-74.06816
9838,40.607178,-74.100296
9839,40.615704,-74.08599
9840,40.620106,-74.109825
9841,40.609776,-74.08013
9842,40.61891,-74.07503
9843,40.6203,-74.07364
9844,40.60142,-74.0959
9845,40.60556,-74.07133
9846,40.618572,-74.10346
9847,40.620724,-74.110695
9848,40.616013,-74.102036
9849,40.616043,-74.08611
9850,40.601856,-74.07815
9851,40.598248,-74.09151
9852,40.599277,-74.08776
9853,40.61076,-74.093575
9854,40.605343,-74.09386
9855,40.618965,-74.10702
9856,40.597054,-74.08928
9857,40.596985,-74.07586
9858,40.61336,-74.11263
9859,40.61032,-74.06983
9860,40.62098,-74.111176
9861,40.597614,-74.08214
9862,40.604225,-74.096794
9863,40.616074,-74.088646
9864,40.598087,-74.067986
9865,40.612083,-74.09049
9866,40.61834,-74.085915
9867,40.60031,-74.0764
9868,40.602398,-74.083405
9869,40.61476,-74.08565
9870,40.611923,-74.07605
9871,40.60338,-74.071945
9872,40.603878,-74.08822
9873,40.615536,-74.097885
9874,40.619305,-74.089455
9875,40.620106,-74.109825
9876,40.608974,-74.071785
9877,40.602386,-74.093445
9878,40.61897,-74.10701
9879,40.619022,-74.08628
9880,40.60889,-74.10191
9881,40.60387,-74.08823
9882,40.60061,-74.06772
9883,40.612225,-74.10867
9884,40.619286,-74.07992
9885,40.604824,-74.07461
9886,40.618744,-74.08156
9887,40.61494,-74.106415
9888,40.607124,-74.097084
9889,40.609367,-74.07163
9890,40.598255,-74.09152
9891,40.59913,-74.09131
9892,40.610798,-74.092995
9893,40.616463,-74.08602
9894,40.616203,-74.07218
9895,40.618977,-74.107025
9896,40.606277,-74.09365
9897,40.603493,-74.10894
9898,40.613033,-74.09848
9899,40.619434,-74.07781
9900,40.619183,-74.080086
9901,40.61774,-74.08428
9902,40.600216,-74.093834
9903,40.608143,-74.0741
9904,40.617115,-74.098236
9905,40.609516,-74.070564
9906,40.61551,-74.08852
9907,40.611557,-74.08809
9908,40.608044,-74.08272
9909,40.60205,-74.08406
9910,40.612823,-74.09917
9911,40.608036,-74.08271
9912,40.601467,-74.0971
9913,40.604053,-74.085594
9914,40.60235,-74.083305
9915,40.615047,-74.09839
9916,40.612892,-74.086815
9917,40.60557,-74.071335
9918,40.618973,-74.107025
9919,40.61257,-74.06768
9920,40.598892,-74.08324
9921,40.60248,-74.087456
9922,40.60587,-74.068184
9923,40.607834,-74.0913
9924,40.61369,-74.09612
9925,40.617893,-74.09785
9926,40.616592,-74.08395
9927,40.59807,-74.07547
9928,40.617607,-74.10256
9929,40.59761,-74.0922
9930,40.6012,-74.10088
9931,40.612537,-74.09347
9932,40.60339,-74.085724
9933,40.605583,-74.096985
9934,40.61076,-74.093575
9935,40.601273,-74.09999
9936,40.607616,-74.08313
9937,40.6121,-74.08736
9938,40.597767,-74.099304
9939,40.60338,-74.071945
9940,40.616337,-74.070274
9941,40.61705,-74.07117
9942,40.620106,-74.109825
9943,40.618782,-74.08078
9944,40.613472,-74.11202
9945,40.607227,-74.0933
9946,40.612644,-74.10519
9947,40.603947,-74.08989
9948,40.612816,-74.09916
9949,40.615097,-74.06962
9950,40.610794,-74.092995
9951,40.60814,-74.07409
9952,40.615246,-74.068535
9953,40.61558,-74.08874
9954,40.603004,-74.07763
9955,40.604225,-74.09775
9956,40.607887,-74.09942
9957,40.597866,-74.08061
9958,40.613953,-74.10164
9959,40.612637,-74.10518
9960,40.603878,-74.08822
9961,40.6169,-74.090706
9962,40.608116,-74.10088
9963,40.608257,-74.09776
9964,40.62112,-74.105865
9965,40.597702,-74.07274
9966,40.618935,-74.08694
9967,40.611362,-74.08539
9968,40.60338,-74.071945
9969,40.6151,-74.08514
9970,40.59672,-74.0761
9971,40.60894,-74.09569
9972,40.59928,-74.08414
9973,40.615814,-74.081894
9974,40.60316,-74.090904
9975,40.611477,-74.10346
9976,40.614662,-74.077515
9977,40.604935,-74.069756
9978,40.619057,-74.10671
9979,40.613033,-74.09849
9980,40.61319,-74.07864
9981,40.598976,-74.091415
9982,40.59767,-74.09037
9983,40.618336,-74.09364
9984,40.60026,-74.07177
9985,40.60091,-74.09446
9986,40.601097,-74.11049
9987,40.619476,-74.08113
9988,40.61417,-74.10375
9989,40.59733,-74.093796
9990,40.610023,-74.068726
9991,40.610798,-74.093
9992,40.612816,-74.09916
9993,40.60053,-74.09411
9994,40.60992,-74.07366
9995,40.62062,-74.0821
9996,40.60401,-74.097336
9997,40.607677,-74.06738
9998,40.606888,-74.09325
9999,40.61897,-74.10701
10000,40.618828,-74.09489
10001,40.60693,-74.10171
10002,40.59549,-74.07007
10003,40.592716,-74.08547
10004,40.571453,-74.09288
10005,40.57689,-74.08959
10006,40.58131,-74.113174
10007,40.5914,-74.09075
10008,40.592327,-74.06988
10009,40.575897,-74.1082
10010,40.585033,-74.09691
10011,40.573227,-74.10905
10012,40.5753,-74.09135
10013,40.571934,-74.08959
10014,40.5928,-74.08908
10015,40.57456,-74.10194
10016,40.57331,-74.093124
10017,40.57911,-74.10744
10018,40.579105,-74.107445
10019,40.592407,-74.0731
10020,40.576797,-74.0962
10021,40.580193,-74.10248
10022,40.585533,-74.10681
10023,40.579494,-74.10775
10024,40.59218,-74.07387
10025,40.58865,-74.09908
10026,40.58857,-74.109856
10027,40.57824,-74.1142
10028,40.578754,-74.09959
10029,40.577953,-74.0999
10030,40.585274,-74.10233
10031,40.589252,-74.09147
10032,40.573654,-74.10998
10033,40.592644,-74.07678
10034,40.594425,-74.07685
10035,40.579494,-74.10775
10036,40.591724,-74.0761
10037,40.590946,-74.10028
10038,40.593605,-74.088165
10039,40.59481,-74.10752
10040,40.595547,-74.09397
10041,40.58113,-74.11064
10042,40.579018,-74.087036
10043,40.60972,-74.12714
10044,40.620808,-74.1285
10045,40.603683,-74.13417
10046,40.602608,-74.13357
10047,40.62046,-74.14595
10048,40.604374,-74.13234
10049,40.607754,-74.1499
10050,40.601303,-74.157936
10051,40.611115,-74.14619
10052,40.602074,-74.117355
10053,40.603592,-74.13677
10054,40.60141,-74.13278
10055,40.616,-74.13494
10056,40.618725,-74.15567
10057,40.60125,-74.13483
10058,40.605442,-74.12723
10059,40.60015,-74.12391
10060,40.608414,-74.16045
10061,40.608337,-74.114784
10062,40.61215,-74.145515
10063,40.61484,-74.14317
10064,40.60465,-74.12767
10065,40.6119,-74.14914
10066,40.619,-74.13299
10067,40.61904,-74.133026
10068,40.60012,-74.13513
10069,40.612514,-74.12152
10070,40.601036,-74.13852
10071,40.61225,-74.14613
10072,40.621044,-74.14297
10073,40.601707,-74.13925
10074,40.60408,-74.11939
10075,40.606705,-74.14772
10076,40.614624,-74.124016
10077,40.603706,-74.11749
10078,40.613148,-74.12578
10079,40.60947,-74.1319
10080,40.611748,-74.159615
10081,40.61153,-74.14707
10082,40.611233,-74.16118
10083,40.611687,-74.12359
10084,40.618828,-74.09489
10085,40.60814,-74.07409
10086,40.598248,-74.09151
10087,40.62026,-74.078926
10088,40.60948,-74.06907
10089,40.615505,-74.08384
10090,40.610016,-74.06871
10091,40.600742,-74.090065
10092,40.61414,-74.099945
10093,40.618317,-74.07613
10094,40.617958,-74.07032
10095,40.601406,-74.08426
10096,40.602253,-74.08593
10097,40.5963,-74.08994
10098,40.618565,-74.0864
10099,40.62011,-74.10984
10100,40.606655,-74.08906
10101,40.613037,-74.09849
10102,40.596436,-74.06994
10103,40.611,-74.0741
10104,40.598248,-74.09151
10105,40.614937,-74.07129
10106,40.60289,-74.08575
10107,40.61303,-74.09848
10108,40.59936,-74.09542
10109,40.608635,-74.085884
10110,40.596424,-74.06993
10111,40.609093,-74.083855
10112,40.6096,-74.07129
10113,40.600227,-74.09521
10114,40.61153,-74.06984
10115,40.599075,-74.09195
10116,40.61081,-74.08779
10117,40.61787,-74.07584
10118,40.61749,-74.08586
10119,40.602158,-74.09506
10120,40.613037,-74.09459
10121,40.61076,-74.093575
10122,40.599342,-74.08478
10123,40.61287,-74.08098
10124,40.617393,-74.13457
10125,40.61777,-74.14193
10126,40.607132,-74.15102
10127,40.598537,-74.11887
10128,40.605503,-74.11835
10129,40.6156,-74.131714
10130,40.617302,-74.12431
10131,40.61309,-74.115524
10132,40.61952,-74.15285
10133,40.60163,-74.13649
10134,40.618008,-74.15506
10135,40.600914,-74.11895
10136,40.610428,-74.12774
10137,40.618744,-74.12435
10138,40.615845,-74.144966
10139,40.62015,-74.151985
10140,40.611416,-74.1489
10141,40.611935,-74.12304
10142,40.599304,-74.119194
10143,40.603798,-74.12906
10144,40.618904,-74.119286
10145,40.615364,-74.152275
10146,40.618034,-74.15633
10147,40.608383,-74.15256
10148,40.617027,-74.14888
10149,40.60872,-74.16098
10150,40.610287,-74.12376
10151,40.62071,-74.14208
10152,40.60507,-74.13525
10153,40.598793,-74.11871
10154,40.602295,-74.119736
10155,40.606255,-74.146034
10156,40.60677,-74.15899
10157,40.615616,-74.12197
10158,40.616634,-74.13052
10159,40.611614,-74.1192
10160,40.62127,-74.14235
10161,40.60144,-74.12636
10162,40.614235,-74.129814
10163,40.605877,-74.13956
10164,40.57262,-74.13488
10165,40.58109,-74.161125
10166,40.592014,-74.15168
10167,40.585983,-74.14818
10168,40.572716,-74.1233
10169,40.584526,-74.1486
10170,40.581196,-74.15756
10171,40.58062,-74.126366
10172,40.593063,-74.159676
10173,40.59096,-74.1514
10174,40.58684,-74.14916
10175,40.578297,-74.15779
10176,40.584908,-74.15992
10177,40.577507,-74.125916
10178,40.591118,-74.1532
10179,40.58881,-74.149864
10180,40.57252,-74.122955
10181,40.576138,-74.14304
10182,40.58881,-74.149864
10183,40.578007,-74.1605
10184,40.571568,-74.13361
10185,40.588318,-74.14951
10186,40.59468,-74.1602
10187,40.574368,-74.13996
10188,40.59046,-74.1474
10189,40.594673,-74.160194
10190,40.5899,-74.15155
10191,40.575024,-74.130486
10192,40.577503,-74.1259
10193,40.589077,-74.15054
10194,40.578247,-74.16076
10195,40.58864,-74.15088
10196,40.58948,-74.14756
10197,40.5916,-74.15405
10198,40.59306,-74.15966
10199,40.578285,-74.15778
10200,40.575752,-74.121796
10201,40.58046,-74.15692
10202,40.5795,-74.135605
10203,40.58163,-74.15779
10204,40.571117,-74.12354
10205,40.679527,-73.90895
10206,40.694363,-73.91998
10207,40.67847,-73.90919
10208,40.682083,-73.91215
10209,40.693333,-73.923195
10210,40.68943,-73.91474
10211,40.680527,-73.91445
10212,40.676113,-73.917274
10213,40.683914,-73.91398
10214,40.689384,-73.913155
10215,40.686504,-73.9236
10216,40.68156,-73.885376
10217,40.6923,-73.916145
10218,40.67979,-73.88719
10219,40.693092,-73.918884
10220,40.687622,-73.91413
10221,40.682507,-73.92624
10222,40.672523,-73.89331
10223,40.681732,-73.8909
10224,40.67571,-73.90987
10225,40.69525,-73.92068
10226,40.69189,-73.90718
10227,40.677242,-73.88618
10228,40.679726,-73.90725
10229,40.697136,-73.91257
10230,40.693333,-73.923164
10231,40.696613,-73.90723
10232,40.692856,-73.91021
10233,40.677814,-73.89701
10234,40.677814,-73.89701
10235,40.688095,-73.919945
10236,40.71392,-73.9463
10237,40.715916,-73.94079
10238,40.71574,-73.93935
10239,40.71584,-73.93949
10240,40.719032,-73.943825
10241,40.716404,-73.9459
10242,40.716736,-73.942345
10243,40.717278,-73.943375
10244,40.715958,-73.94558
10245,40.7139,-73.94543
10246,40.71504,-73.94883
10247,40.719017,-73.94096
10248,40.713505,-73.944786
10249,40.610794,-74.092995
10250,40.61897,-74.10701
10251,40.612682,-74.09337
10252,40.60609,-74.08718
10253,40.60191,-74.11279
10254,40.60338,-74.071945
10255,40.613125,-74.10763
10256,40.60186,-74.090256
10257,40.61258,-74.10614
10258,40.607655,-74.07892
10259,40.615078,-74.0773
10260,40.602158,-74.07405
10261,40.601406,-74.09018
10262,40.605286,-74.0882
10263,40.609688,-74.08596
10264,40.611134,-74.089584
10265,40.610275,-74.08378
10266,40.62113,-74.11202
10267,40.596264,-74.07789
10268,40.611256,-74.07523
10269,40.61274,-74.104256
10270,40.61831,-74.07936
10271,40.618828,-74.09489
10272,40.61002,-74.06737
10273,40.619812,-74.07232
10274,40.601017,-74.094406
10275,40.60599,-74.08515
10276,40.604546,-74.0954
10277,40.610012,-74.06737
10278,40.607777,-74.0956
10279,40.619297,-74.07321
10280,40.59761,-74.10325
10281,40.61577,-74.080025
10282,40.61485,-74.10049
10283,40.598255,-74.09152
10284,40.616856,-74.070915
10285,40.612457,-74.07403
10286,40.618294,-74.10027
10287,40.620106,-74.109825
10288,40.693336,-73.91228
10289,40.692898,-73.90619
10290,40.681164,-73.88811
10291,40.676655,-73.90725
10292,40.684013,-73.88347
10293,40.683334,-73.889854
10294,40.6863,-73.915016
10295,40.696438,-73.89503
10296,40.6784,-73.89069
10297,40.693336,-73.91228
10298,40.696358,-73.895706
10299,40.680195,-73.91008
10300,40.681293,-73.886635
10301,40.674625,-73.88696
10302,40.67385,-73.893005
10303,40.69599,-73.92463
10304,40.67615,-73.918015
10305,40.677834,-73.91233
10306,40.67432,-73.889595
10307,40.692368,-73.9032
10308,40.68388,-73.9208
10309,40.689453,-73.9194
10310,40.683975,-73.90613
10311,40.686314,-73.913826
10312,40.678127,-73.91976
10313,40.693184,-73.92411
10314,40.696774,-73.901276
10315,40.679325,-73.8908
10316,40.693447,-73.92634
10317,40.687645,-73.92312
10318,40.679188,-73.88226
10319,40.685616,-73.90968
10320,40.68308,-73.907455
10321,40.682182,-73.91791
10322,40.67411,-73.908646
10323,40.684902,-73.92093
10324,40.687595,-73.9136
10325,40.681126,-73.9221
10326,40.682278,-73.89429
10327,40.67468,-73.905975
10328,40.69654,-73.890495
10329,40.68189,-73.921036
10330,40.679005,-73.891266
10331,40.67963,-73.90805
10332,40.68466,-73.88318
10333,40.68262,-73.91217
10334,40.685497,-73.91969
10335,40.676716,-73.912285
10336,40.67564,-73.88962
10337,40.676903,-73.92452
10338,40.67542,-73.89116
10339,40.68237,-73.92089
10340,40.682278,-73.89211
10341,40.687645,-73.92312
10342,40.680527,-73.91445
10343,40.686016,-73.92405
10344,40.685764,-73.91216
10345,40.679398,-73.89173
10346,40.684994,-73.91085
10347,40.690624,-73.90725
10348,40.683445,-73.90751
10349,40.68692,-73.91252
10350,40.672997,-73.89347
10351,40.690365,-73.91901
10352,40.69408,-73.92405
10353,40.686523,-73.91128
10354,40.693447,-73.92634
10355,40.6424,-73.97457
10356,40.6424,-73.97457
10357,40.642838,-73.976814
10358,40.63651,-73.99506
10359,40.635967,-73.98265
10360,40.639057,-73.99321
10361,40.63624,-73.98327
10362,40.638893,-73.99052
10363,40.639496,-73.98941
10364,40.643654,-73.97678
10365,40.643867,-73.978096
10366,40.646687,-73.974045
10367,40.646687,-73.974045
10368,40.646687,-73.974045
10369,40.646027,-73.98149
10370,40.636803,-73.99309
10371,40.646687,-73.974045
10372,40.64324,-73.97644
10373,40.639744,-73.98906
10374,40.645058,-73.99467
10375,40.634834,-73.99075
10376,40.646687,-73.974045
10377,40.63534,-73.98554
10378,40.639145,-73.975365
10379,40.639797,-73.97549
10380,40.642757,-73.976814
10381,40.638603,-73.98082
10382,40.642838,-73.976814
10383,40.64441,-73.973656
10384,40.636837,-73.993324
10385,40.63544,-73.97561
10386,40.64245,-73.983955
10387,40.696365,-73.89043
10388,40.6913,-73.91361
10389,40.677197,-73.92154
10390,40.684177,-73.91709
10391,40.69042,-73.91143
10392,40.6951,-73.926125
10393,40.697124,-73.88748
10394,40.69158,-73.916145
10395,40.695137,-73.88997
10396,40.692844,-73.91328
10397,40.69695,-73.890335
10398,40.675232,-73.8924
10399,40.69106,-73.91548
10400,40.67657,-73.90881
10401,40.695633,-73.889145
10402,40.686817,-73.92094
10403,40.693333,-73.923195
10404,40.68692,-73.91252
10405,40.68499,-73.92089
10406,40.693333,-73.923195
10407,40.680397,-73.891075
10408,40.684994,-73.91085
10409,40.693333,-73.923195
10410,40.684307,-73.91157
10411,40.68474,-73.922325
10412,40.680527,-73.91445
10413,40.675934,-73.88467
10414,40.69525,-73.92068
10415,40.687866,-73.90574
10416,40.677742,-73.91889
10417,40.690865,-73.91995
10418,40.695683,-73.88916
10419,40.675625,-73.88995
10420,40.678097,-73.91194
10421,40.691654,-73.91093
10422,40.677814,-73.89701
10423,40.6951,-73.91134
10424,40.682198,-73.9249
10425,40.69085,-73.90464
10426,40.67453,-73.90874
10427,40.682163,-73.892334
10428,40.677814,-73.89701
10429,40.68245,-73.90475
10430,40.68692,-73.91252
10431,40.69468,-73.89081
10432,40.69678,-73.907524
10433,40.685616,-73.90968
10434,40.675667,-73.90917
10435,40.68307,-73.89463
10436,40.682602,-73.9254
10437,40.688496,-73.91448
10438,40.68767,-73.916466
10439,40.674362,-73.8866
10440,40.69241,-73.90315
10441,40.676216,-73.91412
10442,40.718,-73.9558
10443,40.71588,-73.96102
10444,40.71379,-73.95055
10445,40.71844,-73.96388
10446,40.71844,-73.96388
10447,40.710552,-73.968155
10448,40.710552,-73.968155
10449,40.720238,-73.95646
10450,40.71483,-73.95335
10451,40.720238,-73.95646
10452,40.71844,-73.96388
10453,40.714832,-73.95335
10454,40.7193,-73.96397
10455,40.716564,-73.95184
10456,40.71959,-73.964096
10457,40.71844,-73.96388
10458,40.71844,-73.96388
10459,40.71,-73.96289
10460,40.719597,-73.9642
10461,40.717365,-73.96339
10462,40.712166,-73.958405
10463,40.717712,-73.95707
10464,40.710873,-73.9572
10465,40.719597,-73.9642
10466,40.678993,-73.8827
10467,40.693184,-73.92411
10468,40.687485,-73.92203
10469,40.687645,-73.92312
10470,40.694805,-73.89139
10471,40.68599,-73.923325
10472,40.672653,-73.92451
10473,40.696236,-73.901146
10474,40.683098,-73.91706
10475,40.684994,-73.91085
10476,40.688766,-73.91962
10477,40.681007,-73.89256
10478,40.696102,-73.894485
10479,40.69671,-73.8925
10480,40.68166,-73.89484
10481,40.693333,-73.923195
10482,40.693333,-73.923195
10483,40.69562,-73.89509
10484,40.69692,-73.89288
10485,40.693333,-73.923195
10486,40.687645,-73.92312
10487,40.680756,-73.883766
10488,40.67863,-73.91065
10489,40.687645,-73.92312
10490,40.688732,-73.92432
10491,40.693333,-73.923195
10492,40.67955,-73.89049
10493,40.693333,-73.923195
10494,40.683502,-73.884315
10495,40.709633,-73.95279
10496,40.703587,-73.958725
10497,40.70336,-73.9576
10498,40.70218,-73.95132
10499,40.709194,-73.9585
10500,40.70317,-73.95741
10501,40.709373,-73.96365
10502,40.709267,-73.96164
10503,40.697723,-73.97293
10504,40.70982,-73.9579
10505,40.7096,-73.96192
10506,40.7096,-73.96192
10507,40.699646,-73.95827
10508,40.699646,-73.95827
10509,40.703144,-73.95133
10510,40.707382,-73.96365
10511,40.700867,-73.95487
10512,40.700867,-73.95487
10513,40.70451,-73.955025
10514,40.707153,-73.959236
10515,40.70929,-73.962906
10516,40.700233,-73.95085
10517,40.707493,-73.96354
10518,40.70923,-73.96929
10519,40.701584,-73.95137
10520,40.707436,-73.963486
10521,40.70163,-73.952736
10522,40.70923,-73.96929
10523,40.705482,-73.967255
10524,40.709633,-73.95279
10525,40.708866,-73.94024
10526,40.69764,-73.935455
10527,40.69891,-73.93123
10528,40.70806,-73.94023
10529,40.703167,-73.94756
10530,40.699444,-73.93461
10531,40.697723,-73.92689
10532,40.701023,-73.92914
10533,40.70418,-73.94879
10534,40.700027,-73.936554
10535,40.703167,-73.94756
10536,40.70655,-73.937744
10537,40.708515,-73.940895
10538,40.708363,-73.94183
10539,40.703167,-73.94756
10540,40.708866,-73.94024
10541,40.703167,-73.94756
10542,40.707012,-73.9491
10543,40.70212,-73.94746
10544,40.69904,-73.92909
10545,40.708866,-73.94024
10546,40.702812,-73.94657
10547,40.703857,-73.948715
10548,40.703167,-73.94756
10549,40.720173,-73.81312
10550,40.715786,-73.83176
10551,40.71814,-73.81761
10552,40.718506,-73.81097
10553,40.72063,-73.81189
10554,40.718506,-73.81097
10555,40.718506,-73.81097
10556,40.7184,-73.8109
10557,40.716022,-73.831375
10558,40.713127,-73.81909
10559,40.713127,-73.81909
10560,40.712402,-73.81193
10561,40.7123,-73.81705
10562,40.711227,-73.813126
10563,40.719143,-73.8192
10564,40.713127,-73.81909
10565,40.720173,-73.81312
10566,40.71825,-73.81804
10567,40.713127,-73.81909
10568,40.718464,-73.80212
10569,40.71478,-73.785995
10570,40.714226,-73.79256
10571,40.710293,-73.79139
10572,40.721897,-73.79933
10573,40.7207,-73.79795
10574,40.721447,-73.79827
10575,40.72083,-73.79861
10576,40.712475,-73.804985
10577,40.7204,-73.79881
10578,40.71726,-73.80253
10579,40.715294,-73.80399
10580,40.721615,-73.804794
10581,40.718994,-73.80225
10582,40.713394,-73.80854
10583,40.71482,-73.79692
10584,40.71482,-73.79692
10585,40.713406,-73.80842
10586,40.71302,-73.808304
10587,40.718513,-73.78753
10588,40.72064,-73.80255
10589,40.71266,-73.79163
10590,40.718513,-73.78753
10591,40.710743,-73.79781
10592,40.71544,-73.79092
10593,40.720276,-73.808426
10594,40.71138,-73.789154
10595,40.716717,-73.80738
10596,40.71266,-73.79163
10597,40.72137,-73.78936
10598,40.71463,-73.78851
10599,40.71267,-73.78706
10600,40.719234,-73.80622
10601,40.715233,-73.80853
10602,40.72048,-73.80846
10603,40.710403,-73.79886
10604,40.71886,-73.800865
10605,40.71175,-73.8052
10606,40.71569,-73.80393
10607,40.719128,-73.79997
10608,40.714825,-73.79569
10609,40.71231,-73.78749
10610,40.712666,-73.78706
10611,40.71138,-73.789154
10612,40.712666,-73.78706
10613,40.72092,-73.78931
10614,40.71231,-73.78749
10615,40.712666,-73.78706
10616,40.72149,-73.80098
10617,40.71366,-73.79484
10618,40.712666,-73.78706
10619,40.712666,-73.78706
10620,40.712666,-73.78706
10621,40.712524,-73.79735
10622,40.7154,-73.7947
10623,40.712666,-73.78706
10624,40.710293,-73.79139
10625,40.719116,-73.802284
10626,40.713303,-73.7889
10627,40.717606,-73.78927
10628,40.71267,-73.78706
10629,40.71138,-73.789154
10630,40.711437,-73.78604
10631,40.710922,-73.80059
10632,40.710403,-73.79886
10633,40.71792,-73.80099
10634,40.711876,-73.79278
10635,40.717644,-73.79284
10636,40.71162,-73.78572
10637,40.71504,-73.805016
10638,40.71231,-73.78749
10639,40.712666,-73.78706
10640,40.717045,-73.785736
10641,40.714825,-73.79569
10642,40.72048,-73.80846
10643,40.71463,-73.78851
10644,40.721806,-73.80777
10645,40.713955,-73.80152
10646,40.721947,-73.78696
10647,40.71466,-73.795364
10648,40.710197,-73.80162
10649,40.710423,-73.785904
10650,40.719467,-73.79908
10651,40.7135,-73.79011
10652,40.721184,-73.789795
10653,40.71138,-73.789154
10654,40.71482,-73.79692
10655,40.7101,-73.78606
10656,40.715755,-73.79219
10657,40.713036,-73.884224
10658,40.700653,-73.92615
10659,40.71778,-73.90347
10660,40.717583,-73.882065
10661,40.717472,-73.90551
10662,40.710983,-73.900856
10663,40.705254,-73.887085
10664,40.71618,-73.88412
10665,40.706825,-73.90917
10666,40.712765,-73.88262
10667,40.703777,-73.91483
10668,40.72124,-73.888306
10669,40.71652,-73.881546
10670,40.710495,-73.91549
10671,40.70765,-73.90111
10672,40.703793,-73.91299
10673,40.716614,-73.88323
10674,40.709103,-73.91884
10675,40.71997,-73.90194
10676,40.700325,-73.90444
10677,40.7165,-73.91303
10678,40.714783,-73.89815
10679,40.70516,-73.88799
10680,40.705475,-73.88623
10681,40.713863,-73.8968
10682,40.714474,-73.885056
10683,40.699963,-73.9006
10684,40.715843,-73.88582
10685,40.717255,-73.90104
10686,40.70785,-73.89762
10687,40.700127,-73.88477
10688,40.705704,-73.89655
10689,40.713593,-73.89569
10690,40.707787,-73.897575
10691,40.715843,-73.88582
10692,40.700417,-73.91567
10693,40.713547,-73.89586
10694,40.687897,-73.8665
10695,40.678875,-73.847244
10696,40.695885,-73.86022
10697,40.67497,-73.87939
10698,40.673203,-73.84232
10699,40.682865,-73.87123
10700,40.69462,-73.83916
10701,40.69241,-73.86506
10702,40.69449,-73.86178
10703,40.68423,-73.86676
10704,40.688473,-73.83793
10705,40.6901,-73.861244
10706,40.681213,-73.84345
10707,40.697136,-73.8346
10708,40.689423,-73.83689
10709,40.686455,-73.83674
10710,40.679546,-73.84471
10711,40.683823,-73.86557
10712,40.68171,-73.852264
10713,40.694965,-73.86319
10714,40.67367,-73.84054
10715,40.673283,-73.8446
10716,40.68672,-73.86043
10717,40.68247,-73.84971
10718,40.682922,-73.85601
10719,40.69241,-73.86506
10720,40.695374,-73.85988
10721,40.69413,-73.84075
10722,40.67272,-73.850494
10723,40.692486,-73.859474
10724,40.692677,-73.85618
10725,40.688286,-73.8469
10726,40.672672,-73.87691
10727,40.689182,-73.85691
10728,40.675404,-73.842865
10729,40.6798,-73.8467
10730,40.6919,-73.84081
10731,40.688576,-73.851006
10732,40.686417,-73.84987
10733,40.679314,-73.83364
10734,40.675976,-73.863754
10735,40.683468,-73.83666
10736,40.68446,-73.87228
10737,40.692623,-73.8434
10738,40.672226,-73.87908
10739,40.690502,-73.85853
10740,40.689674,-73.85498
10741,40.679024,-73.832954
10742,40.673428,-73.84238
10743,40.68053,-73.87247
10744,40.683662,-73.87858
10745,40.695156,-73.860634
10746,40.687496,-73.84774
10747,40.687916,-73.85169
10748,40.678795,-73.86431
10749,40.690502,-73.85853
10750,40.695316,-73.855255
10751,40.688118,-73.85359
10752,40.67328,-73.85173
10753,40.67695,-73.842674
10754,40.689003,-73.85779
10755,40.68408,-73.86674
10756,40.6899,-73.85359
10757,40.6846,-73.8375
10758,40.681168,-73.859055
10759,40.681866,-73.86571
10760,40.688267,-73.85212
10761,40.687557,-73.92138
10762,40.683643,-73.91881
10763,40.67605,-73.89188
10764,40.692314,-73.92557
10765,40.69599,-73.92463
10766,40.686615,-73.908134
10767,40.678127,-73.91976
10768,40.687645,-73.92312
10769,40.690746,-73.913445
10770,40.674717,-73.89149
10771,40.673443,-73.887085
10772,40.68181,-73.9152
10773,40.67578,-73.89349
10774,40.67459,-73.917946
10775,40.69528,-73.89195
10776,40.695972,-73.88982
10777,40.690075,-73.917625
10778,40.675766,-73.893585
10779,40.681187,-73.89219
10780,40.676617,-73.88306
10781,40.683163,-73.88391
10782,40.679176,-73.909584
10783,40.682182,-73.91791
10784,40.679886,-73.910866
10785,40.688606,-73.914375
10786,40.69648,-73.88756
10787,40.686577,-73.9152
10788,40.69654,-73.89456
10789,40.68755,-73.91613
10790,40.68031,-73.90898
10791,40.72132,-73.79822
10792,40.715347,-73.791046
10793,40.720592,-73.80147
10794,40.71138,-73.789154
10795,40.717716,-73.80153
10796,40.720592,-73.80147
10797,40.71055,-73.79784
10798,40.713573,-73.79019
10799,40.710094,-73.78901
10800,40.710403,-73.79886
10801,40.712444,-73.80085
10802,40.71277,-73.808174
10803,40.712666,-73.78706
10804,40.71231,-73.78749
10805,40.71267,-73.78706
10806,40.712666,-73.78706
10807,40.712334,-73.78735
10808,40.712666,-73.78706
10809,40.713303,-73.7889
10810,40.710403,-73.79886
10811,40.72077,-73.78994
10812,40.713303,-73.7889
10813,40.71935,-73.802345
10814,40.713303,-73.7889
10815,40.711014,-73.78783
10816,40.71478,-73.792435
10817,40.71463,-73.78851
10818,40.714634,-73.79647
10819,40.710423,-73.785904
10820,40.722042,-73.80148
10821,40.713303,-73.80631
10822,40.71384,-73.78857
10823,40.711437,-73.78604
10824,40.719776,-73.80209
10825,40.711437,-73.78604
10826,40.67704,-73.85182
10827,40.677647,-73.8772
10828,40.677395,-73.87339
10829,40.692837,-73.8508
10830,40.69465,-73.84516
10831,40.682587,-73.84707
10832,40.68924,-73.84736
10833,40.67335,-73.84451
10834,40.690266,-73.854454
10835,40.68739,-73.85336
10836,40.673832,-73.8493
10837,40.685585,-73.833374
10838,40.69583,-73.8631
10839,40.695103,-73.8589
10840,40.69249,-73.859474
10841,40.683037,-73.86976
10842,40.67611,-73.872635
10843,40.67714,-73.845406
10844,40.683674,-73.83538
10845,40.694023,-73.864044
10846,40.69376,-73.83984
10847,40.69304,-73.86195
10848,40.6857,-73.86141
10849,40.69128,-73.84803
10850,40.692024,-73.85527
10851,40.685097,-73.85514
10852,40.695972,-73.83785
10853,40.682217,-73.83336
10854,40.690456,-73.851944
10855,40.69265,-73.83718
10856,40.696247,-73.85546
10857,40.68008,-73.86252
10858,40.674862,-73.846405
10859,40.672714,-73.83922
10860,40.689644,-73.85942
10861,40.6836,-73.87156
10862,40.68327,-73.87271
10863,40.67966,-73.846634
10864,40.674923,-73.83925
10865,40.69448,-73.85949
10866,40.6957,-73.837715
10867,40.673187,-73.87819
10868,40.691624,-73.85257
10869,40.68676,-73.84607
10870,40.696423,-73.85063
10871,40.689194,-73.865074
10872,40.691425,-73.84285
10873,40.692383,-73.85621
10874,40.679943,-73.84282
10875,40.69321,-73.865326
10876,40.683056,-73.8532
10877,40.684296,-73.84399
10878,40.677868,-73.84967
10879,40.68354,-73.87339
10880,40.68358,-73.85824
10881,40.693516,-73.84714
10882,40.677505,-73.84659
10883,40.696106,-73.85301
10884,40.673214,-73.840416
10885,40.67375,-73.85714
10886,40.67473,-73.87215
10887,40.694378,-73.84972
10888,40.678032,-73.84956
10889,40.692062,-73.86494
10890,40.67505,-73.8495
10891,40.696472,-73.84847
10892,40.679707,-73.83284
10893,40.691322,-73.83551
10894,40.69404,-73.841064
10895,40.68008,-73.86252
10896,40.694485,-73.86663
10897,40.692696,-73.84055
10898,40.683308,-73.83609
10899,40.69058,-73.84059
10900,40.696957,-73.845764
10901,40.678585,-73.84668
10902,40.68549,-73.85436
10903,40.69213,-73.86496
10904,40.69309,-73.86052
10905,40.689026,-73.85123
10906,40.683388,-73.862144
10907,40.67552,-73.84789
10908,40.678413,-73.85186
10909,40.69524,-73.85974
10910,40.68282,-73.83435
10911,40.68183,-73.866295
10912,40.67372,-73.83976
10913,40.67918,-73.87211
10914,40.679543,-73.87248
10915,40.682358,-73.838135
10916,40.688934,-73.85103
10917,40.693256,-73.85322
10918,40.689426,-73.83559
10919,40.67419,-73.852776
10920,40.673504,-73.84049
10921,40.67473,-73.87215
10922,40.674923,-73.873505
10923,40.686424,-73.856766
10924,40.68875,-73.84812
10925,40.692657,-73.83372
10926,40.676632,-73.85886
10927,40.672646,-73.84999
10928,40.6784,-73.83465
10929,40.690193,-73.85519
10930,40.692795,-73.83408
10931,40.679752,-73.862495
10932,40.689667,-73.848564
10933,40.684536,-73.8717
10934,40.689255,-73.863235
10935,40.68958,-73.84753
10936,40.68996,-73.852684
10937,40.68659,-73.834595
10938,40.684452,-73.86599
10939,40.68877,-73.857704
10940,40.69617,-73.84834
10941,40.68012,-73.86867
10942,40.693005,-73.84988
10943,40.679577,-73.838356
10944,40.693558,-73.856705
10945,40.69127,-73.85408
10946,40.68485,-73.86409
10947,40.683273,-73.86093
10948,40.695515,-73.83762
10949,40.693386,-73.85005
10950,40.686886,-73.85917
10951,40.67343,-73.84172
10952,40.6766,-73.850975
10953,40.683167,-73.83387
10954,40.676495,-73.83262
10955,40.675915,-73.87618
10956,40.688404,-73.84696
10957,40.694214,-73.83264
10958,40.687943,-73.866516
10959,40.68393,-73.86026
10960,40.678764,-73.85221
10961,40.68282,-73.863365
10962,40.679752,-73.862495
10963,40.68917,-73.85811
10964,40.697033,-73.845436
10965,40.686558,-73.85683
10966,40.693573,-73.86295
10967,40.688282,-73.8469
10968,40.68901,-73.85122
10969,40.673927,-73.85317
10970,40.676285,-73.835625
10971,40.690903,-73.78652
10972,40.686337,-73.786644
10973,40.687878,-73.79471
10974,40.695168,-73.788445
10975,40.69193,-73.80364
10976,40.68798,-73.80286
10977,40.693176,-73.78842
10978,40.68693,-73.80469
10979,40.68561,-73.80425
10980,40.696526,-73.787605
10981,40.687023,-73.808586
10982,40.684765,-73.8054
10983,40.68498,-73.79773
10984,40.69144,-73.79045
10985,40.69218,-73.803276
10986,40.696262,-73.805855
10987,40.685577,-73.79406
10988,40.687195,-73.804054
10989,40.685078,-73.793365
10990,40.68655,-73.79535
10991,40.684658,-73.798195
10992,40.693394,-73.80568
10993,40.689026,-73.808304
10994,40.687263,-73.789024
10995,40.69159,-73.79259
10996,40.685696,-73.802124
10997,40.686214,-73.792625
10998,40.69048,-73.80766
10999,40.68677,-73.80491
11000,40.688675,-73.795006
11001,40.68683,-73.79068
11002,40.69227,-73.80098
11003,40.690887,-73.79042
11004,40.69628,-73.7874
11005,40.69447,-73.7966
11006,40.68683,-73.79068
11007,40.68004,-73.81597
11008,40.675785,-73.81824
11009,40.68154,-73.82001
11010,40.67429,-73.81776
11011,40.680595,-73.82429
11012,40.68092,-73.831436
11013,40.67621,-73.81322
11014,40.675133,-73.82505
11015,40.676167,-73.81049
11016,40.684444,-73.830986
11017,40.67748,-73.823685
11018,40.67728,-73.818695
11019,40.676308,-73.815056
11020,40.67714,-73.81121
11021,40.679405,-73.81278
11022,40.67903,-73.81952
11023,40.680695,-73.83201
11024,40.68199,-73.82773
11025,40.68097,-73.830444
11026,40.68215,-73.81552
11027,40.684216,-73.81618
11028,40.680275,-73.81512
11029,40.683563,-73.81061
11030,40.680634,-73.81388
11031,40.67288,-73.81819
11032,40.68153,-73.82205
11033,40.67927,-73.818665
11034,40.67884,-73.820206
11035,40.67762,-73.82447
11036,40.68353,-73.83171
11037,40.683125,-73.82362
11038,40.683575,-73.82183
11039,40.676853,-73.81154
11040,40.674297,-73.81776
11041,40.67526,-73.81941
11042,40.681515,-73.82955
11043,40.68207,-73.81309
11044,40.67505,-73.82455
11045,40.687454,-73.7978
11046,40.6869,-73.80372
11047,40.688633,-73.80219
11048,40.68943,-73.79235
11049,40.687016,-73.78573
11050,40.686275,-73.79482
11051,40.685905,-73.78973
11052,40.69446,-73.79134
11053,40.691933,-73.78655
11054,40.686108,-73.79111
11055,40.69449,-73.80035
11056,40.68736,-73.804245
11057,40.69613,-73.78955
11058,40.685085,-73.79539
11059,40.694508,-73.78686
11060,40.692635,-73.8036
11061,40.688774,-73.78779
11062,40.696564,-73.79065
11063,40.69067,-73.78759
11064,40.685818,-73.791794
11065,40.68797,-73.80259
11066,40.695545,-73.809006
11067,40.693928,-73.80194
11068,40.685085,-73.801476
11069,40.694996,-73.78926
11070,40.690945,-73.78647
11071,40.684826,-73.79827
11072,40.688587,-73.79174
11073,40.689632,-73.79057
11074,40.68618,-73.79189
11075,40.686558,-73.792015
11076,40.686905,-73.80138
11077,40.688957,-73.80383
11078,40.686993,-73.791565
11079,40.690254,-73.79087
11080,40.694027,-73.788635
11081,40.691967,-73.79125
11082,40.694397,-73.7883
11083,40.687912,-73.80407
11084,40.690388,-73.79055
11085,40.69543,-73.78965
11086,40.691967,-73.79125
11087,40.68493,-73.79471
11088,40.688553,-73.79653
11089,40.687695,-73.79306
11090,40.688866,-73.80338
11091,40.688488,-73.79668
11092,40.69083,-73.79519
11093,40.686146,-73.79993
11094,40.690567,-73.79215
11095,40.692406,-73.80374
11096,40.694714,-73.7914
11097,40.685356,-73.80261
11098,40.685875,-73.79632
11099,40.68707,-73.80391
11100,40.68653,-73.79121
11101,40.691822,-73.80851
11102,40.69224,-73.79032
11103,40.6904,-73.85191
11104,40.68137,-73.85385
11105,40.67882,-73.86388
11106,40.691235,-73.84801
11107,40.686054,-73.85839
11108,40.677444,-73.86411
11109,40.690952,-73.844124
11110,40.67561,-73.84212
11111,40.68476,-73.83931
11112,40.692177,-73.85611
11113,40.687534,-73.85442
11114,40.6764,-73.85162
11115,40.67588,-73.84162
11116,40.692806,-73.83409
11117,40.6759,-73.84396
11118,40.690136,-73.85261
11119,40.679363,-73.84749
11120,40.6765,-73.832634
11121,40.673435,-73.87245
11122,40.68296,-73.83442
11123,40.694798,-73.83263
11124,40.692406,-73.834236
11125,40.695553,-73.83545
11126,40.68621,-73.87726
11127,40.691643,-73.85781
11128,40.67802,-73.8592
11129,40.674423,-73.8543
11130,40.686203,-73.8741
11131,40.680344,-73.85179
11132,40.679752,-73.862495
11133,40.67252,-73.875336
11134,40.682518,-73.86358
11135,40.681046,-73.85999
11136,40.672127,-73.858986
11137,40.685444,-73.85241
11138,40.67457,-73.853386
11139,40.681107,-73.84368
11140,40.67835,-73.85241
11141,40.6734,-73.83832
11142,40.676052,-73.87262
11143,40.69592,-73.86056
11144,40.69231,-73.84142
11145,40.6843,-73.83787
11146,40.687042,-73.86272
11147,40.693886,-73.864
11148,40.684055,-73.85349
11149,40.688866,-73.86565
11150,40.68695,-73.85769
11151,40.69648,-73.84956
11152,40.677998,-73.87766
11153,40.69367,-73.86636
11154,40.694935,-73.83586
11155,40.683586,-73.86324
11156,40.692635,-73.856865
11157,40.685555,-73.861534
11158,40.677254,-73.84646
11159,40.677174,-73.86441
11160,40.679752,-73.862495
11161,40.673855,-73.8424
11162,40.69267,-73.8372
11163,40.686787,-73.842865
11164,40.68505,-73.84326
11165,40.67397,-73.85403
11166,40.684765,-73.871666
11167,40.68713,-73.854225
11168,40.69284,-73.845215
11169,40.67858,-73.83296
11170,40.693676,-73.839806
11171,40.679188,-73.85129
11172,40.692833,-73.84524
11173,40.67359,-73.84242
11174,40.68617,-73.83496
11175,40.67929,-73.83363
11176,40.694847,-73.85199
11177,40.684475,-73.81527
11178,40.674557,-73.81188
11179,40.681816,-73.80972
11180,40.676422,-73.8209
11181,40.681698,-73.82293
11182,40.680042,-73.81595
11183,40.680763,-73.816444
11184,40.68084,-73.8314
11185,40.678925,-73.823456
11186,40.67661,-73.81641
11187,40.67273,-73.8202
11188,40.674187,-73.8191
11189,40.67283,-73.81228
11190,40.681858,-73.81498
11191,40.677807,-73.823814
11192,40.680405,-73.81927
11193,40.677193,-73.8157
11194,40.683334,-73.812294
11195,40.67645,-73.81634
11196,40.679092,-73.82629
11197,40.676895,-73.80947
11198,40.679207,-73.822655
11199,40.681606,-73.8296
11200,40.681847,-73.809616
11201,40.676895,-73.80947
11202,40.682022,-73.81905
11203,40.675045,-73.82263
11204,40.682354,-73.81214
11205,40.679577,-73.82657
11206,40.681713,-73.81793
11207,40.68022,-73.82314
11208,40.68236,-73.78814
11209,40.68236,-73.8078
11210,40.67695,-73.80092
11211,40.677906,-73.799835
11212,40.68019,-73.80699
11213,40.684433,-73.80516
11214,40.67298,-73.79416
11215,40.683582,-73.79152
11216,40.680702,-73.79015
11217,40.676445,-73.807594
11218,40.68384,-73.79879
11219,40.68384,-73.79879
11220,40.684143,-73.805016
11221,40.68021,-73.788666
11222,40.679375,-73.79398
11223,40.67948,-73.793655
11224,40.672207,-73.80856
11225,40.672283,-73.8044
11226,40.674713,-73.805374
11227,40.675312,-73.79504
11228,40.67725,-73.79556
11229,40.6803,-73.789055
11230,40.67695,-73.80092
11231,40.67641,-73.792175
11232,40.673393,-73.80056
11233,40.683212,-73.798485
11234,40.680447,-73.79515
11235,40.678806,-73.806244
11236,40.67371,-73.804504
11237,40.683617,-73.80429
11238,40.683987,-73.79887
11239,40.675304,-73.79411
11240,40.682453,-73.790474
11241,40.68319,-73.78797
11242,40.683147,-73.79345
11243,40.681355,-73.790504
11244,40.68043,-73.787766
11245,40.679897,-73.805855
11246,40.682087,-73.79894
11247,40.678616,-73.79323
11248,40.677746,-73.80015
11249,40.68086,-73.79048
11250,40.67511,-73.80348
11251,40.683388,-73.78977
11252,40.682045,-73.8089
11253,40.6781,-73.79895
11254,40.67487,-73.79399
11255,40.684353,-73.79427
11256,40.67607,-73.79637
11257,40.681953,-73.80395
11258,40.673447,-73.82579
11259,40.680637,-73.81269
11260,40.678383,-73.8102
11261,40.682346,-73.81437
11262,40.679947,-73.81721
11263,40.67766,-73.817924
11264,40.67996,-73.82006
11265,40.677834,-73.81201
11266,40.676918,-73.81557
11267,40.680195,-73.81074
11268,40.674507,-73.81797
11269,40.672886,-73.82211
11270,40.68355,-73.83172
11271,40.683132,-73.83181
11272,40.676407,-73.81131
11273,40.677807,-73.81901
11274,40.676846,-73.81853
11275,40.68276,-73.82041
11276,40.678684,-73.81542
11277,40.671993,-73.816536
11278,40.68213,-73.81312
11279,40.67641,-73.82361
11280,40.68109,-73.83153
11281,40.68404,-73.83079
11282,40.683655,-73.82086
11283,40.67985,-73.809616
11284,40.67739,-73.82364
11285,40.680996,-73.83011
11286,40.67706,-73.817635
11287,40.674618,-73.810905
11288,40.68153,-73.82205
11289,40.684124,-73.832
11290,40.68253,-73.826164
11291,40.68209,-73.80874
11292,40.67681,-73.80631
11293,40.674107,-73.79112
11294,40.67983,-73.79432
11295,40.677826,-73.80585
11296,40.67569,-73.80749
11297,40.683235,-73.79549
11298,40.679337,-73.7902
11299,40.679676,-73.80199
11300,40.6837,-73.79697
11301,40.68327,-73.79666
11302,40.672207,-73.80854
11303,40.677166,-73.80782
11304,40.678284,-73.78803
11305,40.67966,-73.78822
11306,40.681854,-73.78933
11307,40.680847,-73.78981
11308,40.677166,-73.80782
11309,40.679737,-73.79779
11310,40.680206,-73.79642
11311,40.68362,-73.790665
11312,40.682568,-73.799095
11313,40.68039,-73.79089
11314,40.679462,-73.804886
11315,40.680534,-73.79925
11316,40.676865,-73.80434
11317,40.675613,-73.79517
11318,40.674816,-73.79244
11319,40.675667,-73.794205
11320,40.67695,-73.799644
11321,40.674675,-73.79138
11322,40.68397,-73.79685
11323,40.674305,-73.7985
11324,40.681217,-73.78963
11325,40.675957,-73.78768
11326,40.678955,-73.80185
11327,40.67778,-73.789444
11328,40.68141,-73.798996
11329,40.67826,-73.79344
11330,40.677372,-73.79826
11331,40.674282,-73.79823
11332,40.680573,-73.79912
11333,40.675545,-73.79765
11334,40.675705,-73.79583
11335,40.679626,-73.794106
11336,40.67526,-73.80063
11337,40.67579,-73.79583
11338,40.6835,-73.79501
11339,40.68096,-73.79023
11340,40.676514,-73.8052
11341,40.677677,-73.808784
11342,40.67236,-73.80253
11343,40.673912,-73.793396
11344,40.682045,-73.79329
11345,40.679443,-73.802284
11346,40.67909,-73.80097
11347,40.67895,-73.79244
11348,40.675125,-73.80349
11349,40.67954,-73.78897
11350,40.680477,-73.793526
11351,40.68427,-73.796
11352,40.676636,-73.800865
11353,40.676,-73.793976
11354,40.679974,-73.78991
11355,40.683292,-73.79352
11356,40.681442,-73.7884
11357,40.67812,-73.7993
11358,40.674545,-73.79369
11359,40.683563,-73.805115
11360,40.680115,-73.79267
11361,40.681538,-73.793655
11362,40.682587,-73.80326
11363,40.678604,-73.793594
11364,40.681522,-73.794655
11365,40.67431,-73.80742
11366,40.684116,-73.79832
11367,40.678326,-73.79748
11368,40.68288,-73.7957
11369,40.674335,-73.7926
11370,40.67639,-73.79555
11371,40.679745,-73.801994
11372,40.673157,-73.79542
11373,40.675102,-73.79158
11374,40.682766,-73.787186
11375,40.68134,-73.800026
11376,40.67848,-73.78923
11377,40.679638,-73.80232
11378,40.679077,-73.8004
11379,40.67629,-73.8071
11380,40.674202,-73.803604
11381,40.67681,-73.7904
11382,40.680164,-73.791435
11383,40.67934,-73.807594
11384,40.676453,-73.80517
11385,40.68065,-73.787834
11386,40.68099,-73.79138
11387,40.682816,-73.79148
11388,40.684258,-73.798386
11389,40.676697,-73.79735
11390,40.67443,-73.79524
11391,40.68449,-73.7968
11392,40.673077,-73.8027
11393,40.677692,-73.80014
11394,40.68201,-73.800354
11395,40.682346,-73.79544
11396,40.682743,-73.79524
11397,40.682102,-73.79733
11398,40.67841,-73.79313
11399,40.67783,-73.80585
11400,40.684177,-73.79034
11401,40.676258,-73.808266
11402,40.68214,-73.798965
11403,40.67545,-73.79182
11404,40.678204,-73.79403
11405,40.683495,-73.79801
11406,40.68425,-73.789185
11407,40.67235,-73.80838
11408,40.676964,-73.79746
11409,40.68449,-73.791214
11410,40.682423,-73.79448
11411,40.676918,-73.78782
11412,40.67829,-73.79065
11413,40.67892,-73.802185
11414,40.674168,-73.79115
11415,40.677486,-73.79406
11416,40.684464,-73.79128
11417,40.675503,-73.79161
11418,40.680916,-73.808365
11419,40.68289,-73.796326
11420,40.67892,-73.802185
11421,40.683624,-73.79869
11422,40.682808,-73.79073
11423,40.675217,-73.787544
11424,40.675346,-73.79615
11425,40.682186,-73.7911
11426,40.679863,-73.80584
11427,40.682495,-73.794205
11428,40.677055,-73.80184
11429,40.679432,-73.801025
11430,40.674263,-73.798096
11431,40.672733,-73.79543
11432,40.709778,-73.81869
11433,40.708763,-73.82858
11434,40.705,-73.824135
11435,40.70961,-73.81653
11436,40.70752,-73.81846
11437,40.708374,-73.82841
11438,40.707943,-73.827354
11439,40.698326,-73.83108
11440,40.70752,-73.81846
11441,40.702534,-73.83103
11442,40.7097,-73.8306
11443,40.70981,-73.82895
11444,40.70577,-73.824776
11445,40.70981,-73.82895
11446,40.708736,-73.81692
11447,40.70397,-73.82632
11448,40.708775,-73.82866
11449,40.70936,-73.8285
11450,40.70752,-73.81846
11451,40.709606,-73.81653
11452,40.70573,-73.827385
11453,40.70972,-73.82864
11454,40.702637,-73.831856
11455,40.70896,-73.81663
11456,40.701237,-73.8246
11457,40.70084,-73.8263
11458,40.70221,-73.82938
11459,40.7051,-73.82382
11460,40.705,-73.824135
11461,40.7051,-73.82382
11462,40.698273,-73.832275
11463,40.7051,-73.82382
11464,40.702984,-73.83088
11465,40.703026,-73.81882
11466,40.70255,-73.83172
11467,40.704914,-73.829094
11468,40.718395,-73.87091
11469,40.71842,-73.85653
11470,40.71317,-73.8565
11471,40.720867,-73.85912
11472,40.7185,-73.86091
11473,40.720997,-73.859314
11474,40.72219,-73.866554
11475,40.719,-73.87696
11476,40.718765,-73.87245
11477,40.719833,-73.86394
11478,40.721405,-73.85614
11479,40.715294,-73.85832
11480,40.720997,-73.859314
11481,40.717083,-73.87833
11482,40.720524,-73.87007
11483,40.71517,-73.85825
11484,40.715294,-73.85832
11485,40.7209,-73.87373
11486,40.721054,-73.85932
11487,40.718304,-73.87825
11488,40.722305,-73.856064
11489,40.717453,-73.861755
11490,40.714382,-73.8564
11491,40.720867,-73.85912
11492,40.722305,-73.856064
11493,40.71823,-73.8793
11494,40.715973,-73.87322
11495,40.722256,-73.86854
11496,40.7171,-73.87821
11497,40.720295,-73.857124
11498,40.717915,-73.87906
11499,40.719624,-73.862206
11500,40.718708,-73.87081
11501,40.71257,-73.87206
11502,40.721405,-73.85614
11503,40.713947,-73.87453
11504,40.70936,-73.8285
11505,40.70934,-73.828674
11506,40.705254,-73.83245
11507,40.70725,-73.82917
11508,40.707294,-73.82991
11509,40.709778,-73.81869
11510,40.707558,-73.81624
11511,40.70125,-73.809814
11512,40.709778,-73.81869
11513,40.709274,-73.82761
11514,40.709778,-73.81869
11515,40.708942,-73.8159
11516,40.70981,-73.82895
11517,40.708237,-73.82745
11518,40.70758,-73.8301
11519,40.70227,-73.824745
11520,40.704865,-73.8214
11521,40.70606,-73.83148
11522,40.708942,-73.8159
11523,40.7051,-73.82382
11524,40.706345,-73.81487
11525,40.70302,-73.83123
11526,40.70503,-73.81163
11527,40.708553,-73.827805
11528,40.70853,-73.81653
11529,40.706123,-73.81529
11530,40.708584,-73.82798
11531,40.699192,-73.82298
11532,40.70518,-73.83225
11533,40.708843,-73.813065
11534,40.70125,-73.80981
11535,40.70934,-73.828674
11536,40.708275,-73.8287
11537,40.704865,-73.8214
11538,40.70754,-73.827415
11539,40.718746,-73.877525
11540,40.721405,-73.85614
11541,40.71879,-73.87942
11542,40.718037,-73.85969
11543,40.710873,-73.860886
11544,40.720295,-73.857124
11545,40.712624,-73.85852
11546,40.72194,-73.87121
11547,40.71657,-73.8735
11548,40.715717,-73.85634
11549,40.712284,-73.87668
11550,40.71075,-73.86153
11551,40.72219,-73.866554
11552,40.7132,-73.85641
11553,40.7222,-73.8666
11554,40.714115,-73.878204
11555,40.722263,-73.87257
11556,40.718925,-73.87874
11557,40.722057,-73.863464
11558,40.72218,-73.8561
11559,40.716488,-73.85723
11560,40.714157,-73.8719
11561,40.710682,-73.863266
11562,40.718227,-73.8573
11563,40.720295,-73.857124
11564,40.715538,-73.87871
11565,40.70994,-73.8615
11566,40.720867,-73.85912
11567,40.71867,-73.87527
11568,40.720875,-73.85903
11569,40.680477,-73.79945
11570,40.684174,-73.79634
11571,40.674297,-73.79418
11572,40.6817,-73.795135
11573,40.681057,-73.79122
11574,40.67801,-73.799286
11575,40.679966,-73.80133
11576,40.676373,-73.799904
11577,40.681446,-73.795
11578,40.6801,-73.79045
11579,40.68001,-73.78898
11580,40.67627,-73.80709
11581,40.67576,-73.788475
11582,40.678078,-73.80696
11583,40.68452,-73.80421
11584,40.6824,-73.80216
11585,40.679897,-73.805855
11586,40.680756,-73.79848
11587,40.681683,-73.795204
11588,40.67704,-73.794846
11589,40.682835,-73.79067
11590,40.68366,-73.80228
11591,40.682735,-73.79625
11592,40.67225,-73.797
11593,40.682117,-73.78939
11594,40.68275,-73.79061
11595,40.684326,-73.79642
11596,40.675674,-73.795204
11597,40.67552,-73.79883
11598,40.682804,-73.78934
11599,40.68278,-73.796135
11600,40.677013,-73.80877
11601,40.677864,-73.80164
11602,40.680477,-73.79945
11603,40.67674,-73.804276
11604,40.707436,-73.818535
11605,40.70752,-73.81846
11606,40.704865,-73.8214
11607,40.699562,-73.83242
11608,40.699623,-73.8119
11609,40.708275,-73.8287
11610,40.706604,-73.83189
11611,40.70725,-73.82917
11612,40.708374,-73.82841
11613,40.707043,-73.827126
11614,40.708775,-73.829056
11615,40.709778,-73.81869
11616,40.709778,-73.81869
11617,40.710514,-73.87204
11618,40.71308,-73.85666
11619,40.71339,-73.85686
11620,40.7197,-73.85917
11621,40.71308,-73.85666
11622,40.720997,-73.859314
11623,40.721844,-73.87113
11624,40.71977,-73.87389
11625,40.71442,-73.85637
11626,40.719524,-73.87038
11627,40.719086,-73.87292
11628,40.716747,-73.877205
11629,40.71977,-73.87389
11630,40.721584,-73.86081
11631,40.716747,-73.877205
11632,40.71269,-73.85914
11633,40.721977,-73.8669
11634,40.714157,-73.8719
11635,40.714565,-73.87873
11636,40.721977,-73.8669
11637,40.72224,-73.85627
11638,40.72224,-73.85627
11639,40.714157,-73.8719
11640,40.709934,-73.87801
11641,40.71719,-73.87628
11642,40.71384,-73.874344
11643,40.719933,-73.869255
11644,40.7111,-73.87429
11645,40.71517,-73.85825
11646,40.71648,-73.877205
11647,40.72218,-73.8561
11648,40.721405,-73.85614
11649,40.72224,-73.85627
11650,40.721405,-73.85614
11651,40.72224,-73.85627
11652,40.718777,-73.85956
11653,40.716488,-73.85723
11654,40.71302,-73.85831
11655,40.702938,-73.81278
11656,40.703304,-73.82841
11657,40.708008,-73.83168
11658,40.7097,-73.8306
11659,40.70624,-73.82624
11660,40.70606,-73.83148
11661,40.700565,-73.823654
11662,40.70725,-73.82917
11663,40.697704,-73.80928
11664,40.709778,-73.81869
11665,40.70712,-73.81395
11666,40.705254,-73.83245
11667,40.703728,-73.82842
11668,40.708374,-73.82841
11669,40.709778,-73.81869
11670,40.705112,-73.82169
11671,40.69972,-73.82605
11672,40.704994,-73.822716
11673,40.70777,-73.831604
11674,40.70896,-73.81663
11675,40.70871,-73.827194
11676,40.708237,-73.82745
11677,40.70761,-73.83149
11678,40.70725,-73.82917
11679,40.708553,-73.827805
11680,40.708775,-73.829056
11681,40.705112,-73.82169
11682,40.70729,-73.82991
11683,40.70686,-73.8269
11684,40.70098,-73.810196
11685,40.701275,-73.81397
11686,40.706078,-73.815254
11687,40.703407,-73.82747
11688,40.70125,-73.80981
11689,40.70265,-73.83207
11690,40.698143,-73.82246
11691,40.722374,-73.84054
11692,40.720646,-73.83642
11693,40.718018,-73.839935
11694,40.71676,-73.835724
11695,40.719654,-73.83945
11696,40.716698,-73.835594
11697,40.722225,-73.84234
11698,40.717785,-73.839294
11699,40.722374,-73.84054
11700,40.7205,-73.836
11701,40.71652,-73.832726
11702,40.722374,-73.84054
11703,40.720043,-73.839905
11704,40.720783,-73.84077
11705,40.721664,-73.84051
11706,40.718918,-73.83648
11707,40.71692,-73.83291
11708,40.720905,-73.8391
11709,40.721478,-73.8465
11710,40.72016,-73.85342
11711,40.72016,-73.85342
11712,40.721626,-73.85411
11713,40.719215,-73.84627
11714,40.71922,-73.84568
11715,40.72159,-73.846115
11716,40.719166,-73.84627
11717,40.721783,-73.85539
11718,40.719166,-73.84627
11719,40.720104,-73.85476
11720,40.72219,-73.849144
11721,40.719185,-73.84506
11722,40.71762,-73.854454
11723,40.722153,-73.84926
11724,40.721783,-73.85539
11725,40.721478,-73.8465
11726,40.7222,-73.8557
11727,40.71962,-73.84621
11728,40.72219,-73.849144
11729,40.71882,-73.84505
11730,40.72219,-73.849144
11731,40.720078,-73.85251
11732,40.71962,-73.84621
11733,40.719414,-73.84526
11734,40.718704,-73.84548
11735,40.722134,-73.84919
11736,40.665455,-73.847984
11737,40.664303,-73.851036
11738,40.67118,-73.838806
11739,40.663692,-73.85437
11740,40.668083,-73.84966
11741,40.66614,-73.84641
11742,40.66614,-73.84641
11743,40.655006,-73.85248
11744,40.668407,-73.84949
11745,40.657665,-73.87704
11746,40.654774,-73.84173
11747,40.66842,-73.84466
11748,40.6623,-73.85287
11749,40.664303,-73.851036
11750,40.663174,-73.84314
11751,40.669724,-73.847626
11752,40.666096,-73.847145
11753,40.65083,-73.843605
11754,40.65075,-73.84359
11755,40.667515,-73.85023
11756,40.667904,-73.848885
11757,40.66392,-73.84299
11758,40.659286,-73.84599
11759,40.660656,-73.855644
11760,40.66326,-73.83294
11761,40.666927,-73.87711
11762,40.666096,-73.847145
11763,40.66594,-73.84811
11764,40.655224,-73.84689
11765,40.66806,-73.8497
11766,40.6664,-73.85036
11767,40.661724,-73.85495
11768,40.663692,-73.85437
11769,40.662003,-73.844315
11770,40.657665,-73.87704
11771,40.65316,-73.83352
11772,40.662495,-73.851524
11773,40.66683,-73.84851
11774,40.70845,-73.86122
11775,40.70609,-73.8743
11776,40.70604,-73.86605
11777,40.705734,-73.863205
11778,40.701225,-73.87788
11779,40.70559,-73.86411
11780,40.706066,-73.856575
11781,40.706676,-73.864265
11782,40.70895,-73.860245
11783,40.709785,-73.8639
11784,40.709503,-73.86398
11785,40.70938,-73.864044
11786,40.70879,-73.87706
11787,40.701138,-73.8785
11788,40.702084,-73.87915
11789,40.70537,-73.877945
11790,40.703598,-73.87494
11791,40.7053,-73.86801
11792,40.70558,-73.86346
11793,40.7056,-73.863335
11794,40.70527,-73.87176
11795,40.703327,-73.874825
11796,40.706486,-73.859406
11797,40.70375,-73.87401
11798,40.704712,-73.87709
11799,40.70668,-73.86417
11800,40.704453,-73.87143
11801,40.704746,-73.86211
11802,40.704247,-73.87229
11803,40.704155,-73.85632
11804,40.705746,-73.878784
11805,40.706066,-73.868805
11806,40.70211,-73.8581
11807,40.709347,-73.861046
11808,40.61683,-73.919136
11809,40.616837,-73.91906
11810,40.6162,-73.919136
11811,40.621086,-73.91573
11812,40.61793,-73.915726
11813,40.614166,-73.90076
11814,40.611935,-73.90828
11815,40.61549,-73.919426
11816,40.61124,-73.925224
11817,40.621002,-73.90836
11818,40.61328,-73.901764
11819,40.618984,-73.91491
11820,40.621307,-73.92461
11821,40.620445,-73.92053
11822,40.61848,-73.92359
11823,40.615242,-73.898926
11824,40.610115,-73.92471
11825,40.617664,-73.91836
11826,40.613693,-73.91978
11827,40.60821,-73.903
11828,40.617397,-73.92021
11829,40.6118,-73.922585
11830,40.617332,-73.92505
11831,40.614925,-73.91735
11832,40.6187,-73.914116
11833,40.60597,-73.91156
11834,40.60794,-73.92229
11835,40.616756,-73.899666
11836,40.60779,-73.90457
11837,40.70551,-73.85647
11838,40.708344,-73.8704
11839,40.707012,-73.87433
11840,40.704,-73.85954
11841,40.70255,-73.873314
11842,40.703632,-73.86661
11843,40.70604,-73.86694
11844,40.70813,-73.87717
11845,40.708733,-73.86222
11846,40.701584,-73.87688
11847,40.706104,-73.8623
11848,40.708897,-73.86191
11849,40.706066,-73.856575
11850,40.70906,-73.86321
11851,40.70697,-73.86262
11852,40.705925,-73.87392
11853,40.70664,-73.867004
11854,40.703995,-73.86666
11855,40.703873,-73.8752
11856,40.705425,-73.85635
11857,40.709274,-73.87776
11858,40.708385,-73.86245
11859,40.70595,-73.87493
11860,40.705307,-73.87177
11861,40.709385,-73.86487
11862,40.703487,-73.869225
11863,40.70396,-73.86182
11864,40.705986,-73.86604
11865,40.70125,-73.87882
11866,40.703148,-73.86037
11867,40.703484,-73.876205
11868,40.685127,-73.81694
11869,40.686268,-73.81649
11870,40.6966,-73.83024
11871,40.68769,-73.82251
11872,40.68997,-73.81196
11873,40.690636,-73.818855
11874,40.686356,-73.81289
11875,40.688816,-73.8096
11876,40.68607,-73.811295
11877,40.686184,-73.811584
11878,40.692684,-73.83115
11879,40.696915,-73.82786
11880,40.69293,-73.824394
11881,40.684883,-73.82918
11882,40.686474,-73.82527
11883,40.689545,-73.81636
11884,40.687317,-73.82141
11885,40.684757,-73.82911
11886,40.687576,-73.817345
11887,40.691807,-73.811195
11888,40.691383,-73.8183
11889,40.68811,-73.81664
11890,40.691673,-73.81993
11891,40.6883,-73.83184
11892,40.688663,-73.82634
11893,40.68711,-73.829346
11894,40.690434,-73.818436
11895,40.694206,-73.8203
11896,40.599094,-73.95995
11897,40.597973,-73.93182
11898,40.6161,-73.95297
11899,40.615536,-73.949265
11900,40.6121,-73.93252
11901,40.609592,-73.9283
11902,40.60404,-73.93667
11903,40.610325,-73.938545
11904,40.60116,-73.9504
11905,40.6201,-73.9705
11906,40.612797,-73.94648
11907,40.608315,-73.93401
11908,40.62052,-73.932175
11909,40.61161,-73.93508
11910,40.612385,-73.93338
11911,40.60332,-73.95773
11912,40.61171,-73.92781
11913,40.61524,-73.95927
11914,40.601738,-73.95278
11915,40.601612,-73.94139
11916,40.61536,-73.96953
11917,40.596832,-73.93461
11918,40.603146,-73.94793
11919,40.60007,-73.93479
11920,40.68529,-73.96961
11921,40.69523,-73.95697
11922,40.694958,-73.967896
11923,40.685123,-73.97077
11924,40.69302,-73.96761
11925,40.685112,-73.97107
11926,40.684734,-73.95986
11927,40.694664,-73.967834
11928,40.694958,-73.967896
11929,40.69257,-73.965195
11930,40.687244,-73.968185
11931,40.69216,-73.96839
11932,40.69257,-73.965195
11933,40.69257,-73.965195
11934,40.69302,-73.96761
11935,40.691814,-73.96904
11936,40.690434,-73.96596
11937,40.68614,-73.955734
11938,40.69216,-73.96839
11939,40.691784,-73.96822
11940,40.69645,-73.95573
11941,40.692127,-73.97014
11942,40.69257,-73.965195
11943,40.687103,-73.96737
11944,40.687763,-73.966896
11945,40.685627,-73.95963
11946,40.678146,-73.93958
11947,40.680305,-73.94387
11948,40.677784,-73.92683
11949,40.677887,-73.92718
11950,40.673466,-73.93096
11951,40.67285,-73.93045
11952,40.67557,-73.94966
11953,40.683983,-73.93621
11954,40.679203,-73.93745
11955,40.67312,-73.949554
11956,40.684193,-73.933586
11957,40.674953,-73.942856
11958,40.683308,-73.941185
11959,40.67461,-73.94483
11960,40.67461,-73.94483
11961,40.67461,-73.94483
11962,40.680855,-73.92748
11963,40.67283,-73.931015
11964,40.675232,-73.9296
11965,40.680954,-73.926735
11966,40.6721,-73.94707
11967,40.679478,-73.94242
11968,40.6721,-73.94707
11969,40.680725,-73.94928
11970,40.683952,-73.92651
11971,40.681324,-73.94552
11972,40.67329,-73.92711
11973,40.6721,-73.94707
11974,40.673306,-73.92739
11975,40.588543,-73.956894
11976,40.578156,-73.95349
11977,40.578365,-73.97337
11978,40.578156,-73.95349
11979,40.58657,-73.94952
11980,40.58719,-73.957466
11981,40.575863,-73.955536
11982,40.575863,-73.955536
11983,40.585445,-73.950356
11984,40.593056,-73.949684
11985,40.580105,-73.964584
11986,40.578365,-73.97337
11987,40.588104,-73.94276
11988,40.58552,-73.96686
11989,40.580482,-73.94524
11990,40.577927,-73.97196
11991,40.58657,-73.94952
11992,40.57491,-73.966736
11993,40.69913,-73.85163
11994,40.699726,-73.851555
11995,40.69995,-73.83666
11996,40.6978,-73.839775
11997,40.70601,-73.832985
11998,40.703278,-73.83716
11999,40.70014,-73.85361
12000,40.69913,-73.85163
12001,40.704582,-73.83265
12002,40.706352,-73.83311
12003,40.69995,-73.85233
12004,40.704823,-73.8344
12005,40.70014,-73.85361
12006,40.704823,-73.8344
12007,40.70962,-73.85215
12008,40.70971,-73.84755
12009,40.69995,-73.85233
12010,40.705383,-73.83465
12011,40.705402,-73.8346
12012,40.70454,-73.83586
12013,40.7069,-73.83564
12014,40.70971,-73.84755
12015,40.706005,-73.85495
12016,40.70454,-73.83586
12017,40.699566,-73.85121
12018,40.698326,-73.848236
12019,40.70863,-73.84536
12020,40.704098,-73.83566
12021,40.70054,-73.8337
12022,40.704926,-73.83384
12023,40.69851,-73.84531
12024,40.705017,-73.83561
12025,40.699986,-73.85293
12026,40.705402,-73.8346
12027,40.705246,-73.83398
12028,40.70651,-73.85473
12029,40.705917,-73.83595
12030,40.70651,-73.85473
12031,40.705402,-73.8346
12032,40.707043,-73.83594
12033,40.705402,-73.8346
12034,40.704582,-73.8357
12035,40.704136,-73.83486
12036,40.70852,-73.836716
12037,40.699608,-73.85156
12038,40.707043,-73.83594
12039,40.708984,-73.83359
12040,40.69946,-73.85266
12041,40.702934,-73.83348
12042,40.70899,-73.85167
12043,40.706127,-73.83605
12044,40.69986,-73.85151
12045,40.699253,-73.852905
12046,40.704582,-73.83265
12047,40.705402,-73.8346
12048,40.699383,-73.83438
12049,40.705383,-73.834656
12050,40.69995,-73.85233
12051,40.70852,-73.836716
12052,40.69953,-73.833435
12053,40.699608,-73.85156
12054,40.70866,-73.85043
12055,40.70331,-73.834335
12056,40.697426,-73.83634
12057,40.70701,-73.83418
12058,40.699696,-73.85338
12059,40.70344,-73.8331
12060,40.70014,-73.85361
12061,40.697952,-73.83869
12062,40.70651,-73.85473
12063,40.7069,-73.83564
12064,40.705997,-73.83297
12065,40.703594,-73.83603
12066,40.7089,-73.833145
12067,40.705128,-73.85591
12068,40.704926,-73.83384
12069,40.70855,-73.836716
12070,40.70855,-73.836716
12071,40.704823,-73.8344
12072,40.70408,-73.83587
12073,40.704823,-73.8344
12074,40.69731,-73.833405
12075,40.704582,-73.8357
12076,40.698586,-73.85247
12077,40.698406,-73.846886
12078,40.704098,-73.83567
12079,40.70325,-73.85462
12080,40.707947,-73.8368
12081,40.705246,-73.83398
12082,40.704098,-73.83567
12083,40.704823,-73.8344
12084,40.70651,-73.85473
12085,40.705402,-73.8346
12086,40.705193,-73.83359
12087,40.70841,-73.85139
12088,40.69977,-73.85194
12089,40.703594,-73.83603
12090,40.705402,-73.8346
12091,40.709095,-73.84839
12092,40.700085,-73.83572
12093,40.707893,-73.836525
12094,40.705402,-73.8346
12095,40.708614,-73.84542
12096,40.69995,-73.85233
12097,40.6978,-73.839775
12098,40.703594,-73.83603
12099,40.70753,-73.83445
12100,40.698586,-73.85247
12101,40.705383,-73.83465
12102,40.69995,-73.85233
12103,40.705246,-73.83398
12104,40.70977,-73.84401
12105,40.699986,-73.85293
12106,40.709656,-73.84583
12107,40.699986,-73.85293
12108,40.6996,-73.85315
12109,40.706005,-73.85495
12110,40.69986,-73.85151
12111,40.705402,-73.8346
12112,40.683804,-73.96318
12113,40.681683,-73.95507
12114,40.68305,-73.966095
12115,40.683804,-73.96318
12116,40.675278,-73.97141
12117,40.673256,-73.952354
12118,40.672565,-73.96419
12119,40.680637,-73.971504
12120,40.6733,-73.9717
12121,40.68142,-73.96408
12122,40.673256,-73.952354
12123,40.68236,-73.967415
12124,40.6733,-73.9717
12125,40.6733,-73.9717
12126,40.682735,-73.96185
12127,40.674507,-73.96582
12128,40.677265,-73.97014
12129,40.6733,-73.9717
12130,40.67986,-73.96468
12131,40.67671,-73.970184
12132,40.67266,-73.96472
12133,40.707893,-73.836525
12134,40.705246,-73.83398
12135,40.707043,-73.83594
12136,40.703594,-73.83603
12137,40.704582,-73.83265
12138,40.706997,-73.83596
12139,40.697582,-73.83751
12140,40.699608,-73.85156
12141,40.705265,-73.83288
12142,40.70014,-73.85361
12143,40.6975,-73.83847
12144,40.705402,-73.8346
12145,40.69849,-73.84539
12146,40.69986,-73.85151
12147,40.69946,-73.85266
12148,40.705265,-73.83288
12149,40.698666,-73.85238
12150,40.707043,-73.83594
12151,40.70852,-73.836716
12152,40.70852,-73.836716
12153,40.700157,-73.84274
12154,40.700134,-73.852325
12155,40.6993,-73.8514
12156,40.70601,-73.832985
12157,40.703594,-73.83603
12158,40.704582,-73.8357
12159,40.700134,-73.852325
12160,40.706352,-73.83311
12161,40.698757,-73.84287
12162,40.708496,-73.849464
12163,40.69947,-73.83621
12164,40.70436,-73.83348
12165,40.70762,-73.83362
12166,40.56144,-73.91528
12167,40.56293,-73.91355
12168,40.559692,-73.91057
12169,40.55828,-73.91675
12170,40.566956,-73.8876
12171,40.556454,-73.92352
12172,40.55645,-73.92352
12173,40.557228,-73.925575
12174,40.557426,-73.91805
12175,40.556793,-73.92291
12176,40.56105,-73.91975
12177,40.56381,-73.914345
12178,40.558434,-73.91948
12179,40.556854,-73.911575
12180,40.562336,-73.91166
12181,40.55739,-73.91702
12182,40.557415,-73.92012
12183,40.557434,-73.92551
12184,40.56701,-73.88851
12185,40.56612,-73.88865
12186,40.56155,-73.91063
12187,40.560024,-73.91175
12188,40.561424,-73.91044
12189,40.55846,-73.91066
12190,40.55897,-73.912285
12191,40.55838,-73.91123
12192,40.557484,-73.91198
12193,40.557312,-73.915504
12194,40.562893,-73.91529
12195,40.55735,-73.92938
12196,40.557854,-73.91583
12197,40.56644,-73.88847
12198,40.55836,-73.92189
12199,40.556404,-73.92887
12200,40.556805,-73.927986
12201,40.556973,-73.91715
12202,40.55702,-73.925644
12203,40.558174,-73.91885
12204,40.558704,-73.910576
12205,40.70981,-73.84484
12206,40.704323,-73.83698
12207,40.6985,-73.851585
12208,40.698586,-73.85247
12209,40.705265,-73.83288
12210,40.7049,-73.83608
12211,40.69852,-73.84526
12212,40.700676,-73.83502
12213,40.70344,-73.8331
12214,40.70958,-73.85118
12215,40.70651,-73.85473
12216,40.70981,-73.84484
12217,40.704926,-73.83384
12218,40.70911,-73.84648
12219,40.706005,-73.85495
12220,40.70014,-73.85361
12221,40.70973,-73.844864
12222,40.699608,-73.85156
12223,40.70344,-73.8331
12224,40.707043,-73.83594
12225,40.705265,-73.83288
12226,40.69893,-73.84016
12227,40.70408,-73.83587
12228,40.70344,-73.8331
12229,40.704926,-73.83384
12230,40.6978,-73.839775
12231,40.705383,-73.83465
12232,40.705265,-73.83288
12233,40.70344,-73.8331
12234,40.705265,-73.83288
12235,40.704823,-73.8344
12236,40.699253,-73.852905
12237,40.699253,-73.852905
12238,40.70651,-73.85473
12239,40.70796,-73.83714
12240,40.708675,-73.845634
12241,40.697945,-73.83372
12242,40.706005,-73.85495
12243,40.66687,-73.85007
12244,40.66239,-73.84163
12245,40.655983,-73.846794
12246,40.667625,-73.84778
12247,40.665195,-73.848564
12248,40.65099,-73.84364
12249,40.666428,-73.84582
12250,40.651997,-73.84009
12251,40.668083,-73.84966
12252,40.65056,-73.839584
12253,40.661625,-73.84246
12254,40.6531,-73.83609
12255,40.667797,-73.84558
12256,40.667362,-73.84579
12257,40.66834,-73.84845
12258,40.666374,-73.84771
12259,40.657215,-73.84042
12260,40.662956,-73.852264
12261,40.66464,-73.84894
12262,40.66116,-73.84205
12263,40.667625,-73.84778
12264,40.667625,-73.84778
12265,40.667362,-73.84579
12266,40.650867,-73.83916
12267,40.658955,-73.852196
12268,40.664124,-73.85112
12269,40.661858,-73.854385
12270,40.66167,-73.855896
12271,40.66034,-73.850815
12272,40.66463,-73.84991
12273,40.669724,-73.847626
12274,40.667164,-73.87298
12275,40.667625,-73.84778
12276,40.665497,-73.84491
12277,40.658028,-73.851234
12278,40.657665,-73.87704
12279,40.667515,-73.84736
12280,40.900333,-73.9078
12281,40.90836,-73.904015
12282,40.904705,-73.90669
12283,40.90248,-73.90628
12284,40.906467,-73.89671
12285,40.91171,-73.90227
12286,40.912746,-73.90212
12287,40.91171,-73.902275
12288,40.91056,-73.90184
12289,40.906563,-73.90659
12290,40.91268,-73.90212
12291,40.912746,-73.90212
12292,40.906563,-73.90659
12293,40.908524,-73.90397
12294,40.906467,-73.89671
12295,40.90561,-73.9055
12296,40.906467,-73.89671
12297,40.909164,-73.9056
12298,40.904953,-73.90637
12299,40.905807,-73.90005
12300,40.90821,-73.905495
12301,40.90821,-73.905495
12302,40.906563,-73.90659
12303,40.90454,-73.900604
12304,40.902946,-73.89925
12305,40.90821,-73.905495
12306,40.905807,-73.90005
12307,40.903873,-73.89805
12308,40.909164,-73.9056
12309,40.904427,-73.90415
12310,40.90504,-73.89828
12311,40.90821,-73.905495
12312,40.906467,-73.89671
12313,40.906563,-73.90659
12314,40.909164,-73.9056
12315,40.909966,-73.89764
12316,40.90772,-73.897766
12317,40.90561,-73.9055
12318,40.90951,-73.90028
12319,40.906563,-73.90659
12320,40.902763,-73.908646
12321,40.855316,-73.78881
12322,40.855183,-73.829994
12323,40.855415,-73.82873
12324,40.849796,-73.8319
12325,40.854744,-73.789154
12326,40.855183,-73.829994
12327,40.84985,-73.78585
12328,40.8527,-73.82916
12329,40.8527,-73.82916
12330,40.855415,-73.82873
12331,40.912746,-73.90212
12332,40.90273,-73.90722
12333,40.906563,-73.90659
12334,40.910404,-73.89818
12335,40.902782,-73.90674
12336,40.909164,-73.9056
12337,40.904587,-73.89761
12338,40.90821,-73.905495
12339,40.906563,-73.90659
12340,40.905807,-73.90005
12341,40.90821,-73.905495
12342,40.909164,-73.9056
12343,40.906563,-73.90659
12344,40.90821,-73.905495
12345,40.909164,-73.9056
12346,40.90821,-73.905495
12347,40.912746,-73.90212
12348,40.906563,-73.90659
12349,40.90561,-73.9055
12350,40.909164,-73.9056
12351,40.906563,-73.90659
12352,40.90273,-73.90722
12353,40.908398,-73.89678
12354,40.91171,-73.90227
12355,40.90821,-73.905495
12356,40.909164,-73.9056
12357,40.908398,-73.89678
12358,40.90821,-73.905495
12359,40.91171,-73.90227
12360,40.905235,-73.90611
12361,40.90267,-73.90678
12362,40.909164,-73.9056
12363,40.90806,-73.89841
12364,40.906563,-73.90659
12365,40.909164,-73.9056
12366,40.90273,-73.90722
12367,40.906563,-73.90659
12368,40.902325,-73.88853
12369,40.90053,-73.90773
12370,40.90821,-73.905495
12371,40.584282,-73.817535
12372,40.576225,-73.84064
12373,40.596146,-73.79579
12374,40.597973,-73.8199
12375,40.57653,-73.86036
12376,40.579372,-73.85111
12377,40.589703,-73.80682
12378,40.580963,-73.84642
12379,40.604507,-73.82169
12380,40.5905,-73.79063
12381,40.571854,-73.859825
12382,40.595108,-73.79358
12383,40.582653,-73.82185
12384,40.586246,-73.81355
12385,40.589703,-73.80682
12386,40.589935,-73.81284
12387,40.57302,-73.86335
12388,40.60591,-73.82167
12389,40.603905,-73.820305
12390,40.59736,-73.797935
12391,40.590878,-73.80991
12392,40.589703,-73.80682
12393,40.582634,-73.82075
12394,40.582634,-73.82075
12395,40.59749,-73.79494
12396,40.583794,-73.81737
12397,40.57202,-73.85626
12398,40.584366,-73.81359
12399,40.596672,-73.79522
12400,40.583794,-73.81737
12401,40.841904,-73.85608
12402,40.84057,-73.85886
12403,40.838753,-73.86255
12404,40.84057,-73.85886
12405,40.837673,-73.86199
12406,40.84057,-73.85883
12407,40.84057,-73.85886
12408,40.83611,-73.85893
12409,40.83611,-73.85893
12410,40.836285,-73.862335
12411,40.839535,-73.86114
12412,40.83635,-73.85946
12413,40.82512,-73.85372
12414,40.83861,-73.85652
12415,40.84794,-73.866035
12416,40.84057,-73.85886
12417,40.840225,-73.85961
12418,40.84617,-73.83285
12419,40.840878,-73.86192
12420,40.84544,-73.846565
12421,40.837673,-73.86199
12422,40.839565,-73.85939
12423,40.839806,-73.85927
12424,40.838875,-73.85801
12425,40.839695,-73.86003
12426,40.839695,-73.86003
12427,40.84098,-73.84548
12428,40.847675,-73.854546
12429,40.840225,-73.85961
12430,40.837673,-73.86199
12431,40.840034,-73.85804
12432,40.834087,-73.8614
12433,40.83614,-73.85951
12434,40.837673,-73.86199
12435,40.83077,-73.86501
12436,40.82994,-73.8586
12437,40.84057,-73.85886
12438,40.841053,-73.852425
12439,40.83861,-73.85652
12440,40.84057,-73.85883
12441,40.846775,-73.85231
12442,40.83659,-73.84592
12443,40.845486,-73.855
12444,40.825985,-73.84727
12445,40.8411,-73.854034
12446,40.84057,-73.85886
12447,40.846344,-73.85416
12448,40.84763,-73.8341
12449,40.84057,-73.85886
12450,40.827328,-73.870804
12451,40.838753,-73.86255
12452,40.834087,-73.8614
12453,40.835968,-73.865326
12454,40.83015,-73.86253
12455,40.84057,-73.85886
12456,40.847176,-73.86612
12457,40.834087,-73.8614
12458,40.84057,-73.85886
12459,40.83861,-73.85652
12460,40.835968,-73.865326
12461,40.829872,-73.87918
12462,40.840034,-73.85804
12463,40.8411,-73.854034
12464,40.82553,-73.84512
12465,40.83601,-73.867256
12466,40.833294,-73.85025
12467,40.84057,-73.85886
12468,40.832207,-73.85263
12469,40.847282,-73.85641
12470,40.848503,-73.860245
12471,40.82535,-73.84862
12472,40.834087,-73.8614
12473,40.834248,-73.86049
12474,40.84057,-73.85886
12475,40.837353,-73.8585
12476,40.835716,-73.85598
12477,40.83601,-73.867256
12478,40.84038,-73.87004
12479,40.90591,-73.89669
12480,40.90585,-73.89819
12481,40.90857,-73.89693
12482,40.906563,-73.90659
12483,40.84057,-73.85886
12484,40.84057,-73.85886
12485,40.84057,-73.85886
12486,40.84057,-73.85886
12487,40.83861,-73.85652
12488,40.84057,-73.85886
12489,40.84057,-73.85886
12490,40.84617,-73.83285
12491,40.839878,-73.857994
12492,40.83611,-73.85893
12493,40.83861,-73.85652
12494,40.84057,-73.85886
12495,40.83861,-73.85652
12496,40.837513,-73.85499
12497,40.84057,-73.85886
12498,40.842327,-73.84722
12499,40.834396,-73.85917
12500,40.83611,-73.85893
12501,40.84057,-73.85886
12502,40.84057,-73.85886
12503,40.839966,-73.85941
12504,40.837673,-73.86199
12505,40.834087,-73.8614
12506,40.84057,-73.85886
12507,40.837673,-73.86199
12508,40.83611,-73.85893
12509,40.84076,-73.85817
12510,40.83861,-73.85652
12511,40.845238,-73.861145
12512,40.823692,-73.86112
12513,40.84242,-73.85148
12514,40.840054,-73.835526
12515,40.84125,-73.855606
12516,40.83861,-73.85652
12517,40.83611,-73.85893
12518,40.832066,-73.85971
12519,40.836708,-73.86502
12520,40.83302,-73.85097
12521,40.84057,-73.85886
12522,40.84239,-73.851654
12523,40.834087,-73.8614
12524,40.83611,-73.85893
12525,40.834988,-73.859085
12526,40.83409,-73.8614
12527,40.84109,-73.857414
12528,40.82424,-73.85088
12529,40.83819,-73.86118
12530,40.837673,-73.86199
12531,40.8411,-73.854034
12532,40.839535,-73.86114
12533,40.83861,-73.85652
12534,40.836704,-73.85622
12535,40.83861,-73.85652
12536,40.84057,-73.85886
12537,40.836723,-73.84722
12538,40.83971,-73.86175
12539,40.84057,-73.85886
12540,40.84705,-73.848625
12541,40.845856,-73.86032
12542,40.83292,-73.850746
12543,40.83861,-73.85652
12544,40.84617,-73.83285
12545,40.837673,-73.86199
12546,40.8411,-73.854034
12547,40.84606,-73.8574
12548,40.82862,-73.84955
12549,40.844982,-73.85089
12550,40.839535,-73.86114
12551,40.84057,-73.85886
12552,40.84057,-73.85886
12553,40.83861,-73.85652
12554,40.82715,-73.85718
12555,40.840343,-73.8591
12556,40.84562,-73.8329
12557,40.83861,-73.85652
12558,40.837673,-73.86199
12559,40.83559,-73.85659
12560,40.84057,-73.85886
12561,40.82542,-73.847885
12562,40.837673,-73.86199
12563,40.83984,-73.86165
12564,40.830532,-73.878006
12565,40.841793,-73.8567
12566,40.837254,-73.865234
12567,40.832066,-73.85971
12568,40.84057,-73.85886
12569,40.828667,-73.860214
12570,40.836708,-73.86502
12571,40.837254,-73.865234
12572,40.84057,-73.85886
12573,40.834534,-73.86068
12574,40.839535,-73.86114
12575,40.837254,-73.865234
12576,40.837254,-73.865234
12577,40.840225,-73.85961
12578,40.84234,-73.86579
12579,40.835968,-73.865326
12580,40.840187,-73.86284
12581,40.83861,-73.85652
12582,40.84057,-73.85886
12583,40.84585,-73.8604
12584,40.837254,-73.865234
12585,40.83635,-73.85946
12586,40.828228,-73.849304
12587,40.837673,-73.86199
12588,40.83861,-73.85652
12589,40.84057,-73.85886
12590,40.84076,-73.85817
12591,40.83993,-73.85944
12592,40.840878,-73.86192
12593,40.846264,-73.86393
12594,40.84057,-73.85886
12595,40.839695,-73.86003
12596,40.84057,-73.85886
12597,40.83611,-73.85893
12598,40.83611,-73.85893
12599,40.83861,-73.85652
12600,40.843533,-73.86976
12601,40.907646,-73.9017
12602,40.909164,-73.9056
12603,40.90821,-73.905495
12604,40.909164,-73.9056
12605,40.90267,-73.90678
12606,40.90312,-73.90036
12607,40.90341,-73.900536
12608,40.908512,-73.89828
12609,40.908398,-73.89678
12610,40.908398,-73.89678
12611,40.90312,-73.90036
12612,40.91171,-73.90227
12613,40.905308,-73.90648
12614,40.902325,-73.88853
12615,40.91171,-73.90227
12616,40.90312,-73.90036
12617,40.90273,-73.90722
12618,40.90492,-73.90609
12619,40.902325,-73.88853
12620,40.90341,-73.900536
12621,40.909164,-73.9056
12622,40.90821,-73.905495
12623,40.90969,-73.90207
12624,40.909164,-73.9056
12625,40.902325,-73.88853
12626,40.90312,-73.90036
12627,40.90341,-73.900536
12628,40.90821,-73.905495
12629,40.904697,-73.89861
12630,40.906467,-73.89671
12631,40.904816,-73.90579
12632,40.90312,-73.90036
12633,40.90341,-73.900536
12634,40.906563,-73.90659
12635,40.906563,-73.90659
12636,40.906563,-73.90659
12637,40.906563,-73.90659
12638,40.909164,-73.9056
12639,40.90657,-73.896866
12640,40.8385,-73.86268
12641,40.837353,-73.8585
12642,40.83861,-73.85652
12643,40.84057,-73.85886
12644,40.83775,-73.83712
12645,40.8385,-73.86268
12646,40.83861,-73.85652
12647,40.837254,-73.865234
12648,40.83611,-73.85893
12649,40.84057,-73.85886
12650,40.8411,-73.854034
12651,40.837254,-73.865234
12652,40.837254,-73.865234
12653,40.847183,-73.8559
12654,40.841095,-73.85922
12655,40.848038,-73.83534
12656,40.82785,-73.85207
12657,40.84057,-73.85886
12658,40.83861,-73.85652
12659,40.838608,-73.8565
12660,40.84057,-73.85886
12661,40.84018,-73.84979
12662,40.831184,-73.85827
12663,40.83498,-73.85896
12664,40.832066,-73.85971
12665,40.8408,-73.85497
12666,40.829597,-73.86326
12667,40.835976,-73.86145
12668,40.843018,-73.867584
12669,40.832066,-73.85971
12670,40.845146,-73.86762
12671,40.837673,-73.86199
12672,40.8371,-73.8618
12673,40.83861,-73.85652
12674,40.83861,-73.85652
12675,40.837673,-73.86199
12676,40.837673,-73.86199
12677,40.840034,-73.85804
12678,40.838924,-73.83697
12679,40.832066,-73.85971
12680,40.824047,-73.85293
12681,40.84057,-73.85886
12682,40.84057,-73.85886
12683,40.83861,-73.85652
12684,40.83861,-73.85652
12685,40.84088,-73.85725
12686,40.839695,-73.86003
12687,40.83861,-73.85652
12688,40.84057,-73.85886
12689,40.844574,-73.853195
12690,40.834087,-73.8614
12691,40.843586,-73.851295
12692,40.83611,-73.85893
12693,40.841076,-73.85145
12694,40.835606,-73.84839
12695,40.839966,-73.85941
12696,40.836914,-73.85122
12697,40.834824,-73.86065
12698,40.83928,-73.833855
12699,40.84109,-73.857414
12700,40.82539,-73.84835
12701,40.838615,-73.83445
12702,40.83611,-73.85893
12703,40.83861,-73.85652
12704,40.834534,-73.86068
12705,40.835968,-73.865326
12706,40.845222,-73.84661
12707,40.847927,-73.84659
12708,40.839695,-73.86003
12709,40.83649,-73.86537
12710,40.83362,-73.87228
12711,40.833286,-73.84782
12712,40.837673,-73.86199
12713,40.83861,-73.85652
12714,40.828056,-73.8539
12715,40.832966,-73.84791
12716,40.837673,-73.86199
12717,40.84191,-73.8562
12718,40.83611,-73.85893
12719,40.87353,-73.846275
12720,40.85533,-73.86638
12721,40.86839,-73.86262
12722,40.853138,-73.863625
12723,40.851612,-73.86521
12724,40.860268,-73.869804
12725,40.86839,-73.86262
12726,40.86758,-73.86276
12727,40.87219,-73.83571
12728,40.864822,-73.862854
12729,40.87246,-73.84772
12730,40.868504,-73.854385
12731,40.869724,-73.86013
12732,40.86106,-73.86992
12733,40.85912,-73.84861
12734,40.85507,-73.85858
12735,40.852264,-73.86511
12736,40.86453,-73.85654
12737,40.85616,-73.86937
12738,40.86544,-73.84196
12739,40.87271,-73.86918
12740,40.86509,-73.85144
12741,40.866547,-73.85314
12742,40.848835,-73.86116
12743,40.85034,-73.856186
12744,40.851547,-73.856026
12745,40.873665,-73.86895
12746,40.858433,-73.87054
12747,40.86106,-73.86992
12748,40.86363,-73.84014
12749,40.862564,-73.84511
12750,40.85616,-73.86937
12751,40.85351,-73.865005
12752,40.868668,-73.83556
12753,40.856094,-73.86898
12754,40.86257,-73.845245
12755,40.858433,-73.87054
12756,40.86106,-73.86992
12757,40.86106,-73.86992
12758,40.84057,-73.85886
12759,40.834087,-73.8614
12760,40.83861,-73.85652
12761,40.84057,-73.85883
12762,40.84057,-73.85886
12763,40.82918,-73.83269
12764,40.83861,-73.85652
12765,40.83861,-73.85652
12766,40.837017,-73.83444
12767,40.846355,-73.86489
12768,40.834534,-73.86068
12769,40.840973,-73.84563
12770,40.836292,-73.856064
12771,40.834248,-73.86049
12772,40.84109,-73.857414
12773,40.83611,-73.85893
12774,40.83861,-73.85652
12775,40.840343,-73.8591
12776,40.842213,-73.866005
12777,40.84057,-73.85886
12778,40.837673,-73.86199
12779,40.83611,-73.85893
12780,40.827347,-73.87764
12781,40.83861,-73.85652
12782,40.844864,-73.85082
12783,40.8361,-73.857346
12784,40.824177,-73.84975
12785,40.83861,-73.85652
12786,40.836918,-73.857056
12787,40.83611,-73.85893
12788,40.839058,-73.86007
12789,40.838753,-73.86255
12790,40.83709,-73.86047
12791,40.84623,-73.86003
12792,40.837997,-73.85883
12793,40.84057,-73.85886
12794,40.84057,-73.85886
12795,40.83861,-73.85652
12796,40.83984,-73.86165
12797,40.840225,-73.85961
12798,40.839687,-73.85985
12799,40.83478,-73.8604
12800,40.84071,-73.8582
12801,40.84859,-73.8481
12802,40.83861,-73.85652
12803,40.84057,-73.85886
12804,40.84057,-73.85883
12805,40.83819,-73.86118
12806,40.8411,-73.854034
12807,40.84057,-73.85886
12808,40.84057,-73.85886
12809,40.84057,-73.85886
12810,40.841904,-73.85608
12811,40.824062,-73.84573
12812,40.83611,-73.85893
12813,40.83861,-73.85652
12814,40.837673,-73.86199
12815,40.83611,-73.85893
12816,40.83861,-73.85652
12817,40.83993,-73.85944
12818,40.847794,-73.8468
12819,40.835133,-73.85817
12820,40.84057,-73.85886
12821,40.832066,-73.85971
12822,40.839058,-73.86007
12823,40.845226,-73.85548
12824,40.83969,-73.85837
12825,40.840973,-73.84563
12826,40.83611,-73.85893
12827,40.84088,-73.85725
12828,40.844513,-73.86801
12829,40.83984,-73.86165
12830,40.843327,-73.84473
12831,40.82633,-73.85006
12832,40.83861,-73.85652
12833,40.84076,-73.85817
12834,40.84057,-73.85886
12835,40.83861,-73.85652
12836,40.84057,-73.85886
12837,40.83022,-73.86186
12838,40.83611,-73.85893
12839,40.83611,-73.85893
12840,40.83861,-73.85652
12841,40.84057,-73.85886
12842,40.845,-73.85747
12843,40.834087,-73.8614
12844,40.8411,-73.854034
12845,40.84396,-73.869286
12846,40.84331,-73.86873
12847,40.84057,-73.85886
12848,40.835865,-73.85176
12849,40.834534,-73.86068
12850,40.837673,-73.86199
12851,40.837673,-73.86199
12852,40.83861,-73.85652
12853,40.838108,-73.85231
12854,40.84529,-73.86445
12855,40.84057,-73.85886
12856,40.84057,-73.85886
12857,40.844196,-73.834946
12858,40.832363,-73.854996
12859,40.837673,-73.86199
12860,40.829514,-73.85611
12861,40.836292,-73.856064
12862,40.83861,-73.85652
12863,40.841103,-73.854034
12864,40.832912,-73.850945
12865,40.840034,-73.85804
12866,40.83611,-73.85893
12867,40.83587,-73.851746
12868,40.84057,-73.85886
12869,40.835712,-73.85033
12870,40.837673,-73.86199
12871,40.84057,-73.85886
12872,40.839817,-73.83274
12873,40.832947,-73.85066
12874,40.837673,-73.86199
12875,40.836918,-73.857056
12876,40.83611,-73.85893
12877,40.834087,-73.8614
12878,40.84057,-73.85883
12879,40.841908,-73.83312
12880,40.84076,-73.85817
12881,40.840973,-73.84563
12882,40.58653,-73.92399
12883,40.588436,-73.92484
12884,40.58653,-73.92399
12885,40.587936,-73.92509
12886,40.590843,-73.9262
12887,40.589684,-73.92372
12888,40.589798,-73.92489
12889,40.586002,-73.92484
12890,40.58814,-73.92128
12891,40.58795,-73.92569
12892,40.58907,-73.92512
12893,40.59015,-73.923
12894,40.592583,-73.925446
12895,40.592136,-73.92469
12896,40.587166,-73.92444
12897,40.58891,-73.92452
12898,40.58785,-73.922195
12899,40.590527,-73.92295
12900,40.59244,-73.92632
12901,40.588146,-73.9215
12902,40.59135,-73.92542
12903,40.58817,-73.925354
12904,40.5891,-73.92391
12905,40.593006,-73.92591
12906,40.593006,-73.92591
12907,40.587036,-73.92561
12908,40.586266,-73.922134
12909,40.59031,-73.92616
12910,40.586845,-73.918785
12911,40.58759,-73.92415
12912,40.586212,-73.92263
12913,40.58947,-73.92275
12914,40.860268,-73.869804
12915,40.85335,-73.86551
12916,40.86426,-73.841034
12917,40.86599,-73.865105
12918,40.86839,-73.86262
12919,40.851616,-73.85873
12920,40.85335,-73.86551
12921,40.861984,-73.85423
12922,40.85335,-73.86551
12923,40.863262,-73.84751
12924,40.873592,-73.85776
12925,40.861168,-73.84693
12926,40.866467,-73.85258
12927,40.857796,-73.870674
12928,40.8491,-73.84784
12929,40.866512,-73.8561
12930,40.8553,-73.86938
12931,40.857796,-73.870674
12932,40.869743,-73.85533
12933,40.857796,-73.870674
12934,40.853443,-73.86549
12935,40.860268,-73.869804
12936,40.862396,-73.84846
12937,40.863525,-73.84051
12938,40.86217,-73.83455
12939,40.86615,-73.855034
12940,40.865314,-73.837265
12941,40.855797,-73.86636
12942,40.855797,-73.86636
12943,40.853394,-73.84855
12944,40.86004,-73.851616
12945,40.858433,-73.87054
12946,40.860268,-73.869804
12947,40.86057,-73.84245
12948,40.863255,-73.84051
12949,40.868565,-73.86295
12950,40.852966,-73.84979
12951,40.86492,-73.84881
12952,40.86106,-73.86992
12953,40.87337,-73.850876
12954,40.678963,-73.87132
12955,40.69285,-73.854515
12956,40.68599,-73.86073
12957,40.673565,-73.84051
12958,40.686638,-73.870255
12959,40.673702,-73.83975
12960,40.683567,-73.86662
12961,40.681396,-73.83959
12962,40.68014,-73.835045
12963,40.696426,-73.849556
12964,40.673855,-73.849304
12965,40.69162,-73.85159
12966,40.68677,-73.86692
12967,40.681145,-73.85905
12968,40.673813,-73.8493
12969,40.685482,-73.845436
12970,40.67765,-73.852234
12971,40.69377,-73.857025
12972,40.6857,-73.861565
12973,40.687843,-73.851654
12974,40.69259,-73.83715
12975,40.690945,-73.86017
12976,40.68851,-73.85473
12977,40.683273,-73.86278
12978,40.676777,-73.858864
12979,40.69083,-73.83309
12980,40.67685,-73.8745
12981,40.68815,-73.85181
12982,40.689568,-73.85997
12983,40.67908,-73.850266
12984,40.67414,-73.85004
12985,40.691685,-73.851776
12986,40.691326,-73.855034
12987,40.6771,-73.84804
12988,40.687206,-73.8372
12989,40.692364,-73.85541
12990,40.679752,-73.862495
12991,40.869102,-73.85639
12992,40.84952,-73.85449
12993,40.869102,-73.85639
12994,40.85274,-73.848366
12995,40.85335,-73.86551
12996,40.873596,-73.862595
12997,40.860268,-73.869804
12998,40.863495,-73.85996
12999,40.869156,-73.856026
13000,40.868587,-73.84033
13001,40.865925,-73.846504
13002,40.855663,-73.86318
13003,40.850822,-73.852615
13004,40.864605,-73.84655
13005,40.85351,-73.865005
13006,40.853138,-73.863625
13007,40.869484,-73.86577
13008,40.871086,-73.84918
13009,40.86106,-73.86992
13010,40.866665,-73.85314
13011,40.854877,-73.86926
13012,40.86839,-73.86262
13013,40.858433,-73.87054
13014,40.864395,-73.84562
13015,40.850697,-73.8345
13016,40.864952,-73.86086
13017,40.86486,-73.8509
13018,40.866543,-73.85126
13019,40.873093,-73.83673
13020,40.854877,-73.86926
13021,40.86745,-73.85621
13022,40.867577,-73.83695
13023,40.85275,-73.867035
13024,40.86473,-73.85262
13025,40.85533,-73.86638
13026,40.853397,-73.86532
13027,40.85533,-73.86638
13028,40.8635,-73.85267
13029,40.8679,-73.836525
13030,40.859234,-73.86907
13031,40.86537,-73.84046
13032,40.866158,-73.84554
13033,40.859234,-73.86907
13034,40.865925,-73.865105
13035,40.861156,-73.844
13036,40.87287,-73.85965
13037,40.85858,-73.836
13038,40.859592,-73.83463
13039,40.85928,-73.8337
13040,40.866978,-73.841324
13041,40.85616,-73.86937
13042,40.862103,-73.85715
13043,40.86336,-73.85324
13044,40.85402,-73.85015
13045,40.856316,-73.86598
13046,40.859234,-73.86907
13047,40.86493,-73.85226
13048,40.85275,-73.867035
13049,40.865158,-73.854
13050,40.85216,-73.849785
13051,40.855274,-73.85608
13052,40.864254,-73.854515
13053,40.85141,-73.85307
13054,40.86793,-73.85611
13055,40.85616,-73.86937
13056,40.854965,-73.85794
13057,40.873264,-73.83621
13058,40.870827,-73.8475
13059,40.87352,-73.85812
13060,40.86568,-73.85426
13061,40.86106,-73.86992
13062,40.857796,-73.870674
13063,40.86106,-73.86992
13064,40.856094,-73.86898
13065,40.85616,-73.86937
13066,40.867226,-73.85739
13067,40.85344,-73.84849
13068,40.870724,-73.8627
13069,40.85616,-73.86937
13070,40.8602,-73.86528
13071,40.86303,-73.84052
13072,40.85134,-73.85432
13073,40.861305,-73.84702
13074,40.85533,-73.86638
13075,40.864784,-73.84104
13076,40.873524,-73.85776
13077,40.86881,-73.84968
13078,40.871807,-73.83753
13079,40.872547,-73.8386
13080,40.86907,-73.83575
13081,40.863934,-73.84846
13082,40.862072,-73.84699
13083,40.862446,-73.839325
13084,40.866573,-73.846855
13085,40.86907,-73.83575
13086,40.858795,-73.84066
13087,40.852276,-73.865616
13088,40.854565,-73.84961
13089,40.861065,-73.8425
13090,40.86783,-73.85127
13091,40.872543,-73.83683
13092,40.864193,-73.86791
13093,40.860268,-73.869804
13094,40.85351,-73.865005
13095,40.853443,-73.86549
13096,40.860607,-73.83554
13097,40.868286,-73.86324
13098,40.864193,-73.86791
13099,40.855663,-73.86318
13100,40.857796,-73.870674
13101,40.859234,-73.86907
13102,40.87326,-73.85711
13103,40.854877,-73.86926
13104,40.859234,-73.86907
13105,40.852238,-73.83346
13106,40.855663,-73.86318
13107,40.85536,-73.84195
13108,40.850082,-73.86141
13109,40.869606,-73.83927
13110,40.868565,-73.86295
13111,40.85822,-73.839745
13112,40.885754,-73.913956
13113,40.87845,-73.91858
13114,40.882572,-73.91713
13115,40.88908,-73.90329
13116,40.87964,-73.92039
13117,40.876717,-73.90012
13118,40.883003,-73.91113
13119,40.87908,-73.91845
13120,40.87845,-73.91858
13121,40.667606,-73.760826
13122,40.65993,-73.73843
13123,40.665066,-73.761375
13124,40.65814,-73.73016
13125,40.671856,-73.72882
13126,40.66969,-73.76877
13127,40.669647,-73.76879
13128,40.65781,-73.74504
13129,40.66295,-73.78035
13130,40.66501,-73.7614
13131,40.654705,-73.7423
13132,40.6706,-73.77202
13133,40.66959,-73.74054
13134,40.667492,-73.759995
13135,40.670937,-73.75976
13136,40.663242,-73.76779
13137,40.656166,-73.74631
13138,40.662685,-73.74771
13139,40.66416,-73.75012
13140,40.65741,-73.75238
13141,40.664986,-73.77277
13142,40.654713,-73.74385
13143,40.66867,-73.76434
13144,40.65592,-73.74377
13145,40.67026,-73.74062
13146,40.670273,-73.772224
13147,40.670773,-73.77992
13148,40.635517,-73.74139
13149,40.656578,-73.74381
13150,40.670593,-73.74063
13151,40.663963,-73.77237
13152,40.663765,-73.756035
13153,40.661407,-73.73381
13154,40.67126,-73.74126
13155,40.66742,-73.7473
13156,40.670124,-73.75482
13157,40.67035,-73.76297
13158,40.660553,-73.74171
13159,40.662155,-73.76529
13160,40.66778,-73.76694
13161,40.669308,-73.74976
13162,40.663982,-73.72899
13163,40.659954,-73.74753
13164,40.671818,-73.773285
13165,40.66426,-73.75449
13166,40.670616,-73.760735
13167,40.66137,-73.77016
13168,40.662548,-73.766716
13169,40.658905,-73.72904
13170,40.670807,-73.76675
13171,40.67035,-73.76297
13172,40.668392,-73.764626
13173,40.65812,-73.73566
13174,40.668774,-73.74497
13175,40.66929,-73.77566
13176,40.668335,-73.775536
13177,40.660934,-73.734726
13178,40.663982,-73.72883
13179,40.66997,-73.77153
13180,40.669033,-73.748375
13181,40.67034,-73.76417
13182,40.659145,-73.72654
13183,40.6551,-73.733154
13184,40.67078,-73.78223
13185,40.668102,-73.77647
13186,40.67078,-73.78223
13187,40.671776,-73.77811
13188,40.661,-73.73299
13189,40.861774,-73.855545
13190,40.86422,-73.84786
13191,40.85616,-73.86937
13192,40.851456,-73.8492
13193,40.861206,-73.8468
13194,40.86411,-73.837654
13195,40.866344,-73.86566
13196,40.86594,-73.84405
13197,40.867226,-73.85739
13198,40.859364,-73.847084
13199,40.854607,-73.85061
13200,40.85351,-73.865005
13201,40.864193,-73.86791
13202,40.864193,-73.86791
13203,40.856316,-73.86598
13204,40.856316,-73.86598
13205,40.8689,-73.86506
13206,40.855347,-73.85489
13207,40.86036,-73.84763
13208,40.851597,-73.86526
13209,40.86483,-73.84303
13210,40.861576,-73.83869
13211,40.84907,-73.84892
13212,40.864384,-73.84047
13213,40.869057,-73.84055
13214,40.855663,-73.86318
13215,40.860268,-73.869804
13216,40.860268,-73.869804
13217,40.852226,-73.865105
13218,40.86425,-73.84142
13219,40.869812,-73.84767
13220,40.854877,-73.86926
13221,40.85646,-73.8612
13222,40.862583,-73.86332
13223,40.854877,-73.86926
13224,40.86988,-73.86214
13225,40.85335,-73.851006
13226,40.664845,-73.78001
13227,40.66225,-73.756454
13228,40.66866,-73.729416
13229,40.670605,-73.7346
13230,40.667316,-73.73442
13231,40.65646,-73.74092
13232,40.652393,-73.73032
13233,40.670326,-73.76406
13234,40.668686,-73.76974
13235,40.66282,-73.73112
13236,40.664043,-73.74576
13237,40.67074,-73.76674
13238,40.669926,-73.7516
13239,40.662178,-73.74591
13240,40.661144,-73.738716
13241,40.66372,-73.77977
13242,40.671097,-73.744576
13243,40.657738,-73.74994
13244,40.667027,-73.737076
13245,40.66995,-73.73896
13246,40.661148,-73.741196
13247,40.667747,-73.745575
13248,40.66685,-73.72948
13249,40.663143,-73.763756
13250,40.669086,-73.75962
13251,40.668667,-73.749374
13252,40.657207,-73.7525
13253,40.653286,-73.74591
13254,40.65812,-73.72943
13255,40.66955,-73.74771
13256,40.6505,-73.736855
13257,40.671093,-73.78234
13258,40.66827,-73.7288
13259,40.668625,-73.76165
13260,40.667744,-73.75009
13261,40.65338,-73.72668
13262,40.669216,-73.75519
13263,40.65401,-73.74424
13264,40.67197,-73.74724
13265,40.668987,-73.768585
13266,40.671707,-73.73109
13267,40.669365,-73.73325
13268,40.66808,-73.78003
13269,40.659393,-73.73851
13270,40.666653,-73.77796
13271,40.654022,-73.747574
13272,40.67004,-73.73815
13273,40.664692,-73.77695
13274,40.6703,-73.73355
13275,40.657276,-73.73728
13276,40.66254,-73.75927
13277,40.67061,-73.74488
13278,40.670864,-73.75418
13279,40.660904,-73.75832
13280,40.669903,-73.76401
13281,40.66768,-73.733185
13282,40.664295,-73.73899
13283,40.669495,-73.74774
13284,40.66943,-73.77386
13285,40.66985,-73.771164
13286,40.65142,-73.731155
13287,40.67155,-73.78049
13288,40.65329,-73.74531
13289,40.664986,-73.73331
13290,40.667336,-73.75466
13291,40.664207,-73.780876
13292,40.661015,-73.75724
13293,40.669357,-73.7562
13294,40.66782,-73.768196
13295,40.66159,-73.75022
13296,40.668556,-73.730606
13297,40.667744,-73.75009
13298,40.655956,-73.7406
13299,40.667805,-73.762115
13300,40.66908,-73.7395
13301,40.659897,-73.72874
13302,40.66927,-73.732285
13303,40.671207,-73.738495
13304,40.66867,-73.74681
13305,40.655773,-73.732735
13306,40.663033,-73.739876
13307,40.670803,-73.730385
13308,40.662247,-73.75523
13309,40.658134,-73.73002
13310,40.669266,-73.771225
13311,40.66909,-73.76703
13312,40.636345,-73.7415
13313,40.662704,-73.74636
13314,40.65364,-73.74716
13315,40.65003,-73.73588
13316,40.667667,-73.75532
13317,40.657555,-73.732895
13318,40.669468,-73.776024
13319,40.669437,-73.76666
13320,40.670074,-73.738884
13321,40.664505,-73.7747
13322,40.670033,-73.746086
13323,40.66337,-73.738754
13324,40.667747,-73.74169
13325,40.667828,-73.748116
13326,40.66473,-73.7697
13327,40.63538,-73.74228
13328,40.669197,-73.76791
13329,40.668613,-73.77684
13330,40.66941,-73.75571
13331,40.66756,-73.7353
13332,40.65666,-73.74056
13333,40.661934,-73.77067
13334,40.663906,-73.780045
13335,40.658287,-73.736565
13336,40.669933,-73.76425
13337,40.66834,-73.7768
13338,40.66719,-73.73702
13339,40.66729,-73.763626
13340,40.663452,-73.75786
13341,40.656666,-73.740776
13342,40.669033,-73.75963
13343,40.652515,-73.741
13344,40.670666,-73.76762
13345,40.66503,-73.76213
13346,40.65444,-73.73726
13347,40.668427,-73.75294
13348,40.67129,-73.73421
13349,40.670666,-73.76762
13350,40.655476,-73.74653
13351,40.665005,-73.779884
13352,40.65814,-73.74
13353,40.65401,-73.744194
13354,40.666744,-73.73508
13355,40.659973,-73.738205
13356,40.66999,-73.767006
13357,40.666744,-73.73508
13358,40.664944,-73.779274
13359,40.65401,-73.744194
13360,40.6715,-73.76808
13361,40.662476,-73.74047
13362,40.656555,-73.7376
13363,40.652817,-73.72752
13364,40.66805,-73.74641
13365,40.661407,-73.73381
13366,40.651608,-73.73722
13367,40.671097,-73.74136
13368,40.65673,-73.73607
13369,40.664314,-73.77975
13370,40.66845,-73.77
13371,40.668083,-73.72852
13372,40.66,-73.73859
13373,40.67079,-73.73553
13374,40.659878,-73.73971
13375,40.656685,-73.73187
13376,40.66953,-73.74235
13377,40.659935,-73.74218
13378,40.66212,-73.75751
13379,40.6707,-73.73523
13380,40.663036,-73.772316
13381,40.66804,-73.74592
13382,40.66839,-73.75296
13383,40.66803,-73.74636
13384,40.665737,-73.77717
13385,40.668007,-73.72931
13386,40.668427,-73.76476
13387,40.66261,-73.73891
13388,40.654495,-73.73887
13389,40.659184,-73.75228
13390,40.652905,-73.73107
13391,40.669018,-73.72965
13392,40.65516,-73.73542
13393,40.666027,-73.77748
13394,40.655174,-73.72757
13395,40.663822,-73.77969
13396,40.663647,-73.7813
13397,40.703537,-73.7523
13398,40.69909,-73.76059
13399,40.70328,-73.747345
13400,40.716827,-73.74512
13401,40.711945,-73.77825
13402,40.70617,-73.76959
13403,40.704712,-73.74397
13404,40.71159,-73.775314
13405,40.69836,-73.77826
13406,40.699085,-73.76582
13407,40.709312,-73.76718
13408,40.70921,-73.753975
13409,40.711704,-73.742355
13410,40.708374,-73.744354
13411,40.721638,-73.76074
13412,40.708694,-73.75769
13413,40.71298,-73.74129
13414,40.717052,-73.7565
13415,40.710808,-73.75838
13416,40.71979,-73.75198
13417,40.705677,-73.73929
13418,40.705727,-73.74693
13419,40.71858,-73.76199
13420,40.648922,-73.94408
13421,40.650135,-73.93824
13422,40.661545,-73.95964
13423,40.658546,-73.949554
13424,40.651886,-73.93293
13425,40.650146,-73.94787
13426,40.662285,-73.92959
13427,40.668736,-73.95135
13428,40.65361,-73.9733
13429,40.661053,-73.93922
13430,40.65953,-73.95195
13431,40.64996,-73.95274
13432,40.669785,-73.97302
13433,40.669483,-73.92976
13434,40.66103,-73.95558
13435,40.65247,-73.95803
13436,40.656384,-73.95775
13437,40.656384,-73.95775
13438,40.648865,-73.94496
13439,40.659138,-73.94756
13440,40.667244,-73.941
13441,40.664223,-73.95477
13442,40.664692,-73.949196
13443,40.65401,-73.74413
13444,40.66265,-73.7582
13445,40.66318,-73.771904
13446,40.661922,-73.76349
13447,40.66571,-73.77823
13448,40.670696,-73.76615
13449,40.665028,-73.77663
13450,40.65755,-73.732895
13451,40.65487,-73.74697
13452,40.660667,-73.75647
13453,40.66771,-73.73146
13454,40.669212,-73.74792
13455,40.661564,-73.7589
13456,40.6681,-73.78389
13457,40.671394,-73.76668
13458,40.669144,-73.76248
13459,40.671528,-73.746796
13460,40.6581,-73.7376
13461,40.67075,-73.76168
13462,40.6529,-73.73087
13463,40.66437,-73.751015
13464,40.669266,-73.775116
13465,40.667797,-73.73069
13466,40.659164,-73.75016
13467,40.660854,-73.74053
13468,40.66326,-73.75468
13469,40.658447,-73.757904
13470,40.669308,-73.75508
13471,40.661835,-73.76353
13472,40.66342,-73.766884
13473,40.6666,-73.730865
13474,40.65444,-73.73727
13475,40.66886,-73.77134
13476,40.670834,-73.75013
13477,40.66793,-73.74334
13478,40.594242,-73.76328
13479,40.59439,-73.774345
13480,40.609596,-73.7446
13481,40.60308,-73.74921
13482,40.609596,-73.7446
13483,40.598495,-73.7391
13484,40.597027,-73.76042
13485,40.597046,-73.7603
13486,40.60428,-73.74782
13487,40.604313,-73.74758
13488,40.593113,-73.78356
13489,40.60785,-73.76728
13490,40.605362,-73.75796
13491,40.605362,-73.75796
13492,40.61063,-73.74769
13493,40.59534,-73.763145
13494,40.6001,-73.738556
13495,40.60486,-73.7578
13496,40.59468,-73.75984
13497,40.608353,-73.75992
13498,40.599426,-73.760345
13499,40.60848,-73.75755
13500,40.607,-73.76468
13501,40.59827,-73.759995
13502,40.60655,-73.75357
13503,40.611504,-73.765976
13504,40.602695,-73.75483
13505,40.594364,-73.772224
13506,40.604267,-73.74801
13507,40.59923,-73.7516
13508,40.596447,-73.770096
13509,40.59644,-73.73902
13510,40.594704,-73.77619
13511,40.598324,-73.74348
13512,40.613056,-73.76636
13513,40.60566,-73.74336
13514,40.605297,-73.76901
13515,40.598724,-73.7504
13516,40.59971,-73.76082
13517,40.59998,-73.74136
13518,40.598175,-73.75887
13519,40.60188,-73.75976
13520,40.595524,-73.75939
13521,40.595795,-73.74949
13522,40.59385,-73.76384
13523,40.59893,-73.76028
13524,40.608063,-73.7434
13525,40.59947,-73.74828
13526,40.596554,-73.76808
13527,40.604267,-73.74801
13528,40.597755,-73.762184
13529,40.60188,-73.75886
13530,40.59488,-73.77274
13531,40.602318,-73.76137
13532,40.605446,-73.75834
13533,40.59569,-73.74016
13534,40.595753,-73.74018
13535,40.609596,-73.7446
13536,40.60486,-73.7578
13537,40.604267,-73.74801
13538,40.607998,-73.74577
13539,40.609596,-73.7446
13540,40.609596,-73.7446
13541,40.59538,-73.74007
13542,40.609295,-73.748856
13543,40.603573,-73.74255
13544,40.595825,-73.74345
13545,40.603535,-73.76932
13546,40.60428,-73.74782
13547,40.598312,-73.74591
13548,40.595463,-73.74935
13549,40.595825,-73.74345
13550,40.595894,-73.7606
13551,40.60602,-73.7652
13552,40.59331,-73.75799
13553,40.597927,-73.75506
13554,40.60265,-73.76011
13555,40.62438,-73.94424
13556,40.636646,-73.96014
13557,40.63271,-73.94846
13558,40.64006,-73.95101
13559,40.630707,-73.94403
13560,40.64122,-73.96282
13561,40.64006,-73.95101
13562,40.636227,-73.938705
13563,40.633698,-73.9527
13564,40.634197,-73.951744
13565,40.63504,-73.95024
13566,40.635006,-73.9437
13567,40.632618,-73.9644
13568,40.635796,-73.960655
13569,40.64425,-73.94915
13570,40.6386,-73.97023
13571,40.641354,-73.95114
13572,40.626205,-73.946045
13573,40.622246,-73.931786
13574,40.64618,-73.95128
13575,40.63594,-73.95987
13576,40.628384,-73.97205
13577,40.64435,-73.9486
13578,40.64299,-73.95682
13579,40.63444,-73.95112
13580,40.709846,-73.73365
13581,40.72029,-73.73049
13582,40.70771,-73.73667
13583,40.708706,-73.72911
13584,40.70167,-73.73134
13585,40.703053,-73.72867
13586,40.720158,-73.73144
13587,40.70758,-73.735176
13588,40.703205,-73.73531
13589,40.701107,-73.72899
13590,40.698685,-73.73829
13591,40.718433,-73.73624
13592,40.699677,-73.73269
13593,40.7207,-73.73464
13594,40.714474,-73.73458
13595,40.703556,-73.737366
13596,40.722183,-73.73378
13597,40.714375,-73.73742
13598,40.70168,-73.73158
13599,40.71043,-73.73362
13600,40.702602,-73.73858
13601,40.70313,-73.7314
13602,40.70159,-73.72871
13603,40.713406,-73.73676
13604,40.704308,-73.72933
13605,40.714878,-73.73048
13606,40.70265,-73.73263
13607,40.7066,-73.7316
13608,40.704296,-73.72898
13609,40.706924,-73.730705
13610,40.71571,-73.7367
13611,40.704296,-73.72898
13612,40.720627,-73.72973
13613,40.700493,-73.737366
13614,40.542694,-74.17593
13615,40.546574,-74.21345
13616,40.585045,-74.16188
13617,40.520966,-74.211044
13618,40.550858,-74.19251
13619,40.539867,-74.210785
13620,40.530533,-74.18926
13621,40.82993,-73.9495
13622,40.827747,-73.9509
13623,40.835316,-73.9465
13624,40.83462,-73.94727
13625,40.828995,-73.94728
13626,40.824066,-73.94443
13627,40.826015,-73.938515
13628,40.832684,-73.94413
13629,40.847736,-73.94008
13630,40.823437,-73.94258
13631,40.83244,-73.94259
13632,40.829453,-73.94721
13633,40.84513,-73.93964
13634,40.841633,-73.93896
13635,40.823437,-73.94258
13636,40.82881,-73.94762
13637,40.824066,-73.94443
13638,40.83562,-73.94219
13639,40.83205,-73.949036
13640,40.835533,-73.94488
13641,40.847736,-73.94008
13642,40.82831,-73.949524
13643,40.83479,-73.94331
13644,40.826485,-73.94016
13645,40.82423,-73.9479
13646,40.829067,-73.9494
13647,40.83479,-73.94331
13648,40.830456,-73.9457
13649,40.829067,-73.9494
13650,40.847736,-73.94008
13651,40.83104,-73.94658
13652,40.82528,-73.94621
13653,40.831474,-73.947365
13654,40.83682,-73.9466
13655,40.829952,-73.9457
13656,40.847736,-73.94008
13657,40.824856,-73.95014
13658,40.847736,-73.94008
13659,40.8242,-73.9398
13660,40.837383,-73.94562
13661,40.857426,-73.88279
13662,40.870632,-73.91706
13663,40.863873,-73.908455
13664,40.869453,-73.90593
13665,40.868416,-73.889404
13666,40.86459,-73.90775
13667,40.864697,-73.89184
13668,40.870975,-73.9174
13669,40.871883,-73.91884
13670,40.852386,-73.91508
13671,40.871246,-73.91693
13672,40.871315,-73.91576
13673,40.871296,-73.9169
13674,40.867588,-73.92366
13675,40.870632,-73.91706
13676,40.85741,-73.88433
13677,40.868416,-73.889404
13678,40.857456,-73.88429
13679,40.87255,-73.9189
13680,40.86465,-73.90821
13681,40.871315,-73.91576
13682,40.87255,-73.9189
13683,40.863422,-73.89879
13684,40.85737,-73.88437
13685,40.865128,-73.90682
13686,40.869453,-73.90593
13687,40.863873,-73.908455
13688,40.866753,-73.888084
13689,40.871315,-73.91576
13690,40.869453,-73.90593
13691,40.86386,-73.92307
13692,40.870174,-73.916725
13693,40.871296,-73.9169
13694,40.864647,-73.90821
13695,40.863422,-73.89879
13696,40.872402,-73.885216
13697,40.860847,-73.89998
13698,40.860847,-73.89998
13699,40.596474,-73.77059
13700,40.608627,-73.75622
13701,40.593857,-73.75809
13702,40.5958,-73.73854
13703,40.598595,-73.7389
13704,40.59572,-73.750565
13705,40.59708,-73.77782
13706,40.597122,-73.77815
13707,40.593678,-73.75845
13708,40.595795,-73.74949
13709,40.609596,-73.7446
13710,40.599514,-73.748344
13711,40.596863,-73.77729
13712,40.612377,-73.770515
13713,40.60336,-73.76089
13714,40.598534,-73.74882
13715,40.596302,-73.76367
13716,40.59362,-73.7582
13717,40.611813,-73.76649
13718,40.597004,-73.77781
13719,40.602226,-73.76061
13720,40.600983,-73.76689
13721,40.61209,-73.766754
13722,40.599934,-73.74579
13723,40.609596,-73.7446
13724,40.595493,-73.75037
13725,40.608074,-73.75031
13726,40.599007,-73.758064
13727,40.607502,-73.75966
13728,40.60428,-73.74782
13729,40.595795,-73.74949
13730,40.606552,-73.76319
13731,40.609417,-73.75672
13732,40.60428,-73.74782
13733,40.613075,-73.76653
13734,40.6055,-73.7584
13735,40.609596,-73.7446
13736,40.609802,-73.75953
13737,40.850376,-73.83329
13738,40.849716,-73.85992
13739,40.854504,-73.855515
13740,40.87075,-73.86307
13741,40.869,-73.853065
13742,40.8539,-73.86323
13743,40.853138,-73.863625
13744,40.864193,-73.86791
13745,40.850945,-73.85447
13746,40.851727,-73.848785
13747,40.864193,-73.86791
13748,40.870922,-73.87033
13749,40.869175,-73.85212
13750,40.855682,-73.85058
13751,40.864193,-73.86791
13752,40.860424,-73.84857
13753,40.864925,-73.84107
13754,40.854877,-73.86926
13755,40.851955,-73.853065
13756,40.860268,-73.869804
13757,40.85616,-73.86937
13758,40.851772,-73.83439
13759,40.854877,-73.86926
13760,40.853077,-73.84875
13761,40.85259,-73.86318
13762,40.871567,-73.85391
13763,40.859234,-73.86907
13764,40.85118,-73.86167
13765,40.860268,-73.869804
13766,40.860832,-73.863014
13767,40.85275,-73.867035
13768,40.859238,-73.84959
13769,40.869236,-73.85303
13770,40.868286,-73.86324
13771,40.85275,-73.867035
13772,40.86256,-73.85715
13773,40.857212,-73.850235
13774,40.85529,-73.85769
13775,40.86656,-73.85162
13776,40.866436,-73.84135
13777,40.86158,-73.90276
13778,40.86183,-73.9026
13779,40.869453,-73.90593
13780,40.867584,-73.89506
13781,40.868332,-73.883194
13782,40.8659,-73.89172
13783,40.871834,-73.91952
13784,40.85559,-73.89007
13785,40.871883,-73.91884
13786,40.871315,-73.91576
13787,40.86397,-73.92301
13788,40.871834,-73.91952
13789,40.84882,-73.90534
13790,40.870174,-73.916725
13791,40.86663,-73.89899
13792,40.868332,-73.883194
13793,40.868332,-73.883194
13794,40.866707,-73.898926
13795,40.870937,-73.91832
13796,40.87255,-73.9189
13797,40.855442,-73.90736
13798,40.869835,-73.915184
13799,40.85217,-73.900795
13800,40.871883,-73.91884
13801,40.871094,-73.91527
13802,40.8683,-73.926094
13803,40.86359,-73.89082
13804,40.869453,-73.90593
13805,40.863953,-73.90788
13806,40.8716,-73.88264
13807,40.867584,-73.89506
13808,40.858204,-73.901024
13809,40.8716,-73.88264
13810,40.867584,-73.89506
13811,40.848953,-73.922554
13812,40.863953,-73.90788
13813,40.8683,-73.926094
13814,40.869534,-73.90602
13815,40.867584,-73.89506
13816,40.868008,-73.92182
13817,40.85314,-73.93905
13818,40.851025,-73.94067
13819,40.85559,-73.937744
13820,40.85107,-73.941086
13821,40.857788,-73.934425
13822,40.85337,-73.93559
13823,40.857788,-73.934425
13824,40.85314,-73.93905
13825,40.851234,-73.94011
13826,40.85404,-73.939316
13827,40.85337,-73.93559
13828,40.85559,-73.937744
13829,40.85314,-73.93905
13830,40.863937,-73.928795
13831,40.85314,-73.93905
13832,40.856285,-73.9348
13833,40.85314,-73.93905
13834,40.864017,-73.92742
13835,40.857456,-73.93594
13836,40.856285,-73.9348
13837,40.85314,-73.93905
13838,40.863976,-73.92771
13839,40.856285,-73.9348
13840,40.857788,-73.934425
13841,40.85314,-73.93905
13842,40.85314,-73.93905
13843,40.856285,-73.9348
13844,40.85314,-73.93905
13845,40.85314,-73.93905
13846,40.859062,-73.932335
13847,40.866352,-73.92968
13848,40.8569,-73.936356
13849,40.85145,-73.9419
13850,40.858055,-73.932175
13851,40.857788,-73.934425
13852,40.8569,-73.936356
13853,40.85509,-73.934074
13854,40.864017,-73.92742
13855,40.856285,-73.9348
13856,40.85775,-73.93288
13857,40.85559,-73.937744
13858,40.791546,-73.96709
13859,40.79353,-73.97024
13860,40.785618,-73.956924
13861,40.788605,-73.97012
13862,40.787346,-73.95371
13863,40.788605,-73.97012
13864,40.787994,-73.95445
13865,40.788605,-73.97012
13866,40.793365,-73.97045
13867,40.787346,-73.95371
13868,40.789825,-73.9677
13869,40.787994,-73.95445
13870,40.791973,-73.96921
13871,40.79353,-73.97024
13872,40.793804,-73.97134
13873,40.787346,-73.95371
13874,40.788605,-73.97012
13875,40.791546,-73.96709
13876,40.79367,-73.96555
13877,40.79367,-73.96555
13878,40.793804,-73.97134
13879,40.788605,-73.97012
13880,40.788605,-73.97012
13881,40.791527,-73.96891
13882,40.795612,-73.97333
13883,40.788303,-73.97135
13884,40.795986,-73.97229
13885,40.791126,-73.97
13886,40.85184,-73.94128
13887,40.85867,-73.93221
13888,40.855167,-73.93424
13889,40.863937,-73.928795
13890,40.85184,-73.94128
13891,40.85337,-73.93559
13892,40.85031,-73.93514
13893,40.854275,-73.935036
13894,40.85184,-73.94128
13895,40.8553,-73.93545
13896,40.855167,-73.93424
13897,40.85145,-73.9419
13898,40.8511,-73.9416
13899,40.857788,-73.934425
13900,40.85348,-73.93656
13901,40.851086,-73.941505
13902,40.85509,-73.934074
13903,40.85444,-73.937805
13904,40.8569,-73.936356
13905,40.85314,-73.93905
13906,40.857788,-73.934425
13907,40.854897,-73.93819
13908,40.854275,-73.935036
13909,40.85109,-73.941505
13910,40.8569,-73.936356
13911,40.85314,-73.93905
13912,40.8553,-73.93545
13913,40.8583,-73.93273
13914,40.857456,-73.93594
13915,40.857788,-73.934425
13916,40.853474,-73.93605
13917,40.85775,-73.93288
13918,40.85163,-73.93622
13919,40.85337,-73.93559
13920,40.86787,-73.92648
13921,40.8569,-73.936356
13922,40.85314,-73.93905
13923,40.851498,-73.93643
13924,40.852596,-73.93529
13925,40.85453,-73.938934
13926,40.851234,-73.94011
13927,40.858215,-73.93421
13928,40.851173,-73.93407
13929,40.855618,-73.938416
13930,40.851025,-73.94067
13931,40.85314,-73.93905
13932,40.855618,-73.938416
13933,40.854275,-73.935036
13934,40.85004,-73.93941
13935,40.858055,-73.932175
13936,40.857044,-73.93727
13937,40.85314,-73.93905
13938,40.85026,-73.93889
13939,40.85941,-73.92901
13940,40.82611,-73.95236
13941,40.82495,-73.95036
13942,40.82512,-73.94882
13943,40.836082,-73.945564
13944,40.831726,-73.94072
13945,40.836082,-73.945564
13946,40.836082,-73.945564
13947,40.826485,-73.94016
13948,40.837006,-73.944725
13949,40.836533,-73.93868
13950,40.845837,-73.93297
13951,40.836082,-73.945564
13952,40.828995,-73.94729
13953,40.84378,-73.94302
13954,40.83867,-73.93699
13955,40.824497,-73.94401
13956,40.84378,-73.94302
13957,40.82906,-73.943565
13958,40.827183,-73.94375
13959,40.8242,-73.93979
13960,40.837006,-73.944725
13961,40.83518,-73.94693
13962,40.831585,-73.93084
13963,40.8259,-73.95264
13964,40.831726,-73.94072
13965,40.8242,-73.93979
13966,40.832687,-73.92762
13967,40.829372,-73.94004
13968,40.823917,-73.9418
13969,40.824856,-73.95014
13970,40.824615,-73.941414
13971,40.8242,-73.93979
13972,40.846184,-73.939384
13973,40.829,-73.95
13974,40.824615,-73.941414
13975,40.838436,-73.93755
13976,40.83267,-73.94022
13977,40.835815,-73.9465
13978,40.835316,-73.9465
13979,40.824615,-73.941414
13980,40.85031,-73.93514
13981,40.851025,-73.94067
13982,40.85891,-73.93229
13983,40.857044,-73.93727
13984,40.850594,-73.93526
13985,40.85851,-73.93193
13986,40.853676,-73.93473
13987,40.850594,-73.93526
13988,40.85348,-73.93656
13989,40.85404,-73.939316
13990,40.854275,-73.935036
13991,40.85109,-73.941505
13992,40.85509,-73.934074
13993,40.854275,-73.935036
13994,40.85184,-73.94128
13995,40.85775,-73.93288
13996,40.85314,-73.93905
13997,40.857788,-73.934425
13998,40.85026,-73.93889
13999,40.85509,-73.934074
14000,40.85026,-73.93889
14001,40.850014,-73.93754
14002,40.853474,-73.93605
14003,40.85775,-73.93288
14004,40.85314,-73.93905
14005,40.855415,-73.938896
14006,40.85348,-73.93656
14007,40.855362,-73.938774
14008,40.857788,-73.934425
14009,40.851498,-73.93643
14010,40.858055,-73.932175
14011,40.857788,-73.934425
14012,40.857788,-73.934425
14013,40.85867,-73.93221
14014,40.854897,-73.93819
14015,40.85184,-73.94128
14016,40.85184,-73.94128
14017,40.8553,-73.93545
14018,40.858055,-73.932175
14019,40.85337,-73.93559
14020,40.8569,-73.936356
14021,40.82038,-73.91097
14022,40.817585,-73.90893
14023,40.82244,-73.890076
14024,40.82244,-73.890076
14025,40.81041,-73.90571
14026,40.82038,-73.910934
14027,40.82038,-73.910934
14028,40.820232,-73.91254
14029,40.816086,-73.90383
14030,40.814903,-73.9081
14031,40.78868,-73.94719
14032,40.791275,-73.94867
14033,40.798027,-73.93481
14034,40.788597,-73.94117
14035,40.78868,-73.94719
14036,40.797966,-73.94897
14037,40.7886,-73.9413
14038,40.790806,-73.94632
14039,40.79554,-73.94945
14040,40.7947,-73.94357
14041,40.78868,-73.94719
14042,40.79389,-73.9386
14043,40.78868,-73.94719
14044,40.7947,-73.94357
14045,40.794704,-73.9436
14046,40.79629,-73.949036
14047,40.787514,-73.948044
14048,40.79629,-73.949036
14049,40.79613,-73.934204
14050,40.853474,-73.93605
14051,40.86787,-73.92648
14052,40.85444,-73.937805
14053,40.858055,-73.932175
14054,40.852596,-73.93529
14055,40.858055,-73.932175
14056,40.85559,-73.937744
14057,40.858055,-73.932175
14058,40.85004,-73.93941
14059,40.855618,-73.938416
14060,40.85109,-73.941505
14061,40.858055,-73.932175
14062,40.85337,-73.93559
14063,40.853317,-73.93975
14064,40.853317,-73.93975
14065,40.859062,-73.932335
14066,40.85509,-73.934074
14067,40.85867,-73.93221
14068,40.857044,-73.93727
14069,40.857456,-73.93594
14070,40.85891,-73.93229
14071,40.857456,-73.93594
14072,40.85031,-73.93514
14073,40.85314,-73.93905
14074,40.851498,-73.93643
14075,40.85026,-73.93889
14076,40.85314,-73.93905
14077,40.855618,-73.938416
14078,40.853317,-73.93975
14079,40.853676,-73.93473
14080,40.855415,-73.938896
14081,40.85314,-73.93905
14082,40.85867,-73.93221
14083,40.866825,-73.930305
14084,40.85867,-73.93221
14085,40.854275,-73.935036
14086,40.852757,-73.93992
14087,40.854275,-73.935036
14088,40.855362,-73.938774
14089,40.857788,-73.934425
14090,40.777046,-73.914024
14091,40.781178,-73.90487
14092,40.781986,-73.91629
14093,40.780674,-73.908295
14094,40.781178,-73.90487
14095,40.775345,-73.908516
14096,40.77619,-73.91737
14097,40.775898,-73.908775
14098,40.7799,-73.90924
14099,40.77694,-73.9075
14100,40.77971,-73.90907
14101,40.778008,-73.90464
14102,40.7785,-73.91406
14103,40.781178,-73.90487
14104,40.781178,-73.90487
14105,40.776516,-73.90802
14106,40.78006,-73.90904
14107,40.781178,-73.90487
14108,40.780754,-73.908195
14109,40.774876,-73.89959
14110,40.773106,-73.90159
14111,40.78169,-73.90965
14112,40.776028,-73.90814
14113,40.774113,-73.91251
14114,40.775898,-73.908775
14115,40.77977,-73.90939
14116,40.781178,-73.90487
14117,40.77974,-73.90771
14118,40.781178,-73.90487
14119,40.696552,-73.98727
14120,40.688416,-73.981415
14121,40.687954,-73.994804
14122,40.69422,-73.9961
14123,40.68579,-73.99044
14124,40.69321,-73.99403
14125,40.691776,-73.991516
14126,40.691517,-73.9906
14127,40.689445,-73.99605
14128,40.690136,-73.98311
14129,40.690285,-73.99022
14130,40.696358,-73.99237
14131,40.689445,-73.99605
14132,40.690285,-73.99022
14133,40.692696,-73.97956
14134,40.697086,-73.9945
14135,40.68842,-73.981415
14136,40.68898,-73.99437
14137,40.69165,-73.98573
14138,40.690136,-73.98311
14139,40.687485,-73.9815
14140,40.69278,-73.99336
14141,40.692783,-73.97886
14142,40.68522,-73.9788
14143,40.696594,-73.988396
14144,40.69223,-73.981346
14145,40.692474,-73.98507
14146,40.68979,-73.98496
14147,40.686035,-73.98144
14148,40.689137,-73.99457
14149,40.695675,-73.99143
14150,40.69381,-73.99451
14151,40.69381,-73.99451
14152,40.69676,-73.99583
14153,40.697144,-73.99564
14154,40.691406,-73.99558
14155,40.691517,-73.9906
14156,40.692474,-73.98507
14157,40.687084,-73.98255
14158,40.690136,-73.98311
14159,40.69381,-73.99451
14160,40.68979,-73.98496
14161,40.68953,-73.986465
14162,40.695965,-73.9936
14163,40.686546,-73.992355
14164,40.68491,-73.97854
14165,40.695553,-73.9921
14166,40.691505,-73.99558
14167,40.68856,-73.99047
14168,40.687843,-73.97406
14169,40.687996,-73.9945
14170,40.691517,-73.9906
14171,40.69505,-73.983574
14172,40.69381,-73.99451
14173,40.697086,-73.9945
14174,40.691517,-73.9906
14175,40.69278,-73.99336
14176,40.687084,-73.98255
14177,40.687553,-73.97398
14178,40.687836,-73.991425
14179,40.692112,-73.97833
14180,40.691517,-73.9906
14181,40.693424,-73.982704
14182,40.691517,-73.9906
14183,40.691505,-73.99558
14184,40.687553,-73.97398
14185,40.687485,-73.9815
14186,40.692696,-73.97956
14187,40.692474,-73.98507
14188,40.691906,-73.992966
14189,40.69207,-73.98021
14190,40.687553,-73.97398
14191,40.69316,-73.99318
14192,40.687553,-73.97398
14193,40.696636,-73.99548
14194,40.687847,-73.99481
14195,40.69381,-73.99451
14196,40.69676,-73.99583
14197,40.69381,-73.99451
14198,40.69381,-73.99451
14199,40.694107,-73.99568
14200,40.68522,-73.9788
14201,40.686195,-73.99501
14202,40.692696,-73.97956
14203,40.689766,-73.9896
14204,40.687954,-73.994804
14205,40.69381,-73.99451
14206,40.686195,-73.99501
14207,40.691776,-73.991516
14208,40.687553,-73.97398
14209,40.693424,-73.982704
14210,40.69223,-73.981346
14211,40.69718,-73.99659
14212,40.686443,-73.98427
14213,40.687553,-73.97398
14214,40.68979,-73.98496
14215,40.692474,-73.98507
14216,40.68979,-73.98496
14217,40.691776,-73.991516
14218,40.68979,-73.98496
14219,40.696594,-73.988396
14220,40.69583,-73.99199
14221,40.69207,-73.98021
14222,40.69207,-73.98021
14223,40.684895,-73.98143
14224,40.695377,-73.995575
14225,40.68491,-73.97854
14226,40.69718,-73.99659
14227,40.69207,-73.98021
14228,40.69583,-73.99199
14229,40.695377,-73.995575
14230,40.689423,-73.98809
14231,40.69456,-73.98269
14232,40.687847,-73.99481
14233,40.684593,-73.99159
14234,40.69456,-73.98269
14235,40.69165,-73.98573
14236,40.697094,-73.9879
14237,40.68768,-73.98533
14238,40.687553,-73.97398
14239,40.69165,-73.98573
14240,40.697094,-73.9879
14241,40.68842,-73.981415
14242,40.69647,-73.99513
14243,40.692112,-73.99153
14244,40.696358,-73.99237
14245,40.692875,-73.99673
14246,40.69505,-73.983574
14247,40.690166,-73.994995
14248,40.696594,-73.988396
14249,40.69562,-73.98869
14250,40.69159,-73.99315
14251,40.68979,-73.98496
14252,40.69583,-73.99199
14253,40.692696,-73.97956
14254,40.693424,-73.982704
14255,40.687553,-73.97398
14256,40.69165,-73.98573
14257,40.69505,-73.983574
14258,40.6924,-73.978806
14259,40.697094,-73.9879
14260,40.69103,-73.99628
14261,40.689766,-73.9896
14262,40.69159,-73.99315
14263,40.684593,-73.99159
14264,40.687553,-73.97398
14265,40.692474,-73.98507
14266,40.69505,-73.983574
14267,40.689342,-73.97434
14268,40.692474,-73.98507
14269,40.692783,-73.97886
14270,40.69676,-73.99583
14271,40.690136,-73.98311
14272,40.695965,-73.9936
14273,40.69223,-73.981346
14274,40.68979,-73.98496
14275,40.69056,-73.99349
14276,40.69505,-73.983574
14277,40.685394,-73.982315
14278,40.69712,-73.996216
14279,40.691517,-73.9906
14280,40.69591,-73.99646
14281,40.688416,-73.978584
14282,40.69505,-73.983574
14283,40.69054,-73.99088
14284,40.69712,-73.996216
14285,40.69431,-73.99574
14286,40.68693,-73.983406
14287,40.69505,-73.983574
14288,40.695553,-73.9921
14289,40.69319,-73.9827
14290,40.692474,-73.98507
14291,40.696358,-73.99237
14292,40.68678,-73.99545
14293,40.690136,-73.98311
14294,40.695553,-73.9921
14295,40.696358,-73.99237
14296,40.691517,-73.9906
14297,40.69583,-73.99199
14298,40.690136,-73.98311
14299,40.697086,-73.9945
14300,40.688774,-73.995285
14301,40.695377,-73.995575
14302,40.690285,-73.99022
14303,40.696373,-73.992325
14304,40.697025,-73.992935
14305,40.692696,-73.97956
14306,40.687485,-73.9815
14307,40.6924,-73.978806
14308,40.69223,-73.981346
14309,40.6867,-73.98351
14310,40.692112,-73.97833
14311,40.69431,-73.99574
14312,40.68953,-73.986465
14313,40.69583,-73.99199
14314,40.69304,-73.978516
14315,40.6867,-73.98351
14316,40.68842,-73.981415
14317,40.688786,-73.97425
14318,40.69207,-73.98021
14319,40.691776,-73.991516
14320,40.686466,-73.99025
14321,40.690807,-73.99001
14322,40.693462,-73.98289
14323,40.692696,-73.97956
14324,40.69054,-73.99088
14325,40.696594,-73.988396
14326,40.692696,-73.97956
14327,40.688786,-73.97425
14328,40.691517,-73.9906
14329,40.692474,-73.98507
14330,40.69505,-73.983574
14331,40.692696,-73.97956
14332,40.68953,-73.986465
14333,40.697094,-73.9879
14334,40.696987,-73.99668
14335,40.69278,-73.99336
14336,40.68842,-73.981415
14337,40.690807,-73.99001
14338,40.688416,-73.978584
14339,40.69304,-73.978516
14340,40.688416,-73.981415
14341,40.686577,-73.98949
14342,40.690304,-73.99111
14343,40.68499,-73.97895
14344,40.692474,-73.98507
14345,40.77722,-73.92238
14346,40.7815,-73.913
14347,40.774845,-73.90495
14348,40.77346,-73.89864
14349,40.774166,-73.907104
14350,40.7772,-73.90737
14351,40.77694,-73.9075
14352,40.781178,-73.90487
14353,40.781178,-73.90487
14354,40.77631,-73.908264
14355,40.781437,-73.913124
14356,40.7772,-73.90737
14357,40.776722,-73.90777
14358,40.7777,-73.91293
14359,40.781178,-73.90487
14360,40.781178,-73.90487
14361,40.7757,-73.90902
14362,40.776028,-73.90814
14363,40.772945,-73.891594
14364,40.776363,-73.907265
14365,40.773235,-73.91424
14366,40.775826,-73.90078
14367,40.774387,-73.925255
14368,40.773033,-73.89915
14369,40.782063,-73.918846
14370,40.774723,-73.906425
14371,40.781178,-73.90487
14372,40.775898,-73.908775
14373,40.781178,-73.90487
14374,40.773766,-73.90043
14375,40.781178,-73.90487
14376,40.77864,-73.9159
14377,40.687595,-73.99905
14378,40.688522,-73.99711
14379,40.692986,-73.99978
14380,40.689487,-73.99832
14381,40.687595,-73.99905
14382,40.686993,-74.000496
14383,40.69295,-74.00068
14384,40.68876,-73.99848
14385,40.687,-73.998474
14386,40.687454,-73.99884
14387,40.687,-73.99848
14388,40.687553,-73.99914
14389,40.686993,-74.000496
14390,40.695766,-73.997
14391,40.688076,-73.99891
14392,40.69459,-73.99709
14393,40.695766,-73.997
14394,40.695766,-73.997
14395,40.693653,-74.000275
14396,40.687553,-73.99914
14397,40.694725,-73.99842
14398,40.692986,-73.99978
14399,40.694386,-73.99839
14400,40.694546,-73.99692
14401,40.694386,-73.99839
14402,40.686993,-74.000496
14403,40.694546,-73.99692
14404,40.694386,-73.99839
14405,40.686993,-74.000496
14406,40.694584,-73.99748
14407,40.692986,-73.99978
14408,40.692986,-73.99978
14409,40.686993,-74.000496
14410,40.695766,-73.997
14411,40.686993,-74.000496
14412,40.692986,-73.99978
14413,40.68876,-73.99848
14414,40.692093,-73.99771
14415,40.687553,-73.99914
14416,40.688416,-73.981415
14417,40.68522,-73.9788
14418,40.69565,-73.99369
14419,40.686768,-73.985085
14420,40.68979,-73.98496
14421,40.68979,-73.98496
14422,40.69613,-73.99227
14423,40.69613,-73.99227
14424,40.68979,-73.98496
14425,40.68979,-73.98496
14426,40.697166,-73.98379
14427,40.696552,-73.98727
14428,40.687847,-73.99481
14429,40.68979,-73.98496
14430,40.68979,-73.98496
14431,40.688416,-73.978584
14432,40.687855,-73.99207
14433,40.686768,-73.985085
14434,40.696594,-73.988396
14435,40.68842,-73.981415
14436,40.687996,-73.9945
14437,40.690807,-73.99001
14438,40.684696,-73.99625
14439,40.69613,-73.99227
14440,40.68979,-73.98496
14441,40.692474,-73.98507
14442,40.689564,-73.99499
14443,40.689766,-73.9896
14444,40.689564,-73.99499
14445,40.69304,-73.978516
14446,40.68979,-73.98496
14447,40.6961,-73.99527
14448,40.690304,-73.99111
14449,40.693718,-73.99419
14450,40.693424,-73.982704
14451,40.688416,-73.978584
14452,40.69505,-73.983574
14453,40.693718,-73.99419
14454,40.687855,-73.99207
14455,40.690807,-73.99001
14456,40.68109,-74.01012
14457,40.67595,-73.99973
14458,40.675667,-73.99892
14459,40.682865,-74.00488
14460,40.681213,-74.00169
14461,40.68122,-73.99909
14462,40.677418,-74.00128
14463,40.683975,-74.000694
14464,40.680855,-74.00175
14465,40.6778,-74.00147
14466,40.674828,-73.999214
14467,40.68291,-74.00426
14468,40.6816,-74.00307
14469,40.68407,-73.99703
14470,40.68309,-73.9996
14471,40.68338,-74.00399
14472,40.6816,-74.00307
14473,40.678696,-73.99966
14474,40.677418,-74.00128
14475,40.675667,-73.99892
14476,40.677456,-74.00021
14477,40.68109,-74.01012
14478,40.675667,-73.99892
14479,40.695553,-73.9921
14480,40.68979,-73.98496
14481,40.690304,-73.99111
14482,40.69553,-73.99375
14483,40.684654,-73.99165
14484,40.69647,-73.99513
14485,40.68979,-73.98496
14486,40.693424,-73.982704
14487,40.68979,-73.98496
14488,40.695553,-73.9921
14489,40.69278,-73.99336
14490,40.68979,-73.98496
14491,40.68577,-73.990654
14492,40.692448,-73.985214
14493,40.690285,-73.99022
14494,40.68842,-73.981415
14495,40.68979,-73.98496
14496,40.687996,-73.9945
14497,40.72216,-73.98438
14498,40.714314,-73.98006
14499,40.714214,-73.99159
14500,40.71571,-73.98484
14501,40.715363,-73.98244
14502,40.713215,-73.97915
14503,40.715214,-73.98513
14504,40.715393,-73.986435
14505,40.71571,-73.98484
14506,40.72228,-73.98052
14507,40.714314,-73.98006
14508,40.71194,-73.99404
14509,40.718895,-73.987404
14510,40.717564,-73.98363
14511,40.715363,-73.98244
14512,40.715363,-73.98244
14513,40.71884,-73.98733
14514,40.714912,-73.98759
14515,40.710457,-73.991234
14516,40.71311,-73.97784
14517,40.717255,-73.99024
14518,40.713215,-73.97915
14519,40.715374,-73.98647
14520,40.715363,-73.98244
14521,40.710457,-73.991234
14522,40.7126,-73.978
14523,40.715363,-73.98244
14524,40.710457,-73.991234
14525,40.714314,-73.98006
14526,40.7214,-73.994
14527,40.713478,-73.979416
14528,40.712917,-73.97816
14529,40.711086,-73.98141
14530,40.715214,-73.98513
14531,40.715393,-73.986435
14532,40.72115,-73.99341
14533,40.71884,-73.98733
14534,40.71311,-73.97784
14535,40.618614,-74.15803
14536,40.618965,-74.12853
14537,40.616604,-74.13478
14538,40.61531,-74.13655
14539,40.613087,-74.16036
14540,40.61979,-74.144424
14541,40.606983,-74.14887
14542,40.600746,-74.13208
14543,40.618298,-74.1443
14544,40.59728,-74.13496
14545,40.60843,-74.12466
14546,40.61667,-74.13914
14547,40.606167,-74.11939
14548,40.60857,-74.137856
14549,40.60208,-74.13351
14550,40.61971,-74.13907
14551,40.610962,-74.14622
14552,40.601303,-74.155655
14553,40.619507,-74.13756
14554,40.60627,-74.11597
14555,40.620243,-74.12537
14556,40.612114,-74.12984
14557,40.610615,-74.13578
14558,40.615784,-74.1339
14559,40.603745,-74.12751
14560,40.60678,-74.13732
14561,40.61779,-74.14918
14562,40.61793,-74.15979
14563,40.615753,-74.13384
14564,40.61385,-74.12575
14565,40.609932,-74.14278
14566,40.60733,-74.13682
14567,40.60656,-74.13917
14568,40.601917,-74.127945
14569,40.617943,-74.15854
14570,40.608776,-74.14118
14571,40.610466,-74.14909
14572,40.610565,-74.14084
14573,40.607414,-74.1274
14574,40.601624,-74.132904
14575,40.608795,-74.15672
14576,40.72228,-73.98052
14577,40.714905,-73.987595
14578,40.721436,-73.98967
14579,40.722115,-73.9961
14580,40.710457,-73.991234
14581,40.72115,-73.99341
14582,40.715057,-73.98183
14583,40.72209,-73.97752
14584,40.721703,-73.982445
14585,40.721436,-73.98967
14586,40.721012,-73.98573
14587,40.72154,-73.98327
14588,40.715755,-73.98814
14589,40.716255,-73.98774
14590,40.72115,-73.99341
14591,40.715965,-73.98801
14592,40.72228,-73.98052
14593,40.715965,-73.98801
14594,40.71311,-73.97784
14595,40.7126,-73.978
14596,40.718895,-73.987404
14597,40.71311,-73.97784
14598,40.71884,-73.98733
14599,40.711163,-73.98747
14600,40.713215,-73.97915
14601,40.715214,-73.98513
14602,40.71571,-73.98484
14603,40.714912,-73.98759
14604,40.721268,-73.98424
14605,40.71546,-73.996826
14606,40.71477,-73.98055
14607,40.714855,-73.993935
14608,40.718933,-73.992195
14609,40.714912,-73.98759
14610,40.71846,-73.986084
14611,40.71311,-73.97784
14612,40.714912,-73.98759
14613,40.721268,-73.98424
14614,40.720024,-73.99165
14615,40.715393,-73.986435
14616,40.71477,-73.98055
14617,40.715057,-73.98183
14618,40.711086,-73.98141
14619,40.71361,-73.989555
14620,40.720024,-73.99165
14621,40.714657,-73.98541
14622,40.720024,-73.99165
14623,40.714188,-73.99156
14624,40.720024,-73.99165
14625,40.711086,-73.98141
14626,40.7126,-73.978
14627,40.715363,-73.98244
14628,40.71311,-73.97784
14629,40.715965,-73.98801
14630,40.714188,-73.99156
14631,40.72062,-73.97953
14632,40.71555,-73.98837
14633,40.713104,-73.97922
14634,40.714314,-73.98006
14635,40.715363,-73.98244
14636,40.714314,-73.98006
14637,40.7153,-73.9826
14638,40.718987,-73.985855
14639,40.72232,-73.98775
14640,40.722115,-73.9961
14641,40.72115,-73.99341
14642,40.713894,-73.978905
14643,40.714905,-73.987595
14644,40.714912,-73.98759
14645,40.715363,-73.98244
14646,40.72115,-73.99341
14647,40.72054,-73.97933
14648,40.718967,-73.99233
14649,40.71546,-73.996826
14650,40.710457,-73.991234
14651,40.713764,-73.989075
14652,40.72115,-73.9788
14653,40.715057,-73.98183
14654,40.713104,-73.97922
14655,40.713894,-73.978905
14656,40.714645,-73.98544
14657,40.715057,-73.98183
14658,40.7126,-73.978
14659,40.714325,-73.97838
14660,40.715363,-73.98244
14661,40.713215,-73.97915
14662,40.710457,-73.991234
14663,40.711086,-73.98141
14664,40.710457,-73.991234
14665,40.715385,-73.98645
14666,40.712917,-73.97816
14667,40.7126,-73.978
14668,40.715755,-73.98814
14669,40.710457,-73.991234
14670,40.71571,-73.98484
14671,40.719337,-73.98467
14672,40.710457,-73.991234
14673,40.721832,-73.983284
14674,40.715965,-73.98801
14675,40.720608,-73.98401
14676,40.710457,-73.991234
14677,40.715057,-73.98183
14678,40.710457,-73.991234
14679,40.710457,-73.991234
14680,40.710457,-73.991234
14681,40.715214,-73.98513
14682,40.72242,-73.99401
14683,40.710457,-73.991234
14684,40.72115,-73.99341
14685,40.710457,-73.991234
14686,40.710457,-73.991234
14687,40.715374,-73.98647
14688,40.710457,-73.991234
14689,40.71759,-73.98729
14690,40.714912,-73.98759
14691,40.710457,-73.991234
14692,40.715374,-73.98647
14693,40.711555,-73.99616
14694,40.716587,-73.98988
14695,40.721634,-73.992805
14696,40.714314,-73.98006
14697,40.72232,-73.98775
14698,40.717445,-73.992966
14699,40.71311,-73.97784
14700,40.710457,-73.991234
14701,40.715965,-73.98801
14702,40.71361,-73.989555
14703,40.710457,-73.991234
14704,40.71477,-73.98055
14705,40.71311,-73.97784
14706,40.714314,-73.98006
14707,40.715363,-73.98244
14708,40.715275,-73.99379
14709,40.71759,-73.98729
14710,40.71546,-73.996826
14711,40.722397,-73.98585
14712,40.715393,-73.986435
14713,40.715057,-73.98183
14714,40.712917,-73.97816
14715,40.720024,-73.99165
14716,40.714325,-73.97838
14717,40.720383,-73.98315
14718,40.714905,-73.987595
14719,40.72229,-73.9797
14720,40.711086,-73.98141
14721,40.7126,-73.978
14722,40.710457,-73.991234
14723,40.720024,-73.99165
14724,40.713886,-73.979004
14725,40.710457,-73.991234
14726,40.7154,-73.9881
14727,40.712734,-73.9948
14728,40.71311,-73.97784
14729,40.714333,-73.99115
14730,40.710457,-73.991234
14731,40.716503,-73.99132
14732,40.71477,-73.98055
14733,40.714314,-73.98006
14734,40.71555,-73.988365
14735,40.715965,-73.98801
14736,40.717842,-73.99151
14737,40.713104,-73.97922
14738,40.714912,-73.98759
14739,40.715057,-73.98183
14740,40.71271,-73.99553
14741,40.714314,-73.98006
14742,40.721436,-73.98967
14743,40.721703,-73.982445
14744,40.722153,-73.99591
14745,40.714645,-73.98544
14746,40.715057,-73.98183
14747,40.72101,-73.988144
14748,40.716507,-73.991325
14749,40.720825,-73.983894
14750,40.72209,-73.97752
14751,40.710457,-73.991234
14752,40.719315,-73.9952
14753,40.72018,-73.996635
14754,40.72101,-73.988144
14755,40.71758,-73.9899
14756,40.719448,-73.98556
14757,40.72115,-73.99341
14758,40.71477,-73.98055
14759,40.710457,-73.991234
14760,40.72209,-73.97752
14761,40.715385,-73.98645
14762,40.721012,-73.98573
14763,40.712917,-73.97816
14764,40.72101,-73.988144
14765,40.672096,-73.97413
14766,40.680935,-73.980255
14767,40.67844,-73.980934
14768,40.67771,-73.97466
14769,40.67427,-73.973526
14770,40.67427,-73.973526
14771,40.672905,-73.986115
14772,40.672745,-73.97577
14773,40.678055,-73.97375
14774,40.672905,-73.986115
14775,40.671978,-73.98801
14776,40.68419,-73.98252
14777,40.681656,-73.980606
14778,40.678062,-73.979965
14779,40.68419,-73.98252
14780,40.677364,-73.97812
14781,40.672066,-73.98242
14782,40.672066,-73.98242
14783,40.68419,-73.98252
14784,40.678337,-73.98088
14785,40.674675,-73.977455
14786,40.67771,-73.97466
14787,40.67732,-73.97932
14788,40.681297,-73.98075
14789,40.6813,-73.9812
14790,40.677074,-73.97704
14791,40.67732,-73.97932
14792,40.68392,-73.99012
14793,40.709965,-74.004135
14794,40.71487,-74.00706
14795,40.71394,-74.00697
14796,40.716576,-74.01613
14797,40.716576,-74.01613
14798,40.717716,-74.002815
14799,40.717842,-74.003685
14800,40.7101,-74.006935
14801,40.716576,-74.01613
14802,40.716064,-74.01081
14803,40.71253,-73.99985
14804,40.71007,-74.017006
14805,40.71728,-74.00422
14806,40.712776,-74.005974
14807,40.716576,-74.01613
14808,40.71274,-73.99936
14809,40.709965,-74.004135
14810,40.716637,-74.00487
14811,40.710255,-74.003914
14812,40.711395,-74.005905
14813,40.716576,-74.01613
14814,40.717712,-74.002815
14815,40.709866,-74.0162
14816,40.716106,-74.01627
14817,40.710068,-74.01785
14818,40.71517,-74.01092
14819,40.716106,-74.01627
14820,40.716038,-74.00989
14821,40.709854,-74.01789
14822,40.710217,-74.00807
14823,40.7113,-74.0074
14824,40.716576,-74.01613
14825,40.709866,-74.0162
14826,40.716038,-74.00989
14827,40.709866,-74.0162
14828,40.71007,-74.017006
14829,40.7165,-74.0123
14830,40.710068,-74.01785
14831,40.711308,-74.00624
14832,40.719524,-74.009
14833,40.713867,-73.989525
14834,40.714645,-73.98544
14835,40.72135,-73.99624
14836,40.720604,-73.98401
14837,40.713104,-73.97922
14838,40.71759,-73.98729
14839,40.710457,-73.991234
14840,40.715385,-73.98645
14841,40.71311,-73.97784
14842,40.713886,-73.979004
14843,40.722294,-73.98468
14844,40.714905,-73.987595
14845,40.712734,-73.9948
14846,40.717484,-73.9833
14847,40.720135,-73.98793
14848,40.714325,-73.97838
14849,40.710457,-73.991234
14850,40.71281,-73.99476
14851,40.713867,-73.989525
14852,40.716415,-73.98532
14853,40.716263,-73.98498
14854,40.713867,-73.989525
14855,40.715565,-73.99044
14856,40.720104,-73.98405
14857,40.721268,-73.98424
14858,40.710457,-73.991234
14859,40.721634,-73.992805
14860,40.716587,-73.98988
14861,40.720604,-73.98401
14862,40.711086,-73.98141
14863,40.710457,-73.991234
14864,40.714314,-73.98006
14865,40.7153,-73.9826
14866,40.714905,-73.987595
14867,40.721012,-73.98573
14868,40.715363,-73.98244
14869,40.713478,-73.979416
14870,40.711086,-73.98141
14871,40.710457,-73.991234
14872,40.714878,-73.98539
14873,40.714657,-73.98541
14874,40.713894,-73.978905
14875,40.718895,-73.987404
14876,40.715385,-73.98645
14877,40.714325,-73.97838
14878,40.71555,-73.988365
14879,40.7126,-73.978
14880,40.710457,-73.991234
14881,40.714325,-73.97838
14882,40.710457,-73.991234
14883,40.710457,-73.991234
14884,40.710457,-73.991234
14885,40.715385,-73.98645
14886,40.71546,-73.996826
14887,40.721348,-73.99624
14888,40.72054,-73.97933
14889,40.715363,-73.98244
14890,40.710457,-73.991234
14891,40.71584,-73.9901
14892,40.72154,-73.98327
14893,40.710457,-73.991234
14894,40.72115,-73.99341
14895,40.715363,-73.98244
14896,40.71311,-73.97784
14897,40.714657,-73.98541
14898,40.710457,-73.991234
14899,40.71546,-73.996826
14900,40.710457,-73.991234
14901,40.712917,-73.97816
14902,40.71864,-73.98702
14903,40.715057,-73.98183
14904,40.715755,-73.98813
14905,40.713886,-73.979004
14906,40.722443,-73.97728
14907,40.71492,-73.98757
14908,40.714325,-73.97838
14909,40.714325,-73.97838
14910,40.713646,-73.98899
14911,40.717564,-73.98363
14912,40.715755,-73.98814
14913,40.71555,-73.98837
14914,40.71661,-74.00759
14915,40.71274,-73.99936
14916,40.722164,-74.00854
14917,40.715206,-74.00913
14918,40.721836,-74.01116
14919,40.722164,-74.00854
14920,40.71661,-74.00759
14921,40.716637,-74.00487
14922,40.717564,-73.996956
14923,40.710068,-74.01785
14924,40.71639,-74.01065
14925,40.71578,-74.0103
14926,40.715843,-74.00803
14927,40.717712,-74.002815
14928,40.71253,-73.99985
14929,40.716038,-74.00989
14930,40.711143,-74.00696
14931,40.710068,-74.01785
14932,40.712776,-74.005974
14933,40.709965,-74.004135
14934,40.716812,-74.00354
14935,40.71517,-74.01092
14936,40.710068,-74.01785
14937,40.716576,-74.01613
14938,40.71253,-73.99985
14939,40.713737,-74.00001
14940,40.709965,-74.004135
14941,40.716576,-74.01613
14942,40.71638,-74.00709
14943,40.716576,-74.01613
14944,40.709866,-74.0162
14945,40.71598,-74.007675
14946,40.716576,-74.01613
14947,40.709866,-74.0162
14948,40.714615,-74.00636
14949,40.709965,-74.004135
14950,40.716576,-74.01613
14951,40.710068,-74.01785
14952,40.71815,-73.99868
14953,40.719067,-74.008415
14954,40.716576,-74.01613
14955,40.71517,-74.01092
14956,40.715843,-74.00803
14957,40.713737,-74.00001
14958,40.70985,-74.01789
14959,40.719704,-73.99885
14960,40.71517,-74.010925
14961,40.716576,-74.01613
14962,40.716637,-74.00487
14963,40.7165,-74.0123
14964,40.716576,-74.01613
14965,40.713512,-73.999535
14966,40.71427,-74.00597
14967,40.719395,-74.00757
14968,40.716576,-74.01613
14969,40.709866,-74.0162
14970,40.721737,-73.9981
14971,40.71496,-74.007256
14972,40.716576,-74.01613
14973,40.716576,-74.01613
14974,40.716576,-74.01613
14975,40.70985,-74.01789
14976,40.717716,-74.002815
14977,40.719337,-73.99798
14978,40.71496,-74.007256
14979,40.716576,-74.01613
14980,40.721737,-73.9981
14981,40.67727,-74.00034
14982,40.68381,-74.00448
14983,40.676357,-74.0116
14984,40.68202,-73.99791
14985,40.68407,-73.99703
14986,40.677063,-73.9974
14987,40.675667,-73.99892
14988,40.682354,-73.99762
14989,40.675667,-73.99892
14990,40.677063,-73.9974
14991,40.682236,-73.99883
14992,40.67555,-74.011955
14993,40.68191,-73.99808
14994,40.68291,-74.00426
14995,40.68122,-73.99909
14996,40.67725,-74.01482
14997,40.682102,-74.004295
14998,40.676334,-74.013306
14999,40.677418,-74.00608
15000,40.677467,-74.00606
15001,40.68376,-73.99929
15002,40.68434,-74.00367
15003,40.67725,-74.01482
15004,40.680717,-74.0025
15005,40.676437,-74.012115
15006,40.683765,-74.00411
15007,40.682713,-74.000336
15008,40.68452,-74.00158
15009,40.68286,-74.001495
15010,40.679165,-74.00901
15011,40.68381,-74.00448
15012,40.677063,-73.9974
15013,40.676388,-74.00017
15014,40.682713,-74.000336
15015,40.674763,-74.01154
15016,40.683,-73.997536
15017,40.675667,-73.99892
15018,40.675667,-73.99892
15019,40.677933,-74.016205
15020,40.713676,-74.007324
15021,40.709866,-74.0162
15022,40.710217,-74.00807
15023,40.713737,-74.00001
15024,40.71657,-74.01052
15025,40.718296,-74.007645
15026,40.710068,-74.01785
15027,40.71775,-74.00627
15028,40.71436,-73.99928
15029,40.717712,-74.002815
15030,40.70985,-74.01789
15031,40.709866,-74.0162
15032,40.71227,-74.000404
15033,40.713737,-74.00001
15034,40.710068,-74.01785
15035,40.719692,-74.00801
15036,40.716576,-74.01613
15037,40.717712,-74.002815
15038,40.716576,-74.01613
15039,40.719692,-74.00801
15040,40.71698,-74.003395
15041,40.709965,-74.004135
15042,40.716637,-74.00487
15043,40.71253,-73.99985
15044,40.713512,-73.999535
15045,40.716576,-74.01613
15046,40.716362,-74.01047
15047,40.710068,-74.009766
15048,40.713512,-73.999535
15049,40.714268,-74.00695
15050,40.71382,-74.00837
15051,40.716576,-74.01613
15052,40.71494,-74.01013
15053,40.716576,-74.01613
15054,40.716576,-74.01613
15055,40.713776,-74.01293
15056,40.714615,-74.00636
15057,40.716576,-74.01613
15058,40.713776,-74.01293
15059,40.715965,-74.00831
15060,40.716576,-74.01613
15061,40.7101,-74.006935
15062,40.716576,-74.01613
15063,40.711464,-74.007034
15064,40.71637,-74.00339
15065,40.714,-74.005135
15066,40.713737,-74.00001
15067,40.716576,-74.01613
15068,40.717842,-74.003685
15069,40.714615,-74.00636
15070,40.71405,-74.01288
15071,40.71405,-74.01288
15072,40.71253,-73.99985
15073,40.72084,-74.00256
15074,40.716637,-74.00487
15075,40.709866,-74.0162
15076,40.713676,-74.007324
15077,40.709965,-74.004135
15078,40.721767,-73.99842
15079,40.722416,-74.00166
15080,40.719524,-74.009
15081,40.713676,-74.007324
15082,40.709866,-74.0162
15083,40.716637,-74.00487
15084,40.717842,-74.003685
15085,40.713676,-74.007324
15086,40.713737,-74.00001
15087,40.72147,-74.008675
15088,40.720104,-74.00358
15089,40.71563,-74.012115
15090,40.716434,-74.01626
15091,40.709866,-74.0162
15092,40.714268,-74.00696
15093,40.716576,-74.01613
15094,40.719566,-74.00836
15095,40.716576,-74.01613
15096,40.709866,-74.0162
15097,40.711464,-74.007034
15098,40.716434,-74.0072
15099,40.716812,-74.00354
15100,40.715954,-74.008354
15101,40.709522,-74.00243
15102,40.70974,-74.00662
15103,40.70828,-74.00683
15104,40.705185,-74.00789
15105,40.708916,-74.001724
15106,40.705185,-74.00789
15107,40.709526,-74.00243
15108,40.709034,-74.004684
15109,40.709034,-74.004684
15110,40.70517,-74.008484
15111,40.709526,-74.00243
15112,40.70517,-74.008484
15113,40.705185,-74.00789
15114,40.708015,-74.00591
15115,40.708015,-74.00591
15116,40.709034,-74.004684
15117,40.70904,-74.0017
15118,40.709007,-74.00727
15119,40.708015,-74.00591
15120,40.70911,-74.00635
15121,40.705185,-74.00789
15122,40.697685,-73.9969
15123,40.697685,-73.9969
15124,40.697685,-73.9969
15125,40.697685,-73.9969
15126,40.70003,-73.999016
15127,40.70003,-73.999016
15128,40.81877,-73.813866
15129,40.81225,-73.82383
15130,40.81965,-73.81468
15131,40.815006,-73.80067
15132,40.810043,-73.80554
15133,40.815834,-73.81589
15134,40.81897,-73.80592
15135,40.813526,-73.80776
15136,40.817375,-73.819725
15137,40.81455,-73.82543
15138,40.81174,-73.80436
15139,40.81621,-73.81945
15140,40.811726,-73.804375
15141,40.81491,-73.81544
15142,40.81906,-73.80576
15143,40.816566,-73.80069
15144,40.81897,-73.80592
15145,40.822067,-73.806145
15146,40.81981,-73.82158
15147,40.815205,-73.81559
15148,40.81325,-73.80847
15149,40.820244,-73.80938
15150,40.82263,-73.80952
15151,40.81208,-73.928085
15152,40.81517,-73.93684
15153,40.822163,-73.94362
15154,40.812893,-73.9449
15155,40.81636,-73.945465
15156,40.81629,-73.94037
15157,40.817883,-73.938644
15158,40.823227,-73.94356
15159,40.81949,-73.94477
15160,40.8163,-73.94782
15161,40.819225,-73.94478
15162,40.81956,-73.940994
15163,40.81636,-73.945465
15164,40.812893,-73.9449
15165,40.8163,-73.94782
15166,40.81449,-73.94842
15167,40.815407,-73.944664
15168,40.8179,-73.94226
15169,40.811047,-73.949814
15170,40.817947,-73.94507
15171,40.8163,-73.94782
15172,40.81824,-73.94569
15173,40.81517,-73.93684
15174,40.811707,-73.94215
15175,40.816795,-73.94228
15176,40.81629,-73.94037
15177,40.809673,-73.80273
15178,40.80995,-73.80218
15179,40.8109,-73.803665
15180,40.819992,-73.81869
15181,40.81516,-73.82578
15182,40.81375,-73.80771
15183,40.815685,-73.81976
15184,40.817757,-73.81894
15185,40.82176,-73.8202
15186,40.81906,-73.80576
15187,40.798527,-73.818665
15188,40.82176,-73.8202
15189,40.79839,-73.81837
15190,40.81424,-73.82011
15191,40.82086,-73.81795
15192,40.82015,-73.809586
15193,40.81906,-73.80576
15194,40.817535,-73.81314
15195,40.817535,-73.81193
15196,40.809708,-73.80189
15197,40.814182,-73.812355
15198,40.816998,-73.8195
15199,40.812588,-73.80862
15200,40.817,-73.8195
15201,40.817535,-73.81314
15202,40.81622,-73.808495
15203,40.815586,-73.82294
15204,40.81361,-73.82379
15205,40.816223,-73.80125
15206,40.815266,-73.80215
15207,40.811157,-73.80707
15208,40.817436,-73.81549
15209,40.814674,-73.82021
15210,40.81729,-73.82222
15211,40.81345,-73.80128
15212,40.81361,-73.82379
15213,40.812164,-73.807526
15214,40.813656,-73.82406
15215,40.81599,-73.81891
15216,40.82212,-73.80752
15217,40.81534,-73.80203
15218,40.817257,-73.81179
15219,40.81092,-73.80683
15220,40.815334,-73.82098
15221,40.813686,-73.81011
15222,40.813606,-73.80964
15223,40.816162,-73.81841
15224,40.799168,-73.82009
15225,40.816414,-73.81058
15226,40.81429,-73.82527
15227,40.816154,-73.82004
15228,40.812828,-73.80719
15229,40.810947,-73.80562
15230,40.81906,-73.80576
15231,40.81741,-73.81231
15232,40.813656,-73.82406
15233,40.809837,-73.80303
15234,40.820026,-73.821304
15235,40.81693,-73.820885
15236,40.816322,-73.82259
15237,40.809727,-73.80269
15238,40.81225,-73.82383
15239,40.815563,-73.82505
15240,40.8099,-73.80288
15241,40.81642,-73.810455
15242,40.814484,-73.81667
15243,40.816307,-73.82219
15244,40.816353,-73.82222
15245,40.82027,-73.80813
15246,40.814354,-73.8203
15247,40.81556,-73.82504
15248,40.818386,-73.821754
15249,40.81604,-73.80094
15250,40.81377,-73.812256
15251,40.816635,-73.81703
15252,40.79868,-73.818504
15253,40.818977,-73.80507
15254,40.817307,-73.81181
15255,40.81706,-73.80233
15256,40.816605,-73.818665
15257,40.81329,-73.809654
15258,40.820137,-73.809044
15259,40.8101,-73.805626
15260,40.822567,-73.809
15261,40.810757,-73.80665
15262,40.820957,-73.80742
15263,40.812435,-73.80697
15264,40.81225,-73.82383
15265,40.821198,-73.82138
15266,40.81131,-73.80553
15267,40.81696,-73.80947
15268,40.79841,-73.81678
15269,40.817226,-73.80725
15270,40.81241,-73.80749
15271,40.82091,-73.80817
15272,40.81387,-73.81092
15273,40.82176,-73.808044
15274,40.81897,-73.80592
15275,40.810955,-73.80602
15276,40.813305,-73.82705
15277,40.805904,-73.853645
15278,40.805904,-73.853645
15279,40.808422,-73.854744
15280,40.80981,-73.857994
15281,40.82148,-73.85455
15282,40.81969,-73.86286
15283,40.806145,-73.852356
15284,40.809116,-73.85782
15285,40.81654,-73.85963
15286,40.815582,-73.84801
15287,40.80797,-73.85421
15288,40.80797,-73.85421
15289,40.805225,-73.85269
15290,40.806145,-73.852356
15291,40.80869,-73.8569
15292,40.810402,-73.85778
15293,40.816776,-73.846664
15294,40.80713,-73.854195
15295,40.820324,-73.875755
15296,40.820145,-73.866196
15297,40.81372,-73.86184
15298,40.81478,-73.860176
15299,40.805904,-73.853645
15300,40.82213,-73.84975
15301,40.805904,-73.853645
15302,40.805904,-73.853645
15303,40.814762,-73.861565
15304,40.810165,-73.85086
15305,40.810173,-73.85869
15306,40.80797,-73.85421
15307,40.8223,-73.84692
15308,40.822598,-73.86096
15309,40.805656,-73.85058
15310,40.821598,-73.87332
15311,40.821247,-73.87598
15312,40.807617,-73.85077
15313,40.822037,-73.87812
15314,40.80629,-73.85623
15315,40.806145,-73.852356
15316,40.805904,-73.853645
15317,40.806145,-73.852356
15318,40.81028,-73.85872
15319,40.822598,-73.86096
15320,40.81496,-73.84786
15321,40.814945,-73.8576
15322,40.81623,-73.85072
15323,40.821777,-73.85267
15324,40.820324,-73.875755
15325,40.805904,-73.853645
15326,40.822105,-73.848045
15327,40.820324,-73.875755
15328,40.822598,-73.86096
15329,40.808147,-73.85683
15330,40.80797,-73.85421
15331,40.809376,-73.857
15332,40.80826,-73.85775
15333,40.822598,-73.86096
15334,40.81025,-73.85823
15335,40.805656,-73.85058
15336,40.805225,-73.85269
15337,40.806873,-73.85495
15338,40.805904,-73.853645
15339,40.81635,-73.857666
15340,40.810265,-73.85473
15341,40.805225,-73.85269
15342,40.806145,-73.852356
15343,40.82151,-73.847466
15344,40.805225,-73.85269
15345,40.807907,-73.85158
15346,40.821598,-73.87332
15347,40.80831,-73.85046
15348,40.800232,-73.95668
15349,40.805794,-73.967155
15350,40.80439,-73.967964
15351,40.802914,-73.96811
15352,40.805794,-73.967155
15353,40.808105,-73.95169
15354,40.808567,-73.95565
15355,40.79839,-73.97131
15356,40.801025,-73.959335
15357,40.8073,-73.96666
15358,40.80553,-73.96732
15359,40.79871,-73.96787
15360,40.80553,-73.96732
15361,40.805794,-73.967155
15362,40.79839,-73.97131
15363,40.800697,-73.95916
15364,40.801228,-73.95922
15365,40.802814,-73.96672
15366,40.80745,-73.95012
15367,40.80891,-73.96523
15368,40.802814,-73.96672
15369,40.79902,-73.959984
15370,40.805206,-73.9669
15371,40.82294,-73.86072
15372,40.821598,-73.87332
15373,40.822598,-73.86096
15374,40.807426,-73.85622
15375,40.823006,-73.85506
15376,40.81138,-73.85939
15377,40.80797,-73.85421
15378,40.816357,-73.84985
15379,40.82302,-73.854935
15380,40.805904,-73.853645
15381,40.80797,-73.85421
15382,40.82058,-73.87322
15383,40.820683,-73.8731
15384,40.806793,-73.855255
15385,40.805656,-73.85058
15386,40.808006,-73.8509
15387,40.81516,-73.84635
15388,40.816402,-73.84603
15389,40.814976,-73.84848
15390,40.821346,-73.87583
15391,40.811867,-73.85533
15392,40.821247,-73.87598
15393,40.821598,-73.87332
15394,40.806953,-73.85612
15395,40.805904,-73.853645
15396,40.821598,-73.87332
15397,40.812073,-73.85364
15398,40.806145,-73.852356
15399,40.812515,-73.85774
15400,40.75819,-73.87961
15401,40.772526,-73.89051
15402,40.750553,-73.88652
15403,40.74822,-73.91097
15404,40.765167,-73.91065
15405,40.772614,-73.89044
15406,40.753998,-73.88115
15407,40.7669,-73.92465
15408,40.748672,-73.879524
15409,40.75357,-73.88027
15410,40.74885,-73.91105
15411,40.74986,-73.89298
15412,40.749397,-73.87966
15413,40.769585,-73.89172
15414,40.760788,-73.88443
15415,40.74986,-73.89298
15416,40.765068,-73.92559
15417,40.76829,-73.91237
15418,40.752766,-73.89227
15419,40.753338,-73.88606
15420,40.74946,-73.91715
15421,40.750656,-73.89382
15422,40.753998,-73.88115
15423,40.76287,-73.88007
15424,40.7572,-73.90534
15425,40.7542,-73.88592
15426,40.763042,-73.9061
15427,40.772438,-73.88935
15428,40.7516,-73.88646
15429,40.769123,-73.92389
15430,40.75158,-73.88327
15431,40.751034,-73.88726
15432,40.759052,-73.90537
15433,40.74868,-73.78706
15434,40.753597,-73.786446
15435,40.75056,-73.789566
15436,40.757362,-73.80874
15437,40.75018,-73.791466
15438,40.756714,-73.79911
15439,40.75727,-73.78589
15440,40.756756,-73.798164
15441,40.754696,-73.80069
15442,40.749596,-73.78681
15443,40.75816,-73.80211
15444,40.75727,-73.78589
15445,40.75322,-73.80616
15446,40.749123,-73.79507
15447,40.756958,-73.793594
15448,40.751015,-73.8046
15449,40.750427,-73.79089
15450,40.755867,-73.788925
15451,40.75525,-73.79231
15452,40.758842,-73.80826
15453,40.75404,-73.797585
15454,40.759785,-73.78805
15455,40.758816,-73.78608
15456,40.75886,-73.79886
15457,40.75632,-73.80897
15458,40.74837,-73.793526
15459,40.749584,-73.78759
15460,40.753635,-73.78587
15461,40.748886,-73.794044
15462,40.748806,-73.792656
15463,40.751015,-73.79078
15464,40.76021,-73.791824
15465,40.760204,-73.8005
15466,40.75295,-73.82199
15467,40.751232,-73.821365
15468,40.751232,-73.821365
15469,40.751232,-73.821365
15470,40.75213,-73.82135
15471,40.751232,-73.821365
15472,40.752335,-73.826324
15473,40.751232,-73.821365
15474,40.753845,-73.82618
15475,40.753326,-73.82636
15476,40.751232,-73.821365
15477,40.748714,-73.829994
15478,40.753326,-73.826485
15479,40.753242,-73.82538
15480,40.751232,-73.821365
15481,40.751232,-73.821365
15482,40.752518,-73.82353
15483,40.753326,-73.82636
15484,40.751232,-73.821365
15485,40.752483,-73.823326
15486,40.751232,-73.821365
15487,40.751232,-73.821365
15488,40.75278,-73.830246
15489,40.7502,-73.8227
15490,40.75278,-73.830246
15491,40.751232,-73.821365
15492,40.7738,-73.8311
15493,40.7925,-73.80075
15494,40.780468,-73.79512
15495,40.784447,-73.82278
15496,40.77334,-73.82618
15497,40.794476,-73.79573
15498,40.779083,-73.815414
15499,40.79374,-73.797066
15500,40.7855,-73.8109
15501,40.791744,-73.8222
15502,40.775814,-73.803764
15503,40.780807,-73.79332
15504,40.77464,-73.82683
15505,40.793545,-73.79598
15506,40.757893,-73.823135
15507,40.758068,-73.82561
15508,40.755993,-73.8293
15509,40.75474,-73.82266
15510,40.75637,-73.82315
15511,40.758068,-73.82561
15512,40.76876,-73.95718
15513,40.75568,-73.968216
15514,40.76244,-73.9626
15515,40.76784,-73.96306
15516,40.77197,-73.94832
15517,40.771637,-73.9483
15518,40.755344,-73.96285
15519,40.7581,-73.86241
15520,40.757008,-73.87739
15521,40.755707,-73.875916
15522,40.74945,-73.877914
15523,40.75559,-73.86699
15524,40.756783,-73.83324
15525,40.758442,-73.877365
15526,40.750893,-73.8613
15527,40.75634,-73.87792
15528,40.757084,-73.835594
15529,40.755905,-73.836685
15530,40.754543,-73.87881
15531,40.763958,-73.832596
15532,40.765804,-73.87819
15533,40.757946,-73.86523
15534,40.755882,-73.875145
15535,40.757008,-73.87738
15536,40.760277,-73.833916
15537,40.764633,-73.87172
15538,40.763958,-73.832596
15539,40.764496,-73.868225
15540,40.755684,-73.87701
15541,40.760277,-73.833916
15542,40.751358,-73.8684
15543,40.75837,-73.87924
15544,40.765614,-73.86742
15545,40.76518,-73.87371
15546,40.762302,-73.8687
15547,40.757797,-73.8572
15548,40.743313,-73.92328
15549,40.74466,-73.91827
15550,40.741844,-73.88354
15551,40.745075,-73.92319
15552,40.742775,-73.8844
15553,40.74121,-73.881676
15554,40.74245,-73.880035
15555,40.74169,-73.901886
15556,40.742,-73.88331
15557,40.7412,-73.88222
15558,40.741676,-73.88339
15559,40.73167,-73.89363
15560,40.73606,-73.88033
15561,40.73246,-73.886185
15562,40.746346,-73.88301
15563,40.74534,-73.88119
15564,40.74708,-73.91203
15565,40.737953,-73.92242
15566,40.747055,-73.91126
15567,40.745262,-73.88083
15568,40.74245,-73.880035
15569,40.742943,-73.88429
15570,40.74388,-73.89402
15571,40.733242,-73.88899
15572,40.74697,-73.910545
15573,40.7441,-73.89794
15574,40.747055,-73.91126
15575,40.747288,-73.91293
15576,40.743694,-73.880875
15577,40.74697,-73.910545
15578,40.746143,-73.9073
15579,40.73753,-73.926315
15580,40.77696,-73.848
15581,40.787613,-73.84401
15582,40.786358,-73.8456
15583,40.788612,-73.84468
15584,40.78604,-73.849556
15585,40.784634,-73.85632
15586,40.787243,-73.83282
15587,40.79511,-73.84755
15588,40.7859,-73.848595
15589,40.793926,-73.846245
15590,40.791733,-73.84966
15591,40.792698,-73.84639
15592,40.78381,-73.85667
15593,40.77935,-73.84452
15594,40.79304,-73.84652
15595,40.792507,-73.84857
15596,40.786034,-73.83458
15597,40.77466,-73.84574
15598,40.78654,-73.85242
15599,40.784695,-73.8515
15600,40.785793,-73.851295
15601,40.776215,-73.84871
15602,40.793777,-73.843895
15603,40.7859,-73.84861
15604,40.77631,-73.84153
15605,40.79304,-73.84652
15606,40.78594,-73.84132
15607,40.785923,-73.84023
15608,40.776592,-73.84688
15609,40.791412,-73.85074
15610,40.784824,-73.84767
15611,40.77928,-73.841805
15612,40.7828,-73.84468
15613,40.759396,-73.81995
15614,40.759113,-73.817314
15615,40.760162,-73.82034
15616,40.756958,-73.81985
15617,40.760105,-73.82031
15618,40.75935,-73.8198
15619,40.75819,-73.82012
15620,40.75913,-73.81879
15621,40.75453,-73.82074
15622,40.759026,-73.819496
15623,40.75507,-73.809135
15624,40.75805,-73.8132
15625,40.75462,-73.82065
15626,40.75832,-73.81945
15627,40.759026,-73.819496
15628,40.759026,-73.819496
15629,40.758728,-73.81829
15630,40.758728,-73.8183
15631,40.75552,-73.819466
15632,40.759758,-73.81999
15633,40.759113,-73.817314
15634,40.754097,-73.82009
15635,40.759205,-73.82037
15636,40.754097,-73.82009
15637,40.75904,-73.81236
15638,40.759644,-73.81326
15639,40.759674,-73.81947
15640,40.754097,-73.82009
15641,40.759758,-73.81999
15642,40.75868,-73.81874
15643,40.759186,-73.817894
15644,40.75611,-73.8105
15645,40.759026,-73.819496
15646,40.75812,-73.81453
15647,40.758766,-73.81943
15648,40.759907,-73.81959
15649,40.759907,-73.81959
15650,40.759674,-73.81947
15651,40.77761,-73.84445
15652,40.7914,-73.83897
15653,40.787243,-73.85052
15654,40.782276,-73.844986
15655,40.78284,-73.84441
15656,40.788597,-73.84997
15657,40.77641,-73.84234
15658,40.792416,-73.84845
15659,40.78407,-73.84307
15660,40.78088,-73.84144
15661,40.79361,-73.846306
15662,40.77948,-73.84578
15663,40.7875,-73.84949
15664,40.794334,-73.846405
15665,40.79082,-73.84514
15666,40.792892,-73.8451
15667,40.787434,-73.849495
15668,40.78995,-73.846275
15669,40.788998,-73.843925
15670,40.7766,-73.84869
15671,40.77608,-73.845985
15672,40.788387,-73.83848
15673,40.775475,-73.84578
15674,40.78674,-73.8521
15675,40.788612,-73.84944
15676,40.79247,-73.83933
15677,40.78674,-73.8521
15678,40.776535,-73.848694
15679,40.79066,-73.852264
15680,40.779175,-73.846214
15681,40.779,-73.845436
15682,40.777245,-73.84639
15683,40.78804,-73.850815
15684,40.788708,-73.84909
15685,40.77076,-73.82073
15686,40.766666,-73.81573
15687,40.771355,-73.8122
15688,40.772873,-73.812836
15689,40.772366,-73.81292
15690,40.769463,-73.81492
15691,40.77135,-73.82066
15692,40.76904,-73.80912
15693,40.771866,-73.80913
15694,40.7703,-73.8186
15695,40.766666,-73.81573
15696,40.77004,-73.81646
15697,40.768494,-73.81267
15698,40.766705,-73.81142
15699,40.766884,-73.81813
15700,40.76842,-73.811676
15701,40.76836,-73.81083
15702,40.772003,-73.81541
15703,40.77243,-73.81171
15704,40.77242,-73.81156
15705,40.766876,-73.81043
15706,40.772343,-73.81059
15707,40.77045,-73.80952
15708,40.76707,-73.813995
15709,40.770836,-73.8118
15710,40.76867,-73.81899
15711,40.77214,-73.81944
15712,40.769676,-73.81436
15713,40.769726,-73.81072
15714,40.768772,-73.816185
15715,40.770725,-73.820175
15716,40.76993,-73.81345
15717,40.769665,-73.80988
15718,40.747696,-73.813545
15719,40.751408,-73.81265
15720,40.74954,-73.81393
15721,40.74961,-73.81187
15722,40.75105,-73.81875
15723,40.753693,-73.81906
15724,40.748413,-73.81592
15725,40.748413,-73.81592
15726,40.75295,-73.82064
15727,40.749756,-73.81221
15728,40.750378,-73.815475
15729,40.75283,-73.80943
15730,40.75077,-73.81413
15731,40.750664,-73.81687
15732,40.750908,-73.81666
15733,40.750553,-73.809814
15734,40.751175,-73.818985
15735,40.75296,-73.81825
15736,40.75117,-73.818985
15737,40.753487,-73.80992
15738,40.75352,-73.819885
15739,40.753193,-73.819824
15740,40.75295,-73.82064
15741,40.753647,-73.82077
15742,40.753452,-73.82017
15743,40.753296,-73.811165
15744,40.75399,-73.81771
15745,40.75142,-73.81653
15746,40.75117,-73.818985
15747,40.748234,-73.81611
15748,40.752083,-73.81442
15749,40.75287,-73.82037
15750,40.75105,-73.81875
15751,40.753567,-73.815025
15752,40.75182,-73.80921
15753,40.753647,-73.82077
15754,40.773632,-73.847855
15755,40.788174,-73.85082
15756,40.785988,-73.84207
15757,40.77665,-73.84807
15758,40.79361,-73.846306
15759,40.79357,-73.845
15760,40.784588,-73.842316
15761,40.786015,-73.851654
15762,40.774597,-73.84375
15763,40.791664,-73.83894
15764,40.777443,-73.84011
15765,40.79063,-73.848724
15766,40.77547,-73.84567
15767,40.793434,-73.84238
15768,40.79128,-73.850624
15769,40.785774,-73.851295
15770,40.785557,-73.84464
15771,40.790257,-73.853195
15772,40.790108,-73.851654
15773,40.77638,-73.84853
15774,40.77821,-73.84705
15775,40.792984,-73.839806
15776,40.776196,-73.847755
15777,40.788708,-73.849976
15778,40.786533,-73.8423
15779,40.790195,-73.85314
15780,40.78873,-73.84738
15781,40.79259,-73.84353
15782,40.79247,-73.83933
15783,40.753925,-73.86081
15784,40.757824,-73.85731
15785,40.760277,-73.833916
15786,40.752903,-73.875206
15787,40.768486,-73.873314
15788,40.75949,-73.87467
15789,40.757084,-73.835594
15790,40.756138,-73.837685
15791,40.757805,-73.834404
15792,40.759895,-73.876015
15793,40.75009,-73.86546
15794,40.759644,-73.87665
15795,40.75514,-73.87691
15796,40.757797,-73.8572
15797,40.751736,-73.83489
15798,40.757805,-73.834404
15799,40.756138,-73.837685
15800,40.757797,-73.8572
15801,40.75654,-73.83745
15802,40.75654,-73.83745
15803,40.758038,-73.85627
15804,40.756237,-73.877106
15805,40.755783,-73.876076
15806,40.770237,-73.87587
15807,40.767593,-73.87107
15808,40.76108,-73.83315
15809,40.735683,-73.84911
15810,40.735683,-73.84911
15811,40.735683,-73.84911
15812,40.735523,-73.85072
15813,40.744095,-73.83295
15814,40.736015,-73.84942
15815,40.736015,-73.84942
15816,40.735588,-73.84904
15817,40.73595,-73.84926
15818,40.735588,-73.84904
15819,40.7369,-73.84845
15820,40.73595,-73.84926
15821,40.735588,-73.84904
15822,40.74075,-73.85363
15823,40.73885,-73.855225
15824,40.73833,-73.85243
15825,40.735588,-73.84904
15826,40.73871,-73.85278
15827,40.73595,-73.84926
15828,40.735683,-73.84911
15829,40.736015,-73.84942
15830,40.735588,-73.84904
15831,40.743107,-73.84845
15832,40.737747,-73.84746
15833,40.73775,-73.84746
15834,40.735523,-73.85072
15835,40.73576,-73.85151
15836,40.735523,-73.85072
15837,40.739494,-73.8535
15838,40.73885,-73.855225
15839,40.73871,-73.85278
15840,40.769753,-73.830086
15841,40.768112,-73.82277
15842,40.76854,-73.83009
15843,40.772915,-73.825134
15844,40.769485,-73.827675
15845,40.76858,-73.82711
15846,40.769688,-73.82917
15847,40.769753,-73.830086
15848,40.769302,-73.82881
15849,40.76858,-73.82711
15850,40.76858,-73.82711
15851,40.76769,-73.82562
15852,40.766727,-73.82642
15853,40.76858,-73.82711
15854,40.771107,-73.83132
15855,40.769688,-73.82917
15856,40.77009,-73.83132
15857,40.767178,-73.825386
15858,40.769135,-73.82698
15859,40.7676,-73.8278
15860,40.769135,-73.82698
15861,40.767937,-73.8278
15862,40.76858,-73.82711
15863,40.770863,-73.82787
15864,40.768932,-73.8293
15865,40.772064,-73.82436
15866,40.77015,-73.82881
15867,40.77071,-73.82862
15868,40.770367,-73.829994
15869,40.769753,-73.830086
15870,40.7676,-73.8278
15871,40.764526,-73.831985
15872,40.764572,-73.82553
15873,40.762035,-73.82209
15874,40.763836,-73.82768
15875,40.763836,-73.82768
15876,40.762398,-73.82268
15877,40.762398,-73.82268
15878,40.72304,-73.877625
15879,40.72702,-73.85727
15880,40.732662,-73.860405
15881,40.73303,-73.85721
15882,40.724117,-73.87734
15883,40.72645,-73.85938
15884,40.727722,-73.85863
15885,40.731167,-73.85684
15886,40.73043,-73.87895
15887,40.72249,-73.857635
15888,40.734467,-73.86013
15889,40.73096,-73.85625
15890,40.73241,-73.86132
15891,40.731167,-73.85684
15892,40.729053,-73.86372
15893,40.733643,-73.85926
15894,40.734436,-73.85904
15895,40.723236,-73.862785
15896,40.725903,-73.86007
15897,40.730145,-73.85979
15898,40.72718,-73.86104
15899,40.726055,-73.85614
15900,40.72975,-73.86342
15901,40.72778,-73.85935
15902,40.734436,-73.85904
15903,40.732662,-73.860405
15904,40.730145,-73.85979
15905,40.728542,-73.87284
15906,40.734436,-73.85904
15907,40.734436,-73.85904
15908,40.72271,-73.85757
15909,40.72365,-73.862785
15910,40.733578,-73.85903
15911,40.727436,-73.86835
15912,40.731606,-73.876144
15913,40.726704,-73.874626
15914,40.73084,-73.856804
15915,40.731377,-73.86777
15916,40.733124,-73.876816
15917,40.724373,-73.87492
15918,40.725903,-73.86007
15919,40.733086,-73.87437
15920,40.7335,-73.8592
15921,40.731373,-73.86036
15922,40.724747,-73.87235
15923,40.73183,-73.8578
15924,40.731827,-73.87627
15925,40.726456,-73.85939
15926,40.73391,-73.86034
15927,40.730408,-73.85683
15928,40.725075,-73.874054
15929,40.72752,-73.85891
15930,40.731358,-73.86746
15931,40.727585,-73.86067
15932,40.732235,-73.858894
15933,40.72645,-73.85938
15934,40.72721,-73.86312
15935,40.723278,-73.87371
15936,40.73227,-73.85988
15937,40.73287,-73.86034
15938,40.733337,-73.858734
15939,40.723656,-73.87732
15940,40.727055,-73.86275
15941,40.73029,-73.8585
15942,40.734097,-73.86232
15943,40.734436,-73.85904
15944,40.734623,-73.86533
15945,40.733578,-73.85903
15946,40.72328,-73.87338
15947,40.724243,-73.878586
15948,40.73062,-73.85779
15949,40.730408,-73.85683
15950,40.731865,-73.857895
15951,40.723415,-73.87569
15952,40.726696,-73.86631
15953,40.72316,-73.86745
15954,40.731373,-73.86036
15955,40.725903,-73.86007
15956,40.72345,-73.85622
15957,40.72313,-73.85771
15958,40.734436,-73.85904
15959,40.72273,-73.87737
15960,40.725693,-73.85886
15961,40.726017,-73.858864
15962,40.72794,-73.85914
15963,40.73129,-73.85773
15964,40.734097,-73.86232
15965,40.723686,-73.87642
15966,40.72798,-73.86985
15967,40.733627,-73.859604
15968,40.733845,-73.86188
15969,40.723675,-73.87513
15970,40.725903,-73.86007
15971,40.730015,-73.857254
15972,40.730938,-73.85672
15973,40.72313,-73.85771
15974,40.732967,-73.85857
15975,40.730076,-73.85794
15976,40.733627,-73.859604
15977,40.723087,-73.87652
15978,40.72563,-73.87277
15979,40.726467,-73.87607
15980,40.726547,-73.86074
15981,40.732967,-73.85857
15982,40.722885,-73.86694
15983,40.73029,-73.85811
15984,40.73018,-73.856705
15985,40.727707,-73.86065
15986,40.730625,-73.85779
15987,40.73012,-73.85978
15988,40.729366,-73.86954
15989,40.73241,-73.86132
15990,40.728287,-73.867805
15991,40.72568,-73.85726
15992,40.7285,-73.87381
15993,40.735027,-73.866165
15994,40.72721,-73.86312
15995,40.732967,-73.85857
15996,40.728848,-73.86198
15997,40.73184,-73.859634
15998,40.734467,-73.86013
15999,40.727707,-73.86065
16000,40.72436,-73.86105
16001,40.726913,-73.868904
16002,40.72822,-73.87327
16003,40.729946,-73.86462
16004,40.73026,-73.86578
16005,40.731007,-73.85739
16006,40.72645,-73.85938
16007,40.724483,-73.86966
16008,40.73182,-73.86889
16009,40.7306,-73.86668
16010,40.72986,-73.86439
16011,40.72313,-73.85753
16012,40.725475,-73.856705
16013,40.72985,-73.857796
16014,40.733047,-73.86121
16015,40.722794,-73.87629
16016,40.73184,-73.859634
16017,40.72902,-73.86142
16018,40.730633,-73.85694
16019,40.72642,-73.86741
16020,40.733643,-73.85926
16021,40.73187,-73.85711
16022,40.726177,-73.85799
16023,40.7306,-73.86668
16024,40.727364,-73.873
16025,40.7306,-73.86668
16026,40.733845,-73.86188
16027,40.733685,-73.86023
16028,40.733448,-73.86199
16029,40.728935,-73.86221
16030,40.734463,-73.8654
16031,40.728954,-73.86156
16032,40.73501,-73.8781
16033,40.73241,-73.86132
16034,40.72612,-73.85924
16035,40.724342,-73.877525
16036,40.72645,-73.85938
16037,40.7306,-73.86668
16038,40.72689,-73.869255
16039,40.727364,-73.873
16040,40.723064,-73.8765
16041,40.722687,-73.87815
16042,40.72291,-73.87528
16043,40.732967,-73.85857
16044,40.73241,-73.86132
16045,40.730206,-73.871864
16046,40.723156,-73.86965
16047,40.733448,-73.86199
16048,40.733578,-73.85903
16049,40.732216,-73.866974
16050,40.730377,-73.87281
16051,40.72408,-73.85821
16052,40.73338,-73.86214
16053,40.732155,-73.85858
16054,40.726173,-73.87482
16055,40.723156,-73.85632
16056,40.73091,-73.86082
16057,40.72365,-73.862785
16058,40.728508,-73.86845
16059,40.726574,-73.87318
16060,40.73187,-73.85711
16061,40.72842,-73.86011
16062,40.733845,-73.86188
16063,40.73184,-73.859634
16064,40.72895,-73.86156
16065,40.72985,-73.857796
16066,40.73183,-73.8578
16067,40.72804,-73.87
16068,40.728046,-73.86955
16069,40.72345,-73.85622
16070,40.734463,-73.8654
16071,40.733448,-73.86199
16072,40.728973,-73.86382
16073,40.732235,-73.858894
16074,40.733578,-73.85903
16075,40.732967,-73.85857
16076,40.73184,-73.859634
16077,40.731007,-73.85739
16078,40.723885,-73.87496
16079,40.734303,-73.85996
16080,40.733627,-73.859604
16081,40.72895,-73.86156
16082,40.734436,-73.85904
16083,40.72906,-73.86438
16084,40.72679,-73.85881
16085,40.726532,-73.860695
16086,40.73183,-73.8578
16087,40.733448,-73.86199
16088,40.72645,-73.85938
16089,40.726387,-73.86148
16090,40.79082,-73.8487
16091,40.789,-73.84282
16092,40.787647,-73.84697
16093,40.790257,-73.85168
16094,40.790257,-73.853195
16095,40.793728,-73.84392
16096,40.785088,-73.84839
16097,40.79415,-73.846405
16098,40.79248,-73.84848
16099,40.791275,-73.84752
16100,40.7827,-73.84575
16101,40.774174,-73.84471
16102,40.7926,-73.848114
16103,40.792465,-73.83983
16104,40.793575,-73.843956
16105,40.774193,-73.845245
16106,40.776527,-73.845955
16107,40.791683,-73.84637
16108,40.777473,-73.839554
16109,40.785065,-73.85674
16110,40.790318,-73.85196
16111,40.781303,-73.8426
16112,40.79335,-73.8447
16113,40.733643,-73.85926
16114,40.732662,-73.860405
16115,40.73184,-73.859634
16116,40.730026,-73.86876
16117,40.73183,-73.8578
16118,40.730843,-73.85789
16119,40.731182,-73.86787
16120,40.72648,-73.85763
16121,40.72546,-73.86802
16122,40.732235,-73.858894
16123,40.73137,-73.856155
16124,40.728672,-73.867645
16125,40.73129,-73.85773
16126,40.73451,-73.8595
16127,40.732967,-73.85857
16128,40.726673,-73.86054
16129,40.726387,-73.86148
16130,40.732967,-73.85857
16131,40.73451,-73.8595
16132,40.734436,-73.85904
16133,40.7306,-73.86668
16134,40.73197,-73.857895
16135,40.731182,-73.86787
16136,40.72914,-73.87731
16137,40.734436,-73.85904
16138,40.72631,-73.85951
16139,40.733643,-73.85926
16140,40.72994,-73.8589
16141,40.725906,-73.85755
16142,40.725906,-73.85755
16143,40.72895,-73.86156
16144,40.725536,-73.85964
16145,40.733627,-73.859604
16146,40.731167,-73.85684
16147,40.733322,-73.85747
16148,40.72546,-73.86688
16149,40.731167,-73.86759
16150,40.731182,-73.85762
16151,40.73612,-73.868645
16152,40.74561,-73.862495
16153,40.73815,-73.862335
16154,40.736732,-73.86895
16155,40.738884,-73.87612
16156,40.737602,-73.85692
16157,40.74536,-73.86289
16158,40.738136,-73.8582
16159,40.73847,-73.87877
16160,40.738853,-73.86053
16161,40.738434,-73.861465
16162,40.74075,-73.871666
16163,40.73527,-73.86573
16164,40.7456,-73.874306
16165,40.735207,-73.8666
16166,40.74089,-73.87872
16167,40.739178,-73.87447
16168,40.736557,-73.85886
16169,40.738804,-73.87838
16170,40.73527,-73.86573
16171,40.738277,-73.86171
16172,40.736282,-73.865845
16173,40.74622,-73.87081
16174,40.74547,-73.857796
16175,40.737885,-73.87062
16176,40.73581,-73.86608
16177,40.745617,-73.86248
16178,40.737366,-73.87892
16179,40.738804,-73.87838
16180,40.73609,-73.86555
16181,40.738106,-73.87464
16182,40.73659,-73.873276
16183,40.737366,-73.87892
16184,40.73612,-73.868645
16185,40.739017,-73.87052
16186,40.737465,-73.85759
16187,40.730465,-73.832855
16188,40.731228,-73.84423
16189,40.729534,-73.842995
16190,40.729298,-73.84302
16191,40.726192,-73.85399
16192,40.72335,-73.844864
16193,40.723442,-73.847115
16194,40.726974,-73.8495
16195,40.726616,-73.84635
16196,40.724667,-73.85168
16197,40.728535,-73.85138
16198,40.723396,-73.84686
16199,40.727047,-73.84978
16200,40.724392,-73.854126
16201,40.728603,-73.8505
16202,40.727905,-73.853096
16203,40.727936,-73.849396
16204,40.72601,-73.87642
16205,40.731865,-73.857895
16206,40.731865,-73.857895
16207,40.7302,-73.8582
16208,40.730335,-73.87041
16209,40.734097,-73.86232
16210,40.734837,-73.85968
16211,40.733643,-73.85926
16212,40.733944,-73.86037
16213,40.733627,-73.859604
16214,40.729576,-73.86361
16215,40.734837,-73.85968
16216,40.72601,-73.87642
16217,40.727173,-73.858536
16218,40.72985,-73.857796
16219,40.724236,-73.87743
16220,40.72902,-73.86142
16221,40.724678,-73.872925
16222,40.730186,-73.858795
16223,40.724285,-73.876076
16224,40.728848,-73.86198
16225,40.733845,-73.86188
16226,40.730583,-73.86693
16227,40.729652,-73.85844
16228,40.732235,-73.858894
16229,40.72963,-73.85816
16230,40.73451,-73.8595
16231,40.72784,-73.86969
16232,40.72313,-73.85771
16233,40.7306,-73.86668
16234,40.728935,-73.86221
16235,40.731586,-73.87617
16236,40.726547,-73.87652
16237,40.74527,-73.78575
16238,40.737064,-73.78992
16239,40.74697,-73.78756
16240,40.742016,-73.80715
16241,40.741673,-73.79356
16242,40.744133,-73.79265
16243,40.74725,-73.802315
16244,40.742657,-73.795586
16245,40.744907,-73.78625
16246,40.747375,-73.80104
16247,40.743458,-73.788956
16248,40.746925,-73.80067
16249,40.739365,-73.80559
16250,40.74725,-73.78972
16251,40.744087,-73.79226
16252,40.74729,-73.80198
16253,40.744717,-73.793564
16254,40.739887,-73.79461
16255,40.73865,-73.79818
16256,40.7443,-73.7921
16257,40.74224,-73.790375
16258,40.745636,-73.787926
16259,40.74754,-73.79505
16260,40.74417,-73.7923
16261,40.741222,-73.79133
16262,40.740246,-73.79635
16263,40.74696,-73.79045
16264,40.72246,-73.840614
16265,40.72246,-73.840614
16266,40.7284,-73.8409
16267,40.72246,-73.840614
16268,40.72246,-73.840614
16269,40.72246,-73.840614
16270,40.722713,-73.84226
16271,40.72246,-73.840614
16272,40.72246,-73.840614
16273,40.72246,-73.840614
16274,40.72246,-73.840614
16275,40.722717,-73.84226
16276,40.722717,-73.84226
16277,40.724586,-73.84423
16278,40.72416,-73.83879
16279,40.72246,-73.840614
16280,40.724712,-73.84122
16281,40.725307,-73.84179
16282,40.722713,-73.84226
16283,40.722713,-73.84226
16284,40.72246,-73.840614
16285,40.722588,-73.84249
16286,40.72246,-73.840614
16287,40.722588,-73.84249
16288,40.722713,-73.84226
16289,40.723152,-73.841324
16290,40.722713,-73.84226
16291,40.72246,-73.840614
16292,40.72246,-73.840614
16293,40.72246,-73.840614
16294,40.735092,-73.86594
16295,40.737865,-73.8731
16296,40.738277,-73.86171
16297,40.738934,-73.87729
16298,40.738804,-73.87838
16299,40.735207,-73.8666
16300,40.738693,-73.8704
16301,40.744385,-73.856766
16302,40.738335,-73.85808
16303,40.73662,-73.87528
16304,40.738934,-73.87729
16305,40.73815,-73.862335
16306,40.73657,-73.87063
16307,40.738804,-73.87838
16308,40.73847,-73.87877
16309,40.73903,-73.87785
16310,40.73815,-73.862335
16311,40.738297,-73.87708
16312,40.74203,-73.87949
16313,40.740116,-73.857925
16314,40.73716,-73.87939
16315,40.73716,-73.87939
16316,40.738262,-73.87671
16317,40.738297,-73.87708
16318,40.735207,-73.8666
16319,40.74447,-73.85672
16320,40.738106,-73.87464
16321,40.738297,-73.87708
16322,40.738735,-73.86744
16323,40.73777,-73.859116
16324,40.738804,-73.87838
16325,40.742744,-73.8727
16326,40.740246,-73.874916
16327,40.738297,-73.87708
16328,40.73677,-73.87853
16329,40.738884,-73.87612
16330,40.738262,-73.87671
16331,40.73612,-73.868645
16332,40.737465,-73.85759
16333,40.737362,-73.87891
16334,40.738857,-73.86053
16335,40.745804,-73.877464
16336,40.735096,-73.86594
16337,40.739784,-73.87906
16338,40.73566,-73.87794
16339,40.73754,-73.856415
16340,40.738884,-73.87612
16341,40.737602,-73.85692
16342,40.737053,-73.857185
16343,40.745804,-73.877464
16344,40.74146,-73.8606
16345,40.74522,-73.87325
16346,40.745457,-73.87324
16347,40.740894,-73.858604
16348,40.735287,-73.866554
16349,40.73826,-73.878586
16350,40.741707,-73.860435
16351,40.735813,-73.86608
16352,40.737778,-73.87359
16353,40.737778,-73.87359
16354,40.74522,-73.87325
16355,40.739784,-73.87906
16356,40.738804,-73.87838
16357,40.738136,-73.8582
16358,40.73581,-73.86608
16359,40.738804,-73.87838
16360,40.738335,-73.85808
16361,40.74325,-73.86131
16362,40.73603,-73.86837
16363,40.738853,-73.86053
16364,40.73701,-73.85909
16365,40.735092,-73.86594
16366,40.74203,-73.87949
16367,40.740517,-73.86924
16368,40.738453,-73.86624
16369,40.73603,-73.86837
16370,40.736607,-73.869026
16371,40.740776,-73.86829
16372,40.741592,-73.86156
16373,40.73903,-73.87785
16374,40.73657,-73.87063
16375,40.739613,-73.85618
16376,40.741074,-73.87848
16377,40.738136,-73.8582
16378,40.738335,-73.85808
16379,40.73826,-73.878586
16380,40.73659,-73.873276
16381,40.73668,-73.87219
16382,40.736607,-73.869026
16383,40.737602,-73.85692
16384,40.736443,-73.858315
16385,40.738884,-73.87795
16386,40.73903,-73.87785
16387,40.740894,-73.858604
16388,40.740288,-73.868866
16389,40.738804,-73.87838
16390,40.73657,-73.87063
16391,40.738853,-73.86053
16392,40.737465,-73.85759
16393,40.73352,-73.81532
16394,40.727543,-73.82496
16395,40.731632,-73.82506
16396,40.72927,-73.81674
16397,40.73352,-73.81532
16398,40.7257,-73.81142
16399,40.724586,-73.82358
16400,40.730812,-73.83009
16401,40.73493,-73.8219
16402,40.727703,-73.82552
16403,40.728737,-73.817245
16404,40.73352,-73.81532
16405,40.730618,-73.829575
16406,40.733585,-73.82215
16407,40.728737,-73.817245
16408,40.728638,-73.82365
16409,40.73037,-73.82658
16410,40.73352,-73.81532
16411,40.734653,-73.82253
16412,40.731647,-73.82712
16413,40.728207,-73.83073
16414,40.728825,-73.81963
16415,40.733658,-73.815285
16416,40.72932,-73.8186
16417,40.729084,-73.831825
16418,40.727898,-73.81715
16419,40.72668,-73.826294
16420,40.727898,-73.81715
16421,40.733456,-73.81627
16422,40.73095,-73.818794
16423,40.729904,-73.829124
16424,40.72919,-73.830414
16425,40.728245,-73.82938
16426,40.730297,-73.81741
16427,40.72676,-73.82946
16428,40.738277,-73.86171
16429,40.73754,-73.856415
16430,40.746235,-73.87069
16431,40.73657,-73.87063
16432,40.735207,-73.8666
16433,40.73777,-73.859116
16434,40.736862,-73.872505
16435,40.736782,-73.872185
16436,40.73866,-73.87849
16437,40.741978,-73.86118
16438,40.737713,-73.85649
16439,40.73847,-73.87877
16440,40.746796,-73.874466
16441,40.73815,-73.862335
16442,40.737778,-73.87359
16443,40.736557,-73.85885
16444,40.73581,-73.86608
16445,40.735504,-73.86582
16446,40.738884,-73.87795
16447,40.74602,-73.87797
16448,40.73903,-73.87785
16449,40.746803,-73.87462
16450,40.73847,-73.87877
16451,40.746803,-73.87462
16452,40.735207,-73.8666
16453,40.738136,-73.8582
16454,40.735096,-73.86594
16455,40.738136,-73.8582
16456,40.738335,-73.85808
16457,40.752,-73.85259
16458,40.748173,-73.867836
16459,40.75734,-73.83421
16460,40.756332,-73.83261
16461,40.752026,-73.879166
16462,40.762478,-73.87522
16463,40.757755,-73.83498
16464,40.755714,-73.876724
16465,40.760544,-73.876816
16466,40.755905,-73.87676
16467,40.76613,-73.87298
16468,40.75238,-73.86415
16469,40.76403,-73.871666
16470,40.755905,-73.87676
16471,40.770763,-73.83267
16472,40.756138,-73.837685
16473,40.757046,-73.87929
16474,40.759586,-73.86489
16475,40.75551,-73.87295
16476,40.760277,-73.833916
16477,40.75656,-73.87749
16478,40.757725,-73.87752
16479,40.750088,-73.868286
16480,40.750244,-73.85245
16481,40.75656,-73.87749
16482,40.755054,-73.833595
16483,40.76327,-73.87246
16484,40.74992,-73.86563
16485,40.765823,-73.87776
16486,40.756332,-73.87618
16487,40.757973,-73.85678
16488,40.754402,-73.877106
16489,40.755783,-73.876076
16490,40.757755,-73.87942
16491,40.75873,-73.8639
16492,40.754887,-73.83283
16493,40.72994,-73.848946
16494,40.731792,-73.85281
16495,40.73199,-73.8515
16496,40.734596,-73.85538
16497,40.73072,-73.84993
16498,40.731125,-73.84896
16499,40.73199,-73.8515
16500,40.730556,-73.84733
16501,40.73082,-73.85053
16502,40.730618,-73.84817
16503,40.73117,-73.844826
16504,40.730186,-73.85045
16505,40.732315,-73.855515
16506,40.73408,-73.847595
16507,40.730465,-73.852356
16508,40.733356,-73.8537
16509,40.73499,-73.85065
16510,40.73199,-73.8515
16511,40.730465,-73.852356
16512,40.729057,-73.84782
16513,40.732674,-73.84792
16514,40.73126,-73.84903
16515,40.733356,-73.8537
16516,40.73199,-73.854095
16517,40.732815,-73.85047
16518,40.73082,-73.85053
16519,40.737465,-73.85759
16520,40.74602,-73.87797
16521,40.736782,-73.872185
16522,40.738045,-73.8657
16523,40.74274,-73.8688
16524,40.73842,-73.859505
16525,40.73657,-73.87063
16526,40.742065,-73.87855
16527,40.742897,-73.86906
16528,40.738804,-73.87838
16529,40.73727,-73.87625
16530,40.738884,-73.87612
16531,40.74213,-73.87413
16532,40.738136,-73.8582
16533,40.738335,-73.85808
16534,40.746796,-73.874466
16535,40.747475,-73.8745
16536,40.74545,-73.871155
16537,40.73662,-73.87528
16538,40.738537,-73.87435
16539,40.74602,-73.87797
16540,40.74089,-73.87872
16541,40.73847,-73.87877
16542,40.738804,-73.87838
16543,40.73826,-73.878586
16544,40.74671,-73.87487
16545,40.74203,-73.87949
16546,40.738277,-73.86171
16547,40.73662,-73.87528
16548,40.739784,-73.87906
16549,40.738136,-73.8582
16550,40.735207,-73.8666
16551,40.736607,-73.869026
16552,40.74534,-73.85825
16553,40.73796,-73.859276
16554,40.73866,-73.87849
16555,40.739178,-73.87447
16556,40.738297,-73.87708
16557,40.73603,-73.86837
16558,40.74126,-73.859245
16559,40.738262,-73.87671
16560,40.73729,-73.858955
16561,40.738804,-73.87838
16562,40.73841,-73.86046
16563,40.735207,-73.8666
16564,40.73777,-73.859116
16565,40.73921,-73.87083
16566,40.73752,-73.858185
16567,40.738464,-73.87433
16568,40.741566,-73.869644
16569,40.73826,-73.878586
16570,40.73662,-73.87528
16571,40.73662,-73.87528
16572,40.74537,-73.87926
16573,40.73647,-73.85834
16574,40.738884,-73.87612
16575,40.738262,-73.87671
16576,40.7444,-73.8641
16577,40.737175,-73.876465
16578,40.735287,-73.866554
16579,40.738884,-73.87612
16580,40.73807,-73.86713
16581,40.738884,-73.87795
16582,40.7444,-73.8641
16583,40.738262,-73.87671
16584,40.738853,-73.86053
16585,40.73903,-73.87785
16586,40.738297,-73.87708
16587,40.738827,-73.877396
16588,40.728867,-73.81662
16589,40.733658,-73.815285
16590,40.73053,-73.8277
16591,40.729145,-73.81745
16592,40.733433,-73.81831
16593,40.728905,-73.81985
16594,40.730328,-73.83099
16595,40.728226,-73.815994
16596,40.729313,-73.82603
16597,40.731644,-73.817055
16598,40.731045,-73.818375
16599,40.734005,-73.8227
16600,40.731045,-73.818375
16601,40.730846,-73.815735
16602,40.72789,-73.822014
16603,40.7265,-73.81794
16604,40.73361,-73.815834
16605,40.72927,-73.81674
16606,40.732914,-73.82044
16607,40.73351,-73.82274
16608,40.728188,-73.80975
16609,40.73135,-73.81803
16610,40.731117,-73.825806
16611,40.7235,-73.82557
16612,40.729145,-73.81745
16613,40.729145,-73.81745
16614,40.730576,-73.82498
16615,40.72381,-73.80974
16616,40.732048,-73.82055
16617,40.73083,-73.8174
16618,40.722908,-73.82496
16619,40.724663,-73.81898
16620,40.730488,-73.832535
16621,40.72652,-73.825836
16622,40.734653,-73.82253
16623,40.730396,-73.81653
16624,40.722908,-73.82496
16625,40.72676,-73.82946
16626,40.727673,-73.81132
16627,40.730373,-73.82739
16628,40.731804,-73.816185
16629,40.72262,-73.81654
16630,40.72702,-73.82667
16631,40.7294,-73.82637
16632,40.722782,-73.81341
16633,40.724747,-73.81965
16634,40.730476,-73.82707
16635,40.724617,-73.820076
16636,40.729294,-73.818726
16637,40.732555,-73.81745
16638,40.731335,-73.82607
16639,40.73352,-73.81532
16640,40.732155,-73.81997
16641,40.7325,-73.815186
16642,40.732155,-73.81997
16643,40.7325,-73.815186
16644,40.732555,-73.81745
16645,40.727512,-73.82744
16646,40.72916,-73.8219
16647,40.72676,-73.82946
16648,40.726418,-73.82799
16649,40.72696,-73.82279
16650,40.73352,-73.81532
16651,40.73372,-73.81699
16652,40.728252,-73.82049
16653,40.72479,-73.82223
16654,40.724445,-73.818115
16655,40.73493,-73.8219
16656,40.73406,-73.82532
16657,40.734715,-73.82328
16658,40.728024,-73.82907
16659,40.72975,-73.83206
16660,40.733658,-73.815285
16661,40.727833,-73.81586
16662,40.730904,-73.82495
16663,40.73008,-73.82797
16664,40.733955,-73.81936
16665,40.734715,-73.82328
16666,40.7275,-73.81693
16667,40.726833,-73.82075
16668,40.731857,-73.81548
16669,40.728893,-73.819885
16670,40.72683,-73.8248
16671,40.734715,-73.82328
16672,40.727337,-73.81905
16673,40.73275,-73.81671
16674,40.73077,-73.82768
16675,40.72835,-73.81148
16676,40.73152,-73.8287
16677,40.72906,-73.82322
16678,40.73502,-73.82299
16679,40.727936,-73.82052
16680,40.72626,-73.82668
16681,40.73352,-73.81532
16682,40.72577,-73.82307
16683,40.72445,-73.81195
16684,40.728737,-73.817245
16685,40.731815,-73.82092
16686,40.72927,-73.81674
16687,40.72676,-73.82946
16688,40.7314,-73.82063
16689,40.732006,-73.81899
16690,40.733105,-73.818214
16691,40.72676,-73.82946
16692,40.728153,-73.820435
16693,40.728237,-73.82047
16694,40.733105,-73.818214
16695,40.729218,-73.83077
16696,40.726646,-73.80926
16697,40.729576,-73.82722
16698,40.727295,-73.82408
16699,40.72676,-73.82946
16700,40.723457,-73.8113
16701,40.732384,-73.81572
16702,40.73039,-73.82996
16703,40.73009,-73.82772
16704,40.732105,-73.818855
16705,40.732105,-73.818855
16706,40.73311,-73.82468
16707,40.729572,-73.82557
16708,40.733627,-73.81957
16709,40.73021,-73.817566
16710,40.728188,-73.80975
16711,40.72743,-73.818756
16712,40.731422,-73.81875
16713,40.724487,-73.82684
16714,40.727203,-73.82103
16715,40.72676,-73.82946
16716,40.731216,-73.81923
16717,40.729385,-73.82902
16718,40.7298,-73.82647
16719,40.73366,-73.81766
16720,40.729008,-73.83041
16721,40.72295,-73.820755
16722,40.728737,-73.817245
16723,40.726624,-73.82967
16724,40.732525,-73.82446
16725,40.729145,-73.8284
16726,40.729416,-73.81673
16727,40.73329,-73.82446
16728,40.731857,-73.81548
16729,40.731857,-73.81548
16730,40.73329,-73.82446
16731,40.73253,-73.82336
16732,40.728428,-73.82177
16733,40.73373,-73.81709
16734,40.72676,-73.82946
16735,40.734715,-73.82328
16736,40.73263,-73.817215
16737,40.72835,-73.81148
16738,40.732212,-73.82
16739,40.733776,-73.81874
16740,40.723568,-73.82522
16741,40.724117,-73.811295
16742,40.734715,-73.82328
16743,40.72334,-73.8232
16744,40.72609,-73.82032
16745,40.732212,-73.82
16746,40.768894,-73.806885
16747,40.76639,-73.787994
16748,40.762394,-73.78616
16749,40.762505,-73.79921
16750,40.765064,-73.806465
16751,40.766724,-73.78765
16752,40.769,-73.786934
16753,40.769352,-73.80008
16754,40.762684,-73.80716
16755,40.766697,-73.80661
16756,40.76768,-73.78727
16757,40.771492,-73.806816
16758,40.769676,-73.78996
16759,40.768166,-73.79849
16760,40.768055,-73.78831
16761,40.76195,-73.791336
16762,40.76455,-73.79074
16763,40.76589,-73.78604
16764,40.76299,-73.80441
16765,40.762672,-73.795815
16766,40.762672,-73.795815
16767,40.761566,-73.79705
16768,40.76589,-73.78604
16769,40.76284,-73.8043
16770,40.763214,-73.80469
16771,40.769176,-73.80779
16772,40.765526,-73.78615
16773,40.77078,-73.80286
16774,40.76213,-73.797424
16775,40.76686,-73.791084
16776,40.762535,-73.79585
16777,40.76158,-73.79579
16778,40.76361,-73.79854
16779,40.7667,-73.78774
16780,40.730003,-73.794495
16781,40.728153,-73.79232
16782,40.724644,-73.79075
16783,40.730003,-73.80798
16784,40.727943,-73.793106
16785,40.729492,-73.80393
16786,40.728737,-73.787094
16787,40.729176,-73.79846
16788,40.730316,-73.795074
16789,40.72394,-73.78576
16790,40.72799,-73.79944
16791,40.725647,-73.796265
16792,40.72949,-73.80402
16793,40.732742,-73.79551
16794,40.7242,-73.79872
16795,40.72856,-73.805916
16796,40.725643,-73.80592
16797,40.72908,-73.80328
16798,40.729645,-73.80649
16799,40.728054,-73.80895
16800,40.730152,-73.79875
16801,40.72493,-73.8013
16802,40.729305,-73.79153
16803,40.724964,-73.805756
16804,40.724983,-73.79518
16805,40.72978,-73.80691
16806,40.72899,-73.80726
16807,40.72975,-73.80736
16808,40.7271,-73.80538
16809,40.72711,-73.79654
16810,40.727947,-73.803825
16811,40.727474,-73.8081
16812,40.730587,-73.78787
16813,40.728416,-73.80582
16814,40.728153,-73.79232
16815,40.73227,-73.7986
16816,40.732742,-73.78985
16817,40.73033,-73.80415
16818,40.733032,-73.803024
16819,40.732155,-73.80403
16820,40.726086,-73.79816
16821,40.728493,-73.786995
16822,40.73305,-73.785805
16823,40.72624,-73.8
16824,40.72949,-73.792305
16825,40.72738,-73.793755
16826,40.729527,-73.79133
16827,40.72637,-73.790985
16828,40.72605,-73.79179
16829,40.727715,-73.78763
16830,40.731236,-73.80047
16831,40.72696,-73.79924
16832,40.728012,-73.78972
16833,40.728657,-73.80369
16834,40.724514,-73.78712
16835,40.729557,-73.80776
16836,40.72953,-73.798965
16837,40.723534,-73.80069
16838,40.729145,-73.806694
16839,40.72828,-73.7869
16840,40.72451,-73.78801
16841,40.730515,-73.80224
16842,40.731556,-73.79631
16843,40.727253,-73.80371
16844,40.73005,-73.80237
16845,40.73178,-73.79498
16846,40.729614,-73.808624
16847,40.731087,-73.79553
16848,40.73334,-73.79674
16849,40.729946,-73.80825
16850,40.74285,-73.822495
16851,40.745903,-73.829796
16852,40.74139,-73.81182
16853,40.73759,-73.81077
16854,40.745777,-73.8291
16855,40.742012,-73.81744
16856,40.742367,-73.8134
16857,40.745106,-73.822876
16858,40.739967,-73.82368
16859,40.74686,-73.81401
16860,40.739388,-73.829636
16861,40.74021,-73.81762
16862,40.739506,-73.82801
16863,40.746758,-73.81418
16864,40.73862,-73.83014
16865,40.746845,-73.81344
16866,40.746384,-73.831856
16867,40.73963,-73.822205
16868,40.740658,-73.82358
16869,40.74408,-73.82928
16870,40.741104,-73.812416
16871,40.741516,-73.812386
16872,40.74,-73.81061
16873,40.74168,-73.8139
16874,40.74383,-73.8191
16875,40.74167,-73.81364
16876,40.739616,-73.827354
16877,40.7428,-73.824425
16878,40.746834,-73.82841
16879,40.743065,-73.821465
16880,40.740597,-73.81786
16881,40.743668,-73.81773
16882,40.740948,-73.81891
16883,40.743004,-73.82619
16884,40.73961,-73.826866
16885,40.742146,-73.81909
16886,40.73365,-73.792274
16887,40.73163,-73.80379
16888,40.727097,-73.80018
16889,40.726486,-73.79733
16890,40.72687,-73.791504
16891,40.729748,-73.78877
16892,40.72939,-73.808205
16893,40.734535,-73.7897
16894,40.730873,-73.79388
16895,40.729927,-73.79695
16896,40.72657,-73.80171
16897,40.727642,-73.78857
16898,40.72856,-73.80642
16899,40.729897,-73.80814
16900,40.728756,-73.79589
16901,40.726807,-73.78651
16902,40.72978,-73.80691
16903,40.733395,-73.79674
16904,40.731327,-73.799576
16905,40.73293,-73.80032
16906,40.729984,-73.78956
16907,40.72779,-73.78962
16908,40.73336,-73.79674
16909,40.732597,-73.78879
16910,40.723846,-73.80632
16911,40.729317,-73.808205
16912,40.72702,-73.78929
16913,40.729843,-73.80798
16914,40.72519,-73.791145
16915,40.72732,-73.80831
16916,40.72858,-73.79586
16917,40.72571,-73.80174
16918,40.725227,-73.80336
16919,40.725327,-73.7962
16920,40.728718,-73.79686
16921,40.73218,-73.7977
16922,40.7317,-73.80135
16923,40.72311,-73.80802
16924,40.732777,-73.78986
16925,40.72362,-73.80782
16926,40.73205,-73.80314
16927,40.733875,-73.788925
16928,40.72708,-73.79159
16929,40.733814,-73.78638
16930,40.729824,-73.78725
16931,40.72468,-73.796005
16932,40.731007,-73.7984
16933,40.73044,-73.80609
16934,40.73396,-73.8039
16935,40.733494,-73.79069
16936,40.732025,-73.80042
16937,40.724957,-73.79517
16938,40.724968,-73.789375
16939,40.732155,-73.791565
16940,40.738297,-73.87708
16941,40.74129,-73.86144
16942,40.742832,-73.879456
16943,40.739086,-73.8665
16944,40.73847,-73.87877
16945,40.73839,-73.878395
16946,40.73727,-73.87625
16947,40.73847,-73.87877
16948,40.743374,-73.86144
16949,40.744408,-73.86177
16950,40.741344,-73.869026
16951,40.735096,-73.86594
16952,40.73729,-73.858955
16953,40.747253,-73.86255
16954,40.740982,-73.85814
16955,40.737602,-73.85692
16956,40.735092,-73.86594
16957,40.73704,-73.85938
16958,40.742313,-73.86955
16959,40.738884,-73.87612
16960,40.74089,-73.87872
16961,40.73754,-73.856415
16962,40.737053,-73.857185
16963,40.741817,-73.86121
16964,40.73704,-73.85938
16965,40.737602,-73.85692
16966,40.738136,-73.8582
16967,40.741,-73.8788
16968,40.7404,-73.876236
16969,40.73826,-73.878586
16970,40.746407,-73.87097
16971,40.73657,-73.87063
16972,40.738335,-73.85808
16973,40.730473,-73.83058
16974,40.723038,-73.82315
16975,40.73072,-73.832184
16976,40.72546,-73.81069
16977,40.731438,-73.81718
16978,40.73352,-73.81532
16979,40.73151,-73.817276
16980,40.734715,-73.82328
16981,40.728024,-73.82907
16982,40.723434,-73.81637
16983,40.72727,-73.82019
16984,40.73255,-73.81695
16985,40.72469,-73.82363
16986,40.72835,-73.81148
16987,40.732594,-73.82047
16988,40.731785,-73.82611
16989,40.724575,-73.81769
16990,40.733925,-73.819046
16991,40.73502,-73.82299
16992,40.73493,-73.8219
16993,40.727028,-73.826996
16994,40.733826,-73.81804
16995,40.72248,-73.82247
16996,40.722473,-73.817024
16997,40.73271,-73.820816
16998,40.725964,-73.825134
16999,40.73037,-73.82658
17000,40.728672,-73.82194
17001,40.72566,-73.81828
17002,40.734653,-73.82253
17003,40.73275,-73.81671
17004,40.724277,-73.82117
17005,40.73156,-73.82891
17006,40.72676,-73.82946
17007,40.72683,-73.8248
17008,40.730457,-73.80503
17009,40.73465,-73.7974
17010,40.73071,-73.787926
17011,40.727222,-73.80405
17012,40.73044,-73.80609
17013,40.72405,-73.79868
17014,40.727898,-73.805855
17015,40.73382,-73.78911
17016,40.726128,-73.791824
17017,40.72592,-73.79813
17018,40.724377,-73.800575
17019,40.730606,-73.79535
17020,40.722538,-73.80791
17021,40.72247,-73.786415
17022,40.727867,-73.804504
17023,40.73302,-73.78799
17024,40.73081,-73.78699
17025,40.730606,-73.79535
17026,40.724724,-73.79602
17027,40.7242,-73.80235
17028,40.73007,-73.79605
17029,40.73007,-73.79605
17030,40.723854,-73.802795
17031,40.7327,-73.789825
17032,40.729782,-73.807
17033,40.727478,-73.80808
17034,40.733868,-73.80391
17035,40.730984,-73.79389
17036,40.73503,-73.78794
17037,40.723125,-73.80283
17038,40.731056,-73.7861
17039,40.723812,-73.79859
17040,40.731,-73.79389
17041,40.728844,-73.803825
17042,40.723545,-73.805565
17043,40.725334,-73.800735
17044,40.726635,-73.80037
17045,40.723217,-73.80298
17046,40.64324,-73.97644
17047,40.634727,-73.98144
17048,40.646687,-73.974045
17049,40.6431,-73.97716
17050,40.634518,-73.9786
17051,40.6424,-73.97457
17052,40.641773,-73.97446
17053,40.641773,-73.97446
17054,40.64293,-73.97471
17055,40.636726,-73.992966
17056,40.646687,-73.974045
17057,40.641197,-73.99456
17058,40.641773,-73.97446
17059,40.64339,-73.97598
17060,40.63996,-73.97552
17061,40.640675,-73.97412
17062,40.64339,-73.97598
17063,40.640675,-73.97412
17064,40.64636,-73.97533
17065,40.634514,-73.982666
17066,40.64339,-73.97598
17067,40.646687,-73.974045
17068,40.639946,-73.97514
17069,40.64086,-73.97524
17070,40.63571,-73.99278
17071,40.6424,-73.97457
17072,40.63938,-73.99283
17073,40.64339,-73.97598
17074,40.638107,-73.99374
17075,40.639927,-73.973885
17076,40.640675,-73.97412
17077,40.634285,-73.97395
17078,40.644913,-73.97372
17079,40.63654,-73.99206
17080,40.638603,-73.98082
17081,40.6431,-73.97716
17082,40.643513,-73.994606
17083,40.644913,-73.97372
17084,40.646687,-73.974045
17085,40.634605,-73.97602
17086,40.63887,-73.99349
17087,40.646687,-73.974045
17088,40.646687,-73.974045
17089,40.64324,-73.97644
17090,40.639927,-73.973885
17091,40.644077,-73.9736
17092,40.639256,-73.995285
17093,40.63894,-73.99627
17094,40.64293,-73.97471
17095,40.64324,-73.97644
17096,40.646027,-73.98149
17097,40.6361,-73.97994
17098,40.646687,-73.974045
17099,40.646687,-73.974045
17100,40.63894,-73.99627
17101,40.646027,-73.98149
17102,40.634907,-73.98472
17103,40.644634,-73.982475
17104,40.63572,-73.989784
17105,40.646027,-73.98149
17106,40.646687,-73.974045
17107,40.644184,-73.97362
17108,40.646687,-73.974045
17109,40.646687,-73.974045
17110,40.634727,-73.98144
17111,40.640675,-73.97412
17112,40.64441,-73.973656
17113,40.643238,-73.97644
17114,40.6436,-73.985146
17115,40.63915,-73.97396
17116,40.64095,-73.975525
17117,40.635345,-73.9886
17118,40.63593,-73.99256
17119,40.64339,-73.97598
17120,40.645058,-73.99467
17121,40.665684,-73.98483
17122,40.66458,-73.9829
17123,40.659485,-73.97731
17124,40.663544,-73.984
17125,40.667572,-73.98237
17126,40.670746,-73.982
17127,40.670654,-73.97941
17128,40.659485,-73.97731
17129,40.669315,-73.976654
17130,40.66313,-73.98722
17131,40.66445,-73.98153
17132,40.660213,-73.992004
17133,40.663754,-73.995
17134,40.670734,-73.97606
17135,40.666634,-73.991005
17136,40.66887,-73.97393
17137,40.670547,-73.97393
17138,40.669815,-73.976555
17139,40.671898,-73.98271
17140,40.663467,-73.980255
17141,40.664272,-73.9934
17142,40.67194,-73.97463
17143,40.665558,-73.979744
17144,40.670727,-73.97959
17145,40.66437,-73.98109
17146,40.671898,-73.98271
17147,40.665028,-73.99074
17148,40.66887,-73.97393
17149,40.668186,-73.99331
17150,40.66458,-73.9829
17151,40.669315,-73.976654
17152,40.66116,-73.98072
17153,40.66692,-73.98983
17154,40.66437,-73.98109
17155,40.665028,-73.99074
17156,40.670727,-73.97959
17157,40.670517,-73.98152
17158,40.66339,-73.9801
17159,40.660088,-73.99028
17160,40.67047,-73.98156
17161,40.665977,-73.989655
17162,40.67033,-73.97348
17163,40.669,-73.99169
17164,40.671898,-73.98271
17165,40.66698,-73.98732
17166,40.669315,-73.976654
17167,40.663666,-73.99508
17168,40.666553,-73.987335
17169,40.668186,-73.99331
17170,40.6675,-73.9753
17171,40.67049,-73.9738
17172,40.66032,-73.98614
17173,40.664272,-73.9934
17174,40.660072,-73.99072
17175,40.664227,-73.989395
17176,40.66263,-73.986534
17177,40.669052,-73.98278
17178,40.671898,-73.98271
17179,40.669052,-73.98278
17180,40.671898,-73.98271
17181,40.659485,-73.97731
17182,40.66545,-73.9921
17183,40.66682,-73.9787
17184,40.665447,-73.9921
17185,40.664394,-73.98887
17186,40.663677,-73.97964
17187,40.660072,-73.99072
17188,40.668976,-73.99033
17189,40.67049,-73.9738
17190,40.667572,-73.98237
17191,40.666233,-73.993065
17192,40.66439,-73.9823
17193,40.668438,-73.9908
17194,40.66116,-73.98072
17195,40.666897,-73.98735
17196,40.660362,-73.99526
17197,40.660072,-73.99072
17198,40.662827,-73.98417
17199,40.66741,-73.974724
17200,40.669315,-73.976654
17201,40.66929,-73.97665
17202,40.664185,-73.98098
17203,40.664272,-73.9934
17204,40.66551,-73.97961
17205,40.670204,-73.98614
17206,40.668877,-73.992134
17207,40.665867,-73.98959
17208,40.661385,-73.995445
17209,40.66325,-73.984245
17210,40.67072,-73.98652
17211,40.66249,-73.98347
17212,40.664402,-73.98403
17213,40.67194,-73.97463
17214,40.66545,-73.9921
17215,40.66577,-73.97629
17216,40.671898,-73.98271
17217,40.66322,-73.98423
17218,40.67194,-73.97463
17219,40.666714,-73.9922
17220,40.66239,-73.991066
17221,40.66593,-73.978714
17222,40.659485,-73.97731
17223,40.671898,-73.98271
17224,40.671257,-73.992874
17225,40.664043,-73.981445
17226,40.66795,-73.98431
17227,40.663525,-73.979324
17228,40.66028,-73.97895
17229,40.66539,-73.99227
17230,40.663544,-73.984
17231,40.669018,-73.97686
17232,40.66593,-73.978714
17233,40.66432,-73.98815
17234,40.662037,-73.98148
17235,40.668438,-73.9908
17236,40.663525,-73.979324
17237,40.668438,-73.9908
17238,40.665367,-73.98241
17239,40.661892,-73.9946
17240,40.66489,-73.98389
17241,40.666714,-73.9922
17242,40.66857,-73.9915
17243,40.662426,-73.99188
17244,40.660877,-73.99141
17245,40.661907,-73.994804
17246,40.662037,-73.98148
17247,40.66901,-73.97602
17248,40.671795,-73.990555
17249,40.661972,-73.981346
17250,40.66629,-73.99134
17251,40.66798,-73.99203
17252,40.666466,-73.97569
17253,40.661617,-73.99112
17254,40.671463,-73.97405
17255,40.66551,-73.97961
17256,40.664333,-73.98405
17257,40.662643,-73.98448
17258,40.665535,-73.984535
17259,40.67194,-73.97463
17260,40.66458,-73.9829
17261,40.670517,-73.98152
17262,40.66409,-73.980225
17263,40.659817,-73.99285
17264,40.668438,-73.9908
17265,40.667294,-73.99423
17266,40.666126,-73.98123
17267,40.666126,-73.98123
17268,40.662598,-73.9905
17269,40.664505,-73.983894
17270,40.663486,-73.98379
17271,40.670517,-73.98152
17272,40.667595,-73.9818
17273,40.663673,-73.982216
17274,40.671814,-73.97495
17275,40.664783,-73.98036
17276,40.663265,-73.97878
17277,40.66346,-73.97949
17278,40.663177,-73.99084
17279,40.662827,-73.98417
17280,40.66545,-73.9921
17281,40.6647,-73.98873
17282,40.67008,-73.98086
17283,40.6633,-73.97886
17284,40.671795,-73.990555
17285,40.668438,-73.9908
17286,40.67079,-73.97973
17287,40.67012,-73.98002
17288,40.67194,-73.97463
17289,40.67194,-73.97463
17290,40.66434,-73.98799
17291,40.660248,-73.99205
17292,40.66157,-73.99123
17293,40.67079,-73.97973
17294,40.66629,-73.99134
17295,40.663673,-73.982216
17296,40.667274,-73.97501
17297,40.669952,-73.9794
17298,40.667274,-73.97501
17299,40.666233,-73.993065
17300,40.67194,-73.97463
17301,40.66747,-73.98687
17302,40.67194,-73.97463
17303,40.659832,-73.98459
17304,40.66987,-73.982735
17305,40.668438,-73.9908
17306,40.66357,-73.98914
17307,40.67194,-73.97463
17308,40.663605,-73.982285
17309,40.663616,-73.9937
17310,40.662037,-73.99502
17311,40.66242,-73.98961
17312,40.664093,-73.9819
17313,40.665367,-73.979904
17314,40.666874,-73.975334
17315,40.667572,-73.98237
17316,40.667572,-73.982376
17317,40.65989,-73.99206
17318,40.66545,-73.9921
17319,40.670425,-73.97368
17320,40.671955,-73.98219
17321,40.660072,-73.99072
17322,40.66346,-73.97949
17323,40.664043,-73.97771
17324,40.671204,-73.9892
17325,40.663177,-73.99084
17326,40.66184,-73.979546
17327,40.666138,-73.97772
17328,40.671234,-73.97884
17329,40.671764,-73.97724
17330,40.668625,-73.98363
17331,40.660904,-73.9836
17332,40.668438,-73.9908
17333,40.670547,-73.97393
17334,40.663486,-73.980736
17335,40.661434,-73.98129
17336,40.665398,-73.98846
17337,40.671234,-73.97884
17338,40.671654,-73.98053
17339,40.67047,-73.975655
17340,40.671814,-73.97495
17341,40.671814,-73.97495
17342,40.65943,-73.992226
17343,40.66208,-73.98181
17344,40.668438,-73.9908
17345,40.668438,-73.9908
17346,40.65989,-73.99206
17347,40.66796,-73.99041
17348,40.66005,-73.9848
17349,40.666145,-73.98474
17350,40.664337,-73.99188
17351,40.66627,-73.98707
17352,40.66638,-73.98698
17353,40.659683,-73.98568
17354,40.66551,-73.97961
17355,40.6643,-73.9933
17356,40.66357,-73.98914
17357,40.668068,-73.97707
17358,40.666443,-73.9934
17359,40.669228,-73.99217
17360,40.66551,-73.97961
17361,40.66063,-73.99118
17362,40.66638,-73.98698
17363,40.670204,-73.98614
17364,40.661297,-73.995895
17365,40.661396,-73.98121
17366,40.661938,-73.98303
17367,40.67103,-73.985405
17368,40.666878,-73.9809
17369,40.66027,-73.98966
17370,40.668438,-73.9908
17371,40.66855,-73.977295
17372,40.662037,-73.99502
17373,40.66901,-73.97602
17374,40.66545,-73.9921
17375,40.67194,-73.97463
17376,40.66901,-73.97602
17377,40.67194,-73.97463
17378,40.671955,-73.98219
17379,40.666035,-73.98525
17380,40.668358,-73.97625
17381,40.66855,-73.977295
17382,40.666016,-73.98527
17383,40.671814,-73.97495
17384,40.725903,-73.86007
17385,40.726173,-73.85799
17386,40.731773,-73.85686
17387,40.72245,-73.878296
17388,40.722885,-73.86694
17389,40.72274,-73.8743
17390,40.72313,-73.85753
17391,40.732662,-73.860405
17392,40.734467,-73.86013
17393,40.732243,-73.85988
17394,40.729736,-73.86624
17395,40.726192,-73.8589
17396,40.723568,-73.858215
17397,40.73254,-73.867256
17398,40.73187,-73.85711
17399,40.731865,-73.857895
17400,40.73184,-73.859634
17401,40.728615,-73.87276
17402,40.730145,-73.85979
17403,40.729412,-73.87643
17404,40.724506,-73.87464
17405,40.730904,-73.86877
17406,40.728294,-73.86662
17407,40.733448,-73.86199
17408,40.732662,-73.860405
17409,40.732155,-73.85858
17410,40.72834,-73.86738
17411,40.730324,-73.86019
17412,40.726715,-73.86117
17413,40.72566,-73.8679
17414,40.727722,-73.85863
17415,40.725815,-73.86887
17416,40.655815,-73.976295
17417,40.648766,-73.9744
17418,40.648228,-73.975716
17419,40.657017,-73.97442
17420,40.6552,-73.97379
17421,40.658653,-73.975624
17422,40.648914,-73.980194
17423,40.648228,-73.975716
17424,40.648228,-73.975716
17425,40.655815,-73.976295
17426,40.655815,-73.976295
17427,40.65801,-73.983055
17428,40.658813,-73.98275
17429,40.649364,-73.97459
17430,40.653625,-73.97528
17431,40.65558,-73.97636
17432,40.65558,-73.97636
17433,40.651615,-73.97774
17434,40.658813,-73.98275
17435,40.64816,-73.98014
17436,40.657173,-73.97451
17437,40.657017,-73.97442
17438,40.655815,-73.976295
17439,40.647556,-73.97559
17440,40.647556,-73.97559
17441,40.65558,-73.97636
17442,40.65521,-73.9779
17443,40.65456,-73.97435
17444,40.653942,-73.98078
17445,40.631493,-74.1322
17446,40.62423,-74.13378
17447,40.627975,-74.15249
17448,40.62189,-74.14897
17449,40.632763,-74.11648
17450,40.623573,-74.13868
17451,40.62878,-74.13784
17452,40.62969,-74.15957
17453,40.62685,-74.13846
17454,40.633385,-74.11755
17455,40.630276,-74.12095
17456,40.627888,-74.155266
17457,40.63604,-74.15127
17458,40.635666,-74.116745
17459,40.637238,-74.12095
17460,40.630707,-74.11473
17461,40.6289,-74.12849
17462,40.627457,-74.15614
17463,40.631096,-74.13953
17464,40.6227,-74.15969
17465,40.623634,-74.13127
17466,40.627457,-74.15614
17467,40.629276,-74.1597
17468,40.628353,-74.15716
17469,40.635887,-74.15227
17470,40.63643,-74.115524
17471,40.63113,-74.13962
17472,40.624737,-74.12399
17473,40.626232,-74.12466
17474,40.627895,-74.15309
17475,40.622936,-74.12836
17476,40.636578,-74.14665
17477,40.629185,-74.13663
17478,40.63796,-74.142334
17479,40.63282,-74.157326
17480,40.6342,-74.13156
17481,40.63604,-74.15126
17482,40.633396,-74.15272
17483,40.635277,-74.11599
17484,40.666496,-73.98814
17485,40.661396,-73.98121
17486,40.670425,-73.97368
17487,40.66551,-73.97961
17488,40.65943,-73.992226
17489,40.668438,-73.9908
17490,40.667274,-73.97501
17491,40.6609,-73.994644
17492,40.662426,-73.99188
17493,40.668438,-73.9908
17494,40.663486,-73.98405
17495,40.66545,-73.9921
17496,40.660206,-73.9788
17497,40.662037,-73.98148
17498,40.666767,-73.98952
17499,40.65989,-73.99206
17500,40.65989,-73.99206
17501,40.662643,-73.98448
17502,40.667713,-73.9801
17503,40.66767,-73.99244
17504,40.65989,-73.99206
17505,40.65989,-73.99206
17506,40.660915,-73.99224
17507,40.664043,-73.97771
17508,40.660206,-73.9788
17509,40.66184,-73.979546
17510,40.66361,-73.99492
17511,40.65989,-73.99206
17512,40.664402,-73.98403
17513,40.663486,-73.98405
17514,40.670635,-73.97387
17515,40.66627,-73.98707
17516,40.660915,-73.99224
17517,40.667274,-73.97501
17518,40.660686,-73.983795
17519,40.664272,-73.9934
17520,40.663486,-73.98405
17521,40.6424,-73.97457
17522,40.636684,-73.98004
17523,40.635242,-73.989
17524,40.64292,-73.982765
17525,40.644634,-73.982475
17526,40.6424,-73.97457
17527,40.641724,-73.991585
17528,40.64324,-73.97644
17529,40.6447,-73.99401
17530,40.63643,-73.99169
17531,40.640987,-73.99112
17532,40.644634,-73.982475
17533,40.639927,-73.973885
17534,40.635742,-73.99006
17535,40.638603,-73.98082
17536,40.644634,-73.982475
17537,40.6419,-73.983025
17538,40.638893,-73.99052
17539,40.646687,-73.974045
17540,40.635345,-73.9886
17541,40.646687,-73.974045
17542,40.63572,-73.989784
17543,40.636032,-73.97559
17544,40.639664,-73.97509
17545,40.64339,-73.97599
17546,40.646027,-73.98149
17547,40.64636,-73.97533
17548,40.639496,-73.98941
17549,40.63506,-73.98719
17550,40.64636,-73.97533
17551,40.641888,-73.98788
17552,40.64329,-73.97689
17553,40.64339,-73.97599
17554,40.63641,-73.97674
17555,40.6431,-73.97716
17556,40.64134,-73.99003
17557,40.64608,-73.98133
17558,40.645058,-73.99467
17559,40.64375,-73.97483
17560,40.634727,-73.98144
17561,40.64339,-73.97598
17562,40.76378,-73.97857
17563,40.763046,-73.994095
17564,40.760914,-73.99547
17565,40.76181,-73.97695
17566,40.767174,-73.98508
17567,40.74892,-73.97379
17568,40.762867,-73.99466
17569,40.764507,-73.98513
17570,40.76181,-73.97695
17571,40.748497,-73.97854
17572,40.760265,-73.984184
17573,40.750603,-73.989334
17574,40.74996,-73.97892
17575,40.761547,-73.9827
17576,40.761547,-73.9827
17577,40.760193,-73.99413
17578,40.76154,-73.99914
17579,40.768776,-73.988434
17580,40.76409,-73.99538
17581,40.75167,-73.98187
17582,40.770367,-73.98058
17583,40.76154,-73.99914
17584,40.75792,-73.99216
17585,40.74804,-73.98235
17586,40.762047,-73.99194
17587,40.769375,-73.983955
17588,40.767174,-73.98508
17589,40.753662,-73.99767
17590,40.750034,-73.9834
17591,40.64018,-74.001465
17592,40.644524,-73.99699
17593,40.639473,-74.01223
17594,40.63761,-74.01053
17595,40.643806,-74.00023
17596,40.641163,-74.01672
17597,40.639473,-74.01223
17598,40.641907,-74.00909
17599,40.64495,-74.019585
17600,40.639473,-74.00958
17601,40.646378,-74.01312
17602,40.643135,-74.01197
17603,40.641163,-74.01672
17604,40.645058,-74.002884
17605,40.646008,-74.00902
17606,40.638584,-74.005104
17607,40.640297,-74.002815
17608,40.644524,-73.99699
17609,40.64605,-73.998985
17610,40.642788,-74.008446
17611,40.64495,-74.019585
17612,40.5526,-74.159325
17613,40.549416,-74.13983
17614,40.56158,-74.1184
17615,40.552887,-74.14521
17616,40.570934,-74.14199
17617,40.56226,-74.12215
17618,40.55792,-74.15258
17619,40.55006,-74.14177
17620,40.56192,-74.12372
17621,40.56059,-74.15588
17622,40.56647,-74.13325
17623,40.551384,-74.14136
17624,40.55815,-74.130196
17625,40.54848,-74.15554
17626,40.566082,-74.115814
17627,40.565395,-74.150246
17628,40.551117,-74.135445
17629,40.55774,-74.11852
17630,40.56339,-74.14175
17631,40.569576,-74.14346
17632,40.558777,-74.15122
17633,40.559605,-74.133675
17634,40.555702,-74.14823
17635,40.5548,-74.1547
17636,40.55917,-74.15863
17637,40.569447,-74.11858
17638,40.554573,-74.1611
17639,40.552414,-74.13943
17640,40.555504,-74.14253
17641,40.56276,-74.14042
17642,40.56217,-74.14736
17643,40.55501,-74.15742
17644,40.56685,-74.12326
17645,40.552322,-74.135475
17646,40.55746,-74.11566
17647,40.55589,-74.13875
17648,40.571007,-74.142
17649,40.560284,-74.11693
17650,40.569534,-74.11873
17651,40.56408,-74.14331
17652,40.632076,-74.16053
17653,40.629944,-74.13142
17654,40.633495,-74.15474
17655,40.636192,-74.15031
17656,40.635162,-74.14924
17657,40.62331,-74.12592
17658,40.635406,-74.16052
17659,40.637203,-74.114746
17660,40.63311,-74.14334
17661,40.63353,-74.14006
17662,40.63699,-74.12482
17663,40.63495,-74.156715
17664,40.640865,-74.11535
17665,40.63642,-74.12632
17666,40.626396,-74.14899
17667,40.629128,-74.13916
17668,40.62817,-74.12754
17669,40.624756,-74.13442
17670,40.627686,-74.15395
17671,40.627457,-74.15614
17672,40.622025,-74.14555
17673,40.63568,-74.13325
17674,40.628334,-74.12629
17675,40.63508,-74.14405
17676,40.627457,-74.15614
17677,40.62259,-74.15888
17678,40.62745,-74.15614
17679,40.631107,-74.13149
17680,40.626183,-74.14505
17681,40.635025,-74.148834
17682,40.632816,-74.13289
17683,40.630707,-74.13724
17684,40.638905,-74.13804
17685,40.635963,-74.14982
17686,40.628746,-74.15296
17687,40.635265,-74.1573
17688,40.62405,-74.13609
17689,40.63309,-74.159096
17690,40.627697,-74.12294
17691,40.62351,-74.12774
17692,40.55881,-74.14822
17693,40.555153,-74.13269
17694,40.557728,-74.15801
17695,40.558624,-74.12014
17696,40.557014,-74.11732
17697,40.553795,-74.137245
17698,40.55237,-74.15382
17699,40.569763,-74.12236
17700,40.55998,-74.15251
17701,40.55426,-74.13112
17702,40.5655,-74.11572
17703,40.555935,-74.15723
17704,40.567955,-74.137436
17705,40.564186,-74.15519
17706,40.55761,-74.12589
17707,40.569756,-74.12235
17708,40.56591,-74.12304
17709,40.55994,-74.1566
17710,40.55054,-74.13694
17711,40.54709,-74.13897
17712,40.558598,-74.16052
17713,40.56363,-74.148224
17714,40.557194,-74.15875
17715,40.555,-74.14063
17716,40.555737,-74.13199
17717,40.570114,-74.1514
17718,40.554123,-74.14895
17719,40.56689,-74.129005
17720,40.5689,-74.118706
17721,40.567806,-74.13253
17722,40.551483,-74.14055
17723,40.547085,-74.13898
17724,40.567825,-74.132675
17725,40.56937,-74.13463
17726,40.564846,-74.14945
17727,40.565105,-74.152725
17728,40.55635,-74.1248
17729,40.55304,-74.15813
17730,40.568726,-74.14917
17731,40.56232,-74.14073
17732,40.627224,-74.1501
17733,40.62477,-74.13007
17734,40.633835,-74.15295
17735,40.621845,-74.12706
17736,40.63037,-74.1327
17737,40.631496,-74.12254
17738,40.62166,-74.13455
17739,40.63084,-74.15612
17740,40.63595,-74.12363
17741,40.630608,-74.13766
17742,40.627373,-74.14646
17743,40.631836,-74.12069
17744,40.629303,-74.13352
17745,40.627647,-74.14779
17746,40.62541,-74.1277
17747,40.631184,-74.14819
17748,40.636948,-74.126816
17749,40.627457,-74.15614
17750,40.62854,-74.115166
17751,40.631023,-74.15682
17752,40.626465,-74.14734
17753,40.631424,-74.12168
17754,40.63049,-74.15831
17755,40.626045,-74.143074
17756,40.63727,-74.13422
17757,40.63629,-74.12584
17758,40.629097,-74.12906
17759,40.627796,-74.115265
17760,40.62657,-74.15484
17761,40.63726,-74.134766
17762,40.627663,-74.13839
17763,40.627728,-74.141624
17764,40.63048,-74.15897
17765,40.63179,-74.15313
17766,40.63333,-74.12217
17767,40.633488,-74.1574
17768,40.627457,-74.15614
17769,40.634026,-74.14049
17770,40.630123,-73.99201
17771,40.625854,-73.981
17772,40.628136,-73.992325
17773,40.627098,-73.99153
17774,40.62338,-73.99665
17775,40.625603,-73.98151
17776,40.632893,-73.994965
17777,40.63161,-73.99517
17778,40.630512,-73.98638
17779,40.625084,-73.99435
17780,40.629326,-73.99655
17781,40.629498,-73.98354
17782,40.625854,-73.981
17783,40.633987,-73.97906
17784,40.622005,-73.974724
17785,40.63301,-73.97669
17786,40.630573,-73.987305
17787,40.623272,-73.97646
17788,40.628136,-73.992325
17789,40.628284,-73.99241
17790,40.62394,-73.97493
17791,40.624428,-73.99072
17792,40.624413,-73.9741
17793,40.631138,-73.98945
17794,40.63064,-73.98228
17795,40.62867,-73.9834
17796,40.634052,-73.98264
17797,40.622437,-73.976944
17798,40.624966,-73.97894
17799,40.63362,-73.983185
17800,40.632187,-73.98243
17801,40.624092,-73.9775
17802,40.624195,-73.98545
17803,40.62376,-73.99507
17804,40.630627,-73.99041
17805,40.62488,-73.982414
17806,40.630123,-73.99201
17807,40.629375,-73.97507
17808,40.626896,-73.99179
17809,40.786263,-73.97704
17810,40.78871,-73.98015
17811,40.788338,-73.97544
17812,40.790577,-73.97414
17813,40.794502,-73.97603
17814,40.79016,-73.97974
17815,40.794277,-73.97552
17816,40.788925,-73.97667
17817,40.79083,-73.97678
17818,40.787228,-73.98059
17819,40.79083,-73.97678
17820,40.78717,-73.980446
17821,40.79016,-73.97974
17822,40.788925,-73.97667
17823,40.787983,-73.978294
17824,40.79547,-73.97525
17825,40.79125,-73.97651
17826,40.7873,-73.979
17827,40.79016,-73.97974
17828,40.789,-73.978874
17829,40.790295,-73.976425
17830,40.79016,-73.97974
17831,40.79016,-73.97974
17832,40.792347,-73.97573
17833,40.790863,-73.976006
17834,40.78921,-73.97937
17835,40.788864,-73.97933
17836,40.788807,-73.9792
17837,40.61115,-73.991806
17838,40.62022,-73.9863
17839,40.619057,-73.97821
17840,40.61991,-73.99345
17841,40.609093,-73.97578
17842,40.619953,-73.9934
17843,40.61141,-73.979126
17844,40.621033,-73.98614
17845,40.608936,-73.97477
17846,40.61814,-73.994225
17847,40.60959,-73.98414
17848,40.619343,-73.98857
17849,40.61403,-73.984406
17850,40.612156,-73.99
17851,40.611065,-73.97852
17852,40.61413,-73.98155
17853,40.60959,-73.98414
17854,40.61514,-73.98303
17855,40.609657,-73.97869
17856,40.614124,-73.996635
17857,40.61003,-73.97564
17858,40.617207,-73.98642
17859,40.611923,-73.97891
17860,40.621124,-73.98686
17861,40.60959,-73.98414
17862,40.614967,-73.97609
17863,40.616276,-73.98487
17864,40.61645,-73.99144
17865,40.614613,-73.97852
17866,40.614113,-73.985466
17867,40.61727,-73.98436
17868,40.633175,-74.03164
17869,40.628395,-74.03399
17870,40.63235,-74.02408
17871,40.633957,-74.03635
17872,40.63979,-74.029785
17873,40.62666,-74.022224
17874,40.636276,-74.03643
17875,40.633957,-74.03635
17876,40.63871,-74.02807
17877,40.629826,-74.02991
17878,40.6312,-74.02567
17879,40.622948,-74.03037
17880,40.62797,-74.0258
17881,40.628338,-74.02699
17882,40.632652,-74.02233
17883,40.627373,-74.026024
17884,40.627655,-74.02616
17885,40.63474,-74.031136
17886,40.629257,-74.02953
17887,40.639614,-74.029495
17888,40.63594,-74.026306
17889,40.630657,-74.02869
17890,40.62797,-74.0258
17891,40.634895,-74.036385
17892,40.634895,-74.036385
17893,40.621544,-74.03362
17894,40.63224,-74.030045
17895,40.637894,-74.02889
17896,40.639095,-74.02933
17897,40.625546,-74.030525
17898,40.634735,-74.031136
17899,40.63604,-74.03539
17900,40.635525,-74.0313
17901,40.631172,-74.026566
17902,40.625,-74.02941
17903,40.634895,-74.036385
17904,40.634735,-74.031136
17905,40.634735,-74.031136
17906,40.63653,-74.03227
17907,40.635002,-74.03103
17908,40.629665,-74.027466
17909,40.616833,-74.0381
17910,40.61271,-74.064064
17911,40.61588,-74.024895
17912,40.61364,-74.03414
17913,40.615185,-74.06464
17914,40.62044,-74.03979
17915,40.614315,-74.031746
17916,40.62091,-74.03096
17917,40.616344,-74.03779
17918,40.615177,-74.03204
17919,40.616344,-74.03779
17920,40.612385,-74.02618
17921,40.617233,-74.03698
17922,40.615494,-74.03747
17923,40.611057,-74.06024
17924,40.617233,-74.03698
17925,40.614315,-74.031746
17926,40.617653,-74.03864
17927,40.617085,-74.03826
17928,40.61385,-74.026215
17929,40.615494,-74.03747
17930,40.611053,-74.06024
17931,40.617653,-74.03864
17932,40.613415,-74.03631
17933,40.611053,-74.06023
17934,40.615173,-74.06463
17935,40.599148,-74.06638
17936,40.615993,-74.03364
17937,40.617313,-74.02677
17938,40.614506,-74.03583
17939,40.60856,-74.06171
17940,40.618893,-74.02312
17941,40.61375,-74.0315
17942,40.62044,-74.03979
17943,40.62136,-74.03408
17944,40.615185,-74.06464
17945,40.60036,-74.066055
17946,40.62044,-74.03979
17947,40.62044,-74.03979
17948,40.604954,-74.01538
17949,40.608585,-74.014465
17950,40.605568,-74.004814
17951,40.6053,-74.0169
17952,40.59865,-73.997955
17953,40.60165,-74.00405
17954,40.60165,-74.00405
17955,40.601784,-74.00164
17956,40.60377,-74.01602
17957,40.603786,-74.016075
17958,40.60161,-74.01057
17959,40.6064,-73.99855
17960,40.608295,-73.99926
17961,40.60805,-74.01254
17962,40.6021,-74.006966
17963,40.603626,-74.01718
17964,40.6035,-74.01656
17965,40.601963,-74.01034
17966,40.601227,-74.00761
17967,40.60162,-74.00715
17968,40.598057,-73.9983
17969,40.605675,-74.0087
17970,40.60233,-74.00957
17971,40.600277,-74.008316
17972,40.60523,-74.010124
17973,40.605892,-74.01565
17974,40.60411,-74.015526
17975,40.61439,-74.03015
17976,40.615993,-74.03364
17977,40.619728,-74.03921
17978,40.616615,-74.02362
17979,40.61898,-74.028755
17980,40.612988,-74.02733
17981,40.61874,-74.03226
17982,40.618343,-74.03282
17983,40.61399,-74.035576
17984,40.613094,-74.06506
17985,40.612988,-74.02733
17986,40.613853,-74.033585
17987,40.611843,-74.06378
17988,40.609077,-74.066414
17989,40.618103,-74.0369
17990,40.614315,-74.031746
17991,40.6183,-74.02364
17992,40.618916,-74.03962
17993,40.61399,-74.035576
17994,40.611053,-74.06023
17995,40.617413,-74.022934
17996,40.618916,-74.03962
17997,40.62047,-74.03837
17998,40.619965,-74.03112
17999,40.614967,-74.037186
18000,40.618916,-74.03962
18001,40.616833,-74.0381
18002,40.614315,-74.031746
18003,40.614315,-74.031746
18004,40.618103,-74.0369
18005,40.613415,-74.03631
18006,40.618217,-74.03874
18007,40.611057,-74.06023
18008,40.620575,-74.03585
18009,40.614967,-74.037186
18010,40.611057,-74.06024
18011,40.61812,-74.03654
18012,40.614597,-74.03191
18013,40.61876,-74.02323
18014,40.608307,-73.98237
18015,40.604057,-73.99619
18016,40.598907,-73.99631
18017,40.597004,-73.9933
18018,40.60608,-73.98846
18019,40.607883,-73.99348
18020,40.5982,-73.9959
18021,40.60733,-73.98218
18022,40.601723,-73.974724
18023,40.601723,-73.974724
18024,40.6038,-73.98974
18025,40.60773,-73.976425
18026,40.605335,-73.98984
18027,40.59934,-73.996086
18028,40.59934,-73.996086
18029,40.60352,-73.98298
18030,40.60554,-73.996475
18031,40.600937,-73.97517
18032,40.60558,-73.99628
18033,40.606434,-73.99241
18034,40.60558,-73.99628
18035,40.597225,-73.995895
18036,40.5982,-73.9959
18037,40.602898,-73.98731
18038,40.60326,-73.975624
18039,40.60016,-73.99609
18040,40.60714,-73.98574
18041,40.605335,-73.98984
18042,40.60756,-73.9819
18043,40.598965,-73.98446
18044,40.59934,-73.996086
18045,40.60259,-73.98675
18046,40.60259,-73.98675
18047,40.60805,-73.98234
18048,40.599545,-73.99307
18049,40.60714,-73.98574
18050,40.780304,-73.98295
18051,40.77997,-73.985596
18052,40.776543,-73.97746
18053,40.777077,-73.976845
18054,40.780304,-73.98295
18055,40.776283,-73.98937
18056,40.779575,-73.98496
18057,40.776104,-73.98209
18058,40.776104,-73.98209
18059,40.776543,-73.97746
18060,40.625977,-74.03231
18061,40.635406,-74.02799
18062,40.62444,-74.04012
18063,40.63344,-74.0257
18064,40.63204,-74.035866
18065,40.632214,-74.03219
18066,40.633034,-74.02316
18067,40.635406,-74.02799
18068,40.635445,-74.02981
18069,40.625977,-74.03231
18070,40.63556,-74.02995
18071,40.627655,-74.02616
18072,40.62444,-74.04012
18073,40.63566,-74.02936
18074,40.622948,-74.03037
18075,40.632214,-74.03219
18076,40.629826,-74.02991
18077,40.62622,-74.03458
18078,40.63566,-74.02936
18079,40.634815,-74.03715
18080,40.629826,-74.02991
18081,40.6266,-74.02053
18082,40.63364,-74.0302
18083,40.627655,-74.02616
18084,40.622948,-74.03037
18085,40.63364,-74.0302
18086,40.626205,-74.02815
18087,40.625423,-74.036354
18088,40.636017,-74.03346
18089,40.63056,-74.03598
18090,40.627655,-74.02616
18091,40.63889,-74.03577
18092,40.610714,-74.06006
18093,40.612446,-74.065254
18094,40.615173,-74.06463
18095,40.620045,-74.03831
18096,40.620785,-74.04036
18097,40.620045,-74.03831
18098,40.60874,-74.06484
18099,40.611813,-74.0349
18100,40.617413,-74.02369
18101,40.608807,-74.06529
18102,40.616344,-74.03779
18103,40.61062,-74.06552
18104,40.617653,-74.03864
18105,40.618702,-74.03218
18106,40.619976,-74.03822
18107,40.61399,-74.035576
18108,40.62082,-74.03689
18109,40.618702,-74.03218
18110,40.61678,-74.024765
18111,40.61062,-74.06552
18112,40.61062,-74.06552
18113,40.60866,-74.065
18114,40.614056,-74.03218
18115,40.614056,-74.03218
18116,40.613026,-74.03451
18117,40.612103,-74.0345
18118,40.619343,-74.03986
18119,40.612846,-74.03406
18120,40.61341,-74.06499
18121,40.611443,-74.0668
18122,40.617638,-74.027504
18123,40.6156,-74.0306
18124,40.615993,-74.03364
18125,40.615494,-74.03747
18126,40.619053,-74.03382
18127,40.61548,-74.03301
18128,40.611053,-74.06024
18129,40.614513,-74.03695
18130,40.616344,-74.03779
18131,40.58736,-73.98704
18132,40.575375,-73.974495
18133,40.589,-73.991844
18134,40.58538,-73.98673
18135,40.57493,-73.99832
18136,40.58538,-73.98673
18137,40.575375,-73.974495
18138,40.5761,-73.99182
18139,40.574875,-74.009895
18140,40.58071,-74.0046
18141,40.588562,-73.9907
18142,40.586796,-73.98439
18143,40.577427,-73.97379
18144,40.58829,-73.9839
18145,40.59242,-73.97472
18146,40.586525,-73.984245
18147,40.578285,-73.97376
18148,40.590843,-73.97662
18149,40.58071,-74.0046
18150,40.575855,-74.00119
18151,40.57521,-74.00258
18152,40.589,-73.991844
18153,40.577705,-74.01117
18154,40.577427,-73.97379
18155,40.578285,-73.97376
18156,40.577705,-74.01117
18157,40.589996,-73.98976
18158,40.58822,-73.98438
18159,40.58575,-73.983536
18160,40.576756,-73.99378
18161,40.586796,-73.98439
18162,40.575256,-73.97428
18163,40.577618,-73.99442
18164,40.590485,-73.99098
18165,40.60572,-74.065834
18166,40.62044,-74.03979
18167,40.613773,-74.06627
18168,40.609905,-74.06002
18169,40.614513,-74.03695
18170,40.61518,-74.064644
18171,40.61254,-74.03478
18172,40.613705,-74.06441
18173,40.616344,-74.03779
18174,40.614315,-74.031746
18175,40.596424,-74.062515
18176,40.611057,-74.06024
18177,40.60667,-74.06485
18178,40.614967,-74.037186
18179,40.60751,-74.064705
18180,40.600822,-74.06602
18181,40.61713,-74.02455
18182,40.596325,-74.0656
18183,40.62044,-74.03979
18184,40.616344,-74.03779
18185,40.616344,-74.03779
18186,40.62044,-74.03979
18187,40.619877,-74.03932
18188,40.616673,-74.03527
18189,40.619728,-74.03921
18190,40.61998,-74.039024
18191,40.60892,-74.06502
18192,40.61399,-74.035576
18193,40.620045,-74.03831
18194,40.614967,-74.037186
18195,40.61668,-74.027336
18196,40.620045,-74.03831
18197,40.618958,-74.03682
18198,40.61447,-74.03291
18199,40.604874,-74.06405
18200,40.612988,-74.02733
18201,40.617813,-74.03868
18202,40.61735,-74.03158
18203,40.61447,-74.03291
18204,40.59901,-74.06671
18205,40.612152,-74.034454
18206,40.613747,-74.03151
18207,40.619373,-74.02455
18208,40.615993,-74.03364
18209,40.616833,-74.0381
18210,40.610615,-74.065506
18211,40.617653,-74.03864
18212,40.62044,-74.03979
18213,40.597084,-74.06351
18214,40.612343,-74.034485
18215,40.612537,-74.03587
18216,40.60917,-74.06123
18217,40.612217,-74.0344
18218,40.619343,-74.03986
18219,40.618073,-74.03683
18220,40.62044,-74.03979
18221,40.610607,-74.06551
18222,40.62044,-74.03979
18223,40.615993,-74.03364
18224,40.62044,-74.03979
18225,40.613834,-74.06632
18226,40.619823,-74.03932
18227,40.615993,-74.03364
18228,40.616726,-74.024284
18229,40.61785,-74.02181
18230,40.614365,-74.031746
18231,40.613262,-74.03239
18232,40.62044,-74.03979
18233,40.619167,-74.03122
18234,40.614315,-74.031746
18235,40.615177,-74.03204
18236,40.62044,-74.03979
18237,40.616673,-74.03527
18238,40.61998,-74.039024
18239,40.612076,-74.034836
18240,40.616215,-74.03575
18241,40.608322,-74.06668
18242,40.62044,-74.03979
18243,40.617653,-74.03864
18244,40.61499,-74.06594
18245,40.612988,-74.02733
18246,40.612434,-74.06394
18247,40.608116,-74.06575
18248,40.613335,-74.065254
18249,40.619278,-74.038956
18250,40.61439,-74.03015
18251,40.61447,-74.03291
18252,40.620964,-74.02478
18253,40.618103,-74.0369
18254,40.611057,-74.06024
18255,40.617653,-74.03864
18256,40.619278,-74.038956
18257,40.61637,-74.025116
18258,40.611053,-74.06023
18259,40.62044,-74.03979
18260,40.614513,-74.03695
18261,40.618916,-74.03962
18262,40.61474,-74.032646
18263,40.61187,-74.06403
18264,40.613373,-74.03426
18265,40.619343,-74.03986
18266,40.614513,-74.03695
18267,40.618916,-74.03962
18268,40.616673,-74.03527
18269,40.617653,-74.03864
18270,40.61251,-74.03472
18271,40.62043,-74.02176
18272,40.610718,-74.06006
18273,40.599083,-74.067245
18274,40.618553,-74.03874
18275,40.610607,-74.06551
18276,40.616684,-74.03519
18277,40.613262,-74.03598
18278,40.61364,-74.03414
18279,40.618553,-74.03874
18280,40.62092,-74.0292
18281,40.62044,-74.03979
18282,40.620045,-74.03831
18283,40.56431,-74.1031
18284,40.567963,-74.10534
18285,40.5604,-74.10159
18286,40.564217,-74.10526
18287,40.565804,-74.10175
18288,40.558826,-74.106995
18289,40.56405,-74.10352
18290,40.570934,-74.09402
18291,40.561134,-74.10312
18292,40.56611,-74.1018
18293,40.570255,-74.09228
18294,40.560497,-74.105515
18295,40.56352,-74.10472
18296,40.570118,-74.113525
18297,40.56405,-74.10486
18298,40.564987,-74.09912
18299,40.560837,-74.102264
18300,40.56674,-74.10603
18301,40.57091,-74.0967
18302,40.562096,-74.108444
18303,40.567413,-74.105865
18304,40.570904,-74.096695
18305,40.565777,-74.101326
18306,40.56505,-74.10447
18307,40.565205,-74.10425
18308,40.570766,-74.09685
18309,40.559467,-74.108185
18310,40.561222,-74.10859
18311,40.56349,-74.10127
18312,40.56645,-74.105156
18313,40.56077,-74.10792
18314,40.56089,-74.10277
18315,40.560127,-74.110985
18316,40.570873,-74.09674
18317,40.56829,-74.10652
18318,40.564716,-74.10715
18319,40.566936,-74.10472
18320,40.56019,-74.10965
18321,40.568333,-74.106766
18322,40.564716,-74.10715
18323,40.565037,-74.10571
18324,40.60809,-74.06135
18325,40.612007,-74.03458
18326,40.616673,-74.03527
18327,40.616344,-74.03779
18328,40.611053,-74.06023
18329,40.61399,-74.035576
18330,40.618313,-74.035774
18331,40.62044,-74.03979
18332,40.606567,-74.06298
18333,40.61399,-74.035576
18334,40.615177,-74.03204
18335,40.62044,-74.03979
18336,40.615185,-74.06464
18337,40.611046,-74.06019
18338,40.59753,-74.06581
18339,40.620304,-74.03472
18340,40.597485,-74.063225
18341,40.62044,-74.03979
18342,40.61399,-74.035576
18343,40.62044,-74.03979
18344,40.616344,-74.03779
18345,40.62044,-74.03979
18346,40.616344,-74.03779
18347,40.62047,-74.03837
18348,40.604122,-74.09693
18349,40.620106,-74.109825
18350,40.62011,-74.10984
18351,40.61372,-74.07073
18352,40.60684,-74.08889
18353,40.598232,-74.0882
18354,40.60938,-74.08407
18355,40.59792,-74.0872
18356,40.598248,-74.09151
18357,40.603912,-74.10351
18358,40.600117,-74.092896
18359,40.601994,-74.091095
18360,40.603878,-74.08822
18361,40.615143,-74.08309
18362,40.619534,-74.084236
18363,40.605755,-74.0906
18364,40.619495,-74.10025
18365,40.62096,-74.11177
18366,40.601814,-74.07621
18367,40.60233,-74.07852
18368,40.60814,-74.07409
18369,40.60556,-74.07133
18370,40.61624,-74.071014
18371,40.60337,-74.07195
18372,40.611057,-74.09057
18373,40.612743,-74.11171
18374,40.59872,-74.101814
18375,40.608215,-74.082535
18376,40.60814,-74.07408
18377,40.61505,-74.10007
18378,40.610962,-74.071045
18379,40.620735,-74.11146
18380,40.619804,-74.01229
18381,40.613773,-74.00021
18382,40.61785,-74.01038
18383,40.61797,-74.005615
18384,40.61083,-74.00294
18385,40.617477,-74.00634
18386,40.617317,-73.99738
18387,40.617374,-73.999214
18388,40.616894,-74.01313
18389,40.62078,-74.01993
18390,40.620426,-74.012726
18391,40.619633,-74.01055
18392,40.617283,-74.00903
18393,40.61764,-74.01322
18394,40.610287,-74.00673
18395,40.61911,-74.01979
18396,40.616844,-74.008896
18397,40.618553,-74.01245
18398,40.62025,-74.01001
18399,40.61511,-74.012596
18400,40.614906,-74.01474
18401,40.619854,-74.016304
18402,40.61492,-74.01257
18403,40.617363,-74.01807
18404,40.619698,-74.0077
18405,40.612812,-74.00012
18406,40.616734,-73.99884
18407,40.616734,-73.99884
18408,40.60988,-74.00478
18409,40.62105,-74.00149
18410,40.621014,-74.00628
18411,40.62011,-74.010704
18412,40.61872,-74.0084
18413,40.617462,-73.99763
18414,40.609684,-74.009735
18415,40.613174,-74.03155
18416,40.615494,-74.03747
18417,40.611862,-74.03507
18418,40.62044,-74.03979
18419,40.616554,-74.02443
18420,40.611053,-74.06024
18421,40.60711,-74.06285
18422,40.608402,-74.06726
18423,40.617085,-74.03826
18424,40.617268,-74.02675
18425,40.61573,-74.03546
18426,40.61485,-74.03285
18427,40.616673,-74.03527
18428,40.61551,-74.063835
18429,40.617653,-74.03864
18430,40.617233,-74.03698
18431,40.618916,-74.03962
18432,40.618916,-74.03962
18433,40.617233,-74.03698
18434,40.612343,-74.034485
18435,40.612343,-74.034485
18436,40.611057,-74.06024
18437,40.61399,-74.035576
18438,40.62044,-74.03979
18439,40.615463,-74.03464
18440,40.617653,-74.03864
18441,40.615463,-74.03464
18442,40.61946,-74.03999
18443,40.61962,-74.028206
18444,40.60939,-74.06385
18445,40.614513,-74.03695
18446,40.615463,-74.03464
18447,40.61399,-74.035576
18448,40.617653,-74.03864
18449,40.619728,-74.03921
18450,40.6142,-74.06654
18451,40.61998,-74.039024
18452,40.621292,-74.033936
18453,40.611877,-74.06486
18454,40.619728,-74.03921
18455,40.721222,-73.94768
18456,40.718487,-73.94573
18457,40.721222,-73.94768
18458,40.716984,-73.943504
18459,40.719585,-73.94288
18460,40.715187,-73.94727
18461,40.71987,-73.941475
18462,40.714207,-73.945206
18463,40.718506,-73.945595
18464,40.71574,-73.93935
18465,40.714085,-73.94057
18466,40.71591,-73.94078
18467,40.719322,-73.94129
18468,40.722095,-73.945564
18469,40.714207,-73.945206
18470,40.721195,-73.94773
18471,40.71756,-73.94688
18472,40.71574,-73.93935
18473,40.721195,-73.94773
18474,40.71574,-73.93935
18475,40.71503,-73.94891
18476,40.71505,-73.94982
18477,40.71505,-73.94982
18478,40.712246,-73.94309
18479,40.722347,-73.93598
18480,40.721096,-73.94738
18481,40.711174,-73.94629
18482,40.71505,-73.94982
18483,40.71505,-73.94982
18484,40.71683,-73.9439
18485,40.72028,-73.946884
18486,40.720142,-73.94726
18487,40.7139,-73.94543
18488,40.718754,-73.94259
18489,40.71505,-73.94982
18490,40.71815,-73.94933
18491,40.600338,-74.12396
18492,40.60336,-74.12757
18493,40.6202,-74.14156
18494,40.605057,-74.15974
18495,40.60533,-74.13812
18496,40.60244,-74.12887
18497,40.621178,-74.13783
18498,40.616943,-74.134964
18499,40.616093,-74.145874
18500,40.604362,-74.126915
18501,40.60365,-74.13599
18502,40.616306,-74.12479
18503,40.601837,-74.13256
18504,40.613884,-74.12523
18505,40.60015,-74.12355
18506,40.609974,-74.123726
18507,40.619568,-74.1551
18508,40.611782,-74.1375
18509,40.599014,-74.130455
18510,40.619736,-74.136765
18511,40.61533,-74.161095
18512,40.615818,-74.11964
18513,40.613064,-74.11561
18514,40.62052,-74.14122
18515,40.597263,-74.13472
18516,40.61006,-74.13893
18517,40.616714,-74.15764
18518,40.61726,-74.13771
18519,40.6156,-74.136406
18520,40.61202,-74.1479
18521,40.601303,-74.157936
18522,40.609093,-74.13133
18523,40.61064,-74.15842
18524,40.601284,-74.13901
18525,40.61621,-74.12674
18526,40.61722,-74.133156
18527,40.600975,-74.13977
18528,40.61081,-74.13551
18529,40.618446,-74.13384
18530,40.609634,-74.13387
18531,40.60689,-74.148346
18532,40.760277,-73.833916
18533,40.753674,-73.86085
18534,40.75266,-73.876366
18535,40.755234,-73.875984
18536,40.754517,-73.87459
18537,40.765324,-73.86367
18538,40.749577,-73.85319
18539,40.757084,-73.835594
18540,40.754017,-73.85434
18541,40.75062,-73.87831
18542,40.75645,-73.87368
18543,40.760464,-73.878685
18544,40.767414,-73.87504
18545,40.757076,-73.876305
18546,40.751232,-73.86108
18547,40.755234,-73.875984
18548,40.765842,-73.868774
18549,40.747704,-73.87454
18550,40.75734,-73.83421
18551,40.758297,-73.83429
18552,40.753983,-73.87326
18553,40.760277,-73.833916
18554,40.755337,-73.875046
18555,40.763885,-73.871635
18556,40.75711,-73.85601
18557,40.754807,-73.877495
18558,40.75132,-73.863434
18559,40.755272,-73.87569
18560,40.749348,-73.86467
18561,40.751022,-73.868484
18562,40.755272,-73.87569
18563,40.76748,-73.87033
18564,40.714146,-73.92895
18565,40.722008,-73.943535
18566,40.715588,-73.94481
18567,40.71951,-73.9408
18568,40.721436,-73.94877
18569,40.715286,-73.9411
18570,40.714146,-73.92895
18571,40.71315,-73.94615
18572,40.71574,-73.93935
18573,40.71392,-73.9463
18574,40.711456,-73.94332
18575,40.718033,-73.94392
18576,40.721397,-73.94308
18577,40.712124,-73.94494
18578,40.712063,-73.9454
18579,40.713505,-73.944786
18580,40.712162,-73.94523
18581,40.721214,-73.946686
18582,40.714005,-73.93664
18583,40.714035,-73.94729
18584,40.71792,-73.94421
18585,40.716873,-73.94764
18586,40.714905,-73.95021
18587,40.7122,-73.95989
18588,40.714382,-73.96257
18589,40.720062,-73.96353
18590,40.713505,-73.95733
18591,40.71111,-73.95354
18592,40.71043,-73.96636
18593,40.71683,-73.95805
18594,40.71111,-73.95354
18595,40.7193,-73.96397
18596,40.72058,-73.962456
18597,40.71844,-73.96388
18598,40.72008,-73.95726
18599,40.714596,-73.959885
18600,40.711594,-73.954185
18601,40.71683,-73.95805
18602,40.71766,-73.95467
18603,40.71959,-73.964096
18604,40.714954,-73.9653
18605,40.71044,-73.96754
18606,40.71111,-73.95354
18607,40.712227,-73.95998
18608,40.71111,-73.95354
18609,40.72058,-73.962456
18610,40.713367,-73.95672
18611,40.718815,-73.951294
18612,40.720062,-73.96353
18613,40.71265,-73.95897
18614,40.716827,-73.96415
18615,40.72054,-73.95593
18616,40.712116,-73.952225
18617,40.714344,-73.96623
18618,40.714596,-73.959885
18619,40.69899,-73.95837
18620,40.70156,-73.95284
18621,40.707153,-73.959236
18622,40.697384,-73.96026
18623,40.70873,-73.95577
18624,40.698914,-73.95986
18625,40.69971,-73.95273
18626,40.708828,-73.96938
18627,40.699944,-73.95054
18628,40.708317,-73.9634
18629,40.69726,-73.95792
18630,40.703705,-73.96583
18631,40.70025,-73.95637
18632,40.70964,-73.96299
18633,40.70978,-73.95032
18634,40.700737,-73.95061
18635,40.70964,-73.96299
18636,40.708942,-73.96766
18637,40.69971,-73.95273
18638,40.697323,-73.957375
18639,40.708828,-73.96938
18640,40.70968,-73.96369
18641,40.707256,-73.95535
18642,40.70982,-73.9579
18643,40.698914,-73.95986
18644,40.70072,-73.952415
18645,40.70982,-73.9579
18646,40.70891,-73.967384
18647,40.708317,-73.9634
18648,40.708828,-73.96938
18649,40.699444,-73.955025
18650,40.70574,-73.956924
18651,40.705307,-73.9675
18652,40.7056,-73.96761
18653,40.7096,-73.95122
18654,40.708023,-73.95093
18655,40.698914,-73.95986
18656,40.70156,-73.95304
18657,40.70156,-73.95304
18658,40.715668,-73.96292
18659,40.7144,-73.958244
18660,40.717785,-73.96021
18661,40.70995,-73.96315
18662,40.71844,-73.96388
18663,40.719597,-73.9642
18664,40.71859,-73.953606
18665,40.719616,-73.95717
18666,40.714596,-73.959885
18667,40.718796,-73.952965
18668,40.714596,-73.959885
18669,40.716602,-73.953224
18670,40.71844,-73.96388
18671,40.71111,-73.95354
18672,40.71483,-73.95335
18673,40.71872,-73.951546
18674,40.71859,-73.953606
18675,40.712116,-73.96268
18676,40.711796,-73.9587
18677,40.71844,-73.96388
18678,40.715668,-73.96292
18679,40.715668,-73.96292
18680,40.7122,-73.95989
18681,40.713795,-73.950554
18682,40.71301,-73.96297
18683,40.71481,-73.951195
18684,40.72086,-73.96109
18685,40.720337,-73.95769
18686,40.71714,-73.964806
18687,40.71043,-73.96636
18688,40.71001,-73.96301
18689,40.71012,-73.96794
18690,40.720062,-73.96353
18691,40.71448,-73.96188
18692,40.71844,-73.96388
18693,40.714596,-73.959885
18694,40.71092,-73.9609
18695,40.710884,-73.81665
18696,40.716515,-73.832016
18697,40.722275,-73.8231
18698,40.711227,-73.813126
18699,40.71803,-73.81987
18700,40.715588,-73.83112
18701,40.71217,-73.813805
18702,40.713127,-73.81909
18703,40.714382,-73.83184
18704,40.71234,-73.81893
18705,40.722145,-73.81557
18706,40.71534,-73.81921
18707,40.719143,-73.816666
18708,40.72076,-73.82337
18709,40.722027,-73.81754
18710,40.714237,-73.83213
18711,40.719143,-73.816666
18712,40.715786,-73.83176
18713,40.718506,-73.81097
18714,40.71191,-73.826614
18715,40.718506,-73.81097
18716,40.710552,-73.81621
18717,40.714,-73.83234
18718,40.714756,-73.81247
18719,40.718536,-73.818634
18720,40.7109,-73.81443
18721,40.712875,-73.81684
18722,40.721115,-73.825066
18723,40.715588,-73.83112
18724,40.718063,-73.81933
18725,40.71217,-73.813805
18726,40.715588,-73.83112
18727,40.71413,-73.813416
18728,40.713127,-73.81909
18729,40.715424,-73.81659
18730,40.71217,-73.813805
18731,40.720165,-73.95773
18732,40.711796,-73.9587
18733,40.714596,-73.959885
18734,40.715668,-73.96292
18735,40.72058,-73.962456
18736,40.711174,-73.957085
18737,40.715668,-73.96292
18738,40.718643,-73.959496
18739,40.715668,-73.96292
18740,40.716404,-73.95866
18741,40.720337,-73.95769
18742,40.715668,-73.96292
18743,40.716827,-73.96415
18744,40.716194,-73.9588
18745,40.718575,-73.958244
18746,40.71731,-73.95019
18747,40.71476,-73.951416
18748,40.71043,-73.96636
18749,40.71844,-73.96388
18750,40.71881,-73.95069
18751,40.71868,-73.95207
18752,40.71859,-73.953606
18753,40.71302,-73.959816
18754,40.718815,-73.951294
18755,40.71881,-73.95069
18756,40.72058,-73.962456
18757,40.71476,-73.95142
18758,40.7193,-73.96397
18759,40.720158,-73.95804
18760,40.71302,-73.959816
18761,40.72054,-73.95593
18762,40.71844,-73.96388
18763,40.718815,-73.951294
18764,40.71959,-73.964096
18765,40.718815,-73.951294
18766,40.713367,-73.95672
18767,40.71111,-73.95354
18768,40.71301,-73.96297
18769,40.71926,-73.95603
18770,40.718742,-73.95154
18771,40.71926,-73.95603
18772,40.704254,-73.96642
18773,40.699944,-73.95054
18774,40.69965,-73.953125
18775,40.707584,-73.9635
18776,40.698914,-73.95986
18777,40.700676,-73.95364
18778,40.70931,-73.96308
18779,40.704254,-73.96642
18780,40.70923,-73.96929
18781,40.707554,-73.9637
18782,40.7096,-73.95122
18783,40.705082,-73.9524
18784,40.7002,-73.95946
18785,40.70982,-73.9579
18786,40.70982,-73.9579
18787,40.699543,-73.93012
18788,40.697838,-73.92888
18789,40.70805,-73.94127
18790,40.704124,-73.92719
18791,40.69906,-73.93055
18792,40.70814,-73.94531
18793,40.703037,-73.947586
18794,40.709312,-73.947716
18795,40.70602,-73.93269
18796,40.700737,-73.94371
18797,40.708195,-73.94523
18798,40.703617,-73.94967
18799,40.703167,-73.94756
18800,40.703167,-73.94756
18801,40.70761,-73.94584
18802,40.69764,-73.935455
18803,40.697784,-73.93616
18804,40.708782,-73.941124
18805,40.70405,-73.94866
18806,40.705334,-73.93232
18807,40.70806,-73.94023
18808,40.70814,-73.94531
18809,40.70868,-73.9482
18810,40.708244,-73.94382
18811,40.698925,-73.94091
18812,40.703167,-73.94756
18813,40.703167,-73.94756
18814,40.697865,-73.935905
18815,40.703167,-73.94756
18816,40.699562,-73.93804
18817,40.700737,-73.94371
18818,40.69891,-73.93123
18819,40.705357,-73.93218
18820,40.7073,-73.94102
18821,40.70806,-73.94023
18822,40.70904,-73.94835
18823,40.709286,-73.948
18824,40.703552,-73.93117
18825,40.703506,-73.931244
18826,40.699543,-73.93012
18827,40.71297,-73.96062
18828,40.71448,-73.96188
18829,40.71844,-73.96388
18830,40.714954,-73.9653
18831,40.714596,-73.959885
18832,40.719597,-73.9642
18833,40.71232,-73.95766
18834,40.71844,-73.96388
18835,40.711002,-73.960884
18836,40.720238,-73.95646
18837,40.71177,-73.96194
18838,40.717785,-73.96021
18839,40.71881,-73.95069
18840,40.71995,-73.95695
18841,40.712227,-73.95998
18842,40.717785,-73.96021
18843,40.720505,-73.95683
18844,40.711372,-73.953415
18845,40.71043,-73.96636
18846,40.712116,-73.952225
18847,40.71844,-73.96388
18848,40.71492,-73.96181
18849,40.71872,-73.951546
18850,40.720062,-73.96353
18851,40.720062,-73.96353
18852,40.716827,-73.96415
18853,40.71844,-73.96388
18854,40.720062,-73.96353
18855,40.719063,-73.957184
18856,40.7193,-73.96397
18857,40.719597,-73.9642
18858,40.71492,-73.96181
18859,40.71302,-73.959816
18860,40.718033,-73.95301
18861,40.70989,-73.964195
18862,40.711926,-73.95086
18863,40.71766,-73.95467
18864,40.714596,-73.959885
18865,40.710236,-73.83081
18866,40.719086,-73.81845
18867,40.712875,-73.81684
18868,40.7184,-73.8109
18869,40.712097,-73.82755
18870,40.720173,-73.81312
18871,40.71549,-73.81059
18872,40.720657,-73.82561
18873,40.72024,-73.81171
18874,40.711735,-73.818855
18875,40.71191,-73.826614
18876,40.712765,-73.8283
18877,40.710163,-73.818535
18878,40.712097,-73.82755
18879,40.710236,-73.83081
18880,40.71962,-73.8219
18881,40.71624,-73.815674
18882,40.712875,-73.81684
18883,40.717983,-73.81791
18884,40.712875,-73.81684
18885,40.715588,-73.83112
18886,40.71549,-73.81059
18887,40.717808,-73.818504
18888,40.712635,-73.81945
18889,40.713127,-73.81909
18890,40.7208,-73.82338
18891,40.716022,-73.831375
18892,40.713127,-73.81909
18893,40.720886,-73.82565
18894,40.712097,-73.82755
18895,40.71982,-73.81689
18896,40.71895,-73.819824
18897,40.710785,-73.83163
18898,40.7184,-73.8109
18899,40.721745,-73.82237
18900,40.711224,-73.813126
18901,40.721718,-73.82289
18902,40.710236,-73.83081
18903,40.718506,-73.81097
18904,40.713913,-73.81343
18905,40.7183,-73.81942
18906,40.715786,-73.83176
18907,40.712482,-73.80999
18908,40.720318,-73.81944
18909,40.71217,-73.813805
18910,40.713913,-73.81343
18911,40.712097,-73.82755
18912,40.71259,-73.82713
18913,40.712097,-73.82755
18914,40.712482,-73.80999
18915,40.711304,-73.82678
18916,40.7108,-73.810036
18917,40.7109,-73.81443
18918,40.710693,-73.8143
18919,40.710163,-73.818535
18920,40.71014,-73.818695
18921,40.713997,-73.83234
18922,40.719906,-73.81408
18923,40.714115,-73.81433
18924,40.71231,-73.81853
18925,40.717323,-73.81665
18926,40.718365,-73.81831
18927,40.718506,-73.81097
18928,40.713127,-73.81909
18929,40.710236,-73.83081
18930,40.710087,-73.830795
18931,40.713127,-73.81909
18932,40.712402,-73.817055
18933,40.718506,-73.81097
18934,40.721596,-73.81127
18935,40.715786,-73.83176
18936,40.715607,-73.819145
18937,40.718506,-73.81097
18938,40.719906,-73.81408
18939,40.720234,-73.81715
18940,40.72145,-73.81532
18941,40.711166,-73.813736
18942,40.712982,-73.819435
18943,40.720787,-73.82338
18944,40.71812,-73.81914
18945,40.71056,-73.81842
18946,40.713127,-73.81909
18947,40.7155,-73.80936
18948,40.712875,-73.81684
18949,40.71476,-73.81493
18950,40.709835,-73.81674
18951,40.712875,-73.81684
18952,40.71413,-73.813416
18953,40.717014,-73.809166
18954,40.712513,-73.81207
18955,40.71608,-73.81183
18956,40.713127,-73.81909
18957,40.712875,-73.81684
18958,40.7219,-73.8138
18959,40.715225,-73.80927
18960,40.71937,-73.82351
18961,40.713158,-73.81637
18962,40.721523,-73.81507
18963,40.71566,-73.81506
18964,40.713127,-73.81909
18965,40.721523,-73.81507
18966,40.71191,-73.826614
18967,40.715496,-73.80983
18968,40.710884,-73.81665
18969,40.71654,-73.810326
18970,40.71814,-73.81843
18971,40.710045,-73.815765
18972,40.713127,-73.81909
18973,40.713127,-73.81909
18974,40.712097,-73.82755
18975,40.721424,-73.81994
18976,40.712402,-73.817055
18977,40.712402,-73.817055
18978,40.7123,-73.81705
18979,40.712402,-73.817055
18980,40.712402,-73.817055
18981,40.71869,-73.813286
18982,40.718506,-73.81097
18983,40.71026,-73.81738
18984,40.72006,-73.823944
18985,40.721413,-73.815445
18986,40.721447,-73.811745
18987,40.719086,-73.81845
18988,40.713158,-73.81637
18989,40.719753,-73.81879
18990,40.71818,-73.818924
18991,40.71026,-73.81738
18992,40.71255,-73.816025
18993,40.717075,-73.811226
18994,40.721138,-73.81762
18995,40.7184,-73.8109
18996,40.712982,-73.819435
18997,40.71549,-73.81038
18998,40.719383,-73.82002
18999,40.712875,-73.81684
19000,40.71975,-73.817116
19001,40.710392,-73.81783
19002,40.71705,-73.81281
19003,40.719578,-73.81681
19004,40.719383,-73.82002
19005,40.718506,-73.81097
19006,40.712097,-73.82755
19007,40.71825,-73.81804
19008,40.71705,-73.81281
19009,40.713127,-73.81909
19010,40.712097,-73.82755
19011,40.713127,-73.81909
19012,40.72062,-73.81836
19013,40.719746,-73.823586
19014,40.711227,-73.813126
19015,40.71312,-73.81124
19016,40.710144,-73.81705
19017,40.712875,-73.81684
19018,40.713127,-73.81909
19019,40.71026,-73.81738
19020,40.70988,-73.80914
19021,40.72169,-73.8225
19022,40.7184,-73.8109
19023,40.710144,-73.81705
19024,40.71231,-73.81853
19025,40.711735,-73.818855
19026,40.710247,-73.83058
19027,40.710194,-73.816895
19028,40.718506,-73.81097
19029,40.718506,-73.81097
19030,40.710194,-73.816895
19031,40.71401,-73.81576
19032,40.72068,-73.8179
19033,40.71196,-73.82759
19034,40.712517,-73.81168
19035,40.719692,-73.81899
19036,40.713127,-73.81909
19037,40.714184,-73.83203
19038,40.71795,-73.81419
19039,40.710045,-73.815765
19040,40.71801,-73.813705
19041,40.720173,-73.81312
19042,40.712513,-73.81207
19043,40.715588,-73.83112
19044,40.7122,-73.826546
19045,40.72047,-73.82502
19046,40.717487,-73.811264
19047,40.715588,-73.83112
19048,40.718426,-73.818115
19049,40.718506,-73.81097
19050,40.71231,-73.81853
19051,40.7169,-73.8127
19052,40.711708,-73.81733
19053,40.713127,-73.81909
19054,40.7109,-73.81443
19055,40.71802,-73.818886
19056,40.71191,-73.826614
19057,40.713127,-73.81909
19058,40.721336,-73.810455
19059,40.71255,-73.816025
19060,40.71191,-73.826614
19061,40.713127,-73.81909
19062,40.71331,-73.81507
19063,40.718506,-73.81097
19064,40.68418,-73.86675
19065,40.68172,-73.84272
19066,40.684956,-73.86319
19067,40.683582,-73.83436
19068,40.69178,-73.85626
19069,40.68755,-73.86561
19070,40.67652,-73.870575
19071,40.688683,-73.86587
19072,40.677536,-73.84979
19073,40.6921,-73.8553
19074,40.68055,-73.85634
19075,40.6925,-73.83384
19076,40.686657,-73.835884
19077,40.689922,-73.86678
19078,40.674583,-73.853386
19079,40.675034,-73.85376
19080,40.674335,-73.87448
19081,40.67365,-73.85117
19082,40.690426,-73.85193
19083,40.677032,-73.85188
19084,40.68981,-73.86681
19085,40.688744,-73.85769
19086,40.691452,-73.86155
19087,40.68757,-73.85539
19088,40.67551,-73.859
19089,40.672134,-73.858025
19090,40.676903,-73.87451
19091,40.691284,-73.83549
19092,40.682053,-73.83683
19093,40.680946,-73.83535
19094,40.677715,-73.8339
19095,40.67757,-73.84662
19096,40.68267,-73.86305
19097,40.68191,-73.86669
19098,40.67722,-73.84742
19099,40.67379,-73.85412
19100,40.674404,-73.84962
19101,40.68891,-73.79744
19102,40.68504,-73.79576
19103,40.685432,-73.79457
19104,40.694252,-73.80889
19105,40.695995,-73.79607
19106,40.690845,-73.808205
19107,40.689175,-73.792946
19108,40.68717,-73.80322
19109,40.68969,-73.803856
19110,40.68549,-73.79584
19111,40.690094,-73.794716
19112,40.686954,-73.7977
19113,40.693264,-73.7978
19114,40.69019,-73.79103
19115,40.690784,-73.800186
19116,40.694775,-73.80165
19117,40.69349,-73.797455
19118,40.685802,-73.79775
19119,40.687252,-73.796844
19120,40.691883,-73.80357
19121,40.694344,-73.78825
19122,40.69333,-73.799355
19123,40.689804,-73.79129
19124,40.692993,-73.79823
19125,40.68516,-73.79944
19126,40.693024,-73.79818
19127,40.697052,-73.80696
19128,40.68835,-73.79221
19129,40.695686,-73.78607
19130,40.691723,-73.802605
19131,40.691025,-73.792175
19132,40.68739,-73.79897
19133,40.68466,-73.79237
19134,40.69573,-73.78672
19135,40.68482,-73.79427
19136,40.696636,-73.78714
19137,40.691975,-73.80371
19138,40.691135,-73.80336
19139,40.69181,-73.8463
19140,40.694,-73.86493
19141,40.673985,-73.841385
19142,40.68464,-73.83925
19143,40.684036,-73.87918
19144,40.68646,-73.869354
19145,40.682873,-73.83437
19146,40.674694,-73.85242
19147,40.674225,-73.8545
19148,40.693523,-73.84912
19149,40.678913,-73.86135
19150,40.679607,-73.85167
19151,40.678986,-73.84338
19152,40.684475,-73.86336
19153,40.68947,-73.85702
19154,40.691216,-73.86243
19155,40.690235,-73.84652
19156,40.679226,-73.850334
19157,40.675545,-73.84664
19158,40.68181,-73.86667
19159,40.67663,-73.87408
19160,40.683247,-73.87133
19161,40.675346,-73.87566
19162,40.68687,-73.863625
19163,40.67591,-73.87336
19164,40.695198,-73.842636
19165,40.6765,-73.83265
19166,40.67929,-73.84364
19167,40.676273,-73.83563
19168,40.68266,-73.86309
19169,40.683468,-73.8666
19170,40.689224,-73.83448
19171,40.688763,-73.84813
19172,40.689472,-73.86065
19173,40.6857,-73.87312
19174,40.713127,-73.81909
19175,40.71003,-73.81663
19176,40.711662,-73.81377
19177,40.713127,-73.81909
19178,40.722248,-73.82295
19179,40.71523,-73.8091
19180,40.71818,-73.818924
19181,40.712875,-73.81684
19182,40.712875,-73.81684
19183,40.711166,-73.816895
19184,40.719906,-73.81408
19185,40.716022,-73.831375
19186,40.71026,-73.81738
19187,40.7152,-73.812096
19188,40.720486,-73.82057
19189,40.719906,-73.81408
19190,40.718506,-73.81097
19191,40.720093,-73.81766
19192,40.713158,-73.81637
19193,40.71093,-73.81356
19194,40.719692,-73.81899
19195,40.718506,-73.81097
19196,40.71946,-73.81862
19197,40.715786,-73.83176
19198,40.721863,-73.81551
19199,40.7184,-73.8109
19200,40.718506,-73.81097
19201,40.71259,-73.82713
19202,40.712097,-73.82755
19203,40.71746,-73.81343
19204,40.718506,-73.81097
19205,40.717358,-73.8115
19206,40.71266,-73.81582
19207,40.7193,-73.8168
19208,40.715786,-73.83176
19209,40.71191,-73.826614
19210,40.718506,-73.81097
19211,40.716694,-73.809875
19212,40.673046,-73.90737
19213,40.67324,-73.89393
19214,40.67898,-73.91778
19215,40.686504,-73.9236
19216,40.676662,-73.892914
19217,40.69184,-73.91814
19218,40.67504,-73.9055
19219,40.695526,-73.91712
19220,40.681824,-73.91912
19221,40.689518,-73.91753
19222,40.676888,-73.90543
19223,40.69372,-73.92353
19224,40.678127,-73.91976
19225,40.679337,-73.91058
19226,40.692272,-73.90329
19227,40.69184,-73.91814
19228,40.67901,-73.9203
19229,40.68023,-73.906906
19230,40.680256,-73.8924
19231,40.695633,-73.925896
19232,40.69243,-73.91648
19233,40.688232,-73.91474
19234,40.68335,-73.91886
19235,40.691936,-73.9239
19236,40.687656,-73.91719
19237,40.696857,-73.89256
19238,40.68362,-73.88154
19239,40.67813,-73.9261
19240,40.686733,-73.90873
19241,40.682747,-73.889175
19242,40.677216,-73.90914
19243,40.69536,-73.89262
19244,40.696102,-73.89032
19245,40.7123,-73.78871
19246,40.718407,-73.79873
19247,40.71789,-73.79331
19248,40.710293,-73.79139
19249,40.710293,-73.79139
19250,40.714714,-73.79362
19251,40.71466,-73.795364
19252,40.722305,-73.79864
19253,40.71466,-73.795364
19254,40.71466,-73.795364
19255,40.710102,-73.80782
19256,40.720158,-73.80068
19257,40.72048,-73.80846
19258,40.720516,-73.8034
19259,40.71398,-73.8065
19260,40.7141,-73.80864
19261,40.72048,-73.80846
19262,40.714516,-73.808975
19263,40.72048,-73.80846
19264,40.715233,-73.80869
19265,40.718067,-73.80066
19266,40.713734,-73.78947
19267,40.712833,-73.791534
19268,40.710403,-73.79886
19269,40.717293,-73.78905
19270,40.71232,-73.79725
19271,40.71463,-73.78851
19272,40.71133,-73.7937
19273,40.712666,-73.78706
19274,40.71459,-73.791985
19275,40.715084,-73.78815
19276,40.710323,-73.79812
19277,40.71138,-73.789154
19278,40.716934,-73.796455
19279,40.71466,-73.795364
19280,40.712833,-73.791534
19281,40.71055,-73.797844
19282,40.71162,-73.78572
19283,40.71299,-73.78921
19284,40.721615,-73.804794
19285,40.720722,-73.80092
19286,40.710293,-73.79139
19287,40.713573,-73.79019
19288,40.721508,-73.78849
19289,40.716812,-73.788994
19290,40.72073,-73.80054
19291,40.712833,-73.791534
19292,40.721394,-73.78715
19293,40.7221,-73.80672
19294,40.71266,-73.79163
19295,40.716923,-73.78905
19296,40.712666,-73.78706
19297,40.711002,-73.80778
19298,40.715153,-73.80594
19299,40.714634,-73.79647
19300,40.712666,-73.78706
19301,40.71814,-73.793434
19302,40.71466,-73.795364
19303,40.71231,-73.78749
19304,40.71231,-73.78749
19305,40.712666,-73.78706
19306,40.721302,-73.78949
19307,40.71231,-73.78749
19308,40.712666,-73.78706
19309,40.712666,-73.78706
19310,40.7123,-73.78871
19311,40.71131,-73.80748
19312,40.710285,-73.79827
19313,40.71439,-73.79275
19314,40.710022,-73.79894
19315,40.71231,-73.78749
19316,40.71266,-73.79163
19317,40.71466,-73.795364
19318,40.685596,-73.87308
19319,40.68614,-73.86254
19320,40.685215,-73.85859
19321,40.69693,-73.84867
19322,40.68565,-73.87309
19323,40.68554,-73.87306
19324,40.68285,-73.855064
19325,40.69512,-73.86347
19326,40.683258,-73.86527
19327,40.690662,-73.85833
19328,40.683823,-73.83545
19329,40.68454,-73.87416
19330,40.673462,-73.85281
19331,40.676353,-73.84446
19332,40.67577,-73.84779
19333,40.68688,-73.86776
19334,40.686047,-73.858894
19335,40.68073,-73.832634
19336,40.692715,-73.85551
19337,40.678825,-73.8638
19338,40.692944,-73.85085
19339,40.677563,-73.84561
19340,40.696823,-73.84541
19341,40.67326,-73.87933
19342,40.681393,-73.86932
19343,40.686913,-73.87441
19344,40.68495,-73.854095
19345,40.676426,-73.873375
19346,40.67847,-73.87873
19347,40.6743,-73.84498
19348,40.692924,-73.83523
19349,40.678577,-73.83295
19350,40.672348,-73.84175
19351,40.67577,-73.84779
19352,40.687813,-73.83357
19353,40.676826,-73.8431
19354,40.68027,-73.86261
19355,40.701866,-73.88184
19356,40.703156,-73.88783
19357,40.713352,-73.88306
19358,40.708485,-73.91948
19359,40.71822,-73.900764
19360,40.705254,-73.887085
19361,40.710342,-73.90455
19362,40.708244,-73.91491
19363,40.69885,-73.9145
19364,40.705555,-73.88533
19365,40.70107,-73.923004
19366,40.703968,-73.92578
19367,40.720955,-73.89926
19368,40.715893,-73.90491
19369,40.721222,-73.8987
19370,40.709286,-73.89751
19371,40.698006,-73.8891
19372,40.704044,-73.8901
19373,40.721767,-73.89095
19374,40.71855,-73.89887
19375,40.710926,-73.89986
19376,40.699825,-73.88947
19377,40.705105,-73.90933
19378,40.7119,-73.90017
19379,40.69961,-73.92434
19380,40.713547,-73.89586
19381,40.714397,-73.88067
19382,40.71019,-73.917435
19383,40.69756,-73.892845
19384,40.69971,-73.905716
19385,40.72191,-73.883354
19386,40.712337,-73.88325
19387,40.70978,-73.90499
19388,40.677303,-73.811584
19389,40.683186,-73.80948
19390,40.68196,-73.82207
19391,40.675457,-73.82487
19392,40.677773,-73.81693
19393,40.676994,-73.82155
19394,40.673283,-73.82539
19395,40.683983,-73.81699
19396,40.673416,-73.82532
19397,40.68341,-73.82075
19398,40.67715,-73.815674
19399,40.686222,-73.86428
19400,40.68764,-73.85543
19401,40.689053,-73.85124
19402,40.67473,-73.87215
19403,40.68873,-73.86929
19404,40.695274,-73.83851
19405,40.67592,-73.840866
19406,40.694233,-73.8504
19407,40.69484,-73.843285
19408,40.679764,-73.83303
19409,40.68852,-73.868774
19410,40.686413,-73.8744
19411,40.694595,-73.86009
19412,40.68458,-73.84487
19413,40.67286,-73.86336
19414,40.695087,-73.84926
19415,40.681183,-73.84344
19416,40.68844,-73.863045
19417,40.695244,-73.838486
19418,40.687454,-73.8415
19419,40.679935,-73.84677
19420,40.69325,-73.83802
19421,40.673805,-73.85402
19422,40.676746,-73.8706
19423,40.686672,-73.87117
19424,40.693237,-73.851
19425,40.685184,-73.8506
19426,40.68696,-73.857994
19427,40.690685,-73.86542
19428,40.673805,-73.85402
19429,40.68813,-73.846825
19430,40.677,-73.84251
19431,40.689987,-73.83887
19432,40.67399,-73.85219
19433,40.70043,-73.828766
19434,40.69919,-73.82578
19435,40.70896,-73.81663
19436,40.707882,-73.81254
19437,40.707436,-73.818535
19438,40.70936,-73.8285
19439,40.704666,-73.83112
19440,40.706028,-73.831985
19441,40.70841,-73.827644
19442,40.707558,-73.829506
19443,40.708202,-73.828804
19444,40.706028,-73.831985
19445,40.70412,-73.83141
19446,40.7097,-73.8306
19447,40.700882,-73.817924
19448,40.70604,-73.832016
19449,40.707943,-73.827354
19450,40.70841,-73.827644
19451,40.707436,-73.818535
19452,40.70303,-73.8273
19453,40.7051,-73.82382
19454,40.709534,-73.81766
19455,40.707436,-73.818535
19456,40.705,-73.824135
19457,40.700836,-73.8263
19458,40.70098,-73.810196
19459,40.709778,-73.81869
19460,40.7056,-73.83044
19461,40.708275,-73.8287
19462,40.701683,-73.81837
19463,40.709534,-73.81766
19464,40.708855,-73.81292
19465,40.709778,-73.81869
19466,40.70982,-73.81817
19467,40.698765,-73.821014
19468,40.720608,-73.86666
19469,40.71339,-73.85686
19470,40.72224,-73.85627
19471,40.715294,-73.85832
19472,40.721386,-73.870415
19473,40.72224,-73.85627
19474,40.71909,-73.87887
19475,40.7136,-73.87779
19476,40.721645,-73.86124
19477,40.716156,-73.87907
19478,40.72224,-73.85627
19479,40.721405,-73.85614
19480,40.720295,-73.857124
19481,40.71847,-73.86101
19482,40.719604,-73.85817
19483,40.720867,-73.85912
19484,40.71654,-73.856316
19485,40.720295,-73.857124
19486,40.721977,-73.8669
19487,40.717857,-73.87571
19488,40.7135,-73.85696
19489,40.718357,-73.873856
19490,40.71794,-73.87436
19491,40.722145,-73.86677
19492,40.720478,-73.856445
19493,40.718277,-73.87404
19494,40.720295,-73.857124
19495,40.71946,-73.86307
19496,40.713066,-73.85804
19497,40.722305,-73.856064
19498,40.712643,-73.86088
19499,40.72131,-73.870575
19500,40.709858,-73.874695
19501,40.721977,-73.8669
19502,40.719406,-73.860176
19503,40.719807,-73.859184
19504,40.71653,-73.87504
19505,40.721806,-73.86674
19506,40.721977,-73.8669
19507,40.71986,-73.8639
19508,40.722305,-73.856064
19509,40.72224,-73.85627
19510,40.719856,-73.871735
19511,40.722145,-73.86677
19512,40.72204,-73.86345
19513,40.716393,-73.87322
19514,40.713127,-73.85651
19515,40.72219,-73.866554
19516,40.716583,-73.85961
19517,40.720295,-73.857124
19518,40.721977,-73.8669
19519,40.721405,-73.85614
19520,40.720295,-73.857124
19521,40.720295,-73.857124
19522,40.721188,-73.85622
19523,40.719357,-73.874214
19524,40.712547,-73.85926
19525,40.71705,-73.86067
19526,40.71758,-73.85654
19527,40.721977,-73.8669
19528,40.718994,-73.86185
19529,40.718994,-73.86185
19530,40.720474,-73.87003
19531,40.68357,-73.81058
19532,40.67625,-73.82493
19533,40.681046,-73.82233
19534,40.677944,-73.8278
19535,40.67351,-73.81823
19536,40.683765,-73.82964
19537,40.678364,-73.83198
19538,40.67781,-73.8238
19539,40.680695,-73.83132
19540,40.680832,-73.82561
19541,40.680176,-73.82017
19542,40.68303,-73.81656
19543,40.680832,-73.82561
19544,40.68353,-73.82081
19545,40.6779,-73.81705
19546,40.68136,-73.829475
19547,40.68291,-73.80934
19548,40.677834,-73.823715
19549,40.673336,-73.82486
19550,40.68429,-73.81202
19551,40.679813,-73.82372
19552,40.67449,-73.82143
19553,40.68314,-73.82363
19554,40.680126,-73.81105
19555,40.678802,-73.80933
19556,40.67461,-73.817665
19557,40.68177,-73.83049
19558,40.68201,-73.81406
19559,40.67461,-73.817665
19560,40.6733,-73.82391
19561,40.676575,-73.823845
19562,40.68149,-73.82954
19563,40.68153,-73.83241
19564,40.68123,-73.829414
19565,40.71677,-73.83342
19566,40.720043,-73.839905
19567,40.720043,-73.839905
19568,40.717766,-73.83857
19569,40.720013,-73.836075
19570,40.71735,-73.8409
19571,40.71676,-73.835724
19572,40.72185,-73.8436
19573,40.720043,-73.839905
19574,40.718674,-73.84013
19575,40.721485,-73.84113
19576,40.71735,-73.8409
19577,40.718094,-73.84246
19578,40.72161,-73.84088
19579,40.720646,-73.83642
19580,40.71817,-73.838165
19581,40.720623,-73.83664
19582,40.720486,-73.83684
19583,40.71858,-73.838615
19584,40.71652,-73.832726
19585,40.72067,-73.84038
19586,40.72185,-73.8436
19587,40.71652,-73.832726
19588,40.71714,-73.8332
19589,40.71652,-73.832726
19590,40.720043,-73.839905
19591,40.718643,-73.83888
19592,40.717785,-73.839294
19593,40.716526,-73.83687
19594,40.720043,-73.839905
19595,40.722122,-73.83916
19596,40.718628,-73.84161
19597,40.718094,-73.84246
19598,40.71778,-73.83955
19599,40.71639,-73.837715
19600,40.721756,-73.84626
19601,40.719414,-73.84526
19602,40.71625,-73.84509
19603,40.721214,-73.85157
19604,40.719215,-73.84627
19605,40.72159,-73.846115
19606,40.722153,-73.84926
19607,40.72159,-73.846115
19608,40.721756,-73.84626
19609,40.719215,-73.84627
19610,40.72219,-73.849144
19611,40.72159,-73.846115
19612,40.721478,-73.8465
19613,40.72159,-73.846115
19614,40.722153,-73.84926
19615,40.722153,-73.84926
19616,40.719185,-73.84506
19617,40.721264,-73.85542
19618,40.721264,-73.85542
19619,40.722263,-73.85567
19620,40.72219,-73.849144
19621,40.721004,-73.85138
19622,40.717396,-73.8495
19623,40.72219,-73.849144
19624,40.722153,-73.84926
19625,40.72219,-73.849144
19626,40.71736,-73.85595
19627,40.72109,-73.850945
19628,40.71867,-73.85299
19629,40.722153,-73.84926
19630,40.717796,-73.85161
19631,40.718704,-73.84548
19632,40.718533,-73.84535
19633,40.721134,-73.8558
19634,40.71728,-73.85352
19635,40.72219,-73.849144
19636,40.72219,-73.849144
19637,40.72159,-73.846115
19638,40.71882,-73.84505
19639,40.71651,-73.83483
19640,40.719296,-73.841515
19641,40.720737,-73.83778
19642,40.71651,-73.83483
19643,40.722374,-73.84054
19644,40.720905,-73.839096
19645,40.7207,-73.83793
19646,40.71639,-73.837715
19647,40.719296,-73.841515
19648,40.721485,-73.84113
19649,40.71723,-73.83272
19650,40.71705,-73.83271
19651,40.719296,-73.841515
19652,40.71858,-73.838615
19653,40.71651,-73.83483
19654,40.719296,-73.841515
19655,40.719296,-73.841515
19656,40.71676,-73.835724
19657,40.719296,-73.841515
19658,40.71677,-73.83342
19659,40.716526,-73.83687
19660,40.71639,-73.837715
19661,40.716793,-73.83498
19662,40.71629,-73.837776
19663,40.719654,-73.83945
19664,40.720486,-73.83684
19665,40.720486,-73.83684
19666,40.717857,-73.84013
19667,40.720905,-73.839096
19668,40.720737,-73.83778
19669,40.716427,-73.83779
19670,40.721794,-73.8407
19671,40.722122,-73.83916
19672,40.71666,-73.834785
19673,40.717915,-73.84004
19674,40.720043,-73.839905
19675,40.72185,-73.8436
19676,40.720043,-73.839905
19677,40.721924,-73.84077
19678,40.717785,-73.839294
19679,40.720043,-73.839905
19680,40.718918,-73.83648
19681,40.719654,-73.83945
19682,40.72185,-73.8436
19683,40.720043,-73.839905
19684,40.71807,-73.84351
19685,40.721485,-73.84113
19686,40.721485,-73.84113
19687,40.72232,-73.83974
19688,40.722225,-73.84234
19689,40.720623,-73.83664
19690,40.72161,-73.84088
19691,40.721924,-73.84077
19692,40.718918,-73.83648
19693,40.722225,-73.84234
19694,40.719296,-73.841515
19695,40.718903,-73.83932
19696,40.716526,-73.83687
19697,40.717636,-73.83659
19698,40.72161,-73.84088
19699,40.718918,-73.83648
19700,40.71651,-73.83483
19701,40.719654,-73.83945
19702,40.71889,-73.84158
19703,40.717785,-73.839294
19704,40.71889,-73.84158
19705,40.718918,-73.83648
19706,40.719296,-73.841515
19707,40.719296,-73.841515
19708,40.72193,-73.84025
19709,40.71651,-73.83483
19710,40.722122,-73.83916
19711,40.72158,-73.84297
19712,40.72158,-73.84297
19713,40.717857,-73.84013
19714,40.718918,-73.83648
19715,40.720646,-73.83642
19716,40.718918,-73.83648
19717,40.717766,-73.83857
19718,40.72088,-73.839424
19719,40.718056,-73.84287
19720,40.717575,-73.83837
19721,40.71725,-73.83282
19722,40.718,-73.83957
19723,40.720486,-73.83684
19724,40.717754,-73.8386
19725,40.71826,-73.83453
19726,40.718292,-73.834854
19727,40.720043,-73.839905
19728,40.71807,-73.842415
19729,40.72171,-73.842964
19730,40.720043,-73.839905
19731,40.72167,-73.84318
19732,40.720646,-73.83642
19733,40.722122,-73.83916
19734,40.71852,-73.83523
19735,40.716793,-73.83498
19736,40.718903,-73.83932
19737,40.71819,-73.834694
19738,40.718838,-73.841484
19739,40.71852,-73.83523
19740,40.717766,-73.83857
19741,40.721954,-73.84017
19742,40.72185,-73.8436
19743,40.721233,-73.83874
19744,40.72214,-73.8435
19745,40.720318,-73.84315
19746,40.71735,-73.8409
19747,40.717377,-73.840744
19748,40.718895,-73.84419
19749,40.70125,-73.809814
19750,40.704205,-73.82351
19751,40.70265,-73.83207
19752,40.697346,-73.829544
19753,40.707943,-73.827354
19754,40.7067,-73.83052
19755,40.707733,-73.82744
19756,40.69944,-73.83212
19757,40.699207,-73.81612
19758,40.70125,-73.80981
19759,40.705254,-73.83245
19760,40.706028,-73.831985
19761,40.7097,-73.8306
19762,40.7051,-73.82382
19763,40.70841,-73.827644
19764,40.705574,-73.82169
19765,40.70841,-73.827644
19766,40.70896,-73.81663
19767,40.70982,-73.81817
19768,40.706158,-73.82615
19769,40.70125,-73.80981
19770,40.70599,-73.82627
19771,40.709534,-73.81766
19772,40.70649,-73.811806
19773,40.70606,-73.83148
19774,40.705147,-73.82275
19775,40.69826,-73.83105
19776,40.704414,-73.83162
19777,40.7051,-73.8146
19778,40.708584,-73.82798
19779,40.708942,-73.8159
19780,40.70926,-73.81631
19781,40.70729,-73.82991
19782,40.705254,-73.83245
19783,40.720646,-73.83642
19784,40.72232,-73.83974
19785,40.720043,-73.839905
19786,40.72171,-73.842964
19787,40.720486,-73.83684
19788,40.722374,-73.84054
19789,40.721523,-73.83645
19790,40.721924,-73.84077
19791,40.717457,-73.84132
19792,40.720646,-73.83642
19793,40.717915,-73.84004
19794,40.720013,-73.836075
19795,40.716526,-73.83687
19796,40.71727,-73.833595
19797,40.718918,-73.83648
19798,40.722374,-73.84054
19799,40.721256,-73.84122
19800,40.71858,-73.8392
19801,40.72049,-73.83657
19802,40.72152,-73.83645
19803,40.719936,-73.83567
19804,40.720013,-73.836075
19805,40.716988,-73.838554
19806,40.720013,-73.836075
19807,40.721233,-73.83874
19808,40.71735,-73.8409
19809,40.718895,-73.84419
19810,40.72158,-73.84297
19811,40.721233,-73.83874
19812,40.71727,-73.833595
19813,40.719936,-73.83567
19814,40.720737,-73.83778
19815,40.7217,-73.84075
19816,40.716988,-73.838554
19817,40.71735,-73.8409
19818,40.720734,-73.839676
19819,40.718094,-73.84246
19820,40.718674,-73.84013
19821,40.71705,-73.83271
19822,40.718838,-73.841484
19823,40.71629,-73.837776
19824,40.718838,-73.841484
19825,40.720783,-73.84077
19826,40.718094,-73.84246
19827,40.71705,-73.83271
19828,40.71723,-73.83272
19829,40.7207,-73.83793
19830,40.71615,-73.839485
19831,40.717785,-73.839294
19832,40.721264,-73.84027
19833,40.722374,-73.84054
19834,40.716793,-73.83498
19835,40.71677,-73.83342
19836,40.721348,-73.84036
19837,40.720734,-73.839676
19838,40.720905,-73.839096
19839,40.71705,-73.83271
19840,40.71723,-73.83272
19841,40.72161,-73.84088
19842,40.71976,-73.84367
19843,40.71676,-73.835724
19844,40.71677,-73.83342
19845,40.720013,-73.836075
19846,40.720013,-73.836075
19847,40.721584,-73.84188
19848,40.718918,-73.83648
19849,40.718895,-73.84419
19850,40.717766,-73.83857
19851,40.720043,-73.839905
19852,40.71677,-73.83342
19853,40.722122,-73.83916
19854,40.720318,-73.84315
19855,40.71677,-73.83342
19856,40.719032,-73.95565
19857,40.71844,-73.96388
19858,40.712166,-73.958405
19859,40.718258,-73.952774
19860,40.718815,-73.951294
19861,40.72058,-73.962456
19862,40.719597,-73.9642
19863,40.718033,-73.95301
19864,40.719063,-73.957184
19865,40.719597,-73.9642
19866,40.716347,-73.951675
19867,40.71122,-73.95832
19868,40.71874,-73.952736
19869,40.71859,-73.953606
19870,40.720062,-73.96353
19871,40.71844,-73.96388
19872,40.711987,-73.965034
19873,40.712025,-73.96183
19874,40.71368,-73.961525
19875,40.71492,-73.96181
19876,40.718575,-73.958244
19877,40.713745,-73.961555
19878,40.71012,-73.96794
19879,40.71926,-73.95603
19880,40.71859,-73.953606
19881,40.712734,-73.96269
19882,40.71844,-73.96388
19883,40.71492,-73.96181
19884,40.711666,-73.95703
19885,40.71043,-73.96636
19886,40.71844,-73.96388
19887,40.71844,-73.96388
19888,40.71301,-73.96297
19889,40.71844,-73.96388
19890,40.714348,-73.835365
19891,40.712418,-73.83397
19892,40.71598,-73.83924
19893,40.71195,-73.83589
19894,40.71185,-73.83533
19895,40.714348,-73.835365
19896,40.712273,-73.835495
19897,40.71258,-73.84229
19898,40.712418,-73.83397
19899,40.712585,-73.8342
19900,40.71283,-73.834656
19901,40.71477,-73.837204
19902,40.712418,-73.83397
19903,40.712418,-73.83397
19904,40.71314,-73.834175
19905,40.709854,-73.84399
19906,40.712418,-73.83397
19907,40.714634,-73.835686
19908,40.712585,-73.8342
19909,40.71431,-73.83533
19910,40.71422,-73.83504
19911,40.71283,-73.834656
19912,40.71295,-73.83524
19913,40.712585,-73.8342
19914,40.71283,-73.834656
19915,40.71283,-73.834656
19916,40.714634,-73.835686
19917,40.714634,-73.835686
19918,40.710938,-73.842545
19919,40.712936,-73.83435
19920,40.714634,-73.835686
19921,40.71283,-73.834656
19922,40.714634,-73.835686
19923,40.721138,-73.853905
19924,40.718025,-73.85336
19925,40.721138,-73.853905
19926,40.718117,-73.855835
19927,40.719215,-73.84627
19928,40.71769,-73.853134
19929,40.72219,-73.849144
19930,40.718903,-73.84617
19931,40.721474,-73.855705
19932,40.717636,-73.85435
19933,40.719185,-73.84506
19934,40.721783,-73.85285
19935,40.722153,-73.84926
19936,40.722153,-73.84926
19937,40.719166,-73.84627
19938,40.72219,-73.849144
19939,40.72219,-73.849144
19940,40.719215,-73.84627
19941,40.719166,-73.84627
19942,40.721115,-73.85131
19943,40.721916,-73.852806
19944,40.721626,-73.85411
19945,40.71845,-73.852394
19946,40.719185,-73.84506
19947,40.717445,-73.8518
19948,40.71761,-73.85436
19949,40.719215,-73.84627
19950,40.721783,-73.85539
19951,40.719166,-73.84627
19952,40.719215,-73.84627
19953,40.718704,-73.84548
19954,40.719215,-73.84627
19955,40.72067,-73.84632
19956,40.718563,-73.85055
19957,40.72219,-73.849144
19958,40.719185,-73.84506
19959,40.718998,-73.85457
19960,40.72109,-73.850945
19961,40.72083,-73.850525
19962,40.720394,-73.8558
19963,40.71962,-73.84621
19964,40.721756,-73.84626
19965,40.72109,-73.850945
19966,40.71962,-73.84621
19967,40.722153,-73.84926
19968,40.722153,-73.84926
19969,40.71823,-73.85547
19970,40.721783,-73.85539
19971,40.71962,-73.84621
19972,40.72219,-73.849144
19973,40.71922,-73.84568
19974,40.72159,-73.846115
19975,40.72159,-73.846115
19976,40.722153,-73.84926
19977,40.71962,-73.84621
19978,40.720688,-73.853516
19979,40.721756,-73.84626
19980,40.719334,-73.84567
19981,40.718704,-73.84548
19982,40.72159,-73.846115
19983,40.716484,-73.84491
19984,40.71686,-73.85457
19985,40.72051,-73.85368
19986,40.718533,-73.84535
19987,40.721756,-73.84626
19988,40.721756,-73.84626
19989,40.72219,-73.849144
19990,40.72159,-73.846115
19991,40.72159,-73.846115
19992,40.69127,-73.927734
19993,40.692097,-73.93006
19994,40.692772,-73.93371
19995,40.68905,-73.93656
19996,40.689194,-73.92922
19997,40.6855,-73.92874
19998,40.688747,-73.946175
19999,40.693974,-73.93324
20000,40.689423,-73.93126
20001,40.689102,-73.93358
20002,40.693954,-73.94572
20003,40.68782,-73.92807
20004,40.687214,-73.93753
20005,40.687756,-73.928665
20006,40.696915,-73.926865
20007,40.689373,-73.931694
20008,40.68526,-73.9349
20009,40.69294,-73.933235
20010,40.687828,-73.92802
20011,40.693653,-73.942535
20012,40.691227,-73.93513
20013,40.686134,-73.93
20014,40.690098,-73.93439
20015,40.69127,-73.927734
20016,40.693687,-73.926544
20017,40.60959,-73.92583
20018,40.62126,-73.91064
20019,40.60695,-73.90653
20020,40.60597,-73.91156
20021,40.608784,-73.92569
20022,40.616383,-73.90275
20023,40.61412,-73.921684
20024,40.621346,-73.90828
20025,40.61417,-73.92325
20026,40.60905,-73.91076
20027,40.618958,-73.91194
20028,40.617287,-73.90179
20029,40.6071,-73.90537
20030,40.606655,-73.91396
20031,40.61781,-73.92416
20032,40.611874,-73.90562
20033,40.61364,-73.91925
20034,40.60699,-73.92539
20035,40.61135,-73.90697
20036,40.6213,-73.924675
20037,40.612133,-73.90548
20038,40.611286,-73.92528
20039,40.61297,-73.90722
20040,40.620525,-73.92091
20041,40.613777,-73.91863
20042,40.61895,-73.91439
20043,40.613777,-73.91863
20044,40.60373,-73.91122
20045,40.606762,-73.91523
20046,40.62124,-73.91534
20047,40.61628,-73.91914
20048,40.618645,-73.904465
20049,40.693905,-73.82322
20050,40.694714,-73.81834
20051,40.693012,-73.811905
20052,40.691692,-73.823296
20053,40.69558,-73.81666
20054,40.692566,-73.819496
20055,40.690098,-73.81031
20056,40.69407,-73.82023
20057,40.69261,-73.82492
20058,40.688786,-73.83015
20059,40.693024,-73.824905
20060,40.68931,-73.81059
20061,40.69356,-73.81566
20062,40.68825,-73.81479
20063,40.68957,-73.81501
20064,40.69096,-73.82568
20065,40.691715,-73.81668
20066,40.689163,-73.82323
20067,40.69175,-73.811424
20068,40.69085,-73.82835
20069,40.686085,-73.82466
20070,40.69177,-73.81135
20071,40.692997,-73.81529
20072,40.69116,-73.815445
20073,40.690346,-73.83187
20074,40.69219,-73.819
20075,40.68741,-73.82118
20076,40.690395,-73.81841
20077,40.693127,-73.83026
20078,40.68714,-73.82936
20079,40.685455,-73.82477
20080,40.686844,-73.83087
20081,40.68941,-73.81536
20082,40.696465,-73.83017
20083,40.692993,-73.825005
20084,40.691296,-73.81455
20085,40.68524,-73.814255
20086,40.695164,-73.818565
20087,40.69084,-73.817215
20088,40.60676,-73.90312
20089,40.614372,-73.92173
20090,40.615658,-73.92041
20091,40.621445,-73.91131
20092,40.613995,-73.92229
20093,40.61709,-73.915184
20094,40.616287,-73.924934
20095,40.60613,-73.90299
20096,40.613995,-73.92229
20097,40.60852,-73.92241
20098,40.60726,-73.91391
20099,40.61852,-73.91439
20100,40.6101,-73.909676
20101,40.605892,-73.91465
20102,40.61632,-73.9253
20103,40.612183,-73.9089
20104,40.61552,-73.9035
20105,40.621372,-73.92344
20106,40.621166,-73.91815
20107,40.621254,-73.922935
20108,40.615456,-73.910965
20109,40.620537,-73.90369
20110,40.620537,-73.90369
20111,40.62059,-73.919975
20112,40.61227,-73.90702
20113,40.613937,-73.91827
20114,40.61402,-73.91966
20115,40.607224,-73.90676
20116,40.619534,-73.92152
20117,40.61899,-73.91444
20118,40.606903,-73.91592
20119,40.610294,-73.914215
20120,40.617672,-73.9159
20121,40.607533,-73.908295
20122,40.685852,-73.82671
20123,40.689465,-73.821014
20124,40.687645,-73.80967
20125,40.69254,-73.82488
20126,40.69563,-73.81475
20127,40.692554,-73.83108
20128,40.6875,-73.82663
20129,40.691257,-73.8155
20130,40.68465,-73.81326
20131,40.696064,-73.81732
20132,40.69016,-73.83193
20133,40.687363,-73.818054
20134,40.692062,-73.81396
20135,40.694233,-73.81406
20136,40.69342,-73.83132
20137,40.69209,-73.81382
20138,40.69557,-73.815094
20139,40.68878,-73.83017
20140,40.69299,-73.81532
20141,40.694183,-73.81403
20142,40.69272,-73.83116
20143,40.687153,-73.83145
20144,40.693874,-73.82726
20145,40.685272,-73.82751
20146,40.693726,-73.81574
20147,40.692406,-73.81159
20148,40.691174,-73.8217
20149,40.685547,-73.8144
20150,40.693783,-73.81034
20151,40.690514,-73.83009
20152,40.684937,-73.81873
20153,40.685333,-73.81893
20154,40.618618,-73.9165
20155,40.62136,-73.91604
20156,40.619766,-73.901985
20157,40.618664,-73.91161
20158,40.609898,-73.90352
20159,40.617615,-73.92312
20160,40.613945,-73.919174
20161,40.614246,-73.91975
20162,40.621113,-73.9143
20163,40.61287,-73.90855
20164,40.621273,-73.91594
20165,40.617756,-73.914375
20166,40.60683,-73.92522
20167,40.61385,-73.919945
20168,40.62111,-73.91426
20169,40.60794,-73.906525
20170,40.6143,-73.90212
20171,40.61468,-73.90735
20172,40.614246,-73.91975
20173,40.613945,-73.919174
20174,40.61566,-73.9112
20175,40.60682,-73.90655
20176,40.608856,-73.912926
20177,40.610207,-73.91065
20178,40.61737,-73.91311
20179,40.684753,-73.81864
20180,40.695625,-73.829704
20181,40.684654,-73.82016
20182,40.684826,-73.817726
20183,40.688755,-73.82068
20184,40.695415,-73.8165
20185,40.689552,-73.81276
20186,40.690414,-73.81509
20187,40.693146,-73.82756
20188,40.690964,-73.819405
20189,40.68919,-73.81152
20190,40.695404,-73.82628
20191,40.68951,-73.81274
20192,40.69045,-73.831924
20193,40.69492,-73.81058
20194,40.68694,-73.8103
20195,40.686005,-73.81146
20196,40.686005,-73.81146
20197,40.691578,-73.81661
20198,40.692932,-73.81277
20199,40.691895,-73.81913
20200,40.687733,-73.81646
20201,40.686344,-73.81942
20202,40.687588,-73.81905
20203,40.686047,-73.8249
20204,40.693882,-73.82723
20205,40.69172,-73.83031
20206,40.692707,-73.811745
20207,40.691925,-73.81678
20208,40.69509,-73.8097
20209,40.692707,-73.811745
20210,40.609726,-73.92354
20211,40.621464,-73.91559
20212,40.614704,-73.90136
20213,40.618244,-73.91115
20214,40.61228,-73.90623
20215,40.620625,-73.90794
20216,40.619087,-73.90746
20217,40.604534,-73.909706
20218,40.618683,-73.90815
20219,40.613308,-73.90227
20220,40.61879,-73.905045
20221,40.621246,-73.91408
20222,40.620625,-73.90794
20223,40.61902,-73.90494
20224,40.614777,-73.9122
20225,40.606197,-73.91121
20226,40.61914,-73.907524
20227,40.607742,-73.90901
20228,40.60793,-73.90279
20229,40.61752,-73.92543
20230,40.60919,-73.90776
20231,40.61531,-73.90278
20232,40.618935,-73.905205
20233,40.62039,-73.921906
20234,40.61868,-73.91883
20235,40.620712,-73.910545
20236,40.621204,-73.90583
20237,40.60903,-73.91076
20238,40.617874,-73.91874
20239,40.610966,-73.91127
20240,40.617367,-73.92311
20241,40.61584,-73.8997
20242,40.614273,-73.91864
20243,40.720055,-73.85462
20244,40.72219,-73.849144
20245,40.722153,-73.84926
20246,40.71882,-73.84505
20247,40.720108,-73.8526
20248,40.72109,-73.850945
20249,40.72219,-73.849144
20250,40.719414,-73.84526
20251,40.721214,-73.85157
20252,40.72219,-73.849144
20253,40.71882,-73.84505
20254,40.719166,-73.84627
20255,40.72219,-73.849144
20256,40.72219,-73.849144
20257,40.72139,-73.84492
20258,40.72131,-73.84501
20259,40.72167,-73.853645
20260,40.721783,-73.85539
20261,40.72219,-73.849144
20262,40.72167,-73.853645
20263,40.722153,-73.84926
20264,40.721783,-73.85539
20265,40.72167,-73.853645
20266,40.72186,-73.85589
20267,40.721478,-73.8465
20268,40.72131,-73.84501
20269,40.71962,-73.84621
20270,40.72167,-73.853645
20271,40.722153,-73.84926
20272,40.71962,-73.84621
20273,40.721336,-73.85595
20274,40.72219,-73.849144
20275,40.721405,-73.852486
20276,40.71752,-73.849846
20277,40.721474,-73.855705
20278,40.613567,-73.95129
20279,40.6201,-73.9705
20280,40.615005,-73.95122
20281,40.611618,-73.965706
20282,40.612934,-73.9622
20283,40.611618,-73.965706
20284,40.614033,-73.9581
20285,40.61155,-73.95656
20286,40.6211,-73.96923
20287,40.6211,-73.96923
20288,40.616688,-73.95658
20289,40.6211,-73.96923
20290,40.61328,-73.950806
20291,40.61152,-73.95718
20292,40.6211,-73.96923
20293,40.6211,-73.96923
20294,40.613426,-73.95945
20295,40.610943,-73.96088
20296,40.610943,-73.96088
20297,40.61211,-73.96892
20298,40.610943,-73.96088
20299,40.611618,-73.965706
20300,40.61211,-73.96892
20301,40.611477,-73.9546
20302,40.62088,-73.95383
20303,40.611618,-73.965706
20304,40.614937,-73.95974
20305,40.619267,-73.95084
20306,40.61609,-73.96483
20307,40.620113,-73.95514
20308,40.614918,-73.95358
20309,40.61155,-73.95656
20310,40.713142,-73.94604
20311,40.722008,-73.943535
20312,40.718185,-73.941414
20313,40.711967,-73.94976
20314,40.721195,-73.94773
20315,40.715637,-73.94549
20316,40.718185,-73.941414
20317,40.714447,-73.94079
20318,40.721096,-73.94738
20319,40.71668,-73.945915
20320,40.72014,-73.94726
20321,40.711926,-73.94537
20322,40.718857,-73.94878
20323,40.713505,-73.944786
20324,40.718895,-73.94153
20325,40.714447,-73.94079
20326,40.712257,-73.943375
20327,40.714367,-73.94353
20328,40.710293,-73.94796
20329,40.712063,-73.9454
20330,40.711926,-73.94537
20331,40.61171,-73.92781
20332,40.61932,-73.93234
20333,40.61015,-73.92969
20334,40.619102,-73.94375
20335,40.609505,-73.92942
20336,40.611275,-73.938385
20337,40.610138,-73.93636
20338,40.61693,-73.933754
20339,40.61443,-73.94793
20340,40.610138,-73.93636
20341,40.61443,-73.94793
20342,40.61255,-73.93782
20343,40.616783,-73.93738
20344,40.61101,-73.93563
20345,40.61394,-73.93692
20346,40.61313,-73.94463
20347,40.617344,-73.943825
20348,40.609318,-73.93684
20349,40.61313,-73.94463
20350,40.619274,-73.94143
20351,40.611416,-73.93978
20352,40.612976,-73.927155
20353,40.609116,-73.928986
20354,40.614517,-73.93624
20355,40.61173,-73.93569
20356,40.685547,-73.96083
20357,40.69217,-73.964195
20358,40.68881,-73.95208
20359,40.691452,-73.958916
20360,40.687965,-73.960205
20361,40.69217,-73.964195
20362,40.690567,-73.96583
20363,40.691452,-73.958916
20364,40.691814,-73.96904
20365,40.687763,-73.966896
20366,40.69257,-73.965195
20367,40.691784,-73.96822
20368,40.691814,-73.96904
20369,40.689793,-73.96281
20370,40.688564,-73.96076
20371,40.69257,-73.965195
20372,40.68802,-73.95899
20373,40.69217,-73.964195
20374,40.688564,-73.96076
20375,40.689793,-73.96281
20376,40.69216,-73.96839
20377,40.691814,-73.96904
20378,40.69217,-73.964195
20379,40.686844,-73.95367
20380,40.694572,-73.970436
20381,40.693874,-73.96433
20382,40.68736,-73.966675
20383,40.684853,-73.9699
20384,40.686962,-73.95263
20385,40.694664,-73.967834
20386,40.693874,-73.96433
20387,40.691814,-73.96904
20388,40.693447,-73.97228
20389,40.694664,-73.967834
20390,40.68727,-73.95718
20391,40.691086,-73.95801
20392,40.685547,-73.96083
20393,40.68731,-73.96711
20394,40.607166,-73.91551
20395,40.621124,-73.90664
20396,40.61413,-73.9223
20397,40.615322,-73.92036
20398,40.615482,-73.900665
20399,40.615425,-73.923256
20400,40.61792,-73.91618
20401,40.61951,-73.9218
20402,40.617428,-73.917465
20403,40.618824,-73.90508
20404,40.615005,-73.91822
20405,40.61516,-73.90942
20406,40.615005,-73.91822
20407,40.608704,-73.90711
20408,40.61838,-73.90486
20409,40.614906,-73.92573
20410,40.618416,-73.914085
20411,40.608425,-73.907166
20412,40.618565,-73.902725
20413,40.613544,-73.92037
20414,40.619823,-73.90657
20415,40.60844,-73.90832
20416,40.614857,-73.91881
20417,40.61456,-73.91989
20418,40.617256,-73.91421
20419,40.606674,-73.90443
20420,40.61413,-73.9223
20421,40.61841,-73.91133
20422,40.618202,-73.9111
20423,40.621002,-73.92002
20424,40.612698,-73.909065
20425,40.61633,-73.926254
20426,40.719215,-73.84627
20427,40.719166,-73.84627
20428,40.72167,-73.853645
20429,40.721264,-73.85542
20430,40.722153,-73.84926
20431,40.721474,-73.855705
20432,40.71922,-73.84568
20433,40.71922,-73.84568
20434,40.721485,-73.84663
20435,40.722317,-73.85497
20436,40.718063,-73.85133
20437,40.719166,-73.84627
20438,40.72219,-73.849144
20439,40.71773,-73.85042
20440,40.722153,-73.84926
20441,40.719185,-73.84506
20442,40.716843,-73.85516
20443,40.721584,-73.85466
20444,40.71962,-73.84621
20445,40.719185,-73.84506
20446,40.716843,-73.85516
20447,40.717384,-73.84947
20448,40.72219,-73.849144
20449,40.71962,-73.84621
20450,40.718216,-73.85025
20451,40.716705,-73.84964
20452,40.719185,-73.84506
20453,40.71882,-73.84505
20454,40.72159,-73.846115
20455,40.72149,-73.853546
20456,40.718216,-73.85025
20457,40.71907,-73.85409
20458,40.72219,-73.849144
20459,40.718704,-73.84548
20460,40.71882,-73.84505
20461,40.69216,-73.96839
20462,40.693874,-73.96433
20463,40.68709,-73.96756
20464,40.690567,-73.96583
20465,40.687225,-73.966965
20466,40.68482,-73.96661
20467,40.685627,-73.96157
20468,40.68986,-73.965775
20469,40.69432,-73.96869
20470,40.687225,-73.966965
20471,40.691513,-73.95682
20472,40.69217,-73.964195
20473,40.685547,-73.96083
20474,40.69339,-73.96854
20475,40.6858,-73.96098
20476,40.691513,-73.95682
20477,40.68711,-73.95804
20478,40.688564,-73.96076
20479,40.69217,-73.964195
20480,40.691612,-73.954315
20481,40.69672,-73.96787
20482,40.685696,-73.96393
20483,40.68671,-73.957306
20484,40.69217,-73.964195
20485,40.693516,-73.96857
20486,40.685627,-73.95963
20487,40.686344,-73.9673
20488,40.690567,-73.96583
20489,40.687767,-73.95871
20490,40.69217,-73.964195
20491,40.69257,-73.965195
20492,40.69257,-73.965195
20493,40.68704,-73.96097
20494,40.68557,-73.96864
20495,40.693966,-73.968636
20496,40.689453,-73.95302
20497,40.691467,-73.95886
20498,40.692047,-73.96842
20499,40.69029,-73.95653
20500,40.69217,-73.964195
20501,40.68849,-73.96734
20502,40.690567,-73.96583
20503,40.691814,-73.96904
20504,40.687763,-73.966896
20505,40.690567,-73.96583
20506,40.685547,-73.96083
20507,40.694958,-73.967896
20508,40.694958,-73.967896
20509,40.690838,-73.9717
20510,40.69257,-73.965195
20511,40.687103,-73.96737
20512,40.687794,-73.95849
20513,40.687103,-73.96737
20514,40.691277,-73.972626
20515,40.69255,-73.95504
20516,40.69442,-73.96942
20517,40.69442,-73.96942
20518,40.685825,-73.951836
20519,40.68731,-73.96711
20520,40.6949,-73.955505
20521,40.69257,-73.965195
20522,40.686317,-73.97109
20523,40.686485,-73.96981
20524,40.685696,-73.96393
20525,40.69217,-73.964195
20526,40.68904,-73.966515
20527,40.687225,-73.966965
20528,40.697144,-73.95789
20529,40.687103,-73.96737
20530,40.692394,-73.96906
20531,40.691814,-73.96904
20532,40.685654,-73.96193
20533,40.687103,-73.96737
20534,40.685375,-73.95615
20535,40.690025,-73.96776
20536,40.69364,-73.9726
20537,40.690567,-73.96583
20538,40.691814,-73.96904
20539,40.693787,-73.96487
20540,40.69216,-73.96839
20541,40.69217,-73.964195
20542,40.68734,-73.956635
20543,40.688393,-73.962234
20544,40.68904,-73.966515
20545,40.693966,-73.968636
20546,40.69224,-73.96813
20547,40.689995,-73.95236
20548,40.69224,-73.96813
20549,40.69171,-73.968285
20550,40.68558,-73.95161
20551,40.68467,-73.95985
20552,40.68818,-73.96163
20553,40.68776,-73.97194
20554,40.68788,-73.95746
20555,40.69216,-73.96839
20556,40.69271,-73.96847
20557,40.690567,-73.96583
20558,40.691814,-73.96904
20559,40.686344,-73.96049
20560,40.6946,-73.96783
20561,40.69224,-73.96813
20562,40.68731,-73.96711
20563,40.68725,-73.968185
20564,40.691814,-73.96904
20565,40.69217,-73.964195
20566,40.691814,-73.96904
20567,40.69217,-73.964195
20568,40.687244,-73.968185
20569,40.695423,-73.955475
20570,40.69207,-73.96023
20571,40.69217,-73.964195
20572,40.68881,-73.95208
20573,40.687244,-73.968185
20574,40.69224,-73.96813
20575,40.69094,-73.957596
20576,40.687103,-73.96737
20577,40.685974,-73.95791
20578,40.690567,-73.96583
20579,40.69404,-73.96285
20580,40.6949,-73.955505
20581,40.686737,-73.95055
20582,40.687054,-73.95832
20583,40.692047,-73.96842
20584,40.694225,-73.9694
20585,40.69442,-73.96942
20586,40.6947,-73.96982
20587,40.69217,-73.964195
20588,40.693874,-73.96433
20589,40.693874,-73.96433
20590,40.687244,-73.968185
20591,40.685547,-73.96083
20592,40.69442,-73.96942
20593,40.687103,-73.96737
20594,40.69217,-73.964195
20595,40.693874,-73.96433
20596,40.6949,-73.955505
20597,40.687225,-73.966965
20598,40.68704,-73.95846
20599,40.68711,-73.95804
20600,40.69224,-73.96813
20601,40.687103,-73.96737
20602,40.688477,-73.95902
20603,40.69217,-73.964195
20604,40.691814,-73.96904
20605,40.69224,-73.96813
20606,40.69045,-73.95132
20607,40.687244,-73.968185
20608,40.69224,-73.96813
20609,40.689793,-73.96281
20610,40.687897,-73.97309
20611,40.687244,-73.968185
20612,40.692944,-73.96827
20613,40.69217,-73.964195
20614,40.691814,-73.96904
20615,40.691814,-73.96904
20616,40.687103,-73.96737
20617,40.68904,-73.95697
20618,40.689453,-73.95302
20619,40.692047,-73.96842
20620,40.691814,-73.96904
20621,40.688477,-73.95902
20622,40.687325,-73.95849
20623,40.684628,-73.96962
20624,40.692303,-73.9573
20625,40.687244,-73.968185
20626,40.68704,-73.95846
20627,40.687244,-73.968185
20628,40.68788,-73.95746
20629,40.69216,-73.96839
20630,40.688126,-73.96818
20631,40.687244,-73.968185
20632,40.685696,-73.97007
20633,40.691452,-73.958916
20634,40.686302,-73.95476
20635,40.69224,-73.96813
20636,40.68731,-73.96711
20637,40.68467,-73.95985
20638,40.687206,-73.960175
20639,40.685547,-73.96083
20640,40.687542,-73.95414
20641,40.69257,-73.965195
20642,40.689083,-73.953735
20643,40.685825,-73.951836
20644,40.691814,-73.96904
20645,40.69448,-73.966415
20646,40.69257,-73.965195
20647,40.68731,-73.96711
20648,40.68983,-73.97242
20649,40.691814,-73.96904
20650,40.690567,-73.96583
20651,40.69452,-73.96835
20652,40.69224,-73.96813
20653,40.685547,-73.96864
20654,40.68711,-73.95804
20655,40.69257,-73.965195
20656,40.687805,-73.958374
20657,40.69394,-73.96374
20658,40.68482,-73.96661
20659,40.692047,-73.96842
20660,40.687794,-73.95849
20661,40.620823,-73.923836
20662,40.618385,-73.9167
20663,40.615856,-73.90216
20664,40.61745,-73.9231
20665,40.613716,-73.92225
20666,40.621265,-73.90695
20667,40.613716,-73.92225
20668,40.61348,-73.9203
20669,40.61821,-73.91474
20670,40.606865,-73.91508
20671,40.615574,-73.903564
20672,40.61847,-73.90432
20673,40.60682,-73.90655
20674,40.61591,-73.90222
20675,40.616264,-73.91821
20676,40.616924,-73.90459
20677,40.6106,-73.90948
20678,40.614597,-73.92209
20679,40.61431,-73.9179
20680,40.616505,-73.91729
20681,40.61434,-73.91085
20682,40.60903,-73.91372
20683,40.620373,-73.92479
20684,40.60628,-73.91454
20685,40.60456,-73.9113
20686,40.621155,-73.92004
20687,40.620583,-73.90289
20688,40.619102,-73.902565
20689,40.610085,-73.91392
20690,40.621292,-73.90747
20691,40.614292,-73.91968
20692,40.618183,-73.91363
20693,40.614902,-73.92281
20694,40.61432,-73.91828
20695,40.613945,-73.919174
20696,40.616093,-73.91856
20697,40.6721,-73.94707
20698,40.67393,-73.93167
20699,40.679314,-73.93951
20700,40.674946,-73.94019
20701,40.683308,-73.941185
20702,40.67934,-73.94001
20703,40.678406,-73.9351
20704,40.6721,-73.94707
20705,40.68442,-73.9316
20706,40.68124,-73.94624
20707,40.67721,-73.94583
20708,40.68052,-73.947945
20709,40.6721,-73.94707
20710,40.677013,-73.94815
20711,40.67721,-73.94583
20712,40.6721,-73.94707
20713,40.684265,-73.937004
20714,40.682755,-73.94345
20715,40.682755,-73.94345
20716,40.67216,-73.93626
20717,40.6721,-73.94707
20718,40.673798,-73.926704
20719,40.676586,-73.94913
20720,40.682755,-73.94345
20721,40.68393,-73.92901
20722,40.68007,-73.94807
20723,40.683228,-73.929115
20724,40.675797,-73.94004
20725,40.673122,-73.94771
20726,40.684277,-73.9499
20727,40.680725,-73.94928
20728,40.67379,-73.92901
20729,40.6721,-73.94707
20730,40.68239,-73.93624
20731,40.6721,-73.94707
20732,40.683308,-73.941185
20733,40.6721,-73.94707
20734,40.68028,-73.93258
20735,40.687763,-73.966896
20736,40.691082,-73.95763
20737,40.685547,-73.96083
20738,40.69404,-73.96285
20739,40.686913,-73.95654
20740,40.693787,-73.96487
20741,40.685547,-73.96083
20742,40.687244,-73.968185
20743,40.602177,-73.953835
20744,40.598927,-73.953285
20745,40.601044,-73.96433
20746,40.601044,-73.96433
20747,40.607784,-73.95547
20748,40.60416,-73.95935
20749,40.599457,-73.96055
20750,40.601044,-73.96433
20751,40.604748,-73.969345
20752,40.60474,-73.969406
20753,40.601852,-73.95377
20754,40.60219,-73.97084
20755,40.601044,-73.96433
20756,40.60042,-73.96009
20757,40.603687,-73.952225
20758,40.60165,-73.9716
20759,40.602127,-73.97078
20760,40.60424,-73.96027
20761,40.605938,-73.95841
20762,40.606586,-73.9605
20763,40.60486,-73.96398
20764,40.607674,-73.95032
20765,40.60379,-73.95318
20766,40.603687,-73.952225
20767,40.606182,-73.97006
20768,40.601578,-73.9634
20769,40.602165,-73.971115
20770,40.607784,-73.95547
20771,40.607784,-73.95547
20772,40.59873,-73.95966
20773,40.60332,-73.95773
20774,40.60219,-73.97084
20775,40.60182,-73.97106
20776,40.604527,-73.965904
20777,40.60745,-73.97134
20778,40.69302,-73.96761
20779,40.689827,-73.972496
20780,40.685112,-73.97107
20781,40.69217,-73.964195
20782,40.685547,-73.96083
20783,40.6946,-73.96783
20784,40.69339,-73.96854
20785,40.69257,-73.965195
20786,40.685123,-73.97077
20787,40.687225,-73.966965
20788,40.68731,-73.96711
20789,40.69302,-73.96761
20790,40.691452,-73.958916
20791,40.684628,-73.96962
20792,40.68506,-73.96554
20793,40.693787,-73.96487
20794,40.692127,-73.97014
20795,40.691784,-73.96822
20796,40.691784,-73.96822
20797,40.687225,-73.966965
20798,40.69124,-73.955795
20799,40.686485,-73.966866
20800,40.692467,-73.95448
20801,40.693787,-73.96487
20802,40.68751,-73.97187
20803,40.68828,-73.9673
20804,40.693787,-73.96487
20805,40.69282,-73.97247
20806,40.691082,-73.95763
20807,40.69637,-73.9728
20808,40.692944,-73.96827
20809,40.693787,-73.96487
20810,40.69638,-73.95571
20811,40.69094,-73.957596
20812,40.693787,-73.96487
20813,40.687103,-73.96737
20814,40.687244,-73.968185
20815,40.693787,-73.96487
20816,40.575466,-73.96664
20817,40.5754,-73.96267
20818,40.57575,-73.967926
20819,40.578403,-73.97196
20820,40.5774,-73.95718
20821,40.579216,-73.97132
20822,40.577442,-73.9564
20823,40.575863,-73.95721
20824,40.57948,-73.97014
20825,40.5754,-73.96268
20826,40.576748,-73.972786
20827,40.5822,-73.95765
20828,40.578365,-73.97337
20829,40.575302,-73.96803
20830,40.577442,-73.9564
20831,40.57639,-73.96435
20832,40.578365,-73.97337
20833,40.577538,-73.95869
20834,40.578365,-73.97337
20835,40.578365,-73.97337
20836,40.902325,-73.88853
20837,40.905277,-73.90321
20838,40.905346,-73.89666
20839,40.906563,-73.90659
20840,40.906563,-73.90659
20841,40.90821,-73.905495
20842,40.910393,-73.8991
20843,40.906563,-73.90659
20844,40.90821,-73.905495
20845,40.904762,-73.90519
20846,40.909958,-73.89922
20847,40.9052,-73.9061
20848,40.907265,-73.89893
20849,40.905346,-73.89666
20850,40.90821,-73.905495
20851,40.906563,-73.90659
20852,40.906563,-73.90659
20853,40.903767,-73.89769
20854,40.902325,-73.88853
20855,40.906563,-73.90659
20856,40.907295,-73.90857
20857,40.906563,-73.90659
20858,40.90685,-73.897255
20859,40.902325,-73.88853
20860,40.902058,-73.900055
20861,40.902058,-73.900055
20862,40.902058,-73.900055
20863,40.906693,-73.906364
20864,40.902058,-73.900055
20865,40.902058,-73.900055
20866,40.902058,-73.900055
20867,40.902058,-73.900055
20868,40.902058,-73.900055
20869,40.90341,-73.900536
20870,40.904762,-73.90519
20871,40.902058,-73.900055
20872,40.904556,-73.905945
20873,40.90341,-73.900536
20874,40.909164,-73.9056
20875,40.904762,-73.90519
20876,40.909164,-73.9056
20877,40.587006,-73.940155
20878,40.58657,-73.94952
20879,40.58657,-73.94952
20880,40.58391,-73.94238
20881,40.58657,-73.94952
20882,40.585052,-73.93831
20883,40.584213,-73.939125
20884,40.590424,-73.93595
20885,40.58629,-73.9424
20886,40.587383,-73.94875
20887,40.59598,-73.94904
20888,40.588924,-73.94338
20889,40.587383,-73.94875
20890,40.583942,-73.94208
20891,40.586334,-73.945
20892,40.59037,-73.93658
20893,40.59165,-73.94285
20894,40.589195,-73.94096
20895,40.58657,-73.94952
20896,40.5927,-73.93925
20897,40.586334,-73.945
20898,40.58933,-73.949905
20899,40.586334,-73.945
20900,40.586506,-73.94506
20901,40.58449,-73.93147
20902,40.58933,-73.949905
20903,40.58556,-73.94656
20904,40.587692,-73.926575
20905,40.67886,-73.96382
20906,40.676525,-73.96216
20907,40.679893,-73.96391
20908,40.67449,-73.96405
20909,40.68147,-73.97233
20910,40.67383,-73.9536
20911,40.674503,-73.97286
20912,40.676525,-73.96216
20913,40.68144,-73.97225
20914,40.67468,-73.95256
20915,40.672966,-73.96052
20916,40.67471,-73.96738
20917,40.683765,-73.95685
20918,40.675056,-73.96889
20919,40.67355,-73.964096
20920,40.67266,-73.96472
20921,40.67616,-73.96036
20922,40.672966,-73.96052
20923,40.672523,-73.95697
20924,40.672966,-73.96052
20925,40.67886,-73.96382
20926,40.678356,-73.96832
20927,40.67456,-73.96777
20928,40.678356,-73.96832
20929,40.68401,-73.95763
20930,40.672638,-73.97144
20931,40.67886,-73.96382
20932,40.675556,-73.96925
20933,40.67567,-73.97087
20934,40.682446,-73.95903
20935,40.677643,-73.96108
20936,40.67886,-73.96382
20937,40.681877,-73.96417
20938,40.676483,-73.96892
20939,40.676228,-73.97292
20940,40.673775,-73.95616
20941,40.67886,-73.96382
20942,40.673462,-73.97222
20943,40.673122,-73.97144
20944,40.674427,-73.96854
20945,40.677265,-73.97014
20946,40.677265,-73.97014
20947,40.6758,-73.97022
20948,40.674427,-73.96854
20949,40.67886,-73.96382
20950,40.678158,-73.96317
20951,40.673492,-73.95929
20952,40.67456,-73.96777
20953,40.67226,-73.95099
20954,40.67567,-73.97088
20955,40.682774,-73.95646
20956,40.67225,-73.9631
20957,40.6758,-73.97022
20958,40.673237,-73.96705
20959,40.672024,-73.97269
20960,40.676525,-73.96216
20961,40.67886,-73.96382
20962,40.683395,-73.95422
20963,40.67456,-73.96777
20964,40.67521,-73.967285
20965,40.683384,-73.95444
20966,40.67671,-73.970184
20967,40.675186,-73.96867
20968,40.681767,-73.95388
20969,40.676018,-73.95092
20970,40.67456,-73.96777
20971,40.672565,-73.96419
20972,40.673462,-73.97222
20973,40.67854,-73.96284
20974,40.682533,-73.958435
20975,40.682735,-73.96185
20976,40.673237,-73.96705
20977,40.67521,-73.967285
20978,40.681877,-73.96417
20979,40.681046,-73.954025
20980,40.672966,-73.96052
20981,40.67671,-73.970184
20982,40.68311,-73.96601
20983,40.677128,-73.962906
20984,40.67808,-73.96535
20985,40.681873,-73.96417
20986,40.675243,-73.97334
20987,40.681877,-73.96417
20988,40.67671,-73.970184
20989,40.684128,-73.9667
20990,40.672565,-73.96419
20991,40.682446,-73.95903
20992,40.68314,-73.959595
20993,40.673164,-73.96669
20994,40.674885,-73.96804
20995,40.675533,-73.95089
20996,40.67445,-73.97196
20997,40.67886,-73.96382
20998,40.67707,-73.96477
20999,40.67886,-73.96382
21000,40.678104,-73.96301
21001,40.677586,-73.9719
21002,40.673855,-73.9505
21003,40.673462,-73.97222
21004,40.674046,-73.96366
21005,40.67567,-73.97087
21006,40.675556,-73.96925
21007,40.680046,-73.96394
21008,40.67503,-73.97226
21009,40.68073,-73.97174
21010,40.67277,-73.972534
21011,40.681877,-73.96417
21012,40.682446,-73.95903
21013,40.67279,-73.97182
21014,40.675827,-73.95713
21015,40.677727,-73.96853
21016,40.67986,-73.96468
21017,40.682484,-73.963165
21018,40.67886,-73.96382
21019,40.67335,-73.97337
21020,40.673775,-73.95616
21021,40.67279,-73.97182
21022,40.67456,-73.96777
21023,40.673542,-73.96842
21024,40.67886,-73.96382
21025,40.677265,-73.97014
21026,40.678356,-73.96832
21027,40.67456,-73.96777
21028,40.675465,-73.971954
21029,40.67662,-73.969505
21030,40.676075,-73.97254
21031,40.683777,-73.95674
21032,40.677727,-73.96853
21033,40.678356,-73.9652
21034,40.674168,-73.97177
21035,40.678696,-73.97041
21036,40.684326,-73.964676
21037,40.673462,-73.97222
21038,40.675533,-73.95089
21039,40.680305,-73.9697
21040,40.675556,-73.96925
21041,40.676865,-73.96384
21042,40.677456,-73.96857
21043,40.67662,-73.969505
21044,40.682446,-73.95903
21045,40.67456,-73.96777
21046,40.676228,-73.97292
21047,40.674427,-73.96854
21048,40.67509,-73.95794
21049,40.677197,-73.96981
21050,40.675995,-73.96224
21051,40.676132,-73.95572
21052,40.676487,-73.96892
21053,40.674183,-73.96252
21054,40.6758,-73.97022
21055,40.682735,-73.96185
21056,40.67335,-73.97337
21057,40.674664,-73.9725
21058,40.681038,-73.96165
21059,40.675148,-73.96041
21060,40.674885,-73.96804
21061,40.680714,-73.96825
21062,40.67708,-73.973366
21063,40.67257,-73.97127
21064,40.684338,-73.96859
21065,40.675804,-73.97022
21066,40.67335,-73.97337
21067,40.675243,-73.97334
21068,40.67335,-73.97337
21069,40.681488,-73.97297
21070,40.680904,-73.95813
21071,40.674664,-73.9725
21072,40.67752,-73.95188
21073,40.673958,-73.9532
21074,40.67456,-73.96777
21075,40.672092,-73.97183
21076,40.676075,-73.97254
21077,40.680405,-73.96399
21078,40.6758,-73.97022
21079,40.677357,-73.97059
21080,40.67567,-73.97087
21081,40.674427,-73.96854
21082,40.67251,-73.96312
21083,40.680878,-73.96003
21084,40.67521,-73.967285
21085,40.67889,-73.964485
21086,40.67567,-73.97087
21087,40.682835,-73.95191
21088,40.67951,-73.96743
21089,40.67355,-73.964096
21090,40.67886,-73.96382
21091,40.67274,-73.965065
21092,40.672256,-73.95099
21093,40.67449,-73.96405
21094,40.67335,-73.97337
21095,40.676365,-73.972466
21096,40.67886,-73.96382
21097,40.675243,-73.96845
21098,40.67226,-73.95099
21099,40.676365,-73.972466
21100,40.680714,-73.96825
21101,40.67449,-73.96405
21102,40.67886,-73.96382
21103,40.679893,-73.96391
21104,40.682964,-73.96292
21105,40.681488,-73.97297
21106,40.67445,-73.97196
21107,40.68236,-73.967415
21108,40.68305,-73.966095
21109,40.67801,-73.96537
21110,40.675278,-73.97141
21111,40.676624,-73.965256
21112,40.67395,-73.96264
21113,40.672565,-73.96419
21114,40.67335,-73.97337
21115,40.68069,-73.954765
21116,40.675888,-73.95099
21117,40.68147,-73.97233
21118,40.67335,-73.97337
21119,40.682735,-73.96185
21120,40.68004,-73.9626
21121,40.67509,-73.95794
21122,40.676483,-73.96892
21123,40.67522,-73.972534
21124,40.672688,-73.96204
21125,40.67522,-73.972534
21126,40.682964,-73.965546
21127,40.67248,-73.960625
21128,40.673615,-73.9644
21129,40.67567,-73.97087
21130,40.67567,-73.97087
21131,40.67671,-73.970184
21132,40.6741,-73.9636
21133,40.67886,-73.96382
21134,40.672287,-73.970955
21135,40.673756,-73.971695
21136,40.675056,-73.96889
21137,40.67671,-73.970184
21138,40.684185,-73.957184
21139,40.681877,-73.96417
21140,40.673756,-73.971695
21141,40.67567,-73.97087
21142,40.675148,-73.96041
21143,40.672565,-73.96419
21144,40.67562,-73.950264
21145,40.67708,-73.973366
21146,40.67225,-73.9631
21147,40.672215,-73.95484
21148,40.674324,-73.96263
21149,40.674335,-73.972725
21150,40.67886,-73.96382
21151,40.675243,-73.97334
21152,40.67509,-73.95794
21153,40.672565,-73.96419
21154,40.673103,-73.96635
21155,40.67225,-73.9631
21156,40.67471,-73.96738
21157,40.675278,-73.97141
21158,40.681488,-73.97297
21159,40.683266,-73.97333
21160,40.68305,-73.966095
21161,40.67596,-73.96209
21162,40.6758,-73.97022
21163,40.67308,-73.97258
21164,40.680347,-73.944496
21165,40.683907,-73.936134
21166,40.677826,-73.94872
21167,40.676556,-73.93626
21168,40.674362,-73.94029
21169,40.683174,-73.94649
21170,40.675545,-73.929886
21171,40.68251,-73.939224
21172,40.679462,-73.94214
21173,40.683174,-73.94649
21174,40.684395,-73.93586
21175,40.673824,-73.92965
21176,40.67837,-73.94339
21177,40.678375,-73.94346
21178,40.673717,-73.92694
21179,40.683983,-73.93621
21180,40.67428,-73.94551
21181,40.682217,-73.93772
21182,40.672832,-73.93446
21183,40.68272,-73.948364
21184,40.681416,-73.94474
21185,40.677322,-73.939514
21186,40.683178,-73.94649
21187,40.67567,-73.97087
21188,40.683468,-73.9505
21189,40.68305,-73.966095
21190,40.673237,-73.96705
21191,40.676132,-73.95572
21192,40.673164,-73.96669
21193,40.675556,-73.96925
21194,40.683395,-73.95422
21195,40.683804,-73.96318
21196,40.678356,-73.9652
21197,40.677715,-73.96304
21198,40.67266,-73.96472
21199,40.672565,-73.96419
21200,40.67509,-73.95794
21201,40.683804,-73.96318
21202,40.67468,-73.96228
21203,40.677265,-73.97014
21204,40.67266,-73.96472
21205,40.67274,-73.965065
21206,40.682735,-73.96185
21207,40.67266,-73.96472
21208,40.676243,-73.95993
21209,40.672024,-73.97269
21210,40.6731,-73.965965
21211,40.67266,-73.96472
21212,40.67337,-73.971985
21213,40.67471,-73.96738
21214,40.67335,-73.97337
21215,40.677265,-73.97014
21216,40.676243,-73.95993
21217,40.683662,-73.96315
21218,40.67337,-73.971985
21219,40.683662,-73.96315
21220,40.681877,-73.96417
21221,40.838264,-73.820496
21222,40.829674,-73.814896
21223,40.840164,-73.82303
21224,40.841988,-73.82646
21225,40.827873,-73.82043
21226,40.83354,-73.81694
21227,40.845566,-73.82652
21228,40.841988,-73.82646
21229,40.83402,-73.819984
21230,40.8298,-73.8304
21231,40.845566,-73.82652
21232,40.83507,-73.829506
21233,40.83821,-73.821915
21234,40.837986,-73.82904
21235,40.828793,-73.815155
21236,40.845566,-73.82652
21237,40.844585,-73.787186
21238,40.829155,-73.822655
21239,40.828083,-73.811905
21240,40.836372,-73.81874
21241,40.83413,-73.821594
21242,40.845566,-73.82652
21243,40.836525,-73.8236
21244,40.844128,-73.83073
21245,40.832314,-73.827225
21246,40.83246,-73.815636
21247,40.845207,-73.815506
21248,40.83413,-73.821594
21249,40.839333,-73.821045
21250,40.835552,-73.82153
21251,40.848488,-73.78809
21252,40.68251,-73.95988
21253,40.67886,-73.96382
21254,40.673237,-73.96705
21255,40.673103,-73.96635
21256,40.67468,-73.96228
21257,40.6758,-73.97022
21258,40.674335,-73.96345
21259,40.679794,-73.965355
21260,40.679794,-73.965355
21261,40.6758,-73.97022
21262,40.672287,-73.971306
21263,40.672405,-73.971634
21264,40.682964,-73.965546
21265,40.678734,-73.96423
21266,40.676132,-73.95572
21267,40.675056,-73.96889
21268,40.68099,-73.95998
21269,40.681877,-73.96417
21270,40.67449,-73.96405
21271,40.67405,-73.95041
21272,40.664898,-73.84944
21273,40.665382,-73.85584
21274,40.65311,-73.845924
21275,40.66951,-73.837814
21276,40.668747,-73.83906
21277,40.669098,-73.83968
21278,40.664898,-73.84944
21279,40.66704,-73.84385
21280,40.653164,-73.83347
21281,40.661552,-73.84569
21282,40.657272,-73.85142
21283,40.657818,-73.8463
21284,40.655758,-73.849655
21285,40.66677,-73.847626
21286,40.666412,-73.84813
21287,40.6579,-73.85389
21288,40.65516,-73.85156
21289,40.66914,-73.87007
21290,40.671333,-73.839
21291,40.657795,-73.83733
21292,40.66831,-73.846924
21293,40.666737,-73.85341
21294,40.65767,-73.87704
21295,40.667515,-73.84736
21296,40.66677,-73.847626
21297,40.669273,-73.86973
21298,40.668842,-73.84905
21299,40.66595,-73.84644
21300,40.666428,-73.84582
21301,40.65763,-73.87827
21302,40.657665,-73.87704
21303,40.658504,-73.84455
21304,40.666412,-73.84813
21305,40.668503,-73.839005
21306,40.67405,-73.95041
21307,40.674168,-73.97177
21308,40.678356,-73.9652
21309,40.68099,-73.95998
21310,40.684452,-73.95492
21311,40.6749,-73.9533
21312,40.673122,-73.97144
21313,40.67355,-73.964096
21314,40.683395,-73.95422
21315,40.68389,-73.95321
21316,40.680714,-73.96825
21317,40.682735,-73.96185
21318,40.67708,-73.973366
21319,40.67708,-73.973366
21320,40.67662,-73.969505
21321,40.67208,-73.97173
21322,40.67756,-73.96698
21323,40.674168,-73.97177
21324,40.67443,-73.96854
21325,40.681805,-73.95185
21326,40.68305,-73.966095
21327,40.681805,-73.95185
21328,40.67269,-73.96345
21329,40.674046,-73.96366
21330,40.67274,-73.965065
21331,40.67376,-73.96815
21332,40.67456,-73.96777
21333,40.673756,-73.971695
21334,40.68305,-73.966095
21335,40.68459,-73.95014
21336,40.67886,-73.96382
21337,40.67886,-73.96382
21338,40.67756,-73.96698
21339,40.674885,-73.96804
21340,40.67468,-73.96228
21341,40.682835,-73.95191
21342,40.673756,-73.971695
21343,40.67808,-73.96535
21344,40.83861,-73.85652
21345,40.839966,-73.85941
21346,40.83611,-73.85893
21347,40.84057,-73.85886
21348,40.84617,-73.83285
21349,40.828762,-73.87173
21350,40.84763,-73.85392
21351,40.829277,-73.85585
21352,40.84057,-73.85886
21353,40.83861,-73.85652
21354,40.84081,-73.856445
21355,40.837673,-73.86199
21356,40.84043,-73.85458
21357,40.84237,-73.86986
21358,40.83861,-73.85652
21359,40.83861,-73.85652
21360,40.840225,-73.85961
21361,40.83651,-73.859566
21362,40.84057,-73.85886
21363,40.843563,-73.855064
21364,40.8385,-73.86268
21365,40.837673,-73.86199
21366,40.83722,-73.834595
21367,40.84057,-73.85886
21368,40.84057,-73.85886
21369,40.837673,-73.86199
21370,40.8466,-73.85217
21371,40.83611,-73.85893
21372,40.847164,-73.86092
21373,40.831852,-73.858635
21374,40.84057,-73.85886
21375,40.837673,-73.86199
21376,40.83611,-73.85893
21377,40.84753,-73.83463
21378,40.834534,-73.86068
21379,40.84057,-73.85886
21380,40.836136,-73.83266
21381,40.83861,-73.85652
21382,40.577885,-73.83668
21383,40.574444,-73.86061
21384,40.57438,-73.860695
21385,40.60259,-73.8221
21386,40.57209,-73.85237
21387,40.595913,-73.79969
21388,40.576023,-73.840515
21389,40.576225,-73.84064
21390,40.609093,-73.817894
21391,40.583767,-73.82411
21392,40.57652,-73.84198
21393,40.58897,-73.80653
21394,40.58964,-73.79244
21395,40.580807,-73.8511
21396,40.606518,-73.8188
21397,40.577286,-73.838165
21398,40.5894,-73.807205
21399,40.57878,-73.85682
21400,40.57878,-73.85682
21401,40.579243,-73.84713
21402,40.600124,-73.820244
21403,40.58639,-73.8156
21404,40.580795,-73.85108
21405,40.575474,-73.84216
21406,40.57652,-73.84198
21407,40.577927,-73.83672
21408,40.577576,-73.83743
21409,40.5894,-73.807205
21410,40.5935,-73.79502
21411,40.584843,-73.814095
21412,40.57386,-73.86331
21413,40.57459,-73.85381
21414,40.837677,-73.86199
21415,40.840225,-73.85961
21416,40.83614,-73.85951
21417,40.84711,-73.85299
21418,40.832066,-73.85971
21419,40.846977,-73.86084
21420,40.84097,-73.84542
21421,40.84057,-73.85886
21422,40.83709,-73.86047
21423,40.83861,-73.85652
21424,40.84654,-73.851456
21425,40.83611,-73.85893
21426,40.83611,-73.85893
21427,40.84057,-73.85886
21428,40.83861,-73.85652
21429,40.84057,-73.85886
21430,40.84057,-73.85886
21431,40.834248,-73.86049
21432,40.837673,-73.86199
21433,40.8455,-73.84648
21434,40.83861,-73.85652
21435,40.835968,-73.865326
21436,40.84762,-73.846664
21437,40.834248,-73.86049
21438,40.825947,-73.85257
21439,40.837673,-73.86199
21440,40.84057,-73.85886
21441,40.827145,-73.877594
21442,40.83861,-73.85652
21443,40.84326,-73.834076
21444,40.837254,-73.865234
21445,40.83861,-73.85652
21446,40.831905,-73.84935
21447,40.840878,-73.86192
21448,40.84057,-73.85886
21449,40.84407,-73.84771
21450,40.832066,-73.85971
21451,40.841007,-73.85467
21452,40.84057,-73.85886
21453,40.840034,-73.85804
21454,40.83861,-73.85652
21455,40.828056,-73.85381
21456,40.84057,-73.85886
21457,40.828835,-73.85947
21458,40.837353,-73.8585
21459,40.83611,-73.85893
21460,40.84057,-73.85886
21461,40.837673,-73.86199
21462,40.84057,-73.85883
21463,40.84231,-73.833496
21464,40.837673,-73.86199
21465,40.83611,-73.85893
21466,40.8457,-73.86515
21467,40.839058,-73.86007
21468,40.84057,-73.85886
21469,40.843006,-73.83325
21470,40.83861,-73.85652
21471,40.846455,-73.83591
21472,40.824783,-73.8497
21473,40.838852,-73.85737
21474,40.84151,-73.8551
21475,40.84057,-73.85886
21476,40.832066,-73.85971
21477,40.836292,-73.856064
21478,40.828526,-73.84993
21479,40.83635,-73.85946
21480,40.83611,-73.85893
21481,40.84088,-73.85725
21482,40.84057,-73.85886
21483,40.840343,-73.8591
21484,40.837673,-73.86199
21485,40.83861,-73.85652
21486,40.83861,-73.85652
21487,40.839962,-73.86002
21488,40.83861,-73.85652
21489,40.825703,-73.874954
21490,40.84057,-73.85886
21491,40.839058,-73.86007
21492,40.82704,-73.85811
21493,40.839058,-73.86007
21494,40.84057,-73.85886
21495,40.836708,-73.86502
21496,40.61801,-73.92298
21497,40.618984,-73.90735
21498,40.610207,-73.90723
21499,40.608536,-73.91195
21500,40.62126,-73.92489
21501,40.617332,-73.9055
21502,40.606827,-73.90479
21503,40.61584,-73.8997
21504,40.614784,-73.918915
21505,40.614296,-73.91866
21506,40.61959,-73.9068
21507,40.620815,-73.90941
21508,40.62114,-73.906815
21509,40.615242,-73.903305
21510,40.60903,-73.91076
21511,40.60682,-73.90655
21512,40.61456,-73.90072
21513,40.61393,-73.921684
21514,40.615944,-73.91105
21515,40.611065,-73.907364
21516,40.614265,-73.90162
21517,40.613888,-73.91821
21518,40.618153,-73.912285
21519,40.608017,-73.926056
21520,40.618496,-73.91266
21521,40.62122,-73.919106
21522,40.60992,-73.90875
21523,40.605183,-73.91278
21524,40.613888,-73.91821
21525,40.621338,-73.90628
21526,40.61314,-73.91039
21527,40.60903,-73.91076
21528,40.617348,-73.914314
21529,40.613396,-73.92557
21530,40.614124,-73.9177
21531,40.61817,-73.916466
21532,40.617535,-73.92311
21533,40.620438,-73.92538
21534,40.616962,-73.90586
21535,40.587097,-73.91906
21536,40.588104,-73.92332
21537,40.59051,-73.92336
21538,40.587276,-73.92586
21539,40.58639,-73.918816
21540,40.58939,-73.92172
21541,40.58635,-73.925446
21542,40.590027,-73.92541
21543,40.586746,-73.923195
21544,40.586483,-73.92047
21545,40.58693,-73.92578
21546,40.587795,-73.9253
21547,40.58736,-73.92249
21548,40.588486,-73.92239
21549,40.588924,-73.92215
21550,40.58641,-73.91946
21551,40.58689,-73.92051
21552,40.587784,-73.92161
21553,40.58871,-73.92086
21554,40.66688,-73.74507
21555,40.662434,-73.762184
21556,40.65855,-73.73103
21557,40.670662,-73.75893
21558,40.66919,-73.7521
21559,40.671513,-73.73668
21560,40.664616,-73.73232
21561,40.6613,-73.74943
21562,40.652546,-73.74492
21563,40.664722,-73.776886
21564,40.659954,-73.76643
21565,40.669724,-73.72998
21566,40.66382,-73.77375
21567,40.664585,-73.75821
21568,40.661827,-73.75673
21569,40.659946,-73.738464
21570,40.665253,-73.75173
21571,40.66932,-73.76608
21572,40.664536,-73.7438
21573,40.661182,-73.75713
21574,40.66122,-73.76037
21575,40.66466,-73.75594
21576,40.67106,-73.74356
21577,40.65621,-73.750984
21578,40.67105,-73.737686
21579,40.657528,-73.73317
21580,40.664593,-73.73777
21581,40.666706,-73.777405
21582,40.885544,-73.89595
21583,40.878716,-73.902336
21584,40.88253,-73.89506
21585,40.87896,-73.90215
21586,40.88605,-73.89939
21587,40.87428,-73.88376
21588,40.88253,-73.89506
21589,40.87428,-73.88376
21590,40.875195,-73.886475
21591,40.875195,-73.886475
21592,40.876434,-73.885216
21593,40.878716,-73.902336
21594,40.877937,-73.90057
21595,40.882095,-73.89573
21596,40.876945,-73.886215
21597,40.87428,-73.88376
21598,40.88071,-73.89951
21599,40.885185,-73.896935
21600,40.878925,-73.89879
21601,40.880444,-73.89788
21602,40.878925,-73.89879
21603,40.879917,-73.89756
21604,40.883324,-73.90272
21605,40.878925,-73.89879
21606,40.87771,-73.90096
21607,40.878925,-73.89879
21608,40.880733,-73.89693
21609,40.879036,-73.89951
21610,40.876434,-73.885216
21611,40.87896,-73.90215
21612,40.878716,-73.902336
21613,40.882454,-73.896706
21614,40.882454,-73.896706
21615,40.88089,-73.896935
21616,40.884895,-73.89614
21617,40.878716,-73.902336
21618,40.904816,-73.90579
21619,40.89976,-73.9085
21620,40.909164,-73.9056
21621,40.910534,-73.8979
21622,40.90591,-73.89669
21623,40.906563,-73.90659
21624,40.906563,-73.90659
21625,40.90821,-73.905495
21626,40.9052,-73.9061
21627,40.90821,-73.905495
21628,40.906563,-73.90659
21629,40.90476,-73.90761
21630,40.906467,-73.89671
21631,40.906563,-73.90659
21632,40.90821,-73.905495
21633,40.90686,-73.90271
21634,40.90821,-73.905495
21635,40.90821,-73.905495
21636,40.912746,-73.90212
21637,40.90821,-73.905495
21638,40.903477,-73.90028
21639,40.903214,-73.90058
21640,40.909164,-73.9056
21641,40.906467,-73.89671
21642,40.90492,-73.90609
21643,40.909164,-73.9056
21644,40.908398,-73.89678
21645,40.90821,-73.905495
21646,40.909164,-73.9056
21647,40.909164,-73.9056
21648,40.90341,-73.900536
21649,40.90692,-73.89726
21650,40.90585,-73.89819
21651,40.902325,-73.88853
21652,40.906563,-73.90659
21653,40.906563,-73.90659
21654,40.906563,-73.90659
21655,40.90821,-73.905495
21656,40.909164,-73.9056
21657,40.90492,-73.90609
21658,40.904556,-73.905945
21659,40.71025,-73.75734
21660,40.710884,-73.75007
21661,40.720806,-73.75809
21662,40.72116,-73.74404
21663,40.71906,-73.76127
21664,40.71775,-73.74355
21665,40.711937,-73.76065
21666,40.722237,-73.74517
21667,40.710503,-73.74444
21668,40.721504,-73.74562
21669,40.712082,-73.75517
21670,40.719284,-73.75694
21671,40.718033,-73.76158
21672,40.721165,-73.75929
21673,40.71544,-73.73989
21674,40.72078,-73.750725
21675,40.71417,-73.747635
21676,40.712612,-73.75084
21677,40.711224,-73.74096
21678,40.72049,-73.759415
21679,40.71214,-73.74233
21680,40.713196,-73.752365
21681,40.718998,-73.75458
21682,40.716774,-73.758484
21683,40.721638,-73.76074
21684,40.71915,-73.75684
21685,40.71203,-73.752174
21686,40.72118,-73.76191
21687,40.665737,-73.952774
21688,40.66049,-73.946236
21689,40.648865,-73.94496
21690,40.648865,-73.94496
21691,40.671017,-73.97312
21692,40.65348,-73.92796
21693,40.653828,-73.94905
21694,40.658504,-73.96206
21695,40.667248,-73.94766
21696,40.66174,-73.95163
21697,40.64852,-73.9285
21698,40.65863,-73.959465
21699,40.652374,-73.96181
21700,40.66174,-73.95163
21701,40.648827,-73.9362
21702,40.660694,-73.93794
21703,40.656384,-73.95775
21704,40.651142,-73.9471
21705,40.655994,-73.934456
21706,40.656384,-73.95775
21707,40.654816,-73.95854
21708,40.64924,-73.97193
21709,40.650555,-73.943054
21710,40.662235,-73.943634
21711,40.651615,-73.95663
21712,40.66356,-73.94441
21713,40.669895,-73.942764
21714,40.6524,-73.96527
21715,40.64734,-73.96901
21716,40.669895,-73.942764
21717,40.648003,-73.96105
21718,40.668213,-73.93422
21719,40.65293,-73.93665
21720,40.658325,-73.92691
21721,40.653236,-73.944405
21722,40.6524,-73.96527
21723,40.648804,-73.93658
21724,40.66102,-73.95573
21725,40.648922,-73.94408
21726,40.648808,-73.94907
21727,40.64911,-73.960045
21728,40.665905,-73.931656
21729,40.666874,-73.960884
21730,40.65261,-73.94534
21731,40.648922,-73.94408
21732,40.669903,-73.942894
21733,40.653145,-73.956474
21734,40.65325,-73.97306
21735,40.669903,-73.942894
21736,40.652374,-73.96181
21737,40.65158,-73.957405
21738,40.668125,-73.94914
21739,40.6511,-73.93067
21740,40.66012,-73.935616
21741,40.652927,-73.955635
21742,40.648865,-73.94496
21743,40.660965,-73.94487
21744,40.667538,-73.960594
21745,40.66313,-73.953735
21746,40.652374,-73.96181
21747,40.652374,-73.96181
21748,40.648922,-73.94408
21749,40.667217,-73.94701
21750,40.66234,-73.94222
21751,40.665737,-73.952774
21752,40.649227,-73.95353
21753,40.66846,-73.93932
21754,40.664818,-73.93529
21755,40.660366,-73.92794
21756,40.6629,-73.94827
21757,40.665737,-73.952774
21758,40.67112,-73.97232
21759,40.663265,-73.943306
21760,40.664993,-73.926254
21761,40.66999,-73.88562
21762,40.66176,-73.90221
21763,40.671368,-73.89607
21764,40.66795,-73.915825
21765,40.65242,-73.91909
21766,40.669945,-73.90729
21767,40.64761,-73.89086
21768,40.669216,-73.89195
21769,40.66098,-73.88887
21770,40.646835,-73.89
21771,40.656433,-73.88004
21772,40.66771,-73.91774
21773,40.661766,-73.90257
21774,40.66422,-73.91585
21775,40.66715,-73.88315
21776,40.657135,-73.90784
21777,40.65964,-73.90863
21778,40.670532,-73.88198
21779,40.66352,-73.894455
21780,40.666367,-73.89276
21781,40.67148,-73.89063
21782,40.6548,-73.88379
21783,40.665043,-73.89923
21784,40.663197,-73.92607
21785,40.653988,-73.88561
21786,40.6548,-73.88379
21787,40.66164,-73.88827
21788,40.653774,-73.91143
21789,40.65233,-73.91529
21790,40.862427,-73.86239
21791,40.849407,-73.860245
21792,40.86044,-73.846115
21793,40.850502,-73.85726
21794,40.862003,-73.84699
21795,40.865726,-73.85654
21796,40.85194,-73.84894
21797,40.84952,-73.86038
21798,40.854195,-73.86313
21799,40.86346,-73.840126
21800,40.86837,-73.83542
21801,40.853138,-73.863625
21802,40.849373,-73.834305
21803,40.853138,-73.863625
21804,40.86839,-73.86262
21805,40.860268,-73.869804
21806,40.85126,-73.85127
21807,40.86684,-73.84399
21808,40.85059,-73.861176
21809,40.864216,-73.839195
21810,40.86998,-73.837166
21811,40.852264,-73.86511
21812,40.851166,-73.83446
21813,40.853138,-73.863625
21814,40.860268,-73.869804
21815,40.863235,-73.85612
21816,40.86786,-73.85229
21817,40.859234,-73.86907
21818,40.87277,-73.84852
21819,40.859234,-73.86907
21820,40.853397,-73.86532
21821,40.853443,-73.86549
21822,40.858727,-73.86671
21823,40.853443,-73.86549
21824,40.86063,-73.86341
21825,40.853443,-73.86549
21826,40.855564,-73.84949
21827,40.864197,-73.85416
21828,40.87356,-73.843735
21829,40.86395,-73.86234
21830,40.656384,-73.95775
21831,40.671482,-73.95196
21832,40.656384,-73.95775
21833,40.65325,-73.97306
21834,40.656384,-73.95775
21835,40.653076,-73.93797
21836,40.65265,-73.94466
21837,40.660824,-73.95419
21838,40.66248,-73.94442
21839,40.647217,-73.96971
21840,40.651,-73.92957
21841,40.65914,-73.95125
21842,40.655056,-73.92907
21843,40.67019,-73.93124
21844,40.65086,-73.931015
21845,40.647007,-73.93211
21846,40.66313,-73.953735
21847,40.657692,-73.95617
21848,40.648197,-73.944786
21849,40.648865,-73.94496
21850,40.653397,-73.957085
21851,40.666874,-73.960884
21852,40.65265,-73.94466
21853,40.661484,-73.94363
21854,40.657692,-73.95617
21855,40.648865,-73.94496
21856,40.661484,-73.94363
21857,40.651684,-73.95779
21858,40.648197,-73.944786
21859,40.651627,-73.95778
21860,40.6691,-73.95823
21861,40.66313,-73.953735
21862,40.649826,-73.94336
21863,40.65078,-73.9412
21864,40.649776,-73.93162
21865,40.659138,-73.94756
21866,40.648197,-73.944786
21867,40.64823,-73.94418
21868,40.651756,-73.95566
21869,40.652374,-73.96181
21870,40.658794,-73.962105
21871,40.656384,-73.95775
21872,40.660313,-73.94389
21873,40.652355,-73.949425
21874,40.649406,-73.936165
21875,40.64924,-73.97193
21876,40.65035,-73.944405
21877,40.651337,-73.927734
21878,40.6605,-73.94681
21879,40.65928,-73.93443
21880,40.65157,-73.95777
21881,40.669785,-73.97302
21882,40.65816,-73.92651
21883,40.648197,-73.944786
21884,40.64942,-73.96181
21885,40.66296,-73.93664
21886,40.65073,-73.92954
21887,40.67021,-73.935814
21888,40.656384,-73.95775
21889,40.66237,-73.95401
21890,40.648445,-73.95892
21891,40.666874,-73.960884
21892,40.653255,-73.97306
21893,40.647217,-73.96971
21894,40.651417,-73.92868
21895,40.667538,-73.960594
21896,40.64823,-73.94418
21897,40.647217,-73.96971
21898,40.65158,-73.957405
21899,40.648197,-73.944786
21900,40.659943,-73.962296
21901,40.66212,-73.9585
21902,40.660553,-73.94596
21903,40.720715,-73.771835
21904,40.722443,-73.76302
21905,40.71328,-73.78428
21906,40.711216,-73.7856
21907,40.72123,-73.7836
21908,40.722034,-73.76879
21909,40.710037,-73.78099
21910,40.72096,-73.766335
21911,40.71535,-73.7754
21912,40.71656,-73.76585
21913,40.715206,-73.76483
21914,40.721947,-73.769966
21915,40.714783,-73.77304
21916,40.717106,-73.77068
21917,40.716587,-73.783516
21918,40.718563,-73.7766
21919,40.715237,-73.782074
21920,40.713608,-73.77562
21921,40.713497,-73.77554
21922,40.722168,-73.76697
21923,40.71231,-73.7671
21924,40.71173,-73.77697
21925,40.719032,-73.774574
21926,40.719,-73.76744
21927,40.71041,-73.78479
21928,40.715508,-73.77078
21929,40.709972,-73.768875
21930,40.717667,-73.76832
21931,40.716995,-73.77973
21932,40.72119,-73.76612
21933,40.72087,-73.76471
21934,40.715694,-73.77661
21935,40.653107,-73.96356
21936,40.658,-73.95267
21937,40.66256,-73.92914
21938,40.648865,-73.94496
21939,40.658794,-73.962105
21940,40.655228,-73.94297
21941,40.651474,-73.940765
21942,40.649403,-73.9618
21943,40.653145,-73.956474
21944,40.661125,-73.95407
21945,40.651688,-73.95492
21946,40.6474,-73.95513
21947,40.649113,-73.962265
21948,40.648922,-73.94408
21949,40.648922,-73.94408
21950,40.654243,-73.95452
21951,40.665737,-73.952774
21952,40.658882,-73.93245
21953,40.65073,-73.93407
21954,40.64979,-73.938675
21955,40.66588,-73.938324
21956,40.648865,-73.94496
21957,40.648922,-73.94408
21958,40.648922,-73.94408
21959,40.661545,-73.95964
21960,40.649406,-73.949104
21961,40.654846,-73.934906
21962,40.6518,-73.93451
21963,40.650745,-73.957016
21964,40.648865,-73.94496
21965,40.665737,-73.952774
21966,40.67172,-73.96029
21967,40.661545,-73.95964
21968,40.670624,-73.94442
21969,40.648197,-73.944786
21970,40.667538,-73.960594
21971,40.665737,-73.952774
21972,40.647102,-73.957794
21973,40.656384,-73.95775
21974,40.67172,-73.96029
21975,40.657692,-73.95617
21976,40.67197,-73.95221
21977,40.649574,-73.927536
21978,40.658283,-73.94714
21979,40.671024,-73.972115
21980,40.64893,-73.9603
21981,40.66304,-73.93544
21982,40.652214,-73.944244
21983,40.66001,-73.94423
21984,40.66186,-73.941986
21985,40.65983,-73.95866
21986,40.65517,-73.95837
21987,40.656384,-73.95775
21988,40.65054,-73.94406
21989,40.6691,-73.95823
21990,40.64823,-73.94418
21991,40.661068,-73.93952
21992,40.648674,-73.947136
21993,40.65925,-73.94771
21994,40.652374,-73.96181
21995,40.656384,-73.95775
21996,40.65925,-73.94771
21997,40.652374,-73.96181
21998,40.64823,-73.94418
21999,40.64838,-73.95948
22000,40.662376,-73.94816
22001,40.648487,-73.96741
22002,40.652374,-73.96181
22003,40.661484,-73.94363
22004,40.660522,-73.95908
22005,40.671017,-73.97312
22006,40.657692,-73.95617
22007,40.652374,-73.96181
22008,40.87845,-73.91858
22009,40.87908,-73.91845
22010,40.885754,-73.913956
22011,40.877422,-73.91809
22012,40.878128,-73.919174
22013,40.883102,-73.92104
22014,40.883003,-73.91113
22015,40.883102,-73.92104
22016,40.885117,-73.91075
22017,40.885754,-73.913956
22018,40.882572,-73.91713
22019,40.878246,-73.91704
22020,40.877396,-73.91825
22021,40.82602,-73.92553
22022,40.82846,-73.92057
22023,40.83367,-73.91254
22024,40.82955,-73.89353
22025,40.82701,-73.898384
22026,40.825283,-73.92548
22027,40.825478,-73.88989
22028,40.83412,-73.89209
22029,40.84114,-73.92155
22030,40.8261,-73.922386
22031,40.82586,-73.92238
22032,40.83015,-73.920135
22033,40.83015,-73.920135
22034,40.829895,-73.896996
22035,40.83015,-73.920135
22036,40.829338,-73.91814
22037,40.82517,-73.92328
22038,40.833855,-73.88636
22039,40.847534,-73.88664
22040,40.848442,-73.90745
22041,40.82517,-73.92328
22042,40.83015,-73.920135
22043,40.83015,-73.920135
22044,40.83015,-73.920135
22045,40.84093,-73.888794
22046,40.829338,-73.91814
22047,40.841885,-73.89232
22048,40.836613,-73.923996
22049,40.840607,-73.88434
22050,40.842323,-73.92342
22051,40.825283,-73.92548
22052,40.831764,-73.89559
22053,40.834496,-73.895134
22054,40.848297,-73.88453
22055,40.84248,-73.883064
22056,40.825283,-73.92548
22057,40.83015,-73.920135
22058,40.842167,-73.88251
22059,40.83619,-73.92432
22060,40.65158,-73.957405
22061,40.671165,-73.93643
22062,40.658,-73.95267
22063,40.648922,-73.94408
22064,40.656013,-73.95827
22065,40.66348,-73.93688
22066,40.64823,-73.94418
22067,40.66234,-73.94222
22068,40.65054,-73.941536
22069,40.653828,-73.94905
22070,40.67001,-73.97282
22071,40.66379,-73.93235
22072,40.648922,-73.94408
22073,40.64863,-73.96744
22074,40.653828,-73.94905
22075,40.64823,-73.94418
22076,40.64863,-73.96744
22077,40.658283,-73.94714
22078,40.66651,-73.94342
22079,40.671165,-73.93643
22080,40.654102,-73.94847
22081,40.655437,-73.93774
22082,40.654816,-73.95854
22083,40.6715,-73.95206
22084,40.65292,-73.93507
22085,40.650616,-73.961525
22086,40.67172,-73.96029
22087,40.647163,-73.9633
22088,40.65997,-73.94487
22089,40.66313,-73.953735
22090,40.670097,-73.931244
22091,40.648247,-73.95788
22092,40.647163,-73.9633
22093,40.64871,-73.969505
22094,40.652374,-73.96181
22095,40.662006,-73.95107
22096,40.658264,-73.94838
22097,40.64871,-73.969505
22098,40.655533,-73.93793
22099,40.66756,-73.93054
22100,40.655533,-73.93793
22101,40.663315,-73.93968
22102,40.650806,-73.96311
22103,40.66573,-73.95338
22104,40.667336,-73.930954
22105,40.671673,-73.97145
22106,40.650616,-73.961525
22107,40.651924,-73.94225
22108,40.650616,-73.961525
22109,40.661404,-73.9378
22110,40.65538,-73.942055
22111,40.671898,-73.961586
22112,40.64924,-73.97193
22113,40.652374,-73.96181
22114,40.6506,-73.96395
22115,40.665936,-73.9539
22116,40.661434,-73.94467
22117,40.671673,-73.97145
22118,40.652115,-73.92963
22119,40.654823,-73.96045
22120,40.64924,-73.97193
22121,40.6695,-73.95243
22122,40.652355,-73.949425
22123,40.656384,-73.95775
22124,40.652374,-73.96181
22125,40.661545,-73.95964
22126,40.650616,-73.961525
22127,40.661575,-73.9288
22128,40.649536,-73.93549
22129,40.658,-73.95267
22130,40.648125,-73.96439
22131,40.67183,-73.960815
22132,40.658283,-73.94714
22133,40.668785,-73.95228
22134,40.659943,-73.962296
22135,40.652374,-73.96181
22136,40.6524,-73.96527
22137,40.665535,-73.94193
22138,40.647976,-73.92933
22139,40.65361,-73.9733
22140,40.6524,-73.96527
22141,40.667255,-73.9609
22142,40.665314,-73.938835
22143,40.657604,-73.95823
22144,40.648922,-73.94408
22145,40.6546,-73.93141
22146,40.659477,-73.9528
22147,40.65889,-73.955284
22148,40.652374,-73.96181
22149,40.647163,-73.9633
22150,40.655533,-73.93793
22151,40.648922,-73.94408
22152,40.651882,-73.964134
22153,40.658,-73.95267
22154,40.648922,-73.94408
22155,40.66245,-73.93281
22156,40.67001,-73.97282
22157,40.666874,-73.960884
22158,40.654587,-73.94873
22159,40.66348,-73.93688
22160,40.648922,-73.94408
22161,40.653397,-73.957085
22162,40.657314,-73.95055
22163,40.655254,-73.92843
22164,40.654102,-73.94847
22165,40.667255,-73.9609
22166,40.65158,-73.957405
22167,40.658,-73.95267
22168,40.671764,-73.972015
22169,40.648922,-73.94408
22170,40.653618,-73.943375
22171,40.65158,-73.957405
22172,40.659477,-73.9528
22173,40.671165,-73.93643
22174,40.652653,-73.94435
22175,40.649227,-73.95353
22176,40.65517,-73.95837
22177,40.653397,-73.957085
22178,40.657787,-73.955696
22179,40.66348,-73.93688
22180,40.65736,-73.949554
22181,40.659588,-73.955505
22182,40.64863,-73.96744
22183,40.67183,-73.960815
22184,40.659943,-73.962296
22185,40.654587,-73.94873
22186,40.671764,-73.972015
22187,40.66644,-73.94862
22188,40.658,-73.95267
22189,40.66379,-73.93235
22190,40.65158,-73.957405
22191,40.65325,-73.97306
22192,40.67001,-73.97282
22193,40.595287,-73.73899
22194,40.597927,-73.75506
22195,40.601257,-73.742836
22196,40.598465,-73.74646
22197,40.60532,-73.761925
22198,40.60166,-73.75139
22199,40.59915,-73.75929
22200,40.596592,-73.758835
22201,40.601444,-73.74321
22202,40.60166,-73.75139
22203,40.596836,-73.776955
22204,40.598057,-73.752
22205,40.595,-73.75777
22206,40.610657,-73.769
22207,40.60857,-73.76866
22208,40.624977,-73.95717
22209,40.627075,-73.9604
22210,40.62878,-73.95972
22211,40.628895,-73.972015
22212,40.628384,-73.97205
22213,40.627934,-73.95124
22214,40.628716,-73.96064
22215,40.627075,-73.9604
22216,40.62813,-73.960526
22217,40.622826,-73.9545
22218,40.62878,-73.95972
22219,40.624065,-73.95164
22220,40.628716,-73.96064
22221,40.627937,-73.96015
22222,40.62729,-73.97294
22223,40.62878,-73.95972
22224,40.628384,-73.97205
22225,40.628666,-73.96423
22226,40.62729,-73.97294
22227,40.62878,-73.95972
22228,40.628384,-73.97205
22229,40.628384,-73.97205
22230,40.633698,-73.9527
22231,40.628067,-73.95323
22232,40.633633,-73.9523
22233,40.627525,-73.955025
22234,40.628716,-73.96064
22235,40.633816,-73.95159
22236,40.630207,-73.9698
22237,40.62544,-73.95676
22238,40.623672,-73.96287
22239,40.633816,-73.95159
22240,40.700085,-73.735535
22241,40.70583,-73.73113
22242,40.72051,-73.73356
22243,40.703136,-73.73331
22244,40.70876,-73.73266
22245,40.708687,-73.72904
22246,40.705666,-73.73547
22247,40.70978,-73.73647
22248,40.703568,-73.728134
22249,40.702446,-73.73324
22250,40.701054,-73.73555
22251,40.703568,-73.728134
22252,40.703045,-73.72842
22253,40.70107,-73.7359
22254,40.708004,-73.73766
22255,40.707825,-73.73706
22256,40.698917,-73.731064
22257,40.713245,-73.73546
22258,40.71062,-73.73523
22259,40.704205,-73.735115
22260,40.699657,-73.73678
22261,40.706455,-73.72883
22262,40.71436,-73.73019
22263,40.711117,-73.732994
22264,40.70106,-73.735725
22265,40.712547,-73.732994
22266,40.72092,-73.73077
22267,40.69984,-73.73158
22268,40.703148,-73.732
22269,40.71582,-73.73355
22270,40.72086,-73.73512
22271,40.70851,-73.73476
22272,40.715473,-73.73084
22273,40.719425,-73.73735
22274,40.712597,-73.73419
22275,40.703197,-73.735146
22276,40.708164,-73.73292
22277,40.71268,-73.73436
22278,40.709957,-73.73407
22279,40.707542,-73.73519
22280,40.69757,-73.73685
22281,40.707905,-73.737335
22282,40.70258,-73.737885
22283,40.69882,-73.7362
22284,40.70088,-73.72944
22285,40.70613,-73.73462
22286,40.706345,-73.73498
22287,40.69861,-73.73426
22288,40.70739,-73.735535
22289,40.7096,-73.73779
22290,40.71176,-73.73266
22291,40.7112,-73.7336
22292,40.698456,-73.73841
22293,40.70306,-73.729
22294,40.700356,-73.72945
22295,40.70322,-73.73288
22296,40.70094,-73.733406
22297,40.713257,-73.7381
22298,40.70063,-73.734406
22299,40.698956,-73.73035
22300,40.703968,-73.73032
22301,40.70837,-73.73067
22302,40.70381,-73.72939
22303,40.70194,-73.732834
22304,40.715164,-73.73787
22305,40.69824,-73.731415
22306,40.70367,-73.72908
22307,40.712685,-73.73866
22308,40.705452,-73.735245
22309,40.715466,-73.7309
22310,40.638767,-73.89144
22311,40.629932,-73.92531
22312,40.637917,-73.92182
22313,40.633472,-73.90285
22314,40.63484,-73.92634
22315,40.63953,-73.913605
22316,40.62676,-73.901245
22317,40.641346,-73.88868
22318,40.64138,-73.92599
22319,40.633247,-73.9118
22320,40.630066,-73.903824
22321,40.63004,-73.90628
22322,40.62676,-73.901245
22323,40.633247,-73.9118
22324,40.638016,-73.89808
22325,40.62962,-73.923904
22326,40.62304,-73.913925
22327,40.63817,-73.92511
22328,40.6388,-73.89209
22329,40.639282,-73.88638
22330,40.64585,-73.91867
22331,40.635048,-73.908134
22332,40.631012,-73.88766
22333,40.6219,-73.91319
22334,40.645573,-73.92553
22335,40.624104,-73.90731
22336,40.62962,-73.923904
22337,40.639282,-73.88638
22338,40.63693,-73.901344
22339,40.581715,-74.16179
22340,40.5928,-74.18752
22341,40.577896,-74.162285
22342,40.592842,-74.1876
22343,40.586037,-74.19576
22344,40.613605,-74.1637
22345,40.614178,-74.164314
22346,40.595436,-74.16335
22347,40.59745,-74.162796
22348,40.591946,-74.18605
22349,40.615505,-74.167725
22350,40.605072,-74.161934
22351,40.60424,-74.1718
22352,40.5996,-74.167465
22353,40.58777,-74.16284
22354,40.59437,-74.18423
22355,40.60737,-74.167076
22356,40.581703,-74.16178
22357,40.595455,-74.16277
22358,40.59445,-74.18377
22359,40.619118,-74.16547
22360,40.58543,-74.16271
22361,40.577896,-74.162285
22362,40.621197,-74.16704
22363,40.592182,-74.1891
22364,40.589336,-74.18778
22365,40.58854,-74.18695
22366,40.59371,-74.18631
22367,40.613186,-74.16297
22368,40.60155,-74.16405
22369,40.613804,-74.16202
22370,40.616608,-74.16366
22371,40.577896,-74.162285
22372,40.59493,-74.18321
22373,40.615356,-74.16582
22374,40.581703,-74.16178
22375,40.6691,-73.95823
22376,40.65414,-73.92948
22377,40.653145,-73.956474
22378,40.6628,-73.95243
22379,40.652374,-73.96181
22380,40.64924,-73.97193
22381,40.66032,-73.94715
22382,40.652374,-73.96181
22383,40.65517,-73.95837
22384,40.648487,-73.96741
22385,40.651844,-73.96437
22386,40.667538,-73.960594
22387,40.65542,-73.943
22388,40.652374,-73.96181
22389,40.64924,-73.97193
22390,40.671646,-73.95281
22391,40.650394,-73.93247
22392,40.648922,-73.94408
22393,40.667538,-73.960594
22394,40.648922,-73.94408
22395,40.648865,-73.94496
22396,40.656487,-73.929306
22397,40.656124,-73.93634
22398,40.67172,-73.96029
22399,40.654816,-73.95854
22400,40.65856,-73.947655
22401,40.6524,-73.96527
22402,40.67095,-73.93065
22403,40.652824,-73.9564
22404,40.648922,-73.94408
22405,40.650394,-73.93247
22406,40.653606,-73.93818
22407,40.659126,-73.96026
22408,40.65676,-73.95163
22409,40.66042,-73.93793
22410,40.66313,-73.953735
22411,40.663265,-73.943306
22412,40.651707,-73.95463
22413,40.873493,-73.84586
22414,40.869484,-73.86498
22415,40.873844,-73.846436
22416,40.853443,-73.86549
22417,40.854877,-73.86926
22418,40.85533,-73.86638
22419,40.85157,-73.851524
22420,40.864323,-73.86638
22421,40.86714,-73.85312
22422,40.858433,-73.87054
22423,40.858727,-73.86671
22424,40.86251,-73.852646
22425,40.872635,-73.84082
22426,40.85533,-73.86638
22427,40.867813,-73.854485
22428,40.867203,-73.843735
22429,40.87208,-73.8353
22430,40.862038,-73.83772
22431,40.862267,-73.84756
22432,40.85567,-73.85841
22433,40.8553,-73.86938
22434,40.85205,-73.86554
22435,40.85205,-73.86554
22436,40.85533,-73.86638
22437,40.855797,-73.86636
22438,40.855797,-73.86636
22439,40.86269,-73.86335
22440,40.864193,-73.86791
22441,40.861843,-73.8457
22442,40.864067,-73.84013
22443,40.859314,-73.85374
22444,40.850502,-73.861145
22445,40.873756,-73.845375
22446,40.849667,-73.86002
22447,40.86106,-73.86992
22448,40.86742,-73.85207
22449,40.864193,-73.86791
22450,40.859234,-73.86907
22451,40.86442,-73.846924
22452,40.70851,-73.73459
22453,40.70239,-73.731476
22454,40.71187,-73.73309
22455,40.70721,-73.73435
22456,40.648865,-73.94496
22457,40.66038,-73.954285
22458,40.66313,-73.953735
22459,40.65165,-73.92712
22460,40.648865,-73.94496
22461,40.652927,-73.955635
22462,40.666874,-73.960884
22463,40.648952,-73.933334
22464,40.649902,-73.95144
22465,40.65187,-73.95874
22466,40.661983,-73.92925
22467,40.65127,-73.94537
22468,40.668804,-73.93976
22469,40.6524,-73.96527
22470,40.658283,-73.94714
22471,40.656384,-73.95775
22472,40.650658,-73.94407
22473,40.64924,-73.97193
22474,40.667377,-73.9567
22475,40.663265,-73.943306
22476,40.652157,-73.94939
22477,40.658318,-73.92846
22478,40.656384,-73.95775
22479,40.668407,-73.93276
22480,40.659313,-73.93633
22481,40.65523,-73.95035
22482,40.661217,-73.95254
22483,40.651047,-73.95043
22484,40.669785,-73.97302
22485,40.64871,-73.969505
22486,40.665264,-73.92885
22487,40.671165,-73.93643
22488,40.668125,-73.94914
22489,40.660076,-73.92866
22490,40.671814,-73.972145
22491,40.65175,-73.953835
22492,40.666233,-73.94497
22493,40.669785,-73.97302
22494,40.6691,-73.95823
22495,40.713295,-73.73824
22496,40.72016,-73.73141
22497,40.705322,-73.73119
22498,40.705666,-73.7358
22499,40.702507,-73.735245
22500,40.705254,-73.72907
22501,40.700928,-73.73092
22502,40.722176,-73.73483
22503,40.706932,-73.73569
22504,40.69802,-73.734566
22505,40.703346,-73.73726
22506,40.71573,-73.73717
22507,40.715073,-73.737816
22508,40.71612,-73.73116
22509,40.70604,-73.73151
22510,40.711826,-73.73545
22511,40.717564,-73.7385
22512,40.700035,-73.735565
22513,40.701183,-73.73152
22514,40.708084,-73.73794
22515,40.71423,-73.73122
22516,40.701675,-73.731544
22517,40.71203,-73.73374
22518,40.702545,-73.72949
22519,40.70458,-73.73809
22520,40.70378,-73.7283
22521,40.72025,-73.737206
22522,40.706482,-73.728935
22523,40.710564,-73.73364
22524,40.698917,-73.734795
22525,40.72025,-73.737206
22526,40.697666,-73.7365
22527,40.702824,-73.73856
22528,40.700123,-73.73552
22529,40.699062,-73.73608
22530,40.64347,-73.940636
22531,40.641483,-73.930954
22532,40.641953,-73.92876
22533,40.63919,-73.92976
22534,40.64574,-73.92808
22535,40.64198,-73.94213
22536,40.63692,-73.94149
22537,40.64494,-73.94282
22538,40.63808,-73.94946
22539,40.645824,-73.94291
22540,40.644127,-73.938866
22541,40.640675,-73.941055
22542,40.643322,-73.93021
22543,40.638695,-73.94911
22544,40.640675,-73.93571
22545,40.639828,-73.93251
22546,40.636112,-73.94187
22547,40.641384,-73.937515
22548,40.642944,-73.939415
22549,40.64461,-73.939
22550,40.645405,-73.94968
22551,40.64358,-73.93891
22552,40.641617,-73.93371
22553,40.63799,-73.93115
22554,40.64387,-73.93424
22555,40.63437,-73.938065
22556,40.643196,-73.938866
22557,40.64557,-73.929
22558,40.637016,-73.94298
22559,40.64319,-73.941696
22560,40.54388,-74.212975
22561,40.530815,-74.191765
22562,40.538593,-74.16623
22563,40.556515,-74.162735
22564,40.686604,-73.73345
22565,40.68084,-73.73104
22566,40.69674,-73.73852
22567,40.679558,-73.72742
22568,40.675484,-73.7344
22569,40.68415,-73.730644
22570,40.691868,-73.73271
22571,40.672066,-73.7366
22572,40.693092,-73.736786
22573,40.69009,-73.72942
22574,40.68079,-73.72688
22575,40.68505,-73.730934
22576,40.681713,-73.73577
22577,40.68079,-73.72688
22578,40.67482,-73.73831
22579,40.696804,-73.73015
22580,40.675484,-73.7344
22581,40.675285,-73.734886
22582,40.691563,-73.73088
22583,40.67482,-73.73831
22584,40.694088,-73.73867
22585,40.69009,-73.72942
22586,40.67563,-73.73153
22587,40.693092,-73.736786
22588,40.6802,-73.7351
22589,40.68908,-73.730125
22590,40.68761,-73.729904
22591,40.682804,-73.73056
22592,40.69387,-73.737755
22593,40.688316,-73.7376
22594,40.67683,-73.73529
22595,40.691013,-73.73317
22596,40.857788,-73.934425
22597,40.854897,-73.93819
22598,40.85314,-73.93905
22599,40.864017,-73.92742
22600,40.85337,-73.93559
22601,40.851234,-73.94011
22602,40.85404,-73.939316
22603,40.85453,-73.938934
22604,40.85145,-73.9419
22605,40.8569,-73.936356
22606,40.85348,-73.93656
22607,40.85337,-73.93559
22608,40.85109,-73.941505
22609,40.8531,-73.93977
22610,40.86787,-73.92648
22611,40.852757,-73.93992
22612,40.853474,-73.93605
22613,40.852757,-73.93992
22614,40.8569,-73.936356
22615,40.859062,-73.932335
22616,40.85184,-73.94128
22617,40.85938,-73.932175
22618,40.85314,-73.93905
22619,40.85851,-73.93193
22620,40.85314,-73.93905
22621,40.8569,-73.936356
22622,40.85209,-73.939735
22623,40.851025,-73.94067
22624,40.85891,-73.93229
22625,40.85026,-73.93889
22626,40.85457,-73.93544
22627,40.851234,-73.94011
22628,40.8531,-73.93977
22629,40.864017,-73.92742
22630,40.85775,-73.93288
22631,40.853474,-73.93605
22632,40.8553,-73.93545
22633,40.85184,-73.94128
22634,40.85559,-73.937744
22635,40.863937,-73.928795
22636,40.852596,-73.93529
22637,40.849705,-73.94015
22638,40.85314,-73.93905
22639,40.85457,-73.93544
22640,40.859055,-73.93234
22641,40.8569,-73.936356
22642,40.863976,-73.92771
22643,40.849545,-73.93749
22644,40.85509,-73.934074
22645,40.851234,-73.94011
22646,40.851234,-73.94011
22647,40.853474,-73.93605
22648,40.856445,-73.93776
22649,40.853317,-73.93975
22650,40.85509,-73.934074
22651,40.853474,-73.93605
22652,40.864017,-73.92742
22653,40.856903,-73.93405
22654,40.864017,-73.92742
22655,40.864017,-73.92742
22656,40.851234,-73.94011
22657,40.85559,-73.937744
22658,40.85314,-73.93905
22659,40.857456,-73.93594
22660,40.85775,-73.93288
22661,40.864017,-73.92742
22662,40.864017,-73.92742
22663,40.851234,-73.94011
22664,40.8569,-73.936356
22665,40.85314,-73.93905
22666,40.85314,-73.93905
22667,40.85314,-73.93905
22668,40.85314,-73.93905
22669,40.85109,-73.941505
22670,40.8511,-73.9416
22671,40.85107,-73.941086
22672,40.85348,-73.93656
22673,40.851025,-73.94067
22674,40.86592,-73.92887
22675,40.858215,-73.93421
22676,40.8569,-73.936356
22677,40.84586,-73.89037
22678,40.83015,-73.920135
22679,40.829266,-73.89986
22680,40.835575,-73.9085
22681,40.82612,-73.91556
22682,40.83015,-73.920135
22683,40.828854,-73.90842
22684,40.834377,-73.91482
22685,40.831448,-73.89607
22686,40.825912,-73.92522
22687,40.839912,-73.92471
22688,40.838066,-73.90165
22689,40.83015,-73.920135
22690,40.8261,-73.922386
22691,40.82453,-73.88928
22692,40.82453,-73.88928
22693,40.829338,-73.91814
22694,40.831974,-73.92067
22695,40.8484,-73.8844
22696,40.835064,-73.91442
22697,40.82376,-73.88984
22698,40.82781,-73.89795
22699,40.8261,-73.922386
22700,40.83251,-73.894714
22701,40.82924,-73.91571
22702,40.84714,-73.889305
22703,40.83015,-73.920135
22704,40.839016,-73.90911
22705,40.840588,-73.88766
22706,40.841084,-73.88835
22707,40.829338,-73.91814
22708,40.825283,-73.92548
22709,40.825,-73.879585
22710,40.829338,-73.91814
22711,40.846573,-73.91399
22712,40.846653,-73.913925
22713,40.82781,-73.902466
22714,40.848145,-73.884674
22715,40.777317,-73.94774
22716,40.777287,-73.947655
22717,40.78513,-73.94797
22718,40.7812,-73.9472
22719,40.775932,-73.9291
22720,40.776855,-73.947754
22721,40.783604,-73.949875
22722,40.77814,-73.94895
22723,40.78136,-73.94886
22724,40.7812,-73.9472
22725,40.78376,-73.94862
22726,40.776,-73.949684
22727,40.781235,-73.94727
22728,40.77832,-73.94598
22729,40.779152,-73.94624
22730,40.776325,-73.94765
22731,40.777058,-73.94516
22732,40.77832,-73.94598
22733,40.781414,-73.94895
22734,40.776012,-73.947876
22735,40.77575,-73.94584
22736,40.783764,-73.94862
22737,40.777443,-73.94417
22738,40.777058,-73.94516
22739,40.777443,-73.94417
22740,40.776012,-73.947876
22741,40.776085,-73.944435
22742,40.776,-73.949684
22743,40.773865,-73.94657
22744,40.777058,-73.94516
22745,40.77575,-73.94584
22746,40.775177,-73.94686
22747,40.7795,-73.94901
22748,40.77832,-73.94598
22749,40.775177,-73.94686
22750,40.77546,-73.94675
22751,40.780277,-73.94728
22752,40.85775,-73.93288
22753,40.85314,-73.93905
22754,40.854275,-73.935036
22755,40.85314,-73.93905
22756,40.856285,-73.9348
22757,40.856285,-73.9348
22758,40.854534,-73.938934
22759,40.859062,-73.932335
22760,40.8553,-73.93545
22761,40.8544,-73.934906
22762,40.85404,-73.939316
22763,40.85026,-73.93889
22764,40.85453,-73.938934
22765,40.85163,-73.93622
22766,40.85163,-73.93622
22767,40.85938,-73.932175
22768,40.85941,-73.92901
22769,40.851086,-73.941505
22770,40.8553,-73.93545
22771,40.853317,-73.93975
22772,40.856285,-73.9348
22773,40.85671,-73.93754
22774,40.851498,-73.93643
22775,40.851025,-73.940674
22776,40.85671,-73.93754
22777,40.85314,-73.93905
22778,40.853317,-73.93975
22779,40.8569,-73.936356
22780,40.85671,-73.93754
22781,40.8553,-73.93545
22782,40.853474,-73.93605
22783,40.85348,-73.93656
22784,40.863937,-73.928795
22785,40.852596,-73.93529
22786,40.85348,-73.93656
22787,40.85109,-73.941505
22788,40.859062,-73.932335
22789,40.857044,-73.93727
22790,40.866825,-73.930305
22791,40.857788,-73.934425
22792,40.68068,-73.76748
22793,40.689953,-73.77835
22794,40.68586,-73.77597
22795,40.695354,-73.74726
22796,40.68037,-73.7422
22797,40.678017,-73.749504
22798,40.6947,-73.775185
22799,40.67766,-73.74371
22800,40.69525,-73.7475
22801,40.68068,-73.76748
22802,40.6803,-73.742546
22803,40.686462,-73.75342
22804,40.678,-73.759926
22805,40.675903,-73.749466
22806,40.67992,-73.76865
22807,40.684067,-73.74853
22808,40.69705,-73.75367
22809,40.69654,-73.739395
22810,40.67957,-73.74163
22811,40.630707,-73.94403
22812,40.629833,-73.9433
22813,40.62563,-73.94594
22814,40.622578,-73.928566
22815,40.632645,-73.94214
22816,40.633633,-73.942245
22817,40.628002,-73.934494
22818,40.62981,-73.92751
22819,40.63147,-73.94491
22820,40.62236,-73.93274
22821,40.627056,-73.94656
22822,40.628696,-73.949486
22823,40.62542,-73.94792
22824,40.62551,-73.94249
22825,40.626167,-73.93401
22826,40.62856,-73.942215
22827,40.630707,-73.94403
22828,40.62286,-73.9458
22829,40.627037,-73.93288
22830,40.624584,-73.94685
22831,40.626816,-73.94424
22832,40.633083,-73.94642
22833,40.633083,-73.94642
22834,40.629807,-73.92655
22835,40.626728,-73.937675
22836,40.632942,-73.944435
22837,40.62721,-73.93945
22838,40.630707,-73.94403
22839,40.62309,-73.9426
22840,40.62769,-73.94657
22841,40.797626,-73.948166
22842,40.788338,-73.9475
22843,40.789845,-73.948265
22844,40.788338,-73.9475
22845,40.794704,-73.9436
22846,40.79613,-73.934204
22847,40.79473,-73.93507
22848,40.79464,-73.94341
22849,40.79464,-73.94341
22850,40.789654,-73.949425
22851,40.79554,-73.94945
22852,40.79554,-73.94945
22853,40.78868,-73.94719
22854,40.790516,-73.9472
22855,40.795914,-73.94644
22856,40.79473,-73.93507
22857,40.79629,-73.949036
22858,40.787514,-73.948044
22859,40.7963,-73.94659
22860,40.787514,-73.948044
22861,40.789696,-73.94876
22862,40.793324,-73.937775
22863,40.7947,-73.94357
22864,40.787514,-73.948044
22865,40.785866,-73.943245
22866,40.78868,-73.94719
22867,40.794544,-73.94359
22868,40.78868,-73.94719
22869,40.79473,-73.93507
22870,40.79629,-73.949036
22871,40.787514,-73.948044
22872,40.78868,-73.94719
22873,40.79182,-73.940636
22874,40.79599,-73.9328
22875,40.7921,-73.93934
22876,40.790516,-73.9472
22877,40.79599,-73.9328
22878,40.79629,-73.949036
22879,40.79182,-73.940636
22880,40.792915,-73.94041
22881,40.79357,-73.93894
22882,40.79006,-73.94845
22883,40.79006,-73.94845
22884,40.788338,-73.9475
22885,40.79554,-73.94945
22886,40.794704,-73.9436
22887,40.79741,-73.961205
22888,40.79741,-73.961205
22889,40.7975,-73.95031
22890,40.7975,-73.95031
22891,40.79741,-73.961205
22892,40.79701,-73.961006
22893,40.795013,-73.95016
22894,40.797924,-73.9517
22895,40.79812,-73.95145
22896,40.79701,-73.961006
22897,40.79701,-73.961006
22898,40.795013,-73.95016
22899,40.79701,-73.961006
22900,40.79701,-73.961006
22901,40.797234,-73.96101
22902,40.79701,-73.961006
22903,40.79701,-73.961006
22904,40.7975,-73.95031
22905,40.79795,-73.951385
22906,40.79795,-73.951385
22907,40.79795,-73.951385
22908,40.7975,-73.95031
22909,40.79751,-73.96111
22910,40.79741,-73.961205
22911,40.69431,-73.99574
22912,40.684868,-73.98136
22913,40.695965,-73.9936
22914,40.68953,-73.986465
22915,40.690136,-73.98311
22916,40.6881,-73.99551
22917,40.687847,-73.99481
22918,40.695553,-73.9921
22919,40.69182,-73.99296
22920,40.691517,-73.9906
22921,40.688416,-73.978584
22922,40.69207,-73.98021
22923,40.69278,-73.99336
22924,40.69316,-73.99318
22925,40.69182,-73.99296
22926,40.687996,-73.9945
22927,40.695553,-73.9921
22928,40.68842,-73.981415
22929,40.686195,-73.99501
22930,40.69207,-73.98021
22931,40.692776,-73.994064
22932,40.693424,-73.982704
22933,40.691517,-73.9906
22934,40.69431,-73.99574
22935,40.685184,-73.99003
22936,40.693424,-73.982704
22937,40.68683,-73.99139
22938,40.68522,-73.9788
22939,40.691517,-73.9906
22940,40.692726,-73.97843
22941,40.691517,-73.9906
22942,40.691517,-73.9906
22943,40.694614,-73.98856
22944,40.691776,-73.991516
22945,40.689766,-73.9896
22946,40.690136,-73.98311
22947,40.68491,-73.97854
22948,40.685253,-73.97776
22949,40.68488,-73.98065
22950,40.69505,-73.983574
22951,40.688953,-73.99426
22952,40.690285,-73.99022
22953,40.69613,-73.99227
22954,40.68693,-73.983406
22955,40.693424,-73.982704
22956,40.697086,-73.9945
22957,40.69223,-73.981346
22958,40.693424,-73.982704
22959,40.68693,-73.983406
22960,40.697144,-73.99564
22961,40.696545,-73.99278
22962,40.691406,-73.99558
22963,40.688416,-73.978584
22964,40.688877,-73.97413
22965,40.69431,-73.99574
22966,40.686123,-73.97364
22967,40.692783,-73.97886
22968,40.69381,-73.99451
22969,40.688416,-73.981415
22970,40.686214,-73.982254
22971,40.690304,-73.99111
22972,40.692474,-73.98507
22973,40.692448,-73.985214
22974,40.689445,-73.99605
22975,40.68898,-73.99437
22976,40.68887,-73.974266
22977,40.696594,-73.988396
22978,40.687954,-73.994804
22979,40.694405,-73.996414
22980,40.692474,-73.98507
22981,40.69207,-73.98021
22982,40.68979,-73.98496
22983,40.68979,-73.98496
22984,40.692474,-73.98507
22985,40.691517,-73.9906
22986,40.691517,-73.9906
22987,40.691776,-73.991516
22988,40.786835,-73.94988
22989,40.786835,-73.94988
22990,40.791275,-73.94867
22991,40.79613,-73.934204
22992,40.79613,-73.934204
22993,40.7921,-73.93934
22994,40.79473,-73.93507
22995,40.79554,-73.94945
22996,40.79554,-73.94945
22997,40.7921,-73.93934
22998,40.792915,-73.94041
22999,40.78868,-73.94719
23000,40.791275,-73.94867
23001,40.792934,-73.940506
23002,40.79127,-73.94867
23003,40.78868,-73.94719
23004,40.7947,-73.94357
23005,40.789562,-73.94727
23006,40.79554,-73.94945
23007,40.7921,-73.93934
23008,40.79629,-73.949036
23009,40.7947,-73.94357
23010,40.78868,-73.94719
23011,40.794704,-73.9436
23012,40.788338,-73.9475
23013,40.79554,-73.94945
23014,40.798126,-73.93504
23015,40.789146,-73.94823
23016,40.787514,-73.948044
23017,40.78868,-73.94719
23018,40.788338,-73.9475
23019,40.792915,-73.94041
23020,40.788597,-73.94117
23021,40.789448,-73.948616
23022,40.788517,-73.941246
23023,40.792934,-73.940506
23024,40.790516,-73.9472
23025,40.789562,-73.941734
23026,40.79554,-73.94945
23027,40.78586,-73.94299
23028,40.790176,-73.94873
23029,40.79182,-73.940636
23030,40.789562,-73.94727
23031,40.79554,-73.94945
23032,40.79182,-73.940636
23033,40.79357,-73.93894
23034,40.79554,-73.94945
23035,40.7934,-73.94076
23036,40.788338,-73.9475
23037,40.788338,-73.9475
23038,40.791275,-73.94867
23039,40.79182,-73.940636
23040,40.79179,-73.9398
23041,40.78868,-73.94719
23042,40.797626,-73.948166
23043,40.788338,-73.9475
23044,40.792282,-73.939
23045,40.79179,-73.9398
23046,40.791306,-73.94855
23047,40.795753,-73.9333
23048,40.795784,-73.9498
23049,40.79355,-73.94473
23050,40.787514,-73.948044
23051,40.790176,-73.94873
23052,40.788338,-73.9475
23053,40.79357,-73.93894
23054,40.7921,-73.93934
23055,40.78868,-73.94719
23056,40.79554,-73.94945
23057,40.795914,-73.94644
23058,40.788338,-73.9475
23059,40.79554,-73.94945
23060,40.792915,-73.94041
23061,40.79714,-73.93347
23062,40.787514,-73.948044
23063,40.789562,-73.941734
23064,40.788338,-73.9475
23065,40.792934,-73.940506
23066,40.786007,-73.94977
23067,40.788338,-73.9475
23068,40.68506,-74.00182
23069,40.694386,-73.99839
23070,40.695766,-73.997
23071,40.68876,-73.99848
23072,40.692986,-73.99978
23073,40.6953,-73.99699
23074,40.68491,-73.99832
23075,40.688076,-73.99891
23076,40.686993,-74.000496
23077,40.68916,-73.9995
23078,40.69502,-73.99747
23079,40.695766,-73.997
23080,40.695766,-73.997
23081,40.68916,-73.9995
23082,40.695766,-73.997
23083,40.687553,-73.99914
23084,40.684597,-73.9997
23085,40.688076,-73.99891
23086,40.689423,-74.00001
23087,40.694386,-73.99839
23088,40.688076,-73.99891
23089,40.684597,-73.9997
23090,40.695557,-73.997795
23091,40.686382,-74.00174
23092,40.692986,-73.99978
23093,40.694386,-73.99839
23094,40.69235,-73.99871
23095,40.694386,-73.99839
23096,40.692986,-73.99978
23097,40.692986,-73.99978
23098,40.694725,-73.99751
23099,40.69459,-73.99709
23100,40.694725,-73.99751
23101,40.68896,-73.99743
23102,40.68506,-74.00182
23103,40.69459,-73.99709
23104,40.788605,-73.97012
23105,40.791527,-73.96891
23106,40.788605,-73.97012
23107,40.78949,-73.970894
23108,40.7906,-73.97341
23109,40.791523,-73.97288
23110,40.785686,-73.96926
23111,40.788605,-73.97012
23112,40.78809,-73.96863
23113,40.788303,-73.97135
23114,40.788605,-73.97012
23115,40.791527,-73.96891
23116,40.78768,-73.970375
23117,40.791527,-73.96891
23118,40.78768,-73.970375
23119,40.785774,-73.97317
23120,40.788303,-73.97135
23121,40.791126,-73.97
23122,40.788605,-73.97012
23123,40.78684,-73.972595
23124,40.790775,-73.96937
23125,40.78925,-73.97217
23126,40.788605,-73.97012
23127,40.788605,-73.97012
23128,40.791527,-73.96891
23129,40.788605,-73.97012
23130,40.791527,-73.96891
23131,40.78828,-73.96908
23132,40.609364,-73.7545
23133,40.59638,-73.764496
23134,40.593678,-73.75845
23135,40.6087,-73.75472
23136,40.593536,-73.75885
23137,40.610176,-73.76634
23138,40.60552,-73.74424
23139,40.59357,-73.759056
23140,40.60428,-73.74782
23141,40.604813,-73.75984
23142,40.609768,-73.745995
23143,40.60428,-73.74782
23144,40.594986,-73.75829
23145,40.613136,-73.76645
23146,40.608837,-73.75526
23147,40.60615,-73.75718
23148,40.594967,-73.775375
23149,40.606575,-73.75832
23150,40.604267,-73.74801
23151,40.60261,-73.746796
23152,40.60428,-73.74782
23153,40.60308,-73.74921
23154,40.60585,-73.75888
23155,40.59537,-73.74086
23156,40.609802,-73.7587
23157,40.59953,-73.77494
23158,40.604904,-73.74369
23159,40.598392,-73.77578
23160,40.605797,-73.76571
23161,40.603085,-73.761246
23162,40.606846,-73.74676
23163,40.604324,-73.7574
23164,40.611126,-73.76938
23165,40.61248,-73.76689
23166,40.686855,-74.00112
23167,40.687553,-73.99914
23168,40.692986,-73.99978
23169,40.695766,-73.997
23170,40.692986,-73.99978
23171,40.693512,-74.00018
23172,40.694386,-73.99839
23173,40.694386,-73.99839
23174,40.69431,-73.99574
23175,40.69583,-73.99199
23176,40.697086,-73.9945
23177,40.68979,-73.98496
23178,40.684593,-73.99159
23179,40.69676,-73.99583
23180,40.6927,-73.97956
23181,40.68953,-73.986465
23182,40.68979,-73.98496
23183,40.689766,-73.9896
23184,40.68979,-73.98496
23185,40.697094,-73.9879
23186,40.69207,-73.98021
23187,40.697094,-73.9879
23188,40.69505,-73.983574
23189,40.68953,-73.986465
23190,40.697144,-73.99564
23191,40.686768,-73.985085
23192,40.69207,-73.98021
23193,40.69278,-73.99336
23194,40.690285,-73.99022
23195,40.692474,-73.98507
23196,40.691517,-73.9906
23197,40.692474,-73.98507
23198,40.69431,-73.99574
23199,40.68979,-73.98496
23200,40.69312,-73.993416
23201,40.69316,-73.99318
23202,40.69291,-73.99684
23203,40.691517,-73.9906
23204,40.69555,-73.99466
23205,40.692146,-73.97921
23206,40.6888,-73.98864
23207,40.68768,-73.98533
23208,40.692875,-73.99673
23209,40.68979,-73.98496
23210,40.693066,-73.99334
23211,40.69613,-73.99227
23212,40.690136,-73.98311
23213,40.693066,-73.99334
23214,40.688416,-73.978584
23215,40.686214,-73.982254
23216,40.68843,-73.98104
23217,40.69223,-73.981346
23218,40.68522,-73.9788
23219,40.697144,-73.99564
23220,40.68856,-73.99047
23221,40.69431,-73.99574
23222,40.690422,-73.990265
23223,40.68906,-73.99357
23224,40.693424,-73.982704
23225,40.68979,-73.98496
23226,40.69223,-73.981346
23227,40.68856,-73.99047
23228,40.693985,-73.99511
23229,40.690136,-73.98311
23230,40.69381,-73.99451
23231,40.689137,-73.99457
23232,40.69207,-73.98021
23233,40.693424,-73.982704
23234,40.68868,-73.97423
23235,40.696896,-73.9948
23236,40.69613,-73.99227
23237,40.691517,-73.9906
23238,40.69381,-73.99451
23239,40.689423,-73.98809
23240,40.695553,-73.9921
23241,40.697144,-73.99564
23242,40.696552,-73.98727
23243,40.69337,-73.99476
23244,40.690136,-73.98311
23245,40.691517,-73.9906
23246,40.68562,-73.99033
23247,40.688416,-73.978584
23248,40.69505,-73.983574
23249,40.69223,-73.981346
23250,40.69613,-73.99227
23251,40.68979,-73.98496
23252,40.687553,-73.97398
23253,40.6888,-73.98864
23254,40.68979,-73.98496
23255,40.69565,-73.99369
23256,40.687855,-73.99207
23257,40.689766,-73.9896
23258,40.692783,-73.97886
23259,40.694313,-73.99574
23260,40.697144,-73.99564
23261,40.68906,-73.99357
23262,40.69456,-73.98269
23263,40.68979,-73.98496
23264,40.68906,-73.99357
23265,40.692112,-73.97833
23266,40.68842,-73.981415
23267,40.68979,-73.98496
23268,40.69422,-73.9961
23269,40.69555,-73.99466
23270,40.687855,-73.99207
23271,40.691505,-73.99558
23272,40.69565,-73.99369
23273,40.690285,-73.99022
23274,40.690807,-73.99001
23275,40.694107,-73.99568
23276,40.69568,-73.99143
23277,40.69712,-73.996216
23278,40.69422,-73.9961
23279,40.695553,-73.9921
23280,40.68979,-73.98496
23281,40.69505,-73.983574
23282,40.68979,-73.98496
23283,40.69505,-73.983574
23284,40.69165,-73.98573
23285,40.688416,-73.981415
23286,40.69712,-73.996216
23287,40.68979,-73.98496
23288,40.692474,-73.98507
23289,40.68842,-73.981415
23290,40.688416,-73.978584
23291,40.685883,-73.99182
23292,40.687847,-73.99481
23293,40.69708,-73.99584
23294,40.69583,-73.99199
23295,40.691517,-73.9906
23296,40.68953,-73.986465
23297,40.69304,-73.978516
23298,40.697094,-73.9879
23299,40.68942,-73.97538
23300,40.690285,-73.99022
23301,40.693424,-73.982704
23302,40.687954,-73.994804
23303,40.68953,-73.986465
23304,40.6961,-73.99527
23305,40.69422,-73.9961
23306,40.690807,-73.99001
23307,40.69505,-73.983574
23308,40.695965,-73.9936
23309,40.68522,-73.9788
23310,40.685333,-73.99042
23311,40.688858,-73.97463
23312,40.69422,-73.9961
23313,40.696594,-73.988396
23314,40.695953,-73.99478
23315,40.69505,-73.983574
23316,40.69613,-73.99227
23317,40.69278,-73.99336
23318,40.6964,-73.99157
23319,40.689445,-73.99605
23320,40.6888,-73.98864
23321,40.68522,-73.9788
23322,40.69613,-73.99227
23323,40.84057,-73.85883
23324,40.8408,-73.85497
23325,40.84057,-73.85886
23326,40.83861,-73.85652
23327,40.84057,-73.85886
23328,40.825,-73.85097
23329,40.83611,-73.85893
23330,40.83861,-73.85652
23331,40.83611,-73.85893
23332,40.83861,-73.85652
23333,40.83611,-73.85893
23334,40.8408,-73.85497
23335,40.82902,-73.86054
23336,40.83611,-73.85893
23337,40.83611,-73.85893
23338,40.83611,-73.85893
23339,40.84057,-73.85886
23340,40.845608,-73.85733
23341,40.837673,-73.86199
23342,40.8408,-73.85497
23343,40.839687,-73.85985
23344,40.83611,-73.85893
23345,40.836708,-73.86502
23346,40.837673,-73.86199
23347,40.83611,-73.85893
23348,40.83861,-73.85652
23349,40.8417,-73.84838
23350,40.844013,-73.85044
23351,40.836708,-73.86502
23352,40.830933,-73.84575
23353,40.84057,-73.85886
23354,40.8411,-73.854034
23355,40.82744,-73.85881
23356,40.83255,-73.85361
23357,40.84057,-73.85886
23358,40.83861,-73.85652
23359,40.839695,-73.86003
23360,40.83984,-73.86165
23361,40.84057,-73.85886
23362,40.84125,-73.855606
23363,40.720043,-73.99679
23364,40.717255,-73.99024
23365,40.714645,-73.98544
23366,40.716316,-73.991554
23367,40.72105,-73.98352
23368,40.713886,-73.979004
23369,40.715374,-73.98647
23370,40.710457,-73.991234
23371,40.715057,-73.98183
23372,40.715076,-73.99157
23373,40.72115,-73.99341
23374,40.719337,-73.98467
23375,40.714645,-73.98544
23376,40.710457,-73.991234
23377,40.714924,-73.98757
23378,40.719448,-73.98556
23379,40.717255,-73.99024
23380,40.71311,-73.97784
23381,40.719448,-73.98556
23382,40.710457,-73.991234
23383,40.7126,-73.978
23384,40.717564,-73.98363
23385,40.719296,-73.98718
23386,40.713104,-73.97922
23387,40.713104,-73.97922
23388,40.71477,-73.98055
23389,40.7126,-73.978
23390,40.710457,-73.991234
23391,40.712917,-73.97816
23392,40.714325,-73.97838
23393,40.71477,-73.98055
23394,40.710457,-73.991234
23395,40.715965,-73.98801
23396,40.713634,-73.98928
23397,40.677696,-73.973816
23398,40.679077,-73.978195
23399,40.683437,-73.98037
23400,40.675198,-73.98422
23401,40.68203,-73.99577
23402,40.67961,-73.98109
23403,40.67501,-73.97752
23404,40.672905,-73.986115
23405,40.673977,-73.97353
23406,40.6759,-73.98349
23407,40.677628,-73.976166
23408,40.67425,-73.985054
23409,40.681606,-73.97354
23410,40.672314,-73.98288
23411,40.6813,-73.9812
23412,40.674847,-73.98359
23413,40.678326,-73.97746
23414,40.678356,-73.99573
23415,40.682957,-73.9811
23416,40.677692,-73.973816
23417,40.683437,-73.98037
23418,40.673737,-73.97709
23419,40.672905,-73.986115
23420,40.6728,-73.97778
23421,40.6728,-73.97778
23422,40.68061,-73.97827
23423,40.672314,-73.98288
23424,40.6728,-73.97778
23425,40.67715,-73.97887
23426,40.67714,-73.9827
23427,40.672905,-73.986115
23428,40.676426,-73.97981
23429,40.67553,-73.98311
23430,40.679127,-73.98063
23431,40.6767,-73.98266
23432,40.68084,-73.9801
23433,40.680004,-73.978775
23434,40.680004,-73.978775
23435,40.674847,-73.98359
23436,40.67561,-73.97504
23437,40.676426,-73.97981
23438,40.67341,-73.97984
23439,40.67347,-73.98343
23440,40.68435,-73.97421
23441,40.67444,-73.98015
23442,40.67785,-73.99689
23443,40.67315,-73.97998
23444,40.680935,-73.980255
23445,40.6832,-73.99684
23446,40.6826,-73.9823
23447,40.671978,-73.98801
23448,40.67249,-73.97395
23449,40.67732,-73.97932
23450,40.674698,-73.98324
23451,40.67249,-73.97395
23452,40.684372,-73.99408
23453,40.683456,-73.98683
23454,40.673992,-73.98479
23455,40.681656,-73.980606
23456,40.675354,-73.98406
23457,40.67799,-73.979706
23458,40.67249,-73.97395
23459,40.680202,-73.97929
23460,40.67323,-73.97499
23461,40.682972,-73.99153
23462,40.68296,-73.9938
23463,40.673157,-73.97366
23464,40.67983,-73.97533
23465,40.673428,-73.97871
23466,40.67961,-73.98109
23467,40.672905,-73.986115
23468,40.683807,-73.9866
23469,40.68281,-73.98106
23470,40.673286,-73.9837
23471,40.67231,-73.98637
23472,40.675064,-73.973495
23473,40.682102,-73.979
23474,40.680645,-73.980415
23475,40.68139,-73.97953
23476,40.683807,-73.9866
23477,40.673992,-73.98479
23478,40.673763,-73.98471
23479,40.67704,-73.97939
23480,40.679737,-73.97872
23481,40.680244,-73.979385
23482,40.6813,-73.9812
23483,40.681656,-73.980606
23484,40.67983,-73.979576
23485,40.677902,-73.991615
23486,40.67391,-73.976715
23487,40.674675,-73.977455
23488,40.67249,-73.97395
23489,40.673157,-73.97366
23490,40.67961,-73.98109
23491,40.679844,-73.976074
23492,40.673992,-73.98479
23493,40.67542,-73.98059
23494,40.67301,-73.982765
23495,40.67542,-73.98059
23496,40.674225,-73.98327
23497,40.675396,-73.98147
23498,40.682278,-73.99494
23499,40.681545,-73.99327
23500,40.676773,-73.98627
23501,40.67793,-73.981674
23502,40.672577,-73.97605
23503,40.680645,-73.980415
23504,40.684097,-73.97903
23505,40.680645,-73.980415
23506,40.67708,-73.98148
23507,40.67902,-73.98138
23508,40.67736,-73.979515
23509,40.67301,-73.982765
23510,40.677666,-73.99536
23511,40.68202,-73.993935
23512,40.678513,-73.98112
23513,40.68435,-73.991196
23514,40.678513,-73.98112
23515,40.67303,-73.98637
23516,40.67754,-73.98003
23517,40.682877,-73.98098
23518,40.673737,-73.97709
23519,40.673656,-73.98221
23520,40.683174,-73.97752
23521,40.683174,-73.97752
23522,40.672096,-73.97413
23523,40.673656,-73.98221
23524,40.679554,-73.991356
23525,40.682877,-73.98098
23526,40.672905,-73.986115
23527,40.672424,-73.977806
23528,40.675194,-73.98422
23529,40.684097,-73.97903
23530,40.67249,-73.97395
23531,40.67594,-73.98274
23532,40.681656,-73.980606
23533,40.68307,-73.99371
23534,40.681393,-73.97824
23535,40.68435,-73.991196
23536,40.67431,-73.97652
23537,40.68435,-73.991196
23538,40.67249,-73.97395
23539,40.674675,-73.977455
23540,40.673332,-73.982414
23541,40.678394,-73.97844
23542,40.67714,-73.9827
23543,40.67793,-73.981674
23544,40.673725,-73.98463
23545,40.683563,-73.97967
23546,40.672955,-73.9787
23547,40.682945,-73.97808
23548,40.674202,-73.98392
23549,40.67793,-73.981674
23550,40.673134,-73.982666
23551,40.68296,-73.9938
23552,40.674675,-73.977455
23553,40.672153,-73.98762
23554,40.672905,-73.986115
23555,40.677315,-73.98132
23556,40.672955,-73.9787
23557,40.684093,-73.97903
23558,40.680645,-73.980415
23559,40.677,-73.9828
23560,40.677822,-73.99583
23561,40.67425,-73.985054
23562,40.672424,-73.977806
23563,40.68139,-73.97953
23564,40.674675,-73.977455
23565,40.6733,-73.97845
23566,40.678635,-73.996376
23567,40.674606,-73.98055
23568,40.68209,-73.99158
23569,40.673737,-73.97709
23570,40.67301,-73.982765
23571,40.676395,-73.97973
23572,40.674606,-73.98055
23573,40.681736,-73.97616
23574,40.67301,-73.982765
23575,40.676395,-73.97973
23576,40.680645,-73.980415
23577,40.679325,-73.97499
23578,40.673534,-73.98357
23579,40.677097,-73.98077
23580,40.682865,-73.99437
23581,40.677364,-73.97812
23582,40.67765,-73.97451
23583,40.677208,-73.97461
23584,40.674606,-73.98055
23585,40.67431,-73.97652
23586,40.675064,-73.973495
23587,40.6813,-73.9812
23588,40.68209,-73.99158
23589,40.68102,-73.9785
23590,40.68061,-73.97827
23591,40.677254,-73.98116
23592,40.681107,-73.976685
23593,40.68155,-73.97885
23594,40.67425,-73.985054
23595,40.677425,-73.974014
23596,40.672096,-73.97413
23597,40.680645,-73.980415
23598,40.6728,-73.97778
23599,40.680573,-73.98045
23600,40.673237,-73.97498
23601,40.678093,-73.993744
23602,40.708015,-74.00591
23603,40.708916,-74.001724
23604,40.708614,-74.00348
23605,40.708614,-74.00348
23606,40.706,-74.00727
23607,40.70659,-74.00817
23608,40.709522,-74.00243
23609,40.708916,-74.001724
23610,40.708916,-74.001724
23611,40.709034,-74.004684
23612,40.706837,-74.00832
23613,40.706837,-74.00832
23614,40.70517,-74.008484
23615,40.709755,-74.0085
23616,40.709522,-74.00243
23617,40.709034,-74.004684
23618,40.708664,-74.003006
23619,40.709755,-74.0085
23620,40.709526,-74.00243
23621,40.70659,-74.00817
23622,40.708015,-74.00591
23623,40.70939,-74.00806
23624,40.708015,-74.00591
23625,40.705215,-74.00853
23626,40.705185,-74.00789
23627,40.709034,-74.004684
23628,40.70808,-74.00747
23629,40.70828,-74.00683
23630,40.705185,-74.00789
23631,40.706913,-74.008575
23632,40.705215,-74.00853
23633,40.706837,-74.00832
23634,40.709034,-74.004684
23635,40.70974,-74.00662
23636,40.708916,-74.001724
23637,40.706837,-74.00832
23638,40.708508,-74.00105
23639,40.705185,-74.00789
23640,40.708015,-74.00591
23641,40.708508,-74.00105
23642,40.705776,-74.00724
23643,40.705185,-74.00789
23644,40.705193,-74.007904
23645,40.705776,-74.00724
23646,40.7088,-74.00371
23647,40.705185,-74.00789
23648,40.709034,-74.004684
23649,40.705776,-74.00724
23650,40.709034,-74.004684
23651,40.705776,-74.00724
23652,40.705185,-74.00789
23653,40.705776,-74.00724
23654,40.70904,-74.0017
23655,40.705185,-74.00789
23656,40.709034,-74.004684
23657,40.705776,-74.00724
23658,40.705185,-74.00789
23659,40.705185,-74.00789
23660,40.705776,-74.00724
23661,40.708015,-74.00591
23662,40.706837,-74.00832
23663,40.708824,-74.00395
23664,40.708015,-74.00591
23665,40.709522,-74.00243
23666,40.706837,-74.00832
23667,40.708015,-74.00591
23668,40.70808,-74.00747
23669,40.705776,-74.00724
23670,40.706837,-74.00832
23671,40.708923,-74.0032
23672,40.708015,-74.00591
23673,40.708614,-74.00348
23674,40.708614,-74.00348
23675,40.705193,-74.007904
23676,40.706837,-74.00832
23677,40.709034,-74.004684
23678,40.708614,-74.00348
23679,40.70974,-74.00662
23680,40.708614,-74.00348
23681,40.70974,-74.00662
23682,40.706837,-74.00833
23683,40.82271,-73.94273
23684,40.705185,-74.00789
23685,40.70974,-74.00662
23686,40.708015,-74.00591
23687,40.705185,-74.00789
23688,40.706837,-74.00832
23689,40.705185,-74.00789
23690,40.705185,-74.00789
23691,40.709522,-74.00243
23692,40.70828,-74.00683
23693,40.709526,-74.00243
23694,40.706837,-74.00832
23695,40.708015,-74.00591
23696,40.705185,-74.00789
23697,40.705776,-74.00724
23698,40.708015,-74.00591
23699,40.709522,-74.00243
23700,40.708923,-74.0032
23701,40.709526,-74.00243
23702,40.708916,-74.001724
23703,40.705776,-74.00724
23704,40.708015,-74.00591
23705,40.709522,-74.00243
23706,40.709522,-74.00243
23707,40.708824,-74.00395
23708,40.709526,-74.00243
23709,40.708015,-74.00591
23710,40.705185,-74.00789
23711,40.70808,-74.00747
23712,40.705185,-74.00789
23713,40.708015,-74.00591
23714,40.708015,-74.00591
23715,40.709553,-74.00685
23716,40.70911,-74.00635
23717,40.708614,-74.00348
23718,40.705185,-74.00789
23719,40.708015,-74.00591
23720,40.705185,-74.00789
23721,40.705185,-74.00789
23722,40.708015,-74.00591
23723,40.709526,-74.00243
23724,40.70974,-74.00662
23725,40.708015,-74.00591
23726,40.70517,-74.008484
23727,40.709522,-74.00243
23728,40.70911,-74.00635
23729,40.708664,-74.003006
23730,40.709755,-74.0085
23731,40.70854,-74.00098
23732,40.708614,-74.00348
23733,40.70925,-74.00361
23734,40.70517,-74.008484
23735,40.70517,-74.008484
23736,40.70854,-74.00098
23737,40.70763,-74.00281
23738,40.708923,-74.0032
23739,40.708614,-74.00348
23740,40.706852,-74.00848
23741,40.708614,-74.00348
23742,40.70808,-74.00747
23743,40.70808,-74.00747
23744,40.709007,-74.00727
23745,40.70828,-74.00683
23746,40.709034,-74.004684
23747,40.705185,-74.00789
23748,40.70828,-74.00683
23749,40.70925,-74.00361
23750,40.708015,-74.00591
23751,40.705185,-74.00789
23752,40.709034,-74.004684
23753,40.70592,-74.010765
23754,40.709194,-74.017975
23755,40.706116,-74.011734
23756,40.705,-74.00962
23757,40.708103,-74.016975
23758,40.709194,-74.017975
23759,40.706116,-74.011734
23760,40.70779,-74.013885
23761,40.705566,-74.0174
23762,40.70768,-74.00998
23763,40.706116,-74.011734
23764,40.70969,-74.017235
23765,40.70592,-74.010765
23766,40.708374,-74.01679
23767,40.70768,-74.00998
23768,40.70773,-74.009735
23769,40.708828,-74.01657
23770,40.678055,-73.97375
23771,40.67227,-73.98006
23772,40.67785,-73.99689
23773,40.682022,-73.99643
23774,40.679382,-73.976875
23775,40.677105,-73.99194
23776,40.673977,-73.97353
23777,40.680004,-73.978775
23778,40.67341,-73.97984
23779,40.679077,-73.978195
23780,40.674675,-73.977455
23781,40.683483,-73.97947
23782,40.680645,-73.980415
23783,40.68354,-73.984985
23784,40.680202,-73.97929
23785,40.68061,-73.97827
23786,40.677105,-73.99194
23787,40.683456,-73.98683
23788,40.682022,-73.99643
23789,40.683437,-73.98037
23790,40.672096,-73.97413
23791,40.673656,-73.98221
23792,40.6844,-73.97374
23793,40.673992,-73.98479
23794,40.673157,-73.97366
23795,40.672096,-73.97413
23796,40.674698,-73.98324
23797,40.67341,-73.97984
23798,40.684093,-73.97903
23799,40.679844,-73.976074
23800,40.673878,-73.97873
23801,40.673157,-73.97366
23802,40.684357,-73.98997
23803,40.677258,-73.97913
23804,40.682022,-73.99643
23805,40.680645,-73.980415
23806,40.6728,-73.97778
23807,40.677223,-73.97905
23808,40.674698,-73.98324
23809,40.79875,-73.96941
23810,40.799683,-73.9702
23811,40.803818,-73.95631
23812,40.802814,-73.96672
23813,40.801228,-73.95922
23814,40.80079,-73.95877
23815,40.806465,-73.9509
23816,40.80553,-73.96732
23817,40.798855,-73.97243
23818,40.805923,-73.954506
23819,40.80142,-73.95908
23820,40.80912,-73.95147
23821,40.80205,-73.95049
23822,40.798855,-73.97243
23823,40.804565,-73.96424
23824,40.800545,-73.95921
23825,40.80813,-73.9533
23826,40.80122,-73.9707
23827,40.80288,-73.9672
23828,40.79901,-73.97069
23829,40.802395,-73.96964
23830,40.79938,-73.96947
23831,40.80122,-73.9707
23832,40.79899,-73.969635
23833,40.798172,-73.97158
23834,40.80369,-73.96769
23835,40.809143,-73.95523
23836,40.801086,-73.95846
23837,40.802395,-73.96964
23838,40.806465,-73.9509
23839,40.80369,-73.96769
23840,40.80999,-73.958336
23841,40.798855,-73.97243
23842,40.809143,-73.95523
23843,40.80616,-73.966064
23844,40.809143,-73.95523
23845,40.806465,-73.9509
23846,40.807297,-73.964874
23847,40.80097,-73.96881
23848,40.803097,-73.9648
23849,40.80066,-73.96969
23850,40.80529,-73.967094
23851,40.8073,-73.96666
23852,40.805206,-73.9669
23853,40.798702,-73.960014
23854,40.804237,-73.96759
23855,40.807575,-73.96636
23856,40.798946,-73.96758
23857,40.808773,-73.9533
23858,40.80553,-73.96732
23859,40.807575,-73.96636
23860,40.798515,-73.95174
23861,40.80079,-73.97086
23862,40.800697,-73.95916
23863,40.804424,-73.96738
23864,40.80713,-73.965576
23865,40.804092,-73.96689
23866,40.80002,-73.97013
23867,40.798744,-73.97217
23868,40.802395,-73.96964
23869,40.804848,-73.96687
23870,40.799816,-73.97082
23871,40.80002,-73.97013
23872,40.808773,-73.9533
23873,40.810745,-73.95347
23874,40.80553,-73.96732
23875,40.807297,-73.964874
23876,40.798576,-73.96185
23877,40.80553,-73.96732
23878,40.805016,-73.95247
23879,40.8026,-73.96654
23880,40.804237,-73.96759
23881,40.801376,-73.969444
23882,40.800697,-73.95916
23883,40.803177,-73.96433
23884,40.80288,-73.9672
23885,40.80553,-73.96732
23886,40.802315,-73.964745
23887,40.799767,-73.968735
23888,40.808426,-73.95301
23889,40.803097,-73.964806
23890,40.801777,-73.965096
23891,40.80066,-73.96969
23892,40.801376,-73.969444
23893,40.801376,-73.96945
23894,40.80063,-73.95178
23895,40.800426,-73.97106
23896,40.79902,-73.959984
23897,40.801777,-73.965096
23898,40.803177,-73.96433
23899,40.799683,-73.9702
23900,40.80122,-73.9707
23901,40.80529,-73.967094
23902,40.802986,-73.96599
23903,40.80398,-73.965546
23904,40.80079,-73.95877
23905,40.80079,-73.95877
23906,40.80079,-73.97086
23907,40.804237,-73.96759
23908,40.80122,-73.9707
23909,40.80475,-73.96548
23910,40.803806,-73.965096
23911,40.80004,-73.959366
23912,40.800426,-73.97106
23913,40.800182,-73.97052
23914,40.803097,-73.964806
23915,40.800426,-73.97106
23916,40.804848,-73.96687
23917,40.80247,-73.96903
23918,40.80398,-73.965546
23919,40.79875,-73.96941
23920,40.807297,-73.964874
23921,40.800808,-73.95377
23922,40.798855,-73.97243
23923,40.801888,-73.953995
23924,40.801636,-73.95418
23925,40.804237,-73.96759
23926,40.800426,-73.97106
23927,40.798172,-73.97158
23928,40.80892,-73.95361
23929,40.803097,-73.964806
23930,40.7991,-73.95388
23931,40.79935,-73.97216
23932,40.79875,-73.96941
23933,40.804607,-73.95739
23934,40.79938,-73.96947
23935,40.799763,-73.97149
23936,40.79875,-73.96941
23937,40.804203,-73.96816
23938,40.799435,-73.95529
23939,40.804203,-73.96816
23940,40.807575,-73.96636
23941,40.80004,-73.959366
23942,40.801697,-73.96745
23943,40.79899,-73.95102
23944,40.800842,-73.95746
23945,40.803177,-73.96433
23946,40.801086,-73.95846
23947,40.79875,-73.96941
23948,40.80398,-73.965546
23949,40.80002,-73.96934
23950,40.807575,-73.96636
23951,40.809315,-73.95265
23952,40.803097,-73.964806
23953,40.80004,-73.959366
23954,40.806164,-73.9545
23955,40.7991,-73.95388
23956,40.800568,-73.97065
23957,40.799442,-73.96979
23958,40.804565,-73.96424
23959,40.80912,-73.95147
23960,40.80527,-73.952255
23961,40.80142,-73.95908
23962,40.806465,-73.9509
23963,40.8073,-73.96666
23964,40.80002,-73.96934
23965,40.798576,-73.96185
23966,40.810745,-73.95347
23967,40.810654,-73.95833
23968,40.801376,-73.969444
23969,40.807297,-73.964874
23970,40.80713,-73.965576
23971,40.800056,-73.96861
23972,40.80205,-73.95049
23973,40.801888,-73.9568
23974,40.79871,-73.96787
23975,40.801636,-73.95418
23976,40.79973,-73.96135
23977,40.80674,-73.96627
23978,40.80553,-73.96732
23979,40.80079,-73.95877
23980,40.79935,-73.97216
23981,40.798706,-73.96087
23982,40.807003,-73.96613
23983,40.80079,-73.95877
23984,40.802914,-73.96811
23985,40.80414,-73.95602
23986,40.804848,-73.96687
23987,40.801086,-73.95846
23988,40.802814,-73.96672
23989,40.800545,-73.95921
23990,40.798283,-73.96796
23991,40.80438,-73.96575
23992,40.80563,-73.9531
23993,40.80529,-73.967094
23994,40.800426,-73.97106
23995,40.810726,-73.9584
23996,40.800056,-73.96861
23997,40.799686,-73.96321
23998,40.807575,-73.96636
23999,40.80632,-73.95729
24000,40.798706,-73.96087
24001,40.810745,-73.95347
24002,40.804848,-73.96687
24003,40.80563,-73.9531
24004,40.807575,-73.96636
24005,40.79839,-73.97131
24006,40.802734,-73.956184
24007,40.80118,-73.956215
24008,40.798283,-73.96796
24009,40.79839,-73.97131
24010,40.80674,-73.96627
24011,40.799423,-73.95274
24012,40.80122,-73.9707
24013,40.800545,-73.95921
24014,40.80079,-73.95877
24015,40.802517,-73.953545
24016,40.80247,-73.96903
24017,40.801956,-73.964195
24018,40.79875,-73.96941
24019,40.799763,-73.97149
24020,40.807575,-73.96636
24021,40.802734,-73.956184
24022,40.803684,-73.96378
24023,40.798283,-73.96796
24024,40.801086,-73.95846
24025,40.801956,-73.964195
24026,40.80079,-73.95877
24027,40.798798,-73.95317
24028,40.799763,-73.97149
24029,40.80674,-73.96627
24030,40.799816,-73.97082
24031,40.803593,-73.96387
24032,40.80674,-73.96627
24033,40.807575,-73.96636
24034,40.798855,-73.97243
24035,40.800545,-73.95921
24036,40.800697,-73.95916
24037,40.806217,-73.96699
24038,40.8073,-73.96666
24039,40.798855,-73.97243
24040,40.80079,-73.95877
24041,40.801777,-73.965096
24042,40.800358,-73.96479
24043,40.79871,-73.96787
24044,40.806217,-73.96699
24045,40.798702,-73.960014
24046,40.80079,-73.95877
24047,40.79875,-73.96941
24048,40.800545,-73.95921
24049,40.80524,-73.95798
24050,40.804123,-73.963974
24051,40.80999,-73.958336
24052,40.799816,-73.97082
24053,40.804123,-73.963974
24054,40.810745,-73.95347
24055,40.799816,-73.97082
24056,40.799816,-73.97082
24057,40.800426,-73.97106
24058,40.801086,-73.95846
24059,40.800385,-73.95139
24060,40.804268,-73.96549
24061,40.80409,-73.953835
24062,40.80122,-73.9707
24063,40.806217,-73.96699
24064,40.800426,-73.97106
24065,40.801636,-73.95418
24066,40.80016,-73.96689
24067,40.80409,-73.953835
24068,40.806545,-73.96697
24069,40.803806,-73.965096
24070,40.802315,-73.964745
24071,40.80343,-73.96559
24072,40.804268,-73.96549
24073,40.79899,-73.95102
24074,40.80475,-73.96548
24075,40.80133,-73.97043
24076,40.8026,-73.96654
24077,40.806545,-73.96697
24078,40.799763,-73.97149
24079,40.79997,-73.95439
24080,40.801144,-73.952194
24081,40.800556,-73.95661
24082,40.79901,-73.96969
24083,40.800545,-73.95921
24084,40.80004,-73.959366
24085,40.808773,-73.9533
24086,40.800426,-73.97106
24087,40.801697,-73.96745
24088,40.80016,-73.96689
24089,40.804123,-73.963974
24090,40.809998,-73.95747
24091,40.80369,-73.96769
24092,40.80198,-73.95223
24093,40.808773,-73.9533
24094,40.808464,-73.95203
24095,40.799828,-73.95562
24096,40.800232,-73.95668
24097,40.808773,-73.9533
24098,40.8026,-73.96654
24099,40.805706,-73.95691
24100,40.80912,-73.95147
24101,40.798763,-73.962135
24102,40.80079,-73.95877
24103,40.802883,-73.956894
24104,40.808773,-73.9533
24105,40.800426,-73.97106
24106,40.804855,-73.953705
24107,40.80438,-73.96575
24108,40.798283,-73.96796
24109,40.801086,-73.95846
24110,40.800232,-73.95668
24111,40.806347,-73.95493
24112,40.809315,-73.95265
24113,40.8076,-73.96677
24114,40.808872,-73.95543
24115,40.80369,-73.96769
24116,40.800518,-73.96525
24117,40.807423,-73.95359
24118,40.804203,-73.96816
24119,40.80818,-73.95381
24120,40.802643,-73.9674
24121,40.79871,-73.96787
24122,40.80233,-73.95191
24123,40.715206,-73.85044
24124,40.714977,-73.84938
24125,40.713825,-73.85057
24126,40.710915,-73.85201
24127,40.715153,-73.84985
24128,40.710278,-73.84968
24129,40.71321,-73.848885
24130,40.71186,-73.851685
24131,40.715412,-73.8549
24132,40.714207,-73.84943
24133,40.715645,-73.84737
24134,40.712532,-73.85136
24135,40.715088,-73.85595
24136,40.711296,-73.85015
24137,40.712242,-73.85248
24138,40.713932,-73.85518
24139,40.71261,-73.852554
24140,40.711308,-73.85233
24141,40.71158,-73.85552
24142,40.714996,-73.85337
24143,40.712757,-73.84725
24144,40.71281,-73.855064
24145,40.710705,-73.84632
24146,40.715973,-73.854294
24147,40.710022,-73.84809
24148,40.712402,-73.846
24149,40.711678,-73.85118
24150,40.71304,-73.85277
24151,40.71326,-73.85554
24152,40.712353,-73.85087
24153,40.7151,-73.85594
24154,40.80133,-73.97043
24155,40.803097,-73.9648
24156,40.799534,-73.971756
24157,40.798916,-73.9681
24158,40.803097,-73.964806
24159,40.8026,-73.96654
24160,40.80813,-73.9533
24161,40.801777,-73.965096
24162,40.80079,-73.95877
24163,40.809998,-73.95747
24164,40.801777,-73.965096
24165,40.79875,-73.96941
24166,40.79933,-73.95444
24167,40.800545,-73.95921
24168,40.800232,-73.95668
24169,40.801086,-73.95846
24170,40.80288,-73.9672
24171,40.803333,-73.96897
24172,40.800232,-73.95668
24173,40.8021,-73.96731
24174,40.80446,-73.95619
24175,40.798283,-73.96796
24176,40.80663,-73.95707
24177,40.80175,-73.96955
24178,40.800426,-73.97106
24179,40.80365,-73.955055
24180,40.8073,-73.96666
24181,40.809998,-73.95747
24182,40.799828,-73.961586
24183,40.80607,-73.95659
24184,40.801777,-73.965096
24185,40.800953,-73.95645
24186,40.803127,-73.968636
24187,40.808773,-73.9533
24188,40.804123,-73.963974
24189,40.79901,-73.96969
24190,40.8082,-73.956
24191,40.799816,-73.97082
24192,40.800426,-73.97106
24193,40.80438,-73.96575
24194,40.800842,-73.95746
24195,40.8036,-73.96877
24196,40.80414,-73.95602
24197,40.800407,-73.95723
24198,40.801777,-73.965096
24199,40.800323,-73.96471
24200,40.805794,-73.967155
24201,40.806168,-73.95619
24202,40.805267,-73.952255
24203,40.804466,-73.953636
24204,40.80111,-73.969986
24205,40.804977,-73.967545
24206,40.805794,-73.967155
24207,40.806164,-73.9551
24208,40.799683,-73.9702
24209,40.805973,-73.95754
24210,40.80421,-73.951805
24211,40.8037,-73.95517
24212,40.805794,-73.967155
24213,40.79871,-73.96787
24214,40.804977,-73.967545
24215,40.805794,-73.967155
24216,40.803967,-73.95613
24217,40.800232,-73.966736
24218,40.802734,-73.956184
24219,40.79902,-73.959984
24220,40.80111,-73.969986
24221,40.805927,-73.95752
24222,40.80118,-73.956215
24223,40.800056,-73.96861
24224,40.8021,-73.96731
24225,40.80247,-73.96903
24226,40.80438,-73.96575
24227,40.805016,-73.95247
24228,40.80122,-73.9707
24229,40.80247,-73.96903
24230,40.802944,-73.94449
24231,40.800533,-73.947365
24232,40.806435,-73.94381
24233,40.800327,-73.94425
24234,40.800327,-73.94425
24235,40.802944,-73.94449
24236,40.79856,-73.93488
24237,40.800327,-73.94425
24238,40.800327,-73.94425
24239,40.80103,-73.94833
24240,40.80764,-73.94878
24241,40.810257,-73.93826
24242,40.804432,-73.94063
24243,40.803806,-73.941086
24244,40.80236,-73.94943
24245,40.804848,-73.94109
24246,40.803036,-73.949394
24247,40.80991,-73.93792
24248,40.802944,-73.94449
24249,40.81013,-73.93872
24250,40.801453,-73.94341
24251,40.801033,-73.94834
24252,40.81013,-73.93872
24253,40.805195,-73.941444
24254,40.810474,-73.94351
24255,40.80212,-73.942924
24256,40.80212,-73.942924
24257,40.801453,-73.94341
24258,40.801453,-73.94341
24259,40.771297,-73.91169
24260,40.766964,-73.92565
24261,40.76457,-73.92574
24262,40.769077,-73.923775
24263,40.764572,-73.92574
24264,40.771484,-73.92335
24265,40.766342,-73.92599
24266,40.76457,-73.92574
24267,40.765068,-73.92559
24268,40.76755,-73.91297
24269,40.761574,-73.9224
24270,40.769955,-73.921524
24271,40.76094,-73.906364
24272,40.764572,-73.92574
24273,40.76507,-73.92559
24274,40.7655,-73.92579
24275,40.767986,-73.91262
24276,40.767986,-73.91262
24277,40.766563,-73.92406
24278,40.764572,-73.92574
24279,40.77054,-73.90527
24280,40.77059,-73.91018
24281,40.763165,-73.92103
24282,40.767986,-73.91262
24283,40.802814,-73.96672
24284,40.802914,-73.96811
24285,40.80079,-73.97086
24286,40.80475,-73.96548
24287,40.799328,-73.95444
24288,40.798843,-73.95389
24289,40.801086,-73.95846
24290,40.800697,-73.95916
24291,40.805855,-73.95727
24292,40.79871,-73.96787
24293,40.810745,-73.95347
24294,40.800426,-73.97106
24295,40.80945,-73.95097
24296,40.801743,-73.956375
24297,40.798515,-73.95174
24298,40.801777,-73.965096
24299,40.80122,-73.9707
24300,40.80475,-73.96548
24301,40.801636,-73.95418
24302,40.807423,-73.95359
24303,40.80002,-73.97013
24304,40.80002,-73.97013
24305,40.80122,-73.9707
24306,40.800426,-73.97106
24307,40.799805,-73.95295
24308,40.799274,-73.95279
24309,40.802315,-73.96475
24310,40.799816,-73.97082
24311,40.800426,-73.97106
24312,40.800697,-73.95916
24313,40.801697,-73.96745
24314,40.805244,-73.96664
24315,40.80156,-73.95221
24316,40.80343,-73.96559
24317,40.805244,-73.96664
24318,40.80813,-73.9533
24319,40.8026,-73.96654
24320,40.799652,-73.965355
24321,40.802593,-73.95638
24322,40.8036,-73.96877
24323,40.755013,-73.79782
24324,40.755806,-73.79393
24325,40.74992,-73.80097
24326,40.758667,-73.78744
24327,40.75866,-73.804436
24328,40.74921,-73.79558
24329,40.75264,-73.78921
24330,40.753857,-73.79285
24331,40.757435,-73.79807
24332,40.756477,-73.802765
24333,40.756523,-73.8089
24334,40.756325,-73.78672
24335,40.759426,-73.7978
24336,40.75611,-73.79095
24337,40.748848,-73.79305
24338,40.754974,-73.80784
24339,40.75322,-73.80616
24340,40.75146,-73.79374
24341,40.74905,-73.80249
24342,40.753452,-73.78831
24343,40.759525,-73.79533
24344,40.756157,-73.79043
24345,40.759785,-73.78805
24346,40.748047,-73.78726
24347,40.755108,-73.79109
24348,40.75322,-73.80616
24349,40.750645,-73.78761
24350,40.74798,-73.80001
24351,40.748047,-73.78726
24352,40.757988,-73.79988
24353,40.75689,-73.79255
24354,40.75792,-73.80177
24355,40.755432,-73.80059
24356,40.75461,-73.797516
24357,40.75412,-73.78838
24358,40.748806,-73.79594
24359,40.75659,-73.801956
24360,40.75351,-73.88202
24361,40.748848,-73.88021
24362,40.74901,-73.885124
24363,40.75092,-73.88642
24364,40.754425,-73.88692
24365,40.75158,-73.88327
24366,40.75051,-73.88175
24367,40.748905,-73.893425
24368,40.748604,-73.88141
24369,40.75343,-73.88593
24370,40.75158,-73.88327
24371,40.75169,-73.88686
24372,40.74894,-73.87958
24373,40.75106,-73.88739
24374,40.75079,-73.887344
24375,40.751926,-73.89135
24376,40.751144,-73.8828
24377,40.75298,-73.885025
24378,40.752754,-73.888794
24379,40.75849,-73.90665
24380,40.759052,-73.90537
24381,40.759502,-73.91115
24382,40.75596,-73.912575
24383,40.760246,-73.91371
24384,40.75792,-73.90557
24385,40.74792,-73.91212
24386,40.757233,-73.906525
24387,40.758804,-73.91427
24388,40.758854,-73.90689
24389,40.75849,-73.90665
24390,40.756542,-73.90715
24391,40.756977,-73.91621
24392,40.74778,-73.91286
24393,40.75925,-73.90482
24394,40.750797,-73.9086
24395,40.74946,-73.91715
24396,40.757732,-73.915596
24397,40.7487,-73.91759
24398,40.758327,-73.90703
24399,40.758854,-73.907265
24400,40.748646,-73.91665
24401,40.75886,-73.91436
24402,40.758804,-73.91427
24403,40.74792,-73.91212
24404,40.74792,-73.91212
24405,40.74796,-73.91839
24406,40.754623,-73.90694
24407,40.759308,-73.90552
24408,40.759308,-73.90552
24409,40.75501,-73.907906
24410,40.758022,-73.90723
24411,40.801086,-73.95846
24412,40.79839,-73.97131
24413,40.799816,-73.97082
24414,40.802734,-73.956184
24415,40.79875,-73.96941
24416,40.798855,-73.97243
24417,40.799763,-73.97149
24418,40.804638,-73.95656
24419,40.80315,-73.95505
24420,40.799763,-73.97149
24421,40.800323,-73.96471
24422,40.79839,-73.97131
24423,40.805206,-73.9669
24424,40.799442,-73.96979
24425,40.80414,-73.95602
24426,40.800426,-73.97106
24427,40.79997,-73.96016
24428,40.80079,-73.97086
24429,40.80663,-73.95707
24430,40.80398,-73.965546
24431,40.80475,-73.96548
24432,40.79997,-73.96016
24433,40.80079,-73.95877
24434,40.800697,-73.95916
24435,40.79938,-73.96947
24436,40.80156,-73.95221
24437,40.75356,-73.82112
24438,40.748016,-73.827255
24439,40.75213,-73.82135
24440,40.753242,-73.82538
24441,40.753796,-73.82094
24442,40.751232,-73.821365
24443,40.753387,-73.83248
24444,40.752483,-73.823326
24445,40.75341,-73.82497
24446,40.753845,-73.82618
24447,40.753326,-73.82636
24448,40.751427,-73.8218
24449,40.75295,-73.82199
24450,40.751232,-73.821365
24451,40.7531,-73.825806
24452,40.753326,-73.82636
24453,40.753464,-73.82849
24454,40.753242,-73.825386
24455,40.751526,-73.82806
24456,40.75272,-73.82139
24457,40.74951,-73.82864
24458,40.753952,-73.83149
24459,40.753815,-73.82864
24460,40.753326,-73.82636
24461,40.751232,-73.821365
24462,40.751232,-73.821365
24463,40.751232,-73.821365
24464,40.75318,-73.82808
24465,40.75318,-73.82808
24466,40.75318,-73.82808
24467,40.75318,-73.82808
24468,40.751232,-73.821365
24469,40.751232,-73.821365
24470,40.751232,-73.821365
24471,40.751232,-73.821365
24472,40.751232,-73.821365
24473,40.751232,-73.821365
24474,40.733635,-73.953674
24475,40.732655,-73.961
24476,40.73955,-73.92705
24477,40.747585,-73.94611
24478,40.746403,-73.97334
24479,40.741707,-73.95525
24480,40.745895,-73.94623
24481,40.743134,-73.958405
24482,40.73266,-73.961
24483,40.742973,-73.95798
24484,40.745045,-73.97161
24485,40.746403,-73.97334
24486,40.7423,-73.951
24487,40.745247,-73.93722
24488,40.746037,-73.941895
24489,40.74316,-73.95711
24490,40.74526,-73.94459
24491,40.745045,-73.97161
24492,40.72842,-73.95478
24493,40.732483,-73.954956
24494,40.745293,-73.9445
24495,40.746037,-73.941895
24496,40.745895,-73.94623
24497,40.72842,-73.95478
24498,40.731876,-73.96095
24499,40.742336,-73.95727
24500,40.727135,-73.943146
24501,40.75827,-73.805504
24502,40.754086,-73.78976
24503,40.754578,-73.80826
24504,40.75714,-73.80697
24505,40.751434,-73.79313
24506,40.760063,-73.80657
24507,40.74783,-73.80192
24508,40.751434,-73.79313
24509,40.74884,-73.79291
24510,40.7549,-73.79784
24511,40.749287,-73.788345
24512,40.75646,-73.786736
24513,40.751045,-73.80779
24514,40.748383,-73.79379
24515,40.757126,-73.786804
24516,40.75219,-73.79414
24517,40.757042,-73.799065
24518,40.747913,-73.80002
24519,40.759785,-73.78805
24520,40.752975,-73.785805
24521,40.75862,-73.78744
24522,40.751163,-73.79085
24523,40.750507,-73.78954
24524,40.759785,-73.78805
24525,40.74935,-73.7946
24526,40.755302,-73.791374
24527,40.75698,-73.800385
24528,40.755875,-73.80393
24529,40.7543,-73.8064
24530,40.755463,-73.78982
24531,40.74958,-73.795685
24532,40.749203,-73.790306
24533,40.756916,-73.78621
24534,40.75464,-73.803535
24535,40.749264,-73.79565
24536,40.75031,-73.79381
24537,40.756725,-73.786514
24538,40.75191,-73.804184
24539,40.75405,-73.80136
24540,40.748028,-73.79009
24541,40.806217,-73.96699
24542,40.79994,-73.95886
24543,40.800232,-73.95668
24544,40.804157,-73.965225
24545,40.8026,-73.96654
24546,40.801434,-73.954865
24547,40.80674,-73.96627
24548,40.8073,-73.96666
24549,40.800697,-73.95916
24550,40.79875,-73.96941
24551,40.80288,-73.9672
24552,40.79875,-73.96941
24553,40.80604,-73.95628
24554,40.8073,-73.96666
24555,40.799423,-73.95274
24556,40.79875,-73.96941
24557,40.798664,-73.96077
24558,40.800056,-73.96861
24559,40.802914,-73.96811
24560,40.80837,-73.95347
24561,40.79974,-73.95919
24562,40.799763,-73.97149
24563,40.80563,-73.9531
24564,40.801697,-73.96745
24565,40.804848,-73.96687
24566,40.802734,-73.956184
24567,40.80674,-73.96627
24568,40.80674,-73.96627
24569,40.803806,-73.965096
24570,40.802914,-73.96811
24571,40.80818,-73.95109
24572,40.809998,-73.95747
24573,40.802395,-73.96964
24574,40.80563,-73.9531
24575,40.798664,-73.96077
24576,40.800426,-73.97106
24577,40.802395,-73.96964
24578,40.80891,-73.96523
24579,40.802395,-73.96964
24580,40.801086,-73.95846
24581,40.799778,-73.961464
24582,40.809143,-73.95523
24583,40.79899,-73.969635
24584,40.798515,-73.95174
24585,40.806465,-73.9509
24586,40.804424,-73.96738
24587,40.80079,-73.97086
24588,40.802643,-73.9674
24589,40.805668,-73.95988
24590,40.80156,-73.95221
24591,40.798172,-73.97158
24592,40.79899,-73.95102
24593,40.804237,-73.96759
24594,40.801743,-73.956375
24595,40.808773,-73.9533
24596,40.80233,-73.95191
24597,40.7988,-73.96844
24598,40.799767,-73.968735
24599,40.80438,-73.96575
24600,40.80205,-73.95049
24601,40.80079,-73.95877
24602,40.804977,-73.967545
24603,40.807003,-73.96613
24604,40.804237,-73.96759
24605,40.799816,-73.97082
24606,40.79901,-73.96969
24607,40.808773,-73.9533
24608,40.80079,-73.95877
24609,40.800056,-73.96861
24610,40.799767,-73.968735
24611,40.80674,-73.96627
24612,40.805794,-73.967155
24613,40.80438,-73.96575
24614,40.80521,-73.9669
24615,40.799885,-73.95976
24616,40.80175,-73.96955
24617,40.800545,-73.95921
24618,40.79901,-73.97069
24619,40.800232,-73.95669
24620,40.805206,-73.9669
24621,40.751427,-73.8218
24622,40.753975,-73.82855
24623,40.753326,-73.82636
24624,40.752953,-73.832115
24625,40.753815,-73.82864
24626,40.753815,-73.82864
24627,40.75273,-73.82682
24628,40.75244,-73.83141
24629,40.751232,-73.821365
24630,40.751232,-73.821365
24631,40.751232,-73.821365
24632,40.751236,-73.82169
24633,40.752804,-73.82824
24634,40.753242,-73.82538
24635,40.751232,-73.821365
24636,40.751232,-73.821365
24637,40.751232,-73.821365
24638,40.75291,-73.821045
24639,40.753326,-73.82636
24640,40.751232,-73.821365
24641,40.751232,-73.821365
24642,40.753242,-73.82538
24643,40.7502,-73.8227
24644,40.752335,-73.826324
24645,40.751232,-73.821365
24646,40.751232,-73.821365
24647,40.751232,-73.821365
24648,40.751232,-73.821365
24649,40.752186,-73.82539
24650,40.75295,-73.82199
24651,40.75295,-73.82199
24652,40.753464,-73.82849
24653,40.791126,-73.839264
24654,40.79347,-73.846664
24655,40.784718,-73.85087
24656,40.790257,-73.853195
24657,40.7736,-73.84695
24658,40.78997,-73.84277
24659,40.78136,-73.84805
24660,40.7936,-73.84646
24661,40.78136,-73.84805
24662,40.79038,-73.84433
24663,40.785725,-73.84789
24664,40.77597,-73.84872
24665,40.776985,-73.84092
24666,40.794533,-73.84697
24667,40.77704,-73.84104
24668,40.78408,-73.84927
24669,40.790318,-73.85196
24670,40.790634,-73.84315
24671,40.784943,-73.84665
24672,40.7848,-73.846016
24673,40.782284,-73.8442
24674,40.776318,-73.84775
24675,40.78933,-73.84974
24676,40.77921,-73.84399
24677,40.784588,-73.842316
24678,40.77591,-73.84873
24679,40.784763,-73.85172
24680,40.775784,-73.842285
24681,40.77422,-73.84589
24682,40.7769,-73.84867
24683,40.790768,-73.83885
24684,40.788223,-73.85172
24685,40.788322,-73.841
