listing_id,latitude,longitude,pm2_5
0,40.82466,-73.852806,6.1116624
1,40.66363,-73.849434,5.548981
2,40.705246,-73.83398,5.974749
3,40.757084,-73.835594,7.430224
4,40.753643,-73.855125,6.2591023
5,40.70506,-73.8341,5.974749
6,40.904922,-73.90666,6.2873473
7,40.79497,-73.94343,6.7983837
8,40.76124,-73.82771,7.0454807
9,40.811234,-73.85012,5.9000273
10,40.84057,-73.85886,6.9113336
11,40.84057,-73.85886,6.9113336
12,40.843784,-73.82162,5.8158035
13,40.893307,-73.90233,6.2983627
14,40.65378,-73.97401,6.185999
15,40.58569,-73.95617,5.9896307
16,40.65066,-73.91172,6.914418
17,40.72753,-73.99017,10.489927
18,40.74852,-73.9734,7.79824
19,40.765625,-73.977486,8.214056
20,40.767174,-73.98508,9.006402
21,40.756363,-73.964806,7.819974
22,40.780834,-73.9107,6.5861998
23,40.764534,-73.86622,5.982704
24,40.69605,-73.88851,5.914229
25,40.750904,-73.78817,5.519449
26,40.787476,-73.785805,5.508037
27,40.730007,-73.79695,5.5649447
28,40.724297,-73.72864,5.2796416
29,40.768703,-73.730095,5.349128
30,40.69522,-73.84195,6.0811896
31,40.706844,-73.76381,5.7368307
32,40.705173,-73.7587,5.3385816
33,40.70304,-73.72822,5.137368
34,40.66683,-73.84851,5.572466
35,40.686893,-73.79728,5.693057
36,40.683743,-73.746445,5.2081656
37,40.68018,-73.75068,5.434491
38,40.676723,-73.7481,5.505769
39,40.543964,-74.15268,5.8494544
40,40.539856,-74.1666,5.7291875
41,40.673534,-73.98357,7.346835
42,40.693516,-73.96857,7.2651477
43,40.701817,-73.986916,6.948368
44,40.70981,-73.82895,5.7502537
45,40.691517,-73.9906,7.2998867
46,40.698486,-73.99188,7.0125074
47,40.687256,-73.97939,7.4204826
48,40.712513,-73.81207,5.7862105
49,40.61883,-74.0949,6.0044394
50,40.61185,-74.03496,6.0592694
51,40.599625,-73.93544,5.6969986
52,40.6929,-73.95467,7.601341
53,40.575768,-73.95696,5.877081
54,40.60519,-74.01514,5.913088
55,40.56976,-74.12235,5.890708
56,40.59647,-73.986694,5.9584255
57,40.5982,-73.9959,6.071611
58,40.711536,-73.84755,5.709251
59,40.62981,-73.92751,6.058656
60,40.63224,-74.030045,6.6239734
61,40.714657,-73.98541,6.997965
62,40.69807,-73.84826,5.9305644
63,40.679512,-73.90907,6.4177012
64,40.642365,-73.98866,6.3583493
65,40.6384,-73.981834,6.533495
66,40.631004,-73.962456,6.1915197
67,40.613754,-73.94514,5.820019
68,40.633106,-73.932205,6.1583104
69,40.789406,-73.97868,6.693598
70,40.800426,-73.97106,6.5926275
71,40.85348,-73.93656,6.655974
72,40.76086,-73.82551,6.920756
73,40.77588,-73.98167,6.828746
74,40.76154,-73.99914,8.523348
75,40.730743,-73.85564,5.936344
76,40.763058,-73.96213,7.6902328
77,40.74393,-73.97568,8.354832
78,40.747353,-73.99613,10.749142
79,40.799816,-73.97082,6.572354
80,40.773243,-73.95331,7.1236367
81,40.73547,-74.00801,8.688952
82,40.731285,-73.99108,10.967861
83,40.86961,-73.84082,6.226397
84,40.906563,-73.90659,6.2873473
85,40.74193,-74.00243,9.630007
86,40.756985,-73.96247,7.819974
87,40.741474,-73.75684,5.5250235
88,40.75992,-73.76544,5.785046
89,40.749252,-73.76625,5.5665445
90,40.777367,-73.74835,5.3292284
91,40.72846,-73.74084,5.2895913
92,40.788357,-73.779495,5.4648843
93,40.75596,-73.732956,5.279953
94,40.733215,-73.72389,5.217308
95,40.75239,-73.73689,5.222303
96,40.783607,-73.776215,5.449911
97,40.759632,-73.71948,5.4665937
98,40.768066,-73.78388,5.630899
99,40.754406,-73.760735,5.643697
100,40.764427,-73.730354,5.3613987
101,40.74579,-73.71018,5.2629137
102,40.746807,-73.716805,5.2322145
103,40.765755,-73.72587,5.359206
104,40.749493,-73.70229,5.200882
105,40.751133,-73.72326,5.235031
106,40.767895,-73.76446,5.740539
107,40.725986,-73.739174,5.3271303
108,40.75669,-73.72075,5.4498067
109,40.734287,-73.719666,5.2437205
110,40.78401,-73.77487,5.4355283
111,40.76993,-73.73776,5.3958488
112,40.723988,-73.73848,5.379732
113,40.78401,-73.77487,5.4355283
114,40.74116,-73.75571,5.522565
115,40.750645,-73.72117,5.238067
116,40.741474,-73.75685,5.5250235
117,40.527702,-74.18736,5.592967
118,40.549812,-74.213005,5.769579
119,40.55652,-74.16272,5.748094
120,40.55322,-74.17375,5.7143297
121,40.535446,-74.18185,5.641625
122,40.538437,-74.17737,5.650856
123,40.537216,-74.17407,5.6463723
124,40.546253,-74.220505,6.1078577
125,40.53962,-74.1809,5.65015
126,40.555473,-74.16187,5.748094
127,40.547546,-74.188286,5.6749873
128,40.53845,-74.167595,5.7117624
129,40.554214,-74.1808,5.700104
130,40.5489,-74.215164,5.8120384
131,40.550938,-74.21467,5.813346
132,40.634365,-74.165886,6.258827
133,40.545776,-74.21691,5.7556095
134,40.539127,-74.19741,5.671757
135,40.63906,-74.16472,6.230529
136,40.576744,-74.162895,5.863345
137,40.523144,-74.219635,5.6932607
138,40.580326,-74.1623,5.8920927
139,40.528954,-74.20953,5.6103625
140,40.622284,-74.16476,6.0962143
141,40.544373,-74.21206,5.722348
142,40.52766,-74.177086,5.554618
143,40.53409,-74.1785,5.6260314
144,40.533424,-74.19446,5.637605
145,40.623062,-74.162865,6.135211
146,40.550343,-74.173294,5.723779
147,40.539497,-74.17281,5.7117624
148,40.526592,-74.20697,5.594663
149,40.623238,-74.16667,6.0962143
150,40.636623,-74.16171,6.2382555
151,40.54958,-74.18589,5.6749873
152,40.534725,-74.23736,5.968026
153,40.63532,-74.16658,6.258827
154,40.52985,-74.22067,5.635007
155,40.58483,-74.16181,5.92845
156,40.549816,-74.213005,5.769579
157,40.627987,-73.91717,5.744731
158,40.672417,-73.7449,5.396235
159,40.66595,-73.76673,5.69559
160,40.712547,-73.734215,5.437507
161,40.707615,-73.73634,5.251339
162,40.6976,-73.738846,5.2101426
163,40.66838,-73.73278,5.2055473
164,40.60506,-73.76274,5.196533
165,40.69157,-73.784035,5.5551386
166,40.706318,-73.768684,5.7368307
167,40.67302,-73.74862,5.510357
168,40.701466,-73.76358,5.7335706
169,40.60782,-73.7601,5.1550136
170,40.657707,-73.75145,6.259241
171,40.696922,-73.75781,5.3450747
172,40.70317,-73.74054,5.2115064
173,40.691727,-73.7511,5.26818
174,40.68487,-73.73207,5.128313
175,40.6007,-73.739365,5.007869
176,40.598522,-73.75758,5.211523
177,40.59366,-73.76033,5.075226
178,40.71798,-73.75598,5.341621
179,40.6938,-73.75911,5.318793
180,40.708775,-73.73806,5.383652
181,40.6785,-73.783005,5.7332115
182,40.72121,-73.75411,5.308203
183,40.682083,-73.73368,5.156436
184,40.67072,-73.74377,5.288301
185,40.66044,-73.75147,5.97819
186,40.66507,-73.779755,6.673882
187,40.694298,-73.784035,5.500819
188,40.710995,-73.75961,5.3710747
189,40.69387,-73.73878,5.1901712
190,40.69104,-73.73923,5.176807
191,40.839962,-73.78516,5.6297135
192,40.846226,-73.78266,5.6841483
193,40.846264,-73.78267,5.6841483
194,40.846268,-73.78267,5.6841483
195,40.84748,-73.78251,5.7101426
196,40.838425,-73.78488,5.61932
197,40.840637,-73.78327,5.61932
198,40.846264,-73.78267,5.6841483
199,40.84219,-73.78529,5.6517324
200,40.84748,-73.78251,5.7101426
201,40.84624,-73.7833,5.6841483
202,40.84619,-73.7832,5.6841483
203,40.840862,-73.785164,5.6297135
204,40.840054,-73.7829,5.61932
205,40.84611,-73.78344,5.6841483
206,40.846226,-73.78266,5.6841483
207,40.846226,-73.78266,5.6841483
208,40.850643,-73.785545,5.7162647
209,40.84748,-73.78251,5.7101426
210,40.84321,-73.78561,5.6517324
211,40.849617,-73.78518,5.715383
212,40.847538,-73.78456,5.7101426
213,40.84032,-73.78458,5.61932
214,40.83956,-73.78539,5.6297135
215,40.839684,-73.782555,5.61932
216,40.840137,-73.78421,5.61932
217,40.84726,-73.785484,5.6982985
218,40.851536,-73.78478,
219,40.851574,-73.78472,
220,40.84748,-73.78251,5.7101426
221,40.846054,-73.78372,5.6841483
222,40.71232,-73.99301,7.583943
223,40.645058,-73.99467,6.253238
224,40.644848,-74.07879,6.416312
225,40.681656,-73.980606,7.870384
226,40.690136,-73.98311,7.4660926
227,40.634895,-74.036385,6.2599683
228,40.705044,-74.00812,7.5940347
229,40.705273,-74.01023,7.54511
230,40.62797,-74.0258,6.7959666
231,40.69497,-73.99686,6.9044123
232,40.681656,-73.980606,7.870384
233,40.69023,-73.99563,7.2998867
234,40.70985,-74.01789,7.701584
235,40.67394,-73.97761,7.494057
236,40.664276,-73.98795,7.0724125
237,40.63783,-74.03374,6.399238
238,40.706467,-74.01713,7.5398207
239,40.63887,-73.99349,6.367809
240,40.686214,-73.982254,8.003737
241,40.719448,-73.98556,8.93461
242,40.697716,-73.99497,7.0125074
243,40.713104,-73.97922,6.4845314
244,40.635075,-74.03175,6.4097233
245,40.63145,-74.01417,6.8435297
246,40.629387,-74.01284,6.592346
247,40.630253,-74.100685,6.1534824
248,40.687553,-73.97398,7.2790937
249,40.698486,-73.99188,7.0125074
250,40.69023,-73.99563,7.2998867
251,40.63224,-74.030045,6.6239734
252,40.69651,-73.99179,7.0125074
253,40.556488,-74.150604,5.7894797
254,40.61958,-74.0958,6.0044394
255,40.575256,-73.97428,5.921095
256,40.618973,-74.12281,6.1141224
257,40.600613,-74.12621,5.92676
258,40.61229,-74.064186,6.162504
259,40.602116,-74.08787,5.97518
260,40.59021,-74.07282,5.8861747
261,40.558548,-74.13082,5.712637
262,40.53373,-74.15501,5.643327
263,40.62044,-74.03979,6.2988605
264,40.62044,-74.03979,6.2988605
265,40.60325,-74.07775,5.949127
266,40.58699,-74.09738,6.002999
267,40.53499,-74.15412,5.6727486
268,40.61399,-74.035576,6.223687
269,40.61466,-74.151634,6.048522
270,40.61523,-73.983154,6.264438
271,40.589443,-73.98487,5.8634434
272,40.607056,-74.14501,5.9416647
273,40.61384,-74.14702,6.047356
274,40.58505,-74.09122,5.9078255
275,40.620045,-74.03831,6.2267323
276,40.598648,-73.996254,6.071611
277,40.557682,-74.16018,5.7529097
278,40.582245,-74.15964,5.9151087
279,40.57766,-74.119,5.9224195
280,40.610985,-74.064186,6.162504
281,40.592625,-74.097916,5.9408846
282,40.566143,-74.12359,5.750187
283,40.617622,-74.038826,6.2267323
284,40.567356,-74.133514,5.7621517
285,40.49961,-74.23954,5.4888005
286,40.5144,-74.19454,5.525901
287,40.51355,-74.241684,6.6949
288,40.511284,-74.243744,5.615044
289,40.49989,-74.2444,5.492336
290,40.518833,-74.19643,5.5508456
291,40.50304,-74.23064,5.4951077
292,40.508312,-74.24495,5.5816975
293,40.51128,-74.24375,5.615044
294,40.518955,-74.19589,5.5508456
295,40.511444,-74.243195,5.615044
296,40.50495,-74.247116,5.5599146
297,40.50896,-74.25028,5.581288
298,40.509678,-74.23667,5.656648
299,40.50136,-74.24361,5.518089
300,40.504383,-74.24888,5.5599146
301,40.50539,-74.24564,5.5532627
302,40.508022,-74.24024,5.5725718
303,40.503307,-74.24237,5.5170217
304,40.504135,-74.23837,5.5476074
305,40.512638,-74.24848,5.6120563
306,40.514057,-74.20429,5.532216
307,40.507206,-74.25271,5.5707407
308,40.514,-74.19583,5.529052
309,40.519222,-74.195335,5.5630994
310,40.51094,-74.23212,5.6057897
311,40.505875,-74.23856,5.5476074
312,40.514805,-74.20208,5.532216
313,40.502144,-74.23788,5.4967833
314,40.504482,-74.23904,5.5476074
315,40.511986,-74.24699,5.6120563
316,40.5087,-74.24967,5.581288
317,40.5144,-74.23871,6.6953673
318,40.507168,-74.23666,5.5649385
319,40.515064,-74.211365,5.557198
320,40.509235,-74.22428,5.5165815
321,40.509148,-74.24937,5.581288
322,40.50541,-74.24214,5.5491962
323,40.50584,-74.24266,5.5491962
324,40.504524,-74.23065,5.5062
325,40.514706,-74.23512,6.557098
326,40.716465,-73.837326,5.9235373
327,40.721806,-73.82127,5.6404786
328,40.67989,-73.84675,5.85959
329,40.691406,-73.8324,6.0637965
330,40.714108,-73.80382,5.8954315
331,40.678593,-73.79907,5.6389346
332,40.673656,-73.79663,5.7539873
333,40.721447,-73.948654,7.4758763
334,40.699062,-73.95791,7.1823177
335,40.720318,-73.84315,5.9706297
336,40.636646,-73.96014,6.305138
337,40.663647,-73.852036,5.548981
338,40.704823,-73.8344,5.974749
339,40.67084,-73.893906,6.600188
340,40.71844,-73.96388,7.605653
341,40.665737,-73.952774,6.423158
342,40.67666,-73.96969,6.985404
343,40.699512,-73.83524,6.0814176
344,40.649353,-73.92751,6.0926867
345,40.72213,-73.88792,6.1192956
346,40.889603,-73.9174,6.2585154
347,40.89896,-73.871704,6.0536704
348,40.830353,-73.84776,7.0879545
349,40.825596,-73.89717,6.795482
350,40.909164,-73.9056,6.286585
351,40.883102,-73.92104,6.232294
352,40.87255,-73.9189,6.4880986
353,40.904873,-73.90636,6.2873473
354,40.876587,-73.85757,6.1031017
355,40.88075,-73.83398,6.2940884
356,40.879375,-73.91369,6.474598
357,40.823437,-73.94258,6.8184943
358,40.88549,-73.85464,6.1324344
359,40.89913,-73.86256,6.3021708
360,40.82517,-73.92328,6.2781487
361,40.908398,-73.89678,6.2480817
362,40.83611,-73.85893,6.8188562
363,40.836292,-73.856064,6.7145762
364,40.85457,-73.93544,6.61781
365,40.824066,-73.94443,6.941836
366,40.879013,-73.91611,6.384371
367,40.82517,-73.92328,6.2781487
368,40.88558,-73.908325,6.348988
369,40.82517,-73.92328,6.2781487
370,40.83861,-73.85652,6.894012
371,40.85918,-73.836044,6.316963
372,40.860184,-73.83182,5.929062
373,40.84687,-73.78689,5.6982985
374,40.833748,-73.853615,6.627232
375,40.837536,-73.86975,6.512727
376,40.83611,-73.85893,6.8188562
377,40.76784,-73.96306,7.492614
378,40.788338,-73.9475,6.6663737
379,40.76692,-73.95926,7.3824024
380,40.727978,-73.84963,5.919079
381,40.747795,-73.94432,7.6459446
382,40.75136,-73.940704,7.4191327
383,40.75105,-73.81875,5.800542
384,40.783684,-73.95434,6.8204827
385,40.80529,-73.967094,6.688691
386,40.755123,-73.96427,7.4681826
387,40.76879,-73.93461,6.9045224
388,40.772785,-73.78982,5.5684237
389,40.81479,-73.82453,5.7585077
390,40.758026,-73.872406,6.347928
391,40.741985,-73.87434,6.8617268
392,40.735806,-73.920166,7.273482
393,40.788937,-73.79523,5.57946
394,40.751232,-73.821365,5.9697433
395,40.635002,-74.03103,6.5417314
396,40.63558,-73.99048,6.2936306
397,40.667282,-73.98178,6.8247857
398,40.64916,-73.980446,6.189892
399,40.634705,-73.99355,6.2936306
400,40.65264,-73.9758,6.15235
401,40.63708,-73.98239,6.533495
402,40.62175,-74.0295,6.581318
403,40.631763,-74.01448,6.8435297
404,40.635075,-74.03175,6.4097233
405,40.629387,-74.01284,6.592346
406,40.659485,-73.97731,6.1031694
407,40.633495,-74.0198,6.996028
408,40.635002,-74.03103,6.5417314
409,40.660446,-73.99239,6.7352715
410,40.635967,-73.98265,6.533495
411,40.664684,-73.99319,7.317958
412,40.64142,-74.01222,6.989607
413,40.63701,-74.01097,6.9643564
414,40.63646,-74.00308,6.602392
415,40.665684,-73.98483,7.0918646
416,40.659485,-73.97731,6.1031694
417,40.64476,-74.00416,6.6850953
418,40.633327,-74.077225,6.422096
419,40.63811,-74.073975,6.350177
420,40.621643,-74.10796,6.0253167
421,40.64485,-74.0788,6.416312
422,40.630253,-74.100685,6.1534824
423,40.63282,-74.152374,6.604803
424,40.6219,-74.13311,6.2161484
425,40.631527,-74.08564,6.2851734
426,40.63819,-74.1358,6.5186944
427,40.636265,-74.15862,6.2546415
428,40.633846,-74.12231,6.4897604
429,40.640907,-74.10865,6.187473
430,40.635273,-74.08565,6.254206
431,40.631535,-74.08563,6.2851734
432,40.642414,-74.099106,6.2712893
433,40.63497,-74.11374,6.437213
434,40.633415,-74.139786,6.5257134
435,40.628822,-74.08466,6.451371
436,40.629128,-74.133736,6.411538
437,40.627766,-74.13689,6.4721274
438,40.62665,-74.15096,6.700296
439,40.638206,-74.08571,6.293953
440,40.63752,-74.140236,6.5186944
441,40.633545,-74.077705,6.422096
442,40.632763,-74.11648,6.4747615
443,40.63418,-74.11075,6.3625445
444,40.628983,-74.1244,6.428856
445,40.628456,-74.15581,6.5696907
446,40.644848,-74.07877,6.416312
447,40.621994,-74.14988,6.2211037
448,40.629616,-74.1161,6.4220033
449,40.63148,-74.133675,6.4534144
450,40.635796,-74.115486,6.437213
451,40.638664,-74.10854,6.3354263
452,40.63541,-74.09581,6.139057
453,40.637848,-74.093506,6.1535993
454,40.626076,-74.159096,6.332855
455,40.630062,-74.12605,6.5441737
456,40.63598,-74.13123,6.54939
457,40.635033,-74.16957,6.258827
458,40.629868,-74.16421,6.2585654
459,40.63681,-74.16213,6.2382555
460,40.635715,-74.169624,6.258827
461,40.63608,-74.17148,6.4091535
462,40.635113,-74.168945,6.258827
463,40.63998,-74.16631,6.230529
464,40.630646,-74.165634,6.2585654
465,40.63715,-74.16271,6.2382555
466,40.62238,-74.16549,6.0962143
467,40.623745,-74.16147,6.2651854
468,40.63681,-74.16215,6.2382555
469,40.631298,-74.16144,6.2902584
470,40.636734,-74.1715,6.4091535
471,40.630054,-74.16433,6.2585654
472,40.62259,-74.16707,6.0962143
473,40.63603,-74.166466,6.2310967
474,40.630363,-74.16147,6.2902584
475,40.635033,-74.16957,6.258827
476,40.63006,-74.16475,6.2585654
477,40.63965,-74.16533,6.230529
478,40.631878,-74.16555,6.2585654
479,40.63712,-74.16803,6.2310967
480,40.621567,-74.16652,6.0962143
481,40.63818,-74.16574,6.2310967
482,40.636005,-74.16396,6.2310967
483,40.635033,-74.16957,6.258827
484,40.62156,-74.16651,6.0962143
485,40.621567,-74.16652,6.0962143
486,40.635033,-74.16957,6.258827
487,40.6277,-74.17902,6.3815265
488,40.635033,-74.16957,6.258827
489,40.560684,-74.1013,5.7158923
490,40.56562,-74.12463,5.750187
491,40.56218,-74.10505,5.73376
492,40.5579,-74.13313,5.719432
493,40.552917,-74.138245,5.6945877
494,40.56576,-74.137024,5.7442317
495,40.55689,-74.12328,5.665778
496,40.564117,-74.0992,5.733124
497,40.535854,-74.150314,5.673292
498,40.560337,-74.156235,5.7274675
499,40.535336,-74.15327,5.6727486
500,40.556187,-74.15296,5.7939596
501,40.56083,-74.107056,5.7379465
502,40.563557,-74.1379,5.7442317
503,40.5401,-74.15336,5.7494707
504,40.55363,-74.15909,5.8296237
505,40.570034,-74.12329,5.8530946
506,40.56107,-74.102196,5.7158923
507,40.568295,-74.141975,5.74531
508,40.561836,-74.109314,5.7379465
509,40.552753,-74.143684,5.766525
510,40.536213,-74.15345,5.6727486
511,40.567577,-74.13541,5.757581
512,40.54718,-74.14292,5.772521
513,40.552,-74.147446,5.7799478
514,40.545563,-74.153564,5.878508
515,40.557625,-74.13748,5.7165446
516,40.55763,-74.137474,5.7165446
517,40.56405,-74.13968,5.7442317
518,40.552235,-74.14626,5.7799478
519,40.53909,-74.1611,5.7163897
520,40.557682,-74.16018,5.7529097
521,40.61801,-74.03198,6.4494176
522,40.588562,-73.9907,5.795048
523,40.61711,-73.98627,6.264184
524,40.613632,-73.99995,6.2015185
525,40.60016,-73.99609,6.071611
526,40.60481,-73.991974,6.2500443
527,40.59744,-73.979935,6.0355396
528,40.619377,-73.99323,6.342944
529,40.617992,-74.02301,6.323295
530,40.610447,-74.01208,6.0451097
531,40.616833,-74.0381,6.115429
532,40.577084,-74.003426,5.7116857
533,40.613235,-74.0363,6.0592694
534,40.598648,-73.996254,6.071611
535,40.589005,-73.991844,5.795048
536,40.618916,-74.03962,6.2267323
537,40.602264,-73.9803,6.0298505
538,40.618916,-74.03962,6.2267323
539,40.619568,-73.978035,6.3312078
540,40.600513,-73.99977,6.124807
541,40.61787,-74.023834,6.323295
542,40.597393,-74.06632,6.0183234
543,40.61613,-74.12454,6.092149
544,40.618835,-74.09491,6.0044394
545,40.599728,-74.101105,5.8837204
546,40.5916,-74.10335,5.908178
547,40.585903,-74.14696,5.808536
548,40.590553,-74.09576,6.0072904
549,40.582172,-74.10786,5.9712625
550,40.577812,-74.13642,5.789154
551,40.58911,-74.0912,6.010953
552,40.619537,-74.15297,6.1675844
553,40.586437,-74.09823,5.9625382
554,40.5791,-74.107445,5.9712625
555,40.6183,-74.11619,6.015197
556,40.612904,-74.10808,5.976558
557,40.618874,-74.0783,6.2911615
558,40.57424,-74.094696,5.8587923
559,40.57248,-74.09375,5.772396
560,40.579098,-74.10743,5.9712625
561,40.60814,-74.07409,6.039975
562,40.620464,-74.10999,6.0253167
563,40.608242,-74.14347,5.967741
564,40.617313,-74.15133,6.1675844
565,40.594402,-74.07668,5.950504
566,40.590614,-74.08367,5.9517345
567,40.590527,-74.07359,5.8861747
568,40.510468,-74.23846,5.656648
569,40.5045,-74.22926,5.5046616
570,40.51853,-74.20003,5.5508456
571,40.508896,-74.230125,5.530027
572,40.504086,-74.23902,5.5476074
573,40.519245,-74.197464,5.5660405
574,40.51869,-74.22466,5.797921
575,40.501797,-74.248924,5.5247874
576,40.5134,-74.19592,5.529052
577,40.517143,-74.21018,5.5668344
578,40.51595,-74.19762,5.5508456
579,40.518467,-74.22403,5.797921
580,40.518425,-74.22374,5.7035394
581,40.512062,-74.25123,5.600186
582,40.514317,-74.24487,6.217053
583,40.50797,-74.24982,5.581288
584,40.50869,-74.230156,5.530027
585,40.509247,-74.23879,5.5649385
586,40.51086,-74.24038,5.647493
587,40.51431,-74.244865,6.217053
588,40.51714,-74.21012,5.5668344
589,40.517292,-74.20747,5.5616994
590,40.5177,-74.20707,5.5616994
591,40.513206,-74.24456,6.217053
592,40.510105,-74.242966,5.615044
593,40.504982,-74.2458,5.5532627
594,40.504974,-74.23953,5.5491962
595,40.519417,-74.200516,5.5660405
596,40.5099,-74.22458,5.549216
597,40.502903,-74.24067,5.5170217
598,40.501373,-74.24934,5.520059
599,40.510483,-74.23722,5.656648
600,40.510586,-74.23969,5.647493
601,40.513493,-74.24983,5.8833904
602,40.5071,-74.25275,5.5707407
603,40.508472,-74.24196,5.5725718
604,40.50493,-74.223495,5.5011396
605,40.517155,-74.23843,6.713007
606,40.501217,-74.24165,5.5170217
607,40.518574,-74.20492,5.5616994
608,40.519897,-74.207565,5.5843835
609,40.51366,-74.23238,6.471058
610,40.517067,-74.23302,6.5381784
611,40.518406,-74.20917,5.5668344
612,40.5112,-74.250496,5.600186
613,40.52006,-74.21245,5.669598
614,40.514748,-74.24352,6.217053
615,40.503162,-74.23981,5.5170217
616,40.51495,-74.23431,6.557098
617,40.5017,-74.2377,5.4967833
618,40.505154,-74.250656,5.546319
619,40.51349,-74.23639,6.6953673
620,40.512966,-74.24466,6.217053
621,40.509132,-74.22364,5.512047
622,40.504963,-74.239525,5.5476074
623,40.499462,-74.24009,5.4888005
624,40.518906,-74.20611,5.5616994
625,40.511707,-74.24486,5.615044
626,40.519688,-74.19917,5.5660405
627,40.512573,-74.2423,5.647493
628,40.513084,-74.20576,5.535816
629,40.512936,-74.23321,6.471058
630,40.50316,-74.241356,5.5170217
631,40.509457,-74.25107,5.581288
632,40.514576,-74.24053,6.6949
633,40.517223,-74.19538,5.5508456
634,40.513184,-74.2501,5.8833904
635,40.514706,-74.23512,6.557098
636,40.51415,-74.23258,6.471058
637,40.51336,-74.24285,6.217053
638,40.502857,-74.23809,5.4967833
639,40.511997,-74.225494,5.549216
640,40.511883,-74.24061,5.647493
641,40.51097,-74.2462,5.6120563
642,40.51941,-74.20413,5.5692286
643,40.514545,-74.23281,6.471058
644,40.513412,-74.240715,6.6949
645,40.52047,-74.17811,5.5325217
646,40.5082,-74.24903,5.581288
647,40.508778,-74.24131,5.5725718
648,40.499382,-74.24006,5.4888005
649,40.513367,-74.23694,6.6953673
650,40.515114,-74.24331,6.217053
651,40.5048,-74.23075,5.5062
652,40.50981,-74.2426,5.647493
653,40.511566,-74.25055,5.600186
654,40.4998,-74.23827,5.4854794
655,40.511635,-74.23894,5.656648
656,40.4993,-74.23943,5.4854794
657,40.510876,-74.2504,5.600186
658,40.502464,-74.237785,5.4967833
659,40.510456,-74.24553,5.615044
660,40.51465,-74.24286,6.217053
661,40.513603,-74.201485,5.529052
662,40.514294,-74.20443,5.532216
663,40.514645,-74.24287,6.217053
664,40.51545,-74.20399,5.532216
665,40.510647,-74.237854,5.656648
666,40.5017,-74.2377,5.4967833
667,40.51388,-74.23596,6.557098
668,40.5063,-74.24025,5.5491962
669,40.513374,-74.20267,5.532216
670,40.507584,-74.22349,5.512047
671,40.504253,-74.25287,5.535531
672,40.516174,-74.24392,6.282382
673,40.695335,-73.94748,7.3879433
674,40.68094,-73.9602,7.1988435
675,40.681263,-73.95377,6.915122
676,40.710205,-73.9052,6.7717123
677,40.69216,-73.96839,7.2399
678,40.72093,-73.899475,6.4469543
679,40.714046,-73.93775,7.583651
680,40.691353,-73.94185,6.5214567
681,40.68308,-73.907455,6.34293
682,40.69257,-73.965195,7.2061987
683,40.69561,-73.945114,6.813824
684,40.7215,-73.91233,8.34826
685,40.696735,-73.899536,6.9527874
686,40.71485,-73.90204,7.130016
687,40.70538,-73.88619,6.745557
688,40.691452,-73.958916,7.2016454
689,40.703243,-73.94691,7.339539
690,40.67567,-73.97087,6.985404
691,40.71574,-73.93935,7.2474976
692,40.72054,-73.95591,8.001259
693,40.720062,-73.96353,7.605653
694,40.69216,-73.96839,7.2399
695,40.6944,-73.938194,6.8342276
696,40.71844,-73.96388,7.605653
697,40.691353,-73.94185,6.5214567
698,40.70182,-73.89492,6.782097
699,40.705597,-73.89247,6.8210344
700,40.71043,-73.96636,7.1263757
701,40.69441,-73.95959,7.555477
702,40.68928,-73.93303,6.4792023
703,40.682304,-73.8942,5.903139
704,40.718426,-73.87507,5.8356204
705,40.68727,-73.86555,6.6919613
706,40.688263,-73.8503,6.1318445
707,40.68355,-73.79403,5.6594014
708,40.71283,-73.834656,5.8080125
709,40.719715,-73.82286,5.6389723
710,40.714825,-73.79569,5.7537165
711,40.72167,-73.853645,5.9860573
712,40.70959,-73.85118,5.7627783
713,40.71905,-73.794914,5.5565414
714,40.71152,-73.81079,5.9262986
715,40.686092,-73.7999,5.6078596
716,40.703594,-73.83603,5.9032454
717,40.709778,-73.81869,5.7839313
718,40.71185,-73.83533,5.8080125
719,40.7191,-73.8378,5.891443
720,40.712097,-73.82755,5.7217946
721,40.720776,-73.86918,5.842431
722,40.718983,-73.85603,5.9386773
723,40.7184,-73.8109,5.662484
724,40.669724,-73.80356,5.7134495
725,40.657665,-73.87704,6.1441846
726,40.66975,-73.84079,5.5971594
727,40.66909,-73.870056,6.1416283
728,40.6599,-73.85274,5.534769
729,40.655327,-73.849556,5.507027
730,40.66614,-73.84641,5.585432
731,40.671043,-73.807526,5.694512
732,40.671143,-73.810074,5.694512
733,40.668797,-73.80034,5.640844
734,40.66224,-73.84739,5.575056
735,40.655914,-73.844864,5.6353827
736,40.670925,-73.80358,5.6780767
737,40.666103,-73.81642,5.8182817
738,40.656723,-73.85093,5.507027
739,40.666412,-73.84813,5.585432
740,40.66392,-73.84301,5.5880003
741,40.667515,-73.85023,5.588232
742,40.663857,-73.8481,5.575056
743,40.66834,-73.84845,5.588232
744,40.66053,-73.84572,5.583008
745,40.658913,-73.8495,5.534769
746,40.66464,-73.84894,5.572466
747,40.65597,-73.843925,5.6353827
748,40.66677,-73.847626,5.585432
749,40.657665,-73.87704,6.1441846
750,40.65558,-73.84866,5.507027
751,40.668407,-73.84949,5.588232
752,40.66683,-73.84851,5.572466
753,40.670193,-73.80481,5.897393
754,40.668358,-73.8463,5.599578
755,40.66053,-73.84572,5.583008
756,40.65282,-73.830666,5.5571375
757,40.66814,-73.84625,5.599578
758,40.66831,-73.846924,5.599578
759,40.662556,-73.84747,5.575056
760,40.61777,-73.911095,5.660845
761,40.61323,-73.93358,5.8101115
762,40.57574,-73.957466,5.877081
763,40.57575,-73.967926,5.8892493
764,40.578423,-73.83689,5.294346
765,40.57663,-73.956345,5.944504
766,40.572823,-73.857704,5.256355
767,40.58449,-73.93147,5.6135945
768,40.58809,-73.940865,5.803645
769,40.606117,-73.91133,5.5758
770,40.61013,-73.91566,5.6491294
771,40.588203,-73.958,5.9896307
772,40.61215,-73.956184,6.006023
773,40.598724,-73.94957,5.863584
774,40.590668,-73.94651,5.9157786
775,40.598217,-73.93227,5.651417
776,40.615196,-73.94681,5.8607774
777,40.621174,-73.955956,5.9213386
778,40.611618,-73.965706,6.2373223
779,40.58687,-73.94866,5.910647
780,40.60332,-73.95773,6.0464067
781,40.576393,-73.96152,5.919793
782,40.579216,-73.97132,5.9667845
783,40.57663,-73.956345,5.944504
784,40.588184,-73.80533,5.3306785
785,40.598022,-73.93484,5.6969986
786,40.60775,-73.92454,5.6733575
787,40.597862,-73.931915,5.659506
788,40.58821,-73.961815,5.941953
789,40.586636,-73.93328,5.651391
790,40.6201,-73.9705,6.2206016
791,40.585068,-73.96149,6.0786095
792,40.57575,-73.967926,5.8892493
793,40.577473,-73.84548,5.2907176
794,40.580105,-73.964584,5.980728
795,40.601143,-73.93214,5.651417
796,40.874054,-73.85023,6.0692663
797,40.885685,-73.84939,6.0919533
798,40.880028,-73.85234,6.130721
799,40.890007,-73.844666,5.9825897
800,40.887726,-73.81811,5.8939023
801,40.892033,-73.84365,5.9820633
802,40.878044,-73.87435,6.3881683
803,40.88196,-73.85442,6.130721
804,40.89671,-73.84634,6.109678
805,40.89872,-73.873695,6.047369
806,40.87627,-73.84423,6.1980486
807,40.883907,-73.855125,6.132181
808,40.87398,-73.86589,6.215995
809,40.880867,-73.83506,6.2940884
810,40.8774,-73.85405,6.1031017
811,40.89872,-73.873695,6.047369
812,40.87413,-73.857704,6.119353
813,40.892006,-73.845505,6.0634484
814,40.895454,-73.84775,6.109678
815,40.892063,-73.84881,6.1395035
816,40.89666,-73.842545,5.9980497
817,40.888683,-73.84461,5.9825897
818,40.88684,-73.84882,6.0919533
819,40.885517,-73.852486,6.1324344
820,40.876972,-73.85293,6.1031017
821,40.901398,-73.867615,6.084482
822,40.88717,-73.83305,6.2313957
823,40.89692,-73.84931,6.20021
824,40.896637,-73.8467,6.109678
825,40.879227,-73.87766,6.28428
826,40.88115,-73.87568,6.283301
827,40.875584,-73.845955,6.0998607
828,40.8851,-73.853836,6.132181
829,40.897488,-73.870094,6.1115956
830,40.87921,-73.85606,6.130721
831,40.85941,-73.92901,6.6927843
832,40.825012,-73.8936,6.8033595
833,40.82517,-73.92328,6.2781487
834,40.85246,-73.885956,6.435792
835,40.848442,-73.90745,6.335372
836,40.855618,-73.938416,6.5945444
837,40.863422,-73.89879,6.5716553
838,40.836254,-73.9084,6.6719174
839,40.825237,-73.94118,6.8184943
840,40.824055,-73.95574,6.860054
841,40.871983,-73.91628,6.469241
842,40.85559,-73.937744,6.5945444
843,40.857788,-73.934425,6.5880923
844,40.831726,-73.94072,6.6000113
845,40.848442,-73.90745,6.335372
846,40.863422,-73.89879,6.5716553
847,40.87255,-73.9189,6.4880986
848,40.85238,-73.885635,6.435792
849,40.870766,-73.91592,6.469241
850,40.860847,-73.89998,6.6377625
851,40.82846,-73.92057,6.4771667
852,40.85867,-73.93221,6.6446614
853,40.85404,-73.939316,6.5945444
854,40.83015,-73.920135,6.4771667
855,40.825283,-73.92548,6.214169
856,40.863976,-73.92771,6.6851816
857,40.852196,-73.91869,6.2565207
858,40.85559,-73.937744,6.5945444
859,40.846985,-73.893906,6.725106
860,40.86787,-73.92648,6.6225834
861,40.83015,-73.920135,6.4771667
862,40.84378,-73.94302,6.682851
863,40.78136,-73.94886,6.7310348
864,40.80205,-73.95049,6.7828245
865,40.776356,-73.95838,7.049889
866,40.797157,-73.96495,6.6102734
867,40.780743,-73.960075,6.7255874
868,40.78461,-73.97121,6.603493
869,40.82031,-73.90662,6.486711
870,40.773342,-73.95447,7.1236367
871,40.81592,-73.94249,6.9140244
872,40.780952,-73.95753,6.906186
873,40.78236,-73.952736,6.8204827
874,40.791973,-73.96691,6.476273
875,40.794735,-73.962814,6.552591
876,40.81671,-73.94205,6.9140244
877,40.79967,-73.9546,6.6934443
878,40.782387,-73.956825,6.7404137
879,40.794735,-73.962814,6.552591
880,40.823044,-73.94249,6.8184943
881,40.793526,-73.97024,6.567206
882,40.778934,-73.952156,6.900042
883,40.783695,-73.97298,6.728831
884,40.773342,-73.95447,7.1236367
885,40.77814,-73.94895,6.7835174
886,40.79318,-73.96446,6.476273
887,40.796253,-73.97207,6.558801
888,40.782013,-73.95067,6.81032
889,40.776314,-73.94534,6.661254
890,40.796974,-73.97173,6.5548234
891,40.804855,-73.953705,6.837829
892,40.811626,-73.95342,6.922281
893,40.818447,-73.91068,6.3277526
894,40.779503,-73.95633,6.906186
895,40.697426,-73.99213,7.0125074
896,40.71657,-74.01052,8.145485
897,40.706913,-74.008575,8.014722
898,40.688416,-73.978584,7.4204826
899,40.692986,-73.99978,6.632648
900,40.703457,-73.98435,6.806014
901,40.698067,-73.98785,7.283495
902,40.71007,-74.017006,7.701584
903,40.690807,-73.99001,7.4504037
904,40.681625,-74.00046,7.046684
905,40.6978,-73.987854,7.283495
906,40.705185,-74.00789,7.5940347
907,40.69764,-73.98724,7.283495
908,40.685394,-73.982315,8.003737
909,40.692986,-73.99978,6.632648
910,40.677223,-73.98109,7.9013476
911,40.756485,-73.793205,5.983619
912,40.738663,-73.79677,5.6721616
913,40.73361,-73.815834,5.651842
914,40.73198,-73.819084,5.662543
915,40.73129,-73.85773,6.00597
916,40.725906,-73.85755,6.0037036
917,40.73657,-73.87063,6.169711
918,40.725418,-73.85348,5.983498
919,40.730015,-73.857254,5.9601865
920,40.76634,-73.82599,6.662858
921,40.772907,-73.80872,5.876878
922,40.76855,-73.815834,6.229652
923,40.728867,-73.81662,5.663043
924,40.76108,-73.83315,7.5062118
925,40.73842,-73.859505,6.0912986
926,40.75495,-73.8245,6.2520604
927,40.764835,-73.878525,6.1612515
928,40.7308,-73.84905,5.857044
929,40.77266,-73.80013,5.6463423
930,40.72691,-73.825516,5.641206
931,40.660446,-73.99239,6.7352715
932,40.649364,-73.97459,6.1919184
933,40.668438,-73.9908,7.5027666
934,40.669548,-73.991776,7.5027666
935,40.66769,-73.98525,7.3004284
936,40.669315,-73.976654,6.6593904
937,40.671272,-73.99291,7.5901747
938,40.668438,-73.9908,7.5027666
939,40.65456,-73.97435,6.185999
940,40.64983,-74.003494,6.92874
941,40.660915,-73.99224,6.7352715
942,40.649048,-73.97949,6.189892
943,40.649048,-73.97949,6.189892
944,40.654846,-74.00184,6.888706
945,40.665615,-73.97953,6.6410747
946,40.651524,-73.977715,6.189892
947,40.664337,-73.99188,7.317958
948,40.649048,-73.97949,6.189892
949,40.64771,-74.01078,7.725098
950,40.6647,-73.98873,7.2867427
951,40.669315,-73.976654,6.6593904
952,40.670174,-73.98013,6.8439384
953,40.661438,-73.98018,6.4770527
954,40.66843,-73.977394,6.6593904
955,40.650795,-73.97436,6.2366867
956,40.648914,-73.980194,6.189892
957,40.64183,-73.982254,6.531537
958,40.64476,-74.00416,6.6850953
959,40.64329,-73.97689,6.3357854
960,40.646027,-73.98149,6.194784
961,40.629612,-74.01263,6.8435297
962,40.630123,-73.99201,6.3275256
963,40.63034,-73.98656,6.199683
964,40.62889,-74.00367,6.441695
965,40.631138,-73.98945,6.20748
966,40.636066,-73.99338,6.367809
967,40.637783,-74.01985,7.2800894
968,40.6431,-73.97716,6.3357854
969,40.643295,-73.9769,6.3357854
970,40.62222,-74.01995,6.454098
971,40.624863,-73.990845,6.528981
972,40.63967,-73.99482,6.3931007
973,40.638393,-73.99363,6.367809
974,40.644913,-73.97372,6.3785577
975,40.630104,-74.009445,6.729428
976,40.62532,-74.01666,6.50292
977,40.628967,-73.99165,6.4796424
978,40.641598,-73.99197,6.3931007
979,40.78047,-73.98644,6.724884
980,40.786583,-73.97902,6.7527113
981,40.734394,-74.00063,10.036291
982,40.74581,-73.99913,10.329213
983,40.737705,-74.005035,9.133578
984,40.742023,-73.98616,10.498779
985,40.790844,-73.97494,6.630968
986,40.764458,-73.97635,8.935876
987,40.743164,-73.99576,10.982196
988,40.774673,-73.982635,7.389623
989,40.78074,-73.98511,6.724884
990,40.750034,-73.9834,11.045752
991,40.777187,-73.98727,6.7082715
992,40.78675,-73.975296,6.7417526
993,40.736477,-73.99797,10.760889
994,40.745476,-73.98838,11.079433
995,40.74541,-73.97799,9.307276
996,40.779335,-73.98066,6.8393893
997,40.76409,-73.99538,8.862348
998,40.748493,-73.97854,9.715225
999,40.744984,-74.00692,7.8507404
1000,40.777687,-73.97673,6.7970057
1001,40.765575,-73.97865,8.577563
1002,40.738487,-73.98003,8.525604
1003,40.776608,-73.987785,6.7082715
1004,40.7462,-73.97853,9.307276
1005,40.788895,-73.97862,6.693598
1006,40.738907,-74.001144,9.9754715
1007,40.781048,-73.98082,6.8076525
1008,40.776104,-73.98209,6.828746
1009,40.647915,-74.08527,6.481368
1010,40.64696,-74.08317,6.358012
1011,40.647907,-74.085266,6.481368
1012,40.647907,-74.085266,6.481368
1013,40.647907,-74.085266,6.481368
1014,40.647907,-74.085266,6.481368
1015,40.647915,-74.08528,6.481368
1016,40.647907,-74.085266,6.481368
1017,40.647907,-74.085266,6.481368
1018,40.622097,-74.163284,6.135211
1019,40.63998,-74.166954,6.230529
1020,40.64051,-74.16877,6.230529
1021,40.639843,-74.16938,6.230529
1022,40.629154,-74.1625,6.316116
1023,40.629654,-74.162445,6.2902584
1024,40.62353,-74.166534,6.2259803
1025,40.640564,-74.16903,6.230529
1026,40.622097,-74.163284,6.135211
1027,40.622097,-74.163284,6.135211
1028,40.637028,-74.16268,6.2382555
1029,40.63567,-74.16689,6.258827
1030,40.627693,-74.17901,6.3815265
1031,40.635033,-74.16957,6.258827
1032,40.624413,-74.110344,6.140167
1033,40.63324,-74.09645,6.139057
1034,40.624718,-74.09115,6.28568
1035,40.641068,-74.112526,6.187473
1036,40.629456,-74.10231,6.1295257
1037,40.641518,-74.09636,6.1735077
1038,40.64397,-74.083305,6.416312
1039,40.63153,-74.085625,6.2851734
1040,40.62573,-74.09083,6.28568
1041,40.631866,-74.10991,6.337823
1042,40.631523,-74.085625,6.2851734
1043,40.624706,-74.10471,6.1229596
1044,40.63894,-74.08247,6.3388066
1045,40.639572,-74.09087,6.39599
1046,40.630127,-74.08536,6.2851734
1047,40.64485,-74.07879,6.416312
1048,40.639385,-74.1103,6.187473
1049,40.637386,-74.09306,6.1535993
1050,40.62327,-74.09185,6.1082363
1051,40.645756,-74.08918,6.4563484
1052,40.566246,-74.1391,5.7442317
1053,40.555195,-74.132095,5.688125
1054,40.568058,-74.129074,5.7677026
1055,40.56971,-74.13937,5.7627854
1056,40.557358,-74.14503,5.7461495
1057,40.558712,-74.15151,5.7582626
1058,40.568527,-74.132545,5.7621517
1059,40.55998,-74.11984,5.689716
1060,40.54629,-74.1399,5.6869025
1061,40.548077,-74.15657,5.8519754
1062,40.565697,-74.13991,5.7442317
1063,40.556347,-74.141685,5.7067757
1064,40.554012,-74.14614,5.7839656
1065,40.56526,-74.122185,5.7564006
1066,40.56143,-74.16023,5.7561636
1067,40.63278,-74.032265,6.4097233
1068,40.635674,-74.026695,6.688158
1069,40.627884,-74.0339,6.6740866
1070,40.62955,-74.0321,6.6740866
1071,40.635674,-74.026695,6.688158
1072,40.63707,-74.027695,7.0391355
1073,40.622948,-74.03037,6.581318
1074,40.628986,-74.02975,6.7921576
1075,40.631386,-74.03768,6.1667795
1076,40.634895,-74.036385,6.2599683
1077,40.63783,-74.03374,6.399238
1078,40.63566,-74.02936,6.5417314
1079,40.635376,-74.03574,6.2599683
1080,40.621872,-74.02337,6.454098
1081,40.63364,-74.0302,6.5417314
1082,40.638058,-74.03583,6.2186484
1083,40.628986,-74.02975,6.7921576
1084,40.625977,-74.03231,6.6620383
1085,40.636276,-74.03643,6.2186484
1086,40.62769,-74.02369,6.7744923
1087,40.63693,-74.03163,6.399238
1088,40.625977,-74.03231,6.6620383
1089,40.632427,-74.03241,6.547369
1090,40.63224,-74.030045,6.6239734
1091,40.632214,-74.03219,6.547369
1092,40.63566,-74.02936,6.5417314
1093,40.632214,-74.03219,6.547369
1094,40.623104,-74.04032,6.2988605
1095,40.626377,-74.02258,6.7161636
1096,40.62755,-74.035805,6.381971
1097,40.60714,-73.98574,6.075007
1098,40.62132,-74.01479,6.1034846
1099,40.611076,-74.00954,6.0329022
1100,40.61152,-73.97424,6.384732
1101,40.607983,-73.97811,6.1174655
1102,40.60481,-73.991974,6.2500443
1103,40.5982,-73.9959,6.071611
1104,40.60969,-74.00743,6.1468277
1105,40.60272,-74.0126,5.8574233
1106,40.61492,-74.01257,5.9724874
1107,40.59642,-73.9866,5.9584255
1108,40.609932,-74.01064,6.0451097
1109,40.61711,-73.98627,6.264184
1110,40.59901,-73.993996,6.071611
1111,40.602345,-74.01015,5.984758
1112,40.610443,-73.97789,6.1174655
1113,40.60481,-73.991974,6.2500443
1114,40.600193,-73.99357,6.071611
1115,40.54556,-74.15357,5.878508
1116,40.545467,-74.15776,5.8083224
1117,40.542053,-74.14832,5.8157144
1118,40.538578,-74.14279,5.6936555
1119,40.545467,-74.15776,5.8083224
1120,40.54478,-74.14142,5.6869025
1121,40.54294,-74.14706,5.762139
1122,40.53905,-74.150604,5.709061
1123,40.532482,-74.152306,5.646472
1124,40.545475,-74.157776,5.8083224
1125,40.538452,-74.14776,5.700487
1126,40.543972,-74.14846,5.8157144
1127,40.5446,-74.15446,5.884814
1128,40.536015,-74.15399,5.6727486
1129,40.545723,-74.15565,5.884814
1130,40.545097,-74.15536,5.884814
1131,40.54396,-74.158745,5.7612185
1132,40.544147,-74.14936,5.8157144
1133,40.542854,-74.143425,5.711959
1134,40.54453,-74.14494,5.814899
1135,40.538578,-74.14279,5.6936555
1136,40.53417,-74.15755,5.640658
1137,40.544933,-74.14517,5.814899
1138,40.543938,-74.14977,5.8157144
1139,40.544186,-74.1497,5.8157144
1140,40.53857,-74.14278,5.6936555
1141,40.53949,-74.153885,5.7494707
1142,40.5441,-74.15551,5.8472714
1143,40.53982,-74.15245,5.7494707
1144,40.539955,-74.15819,5.7517376
1145,40.53927,-74.14557,5.700487
1146,40.54407,-74.15761,5.7612185
1147,40.593502,-74.065865,6.0063605
1148,40.59416,-74.06414,6.0063605
1149,40.593754,-74.06437,6.0063605
1150,40.594658,-74.06538,6.0063605
1151,40.595478,-74.06615,6.0183234
1152,40.596123,-74.065575,6.018554
1153,40.591373,-74.06583,5.973307
1154,40.59472,-74.06412,6.0063605
1155,40.594654,-74.065384,6.0063605
1156,40.595165,-74.064514,6.018554
1157,40.59453,-74.06451,6.0063605
1158,40.594425,-74.06389,6.0063605
1159,40.592125,-74.06724,6.005348
1160,40.590992,-74.066284,5.9658256
1161,40.596195,-74.06429,6.018554
1162,40.591927,-74.06706,6.005348
1163,40.59493,-74.06565,6.018554
1164,40.594555,-74.06369,6.0063605
1165,40.593266,-74.066956,6.005348
1166,40.59316,-74.06631,6.005348
1167,40.59247,-74.06546,6.0063605
1168,40.596245,-74.066734,6.0183234
1169,40.574043,-74.090004,5.7794094
1170,40.595448,-74.08486,5.968427
1171,40.58208,-74.100655,5.938814
1172,40.57712,-74.09568,5.8893833
1173,40.57972,-74.08494,5.8195
1174,40.59251,-74.09289,5.9975657
1175,40.58712,-74.095436,6.002999
1176,40.57916,-74.099106,5.938814
1177,40.573696,-74.09918,5.89183
1178,40.584984,-74.10731,5.913703
1179,40.587887,-74.08713,5.9467816
1180,40.574715,-74.10155,5.9326234
1181,40.591843,-74.07205,5.9982023
1182,40.58479,-74.101036,5.964615
1183,40.595074,-74.097176,5.9574018
1184,40.583008,-74.09485,5.954638
1185,40.57604,-74.09477,5.8893833
1186,40.57907,-74.1079,5.9712625
1187,40.590137,-74.0734,5.8861747
1188,40.574055,-74.09687,5.8587923
1189,40.574127,-74.09675,5.8587923
1190,40.59507,-74.071625,6.0137606
1191,40.57972,-74.08494,5.8195
1192,40.585037,-74.09693,5.954638
1193,40.514473,-74.19559,5.529052
1194,40.508823,-74.24208,5.5725718
1195,40.506226,-74.23123,5.5062
1196,40.51936,-74.195045,5.5630994
1197,40.50219,-74.23908,5.4967833
1198,40.510384,-74.24647,5.6120563
1199,40.513454,-74.195145,5.525901
1200,40.5117,-74.22535,5.549216
1201,40.51933,-74.195114,5.5630994
1202,40.5192,-74.20821,5.593739
1203,40.50909,-74.23696,5.5649385
1204,40.508667,-74.246475,5.5869846
1205,40.514263,-74.24113,6.6949
1206,40.50473,-74.22973,5.5046616
1207,40.508053,-74.2422,5.5725718
1208,40.508083,-74.245346,5.5816975
1209,40.507397,-74.25274,5.5707407
1210,40.510437,-74.23944,5.656648
1211,40.51919,-74.2082,5.593739
1212,40.518505,-74.20429,5.554259
1213,40.500473,-74.23689,5.4967833
1214,40.508,-74.22409,5.5165815
1215,40.515865,-74.231476,6.471058
1216,40.505646,-74.24601,5.5599146
1217,40.5021,-74.24866,5.5247874
1218,40.50474,-74.23966,5.5491962
1219,40.510086,-74.248795,5.6120563
1220,40.510204,-74.242,5.647493
1221,40.504944,-74.23007,5.5062
1222,40.51391,-74.23215,6.471058
1223,40.5031,-74.24326,5.518089
1224,40.509197,-74.229256,5.5165815
1225,40.510815,-74.242226,5.647493
1226,40.511864,-74.24343,5.615044
1227,40.505108,-74.223495,5.5011396
1228,40.501232,-74.23913,5.4967833
1229,40.51243,-74.24828,5.6120563
1230,40.512653,-74.23998,5.647493
1231,40.505077,-74.22355,5.5011396
1232,40.617558,-74.11582,6.015197
1233,40.618134,-74.130295,6.1606774
1234,40.60754,-74.15096,5.998109
1235,40.601303,-74.155655,5.9662933
1236,40.600742,-74.13206,5.913917
1237,40.614098,-74.13568,6.041612
1238,40.61741,-74.14751,6.164045
1239,40.616512,-74.12856,6.110375
1240,40.609554,-74.13536,6.033422
1241,40.603985,-74.12301,5.951583
1242,40.617867,-74.138,6.1423454
1243,40.611633,-74.14735,5.982379
1244,40.61475,-74.1173,6.043823
1245,40.615673,-74.14307,6.0343747
1246,40.60729,-74.13158,6.0504103
1247,40.60112,-74.13652,5.905797
1248,40.610096,-74.13208,6.0766053
1249,40.615753,-74.137344,6.041612
1250,40.61144,-74.135414,6.013929
1251,40.60075,-74.132065,5.913917
1252,40.61507,-74.154434,6.048745
1253,40.600426,-74.123085,5.915847
1254,40.611412,-74.1339,6.0431924
1255,40.60255,-74.13265,5.9165306
1256,40.602047,-74.12183,5.939024
1257,40.604652,-74.15989,6.0489063
1258,40.60406,-74.13505,5.9165306
1259,40.618378,-74.127556,6.1529613
1260,40.601635,-74.13614,5.914992
1261,40.61249,-74.13396,6.0431924
1262,40.60195,-74.1288,5.953208
1263,40.5807,-74.13222,5.8017344
1264,40.575134,-74.12398,5.850123
1265,40.571064,-74.13791,5.7627854
1266,40.58657,-74.14802,5.8108225
1267,40.5886,-74.15081,5.836958
1268,40.571423,-74.12343,5.8530946
1269,40.590584,-74.14814,5.836958
1270,40.57348,-74.125565,5.850123
1271,40.58046,-74.15692,5.856049
1272,40.59468,-74.1602,5.906216
1273,40.58857,-74.1547,5.8830585
1274,40.579292,-74.11968,5.8741126
1275,40.591076,-74.15936,5.8969455
1276,40.577465,-74.116135,5.961352
1277,40.57725,-74.136955,5.789154
1278,40.59468,-74.1602,5.906216
1279,40.59468,-74.1602,5.906216
1280,40.577602,-74.131035,5.7946696
1281,40.581097,-74.16112,5.8920927
1282,40.590584,-74.14814,5.836958
1283,40.583008,-74.15805,5.9151087
1284,40.583008,-74.15805,5.9151087
1285,40.589554,-74.15091,5.836958
1286,40.592014,-74.15168,5.861487
1287,40.583748,-74.15948,5.9151087
1288,40.59565,-74.15924,5.9190493
1289,40.575314,-74.130264,5.7917204
1290,40.59201,-74.15167,5.861487
1291,40.571594,-74.13701,5.7627854
1292,40.583,-74.15804,5.9151087
1293,40.57124,-74.126915,5.8215604
1294,40.573914,-74.11857,5.9351296
1295,40.59306,-74.15966,5.906216
1296,40.58076,-74.154945,5.856049
1297,40.583,-74.15804,5.9151087
1298,40.70923,-73.96929,6.914116
1299,40.7195,-73.941414,6.9888663
1300,40.708225,-73.94399,7.5086226
1301,40.716602,-73.953224,7.8740187
1302,40.712177,-73.96245,7.424822
1303,40.70989,-73.964195,7.1263757
1304,40.71592,-73.94577,7.1771483
1305,40.706985,-73.96513,6.840041
1306,40.70923,-73.96929,6.914116
1307,40.72054,-73.95593,8.001259
1308,40.698914,-73.95986,7.603869
1309,40.71574,-73.93935,7.2474976
1310,40.7078,-73.96163,6.9464645
1311,40.71187,-73.951805,7.4354486
1312,40.72146,-73.94854,7.4758763
1313,40.710854,-73.94963,7.2694473
1314,40.698048,-73.93455,7.262197
1315,40.71117,-73.94629,7.1965413
1316,40.71815,-73.94933,7.5491347
1317,40.69886,-73.95616,7.662089
1318,40.69886,-73.95616,7.662089
1319,40.69888,-73.95861,7.662089
1320,40.70997,-73.963326,7.1263757
1321,40.72163,-73.91226,8.34826
1322,40.69919,-73.91659,7.1166487
1323,40.706608,-73.90839,6.6290197
1324,40.717327,-73.89205,5.9627795
1325,40.7158,-73.883255,5.822847
1326,40.71351,-73.88146,6.043996
1327,40.718456,-73.90664,7.882935
1328,40.72144,-73.90555,7.6443534
1329,40.72114,-73.899475,6.4882193
1330,40.72173,-73.88726,6.1192956
1331,40.699043,-73.91233,6.883803
1332,40.71603,-73.88505,5.822847
1333,40.71754,-73.887566,5.872835
1334,40.71376,-73.88014,6.043996
1335,40.72173,-73.88726,6.1192956
1336,40.713223,-73.91459,7.9368205
1337,40.71551,-73.882385,5.8410096
1338,40.718548,-73.89888,6.4469543
1339,40.71982,-73.887184,5.8749886
1340,40.71403,-73.886665,6.112866
1341,40.70373,-73.89981,6.6771855
1342,40.713448,-73.88659,6.112866
1343,40.700146,-73.88136,6.1378813
1344,40.697964,-73.90031,6.9527874
1345,40.705444,-73.91765,7.7371516
1346,40.705402,-73.91758,7.268317
1347,40.70107,-73.923004,7.5275493
1348,40.71466,-73.911575,7.5523257
1349,40.71966,-73.892494,6.0474167
1350,40.711613,-73.79335,5.980611
1351,40.707436,-73.818535,5.959486
1352,40.70125,-73.80981,6.659224
1353,40.719906,-73.81408,5.659878
1354,40.721703,-73.81606,5.674377
1355,40.710114,-73.78893,5.982911
1356,40.705177,-73.83225,6.0472445
1357,40.71266,-73.81582,5.7178307
1358,40.718506,-73.81097,5.662484
1359,40.719517,-73.80103,5.5827656
1360,40.706272,-73.825836,5.8956347
1361,40.71932,-73.81903,5.636808
1362,40.707436,-73.818535,5.959486
1363,40.7184,-73.8109,5.662484
1364,40.719925,-73.824135,5.6389723
1365,40.715786,-73.83176,5.762118
1366,40.720688,-73.82261,5.6389723
1367,40.7184,-73.8109,5.662484
1368,40.718452,-73.81778,5.636808
1369,40.70028,-73.79244,6.1332216
1370,40.709606,-73.81653,5.8487616
1371,40.70521,-73.79046,6.082451
1372,40.71102,-73.81464,5.8487616
1373,40.70723,-73.83234,5.842882
1374,40.71264,-73.82822,5.7217946
1375,40.720436,-73.82221,5.6389723
1376,40.718452,-73.81778,5.636808
1377,40.689507,-73.82222,5.862994
1378,40.692863,-73.78958,5.6556234
1379,40.69301,-73.82495,6.290397
1380,40.678505,-73.83023,5.7081394
1381,40.679806,-73.82375,5.6251264
1382,40.672016,-73.807076,5.703128
1383,40.67586,-73.80518,5.604194
1384,40.690235,-73.796265,5.7332387
1385,40.688065,-73.792175,5.693057
1386,40.679832,-73.78987,5.676086
1387,40.692284,-73.80731,5.923215
1388,40.686893,-73.79728,5.693057
1389,40.687515,-73.8096,5.709885
1390,40.671974,-73.80763,5.694512
1391,40.687878,-73.81831,5.860719
1392,40.695152,-73.79244,5.7395205
1393,40.680016,-73.823006,5.6251264
1394,40.69404,-73.78978,5.6556234
1395,40.68597,-73.824036,5.787462
1396,40.68169,-73.78851,5.629331
1397,40.6799,-73.789894,5.676086
1398,40.675674,-73.82243,5.5709944
1399,40.682415,-73.8071,5.485381
1400,40.677254,-73.81473,5.5659747
1401,40.675674,-73.79272,5.707746
1402,40.68442,-73.79441,5.6594014
1403,40.68092,-73.78852,5.629331
1404,40.68801,-73.78672,5.6804056
1405,40.68537,-73.815285,5.6878085
1406,40.69408,-73.79901,5.9745746
1407,40.684566,-73.79453,5.6594014
1408,40.685543,-73.818214,5.7331367
1409,40.72159,-73.846115,5.9751034
1410,40.704582,-73.83265,5.974749
1411,40.71283,-73.834656,5.8080125
1412,40.718723,-73.85467,5.9386773
1413,40.72002,-73.84026,5.9369397
1414,40.718918,-73.83648,5.891443
1415,40.718678,-73.86016,5.915835
1416,40.712936,-73.83435,5.8080125
1417,40.716488,-73.85723,5.848868
1418,40.71735,-73.8409,5.968472
1419,40.71858,-73.838615,5.891443
1420,40.721783,-73.85539,5.999355
1421,40.721924,-73.84077,5.919018
1422,40.7207,-73.83793,5.891443
1423,40.719296,-73.841515,5.9369397
1424,40.720043,-73.839905,5.9369397
1425,40.718723,-73.83912,5.9369397
1426,40.70908,-73.835884,5.8141656
1427,40.709534,-73.8512,5.7627783
1428,40.719513,-73.83883,5.9369397
1429,40.719543,-73.87039,5.838133
1430,40.666412,-73.84813,5.585432
1431,40.660862,-73.84719,5.583008
1432,40.665855,-73.84356,5.5888977
1433,40.654274,-73.85,5.488848
1434,40.65962,-73.84578,5.583008
1435,40.667995,-73.84934,5.588232
1436,40.66767,-73.82566,5.502242
1437,40.669807,-73.79138,5.7239165
1438,40.671204,-73.7892,6.097853
1439,40.6689,-73.82722,5.509027
1440,40.67091,-73.79111,6.097853
1441,40.655216,-73.829544,5.5305886
1442,40.667717,-73.80776,5.9376025
1443,40.661247,-73.83174,5.478369
1444,40.67088,-73.80358,5.6780767
1445,40.6598,-73.83234,5.508214
1446,40.669514,-73.80356,5.7134495
1447,40.66816,-73.802345,5.7134495
1448,40.670193,-73.82392,5.502242
1449,40.6689,-73.80514,5.897393
1450,40.668304,-73.804955,5.897393
1451,40.67139,-73.80267,5.6780767
1452,40.651424,-73.82991,5.5422077
1453,40.668575,-73.80034,5.640844
1454,40.670803,-73.82228,5.5378203
1455,40.67012,-73.799194,5.640844
1456,40.67073,-73.80645,5.703128
1457,40.668102,-73.79045,6.1447387
1458,40.670956,-73.824646,5.5378203
1459,40.671494,-73.82159,5.5378203
1460,40.671337,-73.81466,5.6115584
1461,40.665318,-73.812836,5.9326158
1462,40.67165,-73.79247,5.7539873
1463,40.66732,-73.792656,5.5899982
1464,40.67142,-73.81415,5.6115584
1465,40.670883,-73.82414,5.5378203
1466,40.570183,-73.862816,5.238708
1467,40.57011,-73.86385,5.238708
1468,40.56813,-73.86369,5.2307253
1469,40.570732,-73.86154,5.238708
1470,40.57094,-73.86166,5.238708
1471,40.570957,-73.86167,5.238708
1472,40.55758,-73.92007,5.331282
1473,40.561386,-73.9152,5.3310823
1474,40.555397,-73.92513,5.337967
1475,40.557926,-73.91841,5.331282
1476,40.556873,-73.92912,5.344921
1477,40.559948,-73.92245,5.3393803
1478,40.563683,-73.91173,5.329662
1479,40.5558,-73.92955,5.344921
1480,40.5677,-73.8925,
1481,40.56193,-73.91248,5.323711
1482,40.561375,-73.91283,5.323711
1483,40.55782,-73.92424,5.3458405
1484,40.554367,-73.928795,5.344921
1485,40.555485,-73.92518,5.337967
1486,40.561993,-73.91262,5.323711
1487,40.555176,-73.92602,5.337967
1488,40.562138,-73.9126,5.323711
1489,40.557163,-73.910736,5.306898
1490,40.567383,-73.88862,5.303005
1491,40.558018,-73.9189,5.331282
1492,40.560204,-73.914825,5.3310823
1493,40.554478,-73.92786,5.344921
1494,40.557156,-73.91546,5.3230677
1495,40.557194,-73.92608,5.3458405
1496,40.55482,-73.92694,5.337967
1497,40.56744,-73.893295,
1498,40.560318,-73.91281,5.323711
1499,40.558456,-73.916756,5.3230677
1500,40.55951,-73.91479,5.3230677
1501,40.556007,-73.92866,5.344921
1502,40.562737,-73.91128,5.3156023
1503,40.561844,-73.912636,5.323711
1504,40.55802,-73.9189,5.331282
1505,40.55636,-73.92536,5.337967
1506,40.557343,-73.92014,5.331282
1507,40.556915,-73.9213,5.329684
1508,40.5639,-73.91252,5.329662
1509,40.55542,-73.92514,5.337967
1510,40.55736,-73.924385,5.3458405
1511,40.55803,-73.92148,5.3393803
1512,40.644665,-73.86823,5.5234165
1513,40.644665,-73.86823,5.5234165
1514,40.644665,-73.86823,5.5234165
1515,40.644665,-73.86823,5.5234165
1516,40.644665,-73.86823,5.5234165
1517,40.644665,-73.86823,5.5234165
1518,40.644665,-73.86823,5.5234165
1519,40.644665,-73.86823,5.5234165
1520,40.644665,-73.86823,5.5234165
1521,40.644665,-73.86823,5.5234165
1522,40.644665,-73.86823,5.5234165
1523,40.576225,-73.84064,5.308417
1524,40.575706,-73.8521,5.2543
1525,40.575653,-73.842766,5.2908473
1526,40.575474,-73.84216,5.2908473
1527,40.57564,-73.843445,5.2908473
1528,40.588184,-73.80533,5.3306785
1529,40.59151,-73.80221,5.348857
1530,40.57497,-73.86288,5.24844
1531,40.578423,-73.83689,5.294346
1532,40.604202,-73.819954,5.2247124
1533,40.576656,-73.840065,5.308417
1534,40.594784,-73.795654,5.215991
1535,40.60537,-73.8214,5.23655
1536,40.58096,-73.84643,5.303405
1537,40.602962,-73.81998,5.2247124
1538,40.590107,-73.812614,5.413348
1539,40.605843,-73.82079,5.23655
1540,40.584686,-73.81385,5.5316324
1541,40.605827,-73.820694,5.23655
1542,40.579643,-73.85279,5.2751093
1543,40.596916,-73.79524,5.2657733
1544,40.584686,-73.81385,5.5316324
1545,40.58824,-73.816414,5.529631
1546,40.57567,-73.85404,5.2543
1547,40.59697,-73.79488,5.2657733
1548,40.57567,-73.85404,5.2543
1549,40.574615,-73.85343,5.2543
1550,40.589703,-73.80682,5.374941
1551,40.575653,-73.842766,5.2908473
1552,40.596973,-73.79668,5.2657733
1553,40.578148,-73.850945,5.2907176
1554,40.88042,-73.83612,6.228368
1555,40.88735,-73.80929,5.752569
1556,40.888557,-73.84901,6.114941
1557,40.87733,-73.85494,6.1031017
1558,40.89945,-73.849686,6.262995
1559,40.885715,-73.82545,6.1920247
1560,40.887264,-73.80934,5.752569
1561,40.892174,-73.8459,6.0634484
1562,40.90562,-73.85243,6.5591593
1563,40.89913,-73.86256,6.3021708
1564,40.899536,-73.87022,6.1002645
1565,40.881256,-73.841125,6.1930003
1566,40.894558,-73.85502,6.2299223
1567,40.900238,-73.856094,6.3290997
1568,40.88047,-73.844894,6.158177
1569,40.88362,-73.839165,6.1255283
1570,40.89963,-73.84729,6.1445913
1571,40.887806,-73.85067,6.0919533
1572,40.890884,-73.83749,6.0913587
1573,40.875732,-73.85384,6.0812154
1574,40.88934,-73.839745,5.990947
1575,40.893604,-73.83792,5.998916
1576,40.89473,-73.844,5.9980497
1577,40.88056,-73.87649,6.283301
1578,40.90084,-73.86238,6.3021708
1579,40.89913,-73.86256,6.3021708
1580,40.897575,-73.871895,6.0550847
1581,40.899586,-73.85557,6.3290997
1582,40.896034,-73.84741,6.109678
1583,40.889103,-73.81922,5.9383545
1584,40.89504,-73.84412,5.9980497
1585,40.899364,-73.87169,6.0536704
1586,40.888863,-73.862946,6.1859527
1587,40.892452,-73.84892,6.1395035
1588,40.896988,-73.87028,6.0550847
1589,40.89151,-73.857216,6.1598563
1590,40.88186,-73.84513,6.102564
1591,40.900097,-73.85579,6.3290997
1592,40.899403,-73.86224,6.3021708
1593,40.887447,-73.8628,6.1566925
1594,40.835716,-73.85598,6.7145762
1595,40.84057,-73.85886,6.9113336
1596,40.84222,-73.84779,6.551663
1597,40.838856,-73.82786,5.8679814
1598,40.830376,-73.82908,5.950299
1599,40.84732,-73.79048,5.7057786
1600,40.829826,-73.8788,6.608903
1601,40.853123,-73.85742,6.1118584
1602,40.862045,-73.84512,5.9952803
1603,40.870743,-73.87032,6.391045
1604,40.87294,-73.869026,6.328582
1605,40.871216,-73.8416,6.226397
1606,40.864193,-73.86791,6.214795
1607,40.85335,-73.86551,6.166795
1608,40.836292,-73.856064,6.7145762
1609,40.8591,-73.84112,6.4818263
1610,40.83944,-73.849625,6.7288175
1611,40.853397,-73.86532,6.166795
1612,40.85191,-73.85458,6.1118584
1613,40.864193,-73.86791,6.214795
1614,40.851406,-73.84916,6.2095547
1615,40.829674,-73.814896,5.886579
1616,40.83861,-73.85652,6.894012
1617,40.84687,-73.78689,5.6982985
1618,40.83611,-73.85893,6.8188562
1619,40.828243,-73.82146,5.938581
1620,40.87873,-73.84008,6.227442
1621,40.896572,-73.84763,6.109678
1622,40.879528,-73.87751,6.28428
1623,40.87845,-73.84053,6.227442
1624,40.900227,-73.866585,6.223862
1625,40.886868,-73.861946,6.1566925
1626,40.897648,-73.86473,6.242423
1627,40.892494,-73.840355,5.9605455
1628,40.876198,-73.86045,6.13832
1629,40.89872,-73.873695,6.047369
1630,40.875935,-73.85291,6.1031017
1631,40.891357,-73.849106,6.114941
1632,40.89872,-73.873695,6.047369
1633,40.882168,-73.861755,6.201012
1634,40.897083,-73.873886,6.0431128
1635,40.899757,-73.8636,6.3021708
1636,40.87612,-73.84512,6.117926
1637,40.876003,-73.842125,6.1980486
1638,40.886578,-73.83523,6.2313957
1639,40.88042,-73.83612,6.228368
1640,40.8979,-73.866295,6.223862
1641,40.87955,-73.8487,6.0978217
1642,40.89891,-73.850945,6.262995
1643,40.902946,-73.84462,6.1089463
1644,40.87466,-73.85367,6.0812154
1645,40.893047,-73.839615,5.9605455
1646,40.888885,-73.8467,6.0478625
1647,40.88765,-73.835266,6.2313957
1648,40.874077,-73.85967,6.119353
1649,40.882236,-73.83997,6.1255283
1650,40.898582,-73.84509,6.1445913
1651,40.903564,-73.85342,6.4213424
1652,40.90084,-73.86238,6.3021708
1653,40.902683,-73.86767,6.084482
1654,40.886375,-73.85932,6.151225
1655,40.89099,-73.84799,6.0478625
1656,40.898945,-73.84468,6.026983
1657,40.87553,-73.84481,6.2008276
1658,40.890484,-73.83272,6.165204
1659,40.876713,-73.874054,6.3881683
1660,40.880955,-73.827805,6.1681776
1661,40.90084,-73.86238,6.3021708
1662,40.880898,-73.876274,6.283301
1663,40.881798,-73.850624,6.0978217
1664,40.90084,-73.86238,6.3021708
1665,40.882473,-73.854904,6.132181
1666,40.892258,-73.85955,6.2655773
1667,40.881016,-73.8592,6.186558
1668,40.891197,-73.83986,5.990947
1669,40.88042,-73.83612,6.228368
1670,40.89762,-73.871475,6.0550847
1671,40.894524,-73.84871,6.1395035
1672,40.876713,-73.874054,6.3881683
1673,40.883102,-73.85803,6.182563
1674,40.875183,-73.83633,6.2416472
1675,40.875603,-73.84426,6.2008276
1676,40.90084,-73.86238,6.3021708
1677,40.90589,-73.8465,6.4335437
1678,40.899372,-73.87077,6.0536704
1679,40.88949,-73.84076,5.990947
1680,40.879234,-73.87773,6.28428
1681,40.874275,-73.87599,6.418386
1682,40.879227,-73.87766,6.28428
1683,40.88042,-73.83612,6.228368
1684,40.886475,-73.85073,6.0919533
1685,40.880898,-73.876274,6.283301
1686,40.888737,-73.85112,6.114941
1687,40.878155,-73.87141,6.361402
1688,40.87642,-73.87505,6.3881683
1689,40.897854,-73.862885,6.3021708
1690,40.87642,-73.87505,6.3881683
1691,40.879227,-73.87766,6.28428
1692,40.88056,-73.87649,6.283301
1693,40.8807,-73.85302,6.130721
1694,40.879044,-73.846146,6.102564
1695,40.877056,-73.8421,6.1980486
1696,40.89032,-73.82997,6.1874075
1697,40.897854,-73.862885,6.3021708
1698,40.904636,-73.89817,6.2367167
1699,40.88558,-73.908325,6.348988
1700,40.889927,-73.91102,6.292666
1701,40.879013,-73.91611,6.384371
1702,40.88761,-73.90997,6.348988
1703,40.885117,-73.91075,6.4726386
1704,40.88908,-73.90329,6.371512
1705,40.885117,-73.91075,6.4726386
1706,40.874893,-73.90418,6.4260354
1707,40.8924,-73.9091,6.24985
1708,40.88761,-73.90997,6.348988
1709,40.8856,-73.9083,6.348988
1710,40.876762,-73.91773,6.310667
1711,40.889904,-73.917305,6.2585154
1712,40.909164,-73.9056,6.286585
1713,40.88018,-73.91693,6.384371
1714,40.906563,-73.90659,6.2873473
1715,40.90561,-73.9055,6.2873473
1716,40.878246,-73.91704,6.3868427
1717,40.882572,-73.91713,6.3704305
1718,40.883102,-73.92104,6.232294
1719,40.885117,-73.91075,6.4726386
1720,40.879013,-73.91611,6.384371
1721,40.874893,-73.90418,6.4260354
1722,40.90821,-73.905495,6.286585
1723,40.889603,-73.9174,6.2585154
1724,40.886448,-73.91161,6.348988
1725,40.911983,-73.902,6.28717
1726,40.893456,-73.84419,5.9820633
1727,40.89142,-73.83797,6.0913587
1728,40.88019,-73.85529,6.130721
1729,40.876495,-73.861275,6.194877
1730,40.88042,-73.83612,6.228368
1731,40.893147,-73.8582,6.2655773
1732,40.89872,-73.873695,6.047369
1733,40.90084,-73.86238,6.3021708
1734,40.87896,-73.87881,6.28428
1735,40.879776,-73.85954,6.186558
1736,40.88042,-73.83612,6.228368
1737,40.888206,-73.85707,6.1324344
1738,40.901585,-73.85701,6.4213424
1739,40.884262,-73.85266,6.132181
1740,40.895187,-73.84199,5.9980497
1741,40.89552,-73.85106,6.20021
1742,40.89913,-73.86256,6.3021708
1743,40.90084,-73.86238,6.3021708
1744,40.904858,-73.854095,6.5591593
1745,40.88042,-73.83612,6.228368
1746,40.888508,-73.84318,5.9825897
1747,40.876915,-73.87437,6.3881683
1748,40.876423,-73.87486,6.3881683
1749,40.897312,-73.849464,6.20021
1750,40.898376,-73.8647,6.223862
1751,40.87632,-73.87499,6.3881683
1752,40.89599,-73.85028,6.20021
1753,40.880165,-73.852715,6.130721
1754,40.89915,-73.87013,6.1002645
1755,40.88747,-73.85758,6.1324344
1756,40.898376,-73.8647,6.223862
1757,40.892963,-73.844475,5.9820633
1758,40.88821,-73.85836,6.151225
1759,40.875202,-73.87875,6.442306
1760,40.87642,-73.87505,6.3881683
1761,40.879436,-73.87753,6.28428
1762,40.899403,-73.86224,6.3021708
1763,40.89179,-73.842575,5.9820633
1764,40.878296,-73.86034,6.13832
1765,40.89913,-73.86256,6.3021708
1766,40.88393,-73.85521,6.132181
1767,40.87585,-73.87658,6.3938184
1768,40.87585,-73.87658,6.3938184
1769,40.898895,-73.8434,6.026983
1770,40.899403,-73.86224,6.3021708
1771,40.90084,-73.86238,6.3021708
1772,40.8818,-73.8567,6.130721
1773,40.90084,-73.86238,6.3021708
1774,40.89913,-73.86256,6.3021708
1775,40.881508,-73.85823,6.186558
1776,40.87585,-73.87658,6.3938184
1777,40.899403,-73.86224,6.3021708
1778,40.876427,-73.87486,6.3881683
1779,40.893227,-73.84982,6.1395035
1780,40.87585,-73.87658,6.3938184
1781,40.8901,-73.848724,6.114941
1782,40.89615,-73.84417,5.9980497
1783,40.878075,-73.85399,6.1031017
1784,40.875774,-73.87684,6.3938184
1785,40.89833,-73.84499,6.026983
1786,40.87932,-73.87766,6.28428
1787,40.88054,-73.855095,6.130721
1788,40.88708,-73.84963,6.0919533
1789,40.876614,-73.860374,6.13832
1790,40.880898,-73.876274,6.283301
1791,40.89913,-73.86256,6.3021708
1792,40.88497,-73.856,6.132181
1793,40.904064,-73.84406,6.1089463
1794,40.899403,-73.86224,6.3021708
1795,40.89913,-73.86256,6.3021708
1796,40.876415,-73.86001,6.13832
1797,40.88056,-73.87649,6.283301
1798,40.876614,-73.860374,6.13832
1799,40.897533,-73.84763,6.109678
1800,40.8882,-73.8599,6.151225
1801,40.90089,-73.84545,6.1445913
1802,40.87501,-73.85748,6.0812154
1803,40.879436,-73.87753,6.28428
1804,40.897793,-73.863365,6.3052297
1805,40.714165,-73.76215,5.496405
1806,40.699024,-73.75848,5.340584
1807,40.683334,-73.72838,5.107605
1808,40.696404,-73.754074,5.3114257
1809,40.892094,-73.85608,6.2299223
1810,40.88103,-73.87584,6.283301
1811,40.901253,-73.86725,6.084482
1812,40.88889,-73.81832,5.9383545
1813,40.892075,-73.84496,5.9820633
1814,40.897205,-73.868904,6.1115956
1815,40.89974,-73.86466,6.223862
1816,40.89872,-73.873695,6.047369
1817,40.88057,-73.85097,6.0978217
1818,40.90004,-73.855835,6.3290997
1819,40.876614,-73.860374,6.13832
1820,40.892605,-73.841,5.9605455
1821,40.899403,-73.86224,6.3021708
1822,40.874992,-73.85472,6.0812154
1823,40.897884,-73.86903,6.1002645
1824,40.874012,-73.84551,6.0998607
1825,40.905777,-73.85337,6.5591593
1826,40.878986,-73.83886,6.1930003
1827,40.886597,-73.85849,6.151225
1828,40.873913,-73.848526,6.0692663
1829,40.89591,-73.84548,6.109678
1830,40.887466,-73.85602,6.1324344
1831,40.880016,-73.85539,6.130721
1832,40.87609,-73.844124,6.1980486
1833,40.90084,-73.86238,6.3021708
1834,40.887157,-73.83051,6.2382774
1835,40.8767,-73.864204,6.2349563
1836,40.879906,-73.8531,6.130721
1837,40.897854,-73.862885,6.3021708
1838,40.888855,-73.83359,6.165204
1839,40.879227,-73.87766,6.28428
1840,40.885162,-73.85035,6.1039524
1841,40.897854,-73.862885,6.3021708
1842,40.89913,-73.86256,6.3021708
1843,40.878345,-73.858154,6.13832
1844,40.88042,-73.83612,6.228368
1845,40.876595,-73.87427,6.3881683
1846,40.885986,-73.86439,6.1574163
1847,40.87559,-73.856,6.0812154
1848,40.8764,-73.86087,6.194877
1849,40.88042,-73.83612,6.228368
1850,40.880898,-73.876274,6.283301
1851,40.904427,-73.84528,6.4335437
1852,40.87492,-73.87398,6.418386
1853,40.89872,-73.873695,6.047369
1854,40.897972,-73.86554,6.223862
1855,40.891373,-73.85739,6.1598563
1856,40.878616,-73.860405,6.13832
1857,40.879524,-73.87751,6.28428
1858,40.891724,-73.84226,5.9820633
1859,40.899857,-73.867905,6.1002645
1860,40.89329,-73.849846,6.1395035
1861,40.88005,-73.86107,6.2068386
1862,40.87934,-73.87768,6.28428
1863,40.848328,-73.896645,6.815641
1864,40.83165,-73.88727,6.584511
1865,40.825283,-73.92548,6.214169
1866,40.829964,-73.896965,6.817984
1867,40.848442,-73.90745,6.335372
1868,40.83015,-73.920135,6.4771667
1869,40.82517,-73.92328,6.2781487
1870,40.835304,-73.91221,6.6719174
1871,40.83464,-73.890816,6.5923605
1872,40.848377,-73.884476,6.4208174
1873,40.848442,-73.90745,6.335372
1874,40.831005,-73.8897,6.7751937
1875,40.83015,-73.920135,6.4771667
1876,40.848007,-73.884346,6.4208174
1877,40.827805,-73.89779,6.795482
1878,40.83015,-73.920135,6.4771667
1879,40.848442,-73.90745,6.335372
1880,40.848442,-73.90745,6.335372
1881,40.827587,-73.90201,6.785307
1882,40.836613,-73.923996,6.444539
1883,40.82517,-73.92328,6.2781487
1884,40.831684,-73.89326,6.6570106
1885,40.844334,-73.8858,6.415285
1886,40.82485,-73.92302,6.2781487
1887,40.82517,-73.92328,6.2781487
1888,40.871983,-73.91628,6.469241
1889,40.869453,-73.90593,6.446996
1890,40.860847,-73.89998,6.6377625
1891,40.868416,-73.889404,6.4976964
1892,40.870476,-73.88281,6.443967
1893,40.868332,-73.883194,6.4022784
1894,40.870155,-73.90095,6.431209
1895,40.864357,-73.900734,6.5716553
1896,40.865128,-73.90682,6.5141044
1897,40.868332,-73.883194,6.4022784
1898,40.86158,-73.90276,6.5168695
1899,40.871094,-73.91527,6.469241
1900,40.86513,-73.90682,6.5141044
1901,40.871094,-73.91527,6.469241
1902,40.868416,-73.889404,6.4976964
1903,40.856667,-73.89168,6.8713326
1904,40.869453,-73.90593,6.446996
1905,40.869453,-73.90593,6.446996
1906,40.86158,-73.90276,6.5168695
1907,40.870564,-73.91661,6.469241
1908,40.851826,-73.9009,6.710319
1909,40.87061,-73.91793,6.4880986
1910,40.8683,-73.922905,6.6432557
1911,40.869453,-73.90593,6.446996
1912,40.87255,-73.9189,6.4880986
1913,40.87168,-73.91782,6.4880986
1914,40.863323,-73.89307,6.6664643
1915,40.872433,-73.91771,6.4880986
1916,40.86158,-73.90276,6.5168695
1917,40.87168,-73.91782,6.4880986
1918,40.872433,-73.91771,6.4880986
1919,40.828613,-73.94714,6.7809854
1920,40.841633,-73.93896,6.7228675
1921,40.83462,-73.94727,6.616542
1922,40.82886,-73.94309,6.792814
1923,40.83244,-73.94259,6.6000113
1924,40.827747,-73.9509,6.8086905
1925,40.833557,-73.94426,6.625573
1926,40.829372,-73.94004,6.7060385
1927,40.83477,-73.94597,6.6061563
1928,40.832806,-73.940216,6.6000113
1929,40.835533,-73.94488,6.6061563
1930,40.83462,-73.94727,6.616542
1931,40.83238,-73.92734,6.299469
1932,40.845646,-73.94174,6.733271
1933,40.83238,-73.92734,6.299469
1934,40.82474,-73.94464,6.941836
1935,40.845646,-73.94174,6.733271
1936,40.83479,-73.94331,6.6061563
1937,40.845646,-73.94174,6.733271
1938,40.82585,-73.94565,6.8712983
1939,40.83518,-73.94693,6.5822926
1940,40.824066,-73.94443,6.941836
1941,40.8475,-73.94017,6.700886
1942,40.831688,-73.93132,6.4010477
1943,40.845646,-73.94174,6.733271
1944,40.824856,-73.95014,6.92673
1945,40.8475,-73.94017,6.700886
1946,40.825264,-73.940956,6.756441
1947,40.83462,-73.94727,6.616542
1948,40.83479,-73.94331,6.6061563
1949,40.835815,-73.9465,6.5822926
1950,40.835316,-73.9465,6.5822926
1951,40.82585,-73.94565,6.8712983
1952,40.828163,-73.94225,6.756441
1953,40.828106,-73.94244,6.756441
1954,40.810688,-73.91038,6.9579196
1955,40.82042,-73.90337,6.500574
1956,40.82039,-73.89416,6.846609
1957,40.80538,-73.92239,6.670787
1958,40.807762,-73.918236,6.6412168
1959,40.818226,-73.90864,6.3277526
1960,40.822433,-73.91177,6.6028123
1961,40.811783,-73.920525,6.4546695
1962,40.813507,-73.88938,7.4304466
1963,40.811333,-73.92355,6.586294
1964,40.821217,-73.90641,6.486711
1965,40.81866,-73.90166,6.682974
1966,40.822433,-73.91177,6.6028123
1967,40.81964,-73.90671,6.486711
1968,40.82038,-73.91097,6.431451
1969,40.811153,-73.92508,6.699508
1970,40.82038,-73.910934,6.431451
1971,40.816406,-73.91052,6.3277526
1972,40.820705,-73.91131,6.431451
1973,40.82038,-73.910934,6.431451
1974,40.818233,-73.903206,6.4995193
1975,40.818233,-73.903206,6.4995193
1976,40.82104,-73.9128,6.431451
1977,40.82031,-73.90662,6.486711
1978,40.81676,-73.91097,6.3277526
1979,40.822433,-73.91177,6.6028123
1980,40.821438,-73.90172,6.5880785
1981,40.815006,-73.92457,6.751317
1982,40.819435,-73.88844,6.9127254
1983,40.820232,-73.91254,6.431451
1984,40.81585,-73.908485,6.3277526
1985,40.81244,-73.91962,6.4546695
1986,40.82038,-73.910934,6.431451
1987,40.819565,-73.90673,6.486711
1988,40.822433,-73.91177,6.6028123
1989,40.67249,-73.97395,6.746066
1990,40.687855,-73.99207,7.360129
1991,40.69431,-73.99574,7.178353
1992,40.687878,-73.994576,7.360129
1993,40.69456,-73.98269,7.435367
1994,40.693474,-73.99189,7.178353
1995,40.681656,-73.980606,7.870384
1996,40.69456,-73.98269,7.435367
1997,40.687878,-73.994576,7.360129
1998,40.693424,-73.982704,7.435367
1999,40.687607,-73.99227,7.360129
2000,40.686394,-73.98076,7.6017942
2001,40.688416,-73.981415,7.6017942
2002,40.697025,-73.992935,7.0125074
2003,40.677395,-73.99223,7.547479
2004,40.672905,-73.986115,7.5116453
2005,40.682034,-73.981926,8.097789
2006,40.68591,-73.98983,7.78696
2007,40.637848,-74.16785,6.2310967
2008,40.62316,-74.163704,6.135211
2009,40.636242,-74.16325,6.2382555
2010,40.638554,-74.16771,6.2310967
2011,40.621567,-74.16652,6.0962143
2012,40.639263,-74.16927,6.230529
2013,40.621567,-74.16652,6.0962143
2014,40.627693,-74.17901,6.3815265
2015,40.62272,-74.16567,6.0962143
2016,40.640015,-74.170654,6.4026046
2017,40.63964,-74.16532,6.230529
2018,40.63682,-74.16475,6.2310967
2019,40.635033,-74.16957,6.258827
2020,40.635117,-74.16915,6.258827
2021,40.627323,-74.16797,6.256967
2022,40.624065,-74.16509,6.2259803
2023,40.637398,-74.17152,6.4091535
2024,40.635696,-74.16217,6.2891297
2025,40.628815,-74.16507,6.256967
2026,40.635033,-74.16957,6.258827
2027,40.628895,-74.16502,6.256967
2028,40.63233,-74.16879,6.2585654
2029,40.635735,-74.16984,6.258827
2030,40.63503,-74.169586,6.258827
2031,40.63054,-74.16565,6.2585654
2032,40.622097,-74.163284,6.135211
2033,40.6246,-74.1657,6.2259803
2034,40.631165,-74.16603,6.2585654
2035,40.623245,-74.166756,6.0962143
2036,40.62924,-74.164665,6.256967
2037,40.639046,-74.1657,6.230529
2038,40.634064,-74.16187,6.2891297
2039,40.638794,-74.16571,6.2310967
2040,40.638435,-74.17153,6.4091535
2041,40.632374,-74.16918,6.2585654
2042,40.635033,-74.16957,6.258827
2043,40.63964,-74.16532,6.230529
2044,40.636833,-74.16575,6.2310967
2045,40.637173,-74.16212,6.2382555
2046,40.64082,-74.16904,6.230529
2047,40.708015,-74.00591,7.9449997
2048,40.70779,-74.013885,7.7665434
2049,40.69764,-73.98724,7.283495
2050,40.70985,-74.01789,7.701584
2051,40.721268,-73.98424,9.365964
2052,40.71271,-73.99553,7.583943
2053,40.69809,-73.9944,7.0125074
2054,40.70828,-74.00683,8.014722
2055,40.700024,-73.9933,6.807798
2056,40.708614,-74.00348,8.316318
2057,40.710457,-73.991234,7.261815
2058,40.717716,-74.002815,8.678355
2059,40.71311,-73.97784,6.4845314
2060,40.706184,-74.01561,7.5398207
2061,40.717445,-73.992966,8.089156
2062,40.70911,-74.00635,8.437635
2063,40.71555,-73.988365,7.888167
2064,40.70808,-74.00747,8.014722
2065,40.719296,-73.98718,9.359896
2066,40.70922,-74.013756,8.023803
2067,40.783356,-73.79357,5.567195
2068,40.774727,-73.79056,5.5684237
2069,40.787476,-73.785805,5.508037
2070,40.780243,-73.80341,5.586479
2071,40.821712,-73.85315,6.087698
2072,40.818336,-73.81281,5.7225423
2073,40.816383,-73.84561,6.438559
2074,40.7953,-73.823715,5.6596227
2075,40.773148,-73.80287,5.7041087
2076,40.81062,-73.85825,6.0218115
2077,40.821598,-73.87332,6.19856
2078,40.785248,-73.85569,6.505032
2079,40.78737,-73.83017,5.8734407
2080,40.776066,-73.79019,5.559303
2081,40.775963,-73.80823,5.572512
2082,40.77334,-73.82618,6.332775
2083,40.77633,-73.7888,5.559303
2084,40.77414,-73.785774,5.5504093
2085,40.79072,-73.80265,5.6073895
2086,40.787075,-73.80492,5.6647387
2087,40.81906,-73.80576,5.663636
2088,40.78725,-73.85052,6.528063
2089,40.793243,-73.79905,5.563107
2090,40.77472,-73.8257,6.332775
2091,40.773808,-73.82612,6.332775
2092,40.766884,-73.83064,7.0093393
2093,40.76121,-73.82312,6.920756
2094,40.762398,-73.82268,6.8578744
2095,40.75483,-73.82674,6.723808
2096,40.753098,-73.82831,6.723808
2097,40.766018,-73.821,6.662858
2098,40.754868,-73.82484,6.2520604
2099,40.755993,-73.8293,7.3452296
2100,40.75503,-73.822624,6.2520604
2101,40.770367,-73.829994,6.7622886
2102,40.754868,-73.82484,6.2520604
2103,40.754868,-73.82484,6.2520604
2104,40.762398,-73.82268,6.8578744
2105,40.764572,-73.82553,6.8578744
2106,40.758392,-73.822975,6.8721657
2107,40.760868,-73.81973,6.8175297
2108,40.75483,-73.82674,6.723808
2109,40.748173,-73.867836,6.77577
2110,40.756332,-73.83261,7.492075
2111,40.768093,-73.87602,6.0719295
2112,40.762638,-73.87525,6.1636214
2113,40.75721,-73.87781,6.3699923
2114,40.75216,-73.87159,6.828044
2115,40.76765,-73.86939,5.988346
2116,40.755917,-73.83696,7.430224
2117,40.755783,-73.876076,6.7757745
2118,40.752785,-73.867065,6.5341506
2119,40.762535,-73.87523,6.1636214
2120,40.76108,-73.83315,7.5062118
2121,40.754017,-73.85434,6.170573
2122,40.754807,-73.877495,6.826924
2123,40.756332,-73.87618,6.387537
2124,40.755234,-73.875984,6.7757745
2125,40.757915,-73.87793,6.3699923
2126,40.763004,-73.87485,6.1636214
2127,40.75836,-73.87156,6.347928
2128,40.7579,-73.834526,7.492075
2129,40.75837,-73.87924,6.3699923
2130,40.764404,-73.86399,5.982704
2131,40.754517,-73.87459,6.7757745
2132,40.733627,-73.859604,6.00597
2133,40.730698,-73.85157,5.857044
2134,40.729107,-73.852585,5.919079
2135,40.723396,-73.84686,5.9751034
2136,40.737473,-73.876205,6.651843
2137,40.72907,-73.86374,6.0506616
2138,40.725418,-73.85348,5.983498
2139,40.730244,-73.85737,5.9601865
2140,40.7306,-73.86668,6.0935216
2141,40.727455,-73.86128,6.0506616
2142,40.735405,-73.85435,5.8209534
2143,40.723568,-73.858215,5.9788523
2144,40.730465,-73.852356,5.919079
2145,40.724686,-73.8486,5.983498
2146,40.724663,-73.85167,5.983498
2147,40.732235,-73.858894,6.00597
2148,40.730408,-73.85683,5.9601865
2149,40.725895,-73.853676,5.983498
2150,40.730015,-73.857254,5.9601865
2151,40.74594,-73.85373,6.1153626
2152,40.72896,-73.866264,6.0709376
2153,40.728935,-73.86221,6.0506616
2154,40.73847,-73.87877,6.788338
2155,40.72335,-73.844864,5.9625907
2156,40.725048,-73.85408,5.983498
2157,40.73443,-73.86622,6.1213098
2158,40.659695,-74.0008,6.9356275
2159,40.666294,-73.99712,7.3573737
2160,40.72386,-73.80274,5.570455
2161,40.741673,-73.82559,5.631093
2162,40.735497,-73.802,5.6174564
2163,40.739647,-73.82798,5.6153502
2164,40.74094,-73.824425,5.631093
2165,40.72797,-73.80985,5.5861473
2166,40.74176,-73.82527,5.631093
2167,40.723732,-73.8063,5.5955276
2168,40.733032,-73.80305,5.5551066
2169,40.73331,-73.8244,5.6470447
2170,40.7341,-73.78831,5.698993
2171,40.72836,-73.829834,5.5980606
2172,40.74626,-73.824005,5.6811304
2173,40.74628,-73.82414,5.6811304
2174,40.72927,-73.81674,5.663043
2175,40.74465,-73.793564,5.5204496
2176,40.73215,-73.786896,5.572698
2177,40.73911,-73.79102,5.6374593
2178,40.72978,-73.80691,5.562635
2179,40.729355,-73.808205,5.5861473
2180,40.739532,-73.79163,5.6721616
2181,40.735474,-73.80109,5.6174564
2182,40.728226,-73.815994,5.6559873
2183,40.737526,-73.80367,5.622855
2184,40.747543,-73.79914,5.487347
2185,40.747684,-73.799286,5.487347
2186,40.73017,-73.821075,5.6495457
2187,40.73532,-73.79929,5.668657
2188,40.726288,-73.79638,5.5318723
2189,40.728695,-73.83085,5.5980606
2190,40.646687,-73.974045,6.2978005
2191,40.64285,-73.993454,6.253238
2192,40.6431,-73.97716,6.3357854
2193,40.641773,-73.97446,6.551799
2194,40.641773,-73.97446,6.551799
2195,40.64293,-73.97471,6.3357854
2196,40.64636,-73.97533,6.252441
2197,40.646687,-73.974045,6.2978005
2198,40.63509,-73.99118,6.2936306
2199,40.6384,-73.981834,6.533495
2200,40.63509,-73.99118,6.2936306
2201,40.63423,-73.97406,6.435188
2202,40.64441,-73.973656,6.3785577
2203,40.64339,-73.97598,6.3357854
2204,40.64339,-73.97599,6.3357854
2205,40.634727,-73.98144,6.4187093
2206,40.64293,-73.97471,6.3357854
2207,40.638393,-73.976166,6.547705
2208,40.64293,-73.97471,6.3357854
2209,40.64293,-73.97471,6.3357854
2210,40.6459,-73.97393,6.2978005
2211,40.6459,-73.97393,6.2978005
2212,40.63534,-73.98554,6.3529677
2213,40.65448,-74.0,6.8299522
2214,40.64733,-74.0054,6.82836
2215,40.65664,-73.999016,6.722287
2216,40.649593,-74.00899,7.4260406
2217,40.64946,-74.00348,6.92874
2218,40.64751,-74.000244,6.5009427
2219,40.653667,-74.00463,7.0798326
2220,40.64742,-74.00034,6.5009427
2221,40.647556,-74.000786,6.5009427
2222,40.65682,-74.00231,6.888706
2223,40.64751,-74.000244,6.5009427
2224,40.648876,-74.0025,6.6598454
2225,40.647243,-74.005264,6.82836
2226,40.655617,-74.0016,6.888706
2227,40.65666,-73.99865,6.722287
2228,40.647243,-74.005264,6.82836
2229,40.647556,-74.000786,6.5009427
2230,40.64751,-74.000244,6.5009427
2231,40.647247,-74.005264,6.82836
2232,40.647243,-74.005264,6.82836
2233,40.6508,-74.0072,7.4260406
2234,40.64742,-74.00034,6.5009427
2235,40.64974,-74.00419,6.92874
2236,40.65448,-74.0,6.8299522
2237,40.658062,-74.00157,6.9356275
2238,40.6506,-74.00931,7.7834044
2239,40.648792,-74.002365,6.6598454
2240,40.648792,-74.002365,6.6598454
2241,40.64703,-74.00074,6.5009427
2242,40.655693,-74.00173,6.888706
2243,40.64772,-74.00084,6.5009427
2244,40.649593,-74.00899,7.4260406
2245,40.649185,-74.00695,7.4260406
2246,40.655643,-74.00164,6.888706
2247,40.634117,-74.020226,6.996028
2248,40.646507,-73.998505,6.2844543
2249,40.636414,-73.99697,6.38842
2250,40.646515,-73.99853,6.2844543
2251,40.646214,-73.99951,6.2844543
2252,40.644543,-74.00439,6.6850953
2253,40.644524,-73.99699,6.33201
2254,40.636158,-74.00955,6.9643564
2255,40.639877,-74.00119,6.457221
2256,40.644238,-74.00365,6.6850953
2257,40.64335,-74.00786,6.961857
2258,40.636604,-74.00576,6.602392
2259,40.646027,-74.00619,7.2524967
2260,40.63809,-74.017975,7.2246947
2261,40.63433,-74.001076,6.536333
2262,40.64618,-73.99951,6.2844543
2263,40.63701,-74.01097,6.9643564
2264,40.63761,-74.01053,6.9643564
2265,40.63622,-74.002686,6.4797306
2266,40.636604,-74.00576,6.602392
2267,40.634777,-74.00776,6.7652955
2268,40.64601,-74.01888,8.389517
2269,40.64618,-73.99951,6.2844543
2270,40.63887,-74.00499,6.602392
2271,40.646214,-73.99951,6.2844543
2272,40.646618,-74.011925,7.725098
2273,40.641163,-74.01672,7.5931683
2274,40.64039,-74.01563,7.5931683
2275,40.637997,-74.009575,6.9643564
2276,40.641163,-74.01672,7.5931683
2277,40.63935,-74.00787,6.8506265
2278,40.642933,-74.007774,6.961857
2279,40.642227,-73.99694,6.33201
2280,40.640198,-74.001724,6.457221
2281,40.642162,-74.00348,6.6261363
2282,40.63116,-74.14874,6.763277
2283,40.623535,-74.13372,6.320911
2284,40.63144,-74.128746,6.5441737
2285,40.63189,-74.12134,6.4888186
2286,40.629932,-74.13648,6.4813185
2287,40.63033,-74.13277,6.4534144
2288,40.624943,-74.130066,6.2873363
2289,40.637917,-74.13542,6.5186944
2290,40.63113,-74.14068,6.4813185
2291,40.627186,-74.144485,6.536927
2292,40.63472,-74.141106,6.5257134
2293,40.62615,-74.1328,6.320911
2294,40.625263,-74.133766,6.320911
2295,40.632874,-74.12087,6.4897604
2296,40.6293,-74.12181,6.442511
2297,40.632244,-74.15439,6.564492
2298,40.623642,-74.15953,6.332855
2299,40.633022,-74.15477,6.5100393
2300,40.62607,-74.124626,6.304741
2301,40.627518,-74.15474,6.5696907
2302,40.627777,-74.13055,6.388765
2303,40.777077,-73.976845,6.7970057
2304,40.782475,-73.97747,6.7827125
2305,40.776104,-73.98209,6.828746
2306,40.791187,-73.97346,6.616536
2307,40.779457,-73.98432,6.724884
2308,40.786583,-73.97902,6.7527113
2309,40.774876,-73.98323,6.828746
2310,40.777077,-73.976845,6.7970057
2311,40.788895,-73.97862,6.693598
2312,40.794502,-73.97603,6.5291553
2313,40.778084,-73.97661,6.8129377
2314,40.782406,-73.97927,6.806988
2315,40.777077,-73.976845,6.7970057
2316,40.777157,-73.98088,6.828746
2317,40.77905,-73.98538,6.724884
2318,40.776546,-73.98598,6.786458
2319,40.776546,-73.98598,6.786458
2320,40.777077,-73.976845,6.7970057
2321,40.783733,-73.97465,6.7827125
2322,40.776104,-73.98209,6.828746
2323,40.796055,-73.973625,6.558801
2324,40.796253,-73.97411,6.558801
2325,40.777157,-73.98088,6.828746
2326,40.777077,-73.976845,6.7970057
2327,40.77476,-73.98408,6.786458
2328,40.77792,-73.97602,6.8129377
2329,40.63014,-74.086105,6.2851734
2330,40.63813,-74.0755,6.367549
2331,40.62435,-74.078476,6.397357
2332,40.631573,-74.08581,6.2851734
2333,40.637997,-74.09157,6.1535993
2334,40.6327,-74.108986,6.337823
2335,40.629856,-74.10437,6.2065763
2336,40.629192,-74.10832,6.2198753
2337,40.635475,-74.08201,6.3569527
2338,40.640263,-74.07419,6.2980275
2339,40.62729,-74.10089,6.1295257
2340,40.63153,-74.08565,6.2851734
2341,40.639263,-74.07406,6.2980275
2342,40.642815,-74.091675,6.440079
2343,40.62636,-74.1038,6.098145
2344,40.64138,-74.08499,6.4126005
2345,40.640144,-74.08394,6.3636637
2346,40.63758,-74.09313,6.1535993
2347,40.63179,-74.085365,6.2851734
2348,40.62165,-74.10719,6.0253167
2349,40.64414,-74.08988,6.478973
2350,40.642277,-74.106895,6.112541
2351,40.637573,-74.093124,6.1535993
2352,40.632767,-74.083595,6.3569527
2353,40.63912,-74.08619,6.4126005
2354,40.640263,-74.074196,6.2980275
2355,40.626343,-74.10458,6.1229596
2356,40.62679,-74.1139,6.352268
2357,40.633484,-74.09031,6.17087
2358,40.645306,-74.08961,6.478973
2359,40.639225,-74.091644,6.315172
2360,40.63849,-74.093575,6.1535993
2361,40.62878,-74.08132,6.451371
2362,40.638115,-74.07395,6.350177
2363,40.638046,-74.10309,6.1682906
2364,40.63479,-74.10197,6.164495
2365,40.632965,-74.10232,6.164495
2366,40.64025,-74.07418,6.2980275
2367,40.637585,-74.080605,6.3388066
2368,40.639843,-74.08078,6.3636637
2369,40.62536,-74.082466,6.457941
2370,40.63785,-74.10396,6.2190323
2371,40.63809,-74.07424,6.350177
2372,40.640568,-74.09423,6.315172
2373,40.6422,-74.11194,6.112758
2374,40.63368,-74.095726,6.139057
2375,40.62716,-74.08137,6.451371
2376,40.634148,-74.0822,6.3569527
2377,40.627422,-74.07636,6.4597993
2378,40.644855,-74.07878,6.416312
2379,40.6433,-74.10794,6.112758
2380,40.642155,-74.1064,6.1537457
2381,40.62311,-74.09028,6.1985235
2382,40.631523,-74.085625,6.2851734
2383,40.62596,-74.10332,6.098145
2384,40.638027,-74.08694,6.293953
2385,40.63804,-74.086876,6.293953
2386,40.641453,-74.087494,6.4126005
2387,40.631805,-74.089325,6.1529503
2388,40.638557,-74.08527,6.293953
2389,40.63064,-74.09966,6.120253
2390,40.62977,-74.08553,6.2851734
2391,40.642376,-74.094345,6.440079
2392,40.627846,-74.108086,6.2198753
2393,40.62367,-74.10911,6.140167
2394,40.62585,-74.08266,6.457941
2395,40.62474,-74.10281,6.098145
2396,40.626102,-74.10067,6.098145
2397,40.636093,-74.07922,6.3388066
2398,40.635307,-74.08906,6.17087
2399,40.634804,-74.08364,6.3569527
2400,40.633736,-74.099724,6.1370125
2401,40.627514,-74.10721,6.2198753
2402,40.627583,-74.07643,6.4597993
2403,40.641518,-74.09636,6.1735077
2404,40.633923,-74.08234,6.3569527
2405,40.631523,-74.085625,6.2851734
2406,40.63153,-74.08565,6.2851734
2407,40.631695,-74.11414,6.4220033
2408,40.631733,-74.106514,6.2065763
2409,40.625065,-74.084435,6.457941
2410,40.631527,-74.08564,6.2851734
2411,40.63889,-74.10909,6.3354263
2412,40.624912,-74.076515,6.397357
2413,40.638733,-74.08682,6.293953
2414,40.64485,-74.07879,6.416312
2415,40.623383,-74.090004,6.28568
2416,40.626507,-74.10311,6.1295257
2417,40.638817,-74.09074,6.216232
2418,40.62464,-74.1084,6.140167
2419,40.638973,-74.073944,6.350177
2420,40.63571,-74.08821,6.17087
2421,40.638973,-74.073944,6.350177
2422,40.640907,-74.10865,6.187473
2423,40.638268,-74.08534,6.293953
2424,40.64195,-74.09492,6.1735077
2425,40.63866,-74.10357,6.1682906
2426,40.643784,-74.08254,6.416312
2427,40.624752,-74.1104,6.140167
2428,40.64412,-74.0886,6.478973
2429,40.63926,-74.07405,6.2980275
2430,40.631573,-74.08581,6.2851734
2431,40.630222,-74.104355,6.2065763
2432,40.62836,-74.112976,6.2198753
2433,40.642715,-74.10922,6.112758
2434,40.633587,-74.10974,6.3625445
2435,40.642467,-74.11235,6.112758
2436,40.628136,-74.1094,6.2198753
2437,40.637863,-74.10644,6.2190323
2438,40.62375,-74.07833,6.397357
2439,40.63959,-74.096825,6.1735077
2440,40.64025,-74.07418,6.2980275
2441,40.6271,-74.10385,6.166206
2442,40.626564,-74.10652,6.166206
2443,40.64019,-74.11046,6.187473
2444,40.624325,-74.10923,6.140167
2445,40.624794,-74.08399,6.457941
2446,40.631218,-74.104126,6.2065763
2447,40.638573,-74.087746,6.293953
2448,40.634907,-74.10287,6.164495
2449,40.642735,-74.112045,6.112758
2450,40.62708,-74.11149,6.2198753
2451,40.630074,-74.07738,6.4448314
2452,40.639458,-74.10583,6.1537457
2453,40.637146,-74.076935,6.367549
2454,40.627777,-74.11026,6.2198753
2455,40.64019,-74.11176,6.187473
2456,40.641445,-74.10687,6.1537457
2457,40.62557,-74.10436,6.1229596
2458,40.624462,-74.10666,6.1229596
2459,40.631626,-74.11023,6.337823
2460,40.639606,-74.08033,6.3636637
2461,40.626987,-74.0817,6.451371
2462,40.635315,-74.10081,6.164495
2463,40.641422,-74.079994,6.3636637
2464,40.644947,-74.0789,6.416312
2465,40.633877,-74.10566,6.233122
2466,40.624844,-74.10758,6.140167
2467,40.642258,-74.107086,6.112758
2468,40.626812,-74.09603,6.0854483
2469,40.63095,-74.08731,6.2851734
2470,40.62319,-74.09243,6.1274843
2471,40.632343,-74.0978,6.120253
2472,40.631916,-74.078,6.4448314
2473,40.634403,-74.07891,6.3569527
2474,40.64197,-74.114044,6.2880874
2475,40.633366,-74.08402,6.3569527
2476,40.62557,-74.10436,6.1229596
2477,40.62301,-74.10676,6.0139446
2478,40.62791,-74.10899,6.2198753
2479,40.629658,-74.10877,6.337823
2480,40.64421,-74.09112,6.478973
2481,40.629635,-74.10058,6.120253
2482,40.63082,-74.10069,6.1534824
2483,40.630245,-74.10068,6.1534824
2484,40.629364,-74.08716,6.3765454
2485,40.63713,-74.08734,6.293953
2486,40.622955,-74.1049,6.0139446
2487,40.628613,-74.08094,6.451371
2488,40.626118,-74.10814,6.140167
2489,40.632153,-74.080635,6.4336176
2490,40.641422,-74.07999,6.3636637
2491,40.62695,-74.07908,6.451371
2492,40.63199,-74.09376,6.1137066
2493,40.62426,-74.104706,6.1229596
2494,40.626923,-74.10882,6.2198753
2495,40.633873,-74.10609,6.233122
2496,40.629147,-74.10783,6.2198753
2497,40.632496,-74.09841,6.120253
2498,40.621933,-74.07299,6.3625255
2499,40.62672,-74.10992,6.2198753
2500,40.63928,-74.09675,6.1735077
2501,40.62636,-74.07655,6.397357
2502,40.63687,-74.11234,6.3354263
2503,40.632313,-74.101814,6.1534824
2504,40.63162,-74.07689,6.4448314
2505,40.627327,-74.10717,6.2198753
2506,40.64309,-74.106514,6.112541
2507,40.62444,-74.10874,6.140167
2508,40.642754,-74.09226,6.440079
2509,40.627254,-74.107506,6.2198753
2510,40.625313,-74.08111,6.457941
2511,40.644848,-74.07879,6.416312
2512,40.638115,-74.073975,6.350177
2513,40.629875,-74.0999,6.120253
2514,40.62988,-74.099915,6.120253
2515,40.63332,-74.07633,6.422096
2516,40.64368,-74.09161,6.440079
2517,40.63093,-74.1133,6.4220033
2518,40.624187,-74.1109,6.140167
2519,40.63292,-74.08458,6.3569527
2520,40.638485,-74.07402,6.350177
2521,40.625904,-74.07496,6.368082
2522,40.640263,-74.07419,6.2980275
2523,40.64151,-74.11127,6.187473
2524,40.643448,-74.09348,6.440079
2525,40.63279,-74.09883,6.1370125
2526,40.62908,-74.08103,6.451371
2527,40.637608,-74.092926,6.1535993
2528,40.62779,-74.11013,6.2198753
2529,40.642643,-74.11092,6.112758
2530,40.644234,-74.08477,6.416312
2531,40.634193,-74.08362,6.3569527
2532,40.633224,-74.0882,6.17087
2533,40.62754,-74.084946,6.3765454
2534,40.63921,-74.07843,6.3361263
2535,40.64302,-74.10771,6.112758
2536,40.63658,-74.10775,6.3354263
2537,40.626705,-74.105255,6.166206
2538,40.641193,-74.111206,6.187473
2539,40.64142,-74.079994,6.3636637
2540,40.631145,-74.10857,6.337823
2541,40.633385,-74.092926,6.1334605
2542,40.621647,-74.10993,6.0253167
2543,40.629173,-74.10922,6.2198753
2544,40.629124,-74.1105,6.2198753
2545,40.627533,-74.11069,6.2198753
2546,40.638126,-74.075485,6.367549
2547,40.623463,-74.10908,6.140167
2548,40.63574,-74.107574,6.3625445
2549,40.63251,-74.082825,6.4336176
2550,40.626617,-74.08937,6.179971
2551,40.62596,-74.10332,6.098145
2552,40.64232,-74.10973,6.112758
2553,40.634148,-74.082664,6.3569527
2554,40.63982,-74.086075,6.4126005
2555,40.638306,-74.087234,6.293953
2556,40.64138,-74.10743,6.187473
2557,40.64147,-74.08001,6.3636637
2558,40.628757,-74.104164,6.166206
2559,40.624004,-74.08953,6.28568
2560,40.641415,-74.07999,6.3636637
2561,40.639008,-74.10141,6.1682906
2562,40.64235,-74.110085,6.112758
2563,40.64268,-74.109535,6.112758
2564,40.643787,-74.096794,6.376572
2565,40.63975,-74.10057,6.139411
2566,40.638973,-74.073944,6.350177
2567,40.626457,-74.075264,6.3651958
2568,40.631935,-74.08528,6.2851734
2569,40.62992,-74.084366,6.4336176
2570,40.632507,-74.08283,6.4336176
2571,40.626144,-74.1105,6.140167
2572,40.640263,-74.07419,6.2980275
2573,40.64669,-74.08713,6.481368
2574,40.642605,-74.09993,6.2712893
2575,40.635796,-74.087524,6.254206
2576,40.637497,-74.08229,6.3388066
2577,40.6321,-74.10135,6.1534824
2578,40.632355,-74.08312,6.4336176
2579,40.641068,-74.10714,6.187473
2580,40.63277,-74.10171,6.164495
2581,40.625633,-74.10805,6.140167
2582,40.621643,-74.07874,6.345602
2583,40.634785,-74.10195,6.164495
2584,40.624992,-74.111435,6.140167
2585,40.63704,-74.10373,6.1682906
2586,40.63636,-74.08571,6.293953
2587,40.636284,-74.08714,6.293953
2588,40.63341,-74.079216,6.3569527
2589,40.64485,-74.07879,6.416312
2590,40.638477,-74.10112,6.1682906
2591,40.636272,-74.087135,6.293953
2592,40.624332,-74.08125,6.457941
2593,40.640907,-74.10865,6.187473
2594,40.62905,-74.110115,6.2198753
2595,40.644676,-74.08087,6.416312
2596,40.64202,-74.08146,6.3636637
2597,40.633507,-74.10161,6.164495
2598,40.640175,-74.11184,6.187473
2599,40.640263,-74.07419,6.2980275
2600,40.64444,-74.097885,6.2712893
2601,40.62214,-74.08334,6.345602
2602,40.622524,-74.092735,6.1274843
2603,40.631527,-74.08564,6.2851734
2604,40.63623,-74.08706,6.293953
2605,40.635864,-74.08985,6.17087
2606,40.641716,-74.11074,6.187473
2607,40.63277,-74.1111,6.3625445
2608,40.644947,-74.0789,6.416312
2609,40.632366,-74.09082,6.1529503
2610,40.640263,-74.07419,6.2980275
2611,40.640903,-74.10863,6.187473
2612,40.632046,-74.09101,6.1529503
2613,40.632946,-74.07709,6.422096
2614,40.634785,-74.10195,6.164495
2615,40.644848,-74.07877,6.416312
2616,40.635223,-74.07741,6.422096
2617,40.62238,-74.08328,6.345602
2618,40.644844,-74.07877,6.416312
2619,40.63413,-74.07635,6.422096
2620,40.640213,-74.09199,6.315172
2621,40.623608,-74.07663,6.397357
2622,40.643833,-74.08875,6.478973
2623,40.629776,-74.100044,6.120253
2624,40.632206,-74.1011,6.1534824
2625,40.640263,-74.0742,6.2980275
2626,40.63812,-74.07397,6.350177
2627,40.63924,-74.09038,6.39599
2628,40.640903,-74.10863,6.187473
2629,40.641525,-74.079,6.3636637
2630,40.627697,-74.08597,6.3765454
2631,40.639507,-74.08347,6.3636637
2632,40.644947,-74.0789,6.416312
2633,40.64047,-74.09165,6.315172
2634,40.62412,-74.0916,6.1082363
2635,40.622803,-74.08448,6.345602
2636,40.64025,-74.077835,6.3361263
2637,40.63778,-74.08587,6.293953
2638,40.623535,-74.10941,6.140167
2639,40.631523,-74.085625,6.2851734
2640,40.631992,-74.10222,6.1534824
2641,40.622894,-74.10929,6.0253167
2642,40.635464,-74.10299,6.164495
2643,40.639008,-74.08059,6.3388066
2644,40.638405,-74.07495,6.350177
2645,40.6283,-74.083,6.451371
2646,40.643456,-74.08898,6.478973
2647,40.640022,-74.08882,6.39599
2648,40.62811,-74.112816,6.2198753
2649,40.639534,-74.1092,6.187473
2650,40.633205,-74.07801,6.422096
2651,40.63811,-74.07397,6.350177
2652,40.625763,-74.07979,6.457941
2653,40.641422,-74.08001,6.3636637
2654,40.644844,-74.07877,6.416312
2655,40.63395,-74.09095,6.17087
2656,40.63441,-74.09996,6.1370125
2657,40.62988,-74.09991,6.120253
2658,40.635033,-74.07855,6.422096
2659,40.63131,-74.08559,6.2851734
2660,40.638134,-74.092094,6.1535993
2661,40.556046,-74.13545,5.7067757
2662,40.556866,-74.135574,5.7067757
2663,40.557964,-74.15708,5.7558017
2664,40.56543,-74.12893,5.743142
2665,40.561317,-74.12353,5.726089
2666,40.555824,-74.15718,5.8029013
2667,40.55065,-74.15649,5.8519754
2668,40.55248,-74.134705,5.6723104
2669,40.551132,-74.15603,5.820273
2670,40.566853,-74.15106,5.72576
2671,40.563564,-74.1526,5.718689
2672,40.55259,-74.137856,5.6945877
2673,40.555996,-74.14798,5.7839656
2674,40.566,-74.15297,5.718689
2675,40.555885,-74.138756,5.7067757
2676,40.549004,-74.15642,5.8519754
2677,40.564632,-74.12571,5.750187
2678,40.55157,-74.13469,5.6723104
2679,40.547825,-74.15885,5.8444786
2680,40.56138,-74.147934,5.7222133
2681,40.559692,-74.149956,5.7506676
2682,40.54808,-74.156586,5.8519754
2683,40.563187,-74.131676,5.729314
2684,40.552357,-74.14476,5.766525
2685,40.56129,-74.120026,5.7154613
2686,40.54616,-74.15105,5.8491735
2687,40.55498,-74.146996,5.7839656
2688,40.556496,-74.15408,5.7939596
2689,40.56036,-74.14879,5.7202916
2690,40.548084,-74.15658,5.8519754
2691,40.569218,-74.123,5.7949224
2692,40.565334,-74.153404,5.718689
2693,40.554634,-74.131065,5.688125
2694,40.568752,-74.13208,5.7677026
2695,40.56316,-74.14883,5.7202916
2696,40.56953,-74.12645,5.771592
2697,40.54817,-74.14549,5.8101797
2698,40.548958,-74.15651,5.8519754
2699,40.55162,-74.13471,5.6723104
2700,40.55661,-74.14696,5.7839656
2701,40.570194,-74.15147,5.753681
2702,40.57051,-74.11656,5.914465
2703,40.55763,-74.137474,5.7165446
2704,40.55418,-74.155,5.8029013
2705,40.567017,-74.13402,5.7621517
2706,40.560844,-74.14938,5.7202916
2707,40.560787,-74.14891,5.7202916
2708,40.556293,-74.155365,5.8029013
2709,40.56886,-74.13284,5.7621517
2710,40.557796,-74.14195,5.7249327
2711,40.555637,-74.15868,5.7897325
2712,40.556614,-74.14721,5.7839656
2713,40.557625,-74.13748,5.7165446
2714,40.557774,-74.139755,5.7165446
2715,40.550507,-74.15825,5.8444786
2716,40.549664,-74.15622,5.8519754
2717,40.55783,-74.12565,5.7039857
2718,40.566208,-74.12128,5.7564006
2719,40.560547,-74.128456,5.727067
2720,40.56628,-74.11934,5.788082
2721,40.569817,-74.12537,5.8530946
2722,40.548126,-74.14222,5.78429
2723,40.552925,-74.15434,5.820273
2724,40.559334,-74.114395,5.684312
2725,40.566013,-74.15298,5.718689
2726,40.54633,-74.15502,5.884814
2727,40.553284,-74.15702,5.820273
2728,40.554333,-74.1595,5.7897325
2729,40.54917,-74.15529,5.8519754
2730,40.551792,-74.153244,5.7968373
2731,40.564617,-74.12188,5.7564006
2732,40.56467,-74.14117,5.7442317
2733,40.55099,-74.13712,5.6945877
2734,40.556606,-74.1472,5.7839656
2735,40.54632,-74.155014,5.884814
2736,40.565884,-74.11545,5.7877536
2737,40.566,-74.12748,5.743142
2738,40.554775,-74.15633,5.8029013
2739,40.5561,-74.15004,5.7894797
2740,40.554665,-74.160416,5.7897325
2741,40.569546,-74.13804,5.757581
2742,40.564987,-74.15171,5.718689
2743,40.564644,-74.124374,5.750187
2744,40.564228,-74.13837,5.7442317
2745,40.553455,-74.13412,5.6723104
2746,40.570107,-74.140335,5.7627854
2747,40.5566,-74.150185,5.7894797
2748,40.556637,-74.150055,5.7894797
2749,40.55391,-74.15447,5.8029013
2750,40.555702,-74.13503,5.6956544
2751,40.56922,-74.14259,5.74531
2752,40.557774,-74.139755,5.7165446
2753,40.55849,-74.14244,5.7249327
2754,40.56446,-74.15358,5.718689
2755,40.568913,-74.1384,5.757581
2756,40.569763,-74.12236,5.890708
2757,40.55802,-74.14181,5.7249327
2758,40.56498,-74.151405,5.718689
2759,40.56916,-74.11499,5.8553743
2760,40.567245,-74.13451,5.7621517
2761,40.56485,-74.15192,5.718689
2762,40.55113,-74.142555,5.766525
2763,40.567074,-74.12036,5.8503566
2764,40.551197,-74.13736,5.6945877
2765,40.546883,-74.14556,5.814899
2766,40.559864,-74.121086,5.689716
2767,40.55903,-74.15319,5.7582626
2768,40.570698,-74.14097,5.7627854
2769,40.55741,-74.11572,5.684312
2770,40.570286,-74.12618,5.8215604
2771,40.569218,-74.123,5.7949224
2772,40.55393,-74.13616,5.7067757
2773,40.558064,-74.14411,5.7249327
2774,40.56237,-74.13131,5.729314
2775,40.552177,-74.14519,5.7799478
2776,40.556465,-74.124084,5.665778
2777,40.547,-74.13992,5.6869025
2778,40.5518,-74.15281,5.7968373
2779,40.56833,-74.12245,5.8503566
2780,40.558464,-74.121376,5.689716
2781,40.56045,-74.12449,5.726089
2782,40.560745,-74.13426,5.729518
2783,40.555733,-74.15572,5.8029013
2784,40.554737,-74.154625,5.8029013
2785,40.570194,-74.15147,5.753681
2786,40.55898,-74.1497,5.7506676
2787,40.556923,-74.134224,5.6956544
2788,40.554745,-74.154594,5.8029013
2789,40.568367,-74.140625,5.757581
2790,40.55816,-74.14495,5.7461495
2791,40.56665,-74.12144,5.8503566
2792,40.570724,-74.13471,5.776704
2793,40.562225,-74.15384,5.7209463
2794,40.552353,-74.14077,5.6945877
2795,40.560844,-74.15835,5.7561636
2796,40.555374,-74.15756,5.7897325
2797,40.56871,-74.15022,5.72576
2798,40.555878,-74.13874,5.7067757
2799,40.56889,-74.12296,5.7949224
2800,40.55998,-74.160995,5.751166
2801,40.55187,-74.1415,5.6945877
2802,40.56871,-74.141426,5.757581
2803,40.558834,-74.158485,5.7529097
2804,40.557774,-74.139755,5.7165446
2805,40.555836,-74.131874,5.688125
2806,40.564224,-74.15402,5.718689
2807,40.564823,-74.124596,5.750187
2808,40.558243,-74.15151,5.7582626
2809,40.56262,-74.12972,5.729314
2810,40.547813,-74.14056,5.6900563
2811,40.55718,-74.12529,5.7039857
2812,40.56514,-74.14007,5.7442317
2813,40.55627,-74.15134,5.7939596
2814,40.560036,-74.124725,5.7039857
2815,40.55341,-74.154274,5.7968373
2816,40.562614,-74.12973,5.729314
2817,40.562893,-74.147,5.7222133
2818,40.562992,-74.12649,5.727067
2819,40.55123,-74.142624,5.766525
2820,40.566708,-74.15086,5.72576
2821,40.556347,-74.141685,5.7067757
2822,40.554287,-74.13914,5.7067757
2823,40.567066,-74.132416,5.7621517
2824,40.55007,-74.14933,5.841117
2825,40.562237,-74.132416,5.729518
2826,40.560925,-74.159424,5.7561636
2827,40.56665,-74.11853,5.862902
2828,40.564987,-74.13757,5.7442317
2829,40.552895,-74.159164,5.8296237
2830,40.570023,-74.14199,5.754991
2831,40.557568,-74.14753,5.7461495
2832,40.569218,-74.123,5.7949224
2833,40.555534,-74.156654,5.8029013
2834,40.549618,-74.1391,5.6900563
2835,40.55551,-74.13304,5.6956544
2836,40.555855,-74.13154,5.688125
2837,40.55609,-74.15003,5.7894797
2838,40.553402,-74.14999,5.7860785
2839,40.561577,-74.129166,5.729314
2840,40.558613,-74.16033,5.7529097
2841,40.54708,-74.13897,5.6869025
2842,40.551704,-74.157,5.820273
2843,40.556202,-74.13564,5.7067757
2844,40.552357,-74.14476,5.766525
2845,40.549896,-74.15616,5.8519754
2846,40.56948,-74.11679,5.862902
2847,40.562714,-74.13184,5.729314
2848,40.5592,-74.12636,5.7107472
2849,40.559402,-74.157715,5.7529097
2850,40.56501,-74.12785,5.743142
2851,40.549896,-74.156166,5.8519754
2852,40.565884,-74.13652,5.7442317
2853,40.548084,-74.15658,5.8519754
2854,40.5569,-74.145615,5.7839656
2855,40.551876,-74.14841,5.7860785
2856,40.565533,-74.12377,5.750187
2857,40.557205,-74.115265,5.684312
2858,40.570984,-74.12094,5.890708
2859,40.568493,-74.13751,5.757581
2860,40.547913,-74.154,5.843822
2861,40.55949,-74.11713,5.67826
2862,40.569653,-74.11996,5.890708
2863,40.54848,-74.157455,5.8519754
2864,40.552,-74.147446,5.7799478
2865,40.561646,-74.15733,5.7274675
2866,40.558216,-74.11599,5.684312
2867,40.552086,-74.153854,5.7968373
2868,40.55972,-74.127716,5.7107472
2869,40.55072,-74.155846,5.820273
2870,40.558445,-74.12647,5.7107472
2871,40.552372,-74.15383,5.7968373
2872,40.556396,-74.117744,5.6528554
2873,40.56977,-74.11452,5.9411936
2874,40.552544,-74.1378,5.6945877
2875,40.55623,-74.11839,5.6528554
2876,40.552624,-74.15284,5.7968373
2877,40.5652,-74.1196,5.7564006
2878,40.560226,-74.15576,5.7274675
2879,40.559017,-74.14962,5.7506676
2880,40.565857,-74.13369,5.7482624
2881,40.559288,-74.12647,5.7107472
2882,40.570637,-74.13916,5.7627854
2883,40.55536,-74.11781,5.6528554
2884,40.562626,-74.13172,5.729314
2885,40.558765,-74.13521,5.719432
2886,40.55274,-74.15637,5.820273
2887,40.569504,-74.13307,5.7621517
2888,40.55804,-74.12801,5.7107472
2889,40.56875,-74.12643,5.771592
2890,40.557846,-74.143326,5.7249327
2891,40.56545,-74.116264,5.7877536
2892,40.5545,-74.14263,5.739556
2893,40.55797,-74.158714,5.7529097
2894,40.55949,-74.15449,5.7558017
2895,40.57007,-74.134346,5.776704
2896,40.563416,-74.15591,5.7312937
2897,40.565197,-74.119606,5.7564006
2898,40.55778,-74.13976,5.7165446
2899,40.56759,-74.140686,5.757581
2900,40.57062,-74.11759,5.914465
2901,40.56379,-74.139824,5.7442317
2902,40.564617,-74.14077,5.7442317
2903,40.56984,-74.12921,5.7963634
2904,40.56772,-74.13411,5.7621517
2905,40.564445,-74.155,5.7312937
2906,40.636272,-74.10201,6.1682906
2907,40.63387,-74.109406,6.3625445
2908,40.62507,-74.07728,6.397357
2909,40.623005,-74.106766,6.0139446
2910,40.631535,-74.08563,6.2851734
2911,40.64026,-74.0742,6.2980275
2912,40.63711,-74.0926,6.1535993
2913,40.63576,-74.08592,6.254206
2914,40.631096,-74.10976,6.337823
2915,40.62593,-74.10163,6.098145
2916,40.63814,-74.08747,6.293953
2917,40.6294,-74.099434,6.1033664
2918,40.6338,-74.10671,6.233122
2919,40.642044,-74.081345,6.3636637
2920,40.63335,-74.09892,6.1370125
2921,40.62818,-74.1102,6.2198753
2922,40.628685,-74.102516,6.1295257
2923,40.63251,-74.09879,6.120253
2924,40.64483,-74.08986,6.478973
2925,40.621647,-74.08833,6.1985235
2926,40.639675,-74.087814,6.4126005
2927,40.63348,-74.10119,6.164495
2928,40.633167,-74.08237,6.3569527
2929,40.636814,-74.08814,6.216232
2930,40.62566,-74.081314,6.457941
2931,40.63809,-74.07424,6.350177
2932,40.644455,-74.0819,6.416312
2933,40.63337,-74.09697,6.139057
2934,40.632786,-74.10805,6.3625445
2935,40.641796,-74.0906,6.39599
2936,40.637207,-74.09287,6.1535993
2937,40.63153,-74.08565,6.2851734
2938,40.639202,-74.10819,6.187473
2939,40.626038,-74.112335,6.140167
2940,40.638138,-74.07549,6.367549
2941,40.638374,-74.086494,6.293953
2942,40.63004,-74.108475,6.337823
2943,40.62838,-74.08176,6.451371
2944,40.62986,-74.09998,6.120253
2945,40.641415,-74.07999,6.3636637
2946,40.62163,-74.106544,6.0139446
2947,40.559616,-74.15885,5.7529097
2948,40.56844,-74.128716,5.771592
2949,40.56355,-74.14221,5.7327614
2950,40.569763,-74.12236,5.890708
2951,40.55928,-74.15357,5.7582626
2952,40.549057,-74.15442,5.8519754
2953,40.564137,-74.129555,5.743797
2954,40.555885,-74.138756,5.7067757
2955,40.56976,-74.12237,5.890708
2956,40.56842,-74.12965,5.7677026
2957,40.557816,-74.12331,5.7039857
2958,40.549053,-74.154434,5.8519754
2959,40.552,-74.147446,5.7799478
2960,40.55199,-74.14743,5.7799478
2961,40.569305,-74.128876,5.771592
2962,40.56548,-74.12008,5.7564006
2963,40.561203,-74.148224,5.7202916
2964,40.556347,-74.141685,5.7067757
2965,40.569054,-74.13495,5.7621517
2966,40.56562,-74.13779,5.7442317
2967,40.55127,-74.15571,5.820273
2968,40.552357,-74.14476,5.766525
2969,40.548584,-74.1422,5.78429
2970,40.564842,-74.11741,5.788082
2971,40.548477,-74.14235,5.78429
2972,40.56828,-74.13064,5.7677026
2973,40.56839,-74.138336,5.757581
2974,40.557068,-74.11849,5.67826
2975,40.54684,-74.14326,5.772521
2976,40.552635,-74.151634,5.7968373
2977,40.549355,-74.14444,5.78429
2978,40.54669,-74.14181,5.772521
2979,40.561436,-74.12303,5.726089
2980,40.558987,-74.11961,5.689716
2981,40.566284,-74.153046,5.718689
2982,40.55522,-74.15652,5.8029013
2983,40.5582,-74.11728,5.67826
2984,40.551727,-74.15493,5.820273
2985,40.552986,-74.15139,5.7968373
2986,40.569218,-74.123,5.7949224
2987,40.556793,-74.12314,5.665778
2988,40.56327,-74.13006,5.729314
2989,40.563786,-74.12929,5.743797
2990,40.551777,-74.14413,5.766525
2991,40.55185,-74.14884,5.7860785
2992,40.565773,-74.12828,5.743142
2993,40.567787,-74.13357,5.7621517
2994,40.555668,-74.1604,5.7897325
2995,40.56403,-74.149734,5.716761
2996,40.557064,-74.14978,5.7506676
2997,40.55707,-74.124466,5.7039857
2998,40.54784,-74.14303,5.78429
2999,40.5484,-74.15134,5.843822
3000,40.555508,-74.14254,5.739556
3001,40.565563,-74.13285,5.7482624
3002,40.570683,-74.13449,5.776704
3003,40.56975,-74.12421,5.8530946
3004,40.552925,-74.15434,5.820273
3005,40.56969,-74.118996,5.914465
3006,40.562,-74.15788,5.7561636
3007,40.556023,-74.13358,5.6956544
3008,40.55855,-74.14988,5.7506676
3009,40.55604,-74.14706,5.7839656
3010,40.569515,-74.12368,5.7949224
3011,40.56179,-74.12748,5.727067
3012,40.555683,-74.160164,5.7897325
3013,40.560013,-74.160805,5.751166
3014,40.550823,-74.142944,5.766525
3015,40.55316,-74.15695,5.820273
3016,40.552,-74.147446,5.7799478
3017,40.550617,-74.14796,5.8101797
3018,40.569756,-74.15002,5.7513947
3019,40.55307,-74.15782,5.8296237
3020,40.558296,-74.11595,5.684312
3021,40.556263,-74.149414,5.7894797
3022,40.567474,-74.13626,5.757581
3023,40.55121,-74.15411,5.7968373
3024,40.54708,-74.13897,5.6869025
3025,40.552925,-74.15434,5.820273
3026,40.569763,-74.12236,5.890708
3027,40.565098,-74.14987,5.716761
3028,40.633682,-74.03176,6.4097233
3029,40.632675,-74.03182,6.547369
3030,40.629498,-74.02522,6.7959666
3031,40.625977,-74.03231,6.6620383
3032,40.625977,-74.03231,6.6620383
3033,40.63019,-74.02861,6.6239734
3034,40.624912,-74.04046,6.2418246
3035,40.625977,-74.03231,6.6620383
3036,40.627655,-74.02616,6.7959666
3037,40.63979,-74.029785,7.6516604
3038,40.632652,-74.02233,6.823852
3039,40.629498,-74.02522,6.7959666
3040,40.631325,-74.024666,6.823852
3041,40.62478,-74.03902,6.2418246
3042,40.634815,-74.03715,6.2599683
3043,40.621773,-74.03438,6.5439835
3044,40.63273,-74.03204,6.4097233
3045,40.624355,-74.03916,6.2418246
3046,40.63273,-74.03204,6.4097233
3047,40.636036,-74.03664,6.2186484
3048,40.621773,-74.03797,6.2988605
3049,40.623,-74.021515,6.454098
3050,40.635204,-74.03203,6.4097233
3051,40.62492,-74.04047,6.2418246
3052,40.633957,-74.03635,6.2599683
3053,40.636276,-74.03643,6.2186484
3054,40.635372,-74.02574,6.688158
3055,40.638214,-74.0348,6.2186484
3056,40.633957,-74.03635,6.2599683
3057,40.636036,-74.03664,6.2186484
3058,40.621773,-74.03794,6.2988605
3059,40.635075,-74.03175,6.4097233
3060,40.638214,-74.0348,6.2186484
3061,40.632214,-74.03219,6.547369
3062,40.628754,-74.02199,6.7744923
3063,40.632214,-74.03219,6.547369
3064,40.625977,-74.03231,6.6620383
3065,40.635307,-74.02652,6.688158
3066,40.634216,-74.03029,6.5417314
3067,40.62797,-74.0258,6.7959666
3068,40.623104,-74.04032,6.2988605
3069,40.63423,-74.02633,6.688158
3070,40.635002,-74.03103,6.5417314
3071,40.63253,-74.03214,6.547369
3072,40.629433,-74.02299,6.7744923
3073,40.633553,-74.02522,6.688158
3074,40.631798,-74.026955,6.6672006
3075,40.624172,-74.02103,6.7161636
3076,40.6225,-74.039085,6.2988605
3077,40.635075,-74.03175,6.4097233
3078,40.62499,-74.02086,6.7161636
3079,40.634735,-74.031136,6.5417314
3080,40.62359,-74.03594,6.459742
3081,40.635075,-74.03175,6.4097233
3082,40.626827,-74.02403,6.7744923
3083,40.626095,-74.02768,6.7879343
3084,40.634735,-74.031136,6.5417314
3085,40.62303,-74.039406,6.2988605
3086,40.630646,-74.024864,6.823852
3087,40.630646,-74.024864,6.823852
3088,40.622925,-74.03631,6.4452896
3089,40.622467,-74.03964,6.2988605
3090,40.636036,-74.03664,6.2186484
3091,40.622395,-74.03116,6.581318
3092,40.63333,-74.03326,6.4097233
3093,40.63315,-74.032646,6.4097233
3094,40.62303,-74.039406,6.2988605
3095,40.634735,-74.031136,6.5417314
3096,40.62797,-74.0258,6.7959666
3097,40.62444,-74.04012,6.2418246
3098,40.632675,-74.03182,6.547369
3099,40.62444,-74.04012,6.2418246
3100,40.637173,-74.03396,6.399238
3101,40.63262,-74.03647,6.339263
3102,40.623055,-73.976425,6.330829
3103,40.624126,-73.9866,6.309194
3104,40.626125,-73.981476,6.2073164
3105,40.62428,-73.98593,6.309194
3106,40.629726,-73.97866,6.3011026
3107,40.627098,-73.99153,6.4796424
3108,40.63009,-73.988014,6.20748
3109,40.632774,-73.99667,6.4000754
3110,40.62825,-73.98799,6.3236985
3111,40.625793,-73.979385,6.19627
3112,40.62564,-73.97913,6.19627
3113,40.629063,-73.97814,6.1942625
3114,40.630356,-73.97545,6.3627505
3115,40.630627,-73.99041,6.3275256
3116,40.622604,-73.97422,6.3051624
3117,40.629063,-73.97814,6.1942625
3118,40.629498,-73.98354,6.1899858
3119,40.623528,-73.97814,6.19627
3120,40.626125,-73.981476,6.2073164
3121,40.628136,-73.992325,6.4796424
3122,40.62677,-73.98175,6.1899858
3123,40.631897,-73.99042,6.3275256
3124,40.6332,-73.9805,6.446382
3125,40.629498,-73.98354,6.1899858
3126,40.625603,-73.98151,6.2073164
3127,40.630627,-73.99041,6.3275256
3128,40.629814,-73.99282,6.3275256
3129,40.632774,-73.99667,6.4000754
3130,40.6318,-73.98724,6.20748
3131,40.623768,-73.975494,6.221897
3132,40.631317,-73.984,6.199683
3133,40.62876,-74.03511,6.381971
3134,40.636745,-74.02731,7.0391355
3135,40.625896,-74.023766,6.7161636
3136,40.635075,-74.03175,6.4097233
3137,40.629826,-74.02991,6.6239734
3138,40.629826,-74.02991,6.6239734
3139,40.636276,-74.03643,6.2186484
3140,40.6279,-74.0251,6.7959666
3141,40.628986,-74.02975,6.7921576
3142,40.634293,-74.03065,6.5417314
3143,40.6279,-74.0251,6.7959666
3144,40.636036,-74.03664,6.2186484
3145,40.62328,-74.03902,6.2418246
3146,40.632214,-74.03219,6.547369
3147,40.633957,-74.03635,6.2599683
3148,40.62997,-74.03051,6.6239734
3149,40.63473,-74.02087,6.996028
3150,40.636036,-74.03664,6.2186484
3151,40.63372,-74.026535,6.688158
3152,40.62956,-74.02887,6.7921576
3153,40.629368,-74.02302,6.7744923
3154,40.63178,-74.0302,6.6239734
3155,40.631752,-74.026764,6.6672006
3156,40.63766,-74.03301,6.399238
3157,40.634735,-74.031136,6.5417314
3158,40.63438,-74.031,6.5417314
3159,40.635662,-74.02346,6.996028
3160,40.63431,-74.02437,6.996028
3161,40.63341,-74.03061,6.5417314
3162,40.62797,-74.0258,6.7959666
3163,40.63889,-74.03577,6.2186484
3164,40.634216,-74.03029,6.5417314
3165,40.632652,-74.02233,6.823852
3166,40.637306,-74.02874,6.715859
3167,40.627655,-74.02616,6.7959666
3168,40.635906,-74.03057,6.715859
3169,40.621723,-74.02716,6.554759
3170,40.632652,-74.02233,6.823852
3171,40.634426,-74.03121,6.5417314
3172,40.634735,-74.031136,6.5417314
3173,40.630646,-74.024864,6.823852
3174,40.631325,-74.024666,6.823852
3175,40.627373,-74.026024,6.7959666
3176,40.62444,-74.04012,6.2418246
3177,40.638947,-74.02884,6.715859
3178,40.635075,-74.03175,6.4097233
3179,40.636784,-74.02784,7.0391355
3180,40.623104,-74.04032,6.2988605
3181,40.631546,-74.03086,6.6239734
3182,40.630783,-74.03908,6.1667795
3183,40.63235,-74.02408,6.823852
3184,40.633327,-74.02736,6.688158
3185,40.63235,-74.02408,6.823852
3186,40.63406,-74.02409,6.996028
3187,40.631325,-74.024666,6.823852
3188,40.629856,-74.02665,6.6672006
3189,40.631325,-74.024666,6.823852
3190,40.630646,-74.024864,6.823852
3191,40.635002,-74.03103,6.5417314
3192,40.631546,-74.03086,6.6239734
3193,40.62444,-74.04012,6.2418246
3194,40.639297,-74.0353,6.268577
3195,40.62794,-74.03251,6.6740866
3196,40.626785,-74.030045,6.7921576
3197,40.639297,-74.0353,6.268577
3198,40.639297,-74.0353,6.268577
3199,40.62696,-74.02204,6.7744923
3200,40.63372,-74.026535,6.688158
3201,40.63678,-74.0273,7.0391355
3202,40.62512,-74.0241,6.7161636
3203,40.634426,-74.03121,6.5417314
3204,40.62696,-74.02204,6.7744923
3205,40.62303,-74.039406,6.2988605
3206,40.632957,-74.02154,6.996028
3207,40.63235,-74.02408,6.823852
3208,40.631065,-74.02825,6.6239734
3209,40.634296,-74.03065,6.5417314
3210,40.636276,-74.03643,6.2186484
3211,40.626133,-74.03031,6.7610035
3212,40.62455,-74.03684,6.459742
3213,40.635002,-74.03266,6.4097233
3214,40.630043,-74.03584,6.339263
3215,40.622902,-74.0299,6.581318
3216,40.631325,-74.024666,6.823852
3217,40.62839,-74.02724,6.7959666
3218,40.634895,-74.036385,6.2599683
3219,40.639297,-74.0353,6.268577
3220,40.632214,-74.03219,6.547369
3221,40.633762,-74.0321,6.4097233
3222,40.632652,-74.02233,6.823852
3223,40.63566,-74.02936,6.5417314
3224,40.63107,-74.03516,6.339263
3225,40.622513,-74.038315,6.2988605
3226,40.629498,-74.02522,6.7959666
3227,40.622948,-74.03037,6.581318
3228,40.636036,-74.03664,6.2186484
3229,40.62286,-74.02802,6.554759
3230,40.635075,-74.03175,6.4097233
3231,40.636036,-74.03664,6.2186484
3232,40.63359,-74.02659,6.688158
3233,40.623894,-74.031525,6.6620383
3234,40.639297,-74.0353,6.268577
3235,40.63364,-74.0302,6.5417314
3236,40.627655,-74.02616,6.7959666
3237,40.63566,-74.02936,6.5417314
3238,40.630646,-74.024864,6.823852
3239,40.63564,-74.02931,6.5417314
3240,40.62341,-74.03958,6.2418246
3241,40.635075,-74.03175,6.4097233
3242,40.62554,-74.03843,6.2418246
3243,40.632214,-74.03219,6.547369
3244,40.6355,-74.028786,6.5417314
3245,40.63204,-74.035866,6.339263
3246,40.63364,-74.0302,6.5417314
3247,40.635075,-74.03175,6.4097233
3248,40.633865,-74.02241,6.996028
3249,40.63062,-74.028435,6.6239734
3250,40.631603,-74.03776,6.1667795
3251,40.61492,-74.01257,5.9724874
3252,40.61709,-73.99793,6.307854
3253,40.615646,-74.00111,6.1579714
3254,40.614086,-73.999565,6.133071
3255,40.61995,-74.01346,6.029317
3256,40.618164,-74.01108,6.020676
3257,40.60898,-73.99906,6.227812
3258,40.618366,-73.99762,6.307854
3259,40.619385,-74.01597,6.142888
3260,40.62139,-74.01131,6.049746
3261,40.618073,-74.010925,6.020676
3262,40.613895,-74.005516,6.1319795
3263,40.615288,-73.999825,6.1579714
3264,40.618103,-74.01098,6.020676
3265,40.612,-74.00683,6.117887
3266,40.61549,-74.008156,6.080323
3267,40.611767,-74.00633,6.117887
3268,40.617416,-74.00149,6.176435
3269,40.616318,-74.007675,6.080323
3270,40.619587,-74.00432,6.1232224
3271,40.61686,-73.99813,6.133071
3272,40.614548,-74.00509,6.1319795
3273,40.60899,-74.004944,6.2129664
3274,40.6094,-74.01119,6.0451097
3275,40.617023,-73.9984,6.307854
3276,40.619694,-74.01001,6.020676
3277,40.617023,-73.9984,6.307854
3278,40.600513,-73.99977,6.124807
3279,40.60272,-74.0126,5.8574233
3280,40.600513,-73.99977,6.124807
3281,40.604378,-74.015976,5.8349648
3282,40.59713,-73.99719,6.005777
3283,40.600483,-73.99991,6.124807
3284,40.603706,-74.01417,5.8574233
3285,40.6082,-74.004776,6.2129664
3286,40.602882,-74.01174,5.984758
3287,40.60116,-74.00787,6.0880814
3288,40.60207,-74.006996,6.0880814
3289,40.59758,-73.9987,6.005777
3290,40.60204,-74.00703,6.0880814
3291,40.60394,-74.01393,5.8574233
3292,40.6033,-74.014465,5.8574233
3293,40.606876,-73.99784,6.288132
3294,40.605644,-74.00958,6.027061
3295,40.604782,-74.009254,6.027061
3296,40.604782,-74.009254,6.027061
3297,40.602882,-74.01174,5.984758
3298,40.603718,-74.01329,5.8574233
3299,40.60031,-74.00838,6.0275593
3300,40.60344,-74.003876,6.154769
3301,40.597736,-73.998634,6.005777
3302,40.603523,-74.00383,6.154769
3303,40.597736,-73.998634,6.005777
3304,40.608585,-74.014465,5.9254155
3305,40.6027,-74.01311,5.8574233
3306,40.597736,-73.998634,6.005777
3307,40.608585,-74.014465,5.9254155
3308,40.60763,-73.99967,6.2488117
3309,40.600197,-73.99356,6.071611
3310,40.6002,-73.993546,6.071611
3311,40.606785,-73.98789,6.1639605
3312,40.59647,-73.99383,5.9822145
3313,40.6075,-73.97697,6.1548796
3314,40.60842,-73.98391,6.0554895
3315,40.604736,-73.97588,6.080253
3316,40.60481,-73.991974,6.2500443
3317,40.5982,-73.9959,6.071611
3318,40.60267,-73.991455,6.147268
3319,40.6075,-73.97697,6.1548796
3320,40.601414,-73.99597,6.147268
3321,40.60267,-73.991455,6.147268
3322,40.5982,-73.9959,6.071611
3323,40.601414,-73.99597,6.147268
3324,40.60714,-73.98574,6.075007
3325,40.602295,-73.99338,6.147268
3326,40.605217,-73.98345,6.0406637
3327,40.605022,-73.97685,6.080253
3328,40.607567,-73.9751,6.1548796
3329,40.53857,-74.14278,5.6936555
3330,40.535126,-74.15036,5.673292
3331,40.537853,-74.161095,5.694323
3332,40.538162,-74.15709,5.7751346
3333,40.54406,-74.15883,5.7612185
3334,40.537426,-74.154045,5.6727486
3335,40.535397,-74.15033,5.673292
3336,40.539497,-74.14661,5.700487
3337,40.54131,-74.14869,5.8157144
3338,40.529114,-74.16084,5.5711064
3339,40.545544,-74.1499,5.8491735
3340,40.545467,-74.15776,5.8083224
3341,40.5413,-74.148674,5.8157144
3342,40.540936,-74.15533,5.7751346
3343,40.536007,-74.158195,5.7179284
3344,40.535484,-74.15501,5.7074327
3345,40.541763,-74.15839,5.7612185
3346,40.538,-74.14844,5.673292
3347,40.54406,-74.15502,5.8472714
3348,40.53842,-74.15073,5.709061
3349,40.539787,-74.1463,5.700487
3350,40.544544,-74.158844,5.8083224
3351,40.543705,-74.15805,5.7612185
3352,40.536247,-74.156204,5.7074327
3353,40.54092,-74.156876,5.7751346
3354,40.543114,-74.151726,5.8494544
3355,40.536167,-74.15087,5.673292
3356,40.543465,-74.14931,5.8157144
3357,40.544243,-74.14338,5.711959
3358,40.538494,-74.14833,5.709061
3359,40.541325,-74.14827,5.8157144
3360,40.53378,-74.15066,5.649254
3361,40.542458,-74.153885,5.8494544
3362,40.53636,-74.15371,5.6727486
3363,40.53366,-74.159966,5.640658
3364,40.54084,-74.15973,5.7517376
3365,40.540565,-74.15937,5.7517376
3366,40.535786,-74.15875,5.7179284
3367,40.52935,-74.16055,5.572027
3368,40.536503,-74.15589,5.7074327
3369,40.538704,-74.15311,5.7494707
3370,40.538578,-74.14279,5.6936555
3371,40.531265,-74.15773,5.572027
3372,40.543255,-74.14906,5.8157144
3373,40.545174,-74.158394,5.8083224
3374,40.538303,-74.15499,5.7751346
3375,40.538334,-74.153114,5.7494707
3376,40.537315,-74.14617,5.677811
3377,40.54256,-74.14539,5.762139
3378,40.536102,-74.14893,5.673292
3379,40.540783,-74.16016,5.7517376
3380,40.536766,-74.15385,5.6727486
3381,40.534466,-74.150536,5.649254
3382,40.529606,-74.15945,5.572027
3383,40.54547,-74.157776,5.8083224
3384,40.53991,-74.14647,5.700487
3385,40.543034,-74.152885,5.8494544
3386,40.545753,-74.14089,5.6869025
3387,40.53964,-74.1451,5.700487
3388,40.535263,-74.150604,5.673292
3389,40.544865,-74.147865,5.814899
3390,40.53844,-74.15624,5.7751346
3391,40.541477,-74.15698,5.8472714
3392,40.54484,-74.15512,5.884814
3393,40.541656,-74.15757,5.7612185
3394,40.532997,-74.16097,5.628943
3395,40.543537,-74.14789,5.762139
3396,40.530457,-74.16107,5.5711064
3397,40.54285,-74.15426,5.8494544
3398,40.537067,-74.15436,5.7074327
3399,40.538578,-74.14279,5.6936555
3400,40.541656,-74.15757,5.7612185
3401,40.541,-74.16109,5.7163897
3402,40.536896,-74.15911,5.7179284
3403,40.538692,-74.16031,5.7517376
3404,40.537807,-74.15268,5.6727486
3405,40.53745,-74.15353,5.6727486
3406,40.533566,-74.15226,5.646472
3407,40.54547,-74.15777,5.8083224
3408,40.53768,-74.15394,5.6727486
3409,40.535767,-74.153564,5.6727486
3410,40.54507,-74.1426,5.772521
3411,40.537453,-74.14561,5.677811
3412,40.542812,-74.14469,5.711959
3413,40.537346,-74.14752,5.677811
3414,40.540592,-74.144424,5.6936555
3415,40.53569,-74.15538,5.7074327
3416,40.588562,-73.9907,5.795048
3417,40.592747,-73.97752,6.0269136
3418,40.590263,-73.97565,6.018388
3419,40.577305,-73.997314,5.9420915
3420,40.59396,-73.976715,6.0269136
3421,40.576828,-73.995964,6.0681763
3422,40.58553,-73.98717,5.779012
3423,40.577427,-73.97379,5.969093
3424,40.587227,-73.987175,5.779012
3425,40.58727,-73.98713,5.779012
3426,40.590572,-73.99108,5.795048
3427,40.59223,-73.99114,5.900094
3428,40.58853,-73.989494,5.779012
3429,40.57763,-73.9739,5.969093
3430,40.589466,-73.99113,5.795048
3431,40.589466,-73.99113,5.795048
3432,40.5793,-74.00224,5.7661347
3433,40.585426,-73.983475,5.914618
3434,40.585426,-73.983475,5.914618
3435,40.57477,-74.00893,5.66991
3436,40.577427,-73.97379,5.969093
3437,40.589005,-73.991844,5.795048
3438,40.58763,-73.98675,5.8241606
3439,40.575443,-74.00154,5.746012
3440,40.576736,-73.993126,6.0681763
3441,40.575256,-73.97428,5.921095
3442,40.592407,-73.99157,5.900094
3443,40.58763,-73.98675,5.8241606
3444,40.593014,-73.97415,6.053158
3445,40.562645,-74.10056,5.699282
3446,40.558468,-74.10742,5.688114
3447,40.56994,-74.09607,5.8348575
3448,40.562813,-74.10339,5.7158923
3449,40.56094,-74.11188,5.7379465
3450,40.56065,-74.113144,5.7379465
3451,40.560368,-74.10726,5.7379465
3452,40.56469,-74.101135,5.757232
3453,40.57083,-74.09678,5.8348575
3454,40.560593,-74.11126,5.7379465
3455,40.56193,-74.103745,5.7158923
3456,40.563232,-74.09934,5.699282
3457,40.570606,-74.09466,5.8348575
3458,40.55822,-74.11363,5.684312
3459,40.562645,-74.09973,5.699282
3460,40.559624,-74.112434,5.688114
3461,40.563393,-74.09975,5.733124
3462,40.565536,-74.10368,5.757232
3463,40.56311,-74.10057,5.699282
3464,40.562122,-74.10403,5.73376
3465,40.55946,-74.11073,5.688114
3466,40.56309,-74.10003,5.699282
3467,40.563583,-74.10223,5.757232
3468,40.563095,-74.10379,5.7158923
3469,40.558903,-74.10969,5.688114
3470,40.563904,-74.09874,5.733124
3471,40.564312,-74.10073,5.757232
3472,40.56422,-74.1076,5.7955627
3473,40.565422,-74.10209,5.757232
3474,40.56062,-74.106064,5.73376
3475,40.558666,-74.10777,5.688114
3476,40.560383,-74.110886,5.7379465
3477,40.56334,-74.10049,5.733124
3478,40.569824,-74.112335,5.9507003
3479,40.542717,-74.15863,5.7612185
3480,40.54202,-74.150475,5.8157144
3481,40.536404,-74.16048,5.7179284
3482,40.545467,-74.15776,5.8083224
3483,40.544006,-74.15724,5.8472714
3484,40.535927,-74.14995,5.673292
3485,40.539715,-74.1462,5.700487
3486,40.545612,-74.15247,5.878508
3487,40.544544,-74.15931,5.8083224
3488,40.538975,-74.15382,5.7494707
3489,40.54238,-74.15337,5.8494544
3490,40.53004,-74.157486,5.572027
3491,40.542778,-74.15532,5.8472714
3492,40.54088,-74.14468,5.6936555
3493,40.533676,-74.151726,5.646472
3494,40.538788,-74.14297,5.6936555
3495,40.53138,-74.1573,5.578849
3496,40.538025,-74.15626,5.7074327
3497,40.535294,-74.14934,5.673292
3498,40.53015,-74.1588,5.572027
3499,40.54046,-74.15952,5.7517376
3500,40.536896,-74.15312,5.6727486
3501,40.536488,-74.153366,5.6727486
3502,40.54285,-74.15497,5.8472714
3503,40.531967,-74.161156,5.628943
3504,40.537663,-74.1486,5.673292
3505,40.538982,-74.15338,5.7494707
3506,40.537663,-74.145775,5.677811
3507,40.537636,-74.14575,5.677811
3508,40.542007,-74.145065,5.762139
3509,40.545166,-74.14143,5.6869025
3510,40.54516,-74.141426,5.6869025
3511,40.542305,-74.15554,5.8472714
3512,40.541275,-74.1464,5.762139
3513,40.52964,-74.15989,5.572027
3514,40.538578,-74.14279,5.6936555
3515,40.54516,-74.141426,5.6869025
3516,40.54271,-74.1575,5.7612185
3517,40.539635,-74.15856,5.7517376
3518,40.53889,-74.15375,5.7494707
3519,40.538857,-74.155525,5.7751346
3520,40.591343,-74.084045,5.9517345
3521,40.57356,-74.091415,5.8279343
3522,40.5791,-74.107445,5.9712625
3523,40.594063,-74.07612,5.950504
3524,40.592567,-74.07727,5.950504
3525,40.573112,-74.10015,5.89183
3526,40.580128,-74.09438,5.918462
3527,40.582653,-74.10373,5.964615
3528,40.57406,-74.10327,5.9326234
3529,40.580544,-74.104774,5.9373074
3530,40.587826,-74.10556,5.899916
3531,40.58946,-74.07873,5.9517345
3532,40.584038,-74.10152,5.964615
3533,40.594597,-74.07121,5.9982023
3534,40.579086,-74.09408,5.8942227
3535,40.595024,-74.07711,5.960273
3536,40.57342,-74.089485,5.7794094
3537,40.59247,-74.073,5.939103
3538,40.573967,-74.09898,5.89183
3539,40.58087,-74.09592,5.918462
3540,40.590614,-74.074036,5.8861747
3541,40.592,-74.07481,5.939103
3542,40.59046,-74.097115,6.0072904
3543,40.593044,-74.07694,5.950504
3544,40.57716,-74.101944,5.9140573
3545,40.583145,-74.10577,5.9437046
3546,40.58861,-74.07367,5.8861747
3547,40.588215,-74.097466,6.002999
3548,40.59199,-74.0748,5.939103
3549,40.593754,-74.09687,5.9927278
3550,40.59263,-74.07064,5.9982023
3551,40.587406,-74.08788,5.9467816
3552,40.595036,-74.09361,5.9830403
3553,40.575386,-74.10966,5.9753957
3554,40.58564,-74.09665,6.002999
3555,40.576958,-74.113976,5.961352
3556,40.59138,-74.094864,6.0072904
3557,40.576805,-74.11354,5.961352
3558,40.59288,-74.10458,5.8932896
3559,40.576042,-74.10845,5.977396
3560,40.593246,-74.09527,5.9927278
3561,40.58341,-74.10118,5.964615
3562,40.581444,-74.08719,5.8195
3563,40.57197,-74.096375,5.8348575
3564,40.59509,-74.07024,6.0137606
3565,40.59009,-74.09082,5.992805
3566,40.574406,-74.09299,5.8279343
3567,40.57362,-74.08973,5.7794094
3568,40.572662,-74.11272,5.9507003
3569,40.577137,-74.11299,5.977396
3570,40.58369,-74.09237,5.9078255
3571,40.577927,-74.092545,5.8727813
3572,40.59367,-74.07171,5.9982023
3573,40.589832,-74.098175,5.9694443
3574,40.591846,-74.088234,5.9952135
3575,40.581043,-74.111244,5.9712625
3576,40.592888,-74.09521,5.9927278
3577,40.58927,-74.077705,5.9341803
3578,40.580917,-74.112305,5.9712625
3579,40.585236,-74.09073,5.886398
3580,40.592613,-74.06992,5.9982023
3581,40.57945,-74.0948,5.918462
3582,40.57124,-74.09861,5.878425
3583,40.5846,-74.09726,5.954638
3584,40.591915,-74.097534,5.9408846
3585,40.581055,-74.09517,5.918462
3586,40.59016,-74.076,5.9341803
3587,40.574375,-74.109634,5.9753957
3588,40.586605,-74.0928,5.996966
3589,40.580666,-74.08669,5.8195
3590,40.593613,-74.09436,5.9927278
3591,40.58892,-74.07702,5.9341803
3592,40.579967,-74.09472,5.918462
3593,40.573486,-74.11332,5.9594774
3594,40.583984,-74.10635,5.9437046
3595,40.57981,-74.107796,5.9712625
3596,40.578587,-74.11423,5.961352
3597,40.572807,-74.10046,5.89183
3598,40.572178,-74.09756,5.878425
3599,40.572033,-74.09543,5.8348575
3600,40.581703,-74.10009,5.938814
3601,40.57842,-74.10078,5.9140573
3602,40.613808,-74.10101,5.973325
3603,40.6091,-74.08429,5.9859877
3604,40.619907,-74.08173,6.247144
3605,40.61614,-74.07233,6.2262897
3606,40.598186,-74.07572,5.954995
3607,40.606373,-74.08765,5.945538
3608,40.612125,-74.07709,6.128672
3609,40.619072,-74.10069,5.982115
3610,40.60793,-74.100845,5.9410925
3611,40.606625,-74.09948,5.92855
3612,40.615875,-74.07713,6.2093787
3613,40.616047,-74.08246,6.0953403
3614,40.609226,-74.073265,6.039975
3615,40.62138,-74.11181,6.0253167
3616,40.618984,-74.0996,5.9863877
3617,40.61975,-74.08609,6.182716
3618,40.610012,-74.07649,6.0079794
3619,40.603416,-74.08911,5.9775586
3620,40.610687,-74.07445,6.1612206
3621,40.612823,-74.09917,5.9701614
3622,40.615105,-74.079185,6.0953403
3623,40.617573,-74.0758,6.2911615
3624,40.597286,-74.09216,5.9830403
3625,40.615948,-74.07675,6.2093787
3626,40.60357,-74.082535,5.9622235
3627,40.60552,-74.087944,5.945538
3628,40.598984,-74.09092,5.9854245
3629,40.620106,-74.109825,6.0253167
3630,40.61431,-74.07974,6.0953403
3631,40.59994,-74.09444,5.9185405
3632,40.61248,-74.08124,6.0308585
3633,40.57323,-74.090645,5.7794094
3634,40.57911,-74.09833,5.938814
3635,40.58602,-74.095474,6.002999
3636,40.590645,-74.07626,5.9341803
3637,40.590645,-74.07626,5.9341803
3638,40.5906,-74.07919,5.9517345
3639,40.593918,-74.0719,5.9982023
3640,40.592335,-74.06835,6.005348
3641,40.58468,-74.0976,5.969207
3642,40.577328,-74.09658,5.8893833
3643,40.572502,-74.09132,5.772396
3644,40.5774,-74.10394,5.960522
3645,40.58767,-74.08668,5.9467816
3646,40.581932,-74.10676,5.9373074
3647,40.579494,-74.10775,5.9712625
3648,40.594105,-74.070915,5.9982023
3649,40.57565,-74.10936,5.9753957
3650,40.590546,-74.09573,6.0072904
3651,40.576424,-74.10714,5.977396
3652,40.580605,-74.10681,5.9373074
3653,40.57886,-74.10452,5.960522
3654,40.591404,-74.08352,5.9517345
3655,40.59045,-74.07182,5.892027
3656,40.591824,-74.10911,5.8792915
3657,40.580383,-74.11107,5.9712625
3658,40.5959,-74.08339,5.968427
3659,40.595592,-74.07747,5.960273
3660,40.571255,-74.11006,5.9507003
3661,40.58086,-74.095146,5.918462
3662,40.57282,-74.0928,5.8279343
3663,40.5795,-74.111046,5.9712625
3664,40.579765,-74.08848,5.8612814
3665,40.58957,-74.10038,5.9694443
3666,40.573677,-74.0937,5.8279343
3667,40.581055,-74.09517,5.918462
3668,40.584892,-74.10092,5.964615
3669,40.58391,-74.111374,5.913703
3670,40.581295,-74.0879,5.8195
3671,40.576912,-74.09576,5.8893833
3672,40.587757,-74.097176,6.002999
3673,40.580196,-74.10186,5.9476314
3674,40.573437,-74.10318,5.9326234
3675,40.574226,-74.089325,5.7794094
3676,40.58468,-74.0976,5.969207
3677,40.59257,-74.093,5.9975657
3678,40.58775,-74.09717,6.002999
3679,40.58085,-74.08862,5.8612814
3680,40.575405,-74.11315,5.9753957
3681,40.592464,-74.081566,5.952589
3682,40.574944,-74.1107,5.9753957
3683,40.57494,-74.09403,5.8279343
3684,40.595634,-74.07749,5.960273
3685,40.58337,-74.10046,5.969207
3686,40.57528,-74.10639,5.9733157
3687,40.576744,-74.08872,5.8360615
3688,40.595158,-74.10383,5.882947
3689,40.5712,-74.11331,5.9411936
3690,40.587738,-74.09961,5.9625382
3691,40.572308,-74.09592,5.8348575
3692,40.592285,-74.082275,5.952589
3693,40.579494,-74.10775,5.9712625
3694,40.595226,-74.06983,6.0137606
3695,40.593742,-74.0985,5.9408846
3696,40.57137,-74.098045,5.878425
3697,40.58479,-74.09712,5.954638
3698,40.580265,-74.08023,5.7680097
3699,40.587524,-74.09671,6.002999
3700,40.574432,-74.0897,5.7794094
3701,40.573414,-74.09215,5.8279343
3702,40.58951,-74.07649,5.9341803
3703,40.58364,-74.100845,5.964615
3704,40.57917,-74.10323,5.9476314
3705,40.57339,-74.103226,5.9326234
3706,40.577,-74.09624,5.8893833
3707,40.57459,-74.09672,5.8587923
3708,40.58817,-74.09753,5.9625382
3709,40.576622,-74.095825,5.8893833
3710,40.579773,-74.10772,5.9712625
3711,40.580105,-74.087296,5.8195
3712,40.58364,-74.100845,5.964615
3713,40.58686,-74.090126,5.969681
3714,40.577335,-74.09848,5.9034233
3715,40.595676,-74.093315,5.9830403
3716,40.57532,-74.09577,5.8587923
3717,40.595123,-74.09269,5.9830403
3718,40.5795,-74.107765,5.9712625
3719,40.579773,-74.10772,5.9712625
3720,40.576645,-74.097435,5.8893833
3721,40.592567,-74.077675,5.950504
3722,40.58639,-74.089264,5.969681
3723,40.576366,-74.09559,5.8893833
3724,40.588387,-74.11054,5.881376
3725,40.591736,-74.07786,5.950504
3726,40.573128,-74.112,5.9753957
3727,40.579865,-74.09824,5.938814
3728,40.582867,-74.0953,5.954638
3729,40.595688,-74.09824,5.907997
3730,40.58307,-74.10294,5.964615
3731,40.579098,-74.10743,5.9712625
3732,40.579773,-74.10772,5.9712625
3733,40.579494,-74.10775,5.9712625
3734,40.573875,-74.09342,5.8279343
3735,40.58839,-74.073425,5.83172
3736,40.572453,-74.09038,5.756181
3737,40.573986,-74.095604,5.8587923
3738,40.57907,-74.1079,5.9712625
3739,40.593616,-74.08058,5.952589
3740,40.578953,-74.10364,5.9140573
3741,40.592167,-74.08475,5.952589
3742,40.595654,-74.10314,5.8962636
3743,40.592415,-74.0734,5.939103
3744,40.579548,-74.09391,5.8942227
3745,40.59192,-74.07515,5.939103
3746,40.575226,-74.09045,5.7794094
3747,40.591064,-74.08011,5.9517345
3748,40.57255,-74.09141,5.772396
3749,40.59024,-74.093346,6.010953
3750,40.59001,-74.090645,5.992805
3751,40.573868,-74.093414,5.8279343
3752,40.575947,-74.09591,5.8893833
3753,40.59552,-74.07115,6.0137606
3754,40.592163,-74.08476,5.952589
3755,40.608677,-74.117516,6.0270643
3756,40.615196,-74.151596,6.048522
3757,40.620953,-74.13435,6.2161484
3758,40.61956,-74.15509,6.14039
3759,40.603626,-74.1262,5.953208
3760,40.62014,-74.15961,6.247605
3761,40.615417,-74.1328,6.0643497
3762,40.60532,-74.12652,6.0701222
3763,40.602764,-74.13269,5.9165306
3764,40.602688,-74.120125,5.939024
3765,40.616955,-74.12652,6.1529613
3766,40.605335,-74.120575,6.035185
3767,40.60602,-74.13957,5.9788413
3768,40.6003,-74.13035,5.913917
3769,40.59772,-74.134476,5.8922853
3770,40.602757,-74.11727,5.917432
3771,40.60208,-74.13351,5.9165306
3772,40.614517,-74.13679,6.041612
3773,40.61701,-74.13751,6.1423454
3774,40.60574,-74.14331,5.9600234
3775,40.60957,-74.12515,6.0799117
3776,40.61466,-74.151634,6.048522
3777,40.617306,-74.12181,6.0660725
3778,40.616295,-74.12575,6.092149
3779,40.608578,-74.13434,6.033422
3780,40.617912,-74.13755,6.1423454
3781,40.612312,-74.12024,6.0760603
3782,40.61111,-74.13701,6.013929
3783,40.61393,-74.14592,6.047356
3784,40.61604,-74.127884,6.110375
3785,40.610645,-74.13649,6.013929
3786,40.608837,-74.14069,6.0027256
3787,40.61464,-74.11662,6.043823
3788,40.618008,-74.12175,6.0660725
3789,40.615314,-74.1415,6.041612
3790,40.611546,-74.134476,6.0431924
3791,40.619507,-74.12001,6.0660725
3792,40.618526,-74.12051,6.0660725
3793,40.609753,-74.12964,6.0766053
3794,40.609516,-74.156525,6.055798
3795,40.616344,-74.11835,6.043823
3796,40.619534,-74.12702,6.1529613
3797,40.61459,-74.1341,6.0643497
3798,40.61455,-74.15973,6.0684953
3799,40.60807,-74.151024,5.998109
3800,40.606415,-74.11502,5.965998
3801,40.61833,-74.139946,6.1423454
3802,40.61859,-74.15207,6.1675844
3803,40.61267,-74.15953,6.05909
3804,40.60372,-74.116844,5.917432
3805,40.618916,-74.15371,6.1675844
3806,40.61748,-74.13482,6.153915
3807,40.614914,-74.13306,6.0643497
3808,40.619396,-74.14779,6.164045
3809,40.602074,-74.1335,5.9165306
3810,40.614414,-74.146194,6.047356
3811,40.60605,-74.11971,6.035185
3812,40.616028,-74.14654,6.047356
3813,40.602863,-74.132164,5.936507
3814,40.61466,-74.151634,6.048522
3815,40.614853,-74.134,6.0643497
3816,40.61905,-74.14452,6.174307
3817,40.605316,-74.12967,6.0504103
3818,40.603672,-74.13798,5.914992
3819,40.610733,-74.1405,6.013929
3820,40.619568,-74.1551,6.14039
3821,40.61327,-74.14494,5.982379
3822,40.6196,-74.143524,6.174307
3823,40.618683,-74.14965,6.177091
3824,40.617928,-74.12264,6.0660725
3825,40.619793,-74.13864,6.1423454
3826,40.607513,-74.12741,6.093454
3827,40.60274,-74.11826,5.917432
3828,40.614353,-74.15979,6.0684953
3829,40.618393,-74.1557,6.14039
3830,40.61658,-74.138664,6.041612
3831,40.60205,-74.11759,5.917432
3832,40.604317,-74.1384,5.9788413
3833,40.61697,-74.126335,6.1529613
3834,40.61666,-74.126595,6.110375
3835,40.60743,-74.1333,6.007532
3836,40.61597,-74.14105,6.041612
3837,40.617428,-74.13049,6.1606774
3838,40.60865,-74.13283,6.033422
3839,40.604,-74.14228,5.910887
3840,40.609165,-74.13345,6.033422
3841,40.621243,-74.13224,6.2161484
3842,40.59955,-74.12967,5.913917
3843,40.61742,-74.1305,6.1606774
3844,40.606075,-74.12838,6.0701222
3845,40.612328,-74.1608,6.062494
3846,40.61422,-74.15893,6.0684953
3847,40.619568,-74.1551,6.14039
3848,40.601616,-74.1329,5.9165306
3849,40.611187,-74.11836,6.040707
3850,40.61368,-74.151886,6.0271997
3851,40.617146,-74.14292,6.174307
3852,40.607468,-74.12945,6.0504103
3853,40.6072,-74.15958,6.0489063
3854,40.605583,-74.11581,5.965998
3855,40.61451,-74.12658,6.110375
3856,40.608814,-74.131805,6.0766053
3857,40.598698,-74.13754,5.905797
3858,40.599873,-74.13387,5.910305
3859,40.600334,-74.13824,5.905797
3860,40.60978,-74.11697,6.0270643
3861,40.601337,-74.11852,5.917432
3862,40.61627,-74.146904,6.047356
3863,40.614082,-74.1149,6.00397
3864,40.61466,-74.151634,6.048522
3865,40.61673,-74.13501,6.0643497
3866,40.60238,-74.11665,5.917432
3867,40.620323,-74.14861,6.2211037
3868,40.62121,-74.12449,6.143702
3869,40.60135,-74.12124,5.939024
3870,40.602528,-74.129196,5.936507
3871,40.617897,-74.148834,6.177091
3872,40.617542,-74.118095,6.0355983
3873,40.615314,-74.11803,6.043823
3874,40.60075,-74.132065,5.913917
3875,40.60168,-74.139694,5.914992
3876,40.612045,-74.14356,5.98786
3877,40.604076,-74.11954,5.917432
3878,40.599148,-74.119194,5.89012
3879,40.613186,-74.149445,6.0176272
3880,40.60129,-74.139015,5.914992
3881,40.610184,-74.1376,6.0027256
3882,40.61878,-74.124916,6.1141224
3883,40.60494,-74.12345,6.0588717
3884,40.614395,-74.147995,6.047356
3885,40.616,-74.149826,6.0731363
3886,40.62142,-74.13916,6.2559886
3887,40.620457,-74.127525,6.175128
3888,40.605595,-74.14555,5.9416647
3889,40.619522,-74.15287,6.1675844
3890,40.611046,-74.13901,6.013929
3891,40.616707,-74.116936,6.043823
3892,40.617706,-74.13804,6.1423454
3893,40.616787,-74.145676,6.047356
3894,40.61724,-74.138985,6.1423454
3895,40.602333,-74.12036,5.939024
3896,40.60555,-74.121574,6.035185
3897,40.605476,-74.13524,6.007532
3898,40.61108,-74.12841,6.0981073
3899,40.612385,-74.15113,6.0176272
3900,40.603455,-74.11677,5.917432
3901,40.601486,-74.13615,5.914992
3902,40.61604,-74.1289,6.110375
3903,40.616302,-74.13443,6.0643497
3904,40.61718,-74.13463,6.153915
3905,40.60954,-74.13572,6.0027256
3906,40.615776,-74.14366,6.0343747
3907,40.616432,-74.11898,6.043823
3908,40.61093,-74.12386,6.0905046
3909,40.608063,-74.125916,6.093454
3910,40.604935,-74.12054,6.035185
3911,40.601646,-74.13298,5.9165306
3912,40.602695,-74.119705,5.939024
3913,40.610443,-74.13284,6.033422
3914,40.607857,-74.11803,6.0270643
3915,40.611588,-74.12098,6.0760603
3916,40.609715,-74.13351,6.033422
3917,40.57458,-74.09672,5.8587923
3918,40.579662,-74.09857,5.938814
3919,40.594543,-74.09817,5.9408846
3920,40.580334,-74.08036,5.7680097
3921,40.571384,-74.09913,5.878425
3922,40.579773,-74.10772,5.9712625
3923,40.57342,-74.11018,5.9753957
3924,40.5743,-74.104744,5.9733157
3925,40.579914,-74.08693,5.8195
3926,40.571167,-74.095345,5.8348575
3927,40.592293,-74.09519,5.9927278
3928,40.57907,-74.1079,5.9712625
3929,40.593163,-74.08127,5.952589
3930,40.583202,-74.09334,5.9078255
3931,40.595722,-74.06956,6.0137606
3932,40.58106,-74.087456,5.8195
3933,40.58468,-74.0976,5.969207
3934,40.591988,-74.07379,5.939103
3935,40.579494,-74.10775,5.9712625
3936,40.590546,-74.09573,6.0072904
3937,40.59427,-74.09019,5.9952135
3938,40.57979,-74.11221,5.9712625
3939,40.577435,-74.10779,5.977396
3940,40.581882,-74.102615,5.9476314
3941,40.5788,-74.08663,5.782129
3942,40.5795,-74.107765,5.9712625
3943,40.5728,-74.09344,5.8279343
3944,40.576645,-74.08369,5.7512603
3945,40.5767,-74.08375,5.7512603
3946,40.586895,-74.092094,5.996966
3947,40.5791,-74.10744,5.9712625
3948,40.577656,-74.08109,5.7512603
3949,40.573395,-74.10167,5.9326234
3950,40.5738,-74.09464,5.8587923
3951,40.57248,-74.0908,5.756181
3952,40.574623,-74.10162,5.9326234
3953,40.593327,-74.08103,5.952589
3954,40.574272,-74.09314,5.8279343
3955,40.59291,-74.08943,5.9952135
3956,40.57419,-74.09303,5.8279343
3957,40.579105,-74.107445,5.9712625
3958,40.51344,-74.247345,5.994822
3959,40.51411,-74.19515,5.525901
3960,40.502464,-74.237785,5.4967833
3961,40.51141,-74.23309,5.6057897
3962,40.50725,-74.245995,5.5869846
3963,40.510143,-74.25049,5.600186
3964,40.50972,-74.24377,5.615044
3965,40.501457,-74.23434,5.498675
3966,40.513985,-74.24074,6.6949
3967,40.50733,-74.25472,5.5707407
3968,40.50519,-74.24818,5.5599146
3969,40.510876,-74.25182,5.600186
3970,40.51328,-74.23931,6.6953673
3971,40.5017,-74.2377,5.4967833
3972,40.50029,-74.24454,5.518089
3973,40.5017,-74.23772,5.4967833
3974,40.51278,-74.24869,5.6120563
3975,40.50453,-74.24921,5.546319
3976,40.504665,-74.241196,5.5491962
3977,40.513058,-74.24117,6.6949
3978,40.512398,-74.23625,5.6296563
3979,40.504223,-74.25094,5.546319
3980,40.504704,-74.223495,5.5011396
3981,40.51996,-74.2124,5.669598
3982,40.504868,-74.23744,5.5476074
3983,40.502464,-74.237785,5.4967833
3984,40.503757,-74.251045,5.546319
3985,40.50721,-74.25328,5.5707407
3986,40.507366,-74.231735,5.530027
3987,40.507366,-74.231735,5.530027
3988,40.5145,-74.195435,5.529052
3989,40.511646,-74.24602,5.6120563
3990,40.510765,-74.23922,5.656648
3991,40.509712,-74.24163,5.647493
3992,40.520123,-74.19608,5.5660405
3993,40.50179,-74.24797,5.5247874
3994,40.511814,-74.24797,5.6120563
3995,40.51891,-74.20062,5.5508456
3996,40.499523,-74.24011,5.4888005
3997,40.502457,-74.23778,5.4967833
3998,40.618095,-74.12075,6.0660725
3999,40.60029,-74.12356,5.915847
4000,40.615685,-74.121155,6.073322
4001,40.608948,-74.13344,6.033422
4002,40.611546,-74.13539,6.013929
4003,40.59927,-74.13715,5.905797
4004,40.605923,-74.15995,6.0489063
4005,40.618298,-74.13718,6.1423454
4006,40.599415,-74.12841,5.92676
4007,40.616367,-74.13698,6.041612
4008,40.602768,-74.11672,5.917432
4009,40.61846,-74.13815,6.1423454
4010,40.619175,-74.13848,6.1423454
4011,40.6143,-74.145004,6.047356
4012,40.6096,-74.12859,6.093454
4013,40.605324,-74.12252,6.035185
4014,40.618523,-74.140495,6.1423454
4015,40.602943,-74.13825,5.914992
4016,40.610294,-74.13566,6.0027256
4017,40.606167,-74.12996,6.0504103
4018,40.618027,-74.15632,6.14039
4019,40.61956,-74.15509,6.14039
4020,40.60895,-74.1338,6.033422
4021,40.61984,-74.15266,6.1675844
4022,40.61687,-74.11897,6.043823
4023,40.616318,-74.12201,6.073322
4024,40.601215,-74.129944,5.936507
4025,40.602818,-74.1222,5.939024
4026,40.60075,-74.132065,5.913917
4027,40.599133,-74.13366,5.910305
4028,40.608997,-74.16029,6.0574255
4029,40.617584,-74.12799,6.1529613
4030,40.601624,-74.132904,5.9165306
4031,40.60223,-74.13479,5.9165306
4032,40.610645,-74.15031,6.0176272
4033,40.621235,-74.1371,6.2559886
4034,40.60013,-74.125534,5.915847
4035,40.616936,-74.137794,6.041612
4036,40.60574,-74.12026,6.035185
4037,40.60013,-74.134995,5.910305
4038,40.600845,-74.13249,5.910305
4039,40.59031,-74.07868,5.9517345
4040,40.5795,-74.107765,5.9712625
4041,40.591,-74.10389,5.895015
4042,40.588314,-74.085846,5.9467816
4043,40.583073,-74.09309,5.9078255
4044,40.59356,-74.09589,5.9927278
4045,40.572964,-74.11232,5.9753957
4046,40.574272,-74.10469,5.9733157
4047,40.57389,-74.10341,5.9326234
4048,40.586205,-74.088844,5.969681
4049,40.57426,-74.10468,5.9733157
4050,40.572044,-74.094086,5.772396
4051,40.572487,-74.10075,5.9272184
4052,40.57357,-74.09309,5.8279343
4053,40.59457,-74.06855,6.005348
4054,40.595592,-74.07226,5.9517846
4055,40.593327,-74.0838,5.952589
4056,40.57176,-74.10943,5.9507003
4057,40.590546,-74.09573,6.0072904
4058,40.59457,-74.06855,6.005348
4059,40.58056,-74.087135,5.8195
4060,40.575752,-74.09436,5.8587923
4061,40.59306,-74.08375,5.952589
4062,40.575195,-74.109505,5.9753957
4063,40.576954,-74.10173,5.9140573
4064,40.574677,-74.11393,5.9594774
4065,40.591076,-74.08351,5.9517345
4066,40.581757,-74.1064,5.9373074
4067,40.581203,-74.103745,5.9476314
4068,40.587856,-74.097946,5.9625382
4069,40.579803,-74.08744,5.8195
4070,40.574203,-74.09602,5.8587923
4071,40.5788,-74.07931,5.7512603
4072,40.586433,-74.08748,5.9467816
4073,40.59231,-74.068665,6.005348
4074,40.59334,-74.073456,5.939103
4075,40.59275,-74.09494,5.9927278
4076,40.58361,-74.105,5.9437046
4077,40.573654,-74.112175,5.9753957
4078,40.589153,-74.1004,5.9694443
4079,40.576942,-74.09647,5.8893833
4080,40.58491,-74.09731,5.954638
4081,40.593864,-74.092735,5.9975657
4082,40.580906,-74.08716,5.8195
4083,40.574474,-74.08977,5.7794094
4084,40.5843,-74.09117,5.886398
4085,40.574623,-74.10163,5.9326234
4086,40.583168,-74.093994,5.9078255
4087,40.58689,-74.09242,5.996966
4088,40.58616,-74.08774,5.9467816
4089,40.57116,-74.11385,5.9411936
4090,40.591503,-74.08093,5.9517345
4091,40.5795,-74.107765,5.9712625
4092,40.581013,-74.08736,5.8195
4093,40.579914,-74.08766,5.8195
4094,40.585106,-74.095924,5.954638
4095,40.585106,-74.095924,5.954638
4096,40.584736,-74.08976,5.886398
4097,40.587288,-74.08791,5.9467816
4098,40.580246,-74.11033,5.9712625
4099,40.581085,-74.10578,5.9373074
4100,40.574223,-74.09642,5.8587923
4101,40.582256,-74.08694,5.847415
4102,40.5891,-74.10069,5.908178
4103,40.58489,-74.10092,5.964615
4104,40.584778,-74.10591,5.9437046
4105,40.588696,-74.074,5.8861747
4106,40.57823,-74.09315,5.8727813
4107,40.582855,-74.09456,5.954638
4108,40.60256,-74.13446,5.9165306
4109,40.605038,-74.11988,6.035185
4110,40.61508,-74.13168,6.0996075
4111,40.61491,-74.134735,6.0643497
4112,40.607372,-74.14706,5.9416647
4113,40.598904,-74.13821,5.905797
4114,40.59934,-74.13652,5.905797
4115,40.607445,-74.147125,5.9416647
4116,40.61618,-74.15037,6.0731363
4117,40.61791,-74.129395,6.1606774
4118,40.60251,-74.13447,5.9165306
4119,40.60834,-74.14027,6.0027256
4120,40.618862,-74.130066,6.1606774
4121,40.617184,-74.13934,6.1423454
4122,40.601192,-74.12122,5.939024
4123,40.61152,-74.12936,6.0858784
4124,40.61678,-74.12864,6.110375
4125,40.615562,-74.14371,6.0343747
4126,40.616245,-74.15073,6.0731363
4127,40.603497,-74.12938,5.936507
4128,40.607414,-74.147125,5.9416647
4129,40.617527,-74.11618,6.015197
4130,40.616844,-74.1477,6.047356
4131,40.605026,-74.11987,6.035185
4132,40.61011,-74.131805,6.0766053
4133,40.598995,-74.12869,5.92676
4134,40.615387,-74.128044,6.110375
4135,40.61796,-74.134674,6.153915
4136,40.603764,-74.123856,5.951583
4137,40.61814,-74.14066,6.1423454
4138,40.607254,-74.11696,5.997077
4139,40.61622,-74.14262,6.0343747
4140,40.60118,-74.12539,5.951583
4141,40.617676,-74.11748,6.0355983
4142,40.616783,-74.11995,6.073322
4143,40.615353,-74.132355,6.0643497
4144,40.599945,-74.12694,5.92676
4145,40.59894,-74.12783,5.92676
4146,40.61369,-74.15189,6.0271997
4147,40.613102,-74.13443,6.0431924
4148,40.610718,-74.14238,5.98786
4149,40.612385,-74.15113,6.0176272
4150,40.618156,-74.12446,6.1141224
4151,40.609886,-74.13445,6.033422
4152,40.600624,-74.13653,5.905797
4153,40.61348,-74.12496,6.0905046
4154,40.60103,-74.128654,5.92676
4155,40.606533,-74.14681,5.9416647
4156,40.61517,-74.151375,6.048522
4157,40.618603,-74.1298,6.1606774
4158,40.60613,-74.13857,5.9788413
4159,40.604286,-74.120094,5.939024
4160,40.613167,-74.13386,6.0431924
4161,40.610756,-74.147675,5.982379
4162,40.621384,-74.12955,6.1927147
4163,40.615,-74.137375,6.041612
4164,40.614677,-74.118195,6.043823
4165,40.61812,-74.13742,6.1423454
4166,40.603123,-74.12365,5.951583
4167,40.60448,-74.160484,6.0489063
4168,40.612484,-74.14638,5.982379
4169,40.61245,-74.123726,6.0905046
4170,40.615616,-74.145004,6.047356
4171,40.619514,-74.15285,6.1675844
4172,40.619003,-74.1377,6.1423454
4173,40.609,-74.13567,6.0027256
4174,40.606136,-74.13563,5.9788413
4175,40.60049,-74.13388,5.910305
4176,40.613926,-74.14242,6.0343747
4177,40.6148,-74.152245,6.048522
4178,40.61313,-74.1295,6.0858784
4179,40.618774,-74.15181,6.1675844
4180,40.612614,-74.14851,6.0176272
4181,40.599422,-74.1284,5.92676
4182,40.60075,-74.132065,5.913917
4183,40.61466,-74.151634,6.048522
4184,40.60467,-74.13528,6.007532
4185,40.618156,-74.12971,6.1606774
4186,40.60315,-74.12523,5.951583
4187,40.611973,-74.11579,6.006557
4188,40.602142,-74.13205,5.936507
4189,40.604877,-74.138084,5.9788413
4190,40.618034,-74.15633,6.14039
4191,40.61456,-74.13402,6.0643497
4192,40.6181,-74.14842,6.177091
4193,40.61401,-74.1172,6.043823
4194,40.62015,-74.151985,6.3134327
4195,40.60079,-74.11815,5.89012
4196,40.612385,-74.15113,6.0176272
4197,40.61779,-74.14918,6.177091
4198,40.61354,-74.12982,6.0858784
4199,40.61164,-74.145134,5.982379
4200,40.604668,-74.14228,5.9600234
4201,40.61697,-74.12248,6.0660725
4202,40.620358,-74.1481,6.2211037
4203,40.609364,-74.131905,6.0766053
4204,40.59852,-74.12476,5.915847
4205,40.611004,-74.12932,6.0858784
4206,40.62091,-74.1253,6.143702
4207,40.602993,-74.11858,5.917432
4208,40.59936,-74.12876,5.92676
4209,40.62115,-74.14507,6.2284026
4210,40.608807,-74.13472,6.033422
4211,40.619343,-74.11903,6.0355983
4212,40.62095,-74.12537,6.143702
4213,40.607403,-74.13365,6.007532
4214,40.615185,-74.151505,6.048522
4215,40.609516,-74.156525,6.055798
4216,40.601616,-74.1329,5.9165306
4217,40.600967,-74.12901,5.92676
4218,40.610992,-74.139015,6.013929
4219,40.601055,-74.13308,5.910305
4220,40.611084,-74.1393,6.013929
4221,40.60395,-74.12772,5.953208
4222,40.61873,-74.14134,6.1423454
4223,40.61731,-74.12715,6.1529613
4224,40.611324,-74.13539,6.013929
4225,40.61611,-74.12437,6.092149
4226,40.61956,-74.155106,6.14039
4227,40.613167,-74.13762,6.013929
4228,40.59931,-74.13659,5.905797
4229,40.60367,-74.11859,5.917432
4230,40.619267,-74.120514,6.0660725
4231,40.61369,-74.15189,6.0271997
4232,40.606712,-74.11467,5.965998
4233,40.617737,-74.14051,6.1423454
4234,40.614746,-74.1396,6.041612
4235,40.604034,-74.13467,5.9165306
4236,40.61652,-74.15064,6.0731363
4237,40.6046,-74.12829,6.0701222
4238,40.619522,-74.15287,6.1675844
4239,40.609325,-74.11469,5.9901996
4240,40.617416,-74.12391,6.1141224
4241,40.609528,-74.15653,6.055798
4242,40.61653,-74.14746,6.047356
4243,40.61295,-74.14047,6.013929
4244,40.609592,-74.125046,6.0799117
4245,40.606724,-74.144684,5.9600234
4246,40.613907,-74.13304,6.0643497
4247,40.601616,-74.118324,5.917432
4248,40.618305,-74.15685,6.14039
4249,40.620956,-74.13326,6.2161484
4250,40.6126,-74.116196,6.006557
4251,40.601074,-74.13806,5.905797
4252,40.616646,-74.14461,6.0343747
4253,40.618687,-74.16034,6.114788
4254,40.614918,-74.14566,6.047356
4255,40.60683,-74.12731,6.0701222
4256,40.617126,-74.15047,6.177091
4257,40.60327,-74.129,5.953208
4258,40.606403,-74.138214,5.9788413
4259,40.62103,-74.146996,6.2284026
4260,40.609978,-74.13256,6.033422
4261,40.614456,-74.15921,6.0684953
4262,40.618084,-74.13509,6.153915
4263,40.613625,-74.130516,6.0858784
4264,40.61258,-74.13379,6.0431924
4265,40.605564,-74.116066,5.965998
4266,40.6006,-74.130394,5.913917
4267,40.61055,-74.12381,6.0799117
4268,40.602665,-74.12806,5.953208
4269,40.611855,-74.1507,6.0176272
4270,40.60991,-74.11709,6.0270643
4271,40.618073,-74.14358,6.174307
4272,40.615723,-74.156006,6.048745
4273,40.5988,-74.137054,5.905797
4274,40.613724,-74.159996,6.05909
4275,40.603188,-74.12401,5.951583
4276,40.571148,-74.14213,5.754991
4277,40.581085,-74.16111,5.8920927
4278,40.594673,-74.160194,5.906216
4279,40.571445,-74.12666,5.8215604
4280,40.571404,-74.13502,5.776704
4281,40.589336,-74.15963,5.8969455
4282,40.58928,-74.14506,5.8353333
4283,40.573566,-74.13676,5.777067
4284,40.580708,-74.160225,5.878467
4285,40.589745,-74.149506,5.836958
4286,40.59306,-74.15966,5.906216
4287,40.59181,-74.14965,5.8538237
4288,40.583008,-74.15805,5.9151087
4289,40.58667,-74.15474,5.897962
4290,40.572853,-74.12353,5.850123
4291,40.57143,-74.12568,5.8530946
4292,40.583,-74.15804,5.9151087
4293,40.587933,-74.152756,5.8230357
4294,40.572533,-74.12929,5.7963634
4295,40.5775,-74.11811,5.9224195
4296,40.58582,-74.16078,5.9350677
4297,40.58076,-74.154945,5.856049
4298,40.589684,-74.15584,5.8830585
4299,40.586433,-74.15113,5.8108225
4300,40.57552,-74.12491,5.850123
4301,40.590584,-74.14814,5.836958
4302,40.575356,-74.1166,5.9351296
4303,40.57708,-74.12516,5.847608
4304,40.590286,-74.1503,5.836958
4305,40.590584,-74.14814,5.836958
4306,40.57399,-74.1434,5.767462
4307,40.591133,-74.15014,5.836958
4308,40.577927,-74.16111,5.863345
4309,40.591457,-74.15266,5.8517594
4310,40.580925,-74.13186,5.8017344
4311,40.586685,-74.15162,5.8230357
4312,40.57351,-74.12466,5.850123
4313,40.59457,-74.1547,5.889795
4314,40.578007,-74.1605,5.854487
4315,40.571323,-74.12795,5.8215604
4316,40.585155,-74.15402,5.8143296
4317,40.594673,-74.160194,5.906216
4318,40.586315,-74.14963,5.8108225
4319,40.581085,-74.16111,5.8920927
4320,40.593063,-74.159676,5.906216
4321,40.581097,-74.16112,5.8920927
4322,40.577133,-74.15986,5.854487
4323,40.5812,-74.15757,5.878467
4324,40.583,-74.15806,5.9151087
4325,40.591553,-74.15398,5.8517594
4326,40.586113,-74.14671,5.808536
4327,40.593063,-74.15968,5.906216
4328,40.584606,-74.14901,5.8023186
4329,40.58888,-74.15383,5.8517594
4330,40.591827,-74.15594,5.889795
4331,40.5711,-74.12667,5.8215604
4332,40.59181,-74.14965,5.8538237
4333,40.594273,-74.15519,5.889795
4334,40.5765,-74.117294,5.9224195
4335,40.57687,-74.125725,5.847608
4336,40.58627,-74.14769,5.808536
4337,40.578075,-74.122,5.889296
4338,40.57939,-74.1328,5.797578
4339,40.578365,-74.12213,5.889296
4340,40.57737,-74.1256,5.847608
4341,40.59012,-74.155075,5.8830585
4342,40.590214,-74.14725,5.8353333
4343,40.591805,-74.1555,5.889795
4344,40.58374,-74.16005,5.9151087
4345,40.571815,-74.1351,5.776704
4346,40.575275,-74.1265,5.8220778
4347,40.573334,-74.11852,5.9351296
4348,40.591827,-74.15502,5.889795
4349,40.580463,-74.15692,5.856049
4350,40.588257,-74.15528,5.897962
4351,40.59045,-74.15212,5.8517594
4352,40.589077,-74.15054,5.836958
4353,40.577206,-74.119446,5.9224195
4354,40.583008,-74.15805,5.9151087
4355,40.58174,-74.156456,5.856049
4356,40.59034,-74.15809,5.8969455
4357,40.57588,-74.12658,5.8220778
4358,40.591137,-74.15013,5.836958
4359,40.59137,-74.15513,5.8830585
4360,40.581413,-74.15606,5.856049
4361,40.571316,-74.11951,5.914465
4362,40.577667,-74.11836,5.9224195
4363,40.571922,-74.13421,5.776704
4364,40.584465,-74.15846,5.9151087
4365,40.571224,-74.13412,5.776704
4366,40.572407,-74.12216,5.890708
4367,40.58071,-74.16022,5.878467
4368,40.586025,-74.14812,5.8108225
4369,40.590584,-74.14814,5.836958
4370,40.578655,-74.122505,5.889296
4371,40.590576,-74.14815,5.836958
4372,40.589504,-74.15722,5.8830585
4373,40.57655,-74.12516,5.847608
4374,40.574562,-74.12605,5.8220778
4375,40.588814,-74.149864,5.836958
4376,40.58607,-74.16053,5.925477
4377,40.578007,-74.1605,5.854487
4378,40.579613,-74.156204,5.856049
4379,40.578014,-74.16052,5.854487
4380,40.572918,-74.12899,5.8220778
4381,40.57946,-74.11876,5.892033
4382,40.580822,-74.12723,5.808336
4383,40.593185,-74.151794,5.861487
4384,40.5807,-74.16021,5.878467
4385,40.59181,-74.14965,5.8538237
4386,40.590275,-74.15238,5.8517594
4387,40.581245,-74.15833,5.878467
4388,40.59003,-74.15328,5.8517594
4389,40.57342,-74.13754,5.777067
4390,40.584007,-74.14923,5.8023186
4391,40.593067,-74.15968,5.906216
4392,40.582035,-74.13249,5.797578
4393,40.571983,-74.11513,5.9411936
4394,40.594673,-74.160194,5.906216
4395,40.572018,-74.12613,5.8215604
4396,40.583538,-74.15967,5.9151087
4397,40.588436,-74.15364,5.8230357
4398,40.595657,-74.15925,5.9190493
4399,40.57621,-74.1158,5.961352
4400,40.572044,-74.12519,5.8530946
4401,40.592422,-74.15177,5.861487
4402,40.59092,-74.16101,5.9045935
4403,40.577984,-74.12664,5.817323
4404,40.585514,-74.15045,5.8108225
4405,40.57258,-74.129364,5.7963634
4406,40.579006,-74.15848,5.854487
4407,40.58642,-74.14702,5.808536
4408,40.5807,-74.16021,5.878467
4409,40.59307,-74.159676,5.906216
4410,40.572536,-74.13636,5.7627854
4411,40.58046,-74.156906,5.856049
4412,40.579006,-74.15848,5.854487
4413,40.57161,-74.13332,5.776704
4414,40.59307,-74.159676,5.906216
4415,40.59058,-74.148155,5.836958
4416,40.57754,-74.126045,5.817323
4417,40.591892,-74.15142,5.861487
4418,40.571518,-74.12583,5.8530946
4419,40.59307,-74.15967,5.906216
4420,40.590584,-74.14814,5.836958
4421,40.581192,-74.157555,5.878467
4422,40.59112,-74.15944,5.8969455
4423,40.578297,-74.15779,5.854487
4424,40.577503,-74.1259,5.847608
4425,40.58094,-74.134125,5.797578
4426,40.591892,-74.15588,5.889795
4427,40.57133,-74.141884,5.754991
4428,40.590576,-74.14813,5.836958
4429,40.59181,-74.14965,5.8538237
4430,40.586864,-74.147514,5.808536
4431,40.58795,-74.15065,5.8108225
4432,40.581196,-74.157555,5.878467
4433,40.594677,-74.16021,5.906216
4434,40.591457,-74.160034,5.8969455
4435,40.581413,-74.15606,5.856049
4436,40.590576,-74.14815,5.836958
4437,40.585857,-74.16032,5.925477
4438,40.572098,-74.11758,5.914465
4439,40.589176,-74.14248,5.8469043
4440,40.59058,-74.148155,5.836958
4441,40.58676,-74.16102,5.9350677
4442,40.57125,-74.118095,5.914465
4443,40.583008,-74.158066,5.9151087
4444,40.574165,-74.12402,5.850123
4445,40.578,-74.16049,5.854487
4446,40.585255,-74.16018,5.9151087
4447,40.589508,-74.15778,5.8969455
4448,40.590282,-74.15031,5.836958
4449,40.587215,-74.160286,5.925477
4450,40.571693,-74.12694,5.8215604
4451,40.577637,-74.11796,5.9224195
4452,40.57776,-74.11723,5.9224195
4453,40.571964,-74.125046,5.8530946
4454,40.59181,-74.14965,5.8538237
4455,40.579556,-74.11966,5.8741126
4456,40.586597,-74.15235,5.8230357
4457,40.58071,-74.16022,5.878467
4458,40.571716,-74.12813,5.8215604
4459,40.584312,-74.15829,5.9151087
4460,40.571384,-74.132835,5.776704
4461,40.591805,-74.14966,5.8538237
4462,40.588734,-74.14495,5.8353333
4463,40.589294,-74.15513,5.8830585
4464,40.572796,-74.13597,5.777067
4465,40.591137,-74.15013,5.836958
4466,40.57589,-74.12659,5.8220778
4467,40.594673,-74.160194,5.906216
4468,40.571472,-74.11933,5.914465
4469,40.573605,-74.14421,5.767462
4470,40.57233,-74.13672,5.7627854
4471,40.57273,-74.13645,5.7627854
4472,40.576385,-74.12203,5.889296
4473,40.57147,-74.11787,5.914465
4474,40.59306,-74.15966,5.906216
4475,40.59327,-74.1579,5.906216
4476,40.588676,-74.14947,5.836958
4477,40.588326,-74.14952,5.8108225
4478,40.578606,-74.12257,5.889296
4479,40.58046,-74.156906,5.856049
4480,40.58831,-74.1495,5.8108225
4481,40.588314,-74.149506,5.8108225
4482,40.577316,-74.16111,5.863345
4483,40.578297,-74.15779,5.854487
4484,40.591133,-74.15013,5.836958
4485,40.58953,-74.15498,5.8830585
4486,40.583008,-74.15805,5.9151087
4487,40.592014,-74.15168,5.861487
4488,40.58647,-74.14653,5.808536
4489,40.58099,-74.15282,5.801119
4490,40.57927,-74.135666,5.7958865
4491,40.577507,-74.125916,5.817323
4492,40.57187,-74.12763,5.8215604
4493,40.59046,-74.1474,5.8353333
4494,40.59181,-74.14965,5.8538237
4495,40.57899,-74.13596,5.789154
4496,40.578907,-74.12769,5.817323
4497,40.575428,-74.14298,5.767462
4498,40.591225,-74.15548,5.8830585
4499,40.57961,-74.13456,5.797578
4500,40.589268,-74.146484,5.8353333
4501,40.583,-74.15804,5.9151087
4502,40.57885,-74.12225,5.889296
4503,40.573303,-74.135704,5.777067
4504,40.572678,-74.12176,5.890708
4505,40.58724,-74.14958,5.8108225
4506,40.577133,-74.15986,5.854487
4507,40.575813,-74.13618,5.777067
4508,40.594673,-74.160194,5.906216
4509,40.581196,-74.15756,5.878467
4510,40.57223,-74.127785,5.8215604
4511,40.595974,-74.15797,5.9190493
4512,40.591133,-74.15014,5.836958
4513,40.57367,-74.12042,5.881123
4514,40.576584,-74.119736,5.889296
4515,40.57708,-74.116,5.961352
4516,40.588543,-74.14963,5.836958
4517,40.58854,-74.149605,5.836958
4518,40.594673,-74.160194,5.906216
4519,40.572655,-74.12637,5.8215604
4520,40.583008,-74.15804,5.9151087
4521,40.59374,-74.15797,5.906216
4522,40.58898,-74.15307,5.8517594
4523,40.588543,-74.14963,5.836958
4524,40.57787,-74.12097,5.889296
4525,40.57351,-74.12007,5.881123
4526,40.588535,-74.149605,5.836958
4527,40.593357,-74.1521,5.861487
4528,40.590595,-74.15274,5.8517594
4529,40.57618,-74.121506,5.889296
4530,40.588676,-74.14947,5.836958
4531,40.576324,-74.12134,5.889296
4532,40.59181,-74.14965,5.8538237
4533,40.58717,-74.15136,5.8230357
4534,40.571415,-74.11937,5.914465
4535,40.58934,-74.151375,5.8517594
4536,40.57207,-74.12307,5.8530946
4537,40.69211,-73.92157,6.5157914
4538,40.68023,-73.906906,6.34293
4539,40.696465,-73.90432,7.033522
4540,40.67696,-73.88071,6.4222445
4541,40.68052,-73.888405,6.065218
4542,40.674007,-73.90734,6.5094557
4543,40.692955,-73.9202,6.609355
4544,40.696686,-73.89151,6.1727505
4545,40.68023,-73.906906,6.34293
4546,40.68438,-73.92541,6.448014
4547,40.678463,-73.909256,6.4177012
4548,40.688103,-73.910194,6.463217
4549,40.687466,-73.91098,6.463217
4550,40.678448,-73.894325,6.3222127
4551,40.697098,-73.89569,6.7394586
4552,40.68671,-73.923225,6.423956
4553,40.684177,-73.91709,6.352857
4554,40.691566,-73.90867,6.6832957
4555,40.69232,-73.903244,6.6289034
4556,40.687622,-73.91413,6.4140787
4557,40.687656,-73.909454,6.463217
4558,40.68863,-73.91907,6.3978124
4559,40.68461,-73.88335,6.141729
4560,40.68072,-73.89233,5.9022155
4561,40.718033,-73.8983,6.1803007
4562,40.702065,-73.90826,6.8735914
4563,40.72061,-73.9061,7.882935
4564,40.705486,-73.917725,7.7371516
4565,40.718338,-73.893486,6.0474167
4566,40.717487,-73.88533,5.822847
4567,40.716095,-73.87981,5.8410096
4568,40.716713,-73.88323,5.822847
4569,40.698032,-73.88911,5.914229
4570,40.702717,-73.92038,7.545873
4571,40.718582,-73.891685,5.9234605
4572,40.707203,-73.899864,6.6104817
4573,40.7131,-73.88339,5.9850287
4574,40.701157,-73.916115,7.1166487
4575,40.718582,-73.891685,5.9234605
4576,40.711456,-73.90312,6.6054482
4577,40.706017,-73.891655,6.8121657
4578,40.712437,-73.90359,6.9453063
4579,40.70797,-73.89714,6.694155
4580,40.702847,-73.91107,6.7112837
4581,40.70681,-73.918236,7.7371516
4582,40.71689,-73.90757,7.5636077
4583,40.717968,-73.89841,6.1803007
4584,40.70107,-73.923004,7.5275493
4585,40.704796,-73.919556,7.545873
4586,40.701424,-73.88713,6.581484
4587,40.714325,-73.896706,6.3813457
4588,40.69723,-73.90275,7.033522
4589,40.715237,-73.882126,5.8410096
4590,40.704494,-73.88965,6.840824
4591,40.707443,-73.90549,6.6290197
4592,40.69892,-73.89284,6.4249706
4593,40.705086,-73.88797,6.725846
4594,40.717228,-73.88321,5.822847
4595,40.721176,-73.8923,6.1507826
4596,40.703903,-73.892105,6.840824
4597,40.70277,-73.91094,6.7112837
4598,40.7131,-73.88339,5.9850287
4599,40.715237,-73.882126,5.8410096
4600,40.702732,-73.91307,6.797724
4601,40.703632,-73.9154,7.198529
4602,40.721073,-73.88846,5.8749886
4603,40.704327,-73.91047,6.7112837
4604,40.71392,-73.910065,7.25047
4605,40.70868,-73.899925,6.5019712
4606,40.71681,-73.88351,5.822847
4607,40.704796,-73.919556,7.545873
4608,40.721123,-73.88845,6.1192956
4609,40.71787,-73.8986,6.2839446
4610,40.718525,-73.893745,6.0474167
4611,40.70155,-73.91765,7.2774243
4612,40.719807,-73.90484,7.080631
4613,40.719616,-73.88702,5.8749886
4614,40.698437,-73.902084,7.033522
4615,40.710217,-73.90698,6.7717123
4616,40.702374,-73.911896,6.797724
4617,40.713017,-73.9147,7.9368205
4618,40.713127,-73.90612,7.25047
4619,40.71584,-73.89765,6.2839446
4620,40.715366,-73.90159,6.572832
4621,40.705364,-73.88619,6.745557
4622,40.710217,-73.90698,6.7717123
4623,40.700226,-73.881256,6.1378813
4624,40.720463,-73.88659,5.8749886
4625,40.71733,-73.88321,5.822847
4626,40.700527,-73.92377,7.5275493
4627,40.713593,-73.89569,6.3813457
4628,40.700016,-73.889496,6.727655
4629,40.72222,-73.902145,6.9806876
4630,40.70488,-73.89613,6.783079
4631,40.698586,-73.91466,6.8203125
4632,40.70552,-73.89532,6.8210344
4633,40.722218,-73.8836,5.9507527
4634,40.706425,-73.89282,6.8210344
4635,40.704796,-73.919556,7.545873
4636,40.721615,-73.891945,6.1507826
4637,40.718292,-73.89177,5.9234605
4638,40.709667,-73.898895,6.5019712
4639,40.71172,-73.91946,8.223932
4640,40.72242,-73.8808,5.872833
4641,40.72196,-73.881195,5.872833
4642,40.705124,-73.88798,6.725846
4643,40.71533,-73.88576,5.822847
4644,40.72242,-73.8808,5.872833
4645,40.71573,-73.882385,5.8410096
4646,40.714737,-73.902855,6.9453063
4647,40.72006,-73.8933,6.0474167
4648,40.720345,-73.891495,5.9234605
4649,40.719044,-73.88878,5.8749886
4650,40.72022,-73.89979,6.4469543
4651,40.705376,-73.88714,6.745557
4652,40.704998,-73.88415,6.568384
4653,40.722343,-73.8815,5.872833
4654,40.71612,-73.786514,5.6753826
4655,40.712025,-73.80803,5.844212
4656,40.710743,-73.79781,5.999488
4657,40.710743,-73.79781,5.999488
4658,40.712666,-73.78706,5.8051953
4659,40.710403,-73.79886,5.999488
4660,40.711437,-73.78604,6.0074234
4661,40.711437,-73.78604,6.0074234
4662,40.710022,-73.79894,5.999488
4663,40.71384,-73.78857,5.8213105
4664,40.712666,-73.78706,5.8051953
4665,40.712666,-73.78706,5.8051953
4666,40.717274,-73.79311,5.7537165
4667,40.71257,-73.79469,5.8791056
4668,40.710403,-73.79886,5.999488
4669,40.71138,-73.789154,5.982911
4670,40.712666,-73.78706,5.8051953
4671,40.711437,-73.78604,6.0074234
4672,40.71135,-73.78929,5.982911
4673,40.713303,-73.7889,5.8213105
4674,40.71138,-73.789154,5.982911
4675,40.71055,-73.79784,5.999488
4676,40.712666,-73.78706,5.8051953
4677,40.715267,-73.792915,5.7537165
4678,40.712406,-73.79243,5.8791056
4679,40.711273,-73.78777,6.0074234
4680,40.713303,-73.7889,5.8213105
4681,40.715267,-73.792915,5.7537165
4682,40.720276,-73.808426,5.637651
4683,40.71145,-73.80811,6.002373
4684,40.71055,-73.79784,5.999488
4685,40.710423,-73.785904,6.0074234
4686,40.703987,-73.920845,7.8915663
4687,40.702717,-73.92038,7.545873
4688,40.701714,-73.8937,6.782097
4689,40.716183,-73.89977,6.572832
4690,40.71614,-73.89986,6.572832
4691,40.72018,-73.88855,5.8749886
4692,40.705963,-73.900955,6.6104817
4693,40.700443,-73.89692,6.7586966
4694,40.708366,-73.912865,6.80915
4695,40.699406,-73.90479,6.8589754
4696,40.704247,-73.8827,6.3883185
4697,40.701145,-73.92327,7.5275493
4698,40.707554,-73.91134,6.80915
4699,40.718433,-73.89393,6.0474167
4700,40.718166,-73.88833,5.8749886
4701,40.70523,-73.88708,6.725846
4702,40.698208,-73.89545,6.4249706
4703,40.71812,-73.882484,5.8265247
4704,40.712337,-73.88325,5.9850287
4705,40.703827,-73.91936,7.545873
4706,40.71807,-73.88467,5.8284516
4707,40.708633,-73.906654,6.7717123
4708,40.705536,-73.88626,6.745557
4709,40.69823,-73.90225,7.033522
4710,40.69884,-73.92273,6.900553
4711,40.701767,-73.91622,7.1166487
4712,40.717896,-73.90076,6.572832
4713,40.70014,-73.88466,6.3599505
4714,40.710056,-73.9167,7.418755
4715,40.698795,-73.92017,6.8357778
4716,40.705185,-73.886894,6.725846
4717,40.701885,-73.90844,6.8735914
4718,40.703163,-73.879616,6.3883185
4719,40.714375,-73.88065,6.043996
4720,40.700848,-73.894005,6.782097
4721,40.701714,-73.8937,6.782097
4722,40.70206,-73.90826,6.8735914
4723,40.681686,-73.85234,5.9868727
4724,40.684944,-73.85505,6.063574
4725,40.67721,-73.84742,5.85959
4726,40.68458,-73.86375,6.685444
4727,40.688026,-73.85643,6.0178337
4728,40.688976,-73.85663,6.0178337
4729,40.680428,-73.84285,6.142238
4730,40.68416,-73.86052,6.2120914
4731,40.67454,-73.854034,5.6766734
4732,40.689507,-73.860405,6.11781
4733,40.68735,-73.874535,6.3255496
4734,40.691017,-73.85961,5.9485335
4735,40.69558,-73.836555,6.0658097
4736,40.68556,-73.8544,6.093972
4737,40.686707,-73.86056,6.11781
4738,40.69162,-73.85159,6.059517
4739,40.69397,-73.86509,5.8798323
4740,40.696526,-73.848495,5.9305644
4741,40.671974,-73.84691,5.6241837
4742,40.682125,-73.86819,6.958806
4743,40.673874,-73.85027,5.6766734
4744,40.695713,-73.848145,6.0403266
4745,40.691586,-73.86544,6.1490526
4746,40.6903,-73.859764,5.9485335
4747,40.69289,-73.85748,5.9180813
4748,40.67791,-73.87726,6.4222445
4749,40.685608,-73.86408,6.8698525
4750,40.692806,-73.840965,6.08397
4751,40.688904,-73.857475,6.0178337
4752,40.67479,-73.842804,5.7264395
4753,40.688198,-73.846855,6.1994534
4754,40.673622,-73.84296,5.649384
4755,40.677322,-73.86541,6.052585
4756,40.695225,-73.84188,6.0811896
4757,40.69346,-73.78607,5.530959
4758,40.686813,-73.79864,5.669076
4759,40.695732,-73.78893,5.6556234
4760,40.68786,-73.791595,5.693057
4761,40.688095,-73.78667,5.6804056
4762,40.686882,-73.79484,5.693057
4763,40.69049,-73.80344,5.8814244
4764,40.690895,-73.80827,5.923215
4765,40.688164,-73.797424,5.693057
4766,40.685608,-73.78629,5.647384
4767,40.68539,-73.79206,5.6594014
4768,40.685062,-73.79734,5.6594014
4769,40.68634,-73.79234,5.6594014
4770,40.69498,-73.78674,5.530959
4771,40.69401,-73.78701,5.530959
4772,40.69419,-73.8044,6.2106953
4773,40.68754,-73.80235,5.6118655
4774,40.687794,-73.80468,5.6541247
4775,40.695507,-73.78754,5.530959
4776,40.687004,-73.79633,5.693057
4777,40.69179,-73.78869,5.6936045
4778,40.685036,-73.795364,5.6594014
4779,40.685505,-73.792534,5.6594014
4780,40.685143,-73.795815,5.6594014
4781,40.69237,-73.789795,5.6936045
4782,40.685467,-73.797775,5.6078596
4783,40.69469,-73.80586,6.2106953
4784,40.696022,-73.78827,5.5937734
4785,40.72094,-73.89937,6.4469543
4786,40.70423,-73.90785,6.7112837
4787,40.712585,-73.880775,6.043996
4788,40.71494,-73.88366,5.822847
4789,40.722412,-73.90963,7.6443534
4790,40.705963,-73.893555,6.8210344
4791,40.70155,-73.91765,7.2774243
4792,40.721302,-73.88835,6.1192956
4793,40.715847,-73.883255,5.822847
4794,40.707195,-73.917114,7.268317
4795,40.703194,-73.91067,6.7112837
4796,40.698624,-73.90576,7.0249767
4797,40.71618,-73.88324,5.822847
4798,40.698624,-73.90576,7.0249767
4799,40.698624,-73.90576,7.0249767
4800,40.715157,-73.901306,6.572832
4801,40.71592,-73.89849,6.2839446
4802,40.697826,-73.90186,7.033522
4803,40.698624,-73.90576,7.0249767
4804,40.698624,-73.90576,7.0249767
4805,40.719387,-73.88791,5.8749886
4806,40.703537,-73.909134,6.7112837
4807,40.705853,-73.90191,6.6031685
4808,40.71899,-73.90525,7.882935
4809,40.722153,-73.88904,6.1192956
4810,40.714405,-73.88531,5.9850287
4811,40.720886,-73.89979,6.4469543
4812,40.700626,-73.89331,6.782097
4813,40.70248,-73.92529,8.095983
4814,40.715878,-73.87995,5.8410096
4815,40.70151,-73.896255,6.7586966
4816,40.70259,-73.89182,6.840824
4817,40.682365,-73.817245,5.687656
4818,40.679153,-73.81467,5.5659747
4819,40.678295,-73.81508,5.5659747
4820,40.676807,-73.809425,5.5723934
4821,40.67707,-73.80956,5.5289474
4822,40.679665,-73.81728,5.5761247
4823,40.68244,-73.81629,5.637187
4824,40.679676,-73.832115,5.7081394
4825,40.67782,-73.82377,5.6251264
4826,40.677883,-73.82671,5.668777
4827,40.681156,-73.82692,5.7855706
4828,40.683052,-73.8104,5.580548
4829,40.676445,-73.821976,5.5709944
4830,40.679447,-73.8128,5.5441976
4831,40.68359,-73.819824,5.787462
4832,40.678066,-73.81713,5.5761247
4833,40.680824,-73.83139,5.8497114
4834,40.679825,-73.82103,5.6251264
4835,40.68002,-73.812775,5.5441976
4836,40.67263,-73.82509,5.5378203
4837,40.680935,-73.8111,5.580548
4838,40.67728,-73.811676,5.5441976
4839,40.673435,-73.8258,5.5378203
4840,40.6778,-73.82383,5.6251264
4841,40.679745,-73.82764,5.668777
4842,40.677975,-73.817085,5.5761247
4843,40.674187,-73.8191,5.551412
4844,40.680122,-73.809975,5.5219035
4845,40.679543,-73.825615,5.6251264
4846,40.6804,-73.79972,5.5375557
4847,40.67272,-73.797104,5.7539873
4848,40.67676,-73.79906,5.660447
4849,40.68356,-73.79807,5.6078596
4850,40.67902,-73.80186,5.614034
4851,40.679546,-73.804924,5.5366445
4852,40.683605,-73.798065,5.6078596
4853,40.67416,-73.791534,5.707746
4854,40.682045,-73.79329,5.622095
4855,40.67276,-73.79756,5.7539873
4856,40.68238,-73.80708,5.485381
4857,40.67367,-73.80567,5.703128
4858,40.679264,-73.80292,5.614034
4859,40.684586,-73.79654,5.6594014
4860,40.68362,-73.79223,5.6594014
4861,40.683346,-73.79494,5.6594014
4862,40.684437,-73.78949,5.67952
4863,40.679165,-73.79449,5.6454597
4864,40.68344,-73.791855,5.6594014
4865,40.676674,-73.78759,6.0839815
4866,40.67554,-73.79847,5.660447
4867,40.673977,-73.79107,5.9229302
4868,40.579605,-74.1562,5.856049
4869,40.594387,-74.15547,5.889795
4870,40.593338,-74.15207,5.861487
4871,40.588318,-74.14876,5.8108225
4872,40.578,-74.16049,5.854487
4873,40.582947,-74.15652,5.8721514
4874,40.571426,-74.11434,5.9411936
4875,40.578175,-74.12655,5.817323
4876,40.590454,-74.1535,5.8517594
4877,40.580616,-74.15398,5.801119
4878,40.58013,-74.15415,5.801119
4879,40.57437,-74.12449,5.850123
4880,40.577686,-74.11475,5.961352
4881,40.59454,-74.15661,5.889795
4882,40.572937,-74.12456,5.850123
4883,40.583008,-74.158066,5.9151087
4884,40.595383,-74.15554,5.9032454
4885,40.588272,-74.15336,5.8230357
4886,40.572796,-74.13597,5.777067
4887,40.588814,-74.14987,5.836958
4888,40.58463,-74.158775,5.9151087
4889,40.594673,-74.160194,5.906216
4890,40.57278,-74.1334,5.7763734
4891,40.58046,-74.156906,5.856049
4892,40.58046,-74.156906,5.856049
4893,40.577255,-74.12596,5.817323
4894,40.59468,-74.160194,5.906216
4895,40.583008,-74.15805,5.9151087
4896,40.583073,-74.15827,5.9151087
4897,40.580128,-74.15416,5.801119
4898,40.577007,-74.123405,5.847608
4899,40.583447,-74.12639,5.807903
4900,40.576584,-74.12533,5.847608
4901,40.571396,-74.13203,5.7963634
4902,40.583,-74.15804,5.9151087
4903,40.58956,-74.15197,5.8517594
4904,40.587345,-74.149925,5.8108225
4905,40.583,-74.15804,5.9151087
4906,40.581093,-74.16113,5.8920927
4907,40.581196,-74.15756,5.878467
4908,40.7156,-73.877556,5.8410096
4909,40.71866,-73.87323,5.838133
4910,40.720776,-73.86918,5.842431
4911,40.718334,-73.87611,5.8356204
4912,40.722332,-73.879295,5.872833
4913,40.71714,-73.8604,5.880204
4914,40.718987,-73.876625,5.8265247
4915,40.721806,-73.86674,5.93466
4916,40.71848,-73.87839,5.8265247
4917,40.713398,-73.85836,6.1384463
4918,40.720295,-73.857124,5.9386773
4919,40.719666,-73.87233,5.838133
4920,40.721104,-73.85932,5.9788523
4921,40.718815,-73.871254,5.838133
4922,40.71347,-73.85837,6.1384463
4923,40.71796,-73.85683,5.9386773
4924,40.72218,-73.8561,5.999355
4925,40.713825,-73.87452,6.389066
4926,40.71495,-73.85668,5.848868
4927,40.710808,-73.86354,6.725946
4928,40.72218,-73.8561,5.999355
4929,40.721405,-73.85614,5.999355
4930,40.721405,-73.85614,5.999355
4931,40.72224,-73.85627,5.999355
4932,40.72037,-73.872604,5.838133
4933,40.72109,-73.867455,5.842431
4934,40.718723,-73.85994,5.915835
4935,40.72134,-73.86683,5.93466
4936,40.714157,-73.8719,6.7039647
4937,40.716488,-73.85723,5.848868
4938,40.71904,-73.85619,5.9386773
4939,40.719887,-73.86847,5.842431
4940,40.70725,-73.82917,5.8688374
4941,40.708374,-73.82841,5.8688374
4942,40.709534,-73.81766,5.7839313
4943,40.705254,-73.83245,5.974749
4944,40.70841,-73.827644,5.8688374
4945,40.702927,-73.822624,6.14777
4946,40.709606,-73.81653,5.8487616
4947,40.70566,-73.82151,5.8956347
4948,40.70981,-73.82895,5.7502537
4949,40.69922,-73.82289,6.318808
4950,40.70729,-73.82991,5.842882
4951,40.704456,-73.8289,6.116863
4952,40.70936,-73.8285,5.7502537
4953,40.709244,-73.81041,5.9262986
4954,40.703037,-73.83067,6.0472445
4955,40.708443,-73.814575,6.0291057
4956,40.709515,-73.82769,5.7502537
4957,40.705177,-73.83225,6.0472445
4958,40.70936,-73.8285,5.7502537
4959,40.70242,-73.81736,6.2038555
4960,40.708942,-73.8159,5.8487616
4961,40.69818,-73.818825,6.430976
4962,40.716698,-73.835594,5.9235373
4963,40.718704,-73.84548,5.9882727
4964,40.717377,-73.840744,5.968472
4965,40.721115,-73.85131,5.9860573
4966,40.718918,-73.83648,5.891443
4967,40.7117,-73.85124,5.8133097
4968,40.719513,-73.83883,5.9369397
4969,40.712963,-73.84334,5.9051013
4970,40.71236,-73.84872,5.8133097
4971,40.71283,-73.834656,5.8080125
4972,40.717766,-73.83857,5.9235373
4973,40.717957,-73.85317,5.96825
4974,40.72159,-73.846115,5.9751034
4975,40.712585,-73.8342,5.8080125
4976,40.720486,-73.83684,5.891443
4977,40.72161,-73.84088,5.919018
4978,40.706703,-73.86276,6.703215
4979,40.70422,-73.86669,6.6883726
4980,40.7067,-73.86297,6.703215
4981,40.708447,-73.86983,6.9405017
4982,40.70538,-73.87087,6.884605
4983,40.703827,-73.872116,6.669563
4984,40.702232,-73.85622,5.9360676
4985,40.702232,-73.85638,5.9360676
4986,40.7052,-73.85701,5.9360676
4987,40.706005,-73.86879,6.9405017
4988,40.7052,-73.85701,5.9360676
4989,40.70371,-73.869255,6.736679
4990,40.703377,-73.86355,6.45359
4991,40.70956,-73.87333,6.8883386
4992,40.705765,-73.860275,6.304934
4993,40.704346,-73.87298,6.669563
4994,40.70414,-73.87516,6.4328046
4995,40.706715,-73.87237,6.884605
4996,40.702087,-73.8791,6.1378813
4997,40.702087,-73.87912,6.1378813
4998,40.706593,-73.869774,6.9405017
4999,40.709297,-73.87766,6.328639
5000,40.707127,-73.8716,6.884605
5001,40.70614,-73.8642,6.8835793
5002,40.70545,-73.856384,5.994317
5003,40.703903,-73.8731,6.669563
5004,40.708714,-73.86226,6.725946
5005,40.709206,-73.8649,6.9144955
5006,40.708637,-73.861336,6.725946
5007,40.705936,-73.86044,6.304934
5008,40.708557,-73.861275,6.725946
5009,40.709164,-73.86301,6.725946
5010,40.715878,-73.87995,5.8410096
5011,40.718018,-73.88241,5.8265247
5012,40.71725,-73.90105,6.572832
5013,40.700718,-73.92006,7.2774243
5014,40.701385,-73.90123,6.839392
5015,40.70119,-73.91724,7.1166487
5016,40.705578,-73.89419,6.8210344
5017,40.71383,-73.897064,6.3813457
5018,40.703648,-73.9106,6.7112837
5019,40.721844,-73.900375,6.4882193
5020,40.705723,-73.88445,6.605109
5021,40.701775,-73.89576,6.7586966
5022,40.705795,-73.88607,6.745557
5023,40.720825,-73.90026,6.4469543
5024,40.701714,-73.8937,6.782097
5025,40.709763,-73.91868,7.9391594
5026,40.702045,-73.87958,6.1378813
5027,40.70205,-73.879524,6.1378813
5028,40.703632,-73.9154,7.198529
5029,40.720825,-73.90026,6.4469543
5030,40.71483,-73.91042,7.5636077
5031,40.705994,-73.884865,6.605109
5032,40.71533,-73.88137,5.8410096
5033,40.701183,-73.89668,6.7586966
5034,40.72043,-73.90732,7.882935
5035,40.71647,-73.88809,5.872835
5036,40.71723,-73.89987,6.572832
5037,40.719116,-73.89088,5.9234605
5038,40.717735,-73.90378,7.130016
5039,40.70842,-73.91587,7.268317
5040,40.69883,-73.90313,7.033522
5041,40.717896,-73.90076,6.572832
5042,40.588394,-73.957535,5.9896307
5043,40.599625,-73.93544,5.6969986
5044,40.597725,-73.93509,5.701255
5045,40.672565,-73.96419,6.560214
5046,40.684326,-73.964676,7.3029957
5047,40.69217,-73.964195,7.2061987
5048,40.69257,-73.965195,7.2061987
5049,40.685925,-73.934814,6.351612
5050,40.685696,-73.97007,7.4572415
5051,40.68529,-73.96961,7.4572415
5052,40.682484,-73.93944,6.429628
5053,40.681263,-73.95377,6.915122
5054,40.675278,-73.97141,7.1147003
5055,40.67886,-73.96382,7.209035
5056,40.674362,-73.94029,6.683707
5057,40.68128,-73.932884,6.4442
5058,40.68731,-73.96711,7.1509013
5059,40.680458,-73.94309,6.5926914
5060,40.68904,-73.95697,6.9581738
5061,40.675278,-73.97141,7.1147003
5062,40.687244,-73.968185,7.1995215
5063,40.68524,-73.95458,6.810934
5064,40.651062,-73.83918,5.641711
5065,40.66677,-73.847626,5.585432
5066,40.667088,-73.847115,5.585432
5067,40.667088,-73.847115,5.585432
5068,40.665195,-73.848564,5.572466
5069,40.65381,-73.84724,5.5739555
5070,40.67112,-73.83924,5.6507306
5071,40.659985,-73.84206,5.617294
5072,40.65865,-73.841736,5.6280994
5073,40.66463,-73.84991,5.572466
5074,40.665974,-73.84491,5.5888977
5075,40.659256,-73.84826,5.534769
5076,40.670013,-73.87625,6.226865
5077,40.664898,-73.84944,5.572466
5078,40.667625,-73.84778,5.599578
5079,40.658504,-73.84455,5.617294
5080,40.65594,-73.83328,5.634217
5081,40.653915,-73.8366,5.66592
5082,40.66677,-73.847626,5.585432
5083,40.66677,-73.847626,5.585432
5084,40.668827,-73.84737,5.599578
5085,40.65063,-73.83388,5.6080337
5086,40.65529,-73.85159,5.507027
5087,40.664623,-73.842026,5.5888977
5088,40.657665,-73.87704,6.1441846
5089,40.666096,-73.847145,5.585432
5090,40.66614,-73.84641,5.585432
5091,40.66384,-73.849075,5.548981
5092,40.668713,-73.83907,5.5971594
5093,40.653267,-73.84229,5.6495605
5094,40.669636,-73.840096,5.5971594
5095,40.65877,-73.84267,5.617294
5096,40.655052,-73.844505,5.6353827
5097,40.651535,-73.84025,5.641711
5098,40.649975,-73.84149,5.641711
5099,40.705193,-73.83359,5.974749
5100,40.705383,-73.83465,5.823115
5101,40.70852,-73.836716,5.8141656
5102,40.698326,-73.848236,5.9305644
5103,40.708233,-73.85159,5.754721
5104,40.705402,-73.8346,5.823115
5105,40.70855,-73.836716,5.8141656
5106,40.70852,-73.836716,5.8141656
5107,40.705265,-73.83288,5.974749
5108,40.704582,-73.83265,5.974749
5109,40.69995,-73.85233,5.7722025
5110,40.703594,-73.83603,5.9032454
5111,40.704926,-73.83384,5.974749
5112,40.70408,-73.83587,5.9032454
5113,40.69986,-73.85151,5.7722025
5114,40.699738,-73.85164,5.7722025
5115,40.70645,-73.83286,5.823115
5116,40.709415,-73.85123,5.7627783
5117,40.709488,-73.8514,5.7627783
5118,40.69986,-73.85151,5.7722025
5119,40.703056,-73.83645,5.9032454
5120,40.701393,-73.834366,6.0814176
5121,40.70014,-73.85361,5.7722025
5122,40.706936,-73.83573,5.785454
5123,40.705383,-73.83465,5.823115
5124,40.704582,-73.83265,5.974749
5125,40.66956,-73.84632,5.599578
5126,40.65389,-73.833725,5.6322536
5127,40.665268,-73.849174,5.572466
5128,40.667362,-73.84579,5.585432
5129,40.665455,-73.847984,5.585432
5130,40.65767,-73.87704,6.1441846
5131,40.657665,-73.87704,6.1441846
5132,40.669086,-73.83965,5.5971594
5133,40.66645,-73.85528,5.5577683
5134,40.663857,-73.85427,5.548981
5135,40.664722,-73.84875,5.572466
5136,40.665577,-73.855515,5.5577683
5137,40.660656,-73.83732,5.619882
5138,40.665268,-73.849174,5.572466
5139,40.66551,-73.85605,5.5577683
5140,40.659454,-73.84479,5.617294
5141,40.668407,-73.84949,5.588232
5142,40.669876,-73.84768,5.599578
5143,40.65043,-73.835724,5.633545
5144,40.66651,-73.84296,5.5888977
5145,40.661922,-73.83277,5.537037
5146,40.656322,-73.84402,5.6353827
5147,40.668407,-73.84949,5.588232
5148,40.66632,-73.85033,5.572466
5149,40.667515,-73.84736,5.599578
5150,40.668556,-73.84713,5.599578
5151,40.667995,-73.84934,5.588232
5152,40.66958,-73.84128,5.5971594
5153,40.666096,-73.847145,5.585432
5154,40.657665,-73.87704,6.1441846
5155,40.666573,-73.846245,5.585432
5156,40.654144,-73.84443,5.6495605
5157,40.666412,-73.84813,5.585432
5158,40.655224,-73.84689,5.5883427
5159,40.659286,-73.8457,5.583008
5160,40.65657,-73.84218,5.6353827
5161,40.66032,-73.85184,5.534769
5162,40.655518,-73.847664,5.5883427
5163,40.649586,-73.84235,5.6184034
5164,40.66976,-73.84039,5.5971594
5165,40.66942,-73.84022,5.5971594
5166,40.662495,-73.851524,5.548981
5167,40.66353,-73.85426,5.548981
5168,40.656845,-73.85293,5.507027
5169,40.651424,-73.84059,5.641711
5170,40.666573,-73.846245,5.585432
5171,40.661785,-73.84823,5.548981
5172,40.66127,-73.8481,5.575056
5173,40.665646,-73.84625,5.585432
5174,40.652832,-73.84699,5.5739555
5175,40.667797,-73.84558,5.599578
5176,40.66687,-73.85007,5.572466
5177,40.662918,-73.84543,5.575056
5178,40.657944,-73.842514,5.6353827
5179,40.656578,-73.84122,5.6802797
5180,40.661774,-73.854965,5.540731
5181,40.660583,-73.8373,5.619882
5182,40.660957,-73.84706,5.583008
5183,40.654808,-73.841736,5.6707883
5184,40.66869,-73.84856,5.588232
5185,40.663944,-73.84282,5.5880003
5186,40.649616,-73.846146,5.5393515
5187,40.654064,-73.83568,5.66592
5188,40.66203,-73.852135,5.548981
5189,40.66563,-73.84713,5.585432
5190,40.667027,-73.849,5.572466
5191,40.66843,-73.84883,5.588232
5192,40.65531,-73.84186,5.6802797
5193,40.669876,-73.84768,5.599578
5194,40.65172,-73.84287,5.6495605
5195,40.656242,-73.8362,5.6737103
5196,40.667995,-73.84934,5.588232
5197,40.66632,-73.85033,5.572466
5198,40.659096,-73.84756,5.583008
5199,40.664696,-73.873314,6.5475535
5200,40.654873,-73.84175,5.6802797
5201,40.667625,-73.84778,5.599578
5202,40.66231,-73.868,6.5698733
5203,40.656967,-73.84228,5.6353827
5204,40.661865,-73.85293,5.548981
5205,40.649086,-73.838974,5.641711
5206,40.668407,-73.84949,5.588232
5207,40.656376,-73.85253,5.507027
5208,40.66659,-73.85555,5.5577683
5209,40.66687,-73.85007,5.572466
5210,40.667625,-73.84778,5.599578
5211,40.662388,-73.85103,5.548981
5212,40.667027,-73.849,5.572466
5213,40.658504,-73.84455,5.617294
5214,40.659153,-73.84567,5.583008
5215,40.666306,-73.849014,5.572466
5216,40.66852,-73.87399,6.226865
5217,40.65006,-73.844765,5.6184034
5218,40.661125,-73.8368,5.619882
5219,40.65763,-73.87827,6.1441846
5220,40.653374,-73.84042,5.6707883
5221,40.663345,-73.83797,5.569265
5222,40.663906,-73.83335,5.537037
5223,40.669724,-73.847626,5.599578
5224,40.655716,-73.85159,5.507027
5225,40.666306,-73.849014,5.572466
5226,40.65742,-73.851944,5.507027
5227,40.667515,-73.84736,5.599578
5228,40.666733,-73.849205,5.572466
5229,40.671017,-73.86672,5.808102
5230,40.668995,-73.83692,5.5730476
5231,40.664898,-73.84944,5.572466
5232,40.666428,-73.84582,5.585432
5233,40.666306,-73.849014,5.572466
5234,40.669724,-73.847626,5.599578
5235,40.666733,-73.849205,5.572466
5236,40.667515,-73.85023,5.588232
5237,40.6643,-73.84838,5.572466
5238,40.661114,-73.8452,5.583008
5239,40.650375,-73.84638,5.5393515
5240,40.671158,-73.84705,5.6241837
5241,40.664986,-73.847466,5.585432
5242,40.666096,-73.847145,5.585432
5243,40.666306,-73.849014,5.572466
5244,40.666428,-73.84582,5.585432
5245,40.67117,-73.838875,5.6507306
5246,40.667995,-73.84934,5.588232
5247,40.66645,-73.85627,5.5577683
5248,40.65845,-73.85333,5.534769
5249,40.65029,-73.841446,5.641711
5250,40.670376,-73.83744,5.5730476
5251,40.659817,-73.85138,5.534769
5252,40.667362,-73.84579,5.585432
5253,40.664143,-73.84752,5.575056
5254,40.64915,-73.84509,5.5393515
5255,40.66687,-73.85007,5.572466
5256,40.668842,-73.84905,5.588232
5257,40.65668,-73.8346,5.634217
5258,40.66831,-73.846924,5.599578
5259,40.648655,-73.84468,5.6184034
5260,40.669422,-73.84081,5.5971594
5261,40.65871,-73.84135,5.6280994
5262,40.658504,-73.84455,5.617294
5263,40.658504,-73.84455,5.617294
5264,40.653755,-73.83274,5.6322536
5265,40.6679,-73.84665,5.599578
5266,40.66831,-73.846924,5.599578
5267,40.66683,-73.84851,5.572466
5268,40.649498,-73.84479,5.6184034
5269,40.657814,-73.85419,5.507027
5270,40.666096,-73.847145,5.585432
5271,40.65132,-73.840866,5.641711
5272,40.65832,-73.853294,5.534769
5273,40.65378,-73.84499,5.6495605
5274,40.66632,-73.85033,5.572466
5275,40.667027,-73.84533,5.585432
5276,40.6679,-73.84664,5.599578
5277,40.66869,-73.84856,5.588232
5278,40.652084,-73.83614,5.66592
5279,40.65618,-73.843025,5.6353827
5280,40.66171,-73.855354,5.540731
5281,40.658382,-73.84536,5.583008
5282,40.663754,-73.84832,5.548981
5283,40.654415,-73.84458,5.6495605
5284,40.667904,-73.848885,5.588232
5285,40.663776,-73.850334,5.548981
5286,40.655804,-73.85203,5.507027
5287,40.664513,-73.84948,5.572466
5288,40.66814,-73.84625,5.599578
5289,40.661682,-73.84126,5.5916452
5290,40.654266,-73.83573,5.66592
5291,40.64922,-73.84609,5.5393515
5292,40.656216,-73.84303,5.6353827
5293,40.668358,-73.8463,5.599578
5294,40.663338,-73.85428,5.548981
5295,40.66831,-73.846924,5.599578
5296,40.65585,-73.85193,5.507027
5297,40.66683,-73.84851,5.572466
5298,40.65243,-73.839745,5.6707883
5299,40.66422,-73.8482,5.548981
5300,40.666428,-73.84582,5.585432
5301,40.666172,-73.84996,5.572466
5302,40.668747,-73.83906,5.5971594
5303,40.665684,-73.84487,5.5888977
5304,40.66685,-73.842804,5.5888977
5305,40.65845,-73.83277,5.584429
5306,40.65055,-73.83962,5.641711
5307,40.670437,-73.878685,6.1007123
5308,40.667995,-73.84934,5.588232
5309,40.665424,-73.84646,5.585432
5310,40.657665,-73.87704,6.1441846
5311,40.664303,-73.851036,5.572466
5312,40.665443,-73.86923,6.381242
5313,40.66596,-73.843796,5.5888977
5314,40.65632,-73.845924,5.5883427
5315,40.64931,-73.844185,5.6184034
5316,40.66096,-73.878746,6.441795
5317,40.66677,-73.847626,5.585432
5318,40.652336,-73.84017,5.6707883
5319,40.664127,-73.85212,5.548981
5320,40.66596,-73.843796,5.5888977
5321,40.66786,-73.842964,5.5986767
5322,40.66777,-73.84798,5.599578
5323,40.67009,-73.8403,5.5971594
5324,40.667515,-73.84736,5.599578
5325,40.665195,-73.848564,5.572466
5326,40.663826,-73.850266,5.548981
5327,40.65683,-73.85095,5.507027
5328,40.66677,-73.847626,5.585432
5329,40.658745,-73.8408,5.6280994
5330,40.666573,-73.846245,5.585432
5331,40.668026,-73.84226,5.5986767
5332,40.665047,-73.8725,6.5475535
5333,40.666477,-73.84921,5.572466
5334,40.671356,-73.83925,5.6507306
5335,40.664436,-73.84815,5.585432
5336,40.664288,-73.84719,5.585432
5337,40.667797,-73.84558,5.599578
5338,40.657795,-73.85386,5.507027
5339,40.65879,-73.83781,5.619882
5340,40.667995,-73.84934,5.588232
5341,40.656376,-73.8334,5.634217
5342,40.66388,-73.85102,5.548981
5343,40.668934,-73.845985,5.599578
5344,40.661964,-73.836006,5.569265
5345,40.664616,-73.85141,5.572466
5346,40.664745,-73.84726,5.585432
5347,40.66153,-73.841484,5.5916452
5348,40.654858,-73.84336,5.6353827
5349,40.66569,-73.87728,6.3291745
5350,40.664368,-73.83962,5.5889845
5351,40.667625,-73.84778,5.599578
5352,40.657665,-73.87704,6.1441846
5353,40.667625,-73.84778,5.599578
5354,40.670216,-73.84232,5.5986767
5355,40.665436,-73.855446,5.5577683
5356,40.667625,-73.84778,5.599578
5357,40.66786,-73.85071,5.588232
5358,40.667362,-73.84579,5.585432
5359,40.657665,-73.87704,6.1441846
5360,40.668083,-73.84966,5.588232
5361,40.668587,-73.839874,5.5971594
5362,40.66831,-73.846924,5.599578
5363,40.658924,-73.83784,5.619882
5364,40.668842,-73.84905,5.588232
5365,40.651386,-73.84088,5.641711
5366,40.665028,-73.851204,5.572466
5367,40.66632,-73.85033,5.572466
5368,40.658504,-73.84455,5.617294
5369,40.6682,-73.875916,6.226865
5370,40.66302,-73.85069,5.548981
5371,40.667103,-73.8794,6.3291745
5372,40.667797,-73.84558,5.599578
5373,40.663692,-73.85437,5.548981
5374,40.669743,-73.84154,5.5971594
5375,40.668842,-73.84905,5.588232
5376,40.6664,-73.85036,5.572466
5377,40.66683,-73.84851,5.572466
5378,40.667953,-73.84468,5.5986767
5379,40.657665,-73.87704,6.1441846
5380,40.660545,-73.85561,5.4972744
5381,40.66264,-73.84462,5.5880003
5382,40.669495,-73.83688,5.5730476
5383,40.655914,-73.84776,5.5883427
5384,40.67136,-73.867386,5.9018164
5385,40.65767,-73.87704,6.1441846
5386,40.6602,-73.84402,5.617294
5387,40.668358,-73.8463,5.599578
5388,40.661137,-73.83486,5.537037
5389,40.66019,-73.85078,5.534769
5390,40.66416,-73.8519,5.548981
5391,40.67119,-73.83874,5.6507306
5392,40.656544,-73.84407,5.6353827
5393,40.664547,-73.84922,5.572466
5394,40.65767,-73.87704,6.1441846
5395,40.669765,-73.86924,6.1416283
5396,40.667515,-73.84736,5.599578
5397,40.669548,-73.83686,5.5730476
5398,40.662575,-73.844604,5.5880003
5399,40.658253,-73.846275,5.583008
5400,40.662235,-73.833885,5.537037
5401,40.66351,-73.849106,5.548981
5402,40.668407,-73.84949,5.588232
5403,40.651505,-73.839294,5.641711
5404,40.67173,-73.862114,5.7212024
5405,40.67182,-73.84102,5.6507306
5406,40.653393,-73.84396,5.6495605
5407,40.652912,-73.84701,5.5739555
5408,40.66098,-73.84737,5.583008
5409,40.65484,-73.833824,5.634217
5410,40.652184,-73.83617,5.66592
5411,40.664825,-73.85172,5.572466
5412,40.66677,-73.847626,5.585432
5413,40.668137,-73.84432,5.5986767
5414,40.65033,-73.84738,5.5393515
5415,40.657665,-73.87704,6.1441846
5416,40.65374,-73.82887,5.4283366
5417,40.6706,-73.82281,5.5378203
5418,40.668343,-73.81603,5.802426
5419,40.669865,-73.812386,5.9296002
5420,40.65374,-73.82887,5.4283366
5421,40.6687,-73.80599,5.897393
5422,40.67187,-73.815605,5.6115584
5423,40.651825,-73.83052,5.5571375
5424,40.67171,-73.82247,5.5378203
5425,40.669575,-73.80356,5.7134495
5426,40.671455,-73.81959,5.548137
5427,40.669643,-73.80266,5.7134495
5428,40.66954,-73.79144,5.7239165
5429,40.65552,-73.83227,5.5305886
5430,40.670975,-73.82464,5.5378203
5431,40.667633,-73.790924,6.1447387
5432,40.6718,-73.79038,6.097853
5433,40.669163,-73.79887,5.640844
5434,40.67074,-73.82035,5.5378203
5435,40.67196,-73.78957,6.097853
5436,40.671345,-73.8147,5.6115584
5437,40.651127,-73.83183,5.5422077
5438,40.66854,-73.80603,5.897393
5439,40.66749,-73.791824,5.7239165
5440,40.67049,-73.8219,5.502242
5441,40.669163,-73.79887,5.640844
5442,40.67196,-73.78957,6.097853
5443,40.66822,-73.789825,6.1447387
5444,40.652477,-73.8287,5.4283366
5445,40.66968,-73.80356,5.7134495
5446,40.652668,-73.82825,5.4283366
5447,40.67052,-73.81026,5.9376025
5448,40.65184,-73.83042,5.5571375
5449,40.670998,-73.80638,5.703128
5450,40.650597,-73.8317,5.5422077
5451,40.6544,-73.83146,5.5571375
5452,40.666008,-73.81358,5.8182817
5453,40.668278,-73.793434,5.7239165
5454,40.670937,-73.80807,5.694512
5455,40.67072,-73.80636,5.703128
5456,40.66984,-73.81818,5.5489264
5457,40.666996,-73.79786,5.5287166
5458,40.65143,-73.829895,5.5422077
5459,40.66924,-73.81865,5.5489264
5460,40.67152,-73.81568,5.6115584
5461,40.666687,-73.82013,5.4553447
5462,40.65163,-73.82857,5.419461
5463,40.652737,-73.82885,5.4283366
5464,40.65266,-73.828285,5.4283366
5465,40.668373,-73.82448,5.502242
5466,40.668324,-73.793076,5.7239165
5467,40.669464,-73.79233,5.7239165
5468,40.66748,-73.805275,5.897393
5469,40.669704,-73.7993,5.640844
5470,40.66748,-73.805275,5.897393
5471,40.67127,-73.80267,5.6780767
5472,40.670353,-73.79859,5.640844
5473,40.657658,-73.829414,5.5305886
5474,40.6701,-73.82395,5.502242
5475,40.67001,-73.79279,5.7239165
5476,40.668095,-73.7944,5.7239165
5477,40.652283,-73.82851,5.4283366
5478,40.669285,-73.81065,5.9296002
5479,40.671482,-73.79784,5.661722
5480,40.66924,-73.80678,5.897393
5481,40.6584,-73.830475,5.508214
5482,40.652573,-73.82995,5.5571375
5483,40.67112,-73.8207,5.5378203
5484,40.671482,-73.79784,5.661722
5485,40.671654,-73.814705,5.6115584
5486,40.670204,-73.78999,6.1447387
5487,40.670322,-73.819954,5.502242
5488,40.668247,-73.794945,5.7239165
5489,40.665073,-73.855606,5.5577683
5490,40.661144,-73.84521,5.575056
5491,40.660065,-73.85178,5.534769
5492,40.66126,-73.84428,5.5880003
5493,40.667362,-73.84579,5.585432
5494,40.65092,-73.84458,5.6184034
5495,40.66869,-73.84856,5.588232
5496,40.667797,-73.84558,5.599578
5497,40.656227,-73.83467,5.634217
5498,40.65767,-73.87704,6.1441846
5499,40.671658,-73.840034,5.6507306
5500,40.65371,-73.83339,5.6322536
5501,40.66632,-73.85033,5.572466
5502,40.669876,-73.84768,5.599578
5503,40.66777,-73.84798,5.599578
5504,40.670326,-73.84233,5.5986767
5505,40.649498,-73.84479,5.6184034
5506,40.666374,-73.84771,5.585432
5507,40.666096,-73.847145,5.585432
5508,40.665405,-73.84461,5.5888977
5509,40.65941,-73.8786,6.441795
5510,40.651768,-73.840034,5.6707883
5511,40.66486,-73.84613,5.585432
5512,40.65229,-73.841934,5.6495605
5513,40.666573,-73.846245,5.585432
5514,40.655983,-73.84708,5.5883427
5515,40.65484,-73.84174,5.6802797
5516,40.664993,-73.873535,6.5095906
5517,40.657623,-73.833694,5.634217
5518,40.666733,-73.849205,5.572466
5519,40.6679,-73.84664,5.599578
5520,40.656128,-73.83586,5.6737103
5521,40.664127,-73.85212,5.548981
5522,40.664726,-73.84873,5.572466
5523,40.66181,-73.85218,5.548981
5524,40.669876,-73.84768,5.599578
5525,40.66831,-73.846924,5.599578
5526,40.65681,-73.84061,5.6802797
5527,40.652897,-73.84506,5.5739555
5528,40.66477,-73.84817,5.585432
5529,40.661167,-73.848076,5.575056
5530,40.652714,-73.84502,5.5739555
5531,40.67192,-73.8401,5.6507306
5532,40.65127,-73.834625,5.6080337
5533,40.66814,-73.84625,5.599578
5534,40.66843,-73.84883,5.588232
5535,40.64935,-73.84323,5.6184034
5536,40.67107,-73.86826,5.9018164
5537,40.65291,-73.844124,5.6495605
5538,40.66869,-73.84856,5.588232
5539,40.656868,-73.85198,5.507027
5540,40.655575,-73.840866,5.6802797
5541,40.65907,-73.83311,5.584429
5542,40.6515,-73.832985,5.6080337
5543,40.669724,-73.847626,5.599578
5544,40.657665,-73.87704,6.1441846
5545,40.6664,-73.85036,5.572466
5546,40.669243,-73.87702,6.1007123
5547,40.655693,-73.83512,5.634217
5548,40.667892,-73.847664,5.599578
5549,40.66827,-73.84213,5.5986767
5550,40.665478,-73.84658,5.585432
5551,40.667515,-73.84736,5.599578
5552,40.66649,-73.85553,5.5577683
5553,40.666466,-73.849304,5.572466
5554,40.665195,-73.84595,5.585432
5555,40.65357,-73.84647,5.5739555
5556,40.66632,-73.85033,5.572466
5557,40.66632,-73.85033,5.572466
5558,40.667892,-73.847664,5.599578
5559,40.657665,-73.87704,6.1441846
5560,40.666096,-73.847145,5.585432
5561,40.668083,-73.84966,5.588232
5562,40.661804,-73.848236,5.548981
5563,40.88969,-73.86193,6.1859527
5564,40.900146,-73.84335,6.026983
5565,40.902615,-73.86732,6.084482
5566,40.892094,-73.85608,6.2299223
5567,40.89872,-73.873695,6.047369
5568,40.899403,-73.86224,6.3021708
5569,40.889088,-73.85483,6.1598563
5570,40.880524,-73.85007,6.0978217
5571,40.88747,-73.8637,6.1566925
5572,40.89045,-73.84026,5.990947
5573,40.890427,-73.82993,6.1874075
5574,40.89937,-73.84739,6.1445913
5575,40.885494,-73.8629,6.1566925
5576,40.88068,-73.850746,6.0978217
5577,40.890385,-73.85634,6.1598563
5578,40.889946,-73.83898,5.990947
5579,40.899403,-73.86224,6.3021708
5580,40.88818,-73.849396,6.0919533
5581,40.889088,-73.85483,6.1598563
5582,40.89937,-73.84739,6.1445913
5583,40.888847,-73.833496,6.165204
5584,40.87975,-73.8527,6.130721
5585,40.893383,-73.83844,5.998916
5586,40.895725,-73.85739,6.283561
5587,40.89354,-73.8555,6.2299223
5588,40.891598,-73.845345,6.0634484
5589,40.88773,-73.849014,6.0919533
5590,40.88056,-73.87649,6.283301
5591,40.877514,-73.85318,6.1031017
5592,40.876736,-73.84251,6.1980486
5593,40.89431,-73.84165,5.9605455
5594,40.897854,-73.862885,6.3021708
5595,40.87618,-73.86032,6.13832
5596,40.89825,-73.86298,6.3021708
5597,40.88775,-73.84907,6.0919533
5598,40.899372,-73.87077,6.0536704
5599,40.880898,-73.876274,6.283301
5600,40.89009,-73.83718,6.0913587
5601,40.5576,-73.92109,5.3393803
5602,40.558678,-73.916245,5.3230677
5603,40.567425,-73.891335,
5604,40.563065,-73.912346,5.323711
5605,40.567654,-73.89072,
5606,40.559704,-73.91278,5.314654
5607,40.557434,-73.9124,5.314654
5608,40.567154,-73.889336,
5609,40.67168,-73.797585,5.7539873
5610,40.653896,-73.8325,5.6322536
5611,40.671734,-73.789925,6.097853
5612,40.67156,-73.82156,5.5378203
5613,40.66802,-73.78956,6.1447387
5614,40.66495,-73.81553,5.8182817
5615,40.670635,-73.80266,5.6780767
5616,40.669052,-73.812614,5.9296002
5617,40.67056,-73.79877,5.640844
5618,40.66993,-73.79105,6.1447387
5619,40.668003,-73.79971,5.640844
5620,40.66993,-73.81911,5.5489264
5621,40.667492,-73.8186,5.5489264
5622,40.669228,-73.80667,5.897393
5623,40.65603,-73.82967,5.5305886
5624,40.65501,-73.82978,5.5305886
5625,40.667637,-73.825676,5.502242
5626,40.670605,-73.81698,5.548137
5627,40.65276,-73.83249,5.6322536
5628,40.653046,-73.82917,5.4283366
5629,40.66929,-73.815445,5.802426
5630,40.66928,-73.79237,5.7239165
5631,40.671665,-73.816475,5.6115584
5632,40.671013,-73.807526,5.694512
5633,40.659233,-73.83124,5.508214
5634,40.669407,-73.803566,5.7134495
5635,40.655823,-73.83229,5.5305886
5636,40.6528,-73.83079,5.5571375
5637,40.650166,-73.8316,5.5422077
5638,40.651424,-73.829926,5.5422077
5639,40.667995,-73.844475,5.5986767
5640,40.667767,-73.84798,5.599578
5641,40.65767,-73.87704,6.1441846
5642,40.67019,-73.86945,6.1416283
5643,40.657665,-73.87704,6.1441846
5644,40.661827,-73.84824,5.548981
5645,40.65164,-73.83573,5.633545
5646,40.65763,-73.87827,6.1441846
5647,40.65846,-73.85167,5.534769
5648,40.652695,-73.83534,5.6322536
5649,40.65767,-73.87704,6.1441846
5650,40.661793,-73.844025,5.5880003
5651,40.667027,-73.84533,5.585432
5652,40.654747,-73.844574,5.6495605
5653,40.666496,-73.84373,5.5888977
5654,40.66658,-73.85617,5.5577683
5655,40.667515,-73.85023,5.588232
5656,40.657032,-73.84271,5.6353827
5657,40.649624,-73.84611,5.5393515
5658,40.66382,-73.85345,5.548981
5659,40.649147,-73.843185,5.6184034
5660,40.662903,-73.852715,5.548981
5661,40.665455,-73.847984,5.585432
5662,40.66713,-73.87255,6.5475535
5663,40.650963,-73.835846,5.633545
5664,40.66293,-73.854416,5.548981
5665,40.665195,-73.848564,5.572466
5666,40.66683,-73.84851,5.572466
5667,40.65798,-73.84816,5.583008
5668,40.660976,-73.84516,5.583008
5669,40.668083,-73.84966,5.588232
5670,40.665714,-73.85577,5.5577683
5671,40.667362,-73.84579,5.585432
5672,40.665195,-73.848564,5.572466
5673,40.66834,-73.84845,5.588232
5674,40.667027,-73.84533,5.585432
5675,40.668713,-73.83907,5.5971594
5676,40.57714,-73.84766,5.2907176
5677,40.589832,-73.81521,5.4737372
5678,40.578148,-73.850945,5.2907176
5679,40.597065,-73.79679,5.2657733
5680,40.588184,-73.80533,5.3306785
5681,40.580776,-73.83468,5.2894325
5682,40.575653,-73.842766,5.2908473
5683,40.577,-73.840294,5.308417
5684,40.576225,-73.84064,5.308417
5685,40.596844,-73.798996,5.3152575
5686,40.576023,-73.840515,5.308417
5687,40.577,-73.840294,5.308417
5688,40.58764,-73.81558,5.529631
5689,40.60887,-73.817245,5.2392626
5690,40.60586,-73.82021,5.23655
5691,40.572838,-73.851814,5.2543
5692,40.58368,-73.8244,5.506933
5693,40.59059,-73.7901,5.17354
5694,40.573734,-73.85725,5.256279
5695,40.573734,-73.85725,5.256279
5696,40.572838,-73.851814,5.2543
5697,40.57745,-73.848305,5.2907176
5698,40.58465,-73.82418,5.506933
5699,40.605648,-73.819725,5.23655
5700,40.577904,-73.843765,5.309371
5701,40.61159,-73.8187,5.244821
5702,40.580482,-73.83175,5.3099146
5703,40.59388,-73.7986,5.3101187
5704,40.581104,-73.84923,5.303405
5705,40.577133,-73.84866,5.2907176
5706,40.5864,-73.815575,5.529631
5707,40.58897,-73.78966,5.17354
5708,40.57714,-73.84766,5.2907176
5709,40.581104,-73.84923,5.303405
5710,40.588398,-73.811646,5.478104
5711,40.578297,-73.85555,5.2649803
5712,40.578423,-73.83689,5.294346
5713,40.57726,-73.83756,5.294346
5714,40.59388,-73.7986,5.3101187
5715,40.58286,-73.82159,5.540795
5716,40.582634,-73.82075,5.540795
5717,40.6026,-73.8222,5.2247124
5718,40.60581,-73.82042,5.23655
5719,40.604717,-73.82222,5.23655
5720,40.60331,-73.822266,5.2247124
5721,40.582634,-73.82075,5.540795
5722,40.58458,-73.8136,5.5316324
5723,40.60231,-73.820786,5.2247124
5724,40.58897,-73.80653,5.374941
5725,40.596928,-73.794304,5.1924367
5726,40.577,-73.840294,5.308417
5727,40.57414,-73.85945,5.256355
5728,40.58055,-73.83401,5.2894325
5729,40.59159,-73.80245,5.348857
5730,40.588387,-73.79367,5.160875
5731,40.57652,-73.84198,5.309371
5732,40.606964,-73.81628,5.2260337
5733,40.577,-73.840294,5.308417
5734,40.603813,-73.82184,5.2247124
5735,40.57652,-73.84198,5.309371
5736,40.587097,-73.81486,5.529631
5737,40.584366,-73.81359,5.5316324
5738,40.596874,-73.794876,5.2657733
5739,40.596832,-73.79918,5.3152575
5740,40.572914,-73.852844,5.2543
5741,40.5832,-73.81769,5.540795
5742,40.577286,-73.838165,5.294346
5743,40.582634,-73.82075,5.540795
5744,40.606403,-73.81853,5.23655
5745,40.595165,-73.800606,5.3152575
5746,40.57563,-73.8609,5.24844
5747,40.587654,-73.815994,5.529631
5748,40.57601,-73.86013,5.264593
5749,40.575653,-73.842766,5.2908473
5750,40.577137,-73.858536,5.264593
5751,40.606834,-73.81971,5.23655
5752,40.579865,-73.83814,5.2947803
5753,40.577286,-73.838165,5.294346
5754,40.603775,-73.82138,5.2247124
5755,40.603016,-73.82077,5.2247124
5756,40.57768,-73.8487,5.2907176
5757,40.58897,-73.80653,5.374941
5758,40.576836,-73.84414,5.309371
5759,40.57519,-73.85573,5.256279
5760,40.57907,-73.85502,5.27188
5761,40.596836,-73.79912,5.3152575
5762,40.57719,-73.83845,5.294346
5763,40.58029,-73.829384,5.3099146
5764,40.580883,-73.853035,5.2751093
5765,40.573803,-73.86103,5.24844
5766,40.57182,-73.86216,5.238708
5767,40.575222,-73.86106,5.24844
5768,40.574192,-73.86302,5.24844
5769,40.58088,-73.85303,5.2751093
5770,40.578423,-73.83689,5.294346
5771,40.59747,-73.8004,5.3152575
5772,40.60403,-73.82242,5.2247124
5773,40.584366,-73.81359,5.5316324
5774,40.577442,-73.83705,5.294346
5775,40.573463,-73.86203,5.24844
5776,40.6125,-73.82036,5.244821
5777,40.57743,-73.83713,5.294346
5778,40.58944,-73.79086,5.17354
5779,40.60485,-73.82,5.23655
5780,40.5894,-73.807205,5.378022
5781,40.5894,-73.807205,5.378022
5782,40.61218,-73.81938,5.244821
5783,40.580235,-73.85077,5.303405
5784,40.608315,-73.81899,5.2392626
5785,40.576656,-73.840065,5.308417
5786,40.58944,-73.79086,5.17354
5787,40.595165,-73.80058,5.3152575
5788,40.589703,-73.80682,5.374941
5789,40.60555,-73.819885,5.23655
5790,40.57174,-73.86479,5.244326
5791,40.593044,-73.79281,5.1912594
5792,40.58822,-73.80513,5.3306785
5793,40.591465,-73.79821,5.284334
5794,40.589703,-73.80682,5.374941
5795,40.605766,-73.81971,5.23655
5796,40.60442,-73.81992,5.23655
5797,40.589058,-73.79091,5.17354
5798,40.57679,-73.83966,5.308417
5799,40.59413,-73.79808,5.3101187
5800,40.578423,-73.83689,5.294346
5801,40.58468,-73.82064,5.540795
5802,40.576767,-73.839676,5.308417
5803,40.576946,-73.84473,5.309371
5804,40.57695,-73.84844,5.2907176
5805,40.577576,-73.83743,5.294346
5806,40.589573,-73.7923,5.17354
5807,40.578423,-73.83689,5.294346
5808,40.606995,-73.81968,5.23655
5809,40.607212,-73.820595,5.23655
5810,40.57176,-73.86272,5.238708
5811,40.57182,-73.86216,5.238708
5812,40.592575,-73.7999,5.3101187
5813,40.611324,-73.8186,5.244821
5814,40.582123,-73.82134,5.5076976
5815,40.571556,-73.860634,5.2376647
5816,40.578423,-73.83689,5.294346
5817,40.575043,-73.86194,5.24844
5818,40.571556,-73.860634,5.2376647
5819,40.574364,-73.85663,5.256279
5820,40.58912,-73.81741,
5821,40.591564,-73.79871,5.284334
5822,40.608425,-73.81637,5.2312098
5823,40.589703,-73.80682,5.374941
5824,40.576023,-73.840515,5.308417
5825,40.589233,-73.8133,5.413348
5826,40.60028,-73.81918,5.219802
5827,40.582123,-73.821335,5.5076976
5828,40.589703,-73.80682,5.374941
5829,40.57621,-73.840454,5.308417
5830,40.588566,-73.81166,5.413348
5831,40.57128,-73.85925,5.2376647
5832,40.578423,-73.83689,5.294346
5833,40.576492,-73.84492,5.309371
5834,40.571545,-73.85304,5.245187
5835,40.583546,-73.817245,5.540795
5836,40.585316,-73.81973,5.540795
5837,40.59559,-73.79574,5.2657733
5838,40.58917,-73.81471,5.4737372
5839,40.577152,-73.85102,5.2907176
5840,40.574272,-73.8611,5.24844
5841,40.596355,-73.80086,5.348736
5842,40.573498,-73.86408,5.251903
5843,40.597065,-73.79679,5.2657733
5844,40.58518,-73.81444,5.5316324
5845,40.58064,-73.84239,5.3163533
5846,40.609352,-73.81814,5.2392626
5847,40.588184,-73.80533,5.3306785
5848,40.578423,-73.83689,5.294346
5849,40.588184,-73.80533,5.3306785
5850,40.591297,-73.80205,5.348857
5851,40.583305,-73.81714,5.540795
5852,40.60509,-73.82036,5.23655
5853,40.57668,-73.85797,5.264593
5854,40.596344,-73.80067,5.3152575
5855,40.60181,-73.821304,5.2247124
5856,40.605206,-73.82161,5.23655
5857,40.577454,-73.840164,5.308417
5858,40.58536,-73.8227,5.540795
5859,40.604435,-73.81992,5.23655
5860,40.574604,-73.854805,5.256279
5861,40.612297,-73.81926,5.244821
5862,40.57606,-73.86089,5.259753
5863,40.60692,-73.820435,5.23655
5864,40.605114,-73.82062,5.23655
5865,40.578564,-73.84375,5.309371
5866,40.576195,-73.84278,5.309371
5867,40.58212,-73.82136,5.5076976
5868,40.578423,-73.83689,5.294346
5869,40.60794,-73.818054,5.2392626
5870,40.57564,-73.843445,5.2908473
5871,40.585323,-73.81496,5.5316324
5872,40.57414,-73.85355,5.2543
5873,40.577286,-73.838165,5.294346
5874,40.591232,-73.801544,5.348857
5875,40.577286,-73.838165,5.294346
5876,40.575653,-73.842766,5.2908473
5877,40.577927,-73.83672,5.294346
5878,40.580257,-73.846695,5.303405
5879,40.583305,-73.81714,5.540795
5880,40.589703,-73.80682,5.374941
5881,40.571445,-73.86403,5.244326
5882,40.576767,-73.839676,5.308417
5883,40.589104,-73.791405,5.17354
5884,40.57484,-73.86326,5.24844
5885,40.588387,-73.79367,5.160875
5886,40.574825,-73.86337,5.24844
5887,40.5894,-73.807205,5.378022
5888,40.597088,-73.794815,5.2657733
5889,40.590126,-73.813034,5.413348
5890,40.576767,-73.839676,5.308417
5891,40.58992,-73.79091,5.17354
5892,40.60904,-73.81773,5.2392626
5893,40.59616,-73.799065,5.3152575
5894,40.576538,-73.849625,5.2907176
5895,40.5809,-73.83912,5.315112
5896,40.57571,-73.85603,5.256279
5897,40.5746,-73.8623,5.24844
5898,40.578423,-73.83689,5.294346
5899,40.57652,-73.84198,5.309371
5900,40.577576,-73.83743,5.294346
5901,40.577168,-73.85771,5.264593
5902,40.576225,-73.84064,5.308417
5903,40.576023,-73.840515,5.308417
5904,40.591503,-73.80118,5.348857
5905,40.57962,-73.841805,5.315112
5906,40.611095,-73.81956,5.244821
5907,40.611057,-73.819626,5.244821
5908,40.598194,-73.79703,5.2154293
5909,40.589703,-73.80682,5.374941
5910,40.584763,-73.82423,5.506933
5911,40.58826,-73.79346,5.160875
5912,40.89666,-73.84194,5.9980497
5913,40.89684,-73.84641,6.109678
5914,40.87662,-73.843445,6.1980486
5915,40.88577,-73.85844,6.151225
5916,40.897854,-73.862885,6.3021708
5917,40.88042,-73.83612,6.228368
5918,40.90084,-73.86238,6.3021708
5919,40.901318,-73.867584,6.084482
5920,40.902737,-73.85055,6.361157
5921,40.898945,-73.86346,6.3021708
5922,40.899357,-73.87178,6.0536704
5923,40.89872,-73.873695,6.047369
5924,40.90246,-73.85031,6.361157
5925,40.90082,-73.84052,5.9671006
5926,40.88001,-73.8439,6.158177
5927,40.8905,-73.8318,6.1874075
5928,40.880417,-73.865715,6.240024
5929,40.882378,-73.860405,6.182563
5930,40.894302,-73.85117,6.1395035
5931,40.888634,-73.83295,6.165204
5932,40.890553,-73.86057,6.1842833
5933,40.882587,-73.86365,6.201012
5934,40.90084,-73.86238,6.3021708
5935,40.880417,-73.865715,6.240024
5936,40.8789,-73.85514,6.130721
5937,40.886814,-73.863014,6.1566925
5938,40.89872,-73.873695,6.047369
5939,40.89872,-73.873695,6.047369
5940,40.883873,-73.864075,6.2308292
5941,40.883873,-73.864075,6.2308292
5942,40.875645,-73.84598,6.0998607
5943,40.88249,-73.84779,6.080991
5944,40.896618,-73.85197,6.283561
5945,40.90009,-73.84707,6.1445913
5946,40.88213,-73.85992,6.182563
5947,40.88135,-73.877686,6.28428
5948,40.89872,-73.873695,6.047369
5949,40.89872,-73.873695,6.047369
5950,40.87585,-73.87658,6.3938184
5951,40.875885,-73.87437,6.3881683
5952,40.87932,-73.86175,6.2068386
5953,40.88059,-73.852646,6.130721
5954,40.887566,-73.85111,6.0919533
5955,40.882416,-73.839,6.1255283
5956,40.881115,-73.845314,6.102564
5957,40.896366,-73.847694,6.109678
5958,40.90198,-73.86696,6.1999598
5959,40.89712,-73.87337,6.0550847
5960,40.88626,-73.83506,6.2313957
5961,40.88293,-73.86644,6.2308292
5962,40.883087,-73.848015,6.080991
5963,40.88845,-73.8487,6.114941
5964,40.892254,-73.85654,6.2299223
5965,40.90084,-73.86238,6.3021708
5966,40.88851,-73.858284,6.1842833
5967,40.87746,-73.84426,6.1980486
5968,40.89438,-73.85216,6.2299223
5969,40.890633,-73.851746,6.1598563
5970,40.89638,-73.85301,6.283561
5971,40.89969,-73.84659,6.1445913
5972,40.88046,-73.85215,6.130721
5973,40.895226,-73.84419,5.9980497
5974,40.90084,-73.86238,6.3021708
5975,40.87676,-73.85552,6.1031017
5976,40.887943,-73.86408,6.1574163
5977,40.879436,-73.87753,6.28428
5978,40.87932,-73.87766,6.28428
5979,40.878197,-73.87057,6.361402
5980,40.90084,-73.86238,6.3021708
5981,40.89749,-73.852036,6.283561
5982,40.892254,-73.85654,6.2299223
5983,40.876106,-73.8422,6.1980486
5984,40.877254,-73.86336,6.194877
5985,40.880898,-73.876274,6.283301
5986,40.89872,-73.873695,6.047369
5987,40.85282,-73.78929,5.72404
5988,40.860413,-73.82635,5.896205
5989,40.85708,-73.79012,5.7066636
5990,40.860104,-73.82581,5.896205
5991,40.856075,-73.79082,5.720561
5992,40.851723,-73.78813,5.7162647
5993,40.855183,-73.829994,5.9865193
5994,40.855183,-73.829994,5.9865193
5995,40.851368,-73.82953,6.0199265
5996,40.8527,-73.82916,5.863184
5997,40.8579,-73.789696,5.7066636
5998,40.853863,-73.82944,5.9865193
5999,40.851078,-73.832306,6.0199265
6000,40.8523,-73.788536,5.72404
6001,40.850952,-73.78663,5.7162647
6002,40.8527,-73.82916,5.863184
6003,40.855183,-73.829994,5.9865193
6004,40.8527,-73.82916,5.863184
6005,40.861282,-73.82583,5.896205
6006,40.85495,-73.79081,5.720561
6007,40.849586,-73.78566,5.715383
6008,40.850693,-73.831436,6.0199265
6009,40.855183,-73.829994,5.9865193
6010,40.86055,-73.82506,5.896205
6011,40.858063,-73.78974,5.7066636
6012,40.855183,-73.829994,5.9865193
6013,40.8575,-73.78987,5.7066636
6014,40.8509,-73.83142,6.0199265
6015,40.860962,-73.82428,5.896205
6016,40.8527,-73.82916,5.863184
6017,40.854675,-73.79062,5.720561
6018,40.8527,-73.82916,5.863184
6019,40.859177,-73.83235,5.933173
6020,40.84899,-73.786446,5.715383
6021,40.85052,-73.78574,5.7162647
6022,40.855183,-73.829994,5.9865193
6023,40.850315,-73.83091,6.003756
6024,40.85374,-73.828835,5.8598046
6025,40.85181,-73.787186,5.7162647
6026,40.57652,-73.84198,5.309371
6027,40.575653,-73.842766,5.2908473
6028,40.590706,-73.80999,5.378022
6029,40.584282,-73.817535,5.540795
6030,40.607746,-73.81752,5.2392626
6031,40.5948,-73.79409,5.1912594
6032,40.574493,-73.8632,5.24844
6033,40.596664,-73.79621,5.2657733
6034,40.60525,-73.82214,5.23655
6035,40.578693,-73.85578,5.2649803
6036,40.57399,-73.85543,5.256279
6037,40.583305,-73.81714,5.540795
6038,40.58049,-73.849884,5.303405
6039,40.57679,-73.83966,5.308417
6040,40.57483,-73.860435,5.256355
6041,40.585266,-73.8228,5.540795
6042,40.571842,-73.85879,5.2376647
6043,40.582294,-73.821175,5.540795
6044,40.606396,-73.81889,5.23655
6045,40.604553,-73.82051,5.23655
6046,40.575653,-73.842766,5.2908473
6047,40.58822,-73.80513,5.3306785
6048,40.571842,-73.85879,5.2376647
6049,40.573196,-73.857925,5.256355
6050,40.59709,-73.79474,5.2657733
6051,40.594097,-73.79893,5.3101187
6052,40.578423,-73.83689,5.294346
6053,40.58897,-73.80653,5.374941
6054,40.60314,-73.8222,5.2247124
6055,40.909897,-73.90412,6.2932124
6056,40.90821,-73.905495,6.286585
6057,40.91171,-73.90227,6.28717
6058,40.902325,-73.88853,6.082547
6059,40.904762,-73.90519,6.2873473
6060,40.902325,-73.88853,6.082547
6061,40.903053,-73.9074,6.243387
6062,40.90821,-73.905495,6.286585
6063,40.902725,-73.90675,6.243387
6064,40.90821,-73.905495,6.286585
6065,40.904762,-73.90519,6.2873473
6066,40.906563,-73.90659,6.2873473
6067,40.906563,-73.90659,6.2873473
6068,40.906563,-73.90659,6.2873473
6069,40.909164,-73.9056,6.286585
6070,40.904762,-73.90519,6.2873473
6071,40.9052,-73.9061,6.2873473
6072,40.89993,-73.90902,6.189776
6073,40.902325,-73.88853,6.082547
6074,40.906563,-73.90659,6.2873473
6075,40.902058,-73.900055,6.2315345
6076,40.909164,-73.9056,6.286585
6077,40.902058,-73.900055,6.2315345
6078,40.9079,-73.900764,6.2814856
6079,40.906826,-73.89967,6.276528
6080,40.911327,-73.8993,6.28188
6081,40.90821,-73.905495,6.286585
6082,40.912746,-73.90212,6.28717
6083,40.906563,-73.90659,6.2873473
6084,40.83611,-73.85893,6.8188562
6085,40.84057,-73.85886,6.9113336
6086,40.833107,-73.86591,6.4333863
6087,40.83861,-73.85652,6.894012
6088,40.82344,-73.87072,6.2278438
6089,40.83611,-73.85893,6.8188562
6090,40.83861,-73.85652,6.894012
6091,40.837673,-73.86199,6.688159
6092,40.841007,-73.85467,6.894012
6093,40.843903,-73.853516,6.8597918
6094,40.842293,-73.8342,6.089059
6095,40.838852,-73.85737,6.894012
6096,40.8408,-73.85497,6.894012
6097,40.84659,-73.85326,6.715319
6098,40.83861,-73.85652,6.894012
6099,40.83984,-73.86165,6.8576117
6100,40.841496,-73.846886,6.551663
6101,40.838257,-73.870384,6.485054
6102,40.833363,-73.84756,7.0443864
6103,40.841904,-73.85608,6.8597918
6104,40.84845,-73.86018,6.3103027
6105,40.836708,-73.86502,6.5682206
6106,40.841095,-73.85922,6.877822
6107,40.892826,-73.842415,5.9820633
6108,40.90084,-73.86238,6.3021708
6109,40.880096,-73.84409,6.158177
6110,40.876076,-73.86888,6.3007503
6111,40.88979,-73.83017,6.1874075
6112,40.88614,-73.84968,6.0919533
6113,40.892704,-73.84104,5.9605455
6114,40.89618,-73.84326,5.9980497
6115,40.876823,-73.87409,6.3881683
6116,40.876713,-73.874054,6.3881683
6117,40.90084,-73.86238,6.3021708
6118,40.8752,-73.83685,6.2416472
6119,40.89872,-73.873695,6.047369
6120,40.88885,-73.85516,6.1598563
6121,40.89501,-73.84991,6.20021
6122,40.896553,-73.85384,6.283561
6123,40.900635,-73.86662,6.223862
6124,40.893757,-73.84656,6.0634484
6125,40.881996,-73.84101,6.1930003
6126,40.902702,-73.843544,6.1089463
6127,40.90084,-73.86238,6.3021708
6128,40.90084,-73.86238,6.3021708
6129,40.89872,-73.873695,6.047369
6130,40.88645,-73.85026,6.0919533
6131,40.89872,-73.873695,6.047369
6132,40.89788,-73.86647,6.223862
6133,40.88833,-73.84828,6.0919533
6134,40.89767,-73.84474,5.9980497
6135,40.876614,-73.860374,6.13832
6136,40.8939,-73.84853,6.1395035
6137,40.89872,-73.873695,6.047369
6138,40.89222,-73.83799,5.998916
6139,40.90073,-73.865715,6.223862
6140,40.881256,-73.86626,6.240024
6141,40.900555,-73.86354,6.3021708
6142,40.87701,-73.85305,6.1031017
6143,40.905346,-73.84617,6.4335437
6144,40.90084,-73.86238,6.3021708
6145,40.864353,-73.84881,6.016306
6146,40.872517,-73.869446,6.361273
6147,40.87181,-73.84738,6.063701
6148,40.863552,-73.84601,5.96987
6149,40.870823,-73.84378,6.1740184
6150,40.855663,-73.86318,6.148615
6151,40.867435,-73.85598,6.1101403
6152,40.859417,-73.84434,6.3391566
6153,40.855663,-73.86318,6.148615
6154,40.853184,-73.84883,6.2095547
6155,40.868504,-73.86465,6.225987
6156,40.859234,-73.86907,6.1737685
6157,40.850266,-73.85545,6.24609
6158,40.85533,-73.86638,6.1450887
6159,40.852264,-73.86511,6.166795
6160,40.86947,-73.84536,6.063701
6161,40.868908,-73.843895,6.0908933
6162,40.85151,-73.86237,6.1831245
6163,40.86397,-73.83767,6.0180674
6164,40.849743,-73.85571,6.24609
6165,40.864193,-73.86791,6.214795
6166,40.87059,-73.87045,6.391045
6167,40.873207,-73.846725,6.0998607
6168,40.858433,-73.87054,6.1582227
6169,40.87059,-73.87045,6.391045
6170,40.855804,-73.866,6.1450887
6171,40.855804,-73.866,6.1450887
6172,40.670853,-73.76159,5.45931
6173,40.663635,-73.77217,6.6584053
6174,40.657795,-73.73965,5.1287007
6175,40.664818,-73.780426,6.673882
6176,40.66564,-73.77709,6.5536594
6177,40.67066,-73.7356,5.248694
6178,40.658665,-73.73929,5.1607304
6179,40.667477,-73.765045,5.374931
6180,40.661507,-73.758934,5.9379396
6181,40.66118,-73.741264,5.2631173
6182,40.661343,-73.74954,5.7518344
6183,40.657574,-73.734764,5.247265
6184,40.664913,-73.73261,5.189579
6185,40.671413,-73.74655,5.396235
6186,40.671684,-73.73684,5.248694
6187,40.66645,-73.77771,6.5536594
6188,40.664463,-73.77577,6.5536594
6189,40.66451,-73.76789,5.69559
6190,40.662045,-73.76431,6.547199
6191,40.66473,-73.75009,5.506725
6192,40.656555,-73.737686,5.247265
6193,40.66777,-73.73296,5.2055473
6194,40.669334,-73.76933,5.51614
6195,40.661533,-73.754906,5.858518
6196,40.66426,-73.78084,6.6148148
6197,40.66117,-73.755455,5.858518
6198,40.66165,-73.72876,5.2648377
6199,40.65614,-73.743645,5.1318736
6200,40.666767,-73.752975,5.6909676
6201,40.670746,-73.778824,6.2748704
6202,40.877804,-73.839615,6.227442
6203,40.892254,-73.85654,6.2299223
6204,40.892094,-73.85608,6.2299223
6205,40.89028,-73.85949,6.1842833
6206,40.899715,-73.84509,6.1445913
6207,40.89567,-73.84217,5.9980497
6208,40.904266,-73.85287,6.5591593
6209,40.88115,-73.87568,6.283301
6210,40.89913,-73.86256,6.3021708
6211,40.89913,-73.86256,6.3021708
6212,40.899372,-73.87077,6.0536704
6213,40.89913,-73.86256,6.3021708
6214,40.879578,-73.8536,6.130721
6215,40.885185,-73.85414,6.132181
6216,40.89913,-73.86256,6.3021708
6217,40.89872,-73.873695,6.047369
6218,40.8767,-73.864204,6.2349563
6219,40.888348,-73.853645,6.1324344
6220,40.90154,-73.841606,6.016551
6221,40.874317,-73.85139,6.0812154
6222,40.87887,-73.84185,6.227442
6223,40.90049,-73.84582,6.1445913
6224,40.88056,-73.87649,6.283301
6225,40.893406,-73.837845,5.998916
6226,40.8871,-73.8612,6.1566925
6227,40.89265,-73.844215,5.9820633
6228,40.89872,-73.873695,6.047369
6229,40.880844,-73.862785,6.2068386
6230,40.892834,-73.85632,6.2299223
6231,40.8879,-73.84954,6.0919533
6232,40.8882,-73.84501,6.0082564
6233,40.875507,-73.87395,6.418386
6234,40.89913,-73.86256,6.3021708
6235,40.88499,-73.861275,6.201012
6236,40.892017,-73.840164,5.9605455
6237,40.899403,-73.86224,6.3021708
6238,40.90201,-73.853195,6.4213424
6239,40.88103,-73.87584,6.283301
6240,40.876713,-73.874054,6.3881683
6241,40.879185,-73.83679,6.228368
6242,40.87878,-73.84599,6.117926
6243,40.895123,-73.845024,6.109678
6244,40.902996,-73.847336,6.2340755
6245,40.88042,-73.83612,6.228368
6246,40.88123,-73.85474,6.130721
6247,40.87574,-73.84432,6.1980486
6248,40.87483,-73.85063,6.0692663
6249,40.88042,-73.83612,6.228368
6250,40.880898,-73.876274,6.283301
6251,40.896526,-73.874535,6.0431128
6252,40.896545,-73.85852,6.3119936
6253,40.897854,-73.862885,6.3021708
6254,40.888927,-73.8554,6.1598563
6255,40.878826,-73.83401,6.23313
6256,40.88056,-73.87649,6.283301
6257,40.891888,-73.85632,6.2299223
6258,40.881653,-73.862724,6.2068386
6259,40.88705,-73.85625,6.1324344
6260,40.90178,-73.864975,6.1999598
6261,40.87416,-73.84622,6.0998607
6262,40.88239,-73.85464,6.132181
6263,40.875957,-73.85298,6.1031017
6264,40.89193,-73.83977,5.9605455
6265,40.896297,-73.85502,6.283561
6266,40.888836,-73.846725,6.0478625
6267,40.899094,-73.86776,6.1002645
6268,40.88161,-73.85483,6.130721
6269,40.901,-73.84176,6.016551
6270,40.87934,-73.87768,6.28428
6271,40.90084,-73.86238,6.3021708
6272,40.87735,-73.85512,6.1031017
6273,40.87442,-73.84071,6.2513227
6274,40.90084,-73.86238,6.3021708
6275,40.90084,-73.86238,6.3021708
6276,40.89872,-73.873695,6.047369
6277,40.902836,-73.85253,6.4213424
6278,40.879276,-73.861305,6.2068386
6279,40.671066,-73.88545,6.1489244
6280,40.64823,-73.94418,6.1225133
6281,40.63504,-73.95024,6.142957
6282,40.648922,-73.94408,6.2145185
6283,40.661545,-73.95964,6.239517
6284,40.670227,-73.92846,6.409635
6285,40.64007,-73.96571,6.3590894
6286,40.64159,-73.902855,5.9022155
6287,40.6422,-73.88444,5.624485
6288,40.629395,-73.97209,6.288401
6289,40.64783,-73.926346,6.1386747
6290,40.64267,-73.939384,6.0803304
6291,40.644226,-73.905785,6.8296113
6292,40.634197,-73.951744,6.142957
6293,40.657345,-73.928734,6.0301023
6294,40.659702,-73.924255,6.068689
6295,40.646606,-73.94749,6.338421
6296,40.632664,-73.90171,5.6252522
6297,40.64762,-73.88681,5.94766
6298,40.665737,-73.952774,6.423158
6299,40.627987,-73.91717,5.744731
6300,40.634583,-73.96659,6.2403045
6301,40.63719,-73.9712,6.381028
6302,40.64122,-73.96282,6.3590894
6303,40.649384,-73.93085,6.0588317
6304,40.623554,-73.96084,6.0315504
6305,40.64159,-73.902855,5.9022155
6306,40.666874,-73.960884,6.283635
6307,40.669025,-73.885216,5.9956946
6308,40.650887,-73.95851,6.554033
6309,40.59594,-73.77685,5.2433786
6310,40.603962,-73.760345,5.1920943
6311,40.61306,-73.76757,5.0762496
6312,40.59716,-73.77699,5.2433786
6313,40.599407,-73.74152,5.0412936
6314,40.594036,-73.7783,5.2600274
6315,40.59572,-73.750565,5.1598816
6316,40.597927,-73.75506,5.1721764
6317,40.59616,-73.738525,4.9954286
6318,40.598766,-73.74123,5.0412936
6319,40.598976,-73.74451,5.1318164
6320,40.61115,-73.76761,5.0762496
6321,40.609596,-73.7446,5.483049
6322,40.61085,-73.765305,5.1411815
6323,40.609463,-73.7572,5.3610907
6324,40.609596,-73.7446,5.483049
6325,40.607517,-73.74724,5.5477223
6326,40.597103,-73.776985,5.2433786
6327,40.599663,-73.741035,5.0412936
6328,40.593678,-73.75845,5.0869875
6329,40.600418,-73.741325,5.0412936
6330,40.609596,-73.7446,5.483049
6331,40.60308,-73.74921,5.3502965
6332,40.599117,-73.77536,5.117354
6333,40.608814,-73.765434,5.1550136
6334,40.594738,-73.771095,5.102311
6335,40.60582,-73.758446,5.4087873
6336,40.59572,-73.750565,5.1598816
6337,40.592014,-73.774376,5.2039804
6338,40.600018,-73.765854,5.157431
6339,40.594337,-73.77241,5.102311
6340,40.595795,-73.74949,5.131983
6341,40.652794,-73.8325,5.6322536
6342,40.670807,-73.80553,5.703128
6343,40.65286,-73.83251,5.6322536
6344,40.670574,-73.82246,5.502242
6345,40.66768,-73.79232,5.7239165
6346,40.66982,-73.80266,5.7134495
6347,40.66963,-73.80266,5.7134495
6348,40.668636,-73.80693,5.897393
6349,40.667213,-73.82369,5.4553447
6350,40.65099,-73.82938,5.5422077
6351,40.671352,-73.81475,5.6115584
6352,40.66756,-73.82473,5.502242
6353,40.668297,-73.790634,6.1447387
6354,40.671165,-73.81873,5.548137
6355,40.65099,-73.82938,5.5422077
6356,40.670376,-73.80373,5.7134495
6357,40.669598,-73.80356,5.7134495
6358,40.66993,-73.8214,5.502242
6359,40.671032,-73.79374,5.7539873
6360,40.668007,-73.790825,6.1447387
6361,40.66993,-73.8214,5.502242
6362,40.667755,-73.82664,5.509027
6363,40.65399,-73.82951,5.5571375
6364,40.66438,-73.81246,5.9326158
6365,40.668575,-73.80265,5.7134495
6366,40.669037,-73.823166,5.502242
6367,40.669052,-73.79117,6.1447387
6368,40.671894,-73.824356,5.5378203
6369,40.65601,-73.829735,5.5305886
6370,40.669407,-73.7998,5.640844
6371,40.65185,-73.82802,5.4283366
6372,40.6689,-73.79235,5.7239165
6373,40.671703,-73.81469,5.6115584
6374,40.70467,-73.743576,5.243969
6375,40.68789,-73.75112,5.2721977
6376,40.68041,-73.75132,5.434491
6377,40.695312,-73.77275,5.750395
6378,40.707817,-73.744736,5.301372
6379,40.683083,-73.764084,5.5187483
6380,40.698837,-73.73821,5.2101426
6381,40.848442,-73.90745,6.335372
6382,40.82602,-73.92553,6.214169
6383,40.827652,-73.89798,6.795482
6384,40.831974,-73.92067,6.5870943
6385,40.836674,-73.92453,6.444539
6386,40.832104,-73.915535,6.6512547
6387,40.8302,-73.88916,6.808908
6388,40.831974,-73.92067,6.5870943
6389,40.8261,-73.922386,6.242349
6390,40.83796,-73.92619,6.461766
6391,40.82517,-73.92328,6.2781487
6392,40.824345,-73.89907,6.617905
6393,40.83015,-73.920135,6.4771667
6394,40.825912,-73.92522,6.214169
6395,40.82602,-73.92553,6.214169
6396,40.83264,-73.887085,6.584511
6397,40.831974,-73.92067,6.5870943
6398,40.82602,-73.92553,6.214169
6399,40.834377,-73.91482,6.6512547
6400,40.835293,-73.909225,6.6719174
6401,40.835064,-73.91442,6.6719174
6402,40.83015,-73.920135,6.4771667
6403,40.825283,-73.92548,6.214169
6404,40.847633,-73.88658,6.573142
6405,40.831974,-73.92067,6.5870943
6406,40.834427,-73.91169,6.7398334
6407,40.825188,-73.894165,6.8033595
6408,40.84269,-73.92317,6.4552875
6409,40.83015,-73.920135,6.4771667
6410,40.834377,-73.91482,6.6512547
6411,40.82815,-73.90105,6.772171
6412,40.846027,-73.92106,6.374773
6413,40.832012,-73.919136,6.5870943
6414,40.835064,-73.91442,6.6719174
6415,40.83015,-73.920135,6.4771667
6416,40.846027,-73.92106,6.374773
6417,40.83015,-73.920135,6.4771667
6418,40.831203,-73.89339,6.7965837
6419,40.837536,-73.909904,6.6719174
6420,40.847393,-73.89309,6.8585415
6421,40.82443,-73.88741,6.8736334
6422,40.82602,-73.92553,6.214169
6423,40.848442,-73.90745,6.335372
6424,40.847374,-73.914055,6.2302866
6425,40.848442,-73.90745,6.335372
6426,40.835064,-73.91442,6.6719174
6427,40.825714,-73.89841,6.795482
6428,40.846985,-73.89373,6.725106
6429,40.846985,-73.89373,6.725106
6430,40.847374,-73.914055,6.2302866
6431,40.840187,-73.92272,6.5204225
6432,40.83015,-73.920135,6.4771667
6433,40.832012,-73.919136,6.5870943
6434,40.83015,-73.920135,6.4771667
6435,40.83104,-73.88908,6.808908
6436,40.83181,-73.91633,6.6512547
6437,40.832012,-73.919136,6.5870943
6438,40.831974,-73.92067,6.5870943
6439,40.829338,-73.91814,6.4771667
6440,40.83015,-73.920135,6.4771667
6441,40.828197,-73.912674,6.7434587
6442,40.847153,-73.89258,6.725106
6443,40.823414,-73.91281,6.6028123
6444,40.82368,-73.91336,6.6028123
6445,40.82642,-73.90842,6.7434587
6446,40.8463,-73.90535,6.7173
6447,40.831974,-73.92067,6.5870943
6448,40.839996,-73.883804,6.4989862
6449,40.82588,-73.925156,6.214169
6450,40.83015,-73.920135,6.4771667
6451,40.82855,-73.90217,6.8705325
6452,40.848515,-73.88436,6.4208174
6453,40.8322,-73.893036,6.6570106
6454,40.838146,-73.92536,6.461766
6455,40.848442,-73.90745,6.335372
6456,40.82602,-73.92553,6.214169
6457,40.82517,-73.92328,6.2781487
6458,40.83015,-73.920135,6.4771667
6459,40.83015,-73.920135,6.4771667
6460,40.82517,-73.92328,6.2781487
6461,40.83991,-73.92276,6.5204225
6462,40.84847,-73.8844,6.4208174
6463,40.827652,-73.89798,6.795482
6464,40.835064,-73.91442,6.6719174
6465,40.839928,-73.905,6.9149294
6466,40.832012,-73.919136,6.5870943
6467,40.82602,-73.92553,6.214169
6468,40.83015,-73.920135,6.4771667
6469,40.83015,-73.920135,6.4771667
6470,40.83015,-73.920135,6.4771667
6471,40.82791,-73.88159,6.7886934
6472,40.843918,-73.90883,6.545134
6473,40.829636,-73.881615,6.741033
6474,40.84607,-73.88075,6.415285
6475,40.84824,-73.8846,6.4208174
6476,40.825283,-73.92548,6.214169
6477,40.827908,-73.90181,6.772171
6478,40.848328,-73.896645,6.815641
6479,40.84744,-73.890076,6.7902966
6480,40.82517,-73.92328,6.2781487
6481,40.82517,-73.92328,6.2781487
6482,40.823753,-73.889244,6.884565
6483,40.848194,-73.884636,6.4208174
6484,40.82898,-73.90199,6.8705325
6485,40.841965,-73.9108,6.545134
6486,40.840237,-73.883835,6.4989862
6487,40.829113,-73.889275,6.7751937
6488,40.825283,-73.92548,6.214169
6489,40.83292,-73.91568,6.6512547
6490,40.83015,-73.920135,6.4771667
6491,40.823753,-73.889244,6.884565
6492,40.84821,-73.90403,6.507632
6493,40.83015,-73.920135,6.4771667
6494,40.842525,-73.88909,6.4118805
6495,40.831974,-73.92067,6.5870943
6496,40.83015,-73.920135,6.4771667
6497,40.839775,-73.922775,6.5204225
6498,40.83015,-73.920135,6.4771667
6499,40.832012,-73.919136,6.5870943
6500,40.83015,-73.920135,6.4771667
6501,40.83015,-73.920135,6.4771667
6502,40.84702,-73.88485,6.415285
6503,40.83015,-73.920135,6.4771667
6504,40.83015,-73.920135,6.4771667
6505,40.824818,-73.923,6.2781487
6506,40.825912,-73.92522,6.214169
6507,40.83015,-73.920135,6.4771667
6508,40.82517,-73.92328,6.2781487
6509,40.825283,-73.92548,6.214169
6510,40.829987,-73.90039,6.829386
6511,40.834232,-73.91178,6.7398334
6512,40.825283,-73.92548,6.214169
6513,40.82557,-73.92523,6.214169
6514,40.831974,-73.92067,6.5870943
6515,40.841503,-73.920845,6.4552875
6516,40.84114,-73.92155,6.4552875
6517,40.83015,-73.920135,6.4771667
6518,40.835064,-73.91442,6.6719174
6519,40.83015,-73.920135,6.4771667
6520,40.83094,-73.887695,6.808908
6521,40.82517,-73.92328,6.2781487
6522,40.833286,-73.89909,6.869182
6523,40.826305,-73.916466,6.6243377
6524,40.838726,-73.90956,6.6615458
6525,40.83015,-73.920135,6.4771667
6526,40.827923,-73.89442,6.7941084
6527,40.83015,-73.920135,6.4771667
6528,40.84187,-73.910805,6.545134
6529,40.86428,-73.90838,6.5743
6530,40.869453,-73.90593,6.446996
6531,40.86428,-73.90838,6.5743
6532,40.872013,-73.88643,6.439884
6533,40.87255,-73.9189,6.4880986
6534,40.864594,-73.90775,6.5141044
6535,40.87229,-73.88649,6.439884
6536,40.869545,-73.89344,6.453669
6537,40.86951,-73.89347,6.453669
6538,40.869473,-73.89351,6.453669
6539,40.871094,-73.91527,6.469241
6540,40.87303,-73.88362,6.4468994
6541,40.851353,-73.899925,6.710319
6542,40.86479,-73.90716,6.5141044
6543,40.868416,-73.889404,6.4976964
6544,40.867584,-73.89506,6.527276
6545,40.871883,-73.91884,6.4880986
6546,40.865196,-73.907265,6.5141044
6547,40.86428,-73.90838,6.5743
6548,40.851837,-73.90731,6.317114
6549,40.87097,-73.9174,6.469241
6550,40.864838,-73.886475,6.5037713
6551,40.868065,-73.885155,6.4022784
6552,40.867584,-73.89506,6.527276
6553,40.870632,-73.91706,6.469241
6554,40.853355,-73.911064,6.2292333
6555,40.869453,-73.90593,6.446996
6556,40.863873,-73.908455,6.5743
6557,40.856007,-73.89183,6.8713326
6558,40.8612,-73.89397,6.81267
6559,40.86126,-73.89392,6.81267
6560,40.86132,-73.89388,6.81267
6561,40.871094,-73.91527,6.469241
6562,40.871983,-73.91628,6.469241
6563,40.869453,-73.90593,6.446996
6564,40.849926,-73.89045,6.7902966
6565,40.864994,-73.905945,6.5141044
6566,40.850163,-73.89506,6.8585415
6567,40.860847,-73.89998,6.6377625
6568,40.868374,-73.92357,6.6432557
6569,40.852497,-73.918884,6.2565207
6570,40.84877,-73.8874,6.573142
6571,40.873802,-73.885155,6.4468994
6572,40.861088,-73.90503,6.4659486
6573,40.870174,-73.916725,6.469241
6574,40.871883,-73.91884,6.4880986
6575,40.871315,-73.91576,6.469241
6576,40.87061,-73.91793,6.4880986
6577,40.864296,-73.8906,6.615962
6578,40.869305,-73.88826,6.462425
6579,40.8716,-73.88264,6.443967
6580,40.867687,-73.92461,6.6225834
6581,40.869453,-73.90593,6.446996
6582,40.871834,-73.91952,6.4880986
6583,40.86366,-73.9198,6.7232165
6584,40.869453,-73.90593,6.446996
6585,40.868057,-73.92359,6.6432557
6586,40.86459,-73.90775,6.5141044
6587,40.871883,-73.91884,6.4880986
6588,40.869453,-73.90593,6.446996
6589,40.86158,-73.90276,6.5168695
6590,40.863873,-73.908455,6.5743
6591,40.864296,-73.8906,6.615962
6592,40.869835,-73.915184,6.469241
6593,40.8683,-73.922905,6.6432557
6594,40.870476,-73.88281,6.443967
6595,40.869453,-73.90593,6.446996
6596,40.868526,-73.923515,6.6432557
6597,40.866558,-73.89634,6.4879174
6598,40.850044,-73.890656,6.7902966
6599,40.867584,-73.89506,6.527276
6600,40.87056,-73.91663,6.469241
6601,40.869453,-73.90593,6.446996
6602,40.868332,-73.883194,6.4022784
6603,40.871883,-73.91884,6.4880986
6604,40.865925,-73.89136,6.615962
6605,40.871315,-73.91576,6.469241
6606,40.854027,-73.89621,6.9116435
6607,40.850883,-73.91975,6.2565207
6608,40.871315,-73.91576,6.469241
6609,40.871246,-73.91693,6.469241
6610,40.869453,-73.90593,6.446996
6611,40.8683,-73.926094,6.6225834
6612,40.871315,-73.91576,6.469241
6613,40.860847,-73.89998,6.6377625
6614,40.866997,-73.92507,6.6225834
6615,40.871315,-73.91576,6.469241
6616,40.871246,-73.91693,6.469241
6617,40.87171,-73.90509,6.446996
6618,40.866074,-73.88826,6.5037713
6619,40.869453,-73.90593,6.446996
6620,40.870495,-73.8823,6.443967
6621,40.870773,-73.90609,6.446996
6622,40.851837,-73.89753,6.872934
6623,40.860443,-73.907425,6.4659486
6624,40.853848,-73.896286,6.9116435
6625,40.869453,-73.90593,6.446996
6626,40.870773,-73.90609,6.446996
6627,40.86158,-73.90276,6.5168695
6628,40.86428,-73.90838,6.5743
6629,40.860847,-73.89998,6.6377625
6630,40.872402,-73.885216,6.443967
6631,40.849075,-73.886116,6.573142
6632,40.86428,-73.90838,6.5743
6633,40.8664,-73.88782,6.462425
6634,40.860878,-73.900055,6.6377625
6635,40.864594,-73.90775,6.5141044
6636,40.872402,-73.885216,6.443967
6637,40.867584,-73.89506,6.527276
6638,40.864296,-73.8906,6.615962
6639,40.870716,-73.91637,6.469241
6640,40.86621,-73.89995,6.5716553
6641,40.869453,-73.90593,6.446996
6642,40.86752,-73.88454,6.4022784
6643,40.85025,-73.886734,6.573142
6644,40.871296,-73.9169,6.469241
6645,40.869534,-73.90602,6.446996
6646,40.8683,-73.922905,6.6432557
6647,40.8683,-73.926094,6.6225834
6648,40.860554,-73.903206,6.5168695
6649,40.869453,-73.90593,6.446996
6650,40.8683,-73.926094,6.6225834
6651,40.857807,-73.887665,6.6664805
6652,40.87089,-73.91554,6.469241
6653,40.870476,-73.88281,6.443967
6654,40.868332,-73.883194,6.4022784
6655,40.872402,-73.885216,6.443967
6656,40.870174,-73.916725,6.469241
6657,40.851517,-73.91978,6.2565207
6658,40.870476,-73.88281,6.443967
6659,40.87124,-73.9179,6.4880986
6660,40.868332,-73.883194,6.4022784
6661,40.851284,-73.919846,6.2565207
6662,40.869835,-73.915184,6.469241
6663,40.86465,-73.90821,6.5743
6664,40.868332,-73.883194,6.4022784
6665,40.86183,-73.9026,6.5168695
6666,40.872402,-73.885216,6.443967
6667,40.857635,-73.88452,6.4838943
6668,40.870495,-73.8823,6.443967
6669,40.86479,-73.90716,6.5141044
6670,40.870476,-73.88281,6.443967
6671,40.871983,-73.91628,6.469241
6672,40.86479,-73.90716,6.5141044
6673,40.86158,-73.90276,6.5168695
6674,40.8683,-73.922905,6.6432557
6675,40.87061,-73.91793,6.4880986
6676,40.87061,-73.91793,6.4880986
6677,40.869453,-73.90593,6.446996
6678,40.870495,-73.8823,6.443967
6679,40.86459,-73.90775,6.5141044
6680,40.8677,-73.884964,6.4022784
6681,40.863953,-73.90788,6.5141044
6682,40.869534,-73.90602,6.446996
6683,40.85607,-73.909004,6.313643
6684,40.87061,-73.91793,6.4880986
6685,40.871296,-73.9169,6.469241
6686,40.851536,-73.88555,6.435792
6687,40.871246,-73.91693,6.469241
6688,40.8683,-73.922905,6.6432557
6689,40.856415,-73.89186,6.8713326
6690,40.8683,-73.922905,6.6432557
6691,40.86158,-73.90276,6.5168695
6692,40.871246,-73.91693,6.469241
6693,40.872402,-73.885216,6.443967
6694,40.87255,-73.9189,6.4880986
6695,40.8683,-73.922905,6.6432557
6696,40.867584,-73.89506,6.527276
6697,40.871983,-73.91628,6.469241
6698,40.872402,-73.885216,6.443967
6699,40.870758,-73.91803,6.4880986
6700,40.867584,-73.89506,6.527276
6701,40.851475,-73.89066,6.858199
6702,40.851418,-73.8907,6.858199
6703,40.868793,-73.883415,6.4022784
6704,40.865086,-73.904236,6.502729
6705,40.86546,-73.89213,6.615962
6706,40.860847,-73.89998,6.6377625
6707,40.869534,-73.90602,6.446996
6708,40.867584,-73.89506,6.527276
6709,40.852573,-73.90071,6.710319
6710,40.87097,-73.9174,6.469241
6711,40.867584,-73.89506,6.527276
6712,40.863422,-73.89879,6.5716553
6713,40.867584,-73.89506,6.527276
6714,40.86916,-73.888535,6.462425
6715,40.867584,-73.89506,6.527276
6716,40.863422,-73.89879,6.5716553
6717,40.85469,-73.89869,6.744342
6718,40.866898,-73.88973,6.4976964
6719,40.869453,-73.90593,6.446996
6720,40.860847,-73.89998,6.6377625
6721,40.852657,-73.91987,6.2565207
6722,40.84867,-73.89772,6.815641
6723,40.868416,-73.889404,6.4976964
6724,40.86408,-73.89306,6.6664643
6725,40.870174,-73.916725,6.469241
6726,40.870716,-73.91637,6.469241
6727,40.871845,-73.88695,6.439884
6728,40.860554,-73.90192,6.5168695
6729,40.86433,-73.90752,6.5141044
6730,40.870766,-73.91592,6.469241
6731,40.870766,-73.91592,6.469241
6732,40.87071,-73.91657,6.469241
6733,40.870476,-73.88281,6.443967
6734,40.872017,-73.898735,6.431209
6735,40.87097,-73.9174,6.469241
6736,40.85681,-73.90782,6.4201336
6737,40.86465,-73.90821,6.5743
6738,40.869534,-73.90602,6.446996
6739,40.86758,-73.885994,6.4022784
6740,40.867596,-73.90774,6.484068
6741,40.86433,-73.90752,6.5141044
6742,40.868332,-73.883194,6.4022784
6743,40.869534,-73.90602,6.446996
6744,40.867596,-73.90774,6.484068
6745,40.853848,-73.89632,6.9116435
6746,40.870407,-73.916885,6.469241
6747,40.869453,-73.90593,6.446996
6748,40.86386,-73.92307,6.742734
6749,40.869534,-73.90602,6.446996
6750,40.869534,-73.90602,6.446996
6751,40.85155,-73.89101,6.858199
6752,40.869453,-73.90593,6.446996
6753,40.8683,-73.926094,6.6225834
6754,40.864594,-73.90775,6.5141044
6755,40.863953,-73.90788,6.5141044
6756,40.869453,-73.90593,6.446996
6757,40.863953,-73.90788,6.5141044
6758,40.869453,-73.90593,6.446996
6759,40.871296,-73.9169,6.469241
6760,40.86158,-73.90276,6.5168695
6761,40.850136,-73.89609,6.815641
6762,40.87103,-73.91645,6.469241
6763,40.824497,-73.94401,6.941836
6764,40.834156,-73.946465,6.616542
6765,40.836082,-73.945564,6.6061563
6766,40.82528,-73.94621,6.878589
6767,40.827274,-73.94903,6.878589
6768,40.8475,-73.94017,6.700886
6769,40.836082,-73.945564,6.6061563
6770,40.8475,-73.94017,6.700886
6771,40.83481,-73.948105,6.5822926
6772,40.83235,-73.94334,6.625573
6773,40.827965,-73.941055,6.756441
6774,40.82957,-73.94554,6.792814
6775,40.835316,-73.9465,6.5822926
6776,40.824066,-73.94443,6.941836
6777,40.83244,-73.94259,6.6000113
6778,40.82495,-73.95036,6.92673
6779,40.84354,-73.935455,6.6992416
6780,40.82625,-73.94542,6.8712983
6781,40.82719,-73.95155,6.8086905
6782,40.835316,-73.9465,6.5822926
6783,40.824066,-73.94443,6.941836
6784,40.83481,-73.948105,6.5822926
6785,40.836082,-73.945564,6.6061563
6786,40.835533,-73.94488,6.6061563
6787,40.83462,-73.94727,6.616542
6788,40.82957,-73.94554,6.792814
6789,40.83462,-73.94727,6.616542
6790,40.833897,-73.93008,6.299469
6791,40.837383,-73.94562,6.6061563
6792,40.836082,-73.945564,6.6061563
6793,40.83462,-73.94727,6.616542
6794,40.836082,-73.945564,6.6061563
6795,40.83462,-73.94727,6.616542
6796,40.847736,-73.94008,6.700886
6797,40.830597,-73.92795,6.240733
6798,40.830597,-73.92795,6.240733
6799,40.84378,-73.94302,6.682851
6800,40.833763,-73.94096,6.6000113
6801,40.833763,-73.94096,6.6000113
6802,40.83205,-73.949036,6.616542
6803,40.83453,-73.94703,6.616542
6804,40.847736,-73.94008,6.700886
6805,40.833763,-73.94096,6.6000113
6806,40.82893,-73.94325,6.792814
6807,40.824066,-73.94443,6.941836
6808,40.828663,-73.9434,6.792814
6809,40.84378,-73.94302,6.682851
6810,40.823437,-73.94258,6.8184943
6811,40.830597,-73.92795,6.240733
6812,40.83518,-73.94693,6.5822926
6813,40.84378,-73.94302,6.682851
6814,40.835533,-73.94488,6.6061563
6815,40.824764,-73.94015,6.8184943
6816,40.82585,-73.94565,6.8712983
6817,40.83518,-73.94693,6.5822926
6818,40.82719,-73.95155,6.8086905
6819,40.823437,-73.94258,6.8184943
6820,40.833763,-73.94096,6.6000113
6821,40.83462,-73.94727,6.616542
6822,40.82893,-73.94325,6.792814
6823,40.824615,-73.941414,6.8184943
6824,40.83477,-73.94597,6.6061563
6825,40.827766,-73.939255,6.756441
6826,40.84856,-73.930984,6.6898537
6827,40.82837,-73.95044,6.8086905
6828,40.836533,-73.93868,6.618135
6829,40.82837,-73.95044,6.8086905
6830,40.84856,-73.930984,6.6898537
6831,40.82886,-73.94309,6.792814
6832,40.83477,-73.94597,6.6061563
6833,40.83267,-73.94022,6.6000113
6834,40.836082,-73.945564,6.6061563
6835,40.829067,-73.9494,6.7158732
6836,40.825237,-73.94118,6.8184943
6837,40.823437,-73.94258,6.8184943
6838,40.833557,-73.94426,6.625573
6839,40.836082,-73.945564,6.6061563
6840,40.82545,-73.94662,6.878589
6841,40.847736,-73.94008,6.700886
6842,40.82611,-73.95236,6.769069
6843,40.82993,-73.9495,6.7158732
6844,40.847736,-73.94008,6.700886
6845,40.84869,-73.89778,6.815641
6846,40.86301,-73.89185,6.761294
6847,40.87255,-73.9189,6.4880986
6848,40.867584,-73.89506,6.527276
6849,40.870476,-73.88281,6.443967
6850,40.870476,-73.88281,6.443967
6851,40.87124,-73.9179,6.4880986
6852,40.868416,-73.889404,6.4976964
6853,40.868416,-73.889404,6.4976964
6854,40.867584,-73.89506,6.527276
6855,40.870632,-73.91706,6.469241
6856,40.87103,-73.91645,6.469241
6857,40.849678,-73.92075,6.18408
6858,40.870632,-73.91706,6.469241
6859,40.87103,-73.91645,6.469241
6860,40.8522,-73.88823,6.605993
6861,40.868416,-73.889404,6.4976964
6862,40.866997,-73.92507,6.6225834
6863,40.867596,-73.90774,6.484068
6864,40.8716,-73.88264,6.443967
6865,40.871246,-73.91693,6.469241
6866,40.87168,-73.91782,6.4880986
6867,40.871246,-73.91693,6.469241
6868,40.860847,-73.89998,6.6377625
6869,40.871807,-73.903145,6.432598
6870,40.855442,-73.88535,6.4640207
6871,40.86158,-73.90276,6.5168695
6872,40.870476,-73.88281,6.443967
6873,40.872433,-73.91771,6.4880986
6874,40.871315,-73.91576,6.469241
6875,40.872433,-73.91771,6.4880986
6876,40.860847,-73.89998,6.6377625
6877,40.871246,-73.91693,6.469241
6878,40.8716,-73.88264,6.443967
6879,40.8505,-73.88922,6.858199
6880,40.87168,-73.91782,6.4880986
6881,40.87071,-73.91657,6.469241
6882,40.86465,-73.90821,6.5743
6883,40.871315,-73.91576,6.469241
6884,40.829,-73.95,6.7158732
6885,40.824856,-73.95014,6.92673
6886,40.83481,-73.948105,6.5822926
6887,40.837685,-73.94128,6.618135
6888,40.827747,-73.9509,6.8086905
6889,40.84856,-73.930984,6.6898537
6890,40.828598,-73.950226,6.7158732
6891,40.83732,-73.94074,6.618135
6892,40.834774,-73.9393,6.618135
6893,40.834896,-73.94831,6.5822926
6894,40.824615,-73.941414,6.8184943
6895,40.824615,-73.941414,6.8184943
6896,40.83281,-73.940216,6.6000113
6897,40.83078,-73.94261,6.7060385
6898,40.828316,-73.938934,6.756441
6899,40.828663,-73.9434,6.792814
6900,40.83281,-73.940216,6.6000113
6901,40.833416,-73.942764,6.6000113
6902,40.835533,-73.94518,6.6061563
6903,40.835815,-73.9465,6.5822926
6904,40.82719,-73.95155,6.8086905
6905,40.825554,-73.95302,6.769069
6906,40.825554,-73.95302,6.769069
6907,40.83297,-73.94047,6.6000113
6908,40.832607,-73.92768,6.299469
6909,40.82821,-73.94736,6.878589
6910,40.83462,-73.94727,6.616542
6911,40.829372,-73.94004,6.7060385
6912,40.847736,-73.94008,6.700886
6913,40.82467,-73.9497,6.92673
6914,40.826427,-73.94895,6.878589
6915,40.847736,-73.94008,6.700886
6916,40.834846,-73.942375,6.618135
6917,40.841633,-73.93895,6.7228675
6918,40.83682,-73.9466,6.5822926
6919,40.83682,-73.9466,6.5822926
6920,40.834957,-73.94872,6.5822926
6921,40.83281,-73.940216,6.6000113
6922,40.836082,-73.945564,6.6061563
6923,40.824066,-73.94443,6.941836
6924,40.841633,-73.93895,6.7228675
6925,40.817818,-73.91094,6.3277526
6926,40.816692,-73.911385,6.3277526
6927,40.822433,-73.91177,6.6028123
6928,40.810722,-73.92422,6.699508
6929,40.82038,-73.91097,6.431451
6930,40.820503,-73.91136,6.431451
6931,40.82027,-73.894554,6.846609
6932,40.820717,-73.903206,6.500574
6933,40.822433,-73.91177,6.6028123
6934,40.813988,-73.90353,6.750307
6935,40.82038,-73.910934,6.431451
6936,40.82284,-73.90291,6.6582146
6937,40.817307,-73.8969,6.9577894
6938,40.821438,-73.90172,6.5880785
6939,40.82276,-73.90709,6.648046
6940,40.81375,-73.89929,7.0821958
6941,40.82038,-73.910934,6.431451
6942,40.82038,-73.910934,6.431451
6943,40.82038,-73.910934,6.431451
6944,40.81117,-73.92049,6.4546695
6945,40.818104,-73.908714,6.3277526
6946,40.82061,-73.90451,6.500574
6947,40.818073,-73.88617,7.043095
6948,40.822433,-73.91177,6.6028123
6949,40.821438,-73.90172,6.5880785
6950,40.81228,-73.88905,7.5530686
6951,40.815765,-73.90838,6.3737345
6952,40.818913,-73.91226,6.3277526
6953,40.814697,-73.89956,7.0821958
6954,40.819504,-73.903206,6.500574
6955,40.82038,-73.91097,6.431451
6956,40.820023,-73.91034,6.431451
6957,40.820015,-73.917656,6.302675
6958,40.822433,-73.91177,6.6028123
6959,40.82273,-73.90905,6.6028123
6960,40.817986,-73.89622,6.9577894
6961,40.824764,-73.94015,6.8184943
6962,40.82993,-73.9495,6.7158732
6963,40.8259,-73.95264,6.769069
6964,40.824066,-73.94443,6.941836
6965,40.827183,-73.94375,6.8712983
6966,40.82625,-73.94542,6.8712983
6967,40.828598,-73.950226,6.7158732
6968,40.82625,-73.94542,6.8712983
6969,40.832207,-73.92869,6.299469
6970,40.830696,-73.94241,6.7060385
6971,40.832268,-73.92865,6.299469
6972,40.82344,-73.94337,6.941836
6973,40.823997,-73.93945,6.663681
6974,40.855618,-73.938416,6.5945444
6975,40.85314,-73.93905,6.655974
6976,40.85337,-73.93559,6.677924
6977,40.8553,-73.93545,6.61781
6978,40.85314,-73.93905,6.655974
6979,40.85314,-73.93905,6.655974
6980,40.857044,-73.93727,6.5728264
6981,40.8583,-73.93273,6.6446614
6982,40.85314,-73.93905,6.655974
6983,40.8569,-73.936356,6.5880923
6984,40.854275,-73.935036,6.61781
6985,40.855618,-73.938416,6.5945444
6986,40.85337,-73.93559,6.677924
6987,40.855618,-73.938416,6.5945444
6988,40.855618,-73.938416,6.5945444
6989,40.855618,-73.938416,6.5945444
6990,40.863937,-73.928795,6.6851816
6991,40.85233,-73.93975,6.655974
6992,40.854275,-73.935036,6.61781
6993,40.85233,-73.93975,6.655974
6994,40.857803,-73.93302,6.6446614
6995,40.863937,-73.928795,6.6851816
6996,40.855415,-73.93889,6.5945444
6997,40.85671,-73.93754,6.5945444
6998,40.853676,-73.93473,6.61781
6999,40.85184,-73.94128,6.655974
7000,40.851234,-73.94011,6.655974
7001,40.85145,-73.9419,6.655974
7002,40.851234,-73.94011,6.655974
7003,40.82038,-73.910934,6.431451
7004,40.811214,-73.92059,6.4546695
7005,40.81902,-73.91242,6.431451
7006,40.818966,-73.89518,6.846609
7007,40.8191,-73.887535,6.9127254
7008,40.81121,-73.886284,7.5530686
7009,40.815044,-73.9025,6.750307
7010,40.814903,-73.9081,6.5587754
7011,40.82042,-73.90337,6.500574
7012,40.817524,-73.91063,6.3277526
7013,40.817493,-73.910576,6.3277526
7014,40.814903,-73.907936,6.5587754
7015,40.81876,-73.9074,6.38783
7016,40.82097,-73.90617,6.486711
7017,40.821438,-73.90172,6.5880785
7018,40.814697,-73.89956,7.0821958
7019,40.811844,-73.92477,6.699508
7020,40.82038,-73.91097,6.431451
7021,40.81375,-73.89929,7.0821958
7022,40.81997,-73.89456,6.846609
7023,40.82038,-73.910934,6.431451
7024,40.820232,-73.91254,6.431451
7025,40.81123,-73.906166,7.261828
7026,40.82038,-73.910934,6.431451
7027,40.82038,-73.910934,6.431451
7028,40.82038,-73.910934,6.431451
7029,40.801636,-73.916595,7.20399
7030,40.82244,-73.890076,6.884565
7031,40.820232,-73.91254,6.431451
7032,40.820747,-73.91009,6.431451
7033,40.820484,-73.91018,6.431451
7034,40.811146,-73.92043,6.4546695
7035,40.82244,-73.890076,6.884565
7036,40.82038,-73.91097,6.431451
7037,40.822678,-73.89658,6.719711
7038,40.82038,-73.910934,6.431451
7039,40.82545,-73.94662,6.878589
7040,40.847736,-73.94008,6.700886
7041,40.83205,-73.949036,6.616542
7042,40.833557,-73.94426,6.625573
7043,40.83462,-73.94727,6.616542
7044,40.83867,-73.93699,6.6651096
7045,40.82993,-73.9495,6.7158732
7046,40.835815,-73.9465,6.5822926
7047,40.82806,-73.93903,6.756441
7048,40.823437,-73.94258,6.8184943
7049,40.828663,-73.9434,6.792814
7050,40.83725,-73.94766,6.5822926
7051,40.824352,-73.94703,6.981424
7052,40.823997,-73.93945,6.663681
7053,40.82391,-73.93948,6.663681
7054,40.83696,-73.947754,6.5822926
7055,40.835815,-73.9465,6.5822926
7056,40.824615,-73.941414,6.8184943
7057,40.83477,-73.94597,6.6061563
7058,40.8242,-73.9398,6.8184943
7059,40.83462,-73.94727,6.616542
7060,40.83477,-73.94597,6.6061563
7061,40.823563,-73.95008,6.92673
7062,40.83477,-73.94597,6.6061563
7063,40.83867,-73.93699,6.6651096
7064,40.83477,-73.94597,6.6061563
7065,40.827183,-73.94375,6.8712983
7066,40.82527,-73.94843,6.878589
7067,40.824066,-73.94443,6.941836
7068,40.842434,-73.93788,6.7228675
7069,40.833557,-73.94426,6.625573
7070,40.824764,-73.94015,6.8184943
7071,40.83104,-73.94658,6.7809854
7072,40.833557,-73.94426,6.625573
7073,40.833557,-73.94426,6.625573
7074,40.825928,-73.94379,6.8712983
7075,40.835396,-73.94199,6.618135
7076,40.82719,-73.95155,6.8086905
7077,40.827747,-73.9509,6.8086905
7078,40.77346,-73.95454,7.1236367
7079,40.77369,-73.95548,7.1236367
7080,40.793526,-73.97024,6.567206
7081,40.78461,-73.97121,6.603493
7082,40.775963,-73.95779,7.049889
7083,40.775017,-73.95161,6.982437
7084,40.789642,-73.967255,6.471786
7085,40.793526,-73.97024,6.567206
7086,40.775246,-73.95015,6.982437
7087,40.777287,-73.947655,6.807196
7088,40.783695,-73.97298,6.728831
7089,40.783417,-73.95637,6.7404137
7090,40.773174,-73.89075,6.254045
7091,40.777122,-73.91904,6.5062494
7092,40.775253,-73.90618,6.735067
7093,40.77722,-73.92238,6.486162
7094,40.773197,-73.89014,6.254045
7095,40.777763,-73.90538,6.735067
7096,40.779903,-73.90961,6.5861998
7097,40.781178,-73.90487,6.366812
7098,40.77524,-73.90046,6.7700353
7099,40.77296,-73.88977,6.254045
7100,40.780853,-73.910675,6.5861998
7101,40.773197,-73.89014,6.254045
7102,40.781178,-73.90487,6.366812
7103,40.781178,-73.90487,6.366812
7104,40.775955,-73.90777,6.735067
7105,40.7772,-73.90737,6.735067
7106,40.774673,-73.89983,6.8818054
7107,40.7812,-73.908905,6.3726597
7108,40.779003,-73.91861,6.3239455
7109,40.778206,-73.91364,6.50739
7110,40.77858,-73.91418,6.50739
7111,40.775475,-73.90929,6.735067
7112,40.78153,-73.913506,6.3239284
7113,40.695267,-73.996864,6.9044123
7114,40.687157,-73.995575,7.360129
7115,40.695034,-73.99324,7.178353
7116,40.69651,-73.99179,7.0125074
7117,40.68842,-73.981415,7.6017942
7118,40.690807,-73.99001,7.4504037
7119,40.68953,-73.986465,7.5550714
7120,40.689445,-73.99605,7.360129
7121,40.69207,-73.98021,7.343974
7122,40.692474,-73.98507,7.5550714
7123,40.68845,-73.9873,7.5531025
7124,40.68522,-73.9788,7.689033
7125,40.69708,-73.98836,7.283495
7126,40.687847,-73.99481,7.360129
7127,40.67745,-73.997696,7.304616
7128,40.68233,-73.997536,7.0609703
7129,40.682182,-74.00369,6.932842
7130,40.677166,-73.99776,7.304616
7131,40.682655,-74.00143,7.046684
7132,40.68286,-74.001495,7.046684
7133,40.68233,-73.997536,7.0609703
7134,40.682655,-74.00143,7.046684
7135,40.674477,-73.9986,7.422556
7136,40.684063,-74.003555,6.784657
7137,40.677376,-73.99705,7.304616
7138,40.68191,-73.99808,7.0609703
7139,40.68172,-74.0035,6.932842
7140,40.675667,-73.99892,7.422556
7141,40.679123,-74.00156,7.21522
7142,40.683357,-74.00317,6.784657
7143,40.68291,-74.00426,6.932842
7144,40.682076,-73.99812,7.0609703
7145,40.680717,-74.0025,7.046684
7146,40.680588,-74.00266,7.046684
7147,40.684002,-74.00287,6.784657
7148,40.67874,-74.01143,7.233024
7149,40.67727,-74.00034,7.21522
7150,40.680717,-74.0025,7.046684
7151,40.675903,-73.99873,7.422556
7152,40.678516,-74.011154,7.233024
7153,40.675903,-73.99873,7.422556
7154,40.680588,-74.00266,7.046684
7155,40.675667,-73.99892,7.422556
7156,40.677166,-73.99776,7.304616
7157,40.683643,-74.00387,6.784657
7158,40.681297,-73.99937,7.0609703
7159,40.677166,-73.99776,7.304616
7160,40.676804,-73.99908,7.422556
7161,40.68407,-73.99703,7.066794
7162,40.68382,-73.999855,6.913052
7163,40.68109,-74.01012,6.813724
7164,40.674625,-73.999435,7.422556
7165,40.677322,-74.00028,7.21522
7166,40.710457,-73.991234,7.261815
7167,40.715595,-73.9936,8.089156
7168,40.715393,-73.986435,7.4922547
7169,40.71232,-73.99301,7.583943
7170,40.715393,-73.986435,7.4922547
7171,40.714645,-73.98544,6.997965
7172,40.71546,-73.996826,8.368491
7173,40.710457,-73.991234,7.261815
7174,40.712917,-73.97816,6.4845314
7175,40.715057,-73.98183,7.059096
7176,40.72115,-73.99341,10.248317
7177,40.72122,-73.97895,7.86746
7178,40.71555,-73.988365,7.888167
7179,40.720024,-73.99165,9.5991745
7180,40.713478,-73.979416,6.4845314
7181,40.714905,-73.987595,7.888167
7182,40.71477,-73.98055,6.4845314
7183,40.714912,-73.98759,7.888167
7184,40.710457,-73.991234,7.261815
7185,40.722103,-73.99608,10.248317
7186,40.720024,-73.99165,9.5991745
7187,40.722034,-73.98762,9.876062
7188,40.720894,-73.978424,7.5022516
7189,40.71887,-73.99134,9.5991745
7190,40.710457,-73.991234,7.261815
7191,40.716576,-74.01613,7.7539454
7192,40.71007,-74.017006,7.701584
7193,40.709854,-74.01789,7.701584
7194,40.717712,-74.002815,8.678355
7195,40.717167,-74.00248,8.678355
7196,40.718643,-73.997925,9.550534
7197,40.71378,-74.00462,8.646591
7198,40.71274,-73.99936,7.905585
7199,40.718643,-73.997925,9.550534
7200,40.710068,-74.01785,7.701584
7201,40.71382,-74.00837,8.613893
7202,40.71674,-74.009415,8.145485
7203,40.717712,-74.002815,8.678355
7204,40.71517,-74.01092,8.145485
7205,40.71007,-74.017006,7.701584
7206,40.713737,-74.00001,8.351651
7207,40.718647,-74.002975,8.942956
7208,40.709854,-74.01789,7.701584
7209,40.716576,-74.01613,7.7539454
7210,40.716576,-74.01613,7.7539454
7211,40.719345,-74.00359,8.942956
7212,40.71274,-73.99936,7.905585
7213,40.716576,-74.01613,7.7539454
7214,40.709965,-74.004135,8.316318
7215,40.711395,-74.005905,8.316318
7216,40.713512,-73.999535,7.905585
7217,40.71253,-73.99985,8.351651
7218,40.713512,-73.999535,7.905585
7219,40.719067,-74.008415,8.407159
7220,40.719067,-74.008415,8.407159
7221,40.711178,-74.008125,8.437635
7222,40.721737,-73.9981,10.1267
7223,40.71865,-74.002975,8.942956
7224,40.709965,-74.004135,8.316318
7225,40.715206,-74.00913,8.594478
7226,40.70592,-74.010765,7.9822946
7227,40.709164,-74.01293,8.023803
7228,40.708374,-74.01679,7.5398207
7229,40.70839,-74.01777,7.5398207
7230,40.706837,-74.00832,8.014722
7231,40.708614,-74.00348,8.316318
7232,40.70653,-74.01086,7.9822946
7233,40.705185,-74.00789,7.5940347
7234,40.705273,-74.01023,7.54511
7235,40.706184,-74.01561,7.5398207
7236,40.709755,-74.0085,8.437635
7237,40.706116,-74.011734,7.9822946
7238,40.708614,-74.00348,8.316318
7239,40.706837,-74.00832,8.014722
7240,40.709034,-74.004684,8.316318
7241,40.70773,-74.009735,7.9822946
7242,40.70929,-74.01613,7.701584
7243,40.70907,-74.00982,8.285094
7244,40.706184,-74.01561,7.5398207
7245,40.70592,-74.010765,7.9822946
7246,40.707764,-74.01499,7.7665434
7247,40.70592,-74.010765,7.9822946
7248,40.708828,-74.01657,7.701584
7249,40.708103,-74.016975,7.5398207
7250,40.709522,-74.00243,8.030478
7251,40.705185,-74.00789,7.5940347
7252,40.70983,-74.00951,8.285094
7253,40.812756,-73.82697,5.7585077
7254,40.81513,-73.80242,5.5953226
7255,40.816433,-73.810326,5.7225423
7256,40.81749,-73.82224,5.783022
7257,40.80995,-73.80218,5.5736513
7258,40.814785,-73.80092,5.5953226
7259,40.814754,-73.82387,5.7585077
7260,40.816296,-73.79994,5.6013694
7261,40.822178,-73.80648,5.6944523
7262,40.81906,-73.80576,5.663636
7263,40.812195,-73.80677,5.590955
7264,40.81897,-73.80592,5.663636
7265,40.815125,-73.801796,5.5953226
7266,40.81866,-73.81297,5.7225423
7267,40.81769,-73.8189,5.773011
7268,40.81866,-73.81297,5.7225423
7269,40.819454,-73.8193,5.803671
7270,40.818436,-73.82075,5.783022
7271,40.81441,-73.81846,5.742566
7272,40.820637,-73.81897,5.803671
7273,40.820248,-73.821434,5.8185863
7274,40.819195,-73.8213,5.8185863
7275,40.81367,-73.82324,5.7585077
7276,40.81906,-73.80576,5.663636
7277,40.815186,-73.81605,5.726968
7278,40.814644,-73.81631,5.726968
7279,40.80988,-73.80264,5.5736513
7280,40.798668,-73.81949,5.716725
7281,40.81263,-73.80741,5.6485133
7282,40.81944,-73.81889,5.803671
7283,40.803417,-73.967766,6.688691
7284,40.82271,-73.94273,6.8184943
7285,40.815548,-73.9416,6.8932323
7286,40.799824,-73.966934,6.6102734
7287,40.81517,-73.93684,7.005551
7288,40.801777,-73.965096,6.660224
7289,40.819633,-73.95247,6.9996295
7290,40.80912,-73.95147,6.890241
7291,40.812893,-73.9449,6.983078
7292,40.822964,-73.926735,6.287478
7293,40.8117,-73.96209,6.6279316
7294,40.81118,-73.9451,6.856019
7295,40.81429,-73.96096,6.7673235
7296,40.80439,-73.967964,6.688691
7297,40.79875,-73.93618,6.614828
7298,40.80403,-73.937836,6.740674
7299,40.8073,-73.96666,6.6768236
7300,40.803417,-73.967766,6.688691
7301,40.804638,-73.95656,6.823284
7302,40.81118,-73.9451,6.856019
7303,40.802914,-73.96811,6.5926275
7304,40.81429,-73.96096,6.7673235
7305,40.804237,-73.96759,6.688691
7306,40.817883,-73.938644,6.964463
7307,40.80892,-73.95361,6.879491
7308,40.80439,-73.967964,6.688691
7309,40.8117,-73.96209,6.6279316
7310,40.805904,-73.853645,5.838239
7311,40.812607,-73.85968,6.0218115
7312,40.81611,-73.84875,6.2799907
7313,40.82315,-73.8478,6.6488924
7314,40.815063,-73.85055,6.127806
7315,40.805904,-73.853645,5.838239
7316,40.820747,-73.847374,6.537909
7317,40.82294,-73.86072,6.0774503
7318,40.814808,-73.86294,6.1481457
7319,40.815918,-73.85816,6.0998735
7320,40.815807,-73.85759,6.112114
7321,40.805904,-73.853645,5.838239
7322,40.821247,-73.87598,6.3528934
7323,40.805904,-73.853645,5.838239
7324,40.821247,-73.87598,6.3528934
7325,40.820683,-73.8731,6.19856
7326,40.818157,-73.852554,6.112114
7327,40.805656,-73.85058,5.814084
7328,40.820976,-73.845695,6.537909
7329,40.806145,-73.852356,5.838239
7330,40.821598,-73.87332,6.19856
7331,40.82268,-73.84592,6.6488924
7332,40.82261,-73.86095,6.102123
7333,40.821247,-73.87598,6.3528934
7334,40.80857,-73.85114,5.8302727
7335,40.816124,-73.863365,6.1138353
7336,40.813904,-73.85997,6.079309
7337,40.821598,-73.87332,6.19856
7338,40.821247,-73.87598,6.3528934
7339,40.822685,-73.8612,6.102123
7340,40.821598,-73.87332,6.19856
7341,40.821247,-73.87598,6.3528934
7342,40.752827,-73.89164,6.9488783
7343,40.767036,-73.958824,7.3824024
7344,40.76879,-73.93461,6.9045224
7345,40.76986,-73.95934,7.2725644
7346,40.76367,-73.96462,7.6902328
7347,40.77144,-73.95139,6.9411983
7348,40.76876,-73.95718,7.190182
7349,40.76151,-73.9609,7.4539638
7350,40.74646,-73.90034,7.157531
7351,40.77207,-73.957726,7.1712008
7352,40.76784,-73.95762,7.1860924
7353,40.74194,-73.905655,6.735409
7354,40.77181,-73.96707,6.990343
7355,40.754467,-73.966965,7.4681826
7356,40.770878,-73.96677,7.236515
7357,40.759224,-73.95261,6.8112416
7358,40.766212,-73.959915,7.3824024
7359,40.75013,-73.97057,7.590316
7360,40.76425,-73.960655,7.4399343
7361,40.76896,-73.95604,7.190182
7362,40.733902,-73.95547,7.5222363
7363,40.75745,-73.9617,7.344723
7364,40.76697,-73.95496,6.982356
7365,40.760338,-73.96104,7.4539638
7366,40.758987,-73.96413,7.821326
7367,40.77067,-73.952225,6.9411983
7368,40.76244,-73.96259,7.6902328
7369,40.754948,-73.827,6.723808
7370,40.75483,-73.82338,6.2520604
7371,40.756126,-73.830246,7.3452296
7372,40.756622,-73.82554,6.8721657
7373,40.757874,-73.813576,6.5600915
7374,40.752018,-73.831116,6.5608587
7375,40.75637,-73.82315,6.8721657
7376,40.754356,-73.82163,6.2520604
7377,40.75483,-73.82674,6.723808
7378,40.75291,-73.821045,6.2520604
7379,40.757114,-73.82857,7.088231
7380,40.753242,-73.82538,6.2520604
7381,40.756668,-73.82947,7.3452296
7382,40.75295,-73.82199,6.2520604
7383,40.75613,-73.830246,7.3452296
7384,40.755295,-73.831985,6.951898
7385,40.76,-73.82244,6.920756
7386,40.75291,-73.821045,6.2520604
7387,40.769855,-73.81887,6.2594175
7388,40.761208,-73.82771,7.0454807
7389,40.762596,-73.828415,7.023221
7390,40.761925,-73.82003,6.920756
7391,40.76219,-73.82278,6.8578744
7392,40.765152,-73.822075,6.8578744
7393,40.76319,-73.81732,6.7229924
7394,40.76623,-73.82423,6.662858
7395,40.762398,-73.82268,6.8578744
7396,40.76644,-73.824036,6.662858
7397,40.76962,-73.83053,6.7622886
7398,40.764626,-73.81737,6.7229924
7399,40.76545,-73.81811,6.5265965
7400,40.763428,-73.81289,6.529404
7401,40.77964,-73.84423,6.461316
7402,40.789894,-73.84025,6.250225
7403,40.789104,-73.841545,6.250225
7404,40.790154,-73.84291,6.2604465
7405,40.77666,-73.846115,6.292746
7406,40.775005,-73.845116,6.292746
7407,40.786415,-73.84806,6.521409
7408,40.78429,-73.84189,6.4348817
7409,40.79063,-73.845505,5.9650254
7410,40.784077,-73.84936,6.562532
7411,40.793922,-73.84645,5.793493
7412,40.789635,-73.844955,6.2604465
7413,40.791786,-73.84281,5.94812
7414,40.786415,-73.84806,6.521409
7415,40.79247,-73.83933,6.001702
7416,40.785885,-73.832886,6.1770096
7417,40.7864,-73.84633,6.521409
7418,40.77622,-73.84658,6.292746
7419,40.788773,-73.85439,6.399049
7420,40.77976,-73.84346,6.461316
7421,40.783432,-73.84252,6.4993253
7422,40.790813,-73.851036,6.048661
7423,40.78424,-73.84306,6.4348817
7424,40.781834,-73.8446,6.4993253
7425,40.79178,-73.84281,5.94812
7426,40.794334,-73.846405,5.793493
7427,40.792694,-73.84626,5.9650254
7428,40.794144,-73.84663,5.793493
7429,40.793465,-73.846664,5.9650254
7430,40.788765,-73.84587,6.2689424
7431,40.794155,-73.845856,5.793493
7432,40.767338,-73.865875,5.8924932
7433,40.755188,-73.83363,6.990899
7434,40.763714,-73.87067,6.1321983
7435,40.75562,-73.87765,6.826924
7436,40.754807,-73.877495,6.826924
7437,40.75366,-73.856735,6.2591023
7438,40.754807,-73.877495,6.826924
7439,40.75837,-73.87791,6.3699923
7440,40.75266,-73.876366,6.7757745
7441,40.748055,-73.86172,6.59181
7442,40.75266,-73.876366,6.7757745
7443,40.752293,-73.877655,6.9746017
7444,40.752247,-73.87846,6.9746017
7445,40.751595,-73.87896,6.9746017
7446,40.75719,-73.86936,6.2818456
7447,40.75201,-73.86055,6.4785533
7448,40.75614,-73.83274,7.492075
7449,40.75614,-73.83274,7.492075
7450,40.75614,-73.83274,7.492075
7451,40.75753,-73.87938,6.3699923
7452,40.757793,-73.87696,6.3699923
7453,40.760277,-73.833916,7.5062118
7454,40.75753,-73.87938,6.3699923
7455,40.751736,-73.83489,6.6335444
7456,40.756332,-73.87618,6.387537
7457,40.752537,-73.87758,6.9746017
7458,40.758503,-73.877846,6.3699923
7459,40.757202,-73.87808,6.3699923
7460,40.753716,-73.87934,6.826924
7461,40.757084,-73.835594,7.430224
7462,40.755035,-73.87771,6.826924
7463,40.752678,-73.878685,6.826924
7464,40.756138,-73.837685,7.430224
7465,40.757107,-73.85603,5.9609814
7466,40.75837,-73.87924,6.3699923
7467,40.755783,-73.876076,6.7757745
7468,40.756332,-73.87618,6.387537
7469,40.763958,-73.832596,7.207467
7470,40.757965,-73.86447,6.185303
7471,40.763958,-73.832596,7.207467
7472,40.75275,-73.87678,6.826924
7473,40.76255,-73.87878,6.1612515
7474,40.760277,-73.833916,7.5062118
7475,40.755337,-73.875046,6.7757745
7476,40.75492,-73.87656,6.7757745
7477,40.757347,-73.855606,5.9609814
7478,40.75796,-73.87756,6.3699923
7479,40.758442,-73.87715,6.3699923
7480,40.75654,-73.83745,7.430224
7481,40.755054,-73.833595,6.990899
7482,40.757336,-73.83421,7.492075
7483,40.75257,-73.87849,6.9746017
7484,40.755234,-73.875984,6.7757745
7485,40.755882,-73.875145,6.387537
7486,40.756382,-73.879135,6.3699923
7487,40.755714,-73.876724,6.826924
7488,40.75275,-73.87678,6.826924
7489,40.757347,-73.855606,5.9609814
7490,40.757114,-73.87646,6.387537
7491,40.750626,-73.87158,6.828044
7492,40.755234,-73.875984,6.7757745
7493,40.75226,-73.87766,6.9746017
7494,40.760277,-73.833916,7.5062118
7495,40.751736,-73.83489,6.6335444
7496,40.763447,-73.87233,6.1321983
7497,40.760277,-73.833916,7.5062118
7498,40.748,-73.86902,6.77577
7499,40.760277,-73.833916,7.5062118
7500,40.754543,-73.87881,6.826924
7501,40.75861,-73.874405,6.387537
7502,40.752033,-73.85923,6.4785533
7503,40.755226,-73.833626,6.990899
7504,40.74773,-73.8755,6.9072304
7505,40.749645,-73.86654,6.702137
7506,40.757084,-73.835594,7.430224
7507,40.752537,-73.878815,6.9746017
7508,40.757793,-73.87696,6.3699923
7509,40.755272,-73.87569,6.7757745
7510,40.763374,-73.86959,6.0830665
7511,40.766544,-73.83285,7.0404425
7512,40.76108,-73.83315,7.5062118
7513,40.76108,-73.83315,7.5062118
7514,40.756138,-73.837685,7.430224
7515,40.75634,-73.87792,6.3699923
7516,40.751736,-73.83489,6.6335444
7517,40.752026,-73.879166,6.9746017
7518,40.757008,-73.87738,6.3699923
7519,40.754517,-73.87459,6.7757745
7520,40.760586,-73.86712,6.1456723
7521,40.752106,-73.86592,6.702137
7522,40.754402,-73.877106,6.826924
7523,40.765892,-73.866554,5.8924932
7524,40.757294,-73.87687,6.3699923
7525,40.755234,-73.875984,6.7757745
7526,40.76459,-73.83336,7.207467
7527,40.755714,-73.876724,6.826924
7528,40.75196,-73.863754,6.605053
7529,40.75442,-73.87427,6.7757745
7530,40.75654,-73.83745,7.430224
7531,40.758396,-73.87762,6.3699923
7532,40.755905,-73.836685,7.430224
7533,40.75507,-73.8329,6.990899
7534,40.75562,-73.87765,6.826924
7535,40.75381,-73.85507,6.2591023
7536,40.754402,-73.877106,6.826924
7537,40.76108,-73.83315,7.5062118
7538,40.75275,-73.87678,6.826924
7539,40.760174,-73.83302,7.5062118
7540,40.755283,-73.873764,6.7757745
7541,40.75254,-73.86517,6.702137
7542,40.757347,-73.855606,5.9609814
7543,40.751785,-73.855255,6.3441477
7544,40.757526,-73.83435,7.492075
7545,40.755905,-73.836685,7.430224
7546,40.75233,-73.860085,6.4785533
7547,40.75654,-73.83745,7.430224
7548,40.756382,-73.879135,6.3699923
7549,40.75514,-73.87691,6.826924
7550,40.756313,-73.87697,6.3699923
7551,40.75266,-73.876366,6.7757745
7552,40.753025,-73.8705,6.7114787
7553,40.75257,-73.87849,6.9746017
7554,40.76469,-73.86911,6.0830665
7555,40.75216,-73.85933,6.4785533
7556,40.759495,-73.83347,7.5062118
7557,40.755436,-73.873955,6.7757745
7558,40.760727,-73.87874,6.2330265
7559,40.760532,-73.876816,6.2330265
7560,40.753677,-73.85656,6.2591023
7561,40.755272,-73.87569,6.7757745
7562,40.7659,-73.87293,6.048624
7563,40.756004,-73.87583,6.387537
7564,40.76387,-73.87678,6.1612515
7565,40.75572,-73.83266,6.990899
7566,40.756382,-73.879135,6.3699923
7567,40.757046,-73.87929,6.3699923
7568,40.76387,-73.87678,6.1612515
7569,40.75837,-73.87791,6.3699923
7570,40.755917,-73.83696,7.430224
7571,40.76547,-73.868744,5.988346
7572,40.756332,-73.87618,6.387537
7573,40.757084,-73.835594,7.430224
7574,40.766163,-73.874725,6.0719295
7575,40.75654,-73.83745,7.430224
7576,40.75572,-73.83266,6.990899
7577,40.759933,-73.871895,6.2072463
7578,40.754402,-73.877106,6.826924
7579,40.757805,-73.834404,7.492075
7580,40.752903,-73.875206,6.7757745
7581,40.75654,-73.83745,7.430224
7582,40.75624,-73.833275,7.492075
7583,40.760555,-73.86069,5.923022
7584,40.75275,-73.87678,6.826924
7585,40.75734,-73.876495,6.387537
7586,40.75643,-73.87525,6.387537
7587,40.752808,-73.87742,6.826924
7588,40.75996,-73.867004,6.0519524
7589,40.752163,-73.87859,6.9746017
7590,40.75711,-73.85601,5.9609814
7591,40.760277,-73.833916,7.5062118
7592,40.75216,-73.87159,6.828044
7593,40.757347,-73.855606,5.9609814
7594,40.750446,-73.85555,6.3441477
7595,40.753677,-73.85656,6.2591023
7596,40.75237,-73.87909,6.9746017
7597,40.770763,-73.83267,6.759085
7598,40.75562,-73.87765,6.826924
7599,40.756077,-73.87345,6.387537
7600,40.763416,-73.87155,6.1321983
7601,40.763474,-73.8725,6.1321983
7602,40.75769,-73.87789,6.3699923
7603,40.757137,-73.87727,6.3699923
7604,40.755047,-73.83435,6.990899
7605,40.756783,-73.83324,7.492075
7606,40.753613,-73.879326,6.826924
7607,40.756138,-73.837685,7.430224
7608,40.760277,-73.833916,7.5062118
7609,40.758442,-73.87715,6.3699923
7610,40.763966,-73.86236,5.914565
7611,40.755047,-73.83435,6.990899
7612,40.75567,-73.862434,6.4293876
7613,40.75204,-73.869,6.782792
7614,40.75614,-73.83274,7.492075
7615,40.757793,-73.87696,6.3699923
7616,40.757915,-73.87793,6.3699923
7617,40.755283,-73.873764,6.7757745
7618,40.754326,-73.879074,6.826924
7619,40.758297,-73.83429,7.492075
7620,40.75796,-73.87756,6.3699923
7621,40.758442,-73.87715,6.3699923
7622,40.75123,-73.86109,6.605053
7623,40.755466,-73.8773,6.826924
7624,40.75581,-73.877686,6.3699923
7625,40.75286,-73.87682,6.826924
7626,40.75196,-73.863754,6.605053
7627,40.748207,-73.85936,6.4898305
7628,40.755234,-73.875984,6.7757745
7629,40.757824,-73.85731,5.9609814
7630,40.754402,-73.877106,6.826924
7631,40.757805,-73.834404,7.492075
7632,40.754887,-73.83283,6.990899
7633,40.750607,-73.85428,6.206294
7634,40.757347,-73.855606,5.9609814
7635,40.752293,-73.877655,6.9746017
7636,40.760174,-73.83302,7.5062118
7637,40.75643,-73.87525,6.387537
7638,40.754402,-73.877106,6.826924
7639,40.7676,-73.87508,6.0719295
7640,40.757908,-73.872375,6.347928
7641,40.770763,-73.83267,6.759085
7642,40.767376,-73.872284,6.048624
7643,40.755783,-73.876076,6.7757745
7644,40.756332,-73.87618,6.387537
7645,40.753822,-73.86092,6.4293876
7646,40.757294,-73.87687,6.3699923
7647,40.755684,-73.87701,6.826924
7648,40.755657,-73.875435,6.7757745
7649,40.759785,-73.87274,6.2072463
7650,40.760277,-73.833916,7.5062118
7651,40.760277,-73.833916,7.5062118
7652,40.75216,-73.85933,6.4785533
7653,40.765545,-73.87377,6.0719295
7654,40.757805,-73.834404,7.492075
7655,40.757084,-73.835594,7.430224
7656,40.755054,-73.833595,6.990899
7657,40.76471,-73.86844,6.0830665
7658,40.754402,-73.877106,6.826924
7659,40.754887,-73.83283,6.990899
7660,40.755047,-73.83435,6.990899
7661,40.757694,-73.875336,6.387537
7662,40.755283,-73.873764,6.7757745
7663,40.757725,-73.87752,6.3699923
7664,40.75514,-73.87691,6.826924
7665,40.755684,-73.87701,6.826924
7666,40.76366,-73.86214,5.914565
7667,40.7579,-73.86859,6.2818456
7668,40.765762,-73.87775,6.062298
7669,40.770237,-73.87587,6.0085845
7670,40.754585,-73.86506,6.5341506
7671,40.75645,-73.87368,6.387537
7672,40.756588,-73.87719,6.3699923
7673,40.756138,-73.837685,7.430224
7674,40.752293,-73.877655,6.9746017
7675,40.757946,-73.87056,6.347928
7676,40.75237,-73.87909,6.9746017
7677,40.757805,-73.834404,7.492075
7678,40.756588,-73.87719,6.3699923
7679,40.74945,-73.877914,7.0864787
7680,40.7655,-73.8692,5.988346
7681,40.755714,-73.876724,6.826924
7682,40.751163,-73.86206,6.605053
7683,40.770763,-73.83267,6.759085
7684,40.750317,-73.85695,6.3441477
7685,40.75429,-73.864815,6.5341506
7686,40.75362,-73.879036,6.826924
7687,40.755886,-73.87689,6.3699923
7688,40.758423,-73.87064,6.347928
7689,40.757805,-73.834404,7.492075
7690,40.755524,-73.87317,6.7114787
7691,40.750114,-73.865395,6.702137
7692,40.75728,-73.856094,5.9609814
7693,40.751736,-73.83489,6.6335444
7694,40.760555,-73.86069,5.923022
7695,40.760017,-73.87576,6.239505
7696,40.75654,-73.83745,7.430224
7697,40.760277,-73.833916,7.5062118
7698,40.76454,-73.86827,6.0830665
7699,40.764263,-73.86869,6.0830665
7700,40.75216,-73.85933,6.4785533
7701,40.757725,-73.87752,6.3699923
7702,40.75347,-73.85343,6.170573
7703,40.755917,-73.83696,7.430224
7704,40.760277,-73.833916,7.5062118
7705,40.754807,-73.877495,6.826924
7706,40.7536,-73.87919,6.826924
7707,40.754807,-73.877495,6.826924
7708,40.761166,-73.861496,5.985901
7709,40.76066,-73.8608,5.985901
7710,40.764454,-73.873405,6.1321983
7711,40.75654,-73.83745,7.430224
7712,40.76416,-73.86255,5.914565
7713,40.753654,-73.85509,6.2591023
7714,40.751026,-73.86134,6.605053
7715,40.757805,-73.834404,7.492075
7716,40.74945,-73.877914,7.0864787
7717,40.75216,-73.87159,6.828044
7718,40.753258,-73.864426,6.5341506
7719,40.75392,-73.86121,6.4293876
7720,40.757294,-73.87687,6.3699923
7721,40.76031,-73.87406,6.239505
7722,40.760075,-73.873695,6.239505
7723,40.74918,-73.87947,7.0864787
7724,40.75257,-73.87849,6.9746017
7725,40.753517,-73.86349,6.4293876
7726,40.754543,-73.87881,6.826924
7727,40.767075,-73.87498,6.0719295
7728,40.757805,-73.834404,7.492075
7729,40.76454,-73.86827,6.0830665
7730,40.747704,-73.87454,6.9072304
7731,40.753925,-73.8729,6.7114787
7732,40.75643,-73.83314,7.492075
7733,40.755802,-73.87519,6.7757745
7734,40.75257,-73.87849,6.9746017
7735,40.754402,-73.877106,6.826924
7736,40.756237,-73.877106,6.3699923
7737,40.755466,-73.8773,6.826924
7738,40.752377,-73.87906,6.9746017
7739,40.756138,-73.837685,7.430224
7740,40.757946,-73.87647,6.387537
7741,40.760277,-73.833916,7.5062118
7742,40.75295,-73.85746,6.2591023
7743,40.75581,-73.877686,6.3699923
7744,40.757725,-73.87752,6.3699923
7745,40.757763,-73.87644,6.387537
7746,40.75437,-73.86496,6.5341506
7747,40.75429,-73.87708,6.826924
7748,40.754517,-73.87459,6.7757745
7749,40.76019,-73.87688,6.2330265
7750,40.75514,-73.87691,6.826924
7751,40.752846,-73.858284,6.3320804
7752,40.770763,-73.83267,6.759085
7753,40.756332,-73.83261,7.492075
7754,40.762238,-73.86733,6.0830665
7755,40.756004,-73.87583,6.387537
7756,40.75682,-73.87924,6.3699923
7757,40.767418,-73.86906,5.988346
7758,40.754402,-73.877106,6.826924
7759,40.723446,-73.84473,5.9625907
7760,40.723396,-73.84686,5.9751034
7761,40.72772,-73.84715,5.8866134
7762,40.734608,-73.85026,5.8209534
7763,40.733868,-73.84649,5.735113
7764,40.726784,-73.85264,5.983498
7765,40.724365,-73.8389,5.86667
7766,40.728603,-73.849525,5.919079
7767,40.725136,-73.85123,5.983498
7768,40.728603,-73.8505,5.919079
7769,40.728603,-73.849525,5.919079
7770,40.726704,-73.85576,6.0037036
7771,40.728603,-73.8505,5.919079
7772,40.726974,-73.8495,5.983498
7773,40.725418,-73.85348,5.983498
7774,40.727905,-73.853096,5.919079
7775,40.728687,-73.84977,5.919079
7776,40.728603,-73.8505,5.919079
7777,40.729057,-73.84782,5.8866134
7778,40.728237,-73.85135,5.919079
7779,40.727413,-73.846985,5.8866134
7780,40.72962,-73.84788,5.8866134
7781,40.729366,-73.84919,5.919079
7782,40.74678,-73.87389,6.9072304
7783,40.738297,-73.87708,6.788338
7784,40.738262,-73.87671,6.788338
7785,40.7469,-73.871086,6.8721476
7786,40.738297,-73.87708,6.788338
7787,40.73752,-73.858185,6.0912986
7788,40.736557,-73.85886,6.010191
7789,40.737602,-73.85692,5.951384
7790,40.737465,-73.85759,5.951384
7791,40.742832,-73.879456,7.00813
7792,40.737633,-73.868996,6.395775
7793,40.737465,-73.85759,5.951384
7794,40.736557,-73.85886,6.010191
7795,40.740894,-73.858604,6.226463
7796,40.738297,-73.87708,6.788338
7797,40.73657,-73.87063,6.169711
7798,40.737465,-73.85759,5.951384
7799,40.747475,-73.8745,6.9072304
7800,40.738884,-73.87612,6.651843
7801,40.746704,-73.876785,7.0864787
7802,40.736202,-73.87136,6.169711
7803,40.735126,-73.87794,6.38964
7804,40.738434,-73.861465,6.2274427
7805,40.73657,-73.87063,6.169711
7806,40.73826,-73.878586,6.788338
7807,40.738884,-73.87612,6.651843
7808,40.73603,-73.86837,6.155679
7809,40.738396,-73.87836,6.788338
7810,40.736732,-73.86895,6.155679
7811,40.73847,-73.87877,6.788338
7812,40.74483,-73.86588,6.6417594
7813,40.73839,-73.878395,6.788338
7814,40.733845,-73.86188,6.0788975
7815,40.724483,-73.86966,5.9994125
7816,40.72802,-73.86995,6.076763
7817,40.733448,-73.86199,6.049705
7818,40.733448,-73.86199,6.049705
7819,40.724613,-73.86991,5.9994125
7820,40.73018,-73.856705,5.9601865
7821,40.734097,-73.86232,6.0788975
7822,40.731003,-73.85739,5.936344
7823,40.729595,-73.86332,6.0506616
7824,40.733448,-73.86199,6.049705
7825,40.72584,-73.8585,6.001532
7826,40.72665,-73.87416,5.930556
7827,40.731358,-73.86746,6.114944
7828,40.73118,-73.85808,6.00597
7829,40.733448,-73.86199,6.049705
7830,40.731358,-73.86746,6.114944
7831,40.73338,-73.86214,6.049705
7832,40.724045,-73.8607,5.9788523
7833,40.730206,-73.871864,6.0514984
7834,40.72658,-73.859344,6.001532
7835,40.72914,-73.86461,6.0709376
7836,40.727116,-73.85864,6.001532
7837,40.732235,-73.858894,6.00597
7838,40.727352,-73.82563,5.641206
7839,40.728737,-73.817245,5.663043
7840,40.728146,-73.82914,5.6221647
7841,40.73493,-73.8219,5.6396923
7842,40.729145,-73.81745,5.663043
7843,40.728146,-73.82914,5.6221647
7844,40.72524,-73.82191,5.641206
7845,40.728455,-73.81674,5.663043
7846,40.733807,-73.81785,5.6472583
7847,40.73352,-73.81532,5.651842
7848,40.723,-73.81268,5.678165
7849,40.727898,-73.81715,5.663043
7850,40.72843,-73.825645,5.6495457
7851,40.730953,-73.821175,5.6470447
7852,40.73352,-73.81532,5.651842
7853,40.728867,-73.81662,5.663043
7854,40.728195,-73.80961,5.5861473
7855,40.731773,-73.819214,5.662543
7856,40.732105,-73.818855,5.662543
7857,40.728737,-73.817245,5.663043
7858,40.722935,-73.82276,5.6404786
7859,40.728943,-73.81972,5.663043
7860,40.723694,-73.80307,5.570455
7861,40.729137,-73.80057,5.569619
7862,40.73003,-73.79966,5.569619
7863,40.7255,-73.79043,5.515469
7864,40.727993,-73.80035,5.569619
7865,40.727097,-73.78864,5.515469
7866,40.726933,-73.79923,5.5588946
7867,40.73394,-73.78884,5.698993
7868,40.729748,-73.79044,5.544285
7869,40.72984,-73.79048,5.544285
7870,40.72249,-73.79871,5.553688
7871,40.734867,-73.802895,5.6174564
7872,40.73469,-73.79179,5.711659
7873,40.73225,-73.80402,5.5551863
7874,40.72928,-73.79968,5.569619
7875,40.728874,-73.78939,5.544285
7876,40.731106,-73.786125,5.572698
7877,40.72843,-73.80101,5.563489
7878,40.726467,-73.79546,5.5318723
7879,40.73257,-73.79077,5.6267047
7880,40.72978,-73.80691,5.562635
7881,40.72649,-73.79817,5.5588946
7882,40.7269,-73.80104,5.57831
7883,40.728836,-73.803894,5.563489
7884,40.729443,-73.80059,5.569619
7885,40.73468,-73.78977,5.698993
7886,40.732655,-73.7926,5.6695747
7887,40.727974,-73.80035,5.569619
7888,40.73134,-73.801735,5.5551066
7889,40.730232,-73.78996,5.544285
7890,40.74264,-73.818245,5.6223803
7891,40.7472,-73.815865,5.6745286
7892,40.741608,-73.81623,5.5920386
7893,40.742115,-73.81774,5.6223803
7894,40.73972,-73.82797,5.6153502
7895,40.745296,-73.8311,5.7517815
7896,40.74097,-73.82655,5.6273284
7897,40.741238,-73.81978,5.631093
7898,40.739758,-73.820885,5.6210394
7899,40.746075,-73.83097,5.7517815
7900,40.7432,-73.81616,5.62149
7901,40.742683,-73.821754,5.631093
7902,40.746956,-73.83035,6.116482
7903,40.745003,-73.815994,5.62149
7904,40.73763,-73.81113,5.5422654
7905,40.745823,-73.81592,5.62149
7906,40.74491,-73.82422,5.6811304
7907,40.741943,-73.814926,5.5920386
7908,40.74239,-73.81395,5.5920386
7909,40.73948,-73.81194,5.5422654
7910,40.74737,-73.82864,5.8987727
7911,40.74737,-73.82864,5.8987727
7912,40.741943,-73.814926,5.5920386
7913,40.74141,-73.82029,5.631093
7914,40.73913,-73.8206,5.6210394
7915,40.742165,-73.81647,5.5920386
7916,40.74181,-73.817726,5.6223803
7917,40.73759,-73.82813,5.6153502
7918,40.743748,-73.83148,5.7517815
7919,40.74224,-73.82887,5.6273284
7920,40.73696,-73.80947,5.5212774
7921,40.740032,-73.82252,5.631093
7922,40.740883,-73.81283,5.538842
7923,40.662117,-73.9799,6.4770527
7924,40.671474,-73.98128,7.346835
7925,40.670685,-73.979485,7.152013
7926,40.670174,-73.98013,6.8439384
7927,40.668163,-73.974266,6.4428096
7928,40.668438,-73.9908,7.5027666
7929,40.670803,-73.98669,7.5116453
7930,40.661,-73.99541,6.7352715
7931,40.662037,-73.98148,6.6961417
7932,40.666233,-73.993065,7.317958
7933,40.664093,-73.9819,6.6961417
7934,40.66458,-73.9829,6.8247857
7935,40.661354,-73.98112,6.6961417
7936,40.671814,-73.97495,6.9388747
7937,40.661438,-73.98018,6.4770527
7938,40.66182,-73.97938,6.4770527
7939,40.737137,-74.00704,8.434879
7940,40.73168,-73.99284,10.967861
7941,40.744762,-73.979225,9.307276
7942,40.74581,-73.99913,10.329213
7943,40.74541,-73.97799,9.307276
7944,40.76409,-73.99538,8.862348
7945,40.744007,-73.998085,10.329213
7946,40.748585,-73.97648,8.717076
7947,40.744247,-73.97888,9.307276
7948,40.760284,-73.99539,9.538081
7949,40.742493,-73.97852,8.922496
7950,40.737865,-73.98434,10.357488
7951,40.72753,-73.99017,10.489927
7952,40.73569,-73.99641,10.988799
7953,40.736217,-73.98363,9.214864
7954,40.640675,-73.97412,6.5088515
7955,40.64466,-73.986465,6.400193
7956,40.641605,-73.99047,6.3931007
7957,40.6459,-73.97393,6.2978005
7958,40.6431,-73.97716,6.3357854
7959,40.639927,-73.973885,6.5088515
7960,40.6459,-73.97393,6.2978005
7961,40.646687,-73.974045,6.2978005
7962,40.6459,-73.97393,6.2978005
7963,40.64324,-73.97644,6.3357854
7964,40.643486,-73.98832,6.3583493
7965,40.64441,-73.973656,6.3785577
7966,40.64293,-73.97471,6.3357854
7967,40.64293,-73.97471,6.3357854
7968,40.63506,-73.98719,6.2689075
7969,40.64375,-73.97483,6.3357854
7970,40.646564,-73.97519,6.252441
7971,40.646687,-73.974045,6.2978005
7972,40.642838,-73.976814,6.3357854
7973,40.64293,-73.97471,6.3357854
7974,40.64406,-73.9886,6.3583493
7975,40.6431,-73.97716,6.3357854
7976,40.64293,-73.97471,6.3357854
7977,40.646027,-73.98149,6.194784
7978,40.64002,-73.98951,6.492766
7979,40.646027,-73.98149,6.194784
7980,40.64293,-73.97471,6.3357854
7981,40.637993,-73.98843,6.4430447
7982,40.642715,-73.99381,6.253238
7983,40.64329,-73.97689,6.3357854
7984,40.64441,-73.973656,6.3785577
7985,40.63851,-73.9908,6.367809
7986,40.64324,-73.97644,6.3357854
7987,40.6424,-73.97457,6.3357854
7988,40.643154,-73.97777,6.372884
7989,40.6424,-73.97457,6.3357854
7990,40.757706,-73.876755,6.3699923
7991,40.75725,-73.87743,6.3699923
7992,40.757957,-73.855865,5.9609814
7993,40.757797,-73.8572,5.9609814
7994,40.75238,-73.86415,6.702137
7995,40.756393,-73.876045,6.387537
7996,40.755917,-73.83696,7.430224
7997,40.75209,-73.87934,6.9746017
7998,40.76413,-73.867874,6.0830665
7999,40.770035,-73.8767,6.006846
8000,40.763474,-73.868126,6.0830665
8001,40.755234,-73.875984,6.7757745
8002,40.756382,-73.879135,6.3699923
8003,40.755917,-73.83696,7.430224
8004,40.75445,-73.87396,6.7757745
8005,40.75725,-73.87743,6.3699923
8006,40.754356,-73.876335,6.7757745
8007,40.76379,-73.86566,5.982704
8008,40.758396,-73.87762,6.3699923
8009,40.75758,-73.86878,6.2818456
8010,40.74945,-73.877914,7.0864787
8011,40.764072,-73.867035,5.982704
8012,40.76552,-73.86879,5.988346
8013,40.757946,-73.87647,6.387537
8014,40.75514,-73.87691,6.826924
8015,40.750824,-73.87403,6.8695917
8016,40.750317,-73.85695,6.3441477
8017,40.760555,-73.86069,5.923022
8018,40.760498,-73.86109,5.985901
8019,40.75711,-73.85601,5.9609814
8020,40.757805,-73.834404,7.492075
8021,40.641582,-73.987366,6.492766
8022,40.64093,-73.99539,6.3931007
8023,40.646687,-73.974045,6.2978005
8024,40.64293,-73.97471,6.3357854
8025,40.6424,-73.97457,6.3357854
8026,40.64441,-73.973656,6.3785577
8027,40.64293,-73.97471,6.3357854
8028,40.64339,-73.97598,6.3357854
8029,40.643238,-73.97644,6.3357854
8030,40.646687,-73.974045,6.2978005
8031,40.641155,-73.985054,6.519733
8032,40.64339,-73.97598,6.3357854
8033,40.64527,-73.97616,6.3357854
8034,40.643295,-73.9769,6.3357854
8035,40.643295,-73.9769,6.3357854
8036,40.64293,-73.97471,6.3357854
8037,40.63571,-73.99278,6.2936306
8038,40.644634,-73.982475,6.384191
8039,40.64316,-73.977844,6.372884
8040,40.6431,-73.97716,6.3357854
8041,40.639927,-73.973885,6.5088515
8042,40.646687,-73.974045,6.2978005
8043,40.634995,-73.99403,6.2936306
8044,40.639927,-73.973885,6.5088515
8045,40.635548,-73.990425,6.2936306
8046,40.644634,-73.982475,6.384191
8047,40.646687,-73.974045,6.2978005
8048,40.641773,-73.97446,6.551799
8049,40.64339,-73.97598,6.3357854
8050,40.639168,-73.975,6.551799
8051,40.641003,-73.984795,6.519733
8052,40.641773,-73.97446,6.551799
8053,40.646687,-73.974045,6.2978005
8054,40.64339,-73.97598,6.3357854
8055,40.642452,-73.98271,6.384191
8056,40.63554,-73.99402,6.2936306
8057,40.643238,-73.97644,6.3357854
8058,40.643295,-73.9769,6.3357854
8059,40.646687,-73.974045,6.2978005
8060,40.642754,-73.99388,6.253238
8061,40.649593,-74.00899,7.4260406
8062,40.647243,-74.005264,6.82836
8063,40.647785,-74.00076,6.5009427
8064,40.64738,-73.99851,6.2844543
8065,40.647785,-74.00076,6.5009427
8066,40.648792,-74.002365,6.6598454
8067,40.647243,-74.005264,6.82836
8068,40.649418,-74.00901,7.4260406
8069,40.650475,-74.00741,7.4260406
8070,40.648823,-74.00032,6.6598454
8071,40.64802,-74.00013,6.5009427
8072,40.647762,-73.99915,6.2844543
8073,40.648052,-74.00054,6.5009427
8074,40.649616,-74.00389,6.92874
8075,40.654278,-74.00692,7.455732
8076,40.64733,-74.0054,6.82836
8077,40.649616,-74.00389,6.92874
8078,40.64733,-74.0054,6.82836
8079,40.649593,-74.00899,7.4260406
8080,40.647392,-74.00754,7.2524967
8081,40.65448,-74.0,6.8299522
8082,40.655586,-74.007,7.3732333
8083,40.649864,-74.00415,6.92874
8084,40.64941,-74.0034,6.92874
8085,40.64974,-74.00419,6.92874
8086,40.64946,-74.00348,6.92874
8087,40.649864,-74.00415,6.92874
8088,40.648792,-74.002365,6.6598454
8089,40.654884,-74.0004,6.888706
8090,40.648792,-74.002365,6.6598454
8091,40.64707,-74.004974,6.82836
8092,40.64753,-73.998764,6.2844543
8093,40.647728,-74.01516,8.052079
8094,40.64957,-74.00392,6.92874
8095,40.65041,-74.00202,6.6598454
8096,40.644638,-73.998764,6.33201
8097,40.642933,-74.007774,6.961857
8098,40.64601,-74.01888,8.389517
8099,40.641163,-74.01672,7.5931683
8100,40.63975,-74.01863,8.124918
8101,40.645332,-74.01688,8.455794
8102,40.646263,-74.0012,6.5009427
8103,40.64061,-74.00484,6.6261363
8104,40.636425,-74.00303,6.602392
8105,40.646263,-74.0012,6.5009427
8106,40.63947,-74.01199,6.989607
8107,40.645634,-74.000725,6.5009427
8108,40.63684,-73.99699,6.38842
8109,40.64303,-74.00733,6.961857
8110,40.640385,-74.00203,6.457221
8111,40.64408,-73.99851,6.33201
8112,40.642372,-74.00199,6.4943166
8113,40.636604,-74.00576,6.602392
8114,40.645058,-74.002884,6.6850953
8115,40.64532,-74.01427,7.847388
8116,40.64506,-74.00289,6.6850953
8117,40.645153,-73.99912,6.33201
8118,40.641163,-74.01672,7.5931683
8119,40.646507,-73.998505,6.2844543
8120,40.640434,-74.00663,6.8506265
8121,40.63761,-74.01053,6.9643564
8122,40.646507,-73.998505,6.2844543
8123,40.641163,-74.01672,7.5931683
8124,40.641163,-74.01672,7.5931683
8125,40.641163,-74.01672,7.5931683
8126,40.645287,-74.014305,7.847388
8127,40.639877,-74.00119,6.457221
8128,40.6422,-74.002174,6.4943166
8129,40.65042,-74.0075,7.4260406
8130,40.64941,-74.0034,6.92874
8131,40.65474,-74.00443,7.0798326
8132,40.647316,-73.99841,6.2844543
8133,40.649593,-74.00899,7.4260406
8134,40.647316,-73.99841,6.2844543
8135,40.649418,-74.00901,7.4260406
8136,40.649418,-74.00901,7.4260406
8137,40.629246,-74.13856,6.4721274
8138,40.635376,-74.121056,6.4897604
8139,40.623283,-74.13659,6.38956
8140,40.639824,-74.11465,6.2880874
8141,40.630535,-74.13325,6.4534144
8142,40.63029,-74.120674,6.4888186
8143,40.630947,-74.157745,6.3794436
8144,40.63563,-74.15334,6.604803
8145,40.622063,-74.15806,6.247605
8146,40.6335,-74.118546,6.4747615
8147,40.62678,-74.13637,6.4721274
8148,40.634834,-74.14145,6.5257134
8149,40.626884,-74.14362,6.536927
8150,40.6319,-74.15836,6.3794436
8151,40.636925,-74.122696,6.458624
8152,40.629356,-74.13533,6.411538
8153,40.62995,-74.16013,6.3794436
8154,40.637894,-74.13673,6.5186944
8155,40.632607,-74.156906,6.564492
8156,40.63611,-74.1577,6.2546415
8157,40.637257,-74.129875,6.54939
8158,40.62209,-74.125755,6.143702
8159,40.63053,-74.14741,6.778453
8160,40.627697,-74.15156,6.676667
8161,40.624344,-74.16006,6.332855
8162,40.63583,-74.15576,6.5100393
8163,40.63018,-74.12963,6.499889
8164,40.633217,-74.15172,6.604803
8165,40.627995,-74.134346,6.411538
8166,40.621994,-74.14988,6.2211037
8167,40.63672,-74.13063,6.54939
8168,40.622437,-74.12841,6.175128
8169,40.6379,-74.13308,6.5369153
8170,40.634933,-74.12499,6.5826945
8171,40.624397,-74.11854,6.209018
8172,40.63168,-74.15291,6.7119274
8173,40.639275,-74.13563,6.4877834
8174,40.627064,-74.127686,6.4226775
8175,40.637383,-74.122505,6.458624
8176,40.632126,-74.156784,6.564492
8177,40.638405,-73.99968,6.4797306
8178,40.64044,-74.00363,6.6261363
8179,40.64617,-73.99955,6.2844543
8180,40.646214,-73.99951,6.2844543
8181,40.644524,-73.99699,6.33201
8182,40.640198,-74.001724,6.457221
8183,40.641163,-74.01672,7.5931683
8184,40.644543,-73.999275,6.33201
8185,40.634117,-74.020226,6.996028
8186,40.642216,-74.00356,6.6850953
8187,40.634224,-74.0009,6.536333
8188,40.64243,-74.00634,6.961857
8189,40.63418,-74.00766,6.7652955
8190,40.637997,-74.009575,6.9643564
8191,40.637997,-74.009575,6.9643564
8192,40.642933,-74.007774,6.961857
8193,40.642372,-74.00199,6.4943166
8194,40.645977,-74.01899,8.389517
8195,40.634163,-74.00323,6.5913887
8196,40.644955,-74.019585,8.443354
8197,40.6459,-74.01872,8.389517
8198,40.638474,-74.010445,6.9643564
8199,40.638706,-74.017365,7.2246947
8200,40.751846,-73.86369,6.605053
8201,40.756687,-73.85774,6.0226874
8202,40.75837,-73.87791,6.3699923
8203,40.75728,-73.856094,5.9609814
8204,40.760277,-73.833916,7.5062118
8205,40.760292,-73.83287,7.5062118
8206,40.76645,-73.87204,6.048624
8207,40.752415,-73.87867,6.9746017
8208,40.754887,-73.83283,6.990899
8209,40.7557,-73.8736,6.7757745
8210,40.758038,-73.85627,5.9609814
8211,40.747704,-73.87454,6.9072304
8212,40.76484,-73.87899,6.1612515
8213,40.755047,-73.83435,6.990899
8214,40.75275,-73.87678,6.826924
8215,40.757957,-73.855865,5.9609814
8216,40.758038,-73.85627,5.9609814
8217,40.75728,-73.856094,5.9609814
8218,40.754402,-73.877106,6.826924
8219,40.755684,-73.87701,6.826924
8220,40.76265,-73.87815,6.1612515
8221,40.754402,-73.877106,6.826924
8222,40.753227,-73.861275,6.4293876
8223,40.758297,-73.83429,7.492075
8224,40.760277,-73.833916,7.5062118
8225,40.760555,-73.86069,5.923022
8226,40.75614,-73.83274,7.492075
8227,40.754807,-73.877495,6.826924
8228,40.757797,-73.8572,5.9609814
8229,40.626316,-74.15857,6.332855
8230,40.633774,-74.13815,6.5257134
8231,40.623955,-74.124214,6.304741
8232,40.624126,-74.1429,6.3852043
8233,40.6261,-74.12678,6.304301
8234,40.62951,-74.15345,6.676667
8235,40.62713,-74.14933,6.700296
8236,40.625584,-74.15907,6.332855
8237,40.635258,-74.15731,6.5100393
8238,40.63711,-74.132866,6.5369153
8239,40.625862,-74.14516,6.40286
8240,40.633038,-74.15176,6.604803
8241,40.628483,-74.125244,6.428856
8242,40.62864,-74.15425,6.676667
8243,40.629997,-74.159,6.3794436
8244,40.631157,-74.16087,6.2902584
8245,40.634388,-74.14623,6.6837397
8246,40.623665,-74.15269,6.4843717
8247,40.639683,-74.12045,6.357458
8248,40.63321,-74.13248,6.5587234
8249,40.627674,-74.15103,6.700296
8250,40.628704,-74.12165,6.442511
8251,40.62348,-74.12807,6.304301
8252,40.630886,-74.142235,6.716253
8253,40.62925,-74.13092,6.388765
8254,40.637447,-74.11464,6.374919
8255,40.622437,-74.16098,6.135211
8256,40.630325,-74.12229,6.4888186
8257,40.628353,-74.12314,6.428856
8258,40.62817,-74.160706,6.316116
8259,40.624176,-74.15969,6.332855
8260,40.62545,-74.15971,6.332855
8261,40.62377,-74.11431,6.1526103
8262,40.637028,-74.13743,6.5186944
8263,40.627457,-74.15614,6.5696907
8264,40.627422,-74.156746,6.5696907
8265,40.63149,-74.15555,6.564492
8266,40.63241,-74.159134,6.3794436
8267,40.6312,-74.13314,6.4534144
8268,40.625443,-74.159706,6.332855
8269,40.62869,-74.12496,6.428856
8270,40.626766,-74.14067,6.4721274
8271,40.636303,-74.16111,6.2382555
8272,40.637512,-74.12943,6.54939
8273,40.62904,-74.15,6.700296
8274,40.63737,-74.14315,6.584022
8275,40.625164,-74.14145,6.38956
8276,40.63351,-74.15125,6.604803
8277,40.628735,-74.15515,6.5696907
8278,40.63236,-74.15785,6.3794436
8279,40.62814,-74.11561,6.352268
8280,40.625816,-74.134224,6.320911
8281,40.63792,-74.12991,6.54939
8282,40.628345,-74.12313,6.428856
8283,40.63616,-74.12029,6.458624
8284,40.62992,-74.141785,6.716253
8285,40.62912,-74.1577,6.355785
8286,40.62362,-74.135376,6.320911
8287,40.62378,-74.14169,6.3852043
8288,40.639683,-74.136444,6.4877834
8289,40.63153,-74.13289,6.4534144
8290,40.630493,-74.120964,6.4888186
8291,40.628754,-74.12046,6.442511
8292,40.625065,-74.131744,6.2873363
8293,40.630295,-74.12999,6.499889
8294,40.62304,-74.157715,6.247605
8295,40.62536,-74.15947,6.332855
8296,40.623615,-74.13539,6.38956
8297,40.634907,-74.12218,6.4897604
8298,40.632164,-74.11481,6.4220033
8299,40.627895,-74.12178,6.442511
8300,40.623833,-74.13175,6.2873363
8301,40.623158,-74.13248,6.2161484
8302,40.63691,-74.125824,6.5478
8303,40.63115,-74.13035,6.499889
8304,40.638447,-74.132065,6.54939
8305,40.621983,-74.158066,6.247605
8306,40.6285,-74.1401,6.4721274
8307,40.636585,-74.125786,6.5478
8308,40.62962,-74.131836,6.499889
8309,40.635666,-74.15231,6.604803
8310,40.636497,-74.13478,6.5369153
8311,40.630886,-74.142235,6.716253
8312,40.629185,-74.11905,6.415528
8313,40.628708,-74.14954,6.700296
8314,40.635147,-74.157776,6.3399057
8315,40.626076,-74.159096,6.332855
8316,40.63655,-74.135765,6.5186944
8317,40.628647,-74.14954,6.700296
8318,40.631977,-74.15877,6.3794436
8319,40.62407,-74.15632,6.431306
8320,40.631058,-74.15447,6.564492
8321,40.632774,-74.11428,6.437213
8322,40.627617,-74.13569,6.4721274
8323,40.627834,-74.15239,6.676667
8324,40.624336,-74.12928,6.2873363
8325,40.632244,-74.15425,6.7119274
8326,40.63545,-74.15237,6.604803
8327,40.631577,-74.12193,6.4888186
8328,40.62765,-74.15716,6.5696907
8329,40.62228,-74.14129,6.2559886
8330,40.62566,-74.15074,6.5258074
8331,40.62627,-74.11742,6.209018
8332,40.625725,-74.14257,6.3852043
8333,40.630154,-74.116714,6.4672766
8334,40.634064,-74.13092,6.597001
8335,40.6275,-74.137184,6.4721274
8336,40.636547,-74.13549,6.5186944
8337,40.622482,-74.14185,6.24276
8338,40.631115,-74.11854,6.4672766
8339,40.628582,-74.13834,6.4721274
8340,40.62184,-74.14079,6.2559886
8341,40.634636,-74.15414,6.604803
8342,40.633125,-74.138405,6.5257134
8343,40.629726,-74.1194,6.4672766
8344,40.626026,-74.13376,6.320911
8345,40.625694,-74.13379,6.320911
8346,40.6313,-74.14927,6.763277
8347,40.62529,-74.12825,6.304301
8348,40.631226,-74.14845,6.763277
8349,40.631298,-74.158676,6.3794436
8350,40.630646,-74.1152,6.4220033
8351,40.63187,-74.142975,6.716253
8352,40.62334,-74.15984,6.332855
8353,40.637585,-74.14557,6.643648
8354,40.625065,-74.154755,6.431306
8355,40.6295,-74.15575,6.5696907
8356,40.627678,-74.12817,6.4226775
8357,40.62434,-74.14285,6.3852043
8358,40.624454,-74.127426,6.304301
8359,40.622463,-74.1278,6.175128
8360,40.625515,-74.14262,6.3852043
8361,40.629753,-74.132225,6.4534144
8362,40.630733,-74.160645,6.2902584
8363,40.6266,-74.14416,6.536927
8364,40.63337,-74.14192,6.623202
8365,40.63458,-74.12237,6.4897604
8366,40.62369,-74.15826,6.332855
8367,40.630642,-74.115204,6.4220033
8368,40.63115,-74.14218,6.716253
8369,40.6272,-74.14377,6.536927
8370,40.633892,-74.14635,6.6837397
8371,40.627304,-74.13948,6.4721274
8372,40.6364,-74.154144,6.5624895
8373,40.6257,-74.12874,6.304301
8374,40.62183,-74.140785,6.2559886
8375,40.633827,-74.152596,6.604803
8376,40.63414,-74.145676,6.6837397
8377,40.63567,-74.153725,6.604803
8378,40.630013,-74.1434,6.716253
8379,40.635376,-74.14607,6.6837397
8380,40.62163,-74.12643,6.175128
8381,40.62158,-74.14046,6.2559886
8382,40.624985,-74.13546,6.38956
8383,40.62503,-74.13539,6.38956
8384,40.638504,-74.11435,6.374919
8385,40.62843,-74.151344,6.676667
8386,40.6342,-74.11873,6.4747615
8387,40.627415,-74.11614,6.352268
8388,40.629234,-74.15349,6.676667
8389,40.628925,-74.1583,6.355785
8390,40.638058,-74.13493,6.5369153
8391,40.623283,-74.159645,6.332855
8392,40.638023,-74.11605,6.374919
8393,40.632675,-74.14146,6.4813185
8394,40.624073,-74.141655,6.38956
8395,40.630814,-74.12108,6.4888186
8396,40.634605,-74.12279,6.5826945
8397,40.629612,-74.13361,6.4534144
8398,40.623764,-74.13401,6.320911
8399,40.63635,-74.13881,6.5186944
8400,40.624462,-74.15937,6.332855
8401,40.635376,-74.14607,6.6837397
8402,40.622166,-74.13442,6.2161484
8403,40.635963,-74.132965,6.5369153
8404,40.62791,-74.13475,6.411538
8405,40.629196,-74.16015,6.355785
8406,40.622883,-74.13876,6.2559886
8407,40.62729,-74.13674,6.4721274
8408,40.63776,-74.12412,6.5478
8409,40.634327,-74.122574,6.4897604
8410,40.63699,-74.129074,6.54939
8411,40.6312,-74.13314,6.4534144
8412,40.62253,-74.14126,6.2559886
8413,40.63805,-74.14029,6.5186944
8414,40.63114,-74.13628,6.4813185
8415,40.62479,-74.12514,6.304741
8416,40.62158,-74.127075,6.175128
8417,40.631134,-74.13627,6.4813185
8418,40.632683,-74.15907,6.3794436
8419,40.63011,-74.13377,6.4534144
8420,40.629223,-74.12458,6.428856
8421,40.63418,-74.118904,6.4747615
8422,40.62554,-74.14271,6.3852043
8423,40.6277,-74.12294,6.428856
8424,40.630077,-74.15276,6.7119274
8425,40.63469,-74.12268,6.4897604
8426,40.63013,-74.158295,6.3794436
8427,40.627342,-74.119286,6.415528
8428,40.635788,-74.146904,6.6837397
8429,40.628403,-74.13147,6.388765
8430,40.627003,-74.160164,6.355785
8431,40.62872,-74.11932,6.415528
8432,40.63228,-74.10209,6.1534824
8433,40.62702,-74.1103,6.2198753
8434,40.626343,-74.11322,6.140167
8435,40.628506,-74.1051,6.166206
8436,40.63934,-74.078476,6.3361263
8437,40.62731,-74.08223,6.451371
8438,40.627098,-74.07526,6.3651958
8439,40.638138,-74.07551,6.367549
8440,40.643482,-74.09702,6.376572
8441,40.63024,-74.084175,6.4336176
8442,40.624607,-74.0945,6.060075
8443,40.640194,-74.10969,6.187473
8444,40.621616,-74.08287,6.345602
8445,40.636333,-74.08733,6.293953
8446,40.641457,-74.113045,6.187473
8447,40.63251,-74.113266,6.337823
8448,40.634415,-74.099976,6.1370125
8449,40.643375,-74.08889,6.478973
8450,40.642017,-74.11138,6.187473
8451,40.633705,-74.092834,6.1334605
8452,40.644855,-74.08976,6.478973
8453,40.629883,-74.09992,6.120253
8454,40.634743,-74.09421,6.1334605
8455,40.6416,-74.08805,6.39599
8456,40.637974,-74.10868,6.3354263
8457,40.630947,-74.111824,6.337823
8458,40.62751,-74.11177,6.2198753
8459,40.64472,-74.09487,6.376572
8460,40.644947,-74.07891,6.416312
8461,40.6332,-74.10654,6.233122
8462,40.63838,-74.07932,6.3388066
8463,40.62848,-74.106865,6.166206
8464,40.631905,-74.090256,6.1529503
8465,40.628464,-74.08181,6.451371
8466,40.640263,-74.07419,6.2980275
8467,40.63742,-74.10388,6.2190323
8468,40.642838,-74.09928,6.2712893
8469,40.62926,-74.1005,6.1033664
8470,40.636883,-74.07892,6.3388066
8471,40.638397,-74.09017,6.216232
8472,40.55047,-74.138176,5.6900563
8473,40.55502,-74.13153,5.688125
8474,40.55588,-74.13874,5.7067757
8475,40.56976,-74.12685,5.8215604
8476,40.569855,-74.12208,5.890708
8477,40.556255,-74.12324,5.665778
8478,40.557674,-74.160164,5.7529097
8479,40.5634,-74.14856,5.716761
8480,40.55315,-74.115486,5.6333685
8481,40.570976,-74.12873,5.8215604
8482,40.560555,-74.12846,5.727067
8483,40.55505,-74.15781,5.7897325
8484,40.567505,-74.12765,5.771592
8485,40.555305,-74.14319,5.739556
8486,40.568535,-74.133354,5.7621517
8487,40.56278,-74.154625,5.7274675
8488,40.560566,-74.11607,5.72616
8489,40.5697,-74.11539,5.9411936
8490,40.55883,-74.12099,5.689716
8491,40.552925,-74.15434,5.820273
8492,40.555508,-74.14253,5.739556
8493,40.55028,-74.154884,5.8519754
8494,40.561,-74.15944,5.7561636
8495,40.56286,-74.12513,5.726089
8496,40.557713,-74.12403,5.7039857
8497,40.55511,-74.139,5.7067757
8498,40.546688,-74.14056,5.6869025
8499,40.566216,-74.121284,5.7564006
8500,40.569996,-74.13241,5.776704
8501,40.558018,-74.1365,5.7165446
8502,40.552914,-74.154335,5.820273
8503,40.565712,-74.15339,5.718689
8504,40.564625,-74.12187,5.7564006
8505,40.565002,-74.12778,5.743142
8506,40.56025,-74.13291,5.729518
8507,40.557934,-74.15908,5.7529097
8508,40.567497,-74.12765,5.771592
8509,40.567825,-74.13717,5.757581
8510,40.555363,-74.14252,5.739556
8511,40.561756,-74.15886,5.7561636
8512,40.56777,-74.13704,5.757581
8513,40.56406,-74.11771,5.788082
8514,40.56474,-74.14335,5.7327614
8515,40.553688,-74.13712,5.6945877
8516,40.55591,-74.155785,5.8029013
8517,40.55649,-74.14015,5.7067757
8518,40.556187,-74.11704,5.6528554
8519,40.556736,-74.15616,5.8029013
8520,40.569218,-74.129684,5.7677026
8521,40.548817,-74.142494,5.78429
8522,40.556355,-74.155396,5.8029013
8523,40.569214,-74.1297,5.7677026
8524,40.55589,-74.13874,5.7067757
8525,40.56554,-74.15322,5.718689
8526,40.555603,-74.131134,5.688125
8527,40.56141,-74.12063,5.7154613
8528,40.557953,-74.11756,5.67826
8529,40.556217,-74.12371,5.665778
8530,40.555286,-74.15792,5.7897325
8531,40.561226,-74.1146,5.72616
8532,40.55102,-74.14862,5.7860785
8533,40.560135,-74.15767,5.7561636
8534,40.558453,-74.11594,5.684312
8535,40.556133,-74.14936,5.7894797
8536,40.565994,-74.12988,5.743797
8537,40.5584,-74.150215,5.7506676
8538,40.558872,-74.11655,5.67826
8539,40.5537,-74.14794,5.7799478
8540,40.55815,-74.11604,5.684312
8541,40.568882,-74.14335,5.74531
8542,40.553596,-74.1509,5.7860785
8543,40.55132,-74.14142,5.6945877
8544,40.567707,-74.13426,5.7621517
8545,40.565887,-74.13834,5.7442317
8546,40.569992,-74.14989,5.7513947
8547,40.55643,-74.16032,5.7897325
8548,40.564857,-74.151306,5.718689
8549,40.54594,-74.15393,5.878508
8550,40.555965,-74.13818,5.7067757
8551,40.55699,-74.115685,5.684312
8552,40.56838,-74.12938,5.7677026
8553,40.559532,-74.15029,5.7506676
8554,40.627525,-74.02507,6.7959666
8555,40.62531,-74.029495,6.7610035
8556,40.622948,-74.03037,6.581318
8557,40.634216,-74.03029,6.5417314
8558,40.62311,-74.03832,6.2988605
8559,40.622948,-74.03037,6.581318
8560,40.627655,-74.02616,6.7959666
8561,40.638336,-74.025475,7.0391355
8562,40.634426,-74.03121,6.5417314
8563,40.635002,-74.03103,6.5417314
8564,40.634216,-74.03029,6.5417314
8565,40.63087,-74.03294,6.547369
8566,40.634815,-74.03715,6.2599683
8567,40.636036,-74.03664,6.2186484
8568,40.629826,-74.02991,6.6239734
8569,40.634426,-74.03121,6.5417314
8570,40.630333,-74.02461,6.823852
8571,40.634815,-74.03715,6.2599683
8572,40.639297,-74.0353,6.268577
8573,40.635002,-74.03103,6.5417314
8574,40.627655,-74.02616,6.7959666
8575,40.622948,-74.03037,6.581318
8576,40.639893,-74.02969,7.6516604
8577,40.63979,-74.029785,7.6516604
8578,40.63431,-74.02437,6.996028
8579,40.631905,-74.03729,6.339263
8580,40.632652,-74.02233,6.823852
8581,40.627686,-74.02763,6.7959666
8582,40.635002,-74.03103,6.5417314
8583,40.635483,-74.02849,6.5417314
8584,40.63979,-74.029785,7.6516604
8585,40.634895,-74.036385,6.2599683
8586,40.62369,-74.02172,6.7161636
8587,40.63813,-74.03573,6.2186484
8588,40.631298,-74.03611,6.339263
8589,40.62553,-74.02455,6.7161636
8590,40.62444,-74.04012,6.2418246
8591,40.637665,-74.031494,6.399238
8592,40.63979,-74.029785,7.6516604
8593,40.63772,-74.02778,7.0391355
8594,40.634113,-74.03357,6.4097233
8595,40.625977,-74.03231,6.6620383
8596,40.63372,-74.026535,6.688158
8597,40.631786,-74.03388,6.547369
8598,40.62878,-74.02919,6.7921576
8599,40.633957,-74.03635,6.2599683
8600,40.635075,-74.03175,6.4097233
8601,40.634895,-74.036385,6.2599683
8602,40.62839,-74.02441,6.7744923
8603,40.63235,-74.02408,6.823852
8604,40.635075,-74.03175,6.4097233
8605,40.629295,-74.02634,6.7959666
8606,40.638184,-74.028854,6.715859
8607,40.625,-74.02541,6.7879343
8608,40.627655,-74.02616,6.7959666
8609,40.633957,-74.03635,6.2599683
8610,40.63979,-74.029785,7.6516604
8611,40.633957,-74.03635,6.2599683
8612,40.631275,-74.036026,6.339263
8613,40.635002,-74.03103,6.5417314
8614,40.633957,-74.03635,6.2599683
8615,40.63555,-74.033325,6.4097233
8616,40.63032,-74.03057,6.6239734
8617,40.63267,-74.03397,6.547369
8618,40.62797,-74.0258,6.7959666
8619,40.628677,-74.03041,6.7921576
8620,40.628986,-74.02975,6.7921576
8621,40.630066,-74.03297,6.547369
8622,40.628986,-74.02975,6.7921576
8623,40.631546,-74.03086,6.6239734
8624,40.631546,-74.03086,6.6239734
8625,40.62624,-74.034645,6.459742
8626,40.634735,-74.031136,6.5417314
8627,40.62444,-74.04012,6.2418246
8628,40.6287,-74.02401,6.7744923
8629,40.630905,-74.02401,6.823852
8630,40.62618,-74.02354,6.7161636
8631,40.62752,-74.02632,6.7959666
8632,40.624775,-73.97863,6.19627
8633,40.62545,-73.97882,6.19627
8634,40.626232,-73.977875,6.19627
8635,40.631275,-73.99285,6.3275256
8636,40.622738,-73.97734,6.330829
8637,40.6215,-73.98588,6.3118396
8638,40.631866,-73.9754,6.3627505
8639,40.62941,-73.99309,6.4796424
8640,40.630756,-73.98553,6.199683
8641,40.628326,-73.97557,6.2607584
8642,40.62417,-73.97504,6.221897
8643,40.629986,-73.995544,6.3275256
8644,40.626026,-73.97364,6.24999
8645,40.629063,-73.97814,6.1942625
8646,40.62477,-73.98164,6.2073164
8647,40.627594,-73.99084,6.4796424
8648,40.62429,-73.987465,6.4388885
8649,40.625793,-73.979385,6.19627
8650,40.63255,-73.99359,6.3275256
8651,40.624695,-73.991165,6.528981
8652,40.63321,-73.99469,6.2936306
8653,40.625874,-73.99415,6.528981
8654,40.633682,-73.9954,6.2936306
8655,40.625854,-73.981,6.2073164
8656,40.626232,-73.977875,6.19627
8657,40.632774,-73.99667,6.4000754
8658,40.626125,-73.981476,6.2073164
8659,40.631702,-73.97449,6.3627505
8660,40.63255,-73.99359,6.3275256
8661,40.626232,-73.977875,6.19627
8662,40.55913,-74.13172,5.712637
8663,40.546455,-74.14554,5.814899
8664,40.56227,-74.148575,5.7202916
8665,40.552784,-74.135735,5.6945877
8666,40.56234,-74.12204,5.7154613
8667,40.5565,-74.11793,5.6528554
8668,40.569347,-74.14297,5.74531
8669,40.546207,-74.1509,5.8491735
8670,40.57062,-74.12133,5.890708
8671,40.55778,-74.13976,5.7165446
8672,40.5646,-74.14907,5.716761
8673,40.556347,-74.141685,5.7067757
8674,40.552956,-74.151276,5.7968373
8675,40.56975,-74.12235,5.890708
8676,40.566135,-74.13888,5.7442317
8677,40.568165,-74.12882,5.771592
8678,40.551464,-74.147896,5.7799478
8679,40.562263,-74.14864,5.7202916
8680,40.547043,-74.14145,5.6869025
8681,40.562275,-74.148705,5.7202916
8682,40.558693,-74.15025,5.7506676
8683,40.556396,-74.140236,5.7067757
8684,40.55626,-74.12376,5.665778
8685,40.56656,-74.11502,5.8553743
8686,40.560562,-74.127014,5.727067
8687,40.564598,-74.129684,5.743797
8688,40.561176,-74.15656,5.7274675
8689,40.55432,-74.11857,5.6528554
8690,40.555035,-74.139824,5.7067757
8691,40.55649,-74.15987,5.7897325
8692,40.561184,-74.14525,5.7222133
8693,40.55394,-74.14745,5.7839656
8694,40.556347,-74.141685,5.7067757
8695,40.566196,-74.123695,5.750187
8696,40.557835,-74.138725,5.7165446
8697,40.561665,-74.14804,5.7202916
8698,40.552937,-74.140045,5.6945877
8699,40.5644,-74.15436,5.7312937
8700,40.563747,-74.12415,5.750187
8701,40.562374,-74.12663,5.727067
8702,40.56825,-74.12798,5.771592
8703,40.55551,-74.11721,5.6528554
8704,40.557636,-74.15343,5.7582626
8705,40.557674,-74.160164,5.7529097
8706,40.562523,-74.15451,5.7274675
8707,40.562653,-74.124245,5.726089
8708,40.551956,-74.138855,5.6945877
8709,40.562225,-74.14865,5.7202916
8710,40.568493,-74.13595,5.757581
8711,40.565193,-74.137344,5.7442317
8712,40.548084,-74.15658,5.8519754
8713,40.569763,-74.12236,5.890708
8714,40.57003,-74.141,5.7627854
8715,40.55934,-74.11681,5.67826
8716,40.558037,-74.12452,5.7039857
8717,40.54645,-74.14183,5.772521
8718,40.548115,-74.15,5.841117
8719,40.556908,-74.15729,5.8029013
8720,40.568237,-74.127975,5.771592
8721,40.566315,-74.12396,5.750187
8722,40.566605,-74.13532,5.7621517
8723,40.568344,-74.13822,5.757581
8724,40.548595,-74.143364,5.78429
8725,40.55872,-74.11441,5.684312
8726,40.56785,-74.135445,5.757581
8727,40.566,-74.12012,5.7564006
8728,40.569763,-74.12236,5.890708
8729,40.562252,-74.14865,5.7202916
8730,40.555702,-74.14248,5.739556
8731,40.569195,-74.118164,5.862902
8732,40.566242,-74.137634,5.7442317
8733,40.55998,-74.11984,5.689716
8734,40.557972,-74.12356,5.7039857
8735,40.56928,-74.13304,5.7621517
8736,40.564587,-74.12961,5.743797
8737,40.56792,-74.138,5.757581
8738,40.56353,-74.12333,5.750187
8739,40.57014,-74.12077,5.890708
8740,40.566616,-74.123474,5.7949224
8741,40.552414,-74.14417,5.766525
8742,40.631325,-74.024666,6.823852
8743,40.62444,-74.04012,6.2418246
8744,40.634426,-74.03121,6.5417314
8745,40.63772,-74.02778,7.0391355
8746,40.629498,-74.02522,6.7959666
8747,40.631325,-74.024666,6.823852
8748,40.638214,-74.0348,6.2186484
8749,40.62304,-74.03947,6.2988605
8750,40.629807,-74.03318,6.547369
8751,40.62996,-74.02399,6.823852
8752,40.635075,-74.03175,6.4097233
8753,40.63566,-74.02936,6.5417314
8754,40.634895,-74.036385,6.2599683
8755,40.628445,-74.02276,6.7744923
8756,40.636036,-74.03664,6.2186484
8757,40.635426,-74.0304,6.5417314
8758,40.63772,-74.02778,7.0391355
8759,40.630646,-74.02186,6.823852
8760,40.6307,-74.021835,6.823852
8761,40.63772,-74.02778,7.0391355
8762,40.636036,-74.03664,6.2186484
8763,40.636036,-74.03664,6.2186484
8764,40.630646,-74.024864,6.823852
8765,40.637913,-74.03008,6.715859
8766,40.636036,-74.03664,6.2186484
8767,40.632668,-74.02763,6.6672006
8768,40.631992,-74.03413,6.547369
8769,40.63224,-74.030045,6.6239734
8770,40.625275,-74.02935,6.7610035
8771,40.62444,-74.04012,6.2418246
8772,40.632812,-74.023636,6.996028
8773,40.625977,-74.03231,6.6620383
8774,40.634216,-74.03029,6.5417314
8775,40.623104,-74.04032,6.2988605
8776,40.63224,-74.030045,6.6239734
8777,40.630646,-74.024864,6.823852
8778,40.62869,-74.023285,6.7744923
8779,40.632214,-74.03219,6.547369
8780,40.616917,-74.00414,6.1319795
8781,40.61605,-74.01365,5.9724874
8782,40.62141,-74.01796,6.2662063
8783,40.620193,-74.01687,6.2662063
8784,40.61694,-73.99827,6.307854
8785,40.620834,-74.014915,6.1034846
8786,40.620224,-74.00846,6.07765
8787,40.615807,-74.00416,6.1319795
8788,40.618786,-74.007576,6.0572333
8789,40.618767,-74.01057,6.020676
8790,40.612247,-74.00827,6.117887
8791,40.61705,-73.99845,6.307854
8792,40.620228,-74.00521,6.167991
8793,40.621277,-74.018654,6.454098
8794,40.616894,-74.01313,5.9724874
8795,40.616413,-74.01421,5.9724874
8796,40.61841,-74.000114,6.176435
8797,40.613823,-74.00383,6.1319795
8798,40.616734,-74.008705,6.080323
8799,40.619507,-74.01943,6.323295
8800,40.619747,-74.00707,6.0572333
8801,40.60905,-74.003426,6.2129664
8802,40.620842,-74.00889,6.07765
8803,40.614433,-74.01185,6.02529
8804,40.61832,-74.01134,6.020676
8805,40.617603,-74.019196,6.323295
8806,40.61416,-74.00016,6.1579714
8807,40.609104,-74.00352,6.2129664
8808,40.619457,-74.019485,6.323295
8809,40.610077,-74.005226,6.2129664
8810,40.619957,-74.01648,6.142888
8811,40.61333,-74.01149,6.0329022
8812,40.60964,-74.00978,6.0451097
8813,40.61937,-74.010056,6.020676
8814,40.609642,-74.00978,6.0451097
8815,40.617268,-73.99881,6.307854
8816,40.619957,-74.01648,6.142888
8817,40.612865,-73.99871,6.184001
8818,40.616875,-74.01589,6.042219
8819,40.620224,-74.012985,6.1034846
8820,40.59946,-73.990585,6.071611
8821,40.59901,-73.993996,6.071611
8822,40.60714,-73.98574,6.075007
8823,40.599976,-73.99003,6.0392833
8824,40.605473,-73.99158,6.2500443
8825,40.5982,-73.9959,6.071611
8826,40.607307,-73.988686,6.1639605
8827,40.5982,-73.9959,6.071611
8828,40.604084,-73.99682,6.190891
8829,40.60693,-73.987656,6.1639605
8830,40.597546,-73.97995,6.0355396
8831,40.60253,-73.99274,6.147268
8832,40.598648,-73.996254,6.071611
8833,40.605915,-73.9817,6.0406637
8834,40.5982,-73.9959,6.071611
8835,40.608788,-73.98057,6.1174655
8836,40.602444,-73.976364,6.0278087
8837,40.598907,-73.99631,6.071611
8838,40.597393,-73.98182,5.9707966
8839,40.605286,-73.992,6.2500443
8840,40.601162,-73.97613,6.0278087
8841,40.60537,-73.97969,6.0574327
8842,40.59666,-73.97805,6.0355396
8843,40.60195,-73.98726,6.0893
8844,40.598907,-73.99631,6.071611
8845,40.604214,-73.974,6.077214
8846,40.60116,-73.97613,6.0278087
8847,40.60775,-73.98019,6.1174655
8848,40.598347,-73.97363,6.0445433
8849,40.60462,-73.974014,6.135513
8850,40.600376,-73.97423,6.0445433
8851,40.60474,-73.97588,6.080253
8852,40.608788,-73.98057,6.1174655
8853,40.59934,-73.996086,6.071611
8854,40.605015,-73.975555,6.080253
8855,40.59734,-73.98181,5.9707966
8856,40.601494,-73.97719,6.0278087
8857,40.619907,-74.01941,6.323295
8858,40.613617,-74.0112,6.0329022
8859,40.61214,-74.007095,6.117887
8860,40.61982,-74.00302,6.1232224
8861,40.616745,-74.00814,6.080323
8862,40.616463,-74.01429,5.9724874
8863,40.618958,-74.0103,6.020676
8864,40.615692,-74.012,6.02529
8865,40.619324,-74.01161,6.020676
8866,40.62049,-74.00682,6.07765
8867,40.61738,-74.00768,6.0572333
8868,40.616943,-74.00129,6.176435
8869,40.62141,-74.01947,6.454098
8870,40.61687,-73.99907,6.133071
8871,40.610672,-74.00397,6.1836762
8872,40.617016,-74.01097,6.020676
8873,40.616055,-74.00759,6.080323
8874,40.618095,-74.005844,6.1232224
8875,40.616833,-73.998085,6.133071
8876,40.62139,-74.00233,6.4256434
8877,40.61956,-74.01937,6.323295
8878,40.619778,-74.012245,6.020676
8879,40.62099,-74.0074,6.07765
8880,40.62002,-74.00904,6.0572333
8881,40.61207,-73.99889,6.184001
8882,40.61519,-74.008575,6.080323
8883,40.61494,-74.0148,5.9724874
8884,40.621387,-74.006714,6.07765
8885,40.61615,-74.014915,5.9724874
8886,40.611294,-74.00046,6.2015185
8887,40.619663,-74.010544,6.020676
8888,40.61993,-74.00623,6.0572333
8889,40.617786,-74.012,6.020676
8890,40.60793,-74.007286,6.1468277
8891,40.605637,-74.006516,6.157449
8892,40.604443,-74.017914,5.8349648
8893,40.604866,-74.0171,5.8349648
8894,40.604343,-74.01762,5.8349648
8895,40.60518,-74.00084,6.2770596
8896,40.603935,-74.01798,5.797847
8897,40.606865,-74.005104,6.2201858
8898,40.598103,-73.99825,6.1166577
8899,40.60606,-74.00925,6.027061
8900,40.60369,-74.01168,5.984758
8901,40.604485,-74.01338,5.913088
8902,40.598724,-73.99806,6.1166577
8903,40.60509,-74.010895,6.027061
8904,40.605038,-74.010864,6.027061
8905,40.60506,-74.01688,5.8349648
8906,40.597736,-73.998634,6.005777
8907,40.605362,-74.01495,5.913088
8908,40.603207,-74.012115,5.984758
8909,40.597736,-73.998634,6.005777
8910,40.605328,-74.01489,5.913088
8911,40.605167,-74.007835,6.157449
8912,40.603203,-74.01145,5.984758
8913,40.60465,-74.01691,5.8349648
8914,40.60161,-74.01057,5.984758
8915,40.60308,-74.01468,5.8574233
8916,40.606903,-74.00459,6.2201858
8917,40.604057,-73.99922,6.190891
8918,40.60091,-74.00839,6.0275593
8919,40.602066,-74.007,6.0880814
8920,40.60465,-74.01246,5.913088
8921,40.60519,-74.01513,5.913088
8922,40.604248,-74.01415,5.8574233
8923,40.604424,-74.00602,6.157449
8924,40.61554,-73.99896,6.133071
8925,40.61002,-74.00586,6.2129664
8926,40.614937,-74.011765,6.02529
8927,40.618073,-74.00658,6.0572333
8928,40.616894,-74.01313,5.9724874
8929,40.61164,-74.011284,6.0329022
8930,40.619606,-74.009865,6.020676
8931,40.617867,-74.01314,6.029317
8932,40.616215,-73.997986,6.133071
8933,40.621437,-74.01023,6.049746
8934,40.620533,-74.01477,6.1034846
8935,40.61984,-74.00874,6.0572333
8936,40.620293,-74.01309,6.1034846
8937,40.62062,-74.00852,6.07765
8938,40.616894,-74.01313,5.9724874
8939,40.620987,-74.014244,6.1034846
8940,40.616894,-74.01313,5.9724874
8941,40.6113,-74.00985,6.0329022
8942,40.616894,-74.01313,5.9724874
8943,40.61982,-74.01625,6.142888
8944,40.608974,-74.008026,6.1468277
8945,40.616543,-74.00457,6.1319795
8946,40.617165,-74.01697,6.142888
8947,40.616894,-74.01313,5.9724874
8948,40.619408,-74.00387,6.1232224
8949,40.620655,-74.011604,6.049746
8950,40.61634,-74.00597,6.1319795
8951,40.616894,-74.01313,5.9724874
8952,40.616894,-74.01313,5.9724874
8953,40.61952,-74.00972,6.020676
8954,40.60488,-74.00671,6.157449
8955,40.60201,-74.00736,6.0880814
8956,40.600845,-74.008415,6.0275593
8957,40.605194,-74.01007,6.027061
8958,40.604877,-74.00671,6.157449
8959,40.60878,-73.99705,6.227812
8960,40.60475,-74.01738,5.8349648
8961,40.599045,-73.99843,6.1166577
8962,40.605793,-74.006775,6.157449
8963,40.60313,-74.01488,5.8574233
8964,40.601536,-74.00417,6.154769
8965,40.60413,-74.01797,5.797847
8966,40.60024,-73.99799,6.1166577
8967,40.60386,-74.01793,5.797847
8968,40.605427,-74.014885,5.913088
8969,40.602345,-74.01015,5.984758
8970,40.605427,-74.014885,5.913088
8971,40.604694,-74.01689,5.8349648
8972,40.60471,-74.016075,5.8349648
8973,40.608757,-74.01545,5.879955
8974,40.6032,-74.00542,6.154769
8975,40.605232,-74.01508,5.913088
8976,40.6023,-74.0096,5.984758
8977,40.608234,-74.00483,6.2129664
8978,40.605232,-74.01508,5.913088
8979,40.60509,-74.01648,5.8349648
8980,40.603443,-74.01633,5.797847
8981,40.60228,-74.010216,5.984758
8982,40.60506,-74.01688,5.8349648
8983,40.60235,-74.00897,6.0880814
8984,40.60194,-74.01049,5.984758
8985,40.603855,-74.00777,6.0880814
8986,40.602657,-73.99872,6.190891
8987,40.60219,-74.01008,5.984758
8988,40.60234,-73.99165,6.147268
8989,40.5982,-73.9959,6.071611
8990,40.5982,-73.9959,6.071611
8991,40.604343,-73.975716,6.080253
8992,40.604343,-73.975716,6.080253
8993,40.606907,-73.989426,6.1639605
8994,40.60693,-73.987656,6.1639605
8995,40.604057,-73.99619,6.147268
8996,40.603344,-73.97533,6.0278087
8997,40.599354,-73.98445,6.0002556
8998,40.60394,-73.97681,6.0278087
8999,40.604374,-73.97827,6.0574327
9000,40.604256,-73.98633,6.0332847
9001,40.600582,-73.99045,6.071611
9002,40.60507,-73.97762,6.0574327
9003,40.606766,-73.98207,6.0406637
9004,40.604317,-73.9865,6.075007
9005,40.60579,-73.98271,6.0406637
9006,40.60107,-73.99323,6.071611
9007,40.598907,-73.99631,6.071611
9008,40.600204,-73.98089,6.0051746
9009,40.596394,-73.98258,5.9707966
9010,40.60856,-73.9815,6.069918
9011,40.604916,-73.984566,6.075007
9012,40.600395,-73.97751,6.0102887
9013,40.605885,-73.982834,6.0406637
9014,40.606007,-73.98288,6.0406637
9015,40.604073,-73.98756,6.0893
9016,40.60184,-73.99553,6.147268
9017,40.60062,-73.97552,6.0102887
9018,40.60507,-73.97762,6.0574327
9019,40.598907,-73.99631,6.071611
9020,40.6029,-73.97504,6.0278087
9021,40.5982,-73.9959,6.071611
9022,40.60739,-73.988556,6.1639605
9023,40.59819,-73.981026,6.0051746
9024,40.608547,-73.97802,6.1174655
9025,40.608192,-73.987755,6.1312847
9026,40.598907,-73.99631,6.071611
9027,40.60756,-73.9819,6.069918
9028,40.605022,-73.97685,6.080253
9029,40.599434,-73.996284,6.071611
9030,40.601414,-73.99597,6.147268
9031,40.604504,-73.97664,6.080253
9032,40.608803,-73.97561,6.1548796
9033,40.60383,-73.97853,6.0298505
9034,40.598907,-73.99631,6.071611
9035,40.599266,-73.99336,6.071611
9036,40.608334,-73.97894,6.1174655
9037,40.601414,-73.99597,6.147268
9038,40.601986,-73.97628,6.0278087
9039,40.60852,-73.98949,6.1312847
9040,40.599384,-73.97485,6.0102887
9041,40.60714,-73.98574,6.075007
9042,40.605247,-73.98288,6.0406637
9043,40.604576,-73.99252,6.2500443
9044,40.59871,-73.98015,5.996852
9045,40.60064,-73.98081,6.0051746
9046,40.5982,-73.9959,6.071611
9047,40.608788,-73.98057,6.1174655
9048,40.601414,-73.99597,6.147268
9049,40.60756,-73.9819,6.069918
9050,40.6002,-73.97595,6.0102887
9051,40.60184,-73.99553,6.147268
9052,40.60184,-73.99553,6.147268
9053,40.59991,-73.99526,6.071611
9054,40.598648,-73.996254,6.071611
9055,40.60805,-73.98234,6.069918
9056,40.5982,-73.9959,6.071611
9057,40.59934,-73.996086,6.071611
9058,40.600372,-73.98858,6.0392833
9059,40.60481,-73.991974,6.2500443
9060,40.60323,-73.97652,6.0278087
9061,40.599545,-73.99307,6.071611
9062,40.6,-73.988304,6.0392833
9063,40.60481,-73.991974,6.2500443
9064,40.60176,-73.97923,6.0298505
9065,40.59693,-73.97589,6.0483036
9066,40.60756,-73.9819,6.069918
9067,40.608704,-73.976616,6.1548796
9068,40.60481,-73.991974,6.2500443
9069,40.607338,-73.97636,6.080253
9070,40.607548,-73.97547,6.1548796
9071,40.608192,-73.987755,6.1312847
9072,40.608704,-73.976616,6.1548796
9073,40.60756,-73.9819,6.069918
9074,40.606785,-73.98789,6.1639605
9075,40.5982,-73.9959,6.071611
9076,40.605015,-73.976845,6.080253
9077,40.59901,-73.993996,6.071611
9078,40.605797,-73.98735,6.1639605
9079,40.60335,-73.98748,6.0893
9080,40.598225,-73.97366,6.0445433
9081,40.596954,-73.98905,5.960062
9082,40.60714,-73.98574,6.075007
9083,40.605377,-73.97883,6.0574327
9084,40.599293,-73.99137,6.071611
9085,40.6071,-73.99126,6.2500443
9086,40.5982,-73.9959,6.071611
9087,40.598907,-73.99631,6.071611
9088,40.60184,-73.99553,6.147268
9089,40.597942,-73.992775,5.9822145
9090,40.604656,-73.99143,6.2500443
9091,40.604656,-73.99143,6.2500443
9092,40.604446,-74.0024,6.2770596
9093,40.601963,-74.01034,5.984758
9094,40.60246,-74.010025,5.984758
9095,40.60246,-74.010025,5.984758
9096,40.60228,-74.010216,5.984758
9097,40.601963,-74.01034,5.984758
9098,40.607025,-74.013664,5.913088
9099,40.602013,-74.00705,6.0880814
9100,40.603542,-74.0154,5.8574233
9101,40.6044,-74.01268,5.913088
9102,40.600594,-74.00399,6.1017118
9103,40.607685,-74.01439,5.9254155
9104,40.600002,-73.99911,6.1166577
9105,40.600395,-74.00581,6.1017118
9106,40.604473,-74.01141,6.027061
9107,40.602657,-73.99872,6.190891
9108,40.5328,-74.15776,5.640658
9109,40.537144,-74.146484,5.677811
9110,40.53716,-74.14655,5.677811
9111,40.53308,-74.16023,5.640658
9112,40.536266,-74.14973,5.673292
9113,40.544956,-74.156975,5.884814
9114,40.535652,-74.148155,5.673292
9115,40.542446,-74.14319,5.711959
9116,40.538822,-74.15324,5.7494707
9117,40.53301,-74.1524,5.646472
9118,40.540813,-74.1461,5.700487
9119,40.540905,-74.14621,5.700487
9120,40.540905,-74.14621,5.700487
9121,40.54283,-74.14503,5.762139
9122,40.544113,-74.145836,5.762139
9123,40.541286,-74.15455,5.8472714
9124,40.540016,-74.152664,5.7494707
9125,40.535988,-74.14874,5.673292
9126,40.538044,-74.1463,5.700487
9127,40.53771,-74.15213,5.6727486
9128,40.539837,-74.15355,5.7494707
9129,40.539116,-74.15018,5.709061
9130,40.544456,-74.15878,5.8083224
9131,40.53924,-74.15588,5.7751346
9132,40.537502,-74.15571,5.7074327
9133,40.541626,-74.15148,5.8494544
9134,40.54063,-74.158844,5.7517376
9135,40.53956,-74.149506,5.709061
9136,40.54532,-74.156364,5.884814
9137,40.54331,-74.15585,5.8472714
9138,40.53554,-74.15059,5.673292
9139,40.539307,-74.146324,5.700487
9140,40.543987,-74.15773,5.7612185
9141,40.538715,-74.14479,5.6936555
9142,40.539497,-74.154335,5.7751346
9143,40.53592,-74.15486,5.7074327
9144,40.533756,-74.15011,5.649254
9145,40.533344,-74.15762,5.640658
9146,40.54179,-74.15213,5.8494544
9147,40.535587,-74.15405,5.6727486
9148,40.539833,-74.150024,5.709061
9149,40.5982,-73.9959,6.071611
9150,40.60481,-73.991974,6.2500443
9151,40.60021,-73.98461,6.0002556
9152,40.59932,-73.9964,6.071611
9153,40.600216,-73.98462,6.0002556
9154,40.60481,-73.991974,6.2500443
9155,40.60844,-73.98333,6.069918
9156,40.601475,-73.98015,6.0298505
9157,40.600464,-73.99084,6.071611
9158,40.60481,-73.991974,6.2500443
9159,40.604343,-73.97572,6.080253
9160,40.603653,-73.98301,6.0312862
9161,40.5982,-73.9959,6.071611
9162,40.59901,-73.993996,6.071611
9163,40.598927,-73.993935,6.071611
9164,40.60714,-73.98574,6.075007
9165,40.60721,-73.99295,6.2500443
9166,40.60541,-73.98655,6.075007
9167,40.60777,-73.99538,6.2177796
9168,40.60714,-73.98574,6.075007
9169,40.60184,-73.99553,6.147268
9170,40.60184,-73.99553,6.147268
9171,40.598907,-73.99631,6.071611
9172,40.607838,-73.99247,6.2177796
9173,40.60184,-73.99553,6.147268
9174,40.60185,-73.98709,6.0893
9175,40.59695,-73.99264,5.9822145
9176,40.60756,-73.9819,6.069918
9177,40.604145,-73.98347,6.0312862
9178,40.60021,-73.98469,6.0002556
9179,40.604595,-73.996155,6.2500443
9180,40.607292,-73.99157,6.2500443
9181,40.606567,-73.97906,6.0574327
9182,40.598648,-73.996254,6.071611
9183,40.596962,-73.99266,5.9822145
9184,40.60634,-73.98806,6.1639605
9185,40.598907,-73.99631,6.071611
9186,40.601685,-73.98652,6.0332847
9187,40.598907,-73.99631,6.071611
9188,40.57594,-74.08623,5.782129
9189,40.581944,-74.0863,5.8195
9190,40.59141,-74.07495,5.8861747
9191,40.5795,-74.107765,5.9712625
9192,40.5924,-74.09079,5.9952135
9193,40.57352,-74.111176,5.9753957
9194,40.593796,-74.100685,5.91149
9195,40.581635,-74.1,5.938814
9196,40.575832,-74.113,5.9753957
9197,40.5791,-74.10744,5.9712625
9198,40.5795,-74.107765,5.9712625
9199,40.579105,-74.10743,5.9712625
9200,40.5815,-74.0829,5.7680097
9201,40.58748,-74.10919,5.881376
9202,40.594078,-74.0889,5.9952135
9203,40.5942,-74.08487,5.952589
9204,40.593414,-74.0844,5.952589
9205,40.57543,-74.094666,5.8587923
9206,40.586754,-74.09308,5.996966
9207,40.591408,-74.07496,5.8861747
9208,40.57994,-74.094025,5.8942227
9209,40.58768,-74.11032,5.881376
9210,40.572865,-74.11002,5.9753957
9211,40.59522,-74.073715,5.9517846
9212,40.58766,-74.093155,5.996966
9213,40.57907,-74.1079,5.9712625
9214,40.579792,-74.0987,5.938814
9215,40.585037,-74.09693,5.954638
9216,40.573658,-74.08814,5.7794094
9217,40.586796,-74.09,5.969681
9218,40.582703,-74.10156,5.964615
9219,40.577206,-74.11,5.977396
9220,40.57907,-74.1079,5.9712625
9221,40.571342,-74.096016,5.8348575
9222,40.591232,-74.085526,5.9780684
9223,40.596134,-74.07072,6.0137606
9224,40.593002,-74.07966,5.952589
9225,40.581585,-74.106705,5.9373074
9226,40.581,-74.09577,5.918462
9227,40.578197,-74.09308,5.8727813
9228,40.594143,-74.10069,5.91149
9229,40.60952,-74.06681,6.0451183
9230,40.614315,-74.031746,6.3156285
9231,40.608006,-74.06575,6.013759
9232,40.608624,-74.06609,6.0451183
9233,40.61439,-74.03015,6.341509
9234,40.61212,-74.035355,6.0592694
9235,40.613285,-74.065216,6.162504
9236,40.61439,-74.03015,6.341509
9237,40.620045,-74.03831,6.2267323
9238,40.608532,-74.05881,5.9457173
9239,40.614513,-74.03695,6.223687
9240,40.605774,-74.06568,5.9516335
9241,40.6131,-74.031395,6.108034
9242,40.614315,-74.031746,6.3156285
9243,40.615234,-74.0375,6.223687
9244,40.620674,-74.03482,6.4452896
9245,40.61572,-74.03683,6.223687
9246,40.614513,-74.03695,6.223687
9247,40.617413,-74.02369,6.323295
9248,40.614513,-74.03695,6.223687
9249,40.60739,-74.06363,5.9516335
9250,40.619823,-74.03932,6.2267323
9251,40.61439,-74.03015,6.341509
9252,40.611057,-74.06023,6.1098175
9253,40.605335,-73.98984,6.1639605
9254,40.598927,-73.993935,6.071611
9255,40.597942,-73.992775,5.9822145
9256,40.606785,-73.98789,6.1639605
9257,40.598907,-73.99631,6.071611
9258,40.601772,-73.98549,6.0332847
9259,40.604874,-73.97588,6.080253
9260,40.598824,-73.98657,6.0002556
9261,40.60597,-73.98764,6.1639605
9262,40.607346,-73.98545,6.075007
9263,40.596645,-73.994125,5.9822145
9264,40.604195,-73.97422,6.077214
9265,40.608532,-73.996056,6.2177796
9266,40.60019,-73.98046,5.996852
9267,40.607307,-73.988686,6.1639605
9268,40.60558,-73.99628,6.2500443
9269,40.606445,-73.99469,6.2500443
9270,40.603035,-73.9967,6.190891
9271,40.600697,-73.98375,6.0051746
9272,40.606686,-73.9966,6.288132
9273,40.60558,-73.99628,6.2500443
9274,40.603027,-73.977066,6.0278087
9275,40.597713,-73.99555,5.9822145
9276,40.60714,-73.98574,6.075007
9277,40.601414,-73.99597,6.147268
9278,40.605377,-73.97883,6.0574327
9279,40.598026,-73.98848,6.0392833
9280,40.601555,-73.979195,6.0298505
9281,40.60481,-73.991974,6.2500443
9282,40.60714,-73.98574,6.075007
9283,40.60714,-73.98574,6.075007
9284,40.598927,-73.993935,6.071611
9285,40.59901,-73.993996,6.071611
9286,40.608425,-73.97919,6.1174655
9287,40.601845,-73.97626,6.0278087
9288,40.605286,-73.9952,6.2500443
9289,40.60481,-73.991974,6.2500443
9290,40.59994,-73.98106,6.0051746
9291,40.60481,-73.991974,6.2500443
9292,40.585285,-73.98818,6.039832
9293,40.577686,-73.99379,6.0681763
9294,40.58546,-73.974014,5.976282
9295,40.585503,-73.98806,5.779012
9296,40.59343,-73.97663,6.0269136
9297,40.58851,-73.98825,5.779012
9298,40.575256,-73.97428,5.921095
9299,40.586193,-73.97405,5.976282
9300,40.57679,-74.00615,5.6753416
9301,40.575256,-73.97428,5.921095
9302,40.57524,-73.9991,5.8260164
9303,40.589947,-73.98995,5.8344865
9304,40.57711,-73.9841,6.226527
9305,40.577503,-73.97342,5.969093
9306,40.585503,-73.98806,5.779012
9307,40.582962,-73.98836,6.039832
9308,40.593655,-73.97819,6.0060196
9309,40.57721,-73.99647,6.0681763
9310,40.582962,-73.98836,6.039832
9311,40.575256,-73.99993,5.746012
9312,40.586525,-73.984245,5.8241606
9313,40.577427,-73.97379,5.969093
9314,40.586525,-73.984245,5.8241606
9315,40.586796,-73.98439,5.8241606
9316,40.59312,-73.975784,6.0269136
9317,40.575256,-73.97428,5.921095
9318,40.593925,-73.99078,5.900094
9319,40.585503,-73.98806,5.779012
9320,40.578564,-74.01105,5.6637764
9321,40.59547,-73.97767,6.0355396
9322,40.5792,-74.00989,5.6668987
9323,40.586525,-73.984245,5.8241606
9324,40.58569,-73.98484,5.8241606
9325,40.589,-73.991844,5.795048
9326,40.568382,-74.11353,5.8553743
9327,40.563477,-74.10539,5.7841787
9328,40.56982,-74.09615,5.8348575
9329,40.566933,-74.103584,5.8231554
9330,40.55848,-74.11056,5.688114
9331,40.563732,-74.100815,5.757232
9332,40.56587,-74.103935,5.7841787
9333,40.569244,-74.09275,5.746125
9334,40.564636,-74.10486,5.7841787
9335,40.56398,-74.09983,5.733124
9336,40.565434,-74.10408,5.7841787
9337,40.56151,-74.11356,5.72616
9338,40.55971,-74.11261,5.688114
9339,40.562393,-74.10442,5.73376
9340,40.560974,-74.10294,5.7158923
9341,40.5645,-74.09945,5.733124
9342,40.564278,-74.1052,5.7841787
9343,40.561028,-74.105034,5.73376
9344,40.564484,-74.09902,5.733124
9345,40.563297,-74.1004,5.733124
9346,40.565193,-74.102165,5.757232
9347,40.560295,-74.109566,5.7379465
9348,40.565193,-74.10627,5.7841787
9349,40.569244,-74.09275,5.746125
9350,40.565784,-74.10311,5.757232
9351,40.565907,-74.10843,5.7955627
9352,40.56334,-74.10738,5.7955627
9353,40.563,-74.1098,5.7379465
9354,40.565765,-74.10318,5.757232
9355,40.56286,-74.11056,5.7379465
9356,40.56282,-74.104034,5.73376
9357,40.569637,-74.09209,5.772396
9358,40.562275,-74.10282,5.7158923
9359,40.56208,-74.10362,5.7158923
9360,40.56087,-74.10181,5.7158923
9361,40.56171,-74.11391,5.72616
9362,40.569042,-74.09282,5.746125
9363,40.55898,-74.10895,5.688114
9364,40.563683,-74.10924,5.7955627
9365,40.562775,-74.10408,5.73376
9366,40.56598,-74.10859,5.7955627
9367,40.534714,-74.15827,5.640658
9368,40.541725,-74.15654,5.8472714
9369,40.538578,-74.14279,5.6936555
9370,40.53978,-74.158005,5.7517376
9371,40.533157,-74.154625,5.643327
9372,40.539104,-74.15988,5.7517376
9373,40.538578,-74.14279,5.6936555
9374,40.537712,-74.15293,5.6727486
9375,40.53273,-74.15624,5.643327
9376,40.53815,-74.15136,5.7494707
9377,40.53857,-74.14279,5.6936555
9378,40.535053,-74.15739,5.7074327
9379,40.545467,-74.15776,5.8083224
9380,40.533867,-74.15279,5.646472
9381,40.541504,-74.158585,5.7612185
9382,40.53192,-74.15889,5.640658
9383,40.543392,-74.15212,5.8494544
9384,40.545414,-74.15524,5.884814
9385,40.545475,-74.157776,5.8083224
9386,40.54551,-74.14395,5.772521
9387,40.530403,-74.159515,5.572027
9388,40.53939,-74.143074,5.6936555
9389,40.53469,-74.16044,5.640658
9390,40.54387,-74.15933,5.7612185
9391,40.53865,-74.14802,5.709061
9392,40.539753,-74.15683,5.7751346
9393,40.540897,-74.156395,5.7751346
9394,40.52917,-74.158165,5.572027
9395,40.54007,-74.15784,5.7517376
9396,40.545254,-74.1447,5.772521
9397,40.537148,-74.14647,5.677811
9398,40.534107,-74.16026,5.640658
9399,40.528206,-74.16116,5.5604367
9400,40.543793,-74.15924,5.7612185
9401,40.54088,-74.16024,5.7517376
9402,40.535442,-74.15556,5.7074327
9403,40.54502,-74.15825,5.8083224
9404,40.538795,-74.15229,5.7494707
9405,40.545017,-74.15826,5.8083224
9406,40.540478,-74.15285,5.7494707
9407,40.53932,-74.14565,5.700487
9408,40.565952,-74.108604,5.7955627
9409,40.565247,-74.10325,5.757232
9410,40.56088,-74.10699,5.7379465
9411,40.564735,-74.09994,5.733124
9412,40.566017,-74.10869,5.7955627
9413,40.564247,-74.10273,5.757232
9414,40.56416,-74.10282,5.757232
9415,40.56398,-74.1043,5.7841787
9416,40.55881,-74.1091,5.688114
9417,40.55951,-74.108246,5.688114
9418,40.562153,-74.10248,5.7158923
9419,40.56182,-74.11409,5.72616
9420,40.56887,-74.1122,5.8672695
9421,40.564964,-74.104546,5.7841787
9422,40.563988,-74.099594,5.733124
9423,40.564716,-74.10715,5.7955627
9424,40.564514,-74.10495,5.7841787
9425,40.570927,-74.09637,5.8348575
9426,40.569637,-74.09209,5.772396
9427,40.570312,-74.09508,5.8348575
9428,40.55915,-74.11384,5.684312
9429,40.56061,-74.10137,5.7158923
9430,40.564297,-74.100494,5.733124
9431,40.559544,-74.108315,5.688114
9432,40.56375,-74.09978,5.733124
9433,40.560787,-74.113884,5.72616
9434,40.56382,-74.098976,5.733124
9435,40.56293,-74.10026,5.699282
9436,40.564503,-74.106895,5.7841787
9437,40.563473,-74.107994,5.7955627
9438,40.569847,-74.09503,5.8348575
9439,40.56116,-74.102394,5.7158923
9440,40.563896,-74.109344,5.7955627
9441,40.576504,-73.98984,6.2067633
9442,40.577427,-73.97379,5.969093
9443,40.589466,-73.99113,5.795048
9444,40.58913,-73.991806,5.795048
9445,40.586525,-73.984245,5.8241606
9446,40.586796,-73.98439,5.8241606
9447,40.5909,-73.98875,5.8344865
9448,40.576538,-74.004395,5.7116857
9449,40.585503,-73.98806,5.779012
9450,40.577427,-73.97379,5.969093
9451,40.58003,-74.00819,5.6774535
9452,40.590446,-73.973495,6.0305123
9453,40.577427,-73.97379,5.969093
9454,40.590904,-73.98875,5.8344865
9455,40.576584,-74.00397,5.7116857
9456,40.576958,-74.007744,5.6753416
9457,40.578285,-73.97376,5.969093
9458,40.592617,-73.977936,6.0060196
9459,40.595684,-73.99628,5.9822145
9460,40.589,-73.991844,5.795048
9461,40.590572,-73.99108,5.795048
9462,40.586525,-73.984245,5.8241606
9463,40.575375,-73.974495,5.9175816
9464,40.57597,-73.98884,6.2067633
9465,40.57674,-74.011154,5.6637764
9466,40.588562,-73.9907,5.795048
9467,40.57603,-73.9736,5.969093
9468,40.575844,-74.008644,5.66991
9469,40.589466,-73.99113,5.795048
9470,40.575375,-73.974495,5.9175816
9471,40.594036,-73.9885,5.9186335
9472,40.575375,-73.974495,5.9175816
9473,40.5783,-73.9735,5.969093
9474,40.586525,-73.984245,5.8241606
9475,40.577427,-73.97379,5.969093
9476,40.575256,-73.97428,5.921095
9477,40.579395,-73.98256,6.2025046
9478,40.57939,-73.98263,6.2025046
9479,40.589,-73.991844,5.795048
9480,40.575256,-73.97428,5.921095
9481,40.58719,-73.98411,5.8241606
9482,40.575375,-73.974495,5.9175816
9483,40.585655,-73.98832,5.779012
9484,40.59407,-73.97775,6.0060196
9485,40.587116,-73.988434,5.779012
9486,40.58569,-73.98484,5.8241606
9487,40.58569,-73.98484,5.8241606
9488,40.58055,-74.00608,5.6774535
9489,40.58552,-73.98837,5.779012
9490,40.591496,-73.99687,5.758857
9491,40.578285,-73.97376,5.969093
9492,40.585938,-73.986885,5.8241606
9493,40.575375,-73.974495,5.9175816
9494,40.589466,-73.99113,5.795048
9495,40.59021,-73.97556,6.018388
9496,40.592266,-73.97726,6.0269136
9497,40.587116,-73.988434,5.779012
9498,40.575256,-73.97428,5.921095
9499,40.595688,-73.99704,6.005777
9500,40.586525,-73.984245,5.8241606
9501,40.58023,-74.0031,5.7099886
9502,40.586796,-73.98439,5.8241606
9503,40.575256,-73.97428,5.921095
9504,40.595688,-73.99704,6.005777
9505,40.589,-73.991844,5.795048
9506,40.595688,-73.99704,6.005777
9507,40.595688,-73.99704,6.005777
9508,40.579006,-74.0049,5.7116857
9509,40.578163,-73.985825,6.226527
9510,40.575256,-73.97428,5.921095
9511,40.586803,-73.98902,5.779012
9512,40.595688,-73.99704,6.005777
9513,40.578285,-73.97376,5.969093
9514,40.577427,-73.97379,5.969093
9515,40.586796,-73.98439,5.8241606
9516,40.586525,-73.984245,5.8241606
9517,40.586796,-73.98439,5.8241606
9518,40.575256,-73.97428,5.921095
9519,40.59611,-73.98751,5.960062
9520,40.595688,-73.99704,6.005777
9521,40.59611,-73.98751,5.960062
9522,40.586796,-73.98439,5.8241606
9523,40.578285,-73.97376,5.969093
9524,40.586796,-73.98439,5.8241606
9525,40.575302,-73.99455,6.0238132
9526,40.575108,-73.974495,5.9175816
9527,40.578285,-73.97376,5.969093
9528,40.586796,-73.98439,5.8241606
9529,40.577427,-73.97379,5.969093
9530,40.575375,-73.974495,5.9175816
9531,40.586525,-73.984245,5.8241606
9532,40.586525,-73.984245,5.8241606
9533,40.586796,-73.98439,5.8241606
9534,40.595383,-73.97765,6.0355396
9535,40.588562,-73.9907,5.795048
9536,40.585503,-73.98806,5.779012
9537,40.586796,-73.98439,5.8241606
9538,40.586525,-73.984245,5.8241606
9539,40.586796,-73.98439,5.8241606
9540,40.594715,-73.99125,5.900094
9541,40.577175,-73.99844,5.9420915
9542,40.587433,-73.98831,5.779012
9543,40.588562,-73.9907,5.795048
9544,40.587357,-73.98825,5.779012
9545,40.586525,-73.984245,5.8241606
9546,40.59174,-73.98715,5.9186335
9547,40.575375,-73.99785,5.8260164
9548,40.586796,-73.98439,5.8241606
9549,40.587433,-73.98831,5.779012
9550,40.57685,-73.98947,6.2067633
9551,40.575256,-73.97428,5.921095
9552,40.5774,-73.9738,5.969093
9553,40.577194,-73.9983,5.9420915
9554,40.576717,-73.99268,6.0681763
9555,40.588562,-73.9907,5.795048
9556,40.587357,-73.98825,5.779012
9557,40.590984,-73.98685,5.8634434
9558,40.57764,-73.99421,6.0681763
9559,40.577427,-73.97379,5.969093
9560,40.592747,-73.97752,6.0269136
9561,40.589,-73.991844,5.795048
9562,40.585636,-73.98447,5.8241606
9563,40.58637,-73.98389,5.8241606
9564,40.578285,-73.97376,5.969093
9565,40.584877,-73.984505,6.0796566
9566,40.585503,-73.98806,5.779012
9567,40.589466,-73.99113,5.795048
9568,40.585503,-73.98806,5.779012
9569,40.575256,-73.97428,5.921095
9570,40.576756,-73.99378,6.0681763
9571,40.575855,-73.99794,5.8260164
9572,40.58059,-74.00572,5.7099886
9573,40.594913,-73.977936,6.0355396
9574,40.5774,-73.9738,5.969093
9575,40.590363,-73.98588,5.8634434
9576,40.57809,-74.006905,5.6753416
9577,40.576984,-73.986275,6.226527
9578,40.580727,-74.00446,5.7099886
9579,40.595688,-73.99704,6.005777
9580,40.573563,-74.00535,5.7040696
9581,40.57871,-74.00317,5.7116857
9582,40.575375,-73.974495,5.9175816
9583,40.586525,-73.984245,5.8241606
9584,40.595676,-73.9876,5.960062
9585,40.577427,-73.97379,5.969093
9586,40.577427,-73.97379,5.969093
9587,40.575256,-73.97428,5.921095
9588,40.592964,-73.98778,5.9186335
9589,40.59301,-73.98786,5.9186335
9590,40.586327,-73.98992,5.779012
9591,40.586796,-73.98439,5.8241606
9592,40.577427,-73.97379,5.969093
9593,40.577427,-73.97379,5.969093
9594,40.578285,-73.97376,5.969093
9595,40.586796,-73.98439,5.8241606
9596,40.575256,-73.97428,5.921095
9597,40.5905,-73.9921,5.795048
9598,40.589,-73.991844,5.795048
9599,40.589,-73.991844,5.795048
9600,40.589,-73.991844,5.795048
9601,40.588562,-73.9907,5.795048
9602,40.577427,-73.97379,5.969093
9603,40.58571,-74.09165,5.996966
9604,40.589294,-74.08674,5.9780684
9605,40.580147,-74.08717,5.8195
9606,40.59335,-74.08038,5.952589
9607,40.584915,-74.10607,5.9437046
9608,40.58256,-74.10694,5.9437046
9609,40.57753,-74.11062,5.977396
9610,40.579494,-74.10775,5.9712625
9611,40.591274,-74.07221,5.892027
9612,40.590607,-74.08582,5.9780684
9613,40.590202,-74.073906,5.8861747
9614,40.57297,-74.10921,5.9753957
9615,40.579098,-74.10743,5.9712625
9616,40.579807,-74.09747,5.918462
9617,40.5795,-74.10777,5.9712625
9618,40.59286,-74.089485,5.9952135
9619,40.58426,-74.106895,5.9437046
9620,40.579678,-74.08721,5.8195
9621,40.591377,-74.084114,5.9517345
9622,40.58713,-74.08962,5.969681
9623,40.574123,-74.0931,5.8279343
9624,40.57343,-74.092766,5.8279343
9625,40.58489,-74.10092,5.964615
9626,40.580345,-74.09765,5.938814
9627,40.582977,-74.09472,5.954638
9628,40.590004,-74.101616,5.908178
9629,40.582718,-74.10296,5.964615
9630,40.574516,-74.110535,5.9753957
9631,40.595116,-74.07467,5.9517846
9632,40.573727,-74.09754,5.89183
9633,40.5943,-74.07419,5.939103
9634,40.58201,-74.09231,5.8942227
9635,40.57203,-74.09011,5.756181
9636,40.593254,-74.09847,5.9408846
9637,40.579117,-74.09983,5.938814
9638,40.578957,-74.09895,5.9034233
9639,40.595036,-74.10373,5.8962636
9640,40.573814,-74.09731,5.8587923
9641,40.575516,-74.090866,5.7794094
9642,40.571712,-74.11426,5.9411936
9643,40.593903,-74.105995,5.8932896
9644,40.61717,-74.098206,5.9863877
9645,40.61367,-74.08895,5.974287
9646,40.603878,-74.08822,5.9775586
9647,40.601574,-74.0769,5.949127
9648,40.608494,-74.08557,5.9595323
9649,40.60337,-74.07194,5.926828
9650,40.618835,-74.09491,6.0044394
9651,40.616096,-74.09036,6.007899
9652,40.603374,-74.07196,5.926828
9653,40.60449,-74.10667,5.917583
9654,40.607826,-74.0924,5.9615817
9655,40.60464,-74.099464,5.92855
9656,40.61245,-74.07243,6.1612206
9657,40.598812,-74.09144,5.9607744
9658,40.61897,-74.10702,5.987772
9659,40.602894,-74.10996,5.8933663
9660,40.612755,-74.10387,5.9598155
9661,40.614704,-74.07325,6.2262897
9662,40.61175,-74.100525,5.9701614
9663,40.617584,-74.09781,5.9863877
9664,40.61476,-74.100395,5.9767923
9665,40.619576,-74.0958,6.0044394
9666,40.610813,-74.07454,6.1612206
9667,40.607876,-74.074104,6.039975
9668,40.607975,-74.0843,5.9859877
9669,40.609196,-74.07495,6.039975
9670,40.610363,-74.06899,6.0451183
9671,40.620106,-74.109825,6.0253167
9672,40.60249,-74.08747,5.97518
9673,40.598114,-74.09022,5.9854245
9674,40.61542,-74.10157,5.973325
9675,40.60788,-74.08505,5.9595323
9676,40.62011,-74.10984,6.0253167
9677,40.618965,-74.10701,5.987772
9678,40.60957,-74.09639,5.9627376
9679,40.614254,-74.08034,6.0953403
9680,40.615868,-74.07585,6.2093787
9681,40.59688,-74.08934,5.990021
9682,40.61397,-74.087616,6.038605
9683,40.620975,-74.111176,6.0253167
9684,40.59828,-74.09432,5.9607744
9685,40.60648,-74.0888,5.9423375
9686,40.603138,-74.08099,5.9622235
9687,40.615414,-74.10156,5.973325
9688,40.60656,-74.103424,5.920978
9689,40.61294,-74.07533,6.1612206
9690,40.618835,-74.09491,6.0044394
9691,40.60414,-74.0745,5.9360023
9692,40.596607,-74.09653,5.9574018
9693,40.606037,-74.087105,5.945538
9694,40.6025,-74.094315,5.9527698
9695,40.597885,-74.07738,5.960273
9696,40.61394,-74.07952,6.0953403
9697,40.61488,-74.089195,6.007899
9698,40.60854,-74.073456,6.039975
9699,40.60756,-74.08122,5.9859877
9700,40.602833,-74.09726,5.9060287
9701,40.598717,-74.09213,5.9607744
9702,40.6028,-74.103775,5.883978
9703,40.610466,-74.06943,6.048058
9704,40.597836,-74.07466,5.9517846
9705,40.618237,-74.08318,6.247144
9706,40.599583,-74.077484,5.954995
9707,40.61916,-74.08913,6.142141
9708,40.614864,-74.08707,6.038605
9709,40.612183,-74.072945,6.1612206
9710,40.610798,-74.092995,5.978925
9711,40.59766,-74.07629,5.960273
9712,40.6095,-74.08032,5.9859877
9713,40.596905,-74.074165,5.9517846
9714,40.61978,-74.07888,6.247144
9715,40.59859,-74.09631,5.9185405
9716,40.61559,-74.1,5.9767923
9717,40.61076,-74.093575,5.978925
9718,40.604206,-74.09932,5.888645
9719,40.62047,-74.10252,6.002141
9720,40.61883,-74.0949,6.0044394
9721,40.607365,-74.096756,5.9392443
9722,40.60249,-74.08747,5.97518
9723,40.603416,-74.08911,5.9775586
9724,40.619576,-74.0958,6.0044394
9725,40.60182,-74.08536,5.97518
9726,40.601963,-74.08527,5.97518
9727,40.607426,-74.079025,5.950314
9728,40.600727,-74.090485,5.9854245
9729,40.596264,-74.10407,5.882947
9730,40.61897,-74.10701,5.987772
9731,40.60938,-74.099785,5.952968
9732,40.610374,-74.07212,6.048058
9733,40.59883,-74.083405,5.971038
9734,40.61245,-74.07243,6.1612206
9735,40.61973,-74.08618,6.182716
9736,40.60746,-74.08364,5.950314
9737,40.60431,-74.08471,5.9622235
9738,40.607456,-74.08365,5.950314
9739,40.6178,-74.103806,5.982115
9740,40.618385,-74.07925,6.247144
9741,40.601154,-74.08469,5.971038
9742,40.62111,-74.10722,6.0253167
9743,40.61157,-74.07311,6.1612206
9744,40.59882,-74.09145,5.9607744
9745,40.59654,-74.077675,5.960273
9746,40.60556,-74.07133,5.983686
9747,40.619633,-74.08544,6.182716
9748,40.59739,-74.110146,5.8616157
9749,40.60922,-74.07324,6.039975
9750,40.620724,-74.10933,6.0253167
9751,40.602074,-74.10958,5.8933663
9752,40.59953,-74.09009,5.9854245
9753,40.613037,-74.09849,5.9701614
9754,40.60655,-74.08986,5.9423375
9755,40.60815,-74.074104,6.039975
9756,40.597282,-74.09808,5.907997
9757,40.612446,-74.07307,6.1612206
9758,40.61233,-74.07329,6.1612206
9759,40.617588,-74.0978,5.9863877
9760,40.620106,-74.109825,6.0253167
9761,40.60814,-74.07409,6.039975
9762,40.620106,-74.109825,6.0253167
9763,40.61534,-74.098656,5.9767923
9764,40.618835,-74.09491,6.0044394
9765,40.612473,-74.093094,5.978925
9766,40.611164,-74.07878,6.0308585
9767,40.60009,-74.09598,5.9185405
9768,40.61389,-74.085594,6.038605
9769,40.61897,-74.10701,5.987772
9770,40.59973,-74.10171,5.8837204
9771,40.6038,-74.09026,5.9775586
9772,40.619213,-74.08437,6.247144
9773,40.60814,-74.07409,6.039975
9774,40.606377,-74.09863,5.92855
9775,40.596306,-74.08995,5.990021
9776,40.59948,-74.0748,5.9467363
9777,40.61577,-74.101845,5.973325
9778,40.6186,-74.090385,6.142141
9779,40.61378,-74.10699,5.976558
9780,40.61684,-74.07819,6.2093787
9781,40.602703,-74.068436,5.9336886
9782,40.597233,-74.07852,5.960273
9783,40.60017,-74.081924,5.971038
9784,40.606243,-74.10293,5.920978
9785,40.614082,-74.06774,6.2689586
9786,40.59851,-74.10109,5.8837204
9787,40.61897,-74.10701,5.987772
9788,40.60884,-74.08683,5.9595323
9789,40.605022,-74.100006,5.92855
9790,40.60338,-74.071945,5.926828
9791,40.613037,-74.09849,5.9701614
9792,40.613247,-74.085785,5.9813185
9793,40.603237,-74.07019,5.926828
9794,40.608265,-74.09777,5.952968
9795,40.612816,-74.09916,5.9701614
9796,40.612595,-74.10576,5.9598155
9797,40.617577,-74.070984,6.3200817
9798,40.60203,-74.08419,5.9622235
9799,40.60882,-74.08569,5.9595323
9800,40.620106,-74.109825,6.0253167
9801,40.621273,-74.07816,6.405878
9802,40.597992,-74.08785,5.9787683
9803,40.599144,-74.09137,5.9607744
9804,40.617065,-74.07897,6.247144
9805,40.619892,-74.07333,6.306125
9806,40.615356,-74.08628,6.038605
9807,40.607933,-74.11383,5.9901996
9808,40.611816,-74.09436,5.9820623
9809,40.6206,-74.08368,6.345602
9810,40.600513,-74.09892,5.886629
9811,40.61671,-74.10149,5.973325
9812,40.600845,-74.07868,5.971038
9813,40.61303,-74.09848,5.9701614
9814,40.61303,-74.09848,5.9701614
9815,40.62016,-74.073,6.3625255
9816,40.61757,-74.07426,6.306125
9817,40.608093,-74.0739,6.039975
9818,40.612186,-74.0676,6.210667
9819,40.599964,-74.10272,5.8837204
9820,40.60249,-74.08747,5.97518
9821,40.60664,-74.093414,5.9485173
9822,40.607697,-74.0994,5.952968
9823,40.60427,-74.075264,5.9360023
9824,40.601715,-74.076935,5.949127
9825,40.60211,-74.087845,5.97518
9826,40.59716,-74.07913,5.968427
9827,40.616787,-74.101746,5.973325
9828,40.60814,-74.07409,6.039975
9829,40.59844,-74.08905,5.9854245
9830,40.600204,-74.08819,5.9854245
9831,40.611874,-74.104324,5.9598155
9832,40.61885,-74.06932,6.3200817
9833,40.59845,-74.09007,5.9854245
9834,40.60255,-74.09908,5.888645
9835,40.60432,-74.090225,5.9423375
9836,40.619232,-74.08446,6.247144
9837,40.59671,-74.06816,6.0183234
9838,40.607178,-74.100296,5.92855
9839,40.615704,-74.08599,6.038605
9840,40.620106,-74.109825,6.0253167
9841,40.609776,-74.08013,5.9859877
9842,40.61891,-74.07503,6.306125
9843,40.6203,-74.07364,6.3625255
9844,40.60142,-74.0959,5.9060287
9845,40.60556,-74.07133,5.983686
9846,40.618572,-74.10346,5.982115
9847,40.620724,-74.110695,6.0253167
9848,40.616013,-74.102036,5.973325
9849,40.616043,-74.08611,6.038605
9850,40.601856,-74.07815,5.949127
9851,40.598248,-74.09151,5.9607744
9852,40.599277,-74.08776,5.9810233
9853,40.61076,-74.093575,5.978925
9854,40.605343,-74.09386,5.9485173
9855,40.618965,-74.10702,5.987772
9856,40.597054,-74.08928,5.990021
9857,40.596985,-74.07586,5.960273
9858,40.61336,-74.11263,5.976558
9859,40.61032,-74.06983,6.048058
9860,40.62098,-74.111176,6.0253167
9861,40.597614,-74.08214,5.968427
9862,40.604225,-74.096794,5.9060287
9863,40.616074,-74.088646,6.007899
9864,40.598087,-74.067986,6.0090384
9865,40.612083,-74.09049,5.974287
9866,40.61834,-74.085915,6.182716
9867,40.60031,-74.0764,5.954995
9868,40.602398,-74.083405,5.9622235
9869,40.61476,-74.08565,6.038605
9870,40.611923,-74.07605,6.128672
9871,40.60338,-74.071945,5.926828
9872,40.603878,-74.08822,5.9775586
9873,40.615536,-74.097885,5.9767923
9874,40.619305,-74.089455,6.142141
9875,40.620106,-74.109825,6.0253167
9876,40.608974,-74.071785,6.048058
9877,40.602386,-74.093445,5.9527698
9878,40.61897,-74.10701,5.987772
9879,40.619022,-74.08628,6.182716
9880,40.60889,-74.10191,5.9410925
9881,40.60387,-74.08823,5.9775586
9882,40.60061,-74.06772,6.0090384
9883,40.612225,-74.10867,5.976558
9884,40.619286,-74.07992,6.247144
9885,40.604824,-74.07461,5.9691887
9886,40.618744,-74.08156,6.247144
9887,40.61494,-74.106415,5.9728622
9888,40.607124,-74.097084,5.9392443
9889,40.609367,-74.07163,6.048058
9890,40.598255,-74.09152,5.9607744
9891,40.59913,-74.09131,5.9607744
9892,40.610798,-74.092995,5.978925
9893,40.616463,-74.08602,6.038605
9894,40.616203,-74.07218,6.2779512
9895,40.618977,-74.107025,5.987772
9896,40.606277,-74.09365,5.9485173
9897,40.603493,-74.10894,5.8933663
9898,40.613033,-74.09848,5.9701614
9899,40.619434,-74.07781,6.2911615
9900,40.619183,-74.080086,6.247144
9901,40.61774,-74.08428,6.247144
9902,40.600216,-74.093834,5.9607744
9903,40.608143,-74.0741,6.039975
9904,40.617115,-74.098236,5.9863877
9905,40.609516,-74.070564,6.048058
9906,40.61551,-74.08852,6.007899
9907,40.611557,-74.08809,5.974287
9908,40.608044,-74.08272,5.9859877
9909,40.60205,-74.08406,5.9622235
9910,40.612823,-74.09917,5.9701614
9911,40.608036,-74.08271,5.9859877
9912,40.601467,-74.0971,5.9060287
9913,40.604053,-74.085594,5.97518
9914,40.60235,-74.083305,5.9622235
9915,40.615047,-74.09839,5.9767923
9916,40.612892,-74.086815,5.9813185
9917,40.60557,-74.071335,5.983686
9918,40.618973,-74.107025,5.987772
9919,40.61257,-74.06768,6.210667
9920,40.598892,-74.08324,5.971038
9921,40.60248,-74.087456,5.97518
9922,40.60587,-74.068184,5.9773574
9923,40.607834,-74.0913,5.9615817
9924,40.61369,-74.09612,5.9820623
9925,40.617893,-74.09785,5.9863877
9926,40.616592,-74.08395,6.0953403
9927,40.59807,-74.07547,5.954995
9928,40.617607,-74.10256,5.982115
9929,40.59761,-74.0922,5.9830403
9930,40.6012,-74.10088,5.883978
9931,40.612537,-74.09347,5.978925
9932,40.60339,-74.085724,5.97518
9933,40.605583,-74.096985,5.9392443
9934,40.61076,-74.093575,5.978925
9935,40.601273,-74.09999,5.888645
9936,40.607616,-74.08313,5.9859877
9937,40.6121,-74.08736,5.9813185
9938,40.597767,-74.099304,5.907997
9939,40.60338,-74.071945,5.926828
9940,40.616337,-74.070274,6.2779512
9941,40.61705,-74.07117,6.3200817
9942,40.620106,-74.109825,6.0253167
9943,40.618782,-74.08078,6.247144
9944,40.613472,-74.11202,5.976558
9945,40.607227,-74.0933,5.9485173
9946,40.612644,-74.10519,5.9598155
9947,40.603947,-74.08989,5.9775586
9948,40.612816,-74.09916,5.9701614
9949,40.615097,-74.06962,6.2779512
9950,40.610794,-74.092995,5.978925
9951,40.60814,-74.07409,6.039975
9952,40.615246,-74.068535,6.2689586
9953,40.61558,-74.08874,6.007899
9954,40.603004,-74.07763,5.949127
9955,40.604225,-74.09775,5.888645
9956,40.607887,-74.09942,5.952968
9957,40.597866,-74.08061,5.968427
9958,40.613953,-74.10164,5.973325
9959,40.612637,-74.10518,5.9598155
9960,40.603878,-74.08822,5.9775586
9961,40.6169,-74.090706,6.007899
9962,40.608116,-74.10088,5.9410925
9963,40.608257,-74.09776,5.952968
9964,40.62112,-74.105865,6.0139446
9965,40.597702,-74.07274,5.9517846
9966,40.618935,-74.08694,6.182716
9967,40.611362,-74.08539,5.9813185
9968,40.60338,-74.071945,5.926828
9969,40.6151,-74.08514,6.038605
9970,40.59672,-74.0761,5.960273
9971,40.60894,-74.09569,5.9627376
9972,40.59928,-74.08414,5.971038
9973,40.615814,-74.081894,6.0953403
9974,40.60316,-74.090904,5.9775586
9975,40.611477,-74.10346,5.9593887
9976,40.614662,-74.077515,6.2093787
9977,40.604935,-74.069756,5.983686
9978,40.619057,-74.10671,5.98425
9979,40.613033,-74.09849,5.9701614
9980,40.61319,-74.07864,6.0308585
9981,40.598976,-74.091415,5.9607744
9982,40.59767,-74.09037,5.990021
9983,40.618336,-74.09364,6.031045
9984,40.60026,-74.07177,5.94399
9985,40.60091,-74.09446,5.9185405
9986,40.601097,-74.11049,5.8669724
9987,40.619476,-74.08113,6.247144
9988,40.61417,-74.10375,5.973325
9989,40.59733,-74.093796,5.9830403
9990,40.610023,-74.068726,6.0451183
9991,40.610798,-74.093,5.978925
9992,40.612816,-74.09916,5.9701614
9993,40.60053,-74.09411,5.9607744
9994,40.60992,-74.07366,6.039975
9995,40.62062,-74.0821,6.345602
9996,40.60401,-74.097336,5.9060287
9997,40.607677,-74.06738,6.0451183
9998,40.606888,-74.09325,5.9485173
9999,40.61897,-74.10701,5.987772
10000,40.618828,-74.09489,6.0044394
10001,40.60693,-74.10171,5.920978
10002,40.59549,-74.07007,6.0137606
10003,40.592716,-74.08547,5.9794254
10004,40.571453,-74.09288,5.772396
10005,40.57689,-74.08959,5.8360615
10006,40.58131,-74.113174,5.9712625
10007,40.5914,-74.09075,5.992805
10008,40.592327,-74.06988,5.9982023
10009,40.575897,-74.1082,5.9753957
10010,40.585033,-74.09691,5.954638
10011,40.573227,-74.10905,5.9753957
10012,40.5753,-74.09135,5.8279343
10013,40.571934,-74.08959,5.756181
10014,40.5928,-74.08908,5.9952135
10015,40.57456,-74.10194,5.9326234
10016,40.57331,-74.093124,5.8279343
10017,40.57911,-74.10744,5.9712625
10018,40.579105,-74.107445,5.9712625
10019,40.592407,-74.0731,5.939103
10020,40.576797,-74.0962,5.8893833
10021,40.580193,-74.10248,5.9476314
10022,40.585533,-74.10681,5.899916
10023,40.579494,-74.10775,5.9712625
10024,40.59218,-74.07387,5.939103
10025,40.58865,-74.09908,5.9694443
10026,40.58857,-74.109856,5.8799286
10027,40.57824,-74.1142,5.961352
10028,40.578754,-74.09959,5.9034233
10029,40.577953,-74.0999,5.9034233
10030,40.585274,-74.10233,5.964615
10031,40.589252,-74.09147,6.010953
10032,40.573654,-74.10998,5.9753957
10033,40.592644,-74.07678,5.950504
10034,40.594425,-74.07685,5.950504
10035,40.579494,-74.10775,5.9712625
10036,40.591724,-74.0761,5.950504
10037,40.590946,-74.10028,5.9694443
10038,40.593605,-74.088165,5.9952135
10039,40.59481,-74.10752,5.8792915
10040,40.595547,-74.09397,5.9830403
10041,40.58113,-74.11064,5.9712625
10042,40.579018,-74.087036,5.782129
10043,40.60972,-74.12714,6.093454
10044,40.620808,-74.1285,6.175128
10045,40.603683,-74.13417,5.9165306
10046,40.602608,-74.13357,5.9165306
10047,40.62046,-74.14595,6.2284026
10048,40.604374,-74.13234,6.007532
10049,40.607754,-74.1499,5.998109
10050,40.601303,-74.157936,5.9750233
10051,40.611115,-74.14619,5.982379
10052,40.602074,-74.117355,5.917432
10053,40.603592,-74.13677,5.914992
10054,40.60141,-74.13278,5.9165306
10055,40.616,-74.13494,6.0643497
10056,40.618725,-74.15567,6.14039
10057,40.60125,-74.13483,5.9165306
10058,40.605442,-74.12723,6.0701222
10059,40.60015,-74.12391,5.915847
10060,40.608414,-74.16045,6.0574255
10061,40.608337,-74.114784,5.9901996
10062,40.61215,-74.145515,5.982379
10063,40.61484,-74.14317,6.0343747
10064,40.60465,-74.12767,6.0701222
10065,40.6119,-74.14914,6.0176272
10066,40.619,-74.13299,6.153915
10067,40.61904,-74.133026,6.153915
10068,40.60012,-74.13513,5.910305
10069,40.612514,-74.12152,6.0760603
10070,40.601036,-74.13852,5.905797
10071,40.61225,-74.14613,5.982379
10072,40.621044,-74.14297,6.24276
10073,40.601707,-74.13925,5.914992
10074,40.60408,-74.11939,5.917432
10075,40.606705,-74.14772,5.9416647
10076,40.614624,-74.124016,6.092149
10077,40.603706,-74.11749,5.917432
10078,40.613148,-74.12578,6.0905046
10079,40.60947,-74.1319,6.0766053
10080,40.611748,-74.159615,6.05909
10081,40.61153,-74.14707,5.982379
10082,40.611233,-74.16118,6.062494
10083,40.611687,-74.12359,6.0905046
10084,40.618828,-74.09489,6.0044394
10085,40.60814,-74.07409,6.039975
10086,40.598248,-74.09151,5.9607744
10087,40.62026,-74.078926,6.345602
10088,40.60948,-74.06907,6.0451183
10089,40.615505,-74.08384,6.0953403
10090,40.610016,-74.06871,6.0451183
10091,40.600742,-74.090065,5.9854245
10092,40.61414,-74.099945,5.9767923
10093,40.618317,-74.07613,6.2911615
10094,40.617958,-74.07032,6.3200817
10095,40.601406,-74.08426,5.9622235
10096,40.602253,-74.08593,5.97518
10097,40.5963,-74.08994,5.990021
10098,40.618565,-74.0864,6.182716
10099,40.62011,-74.10984,6.0253167
10100,40.606655,-74.08906,5.9423375
10101,40.613037,-74.09849,5.9701614
10102,40.596436,-74.06994,6.0137606
10103,40.611,-74.0741,6.1612206
10104,40.598248,-74.09151,5.9607744
10105,40.614937,-74.07129,6.2779512
10106,40.60289,-74.08575,5.97518
10107,40.61303,-74.09848,5.9701614
10108,40.59936,-74.09542,5.9185405
10109,40.608635,-74.085884,5.9595323
10110,40.596424,-74.06993,6.0137606
10111,40.609093,-74.083855,5.9859877
10112,40.6096,-74.07129,6.048058
10113,40.600227,-74.09521,5.9185405
10114,40.61153,-74.06984,6.2166095
10115,40.599075,-74.09195,5.9607744
10116,40.61081,-74.08779,5.9813185
10117,40.61787,-74.07584,6.2911615
10118,40.61749,-74.08586,6.182716
10119,40.602158,-74.09506,5.9060287
10120,40.613037,-74.09459,5.9820623
10121,40.61076,-74.093575,5.978925
10122,40.599342,-74.08478,5.971038
10123,40.61287,-74.08098,6.0308585
10124,40.617393,-74.13457,6.153915
10125,40.61777,-74.14193,6.174307
10126,40.607132,-74.15102,5.9714713
10127,40.598537,-74.11887,5.89012
10128,40.605503,-74.11835,5.997077
10129,40.6156,-74.131714,6.0996075
10130,40.617302,-74.12431,6.1141224
10131,40.61309,-74.115524,6.006557
10132,40.61952,-74.15285,6.1675844
10133,40.60163,-74.13649,5.914992
10134,40.618008,-74.15506,6.14039
10135,40.600914,-74.11895,5.89012
10136,40.610428,-74.12774,6.093454
10137,40.618744,-74.12435,6.1141224
10138,40.615845,-74.144966,6.047356
10139,40.62015,-74.151985,6.3134327
10140,40.611416,-74.1489,6.0176272
10141,40.611935,-74.12304,6.0905046
10142,40.599304,-74.119194,5.89012
10143,40.603798,-74.12906,5.953208
10144,40.618904,-74.119286,6.0355983
10145,40.615364,-74.152275,6.048522
10146,40.618034,-74.15633,6.14039
10147,40.608383,-74.15256,6.0380845
10148,40.617027,-74.14888,6.177091
10149,40.60872,-74.16098,6.057911
10150,40.610287,-74.12376,6.0799117
10151,40.62071,-74.14208,6.24276
10152,40.60507,-74.13525,6.007532
10153,40.598793,-74.11871,5.89012
10154,40.602295,-74.119736,5.939024
10155,40.606255,-74.146034,5.9416647
10156,40.60677,-74.15899,6.0489063
10157,40.615616,-74.12197,6.073322
10158,40.616634,-74.13052,6.0996075
10159,40.611614,-74.1192,6.040707
10160,40.62127,-74.14235,6.24276
10161,40.60144,-74.12636,5.953208
10162,40.614235,-74.129814,6.0996075
10163,40.605877,-74.13956,5.9788413
10164,40.57262,-74.13488,5.776704
10165,40.58109,-74.161125,5.8920927
10166,40.592014,-74.15168,5.861487
10167,40.585983,-74.14818,5.8108225
10168,40.572716,-74.1233,5.8530946
10169,40.584526,-74.1486,5.8023186
10170,40.581196,-74.15756,5.878467
10171,40.58062,-74.126366,5.808336
10172,40.593063,-74.159676,5.906216
10173,40.59096,-74.1514,5.8517594
10174,40.58684,-74.14916,5.8108225
10175,40.578297,-74.15779,5.854487
10176,40.584908,-74.15992,5.9151087
10177,40.577507,-74.125916,5.817323
10178,40.591118,-74.1532,5.8517594
10179,40.58881,-74.149864,5.836958
10180,40.57252,-74.122955,5.8530946
10181,40.576138,-74.14304,5.7818894
10182,40.58881,-74.149864,5.836958
10183,40.578007,-74.1605,5.854487
10184,40.571568,-74.13361,5.776704
10185,40.588318,-74.14951,5.8108225
10186,40.59468,-74.1602,5.906216
10187,40.574368,-74.13996,5.777067
10188,40.59046,-74.1474,5.8353333
10189,40.594673,-74.160194,5.906216
10190,40.5899,-74.15155,5.8517594
10191,40.575024,-74.130486,5.7917204
10192,40.577503,-74.1259,5.847608
10193,40.589077,-74.15054,5.836958
10194,40.578247,-74.16076,5.863345
10195,40.58864,-74.15088,5.836958
10196,40.58948,-74.14756,5.8353333
10197,40.5916,-74.15405,5.8517594
10198,40.59306,-74.15966,5.906216
10199,40.578285,-74.15778,5.854487
10200,40.575752,-74.121796,5.881123
10201,40.58046,-74.15692,5.856049
10202,40.5795,-74.135605,5.7958865
10203,40.58163,-74.15779,5.878467
10204,40.571117,-74.12354,5.8530946
10205,40.679527,-73.90895,6.4177012
10206,40.694363,-73.91998,6.609355
10207,40.67847,-73.90919,6.4177012
10208,40.682083,-73.91215,6.3502665
10209,40.693333,-73.923195,6.6518087
10210,40.68943,-73.91474,6.4036074
10211,40.680527,-73.91445,6.3502665
10212,40.676113,-73.917274,6.1640916
10213,40.683914,-73.91398,6.3432293
10214,40.689384,-73.913155,6.4140787
10215,40.686504,-73.9236,6.423956
10216,40.68156,-73.885376,6.235495
10217,40.6923,-73.916145,6.483842
10218,40.67979,-73.88719,6.2552533
10219,40.693092,-73.918884,6.609355
10220,40.687622,-73.91413,6.4140787
10221,40.682507,-73.92624,6.482407
10222,40.672523,-73.89331,6.600188
10223,40.681732,-73.8909,5.9022155
10224,40.67571,-73.90987,6.5094557
10225,40.69525,-73.92068,6.609355
10226,40.69189,-73.90718,6.6832957
10227,40.677242,-73.88618,6.2552533
10228,40.679726,-73.90725,6.4177012
10229,40.697136,-73.91257,6.9465137
10230,40.693333,-73.923164,6.6518087
10231,40.696613,-73.90723,7.0249767
10232,40.692856,-73.91021,6.908814
10233,40.677814,-73.89701,6.4291115
10234,40.677814,-73.89701,6.4291115
10235,40.688095,-73.919945,6.3978124
10236,40.71392,-73.9463,7.219821
10237,40.715916,-73.94079,7.197717
10238,40.71574,-73.93935,7.2474976
10239,40.71584,-73.93949,7.2474976
10240,40.719032,-73.943825,7.1111646
10241,40.716404,-73.9459,7.1771483
10242,40.716736,-73.942345,7.197717
10243,40.717278,-73.943375,7.1771483
10244,40.715958,-73.94558,7.1771483
10245,40.7139,-73.94543,7.225163
10246,40.71504,-73.94883,7.3054094
10247,40.719017,-73.94096,6.9888663
10248,40.713505,-73.944786,7.225163
10249,40.610794,-74.092995,5.978925
10250,40.61897,-74.10701,5.987772
10251,40.612682,-74.09337,5.978925
10252,40.60609,-74.08718,5.945538
10253,40.60191,-74.11279,5.8933663
10254,40.60338,-74.071945,5.926828
10255,40.613125,-74.10763,5.976558
10256,40.60186,-74.090256,5.9775586
10257,40.61258,-74.10614,5.9598155
10258,40.607655,-74.07892,5.9859877
10259,40.615078,-74.0773,6.2093787
10260,40.602158,-74.07405,5.9360023
10261,40.601406,-74.09018,5.9775586
10262,40.605286,-74.0882,5.9423375
10263,40.609688,-74.08596,5.9595323
10264,40.611134,-74.089584,5.974287
10265,40.610275,-74.08378,5.9859877
10266,40.62113,-74.11202,6.0253167
10267,40.596264,-74.07789,5.960273
10268,40.611256,-74.07523,6.1612206
10269,40.61274,-74.104256,5.9598155
10270,40.61831,-74.07936,6.247144
10271,40.618828,-74.09489,6.0044394
10272,40.61002,-74.06737,6.0451183
10273,40.619812,-74.07232,6.306125
10274,40.601017,-74.094406,5.9185405
10275,40.60599,-74.08515,5.945538
10276,40.604546,-74.0954,5.9392443
10277,40.610012,-74.06737,6.0451183
10278,40.607777,-74.0956,5.9627376
10279,40.619297,-74.07321,6.306125
10280,40.59761,-74.10325,5.8962636
10281,40.61577,-74.080025,6.0953403
10282,40.61485,-74.10049,5.9767923
10283,40.598255,-74.09152,5.9607744
10284,40.616856,-74.070915,6.2779512
10285,40.612457,-74.07403,6.1612206
10286,40.618294,-74.10027,5.9863877
10287,40.620106,-74.109825,6.0253167
10288,40.693336,-73.91228,6.8029013
10289,40.692898,-73.90619,6.908814
10290,40.681164,-73.88811,6.065218
10291,40.676655,-73.90725,6.5094557
10292,40.684013,-73.88347,6.141729
10293,40.683334,-73.889854,5.7747784
10294,40.6863,-73.915016,6.352857
10295,40.696438,-73.89503,6.4249706
10296,40.6784,-73.89069,6.241934
10297,40.693336,-73.91228,6.8029013
10298,40.696358,-73.895706,6.7394586
10299,40.680195,-73.91008,6.34293
10300,40.681293,-73.886635,6.065218
10301,40.674625,-73.88696,6.255532
10302,40.67385,-73.893005,6.5311427
10303,40.69599,-73.92463,7.0622435
10304,40.67615,-73.918015,6.2274294
10305,40.677834,-73.91233,6.3068213
10306,40.67432,-73.889595,6.3215966
10307,40.692368,-73.9032,6.6289034
10308,40.68388,-73.9208,6.3892097
10309,40.689453,-73.9194,6.3978124
10310,40.683975,-73.90613,6.352943
10311,40.686314,-73.913826,6.3432293
10312,40.678127,-73.91976,6.351707
10313,40.693184,-73.92411,6.7130704
10314,40.696774,-73.901276,6.9527874
10315,40.679325,-73.8908,6.241934
10316,40.693447,-73.92634,6.7130704
10317,40.687645,-73.92312,6.423956
10318,40.679188,-73.88226,6.4222445
10319,40.685616,-73.90968,6.352943
10320,40.68308,-73.907455,6.34293
10321,40.682182,-73.91791,6.3501267
10322,40.67411,-73.908646,6.5094557
10323,40.684902,-73.92093,6.3892097
10324,40.687595,-73.9136,6.4140787
10325,40.681126,-73.9221,6.396929
10326,40.682278,-73.89429,5.903139
10327,40.67468,-73.905975,6.5094557
10328,40.69654,-73.890495,6.1727505
10329,40.68189,-73.921036,6.396929
10330,40.679005,-73.891266,6.241934
10331,40.67963,-73.90805,6.4177012
10332,40.68466,-73.88318,6.141729
10333,40.68262,-73.91217,6.3502665
10334,40.685497,-73.91969,6.3521657
10335,40.676716,-73.912285,6.2780485
10336,40.67564,-73.88962,6.3215966
10337,40.676903,-73.92452,6.6129346
10338,40.67542,-73.89116,6.3215966
10339,40.68237,-73.92089,6.396929
10340,40.682278,-73.89211,5.9022155
10341,40.687645,-73.92312,6.423956
10342,40.680527,-73.91445,6.3502665
10343,40.686016,-73.92405,6.448014
10344,40.685764,-73.91216,6.3432293
10345,40.679398,-73.89173,6.241934
10346,40.684994,-73.91085,6.352943
10347,40.690624,-73.90725,6.6832957
10348,40.683445,-73.90751,6.352943
10349,40.68692,-73.91252,6.4140787
10350,40.672997,-73.89347,6.600188
10351,40.690365,-73.91901,6.4765577
10352,40.69408,-73.92405,6.7130704
10353,40.686523,-73.91128,6.463217
10354,40.693447,-73.92634,6.7130704
10355,40.6424,-73.97457,6.3357854
10356,40.6424,-73.97457,6.3357854
10357,40.642838,-73.976814,6.3357854
10358,40.63651,-73.99506,6.367809
10359,40.635967,-73.98265,6.533495
10360,40.639057,-73.99321,6.3931007
10361,40.63624,-73.98327,6.533495
10362,40.638893,-73.99052,6.367809
10363,40.639496,-73.98941,6.492766
10364,40.643654,-73.97678,6.3357854
10365,40.643867,-73.978096,6.372884
10366,40.646687,-73.974045,6.2978005
10367,40.646687,-73.974045,6.2978005
10368,40.646687,-73.974045,6.2978005
10369,40.646027,-73.98149,6.194784
10370,40.636803,-73.99309,6.367809
10371,40.646687,-73.974045,6.2978005
10372,40.64324,-73.97644,6.3357854
10373,40.639744,-73.98906,6.492766
10374,40.645058,-73.99467,6.253238
10375,40.634834,-73.99075,6.2936306
10376,40.646687,-73.974045,6.2978005
10377,40.63534,-73.98554,6.3529677
10378,40.639145,-73.975365,6.551799
10379,40.639797,-73.97549,6.551799
10380,40.642757,-73.976814,6.3357854
10381,40.638603,-73.98082,6.533495
10382,40.642838,-73.976814,6.3357854
10383,40.64441,-73.973656,6.3785577
10384,40.636837,-73.993324,6.367809
10385,40.63544,-73.97561,6.4550705
10386,40.64245,-73.983955,6.400193
10387,40.696365,-73.89043,6.1727505
10388,40.6913,-73.91361,6.587221
10389,40.677197,-73.92154,6.5072603
10390,40.684177,-73.91709,6.352857
10391,40.69042,-73.91143,6.587221
10392,40.6951,-73.926125,6.7130704
10393,40.697124,-73.88748,5.914229
10394,40.69158,-73.916145,6.483842
10395,40.695137,-73.88997,5.9247794
10396,40.692844,-73.91328,6.8029013
10397,40.69695,-73.890335,6.1727505
10398,40.675232,-73.8924,6.5311427
10399,40.69106,-73.91548,6.483842
10400,40.67657,-73.90881,6.5094557
10401,40.695633,-73.889145,5.800274
10402,40.686817,-73.92094,6.423956
10403,40.693333,-73.923195,6.6518087
10404,40.68692,-73.91252,6.4140787
10405,40.68499,-73.92089,6.3892097
10406,40.693333,-73.923195,6.6518087
10407,40.680397,-73.891075,5.9022155
10408,40.684994,-73.91085,6.352943
10409,40.693333,-73.923195,6.6518087
10410,40.684307,-73.91157,6.3432293
10411,40.68474,-73.922325,6.3892097
10412,40.680527,-73.91445,6.3502665
10413,40.675934,-73.88467,6.250824
10414,40.69525,-73.92068,6.609355
10415,40.687866,-73.90574,6.463217
10416,40.677742,-73.91889,6.351707
10417,40.690865,-73.91995,6.4765577
10418,40.695683,-73.88916,5.800274
10419,40.675625,-73.88995,6.3215966
10420,40.678097,-73.91194,6.3068213
10421,40.691654,-73.91093,6.6832957
10422,40.677814,-73.89701,6.4291115
10423,40.6951,-73.91134,6.8029013
10424,40.682198,-73.9249,6.482407
10425,40.69085,-73.90464,6.6289034
10426,40.67453,-73.90874,6.5094557
10427,40.682163,-73.892334,5.9022155
10428,40.677814,-73.89701,6.4291115
10429,40.68245,-73.90475,6.3015437
10430,40.68692,-73.91252,6.4140787
10431,40.69468,-73.89081,5.9247794
10432,40.69678,-73.907524,7.0249767
10433,40.685616,-73.90968,6.352943
10434,40.675667,-73.90917,6.5094557
10435,40.68307,-73.89463,5.903139
10436,40.682602,-73.9254,6.482407
10437,40.688496,-73.91448,6.4036074
10438,40.68767,-73.916466,6.4036074
10439,40.674362,-73.8866,6.255532
10440,40.69241,-73.90315,6.6289034
10441,40.676216,-73.91412,6.2780485
10442,40.718,-73.9558,8.001259
10443,40.71588,-73.96102,7.8138213
10444,40.71379,-73.95055,7.4354486
10445,40.71844,-73.96388,7.605653
10446,40.71844,-73.96388,7.605653
10447,40.710552,-73.968155,6.914116
10448,40.710552,-73.968155,6.914116
10449,40.720238,-73.95646,8.001259
10450,40.71483,-73.95335,7.8740187
10451,40.720238,-73.95646,8.001259
10452,40.71844,-73.96388,7.605653
10453,40.714832,-73.95335,7.8740187
10454,40.7193,-73.96397,7.605653
10455,40.716564,-73.95184,7.6246066
10456,40.71959,-73.964096,7.605653
10457,40.71844,-73.96388,7.605653
10458,40.71844,-73.96388,7.605653
10459,40.71,-73.96289,7.1263757
10460,40.719597,-73.9642,7.605653
10461,40.717365,-73.96339,7.580858
10462,40.712166,-73.958405,7.6860204
10463,40.717712,-73.95707,7.946259
10464,40.710873,-73.9572,7.2971873
10465,40.719597,-73.9642,7.605653
10466,40.678993,-73.8827,6.4222445
10467,40.693184,-73.92411,6.7130704
10468,40.687485,-73.92203,6.423956
10469,40.687645,-73.92312,6.423956
10470,40.694805,-73.89139,5.9247794
10471,40.68599,-73.923325,6.3892097
10472,40.672653,-73.92451,6.546643
10473,40.696236,-73.901146,6.9527874
10474,40.683098,-73.91706,6.30049
10475,40.684994,-73.91085,6.352943
10476,40.688766,-73.91962,6.3978124
10477,40.681007,-73.89256,5.903139
10478,40.696102,-73.894485,6.4249706
10479,40.69671,-73.8925,6.4249706
10480,40.68166,-73.89484,5.903139
10481,40.693333,-73.923195,6.6518087
10482,40.693333,-73.923195,6.6518087
10483,40.69562,-73.89509,6.2801805
10484,40.69692,-73.89288,6.4249706
10485,40.693333,-73.923195,6.6518087
10486,40.687645,-73.92312,6.423956
10487,40.680756,-73.883766,6.235495
10488,40.67863,-73.91065,6.4177012
10489,40.687645,-73.92312,6.423956
10490,40.688732,-73.92432,6.460206
10491,40.693333,-73.923195,6.6518087
10492,40.67955,-73.89049,6.241934
10493,40.693333,-73.923195,6.6518087
10494,40.683502,-73.884315,6.141729
10495,40.709633,-73.95279,7.363116
10496,40.703587,-73.958725,6.83858
10497,40.70336,-73.9576,6.9485774
10498,40.70218,-73.95132,7.2760186
10499,40.709194,-73.9585,7.2971873
10500,40.70317,-73.95741,6.9485774
10501,40.709373,-73.96365,7.1263757
10502,40.709267,-73.96164,7.2702227
10503,40.697723,-73.97293,7.253538
10504,40.70982,-73.9579,7.2971873
10505,40.7096,-73.96192,7.1263757
10506,40.7096,-73.96192,7.1263757
10507,40.699646,-73.95827,7.1823177
10508,40.699646,-73.95827,7.1823177
10509,40.703144,-73.95133,7.2760186
10510,40.707382,-73.96365,6.840041
10511,40.700867,-73.95487,7.497937
10512,40.700867,-73.95487,7.497937
10513,40.70451,-73.955025,7.0800924
10514,40.707153,-73.959236,6.9464645
10515,40.70929,-73.962906,7.1263757
10516,40.700233,-73.95085,7.562397
10517,40.707493,-73.96354,6.840041
10518,40.70923,-73.96929,6.914116
10519,40.701584,-73.95137,7.562397
10520,40.707436,-73.963486,6.840041
10521,40.70163,-73.952736,7.497937
10522,40.70923,-73.96929,6.914116
10523,40.705482,-73.967255,6.840041
10524,40.709633,-73.95279,7.363116
10525,40.708866,-73.94024,7.624056
10526,40.69764,-73.935455,7.262197
10527,40.69891,-73.93123,7.296524
10528,40.70806,-73.94023,7.71881
10529,40.703167,-73.94756,7.339539
10530,40.699444,-73.93461,7.751408
10531,40.697723,-73.92689,7.0622435
10532,40.701023,-73.92914,7.8083925
10533,40.70418,-73.94879,7.339539
10534,40.700027,-73.936554,7.751408
10535,40.703167,-73.94756,7.339539
10536,40.70655,-73.937744,7.8779974
10537,40.708515,-73.940895,7.624056
10538,40.708363,-73.94183,7.71881
10539,40.703167,-73.94756,7.339539
10540,40.708866,-73.94024,7.624056
10541,40.703167,-73.94756,7.339539
10542,40.707012,-73.9491,7.2353015
10543,40.70212,-73.94746,7.313571
10544,40.69904,-73.92909,7.8083925
10545,40.708866,-73.94024,7.624056
10546,40.702812,-73.94657,7.339539
10547,40.703857,-73.948715,7.339539
10548,40.703167,-73.94756,7.339539
10549,40.720173,-73.81312,5.662484
10550,40.715786,-73.83176,5.762118
10551,40.71814,-73.81761,5.636808
10552,40.718506,-73.81097,5.662484
10553,40.72063,-73.81189,5.662484
10554,40.718506,-73.81097,5.662484
10555,40.718506,-73.81097,5.662484
10556,40.7184,-73.8109,5.662484
10557,40.716022,-73.831375,5.762118
10558,40.713127,-73.81909,5.675191
10559,40.713127,-73.81909,5.675191
10560,40.712402,-73.81193,5.7862105
10561,40.7123,-73.81705,5.675191
10562,40.711227,-73.813126,5.9262986
10563,40.719143,-73.8192,5.636808
10564,40.713127,-73.81909,5.675191
10565,40.720173,-73.81312,5.662484
10566,40.71825,-73.81804,5.636808
10567,40.713127,-73.81909,5.675191
10568,40.718464,-73.80212,5.5827656
10569,40.71478,-73.785995,5.6753826
10570,40.714226,-73.79256,5.8791056
10571,40.710293,-73.79139,5.980611
10572,40.721897,-73.79933,5.553688
10573,40.7207,-73.79795,5.576932
10574,40.721447,-73.79827,5.553688
10575,40.72083,-73.79861,5.576932
10576,40.712475,-73.804985,5.8747272
10577,40.7204,-73.79881,5.576932
10578,40.71726,-73.80253,5.769641
10579,40.715294,-73.80399,5.7236233
10580,40.721615,-73.804794,5.5955276
10581,40.718994,-73.80225,5.5827656
10582,40.713394,-73.80854,5.844212
10583,40.71482,-73.79692,5.7537165
10584,40.71482,-73.79692,5.7537165
10585,40.713406,-73.80842,5.844212
10586,40.71302,-73.808304,5.844212
10587,40.718513,-73.78753,5.523662
10588,40.72064,-73.80255,5.5827656
10589,40.71266,-73.79163,5.8791056
10590,40.718513,-73.78753,5.523662
10591,40.710743,-73.79781,5.999488
10592,40.71544,-73.79092,5.711773
10593,40.720276,-73.808426,5.637651
10594,40.71138,-73.789154,5.982911
10595,40.716717,-73.80738,5.6890364
10596,40.71266,-73.79163,5.8791056
10597,40.72137,-73.78936,5.500654
10598,40.71463,-73.78851,5.8213105
10599,40.71267,-73.78706,5.8051953
10600,40.719234,-73.80622,5.6076245
10601,40.715233,-73.80853,5.6890364
10602,40.72048,-73.80846,5.637651
10603,40.710403,-73.79886,5.999488
10604,40.71886,-73.800865,5.5827656
10605,40.71175,-73.8052,5.8747272
10606,40.71569,-73.80393,5.769641
10607,40.719128,-73.79997,5.576932
10608,40.714825,-73.79569,5.7537165
10609,40.71231,-73.78749,5.8051953
10610,40.712666,-73.78706,5.8051953
10611,40.71138,-73.789154,5.982911
10612,40.712666,-73.78706,5.8051953
10613,40.72092,-73.78931,5.5343695
10614,40.71231,-73.78749,5.8051953
10615,40.712666,-73.78706,5.8051953
10616,40.72149,-73.80098,5.570455
10617,40.71366,-73.79484,5.8791056
10618,40.712666,-73.78706,5.8051953
10619,40.712666,-73.78706,5.8051953
10620,40.712666,-73.78706,5.8051953
10621,40.712524,-73.79735,5.8791056
10622,40.7154,-73.7947,5.7537165
10623,40.712666,-73.78706,5.8051953
10624,40.710293,-73.79139,5.980611
10625,40.719116,-73.802284,5.5827656
10626,40.713303,-73.7889,5.8213105
10627,40.717606,-73.78927,5.711773
10628,40.71267,-73.78706,5.8051953
10629,40.71138,-73.789154,5.982911
10630,40.711437,-73.78604,6.0074234
10631,40.710922,-73.80059,5.999488
10632,40.710403,-73.79886,5.999488
10633,40.71792,-73.80099,5.769641
10634,40.711876,-73.79278,5.8791056
10635,40.717644,-73.79284,5.7537165
10636,40.71162,-73.78572,6.0074234
10637,40.71504,-73.805016,5.7236233
10638,40.71231,-73.78749,5.8051953
10639,40.712666,-73.78706,5.8051953
10640,40.717045,-73.785736,5.6753826
10641,40.714825,-73.79569,5.7537165
10642,40.72048,-73.80846,5.637651
10643,40.71463,-73.78851,5.8213105
10644,40.721806,-73.80777,5.649088
10645,40.713955,-73.80152,5.8954315
10646,40.721947,-73.78696,5.482902
10647,40.71466,-73.795364,5.8791056
10648,40.710197,-73.80162,6.0305557
10649,40.710423,-73.785904,6.0074234
10650,40.719467,-73.79908,5.576932
10651,40.7135,-73.79011,5.8213105
10652,40.721184,-73.789795,5.500654
10653,40.71138,-73.789154,5.982911
10654,40.71482,-73.79692,5.7537165
10655,40.7101,-73.78606,6.0074234
10656,40.715755,-73.79219,5.7537165
10657,40.713036,-73.884224,5.9850287
10658,40.700653,-73.92615,7.70005
10659,40.71778,-73.90347,7.130016
10660,40.717583,-73.882065,5.8410096
10661,40.717472,-73.90551,7.5636077
10662,40.710983,-73.900856,6.5019712
10663,40.705254,-73.887085,6.725846
10664,40.71618,-73.88412,5.822847
10665,40.706825,-73.90917,6.6290197
10666,40.712765,-73.88262,6.043996
10667,40.703777,-73.91483,7.198529
10668,40.72124,-73.888306,6.1192956
10669,40.71652,-73.881546,5.8410096
10670,40.710495,-73.91549,7.418755
10671,40.70765,-73.90111,6.6104817
10672,40.703793,-73.91299,6.797724
10673,40.716614,-73.88323,5.822847
10674,40.709103,-73.91884,7.9391594
10675,40.71997,-73.90194,7.080631
10676,40.700325,-73.90444,6.8589754
10677,40.7165,-73.91303,8.115905
10678,40.714783,-73.89815,6.2839446
10679,40.70516,-73.88799,6.725846
10680,40.705475,-73.88623,6.745557
10681,40.713863,-73.8968,6.3813457
10682,40.714474,-73.885056,5.9850287
10683,40.699963,-73.9006,6.839392
10684,40.715843,-73.88582,5.822847
10685,40.717255,-73.90104,6.572832
10686,40.70785,-73.89762,6.694155
10687,40.700127,-73.88477,6.3599505
10688,40.705704,-73.89655,6.694155
10689,40.713593,-73.89569,6.3813457
10690,40.707787,-73.897575,6.694155
10691,40.715843,-73.88582,5.822847
10692,40.700417,-73.91567,7.1166487
10693,40.713547,-73.89586,6.3813457
10694,40.687897,-73.8665,6.6919613
10695,40.678875,-73.847244,5.85959
10696,40.695885,-73.86022,5.8356338
10697,40.67497,-73.87939,6.242197
10698,40.673203,-73.84232,5.649384
10699,40.682865,-73.87123,6.9150777
10700,40.69462,-73.83916,6.08397
10701,40.69241,-73.86506,6.1490526
10702,40.69449,-73.86178,5.866405
10703,40.68423,-73.86676,6.8698525
10704,40.688473,-73.83793,6.155822
10705,40.6901,-73.861244,6.04612
10706,40.681213,-73.84345,6.142238
10707,40.697136,-73.8346,6.133599
10708,40.689423,-73.83689,6.155822
10709,40.686455,-73.83674,6.155822
10710,40.679546,-73.84471,5.899275
10711,40.683823,-73.86557,6.8698525
10712,40.68171,-73.852264,5.9868727
10713,40.694965,-73.86319,5.866405
10714,40.67367,-73.84054,5.6507306
10715,40.673283,-73.8446,5.649384
10716,40.68672,-73.86043,6.11781
10717,40.68247,-73.84971,5.9868727
10718,40.682922,-73.85601,5.9659753
10719,40.69241,-73.86506,6.1490526
10720,40.695374,-73.85988,5.854855
10721,40.69413,-73.84075,6.08397
10722,40.67272,-73.850494,5.617071
10723,40.692486,-73.859474,5.9485335
10724,40.692677,-73.85618,5.95572
10725,40.688286,-73.8469,6.1994534
10726,40.672672,-73.87691,6.1024127
10727,40.689182,-73.85691,6.0178337
10728,40.675404,-73.842865,5.7264395
10729,40.6798,-73.8467,5.85959
10730,40.6919,-73.84081,6.167538
10731,40.688576,-73.851006,6.1318445
10732,40.686417,-73.84987,6.1318445
10733,40.679314,-73.83364,5.8060384
10734,40.675976,-73.863754,5.747462
10735,40.683468,-73.83666,6.1264105
10736,40.68446,-73.87228,6.877558
10737,40.692623,-73.8434,6.170592
10738,40.672226,-73.87908,6.1024127
10739,40.690502,-73.85853,5.9485335
10740,40.689674,-73.85498,5.95572
10741,40.679024,-73.832954,5.8060384
10742,40.673428,-73.84238,5.649384
10743,40.68053,-73.87247,6.9150777
10744,40.683662,-73.87858,6.3769407
10745,40.695156,-73.860634,5.854855
10746,40.687496,-73.84774,6.1994534
10747,40.687916,-73.85169,6.1318445
10748,40.678795,-73.86431,6.052585
10749,40.690502,-73.85853,5.9485335
10750,40.695316,-73.855255,5.9180813
10751,40.688118,-73.85359,6.1318445
10752,40.67328,-73.85173,5.617071
10753,40.67695,-73.842674,5.899275
10754,40.689003,-73.85779,6.11781
10755,40.68408,-73.86674,6.8698525
10756,40.6899,-73.85359,6.059517
10757,40.6846,-73.8375,6.1264105
10758,40.681168,-73.859055,6.1012716
10759,40.681866,-73.86571,6.8193645
10760,40.688267,-73.85212,6.1318445
10761,40.687557,-73.92138,6.423956
10762,40.683643,-73.91881,6.3521657
10763,40.67605,-73.89188,6.3215966
10764,40.692314,-73.92557,6.5346613
10765,40.69599,-73.92463,7.0622435
10766,40.686615,-73.908134,6.463217
10767,40.678127,-73.91976,6.351707
10768,40.687645,-73.92312,6.423956
10769,40.690746,-73.913445,6.587221
10770,40.674717,-73.89149,6.3215966
10771,40.673443,-73.887085,6.213007
10772,40.68181,-73.9152,6.30049
10773,40.67578,-73.89349,6.5311427
10774,40.67459,-73.917946,6.2274294
10775,40.69528,-73.89195,5.9247794
10776,40.695972,-73.88982,6.1727505
10777,40.690075,-73.917625,6.4765577
10778,40.675766,-73.893585,6.5311427
10779,40.681187,-73.89219,5.9022155
10780,40.676617,-73.88306,6.250824
10781,40.683163,-73.88391,6.235495
10782,40.679176,-73.909584,6.4177012
10783,40.682182,-73.91791,6.3501267
10784,40.679886,-73.910866,6.4177012
10785,40.688606,-73.914375,6.4140787
10786,40.69648,-73.88756,5.914229
10787,40.686577,-73.9152,6.4036074
10788,40.69654,-73.89456,6.4249706
10789,40.68755,-73.91613,6.4036074
10790,40.68031,-73.90898,6.34293
10791,40.72132,-73.79822,5.553688
10792,40.715347,-73.791046,5.711773
10793,40.720592,-73.80147,5.5827656
10794,40.71138,-73.789154,5.982911
10795,40.717716,-73.80153,5.769641
10796,40.720592,-73.80147,5.5827656
10797,40.71055,-73.79784,5.999488
10798,40.713573,-73.79019,5.8213105
10799,40.710094,-73.78901,5.982911
10800,40.710403,-73.79886,5.999488
10801,40.712444,-73.80085,5.8954315
10802,40.71277,-73.808174,5.844212
10803,40.712666,-73.78706,5.8051953
10804,40.71231,-73.78749,5.8051953
10805,40.71267,-73.78706,5.8051953
10806,40.712666,-73.78706,5.8051953
10807,40.712334,-73.78735,5.8051953
10808,40.712666,-73.78706,5.8051953
10809,40.713303,-73.7889,5.8213105
10810,40.710403,-73.79886,5.999488
10811,40.72077,-73.78994,5.5343695
10812,40.713303,-73.7889,5.8213105
10813,40.71935,-73.802345,5.5827656
10814,40.713303,-73.7889,5.8213105
10815,40.711014,-73.78783,6.0074234
10816,40.71478,-73.792435,5.7537165
10817,40.71463,-73.78851,5.8213105
10818,40.714634,-73.79647,5.8791056
10819,40.710423,-73.785904,6.0074234
10820,40.722042,-73.80148,5.570455
10821,40.713303,-73.80631,5.8747272
10822,40.71384,-73.78857,5.8213105
10823,40.711437,-73.78604,6.0074234
10824,40.719776,-73.80209,5.5827656
10825,40.711437,-73.78604,6.0074234
10826,40.67704,-73.85182,5.817374
10827,40.677647,-73.8772,6.4222445
10828,40.677395,-73.87339,6.4081182
10829,40.692837,-73.8508,5.979849
10830,40.69465,-73.84516,6.0403266
10831,40.682587,-73.84707,6.081075
10832,40.68924,-73.84736,6.1994534
10833,40.67335,-73.84451,5.649384
10834,40.690266,-73.854454,6.059517
10835,40.68739,-73.85336,6.1318445
10836,40.673832,-73.8493,5.6766734
10837,40.685585,-73.833374,5.976682
10838,40.69583,-73.8631,5.866405
10839,40.695103,-73.8589,5.854855
10840,40.69249,-73.859474,5.9485335
10841,40.683037,-73.86976,6.958806
10842,40.67611,-73.872635,6.0682683
10843,40.67714,-73.845406,5.85959
10844,40.683674,-73.83538,5.976682
10845,40.694023,-73.864044,5.8798323
10846,40.69376,-73.83984,6.08397
10847,40.69304,-73.86195,5.866405
10848,40.6857,-73.86141,6.685444
10849,40.69128,-73.84803,6.147535
10850,40.692024,-73.85527,5.95572
10851,40.685097,-73.85514,6.063574
10852,40.695972,-73.83785,6.0485415
10853,40.682217,-73.83336,5.9520326
10854,40.690456,-73.851944,6.059517
10855,40.69265,-73.83718,6.128208
10856,40.696247,-73.85546,5.8841305
10857,40.68008,-73.86252,6.6042066
10858,40.674862,-73.846405,5.704345
10859,40.672714,-73.83922,5.6507306
10860,40.689644,-73.85942,5.9485335
10861,40.6836,-73.87156,6.877558
10862,40.68327,-73.87271,6.877558
10863,40.67966,-73.846634,5.85959
10864,40.674923,-73.83925,5.7711706
10865,40.69448,-73.85949,5.854855
10866,40.6957,-73.837715,6.0658097
10867,40.673187,-73.87819,6.1024127
10868,40.691624,-73.85257,6.059517
10869,40.68676,-73.84607,6.1994534
10870,40.696423,-73.85063,5.9305644
10871,40.689194,-73.865074,6.6919613
10872,40.691425,-73.84285,6.170592
10873,40.692383,-73.85621,5.95572
10874,40.679943,-73.84282,5.899275
10875,40.69321,-73.865326,5.8798323
10876,40.683056,-73.8532,5.9868727
10877,40.684296,-73.84399,6.1959543
10878,40.677868,-73.84967,5.817374
10879,40.68354,-73.87339,6.877558
10880,40.68358,-73.85824,6.2120914
10881,40.693516,-73.84714,6.0403266
10882,40.677505,-73.84659,5.85959
10883,40.696106,-73.85301,5.9305644
10884,40.673214,-73.840416,5.6507306
10885,40.67375,-73.85714,5.6627398
10886,40.67473,-73.87215,6.0682683
10887,40.694378,-73.84972,5.979849
10888,40.678032,-73.84956,5.817374
10889,40.692062,-73.86494,6.1490526
10890,40.67505,-73.8495,5.6766734
10891,40.696472,-73.84847,5.9305644
10892,40.679707,-73.83284,5.8060384
10893,40.691322,-73.83551,6.0637965
10894,40.69404,-73.841064,6.08397
10895,40.68008,-73.86252,6.6042066
10896,40.694485,-73.86663,5.8798323
10897,40.692696,-73.84055,6.08397
10898,40.683308,-73.83609,6.1264105
10899,40.69058,-73.84059,6.167538
10900,40.696957,-73.845764,5.9421744
10901,40.678585,-73.84668,5.85959
10902,40.68549,-73.85436,6.093972
10903,40.69213,-73.86496,6.1490526
10904,40.69309,-73.86052,5.854855
10905,40.689026,-73.85123,6.1318445
10906,40.683388,-73.862144,6.685444
10907,40.67552,-73.84789,5.704345
10908,40.678413,-73.85186,5.817374
10909,40.69524,-73.85974,5.854855
10910,40.68282,-73.83435,5.9520326
10911,40.68183,-73.866295,6.8193645
10912,40.67372,-73.83976,5.6507306
10913,40.67918,-73.87211,6.4081182
10914,40.679543,-73.87248,6.4081182
10915,40.682358,-73.838135,6.036884
10916,40.688934,-73.85103,6.1318445
10917,40.693256,-73.85322,5.979849
10918,40.689426,-73.83559,6.155822
10919,40.67419,-73.852776,5.6766734
10920,40.673504,-73.84049,5.6507306
10921,40.67473,-73.87215,6.0682683
10922,40.674923,-73.873505,6.1940904
10923,40.686424,-73.856766,6.0178337
10924,40.68875,-73.84812,6.1994534
10925,40.692657,-73.83372,6.0637965
10926,40.676632,-73.85886,5.6806417
10927,40.672646,-73.84999,5.617071
10928,40.6784,-73.83465,5.8060384
10929,40.690193,-73.85519,5.95572
10930,40.692795,-73.83408,6.0625196
10931,40.679752,-73.862495,5.8929095
10932,40.689667,-73.848564,6.059517
10933,40.684536,-73.8717,6.877558
10934,40.689255,-73.863235,6.545583
10935,40.68958,-73.84753,6.147535
10936,40.68996,-73.852684,6.059517
10937,40.68659,-73.834595,6.0315495
10938,40.684452,-73.86599,6.8698525
10939,40.68877,-73.857704,6.11781
10940,40.69617,-73.84834,5.9305644
10941,40.68012,-73.86867,6.958806
10942,40.693005,-73.84988,5.979849
10943,40.679577,-73.838356,5.8959317
10944,40.693558,-73.856705,5.9180813
10945,40.69127,-73.85408,6.059517
10946,40.68485,-73.86409,6.8698525
10947,40.683273,-73.86093,6.685444
10948,40.695515,-73.83762,6.0658097
10949,40.693386,-73.85005,5.979849
10950,40.686886,-73.85917,6.11781
10951,40.67343,-73.84172,5.6507306
10952,40.6766,-73.850975,5.6766734
10953,40.683167,-73.83387,5.9520326
10954,40.676495,-73.83262,5.6805243
10955,40.675915,-73.87618,6.1940904
10956,40.688404,-73.84696,6.1994534
10957,40.694214,-73.83264,6.0625196
10958,40.687943,-73.866516,6.6919613
10959,40.68393,-73.86026,6.2120914
10960,40.678764,-73.85221,5.817374
10961,40.68282,-73.863365,6.6042066
10962,40.679752,-73.862495,5.8929095
10963,40.68917,-73.85811,6.11781
10964,40.697033,-73.845436,5.9421744
10965,40.686558,-73.85683,6.0178337
10966,40.693573,-73.86295,5.866405
10967,40.688282,-73.8469,6.1994534
10968,40.68901,-73.85122,6.1318445
10969,40.673927,-73.85317,5.6766734
10970,40.676285,-73.835625,5.736691
10971,40.690903,-73.78652,5.6522923
10972,40.686337,-73.786644,5.647384
10973,40.687878,-73.79471,5.693057
10974,40.695168,-73.788445,5.6556234
10975,40.69193,-73.80364,5.8814244
10976,40.68798,-73.80286,5.6118655
10977,40.693176,-73.78842,5.6556234
10978,40.68693,-73.80469,5.6541247
10979,40.68561,-73.80425,5.522939
10980,40.696526,-73.787605,5.531232
10981,40.687023,-73.808586,5.709885
10982,40.684765,-73.8054,5.522939
10983,40.68498,-73.79773,5.6078596
10984,40.69144,-73.79045,5.6936045
10985,40.69218,-73.803276,5.8814244
10986,40.696262,-73.805855,6.46016
10987,40.685577,-73.79406,5.6594014
10988,40.687195,-73.804054,5.6541247
10989,40.685078,-73.793365,5.6594014
10990,40.68655,-73.79535,5.693057
10991,40.684658,-73.798195,5.6078596
10992,40.693394,-73.80568,6.2106953
10993,40.689026,-73.808304,5.709885
10994,40.687263,-73.789024,5.701826
10995,40.69159,-73.79259,5.7332387
10996,40.685696,-73.802124,5.5110097
10997,40.686214,-73.792625,5.6594014
10998,40.69048,-73.80766,5.923215
10999,40.68677,-73.80491,5.6541247
11000,40.688675,-73.795006,5.693057
11001,40.68683,-73.79068,5.701826
11002,40.69227,-73.80098,5.8814244
11003,40.690887,-73.79042,5.6936045
11004,40.69628,-73.7874,5.531232
11005,40.69447,-73.7966,5.7395205
11006,40.68683,-73.79068,5.701826
11007,40.68004,-73.81597,5.5659747
11008,40.675785,-73.81824,5.551412
11009,40.68154,-73.82001,5.743974
11010,40.67429,-73.81776,5.551412
11011,40.680595,-73.82429,5.743974
11012,40.68092,-73.831436,5.8497114
11013,40.67621,-73.81322,5.5801935
11014,40.675133,-73.82505,5.5709944
11015,40.676167,-73.81049,5.5801935
11016,40.684444,-73.830986,5.887149
11017,40.67748,-73.823685,5.6251264
11018,40.67728,-73.818695,5.5761247
11019,40.676308,-73.815056,5.570372
11020,40.67714,-73.81121,5.5441976
11021,40.679405,-73.81278,5.5441976
11022,40.67903,-73.81952,5.5761247
11023,40.680695,-73.83201,5.8497114
11024,40.68199,-73.82773,5.7855706
11025,40.68097,-73.830444,5.8497114
11026,40.68215,-73.81552,5.637187
11027,40.684216,-73.81618,5.6878085
11028,40.680275,-73.81512,5.637187
11029,40.683563,-73.81061,5.6233416
11030,40.680634,-73.81388,5.637187
11031,40.67288,-73.81819,5.548137
11032,40.68153,-73.82205,5.743974
11033,40.67927,-73.818665,5.5761247
11034,40.67884,-73.820206,5.6251264
11035,40.67762,-73.82447,5.6251264
11036,40.68353,-73.83171,5.887149
11037,40.683125,-73.82362,5.743974
11038,40.683575,-73.82183,5.787462
11039,40.676853,-73.81154,5.5801935
11040,40.674297,-73.81776,5.551412
11041,40.67526,-73.81941,5.551412
11042,40.681515,-73.82955,5.8497114
11043,40.68207,-73.81309,5.580548
11044,40.67505,-73.82455,5.5709944
11045,40.687454,-73.7978,5.669076
11046,40.6869,-73.80372,5.6118655
11047,40.688633,-73.80219,5.6118655
11048,40.68943,-73.79235,5.693057
11049,40.687016,-73.78573,5.6804056
11050,40.686275,-73.79482,5.6594014
11051,40.685905,-73.78973,5.67952
11052,40.69446,-73.79134,5.6556234
11053,40.691933,-73.78655,5.6522923
11054,40.686108,-73.79111,5.67952
11055,40.69449,-73.80035,5.9745746
11056,40.68736,-73.804245,5.6541247
11057,40.69613,-73.78955,5.5937734
11058,40.685085,-73.79539,5.6594014
11059,40.694508,-73.78686,5.530959
11060,40.692635,-73.8036,5.8814244
11061,40.688774,-73.78779,5.6804056
11062,40.696564,-73.79065,5.5937734
11063,40.69067,-73.78759,5.6522923
11064,40.685818,-73.791794,5.6594014
11065,40.68797,-73.80259,5.6118655
11066,40.695545,-73.809006,6.2429934
11067,40.693928,-73.80194,6.1221404
11068,40.685085,-73.801476,5.5110097
11069,40.694996,-73.78926,5.6556234
11070,40.690945,-73.78647,5.6522923
11071,40.684826,-73.79827,5.6078596
11072,40.688587,-73.79174,5.693057
11073,40.689632,-73.79057,5.6936045
11074,40.68618,-73.79189,5.6594014
11075,40.686558,-73.792015,5.693057
11076,40.686905,-73.80138,5.6118655
11077,40.688957,-73.80383,5.6118655
11078,40.686993,-73.791565,5.693057
11079,40.690254,-73.79087,5.6936045
11080,40.694027,-73.788635,5.6556234
11081,40.691967,-73.79125,5.6936045
11082,40.694397,-73.7883,5.6556234
11083,40.687912,-73.80407,5.6541247
11084,40.690388,-73.79055,5.6936045
11085,40.69543,-73.78965,5.6556234
11086,40.691967,-73.79125,5.6936045
11087,40.68493,-73.79471,5.6594014
11088,40.688553,-73.79653,5.693057
11089,40.687695,-73.79306,5.693057
11090,40.688866,-73.80338,5.6118655
11091,40.688488,-73.79668,5.693057
11092,40.69083,-73.79519,5.7332387
11093,40.686146,-73.79993,5.6078596
11094,40.690567,-73.79215,5.7332387
11095,40.692406,-73.80374,5.8814244
11096,40.694714,-73.7914,5.7395205
11097,40.685356,-73.80261,5.5110097
11098,40.685875,-73.79632,5.6594014
11099,40.68707,-73.80391,5.6118655
11100,40.68653,-73.79121,5.701826
11101,40.691822,-73.80851,5.923215
11102,40.69224,-73.79032,5.6936045
11103,40.6904,-73.85191,6.059517
11104,40.68137,-73.85385,5.9868727
11105,40.67882,-73.86388,5.8929095
11106,40.691235,-73.84801,6.147535
11107,40.686054,-73.85839,6.2120914
11108,40.677444,-73.86411,6.052585
11109,40.690952,-73.844124,6.170592
11110,40.67561,-73.84212,5.7264395
11111,40.68476,-73.83931,6.178072
11112,40.692177,-73.85611,5.95572
11113,40.687534,-73.85442,6.1318445
11114,40.6764,-73.85162,5.6766734
11115,40.67588,-73.84162,5.7711706
11116,40.692806,-73.83409,6.0625196
11117,40.6759,-73.84396,5.7264395
11118,40.690136,-73.85261,6.059517
11119,40.679363,-73.84749,5.85959
11120,40.6765,-73.832634,5.6805243
11121,40.673435,-73.87245,5.9881816
11122,40.68296,-73.83442,5.9520326
11123,40.694798,-73.83263,6.0625196
11124,40.692406,-73.834236,6.0637965
11125,40.695553,-73.83545,6.0625196
11126,40.68621,-73.87726,6.3769407
11127,40.691643,-73.85781,5.9485335
11128,40.67802,-73.8592,5.75837
11129,40.674423,-73.8543,5.6766734
11130,40.686203,-73.8741,6.5517216
11131,40.680344,-73.85179,5.9868727
11132,40.679752,-73.862495,5.8929095
11133,40.67252,-73.875336,6.031824
11134,40.682518,-73.86358,6.6042066
11135,40.681046,-73.85999,6.1012716
11136,40.672127,-73.858986,5.649067
11137,40.685444,-73.85241,6.093972
11138,40.67457,-73.853386,5.6766734
11139,40.681107,-73.84368,6.142238
11140,40.67835,-73.85241,5.817374
11141,40.6734,-73.83832,5.6240773
11142,40.676052,-73.87262,6.0682683
11143,40.69592,-73.86056,5.8356338
11144,40.69231,-73.84142,6.167538
11145,40.6843,-73.83787,6.1264105
11146,40.687042,-73.86272,6.545583
11147,40.693886,-73.864,5.8798323
11148,40.684055,-73.85349,6.093972
11149,40.688866,-73.86565,6.6919613
11150,40.68695,-73.85769,6.11781
11151,40.69648,-73.84956,5.9305644
11152,40.677998,-73.87766,6.4222445
11153,40.69367,-73.86636,5.8798323
11154,40.694935,-73.83586,6.0658097
11155,40.683586,-73.86324,6.685444
11156,40.692635,-73.856865,5.95572
11157,40.685555,-73.861534,6.685444
11158,40.677254,-73.84646,5.85959
11159,40.677174,-73.86441,6.052585
11160,40.679752,-73.862495,5.8929095
11161,40.673855,-73.8424,5.7264395
11162,40.69267,-73.8372,6.128208
11163,40.686787,-73.842865,6.212855
11164,40.68505,-73.84326,6.1959543
11165,40.67397,-73.85403,5.6766734
11166,40.684765,-73.871666,6.877558
11167,40.68713,-73.854225,6.1318445
11168,40.69284,-73.845215,6.0403266
11169,40.67858,-73.83296,5.8060384
11170,40.693676,-73.839806,6.08397
11171,40.679188,-73.85129,5.817374
11172,40.692833,-73.84524,6.0403266
11173,40.67359,-73.84242,5.649384
11174,40.68617,-73.83496,5.976682
11175,40.67929,-73.83363,5.8060384
11176,40.694847,-73.85199,5.979849
11177,40.684475,-73.81527,5.6878085
11178,40.674557,-73.81188,5.5801935
11179,40.681816,-73.80972,5.5219035
11180,40.676422,-73.8209,5.5709944
11181,40.681698,-73.82293,5.743974
11182,40.680042,-73.81595,5.5659747
11183,40.680763,-73.816444,5.637187
11184,40.68084,-73.8314,5.8497114
11185,40.678925,-73.823456,5.6251264
11186,40.67661,-73.81641,5.570372
11187,40.67273,-73.8202,5.5378203
11188,40.674187,-73.8191,5.551412
11189,40.67283,-73.81228,5.690637
11190,40.681858,-73.81498,5.637187
11191,40.677807,-73.823814,5.6251264
11192,40.680405,-73.81927,5.687656
11193,40.677193,-73.8157,5.5659747
11194,40.683334,-73.812294,5.6233416
11195,40.67645,-73.81634,5.570372
11196,40.679092,-73.82629,5.668777
11197,40.676895,-73.80947,5.5723934
11198,40.679207,-73.822655,5.6251264
11199,40.681606,-73.8296,5.8497114
11200,40.681847,-73.809616,5.5219035
11201,40.676895,-73.80947,5.5723934
11202,40.682022,-73.81905,5.687656
11203,40.675045,-73.82263,5.5709944
11204,40.682354,-73.81214,5.580548
11205,40.679577,-73.82657,5.668777
11206,40.681713,-73.81793,5.687656
11207,40.68022,-73.82314,5.743974
11208,40.68236,-73.78814,5.590746
11209,40.68236,-73.8078,5.5219035
11210,40.67695,-73.80092,5.614034
11211,40.677906,-73.799835,5.6389346
11212,40.68019,-73.80699,5.485381
11213,40.684433,-73.80516,5.522939
11214,40.67298,-73.79416,5.7539873
11215,40.683582,-73.79152,5.6594014
11216,40.680702,-73.79015,5.629331
11217,40.676445,-73.807594,5.5723934
11218,40.68384,-73.79879,5.6078596
11219,40.68384,-73.79879,5.6078596
11220,40.684143,-73.805016,5.522939
11221,40.68021,-73.788666,5.629331
11222,40.679375,-73.79398,5.6454597
11223,40.67948,-73.793655,5.6454597
11224,40.672207,-73.80856,5.694512
11225,40.672283,-73.8044,5.703128
11226,40.674713,-73.805374,5.604194
11227,40.675312,-73.79504,5.707746
11228,40.67725,-73.79556,5.6454597
11229,40.6803,-73.789055,5.629331
11230,40.67695,-73.80092,5.614034
11231,40.67641,-73.792175,5.707746
11232,40.673393,-73.80056,5.661722
11233,40.683212,-73.798485,5.5375557
11234,40.680447,-73.79515,5.622095
11235,40.678806,-73.806244,5.5366445
11236,40.67371,-73.804504,5.703128
11237,40.683617,-73.80429,5.522939
11238,40.683987,-73.79887,5.6078596
11239,40.675304,-73.79411,5.707746
11240,40.682453,-73.790474,5.629331
11241,40.68319,-73.78797,5.590746
11242,40.683147,-73.79345,5.622095
11243,40.681355,-73.790504,5.629331
11244,40.68043,-73.787766,5.590746
11245,40.679897,-73.805855,5.5366445
11246,40.682087,-73.79894,5.5375557
11247,40.678616,-73.79323,5.6454597
11248,40.677746,-73.80015,5.6389346
11249,40.68086,-73.79048,5.629331
11250,40.67511,-73.80348,5.638412
11251,40.683388,-73.78977,5.67952
11252,40.682045,-73.8089,5.5219035
11253,40.6781,-73.79895,5.6389346
11254,40.67487,-73.79399,5.707746
11255,40.684353,-73.79427,5.6594014
11256,40.67607,-73.79637,5.707746
11257,40.681953,-73.80395,5.5128384
11258,40.673447,-73.82579,5.5378203
11259,40.680637,-73.81269,5.580548
11260,40.678383,-73.8102,5.5289474
11261,40.682346,-73.81437,5.637187
11262,40.679947,-73.81721,5.5761247
11263,40.67766,-73.817924,5.5761247
11264,40.67996,-73.82006,5.6251264
11265,40.677834,-73.81201,5.5441976
11266,40.676918,-73.81557,5.5659747
11267,40.680195,-73.81074,5.580548
11268,40.674507,-73.81797,5.551412
11269,40.672886,-73.82211,5.5378203
11270,40.68355,-73.83172,5.887149
11271,40.683132,-73.83181,5.8497114
11272,40.676407,-73.81131,5.5801935
11273,40.677807,-73.81901,5.5761247
11274,40.676846,-73.81853,5.551412
11275,40.68276,-73.82041,5.743974
11276,40.678684,-73.81542,5.5659747
11277,40.671993,-73.816536,5.6115584
11278,40.68213,-73.81312,5.580548
11279,40.67641,-73.82361,5.5709944
11280,40.68109,-73.83153,5.8497114
11281,40.68404,-73.83079,5.887149
11282,40.683655,-73.82086,5.787462
11283,40.67985,-73.809616,5.5289474
11284,40.67739,-73.82364,5.6251264
11285,40.680996,-73.83011,5.8497114
11286,40.67706,-73.817635,5.5761247
11287,40.674618,-73.810905,5.5801935
11288,40.68153,-73.82205,5.743974
11289,40.684124,-73.832,5.887149
11290,40.68253,-73.826164,5.7855706
11291,40.68209,-73.80874,5.5219035
11292,40.67681,-73.80631,5.604194
11293,40.674107,-73.79112,5.9229302
11294,40.67983,-73.79432,5.6454597
11295,40.677826,-73.80585,5.5366445
11296,40.67569,-73.80749,5.5723934
11297,40.683235,-73.79549,5.6594014
11298,40.679337,-73.7902,5.676086
11299,40.679676,-73.80199,5.614034
11300,40.6837,-73.79697,5.6594014
11301,40.68327,-73.79666,5.6594014
11302,40.672207,-73.80854,5.694512
11303,40.677166,-73.80782,5.5289474
11304,40.678284,-73.78803,5.753727
11305,40.67966,-73.78822,5.676086
11306,40.681854,-73.78933,5.629331
11307,40.680847,-73.78981,5.629331
11308,40.677166,-73.80782,5.5289474
11309,40.679737,-73.79779,5.6389346
11310,40.680206,-73.79642,5.622095
11311,40.68362,-73.790665,5.67952
11312,40.682568,-73.799095,5.5375557
11313,40.68039,-73.79089,5.629331
11314,40.679462,-73.804886,5.5366445
11315,40.680534,-73.79925,5.5375557
11316,40.676865,-73.80434,5.604194
11317,40.675613,-73.79517,5.707746
11318,40.674816,-73.79244,5.707746
11319,40.675667,-73.794205,5.707746
11320,40.67695,-73.799644,5.6389346
11321,40.674675,-73.79138,5.707746
11322,40.68397,-73.79685,5.6594014
11323,40.674305,-73.7985,5.660447
11324,40.681217,-73.78963,5.629331
11325,40.675957,-73.78768,6.0839815
11326,40.678955,-73.80185,5.614034
11327,40.67778,-73.789444,5.676086
11328,40.68141,-73.798996,5.5375557
11329,40.67826,-73.79344,5.6454597
11330,40.677372,-73.79826,5.6389346
11331,40.674282,-73.79823,5.660447
11332,40.680573,-73.79912,5.5375557
11333,40.675545,-73.79765,5.707746
11334,40.675705,-73.79583,5.707746
11335,40.679626,-73.794106,5.6454597
11336,40.67526,-73.80063,5.660447
11337,40.67579,-73.79583,5.707746
11338,40.6835,-73.79501,5.6594014
11339,40.68096,-73.79023,5.629331
11340,40.676514,-73.8052,5.604194
11341,40.677677,-73.808784,5.5289474
11342,40.67236,-73.80253,5.6780767
11343,40.673912,-73.793396,5.707746
11344,40.682045,-73.79329,5.622095
11345,40.679443,-73.802284,5.614034
11346,40.67909,-73.80097,5.614034
11347,40.67895,-73.79244,5.6454597
11348,40.675125,-73.80349,5.638412
11349,40.67954,-73.78897,5.676086
11350,40.680477,-73.793526,5.622095
11351,40.68427,-73.796,5.6594014
11352,40.676636,-73.800865,5.638412
11353,40.676,-73.793976,5.707746
11354,40.679974,-73.78991,5.676086
11355,40.683292,-73.79352,5.6594014
11356,40.681442,-73.7884,5.629331
11357,40.67812,-73.7993,5.6389346
11358,40.674545,-73.79369,5.707746
11359,40.683563,-73.805115,5.522939
11360,40.680115,-73.79267,5.622095
11361,40.681538,-73.793655,5.622095
11362,40.682587,-73.80326,5.5128384
11363,40.678604,-73.793594,5.6454597
11364,40.681522,-73.794655,5.622095
11365,40.67431,-73.80742,5.5723934
11366,40.684116,-73.79832,5.6078596
11367,40.678326,-73.79748,5.6454597
11368,40.68288,-73.7957,5.622095
11369,40.674335,-73.7926,5.707746
11370,40.67639,-73.79555,5.707746
11371,40.679745,-73.801994,5.614034
11372,40.673157,-73.79542,5.7539873
11373,40.675102,-73.79158,5.707746
11374,40.682766,-73.787186,5.590746
11375,40.68134,-73.800026,5.5375557
11376,40.67848,-73.78923,5.676086
11377,40.679638,-73.80232,5.614034
11378,40.679077,-73.8004,5.6389346
11379,40.67629,-73.8071,5.604194
11380,40.674202,-73.803604,5.638412
11381,40.67681,-73.7904,5.9229302
11382,40.680164,-73.791435,5.622095
11383,40.67934,-73.807594,5.5289474
11384,40.676453,-73.80517,5.604194
11385,40.68065,-73.787834,5.590746
11386,40.68099,-73.79138,5.622095
11387,40.682816,-73.79148,5.622095
11388,40.684258,-73.798386,5.6078596
11389,40.676697,-73.79735,5.707746
11390,40.67443,-73.79524,5.707746
11391,40.68449,-73.7968,5.6594014
11392,40.673077,-73.8027,5.6780767
11393,40.677692,-73.80014,5.6389346
11394,40.68201,-73.800354,5.5375557
11395,40.682346,-73.79544,5.622095
11396,40.682743,-73.79524,5.622095
11397,40.682102,-73.79733,5.622095
11398,40.67841,-73.79313,5.6454597
11399,40.67783,-73.80585,5.5366445
11400,40.684177,-73.79034,5.67952
11401,40.676258,-73.808266,5.5723934
11402,40.68214,-73.798965,5.5375557
11403,40.67545,-73.79182,5.707746
11404,40.678204,-73.79403,5.6454597
11405,40.683495,-73.79801,5.6078596
11406,40.68425,-73.789185,5.67952
11407,40.67235,-73.80838,5.694512
11408,40.676964,-73.79746,5.6454597
11409,40.68449,-73.791214,5.67952
11410,40.682423,-73.79448,5.622095
11411,40.676918,-73.78782,5.753727
11412,40.67829,-73.79065,5.676086
11413,40.67892,-73.802185,5.614034
11414,40.674168,-73.79115,5.9229302
11415,40.677486,-73.79406,5.6454597
11416,40.684464,-73.79128,5.67952
11417,40.675503,-73.79161,5.707746
11418,40.680916,-73.808365,5.5219035
11419,40.68289,-73.796326,5.622095
11420,40.67892,-73.802185,5.614034
11421,40.683624,-73.79869,5.6078596
11422,40.682808,-73.79073,5.629331
11423,40.675217,-73.787544,6.0839815
11424,40.675346,-73.79615,5.707746
11425,40.682186,-73.7911,5.629331
11426,40.679863,-73.80584,5.5366445
11427,40.682495,-73.794205,5.622095
11428,40.677055,-73.80184,5.614034
11429,40.679432,-73.801025,5.614034
11430,40.674263,-73.798096,5.660447
11431,40.672733,-73.79543,5.7539873
11432,40.709778,-73.81869,5.7839313
11433,40.708763,-73.82858,5.7502537
11434,40.705,-73.824135,6.14777
11435,40.70961,-73.81653,5.8487616
11436,40.70752,-73.81846,5.959486
11437,40.708374,-73.82841,5.8688374
11438,40.707943,-73.827354,5.8688374
11439,40.698326,-73.83108,6.2204485
11440,40.70752,-73.81846,5.959486
11441,40.702534,-73.83103,6.0472445
11442,40.7097,-73.8306,5.751058
11443,40.70981,-73.82895,5.7502537
11444,40.70577,-73.824776,5.8956347
11445,40.70981,-73.82895,5.7502537
11446,40.708736,-73.81692,5.7839313
11447,40.70397,-73.82632,6.116863
11448,40.708775,-73.82866,5.7502537
11449,40.70936,-73.8285,5.7502537
11450,40.70752,-73.81846,5.959486
11451,40.709606,-73.81653,5.8487616
11452,40.70573,-73.827385,5.8688374
11453,40.70972,-73.82864,5.7502537
11454,40.702637,-73.831856,6.0472445
11455,40.70896,-73.81663,5.7839313
11456,40.701237,-73.8246,6.318808
11457,40.70084,-73.8263,6.283144
11458,40.70221,-73.82938,6.0472445
11459,40.7051,-73.82382,6.14777
11460,40.705,-73.824135,6.14777
11461,40.7051,-73.82382,6.14777
11462,40.698273,-73.832275,6.2204485
11463,40.7051,-73.82382,6.14777
11464,40.702984,-73.83088,6.0472445
11465,40.703026,-73.81882,6.2038555
11466,40.70255,-73.83172,6.0472445
11467,40.704914,-73.829094,6.116863
11468,40.718395,-73.87091,5.838133
11469,40.71842,-73.85653,5.9386773
11470,40.71317,-73.8565,5.861623
11471,40.720867,-73.85912,5.915835
11472,40.7185,-73.86091,5.8867764
11473,40.720997,-73.859314,5.915835
11474,40.72219,-73.866554,5.93466
11475,40.719,-73.87696,5.8265247
11476,40.718765,-73.87245,5.838133
11477,40.719833,-73.86394,5.8867764
11478,40.721405,-73.85614,5.999355
11479,40.715294,-73.85832,5.880204
11480,40.720997,-73.859314,5.915835
11481,40.717083,-73.87833,5.8410096
11482,40.720524,-73.87007,5.842431
11483,40.71517,-73.85825,5.880204
11484,40.715294,-73.85832,5.880204
11485,40.7209,-73.87373,5.8356204
11486,40.721054,-73.85932,5.915835
11487,40.718304,-73.87825,5.8265247
11488,40.722305,-73.856064,5.999355
11489,40.717453,-73.861755,6.047446
11490,40.714382,-73.8564,5.861623
11491,40.720867,-73.85912,5.915835
11492,40.722305,-73.856064,5.999355
11493,40.71823,-73.8793,5.8265247
11494,40.715973,-73.87322,6.158366
11495,40.722256,-73.86854,5.904212
11496,40.7171,-73.87821,5.8410096
11497,40.720295,-73.857124,5.9386773
11498,40.717915,-73.87906,5.8410096
11499,40.719624,-73.862206,5.8867764
11500,40.718708,-73.87081,5.838133
11501,40.71257,-73.87206,6.7039647
11502,40.721405,-73.85614,5.999355
11503,40.713947,-73.87453,6.389066
11504,40.70936,-73.8285,5.7502537
11505,40.70934,-73.828674,5.7502537
11506,40.705254,-73.83245,5.974749
11507,40.70725,-73.82917,5.8688374
11508,40.707294,-73.82991,5.842882
11509,40.709778,-73.81869,5.7839313
11510,40.707558,-73.81624,6.0291057
11511,40.70125,-73.809814,6.659224
11512,40.709778,-73.81869,5.7839313
11513,40.709274,-73.82761,5.7502537
11514,40.709778,-73.81869,5.7839313
11515,40.708942,-73.8159,5.8487616
11516,40.70981,-73.82895,5.7502537
11517,40.708237,-73.82745,5.8688374
11518,40.70758,-73.8301,5.842882
11519,40.70227,-73.824745,6.14777
11520,40.704865,-73.8214,6.14777
11521,40.70606,-73.83148,5.842882
11522,40.708942,-73.8159,5.8487616
11523,40.7051,-73.82382,6.14777
11524,40.706345,-73.81487,6.0291057
11525,40.70302,-73.83123,6.0472445
11526,40.70503,-73.81163,6.3680806
11527,40.708553,-73.827805,5.7502537
11528,40.70853,-73.81653,5.8487616
11529,40.706123,-73.81529,6.0291057
11530,40.708584,-73.82798,5.7502537
11531,40.699192,-73.82298,6.318808
11532,40.70518,-73.83225,6.0472445
11533,40.708843,-73.813065,5.9262986
11534,40.70125,-73.80981,6.659224
11535,40.70934,-73.828674,5.7502537
11536,40.708275,-73.8287,5.8688374
11537,40.704865,-73.8214,6.14777
11538,40.70754,-73.827415,5.8688374
11539,40.718746,-73.877525,5.8265247
11540,40.721405,-73.85614,5.999355
11541,40.71879,-73.87942,5.8265247
11542,40.718037,-73.85969,5.915835
11543,40.710873,-73.860886,6.725946
11544,40.720295,-73.857124,5.9386773
11545,40.712624,-73.85852,6.1384463
11546,40.72194,-73.87121,5.8728237
11547,40.71657,-73.8735,5.9605556
11548,40.715717,-73.85634,5.848868
11549,40.712284,-73.87668,6.043996
11550,40.71075,-73.86153,6.725946
11551,40.72219,-73.866554,5.93466
11552,40.7132,-73.85641,5.861623
11553,40.7222,-73.8666,5.93466
11554,40.714115,-73.878204,6.043996
11555,40.722263,-73.87257,5.8728237
11556,40.718925,-73.87874,5.8265247
11557,40.722057,-73.863464,5.9604063
11558,40.72218,-73.8561,5.999355
11559,40.716488,-73.85723,5.848868
11560,40.714157,-73.8719,6.7039647
11561,40.710682,-73.863266,6.725946
11562,40.718227,-73.8573,5.9386773
11563,40.720295,-73.857124,5.9386773
11564,40.715538,-73.87871,5.8410096
11565,40.70994,-73.8615,6.725946
11566,40.720867,-73.85912,5.915835
11567,40.71867,-73.87527,5.8356204
11568,40.720875,-73.85903,5.915835
11569,40.680477,-73.79945,5.5375557
11570,40.684174,-73.79634,5.6594014
11571,40.674297,-73.79418,5.707746
11572,40.6817,-73.795135,5.622095
11573,40.681057,-73.79122,5.629331
11574,40.67801,-73.799286,5.6389346
11575,40.679966,-73.80133,5.614034
11576,40.676373,-73.799904,5.660447
11577,40.681446,-73.795,5.622095
11578,40.6801,-73.79045,5.629331
11579,40.68001,-73.78898,5.676086
11580,40.67627,-73.80709,5.604194
11581,40.67576,-73.788475,5.9229302
11582,40.678078,-73.80696,5.5366445
11583,40.68452,-73.80421,5.522939
11584,40.6824,-73.80216,5.5128384
11585,40.679897,-73.805855,5.5366445
11586,40.680756,-73.79848,5.5375557
11587,40.681683,-73.795204,5.622095
11588,40.67704,-73.794846,5.6454597
11589,40.682835,-73.79067,5.629331
11590,40.68366,-73.80228,5.5110097
11591,40.682735,-73.79625,5.622095
11592,40.67225,-73.797,5.7539873
11593,40.682117,-73.78939,5.629331
11594,40.68275,-73.79061,5.629331
11595,40.684326,-73.79642,5.6594014
11596,40.675674,-73.795204,5.707746
11597,40.67552,-73.79883,5.660447
11598,40.682804,-73.78934,5.629331
11599,40.68278,-73.796135,5.622095
11600,40.677013,-73.80877,5.5289474
11601,40.677864,-73.80164,5.614034
11602,40.680477,-73.79945,5.5375557
11603,40.67674,-73.804276,5.604194
11604,40.707436,-73.818535,5.959486
11605,40.70752,-73.81846,5.959486
11606,40.704865,-73.8214,6.14777
11607,40.699562,-73.83242,6.0814176
11608,40.699623,-73.8119,6.5412827
11609,40.708275,-73.8287,5.8688374
11610,40.706604,-73.83189,5.842882
11611,40.70725,-73.82917,5.8688374
11612,40.708374,-73.82841,5.8688374
11613,40.707043,-73.827126,5.8688374
11614,40.708775,-73.829056,5.7502537
11615,40.709778,-73.81869,5.7839313
11616,40.709778,-73.81869,5.7839313
11617,40.710514,-73.87204,6.8883386
11618,40.71308,-73.85666,5.861623
11619,40.71339,-73.85686,5.861623
11620,40.7197,-73.85917,5.915835
11621,40.71308,-73.85666,5.861623
11622,40.720997,-73.859314,5.915835
11623,40.721844,-73.87113,5.8728237
11624,40.71977,-73.87389,5.8356204
11625,40.71442,-73.85637,5.861623
11626,40.719524,-73.87038,5.838133
11627,40.719086,-73.87292,5.838133
11628,40.716747,-73.877205,5.8410096
11629,40.71977,-73.87389,5.8356204
11630,40.721584,-73.86081,5.9604063
11631,40.716747,-73.877205,5.8410096
11632,40.71269,-73.85914,6.1384463
11633,40.721977,-73.8669,5.93466
11634,40.714157,-73.8719,6.7039647
11635,40.714565,-73.87873,6.043996
11636,40.721977,-73.8669,5.93466
11637,40.72224,-73.85627,5.999355
11638,40.72224,-73.85627,5.999355
11639,40.714157,-73.8719,6.7039647
11640,40.709934,-73.87801,6.328639
11641,40.71719,-73.87628,5.9605556
11642,40.71384,-73.874344,6.389066
11643,40.719933,-73.869255,5.842431
11644,40.7111,-73.87429,6.620588
11645,40.71517,-73.85825,5.880204
11646,40.71648,-73.877205,5.8410096
11647,40.72218,-73.8561,5.999355
11648,40.721405,-73.85614,5.999355
11649,40.72224,-73.85627,5.999355
11650,40.721405,-73.85614,5.999355
11651,40.72224,-73.85627,5.999355
11652,40.718777,-73.85956,5.915835
11653,40.716488,-73.85723,5.848868
11654,40.71302,-73.85831,6.1384463
11655,40.702938,-73.81278,6.3680806
11656,40.703304,-73.82841,6.116863
11657,40.708008,-73.83168,5.842882
11658,40.7097,-73.8306,5.751058
11659,40.70624,-73.82624,5.8688374
11660,40.70606,-73.83148,5.842882
11661,40.700565,-73.823654,6.318808
11662,40.70725,-73.82917,5.8688374
11663,40.697704,-73.80928,6.530453
11664,40.709778,-73.81869,5.7839313
11665,40.70712,-73.81395,6.0291057
11666,40.705254,-73.83245,5.974749
11667,40.703728,-73.82842,6.116863
11668,40.708374,-73.82841,5.8688374
11669,40.709778,-73.81869,5.7839313
11670,40.705112,-73.82169,6.14777
11671,40.69972,-73.82605,6.318808
11672,40.704994,-73.822716,6.14777
11673,40.70777,-73.831604,5.842882
11674,40.70896,-73.81663,5.7839313
11675,40.70871,-73.827194,5.7502537
11676,40.708237,-73.82745,5.8688374
11677,40.70761,-73.83149,5.842882
11678,40.70725,-73.82917,5.8688374
11679,40.708553,-73.827805,5.7502537
11680,40.708775,-73.829056,5.7502537
11681,40.705112,-73.82169,6.14777
11682,40.70729,-73.82991,5.842882
11683,40.70686,-73.8269,5.8688374
11684,40.70098,-73.810196,6.659224
11685,40.701275,-73.81397,6.461275
11686,40.706078,-73.815254,6.0291057
11687,40.703407,-73.82747,6.116863
11688,40.70125,-73.80981,6.659224
11689,40.70265,-73.83207,6.0472445
11690,40.698143,-73.82246,6.387195
11691,40.722374,-73.84054,5.919018
11692,40.720646,-73.83642,5.891443
11693,40.718018,-73.839935,5.9369397
11694,40.71676,-73.835724,5.9235373
11695,40.719654,-73.83945,5.9369397
11696,40.716698,-73.835594,5.9235373
11697,40.722225,-73.84234,5.9625907
11698,40.717785,-73.839294,5.968472
11699,40.722374,-73.84054,5.919018
11700,40.7205,-73.836,5.891443
11701,40.71652,-73.832726,5.8332286
11702,40.722374,-73.84054,5.919018
11703,40.720043,-73.839905,5.9369397
11704,40.720783,-73.84077,5.9369397
11705,40.721664,-73.84051,5.919018
11706,40.718918,-73.83648,5.891443
11707,40.71692,-73.83291,5.8332286
11708,40.720905,-73.8391,5.9369397
11709,40.721478,-73.8465,5.9751034
11710,40.72016,-73.85342,5.96825
11711,40.72016,-73.85342,5.96825
11712,40.721626,-73.85411,5.9860573
11713,40.719215,-73.84627,5.9882727
11714,40.71922,-73.84568,5.9882727
11715,40.72159,-73.846115,5.9751034
11716,40.719166,-73.84627,5.9882727
11717,40.721783,-73.85539,5.999355
11718,40.719166,-73.84627,5.9882727
11719,40.720104,-73.85476,5.9386773
11720,40.72219,-73.849144,5.9860573
11721,40.719185,-73.84506,5.9882727
11722,40.71762,-73.854454,5.9072742
11723,40.722153,-73.84926,5.9860573
11724,40.721783,-73.85539,5.999355
11725,40.721478,-73.8465,5.9751034
11726,40.7222,-73.8557,5.999355
11727,40.71962,-73.84621,5.9882727
11728,40.72219,-73.849144,5.9860573
11729,40.71882,-73.84505,5.9882727
11730,40.72219,-73.849144,5.9860573
11731,40.720078,-73.85251,5.96825
11732,40.71962,-73.84621,5.9882727
11733,40.719414,-73.84526,5.9882727
11734,40.718704,-73.84548,5.9882727
11735,40.722134,-73.84919,5.9860573
11736,40.665455,-73.847984,5.585432
11737,40.664303,-73.851036,5.572466
11738,40.67118,-73.838806,5.6507306
11739,40.663692,-73.85437,5.548981
11740,40.668083,-73.84966,5.588232
11741,40.66614,-73.84641,5.585432
11742,40.66614,-73.84641,5.585432
11743,40.655006,-73.85248,5.507027
11744,40.668407,-73.84949,5.588232
11745,40.657665,-73.87704,6.1441846
11746,40.654774,-73.84173,5.6707883
11747,40.66842,-73.84466,5.5986767
11748,40.6623,-73.85287,5.548981
11749,40.664303,-73.851036,5.572466
11750,40.663174,-73.84314,5.5880003
11751,40.669724,-73.847626,5.599578
11752,40.666096,-73.847145,5.585432
11753,40.65083,-73.843605,5.6184034
11754,40.65075,-73.84359,5.6184034
11755,40.667515,-73.85023,5.588232
11756,40.667904,-73.848885,5.588232
11757,40.66392,-73.84299,5.5880003
11758,40.659286,-73.84599,5.583008
11759,40.660656,-73.855644,5.4972744
11760,40.66326,-73.83294,5.537037
11761,40.666927,-73.87711,6.3291745
11762,40.666096,-73.847145,5.585432
11763,40.66594,-73.84811,5.585432
11764,40.655224,-73.84689,5.5883427
11765,40.66806,-73.8497,5.588232
11766,40.6664,-73.85036,5.572466
11767,40.661724,-73.85495,5.540731
11768,40.663692,-73.85437,5.548981
11769,40.662003,-73.844315,5.5880003
11770,40.657665,-73.87704,6.1441846
11771,40.65316,-73.83352,5.6322536
11772,40.662495,-73.851524,5.548981
11773,40.66683,-73.84851,5.572466
11774,40.70845,-73.86122,6.703215
11775,40.70609,-73.8743,6.6609025
11776,40.70604,-73.86605,6.8835793
11777,40.705734,-73.863205,6.703215
11778,40.701225,-73.87788,6.1378813
11779,40.70559,-73.86411,6.8835793
11780,40.706066,-73.856575,5.994317
11781,40.706676,-73.864265,6.8835793
11782,40.70895,-73.860245,6.3175416
11783,40.709785,-73.8639,6.725946
11784,40.709503,-73.86398,6.9144955
11785,40.70938,-73.864044,6.9144955
11786,40.70879,-73.87706,6.328639
11787,40.701138,-73.8785,6.1378813
11788,40.702084,-73.87915,6.1378813
11789,40.70537,-73.877945,6.4730506
11790,40.703598,-73.87494,6.4328046
11791,40.7053,-73.86801,6.736679
11792,40.70558,-73.86346,6.703215
11793,40.7056,-73.863335,6.703215
11794,40.70527,-73.87176,6.669563
11795,40.703327,-73.874825,6.4328046
11796,40.706486,-73.859406,6.304934
11797,40.70375,-73.87401,6.4328046
11798,40.704712,-73.87709,6.3883185
11799,40.70668,-73.86417,6.8835793
11800,40.704453,-73.87143,6.669563
11801,40.704746,-73.86211,6.45359
11802,40.704247,-73.87229,6.669563
11803,40.704155,-73.85632,5.9360676
11804,40.705746,-73.878784,6.4730506
11805,40.706066,-73.868805,6.9405017
11806,40.70211,-73.8581,5.950669
11807,40.709347,-73.861046,6.725946
11808,40.61683,-73.919136,5.7638316
11809,40.616837,-73.91906,5.7638316
11810,40.6162,-73.919136,5.7638316
11811,40.621086,-73.91573,5.7330937
11812,40.61793,-73.915726,5.7332425
11813,40.614166,-73.90076,5.5585923
11814,40.611935,-73.90828,5.6263676
11815,40.61549,-73.919426,5.7638316
11816,40.61124,-73.925224,5.730127
11817,40.621002,-73.90836,5.6669445
11818,40.61328,-73.901764,5.5409765
11819,40.618984,-73.91491,5.7332425
11820,40.621307,-73.92461,5.7889514
11821,40.620445,-73.92053,5.7620044
11822,40.61848,-73.92359,5.791784
11823,40.615242,-73.898926,5.5585923
11824,40.610115,-73.92471,5.6733575
11825,40.617664,-73.91836,5.7768784
11826,40.613693,-73.91978,5.7220755
11827,40.60821,-73.903,5.553734
11828,40.617397,-73.92021,5.7768784
11829,40.6118,-73.922585,5.7473
11830,40.617332,-73.92505,5.7753468
11831,40.614925,-73.91735,5.72238
11832,40.6187,-73.914116,5.6992273
11833,40.60597,-73.91156,5.5758
11834,40.60794,-73.92229,5.6771216
11835,40.616756,-73.899666,5.5585923
11836,40.60779,-73.90457,5.553734
11837,40.70551,-73.85647,5.994317
11838,40.708344,-73.8704,6.884605
11839,40.707012,-73.87433,6.6609025
11840,40.704,-73.85954,6.165886
11841,40.70255,-73.873314,6.669563
11842,40.703632,-73.86661,6.6883726
11843,40.70604,-73.86694,6.8835793
11844,40.70813,-73.87717,6.4730506
11845,40.708733,-73.86222,6.725946
11846,40.701584,-73.87688,6.1378813
11847,40.706104,-73.8623,6.703215
11848,40.708897,-73.86191,6.725946
11849,40.706066,-73.856575,5.994317
11850,40.70906,-73.86321,6.725946
11851,40.70697,-73.86262,6.703215
11852,40.705925,-73.87392,6.6609025
11853,40.70664,-73.867004,6.8835793
11854,40.703995,-73.86666,6.6883726
11855,40.703873,-73.8752,6.4328046
11856,40.705425,-73.85635,5.994317
11857,40.709274,-73.87776,6.328639
11858,40.708385,-73.86245,6.703215
11859,40.70595,-73.87493,6.6609025
11860,40.705307,-73.87177,6.669563
11861,40.709385,-73.86487,6.9144955
11862,40.703487,-73.869225,6.736679
11863,40.70396,-73.86182,6.45359
11864,40.705986,-73.86604,6.8835793
11865,40.70125,-73.87882,6.1378813
11866,40.703148,-73.86037,6.165886
11867,40.703484,-73.876205,6.4328046
11868,40.685127,-73.81694,5.7331367
11869,40.686268,-73.81649,5.6878085
11870,40.6966,-73.83024,6.2204485
11871,40.68769,-73.82251,5.862994
11872,40.68997,-73.81196,5.978353
11873,40.690636,-73.818855,6.0699716
11874,40.686356,-73.81289,5.6233416
11875,40.688816,-73.8096,5.709885
11876,40.68607,-73.811295,5.6233416
11877,40.686184,-73.811584,5.6233416
11878,40.692684,-73.83115,6.0212398
11879,40.696915,-73.82786,6.3140845
11880,40.69293,-73.824394,6.290397
11881,40.684883,-73.82918,5.8307433
11882,40.686474,-73.82527,5.862994
11883,40.689545,-73.81636,6.024952
11884,40.687317,-73.82141,5.862994
11885,40.684757,-73.82911,5.8307433
11886,40.687576,-73.817345,5.860719
11887,40.691807,-73.811195,5.978353
11888,40.691383,-73.8183,6.0699716
11889,40.68811,-73.81664,5.860719
11890,40.691673,-73.81993,6.0389824
11891,40.6883,-73.83184,5.916752
11892,40.688663,-73.82634,5.8813
11893,40.68711,-73.829346,5.916752
11894,40.690434,-73.818436,6.0699716
11895,40.694206,-73.8203,6.290397
11896,40.599094,-73.95995,6.029318
11897,40.597973,-73.93182,5.659506
11898,40.6161,-73.95297,5.9304996
11899,40.615536,-73.949265,5.8801026
11900,40.6121,-73.93252,5.741534
11901,40.609592,-73.9283,5.6810846
11902,40.60404,-73.93667,5.6856313
11903,40.610325,-73.938545,5.7301793
11904,40.60116,-73.9504,5.868295
11905,40.6201,-73.9705,6.2206016
11906,40.612797,-73.94648,5.8534636
11907,40.608315,-73.93401,5.7301793
11908,40.62052,-73.932175,5.7970085
11909,40.61161,-73.93508,5.8101115
11910,40.612385,-73.93338,5.741534
11911,40.60332,-73.95773,6.0464067
11912,40.61171,-73.92781,5.7300353
11913,40.61524,-73.95927,6.0833783
11914,40.601738,-73.95278,5.97435
11915,40.601612,-73.94139,5.708576
11916,40.61536,-73.96953,6.3422747
11917,40.596832,-73.93461,5.701255
11918,40.603146,-73.94793,5.77756
11919,40.60007,-73.93479,5.6969986
11920,40.68529,-73.96961,7.4572415
11921,40.69523,-73.95697,7.600967
11922,40.694958,-73.967896,7.3323345
11923,40.685123,-73.97077,7.4572415
11924,40.69302,-73.96761,7.3323345
11925,40.685112,-73.97107,7.4572415
11926,40.684734,-73.95986,7.129085
11927,40.694664,-73.967834,7.3323345
11928,40.694958,-73.967896,7.3323345
11929,40.69257,-73.965195,7.2061987
11930,40.687244,-73.968185,7.1995215
11931,40.69216,-73.96839,7.2399
11932,40.69257,-73.965195,7.2061987
11933,40.69257,-73.965195,7.2061987
11934,40.69302,-73.96761,7.3323345
11935,40.691814,-73.96904,7.2399
11936,40.690434,-73.96596,7.2061987
11937,40.68614,-73.955734,6.926331
11938,40.69216,-73.96839,7.2399
11939,40.691784,-73.96822,7.2399
11940,40.69645,-73.95573,7.662089
11941,40.692127,-73.97014,7.2399
11942,40.69257,-73.965195,7.2061987
11943,40.687103,-73.96737,7.1509013
11944,40.687763,-73.966896,7.1509013
11945,40.685627,-73.95963,7.129085
11946,40.678146,-73.93958,6.732453
11947,40.680305,-73.94387,6.5926914
11948,40.677784,-73.92683,6.6395264
11949,40.677887,-73.92718,6.748926
11950,40.673466,-73.93096,6.6407766
11951,40.67285,-73.93045,6.6407766
11952,40.67557,-73.94966,6.8616705
11953,40.683983,-73.93621,6.351612
11954,40.679203,-73.93745,6.732453
11955,40.67312,-73.949554,6.72977
11956,40.684193,-73.933586,6.351612
11957,40.674953,-73.942856,6.7295804
11958,40.683308,-73.941185,6.3573737
11959,40.67461,-73.94483,6.7295804
11960,40.67461,-73.94483,6.7295804
11961,40.67461,-73.94483,6.7295804
11962,40.680855,-73.92748,6.4811335
11963,40.67283,-73.931015,6.6407766
11964,40.675232,-73.9296,6.727509
11965,40.680954,-73.926735,6.482407
11966,40.6721,-73.94707,6.6754518
11967,40.679478,-73.94242,6.6954293
11968,40.6721,-73.94707,6.6754518
11969,40.680725,-73.94928,6.7435045
11970,40.683952,-73.92651,6.448014
11971,40.681324,-73.94552,6.5926914
11972,40.67329,-73.92711,6.615764
11973,40.6721,-73.94707,6.6754518
11974,40.673306,-73.92739,6.615764
11975,40.588543,-73.956894,5.9787908
11976,40.578156,-73.95349,5.9559135
11977,40.578365,-73.97337,5.969093
11978,40.578156,-73.95349,5.9559135
11979,40.58657,-73.94952,5.9574766
11980,40.58719,-73.957466,5.9896307
11981,40.575863,-73.955536,5.877081
11982,40.575863,-73.955536,5.877081
11983,40.585445,-73.950356,5.9574766
11984,40.593056,-73.949684,5.9463882
11985,40.580105,-73.964584,5.980728
11986,40.578365,-73.97337,5.969093
11987,40.588104,-73.94276,5.803645
11988,40.58552,-73.96686,5.941953
11989,40.580482,-73.94524,5.7538505
11990,40.577927,-73.97196,5.969093
11991,40.58657,-73.94952,5.9574766
11992,40.57491,-73.966736,5.8892493
11993,40.69913,-73.85163,5.7722025
11994,40.699726,-73.851555,5.7722025
11995,40.69995,-73.83666,5.996639
11996,40.6978,-73.839775,5.9893785
11997,40.70601,-73.832985,5.823115
11998,40.703278,-73.83716,5.9032454
11999,40.70014,-73.85361,5.7722025
12000,40.69913,-73.85163,5.7722025
12001,40.704582,-73.83265,5.974749
12002,40.706352,-73.83311,5.823115
12003,40.69995,-73.85233,5.7722025
12004,40.704823,-73.8344,5.974749
12005,40.70014,-73.85361,5.7722025
12006,40.704823,-73.8344,5.974749
12007,40.70962,-73.85215,5.7627783
12008,40.70971,-73.84755,5.709251
12009,40.69995,-73.85233,5.7722025
12010,40.705383,-73.83465,5.823115
12011,40.705402,-73.8346,5.823115
12012,40.70454,-73.83586,5.9032454
12013,40.7069,-73.83564,5.785454
12014,40.70971,-73.84755,5.709251
12015,40.706005,-73.85495,5.994317
12016,40.70454,-73.83586,5.9032454
12017,40.699566,-73.85121,5.7722025
12018,40.698326,-73.848236,5.9305644
12019,40.70863,-73.84536,5.709251
12020,40.704098,-73.83566,5.9032454
12021,40.70054,-73.8337,6.0814176
12022,40.704926,-73.83384,5.974749
12023,40.69851,-73.84531,5.9421744
12024,40.705017,-73.83561,5.9032454
12025,40.699986,-73.85293,5.7722025
12026,40.705402,-73.8346,5.823115
12027,40.705246,-73.83398,5.974749
12028,40.70651,-73.85473,5.994317
12029,40.705917,-73.83595,5.785454
12030,40.70651,-73.85473,5.994317
12031,40.705402,-73.8346,5.823115
12032,40.707043,-73.83594,5.785454
12033,40.705402,-73.8346,5.823115
12034,40.704582,-73.8357,5.9032454
12035,40.704136,-73.83486,5.974749
12036,40.70852,-73.836716,5.8141656
12037,40.699608,-73.85156,5.7722025
12038,40.707043,-73.83594,5.785454
12039,40.708984,-73.83359,5.7804604
12040,40.69946,-73.85266,5.7722025
12041,40.702934,-73.83348,5.974749
12042,40.70899,-73.85167,5.7627783
12043,40.706127,-73.83605,5.785454
12044,40.69986,-73.85151,5.7722025
12045,40.699253,-73.852905,5.7722025
12046,40.704582,-73.83265,5.974749
12047,40.705402,-73.8346,5.823115
12048,40.699383,-73.83438,6.0814176
12049,40.705383,-73.834656,5.823115
12050,40.69995,-73.85233,5.7722025
12051,40.70852,-73.836716,5.8141656
12052,40.69953,-73.833435,6.0814176
12053,40.699608,-73.85156,5.7722025
12054,40.70866,-73.85043,5.7627783
12055,40.70331,-73.834335,5.974749
12056,40.697426,-73.83634,6.0485415
12057,40.70701,-73.83418,5.823115
12058,40.699696,-73.85338,5.7722025
12059,40.70344,-73.8331,5.974749
12060,40.70014,-73.85361,5.7722025
12061,40.697952,-73.83869,6.0485415
12062,40.70651,-73.85473,5.994317
12063,40.7069,-73.83564,5.785454
12064,40.705997,-73.83297,5.823115
12065,40.703594,-73.83603,5.9032454
12066,40.7089,-73.833145,5.7804604
12067,40.705128,-73.85591,5.9360676
12068,40.704926,-73.83384,5.974749
12069,40.70855,-73.836716,5.8141656
12070,40.70855,-73.836716,5.8141656
12071,40.704823,-73.8344,5.974749
12072,40.70408,-73.83587,5.9032454
12073,40.704823,-73.8344,5.974749
12074,40.69731,-73.833405,6.133599
12075,40.704582,-73.8357,5.9032454
12076,40.698586,-73.85247,5.9305644
12077,40.698406,-73.846886,5.9421744
12078,40.704098,-73.83567,5.9032454
12079,40.70325,-73.85462,5.9360676
12080,40.707947,-73.8368,5.785454
12081,40.705246,-73.83398,5.974749
12082,40.704098,-73.83567,5.9032454
12083,40.704823,-73.8344,5.974749
12084,40.70651,-73.85473,5.994317
12085,40.705402,-73.8346,5.823115
12086,40.705193,-73.83359,5.974749
12087,40.70841,-73.85139,5.754721
12088,40.69977,-73.85194,5.7722025
12089,40.703594,-73.83603,5.9032454
12090,40.705402,-73.8346,5.823115
12091,40.709095,-73.84839,5.7627783
12092,40.700085,-73.83572,5.996639
12093,40.707893,-73.836525,5.785454
12094,40.705402,-73.8346,5.823115
12095,40.708614,-73.84542,5.709251
12096,40.69995,-73.85233,5.7722025
12097,40.6978,-73.839775,5.9893785
12098,40.703594,-73.83603,5.9032454
12099,40.70753,-73.83445,5.823115
12100,40.698586,-73.85247,5.9305644
12101,40.705383,-73.83465,5.823115
12102,40.69995,-73.85233,5.7722025
12103,40.705246,-73.83398,5.974749
12104,40.70977,-73.84401,5.737793
12105,40.699986,-73.85293,5.7722025
12106,40.709656,-73.84583,5.709251
12107,40.699986,-73.85293,5.7722025
12108,40.6996,-73.85315,5.7722025
12109,40.706005,-73.85495,5.994317
12110,40.69986,-73.85151,5.7722025
12111,40.705402,-73.8346,5.823115
12112,40.683804,-73.96318,7.3029957
12113,40.681683,-73.95507,6.915122
12114,40.68305,-73.966095,7.37882
12115,40.683804,-73.96318,7.3029957
12116,40.675278,-73.97141,7.1147003
12117,40.673256,-73.952354,6.7108335
12118,40.672565,-73.96419,6.560214
12119,40.680637,-73.971504,7.589941
12120,40.6733,-73.9717,6.746066
12121,40.68142,-73.96408,7.37882
12122,40.673256,-73.952354,6.7108335
12123,40.68236,-73.967415,7.37882
12124,40.6733,-73.9717,6.746066
12125,40.6733,-73.9717,6.746066
12126,40.682735,-73.96185,7.37882
12127,40.674507,-73.96582,6.9390745
12128,40.677265,-73.97014,7.3031144
12129,40.6733,-73.9717,6.746066
12130,40.67986,-73.96468,7.209035
12131,40.67671,-73.970184,6.985404
12132,40.67266,-73.96472,6.560214
12133,40.707893,-73.836525,5.785454
12134,40.705246,-73.83398,5.974749
12135,40.707043,-73.83594,5.785454
12136,40.703594,-73.83603,5.9032454
12137,40.704582,-73.83265,5.974749
12138,40.706997,-73.83596,5.785454
12139,40.697582,-73.83751,6.0485415
12140,40.699608,-73.85156,5.7722025
12141,40.705265,-73.83288,5.974749
12142,40.70014,-73.85361,5.7722025
12143,40.6975,-73.83847,6.0485415
12144,40.705402,-73.8346,5.823115
12145,40.69849,-73.84539,5.9421744
12146,40.69986,-73.85151,5.7722025
12147,40.69946,-73.85266,5.7722025
12148,40.705265,-73.83288,5.974749
12149,40.698666,-73.85238,5.9305644
12150,40.707043,-73.83594,5.785454
12151,40.70852,-73.836716,5.8141656
12152,40.70852,-73.836716,5.8141656
12153,40.700157,-73.84274,5.797677
12154,40.700134,-73.852325,5.7722025
12155,40.6993,-73.8514,5.7722025
12156,40.70601,-73.832985,5.823115
12157,40.703594,-73.83603,5.9032454
12158,40.704582,-73.8357,5.9032454
12159,40.700134,-73.852325,5.7722025
12160,40.706352,-73.83311,5.823115
12161,40.698757,-73.84287,5.9558983
12162,40.708496,-73.849464,5.7627783
12163,40.69947,-73.83621,5.996639
12164,40.70436,-73.83348,5.974749
12165,40.70762,-73.83362,5.823115
12166,40.56144,-73.91528,5.3310823
12167,40.56293,-73.91355,5.323711
12168,40.559692,-73.91057,5.306898
12169,40.55828,-73.91675,5.3230677
12170,40.566956,-73.8876,5.303005
12171,40.556454,-73.92352,5.329684
12172,40.55645,-73.92352,5.329684
12173,40.557228,-73.925575,5.3458405
12174,40.557426,-73.91805,5.331282
12175,40.556793,-73.92291,5.329684
12176,40.56105,-73.91975,5.3383217
12177,40.56381,-73.914345,5.329662
12178,40.558434,-73.91948,5.331282
12179,40.556854,-73.911575,5.306993
12180,40.562336,-73.91166,5.323711
12181,40.55739,-73.91702,5.3230677
12182,40.557415,-73.92012,5.331282
12183,40.557434,-73.92551,5.3458405
12184,40.56701,-73.88851,5.303005
12185,40.56612,-73.88865,5.296828
12186,40.56155,-73.91063,5.3156023
12187,40.560024,-73.91175,5.314654
12188,40.561424,-73.91044,5.3156023
12189,40.55846,-73.91066,5.306898
12190,40.55897,-73.912285,5.314654
12191,40.55838,-73.91123,5.306898
12192,40.557484,-73.91198,5.314654
12193,40.557312,-73.915504,5.3230677
12194,40.562893,-73.91529,5.3310823
12195,40.55735,-73.92938,5.35169
12196,40.557854,-73.91583,5.3230677
12197,40.56644,-73.88847,5.296828
12198,40.55836,-73.92189,5.3393803
12199,40.556404,-73.92887,5.344921
12200,40.556805,-73.927986,5.344921
12201,40.556973,-73.91715,5.313955
12202,40.55702,-73.925644,5.3458405
12203,40.558174,-73.91885,5.331282
12204,40.558704,-73.910576,5.306898
12205,40.70981,-73.84484,5.737793
12206,40.704323,-73.83698,5.9032454
12207,40.6985,-73.851585,5.9305644
12208,40.698586,-73.85247,5.9305644
12209,40.705265,-73.83288,5.974749
12210,40.7049,-73.83608,5.9032454
12211,40.69852,-73.84526,5.9421744
12212,40.700676,-73.83502,6.0814176
12213,40.70344,-73.8331,5.974749
12214,40.70958,-73.85118,5.7627783
12215,40.70651,-73.85473,5.994317
12216,40.70981,-73.84484,5.737793
12217,40.704926,-73.83384,5.974749
12218,40.70911,-73.84648,5.709251
12219,40.706005,-73.85495,5.994317
12220,40.70014,-73.85361,5.7722025
12221,40.70973,-73.844864,5.737793
12222,40.699608,-73.85156,5.7722025
12223,40.70344,-73.8331,5.974749
12224,40.707043,-73.83594,5.785454
12225,40.705265,-73.83288,5.974749
12226,40.69893,-73.84016,5.9893785
12227,40.70408,-73.83587,5.9032454
12228,40.70344,-73.8331,5.974749
12229,40.704926,-73.83384,5.974749
12230,40.6978,-73.839775,5.9893785
12231,40.705383,-73.83465,5.823115
12232,40.705265,-73.83288,5.974749
12233,40.70344,-73.8331,5.974749
12234,40.705265,-73.83288,5.974749
12235,40.704823,-73.8344,5.974749
12236,40.699253,-73.852905,5.7722025
12237,40.699253,-73.852905,5.7722025
12238,40.70651,-73.85473,5.994317
12239,40.70796,-73.83714,5.785454
12240,40.708675,-73.845634,5.709251
12241,40.697945,-73.83372,6.133599
12242,40.706005,-73.85495,5.994317
12243,40.66687,-73.85007,5.572466
12244,40.66239,-73.84163,5.5916452
12245,40.655983,-73.846794,5.5883427
12246,40.667625,-73.84778,5.599578
12247,40.665195,-73.848564,5.572466
12248,40.65099,-73.84364,5.6184034
12249,40.666428,-73.84582,5.585432
12250,40.651997,-73.84009,5.6707883
12251,40.668083,-73.84966,5.588232
12252,40.65056,-73.839584,5.641711
12253,40.661625,-73.84246,5.5880003
12254,40.6531,-73.83609,5.66592
12255,40.667797,-73.84558,5.599578
12256,40.667362,-73.84579,5.585432
12257,40.66834,-73.84845,5.588232
12258,40.666374,-73.84771,5.585432
12259,40.657215,-73.84042,5.6802797
12260,40.662956,-73.852264,5.548981
12261,40.66464,-73.84894,5.572466
12262,40.66116,-73.84205,5.5880003
12263,40.667625,-73.84778,5.599578
12264,40.667625,-73.84778,5.599578
12265,40.667362,-73.84579,5.585432
12266,40.650867,-73.83916,5.641711
12267,40.658955,-73.852196,5.534769
12268,40.664124,-73.85112,5.548981
12269,40.661858,-73.854385,5.548981
12270,40.66167,-73.855896,5.540731
12271,40.66034,-73.850815,5.534769
12272,40.66463,-73.84991,5.572466
12273,40.669724,-73.847626,5.599578
12274,40.667164,-73.87298,6.5475535
12275,40.667625,-73.84778,5.599578
12276,40.665497,-73.84491,5.5888977
12277,40.658028,-73.851234,5.534769
12278,40.657665,-73.87704,6.1441846
12279,40.667515,-73.84736,5.599578
12280,40.900333,-73.9078,6.2141943
12281,40.90836,-73.904015,6.2932124
12282,40.904705,-73.90669,6.2873473
12283,40.90248,-73.90628,6.243387
12284,40.906467,-73.89671,6.2367167
12285,40.91171,-73.90227,6.28717
12286,40.912746,-73.90212,6.28717
12287,40.91171,-73.902275,6.28717
12288,40.91056,-73.90184,6.28717
12289,40.906563,-73.90659,6.2873473
12290,40.91268,-73.90212,6.28717
12291,40.912746,-73.90212,6.28717
12292,40.906563,-73.90659,6.2873473
12293,40.908524,-73.90397,6.2932124
12294,40.906467,-73.89671,6.2367167
12295,40.90561,-73.9055,6.2873473
12296,40.906467,-73.89671,6.2367167
12297,40.909164,-73.9056,6.286585
12298,40.904953,-73.90637,6.2873473
12299,40.905807,-73.90005,6.276528
12300,40.90821,-73.905495,6.286585
12301,40.90821,-73.905495,6.286585
12302,40.906563,-73.90659,6.2873473
12303,40.90454,-73.900604,6.276528
12304,40.902946,-73.89925,6.2315345
12305,40.90821,-73.905495,6.286585
12306,40.905807,-73.90005,6.276528
12307,40.903873,-73.89805,6.210124
12308,40.909164,-73.9056,6.286585
12309,40.904427,-73.90415,6.2926726
12310,40.90504,-73.89828,6.2367167
12311,40.90821,-73.905495,6.286585
12312,40.906467,-73.89671,6.2367167
12313,40.906563,-73.90659,6.2873473
12314,40.909164,-73.9056,6.286585
12315,40.909966,-73.89764,6.2480817
12316,40.90772,-73.897766,6.2480817
12317,40.90561,-73.9055,6.2873473
12318,40.90951,-73.90028,6.2814856
12319,40.906563,-73.90659,6.2873473
12320,40.902763,-73.908646,6.225369
12321,40.855316,-73.78881,5.720561
12322,40.855183,-73.829994,5.9865193
12323,40.855415,-73.82873,5.8598046
12324,40.849796,-73.8319,6.003756
12325,40.854744,-73.789154,5.720561
12326,40.855183,-73.829994,5.9865193
12327,40.84985,-73.78585,5.715383
12328,40.8527,-73.82916,5.863184
12329,40.8527,-73.82916,5.863184
12330,40.855415,-73.82873,5.8598046
12331,40.912746,-73.90212,6.28717
12332,40.90273,-73.90722,6.243387
12333,40.906563,-73.90659,6.2873473
12334,40.910404,-73.89818,6.2480817
12335,40.902782,-73.90674,6.243387
12336,40.909164,-73.9056,6.286585
12337,40.904587,-73.89761,6.2367167
12338,40.90821,-73.905495,6.286585
12339,40.906563,-73.90659,6.2873473
12340,40.905807,-73.90005,6.276528
12341,40.90821,-73.905495,6.286585
12342,40.909164,-73.9056,6.286585
12343,40.906563,-73.90659,6.2873473
12344,40.90821,-73.905495,6.286585
12345,40.909164,-73.9056,6.286585
12346,40.90821,-73.905495,6.286585
12347,40.912746,-73.90212,6.28717
12348,40.906563,-73.90659,6.2873473
12349,40.90561,-73.9055,6.2873473
12350,40.909164,-73.9056,6.286585
12351,40.906563,-73.90659,6.2873473
12352,40.90273,-73.90722,6.243387
12353,40.908398,-73.89678,6.2480817
12354,40.91171,-73.90227,6.28717
12355,40.90821,-73.905495,6.286585
12356,40.909164,-73.9056,6.286585
12357,40.908398,-73.89678,6.2480817
12358,40.90821,-73.905495,6.286585
12359,40.91171,-73.90227,6.28717
12360,40.905235,-73.90611,6.2873473
12361,40.90267,-73.90678,6.243387
12362,40.909164,-73.9056,6.286585
12363,40.90806,-73.89841,6.2480817
12364,40.906563,-73.90659,6.2873473
12365,40.909164,-73.9056,6.286585
12366,40.90273,-73.90722,6.243387
12367,40.906563,-73.90659,6.2873473
12368,40.902325,-73.88853,6.082547
12369,40.90053,-73.90773,6.2141943
12370,40.90821,-73.905495,6.286585
12371,40.584282,-73.817535,5.540795
12372,40.576225,-73.84064,5.308417
12373,40.596146,-73.79579,5.2657733
12374,40.597973,-73.8199,5.2212853
12375,40.57653,-73.86036,5.264593
12376,40.579372,-73.85111,5.303405
12377,40.589703,-73.80682,5.374941
12378,40.580963,-73.84642,5.303405
12379,40.604507,-73.82169,5.23655
12380,40.5905,-73.79063,5.17354
12381,40.571854,-73.859825,5.2376647
12382,40.595108,-73.79358,5.1924367
12383,40.582653,-73.82185,5.540795
12384,40.586246,-73.81355,5.529631
12385,40.589703,-73.80682,5.374941
12386,40.589935,-73.81284,5.413348
12387,40.57302,-73.86335,5.24844
12388,40.60591,-73.82167,5.23655
12389,40.603905,-73.820305,5.2247124
12390,40.59736,-73.797935,5.3152575
12391,40.590878,-73.80991,5.378022
12392,40.589703,-73.80682,5.374941
12393,40.582634,-73.82075,5.540795
12394,40.582634,-73.82075,5.540795
12395,40.59749,-73.79494,5.2657733
12396,40.583794,-73.81737,5.540795
12397,40.57202,-73.85626,5.2436953
12398,40.584366,-73.81359,5.5316324
12399,40.596672,-73.79522,5.2657733
12400,40.583794,-73.81737,5.540795
12401,40.841904,-73.85608,6.8597918
12402,40.84057,-73.85886,6.9113336
12403,40.838753,-73.86255,6.8576117
12404,40.84057,-73.85886,6.9113336
12405,40.837673,-73.86199,6.688159
12406,40.84057,-73.85883,6.9113336
12407,40.84057,-73.85886,6.9113336
12408,40.83611,-73.85893,6.8188562
12409,40.83611,-73.85893,6.8188562
12410,40.836285,-73.862335,6.688159
12411,40.839535,-73.86114,6.8576117
12412,40.83635,-73.85946,6.8188562
12413,40.82512,-73.85372,6.1116624
12414,40.83861,-73.85652,6.894012
12415,40.84794,-73.866035,6.223277
12416,40.84057,-73.85886,6.9113336
12417,40.840225,-73.85961,6.9113336
12418,40.84617,-73.83285,6.104829
12419,40.840878,-73.86192,6.8576117
12420,40.84544,-73.846565,6.444188
12421,40.837673,-73.86199,6.688159
12422,40.839565,-73.85939,6.9113336
12423,40.839806,-73.85927,6.9113336
12424,40.838875,-73.85801,6.9113336
12425,40.839695,-73.86003,6.9113336
12426,40.839695,-73.86003,6.9113336
12427,40.84098,-73.84548,6.7200317
12428,40.847675,-73.854546,6.24609
12429,40.840225,-73.85961,6.9113336
12430,40.837673,-73.86199,6.688159
12431,40.840034,-73.85804,6.9113336
12432,40.834087,-73.8614,6.566885
12433,40.83614,-73.85951,6.8188562
12434,40.837673,-73.86199,6.688159
12435,40.83077,-73.86501,6.2921166
12436,40.82994,-73.8586,6.3708386
12437,40.84057,-73.85886,6.9113336
12438,40.841053,-73.852425,6.8597918
12439,40.83861,-73.85652,6.894012
12440,40.84057,-73.85883,6.9113336
12441,40.846775,-73.85231,6.715319
12442,40.83659,-73.84592,6.9089274
12443,40.845486,-73.855,6.715319
12444,40.825985,-73.84727,6.7850766
12445,40.8411,-73.854034,6.8597918
12446,40.84057,-73.85886,6.9113336
12447,40.846344,-73.85416,6.715319
12448,40.84763,-73.8341,6.483286
12449,40.84057,-73.85886,6.9113336
12450,40.827328,-73.870804,6.309957
12451,40.838753,-73.86255,6.8576117
12452,40.834087,-73.8614,6.566885
12453,40.835968,-73.865326,6.5682206
12454,40.83015,-73.86253,6.3313575
12455,40.84057,-73.85886,6.9113336
12456,40.847176,-73.86612,6.584399
12457,40.834087,-73.8614,6.566885
12458,40.84057,-73.85886,6.9113336
12459,40.83861,-73.85652,6.894012
12460,40.835968,-73.865326,6.5682206
12461,40.829872,-73.87918,6.608903
12462,40.840034,-73.85804,6.9113336
12463,40.8411,-73.854034,6.8597918
12464,40.82553,-73.84512,6.7850766
12465,40.83601,-73.867256,6.512727
12466,40.833294,-73.85025,6.7776175
12467,40.84057,-73.85886,6.9113336
12468,40.832207,-73.85263,6.627232
12469,40.847282,-73.85641,6.715319
12470,40.848503,-73.860245,6.3103027
12471,40.82535,-73.84862,6.442412
12472,40.834087,-73.8614,6.566885
12473,40.834248,-73.86049,6.627881
12474,40.84057,-73.85886,6.9113336
12475,40.837353,-73.8585,6.8188562
12476,40.835716,-73.85598,6.7145762
12477,40.83601,-73.867256,6.512727
12478,40.84038,-73.87004,6.5240607
12479,40.90591,-73.89669,6.2367167
12480,40.90585,-73.89819,6.2367167
12481,40.90857,-73.89693,6.2480817
12482,40.906563,-73.90659,6.2873473
12483,40.84057,-73.85886,6.9113336
12484,40.84057,-73.85886,6.9113336
12485,40.84057,-73.85886,6.9113336
12486,40.84057,-73.85886,6.9113336
12487,40.83861,-73.85652,6.894012
12488,40.84057,-73.85886,6.9113336
12489,40.84057,-73.85886,6.9113336
12490,40.84617,-73.83285,6.104829
12491,40.839878,-73.857994,6.9113336
12492,40.83611,-73.85893,6.8188562
12493,40.83861,-73.85652,6.894012
12494,40.84057,-73.85886,6.9113336
12495,40.83861,-73.85652,6.894012
12496,40.837513,-73.85499,6.7145762
12497,40.84057,-73.85886,6.9113336
12498,40.842327,-73.84722,6.551663
12499,40.834396,-73.85917,6.627881
12500,40.83611,-73.85893,6.8188562
12501,40.84057,-73.85886,6.9113336
12502,40.84057,-73.85886,6.9113336
12503,40.839966,-73.85941,6.9113336
12504,40.837673,-73.86199,6.688159
12505,40.834087,-73.8614,6.566885
12506,40.84057,-73.85886,6.9113336
12507,40.837673,-73.86199,6.688159
12508,40.83611,-73.85893,6.8188562
12509,40.84076,-73.85817,6.9113336
12510,40.83861,-73.85652,6.894012
12511,40.845238,-73.861145,6.715609
12512,40.823692,-73.86112,6.102123
12513,40.84242,-73.85148,6.8597918
12514,40.840054,-73.835526,6.157485
12515,40.84125,-73.855606,6.8597918
12516,40.83861,-73.85652,6.894012
12517,40.83611,-73.85893,6.8188562
12518,40.832066,-73.85971,6.627881
12519,40.836708,-73.86502,6.5682206
12520,40.83302,-73.85097,6.7776175
12521,40.84057,-73.85886,6.9113336
12522,40.84239,-73.851654,6.8597918
12523,40.834087,-73.8614,6.566885
12524,40.83611,-73.85893,6.8188562
12525,40.834988,-73.859085,6.8188562
12526,40.83409,-73.8614,6.566885
12527,40.84109,-73.857414,6.8597918
12528,40.82424,-73.85088,6.354705
12529,40.83819,-73.86118,6.8576117
12530,40.837673,-73.86199,6.688159
12531,40.8411,-73.854034,6.8597918
12532,40.839535,-73.86114,6.8576117
12533,40.83861,-73.85652,6.894012
12534,40.836704,-73.85622,6.7145762
12535,40.83861,-73.85652,6.894012
12536,40.84057,-73.85886,6.9113336
12537,40.836723,-73.84722,6.9089274
12538,40.83971,-73.86175,6.8576117
12539,40.84057,-73.85886,6.9113336
12540,40.84705,-73.848625,6.5897264
12541,40.845856,-73.86032,6.7664523
12542,40.83292,-73.850746,6.7776175
12543,40.83861,-73.85652,6.894012
12544,40.84617,-73.83285,6.104829
12545,40.837673,-73.86199,6.688159
12546,40.8411,-73.854034,6.8597918
12547,40.84606,-73.8574,6.715319
12548,40.82862,-73.84955,6.593783
12549,40.844982,-73.85089,6.5897264
12550,40.839535,-73.86114,6.8576117
12551,40.84057,-73.85886,6.9113336
12552,40.84057,-73.85886,6.9113336
12553,40.83861,-73.85652,6.894012
12554,40.82715,-73.85718,6.2165217
12555,40.840343,-73.8591,6.9113336
12556,40.84562,-73.8329,6.104829
12557,40.83861,-73.85652,6.894012
12558,40.837673,-73.86199,6.688159
12559,40.83559,-73.85659,6.7145762
12560,40.84057,-73.85886,6.9113336
12561,40.82542,-73.847885,6.7850766
12562,40.837673,-73.86199,6.688159
12563,40.83984,-73.86165,6.8576117
12564,40.830532,-73.878006,6.608903
12565,40.841793,-73.8567,6.8597918
12566,40.837254,-73.865234,6.5682206
12567,40.832066,-73.85971,6.627881
12568,40.84057,-73.85886,6.9113336
12569,40.828667,-73.860214,6.3708386
12570,40.836708,-73.86502,6.5682206
12571,40.837254,-73.865234,6.5682206
12572,40.84057,-73.85886,6.9113336
12573,40.834534,-73.86068,6.627881
12574,40.839535,-73.86114,6.8576117
12575,40.837254,-73.865234,6.5682206
12576,40.837254,-73.865234,6.5682206
12577,40.840225,-73.85961,6.9113336
12578,40.84234,-73.86579,6.6891294
12579,40.835968,-73.865326,6.5682206
12580,40.840187,-73.86284,6.8576117
12581,40.83861,-73.85652,6.894012
12582,40.84057,-73.85886,6.9113336
12583,40.84585,-73.8604,6.7664523
12584,40.837254,-73.865234,6.5682206
12585,40.83635,-73.85946,6.8188562
12586,40.828228,-73.849304,6.442412
12587,40.837673,-73.86199,6.688159
12588,40.83861,-73.85652,6.894012
12589,40.84057,-73.85886,6.9113336
12590,40.84076,-73.85817,6.9113336
12591,40.83993,-73.85944,6.9113336
12592,40.840878,-73.86192,6.8576117
12593,40.846264,-73.86393,6.715609
12594,40.84057,-73.85886,6.9113336
12595,40.839695,-73.86003,6.9113336
12596,40.84057,-73.85886,6.9113336
12597,40.83611,-73.85893,6.8188562
12598,40.83611,-73.85893,6.8188562
12599,40.83861,-73.85652,6.894012
12600,40.843533,-73.86976,6.4626145
12601,40.907646,-73.9017,6.2814856
12602,40.909164,-73.9056,6.286585
12603,40.90821,-73.905495,6.286585
12604,40.909164,-73.9056,6.286585
12605,40.90267,-73.90678,6.243387
12606,40.90312,-73.90036,6.2315345
12607,40.90341,-73.900536,6.2315345
12608,40.908512,-73.89828,6.2480817
12609,40.908398,-73.89678,6.2480817
12610,40.908398,-73.89678,6.2480817
12611,40.90312,-73.90036,6.2315345
12612,40.91171,-73.90227,6.28717
12613,40.905308,-73.90648,6.2873473
12614,40.902325,-73.88853,6.082547
12615,40.91171,-73.90227,6.28717
12616,40.90312,-73.90036,6.2315345
12617,40.90273,-73.90722,6.243387
12618,40.90492,-73.90609,6.2873473
12619,40.902325,-73.88853,6.082547
12620,40.90341,-73.900536,6.2315345
12621,40.909164,-73.9056,6.286585
12622,40.90821,-73.905495,6.286585
12623,40.90969,-73.90207,6.2932124
12624,40.909164,-73.9056,6.286585
12625,40.902325,-73.88853,6.082547
12626,40.90312,-73.90036,6.2315345
12627,40.90341,-73.900536,6.2315345
12628,40.90821,-73.905495,6.286585
12629,40.904697,-73.89861,6.2367167
12630,40.906467,-73.89671,6.2367167
12631,40.904816,-73.90579,6.2873473
12632,40.90312,-73.90036,6.2315345
12633,40.90341,-73.900536,6.2315345
12634,40.906563,-73.90659,6.2873473
12635,40.906563,-73.90659,6.2873473
12636,40.906563,-73.90659,6.2873473
12637,40.906563,-73.90659,6.2873473
12638,40.909164,-73.9056,6.286585
12639,40.90657,-73.896866,6.2367167
12640,40.8385,-73.86268,6.8576117
12641,40.837353,-73.8585,6.8188562
12642,40.83861,-73.85652,6.894012
12643,40.84057,-73.85886,6.9113336
12644,40.83775,-73.83712,6.6374283
12645,40.8385,-73.86268,6.8576117
12646,40.83861,-73.85652,6.894012
12647,40.837254,-73.865234,6.5682206
12648,40.83611,-73.85893,6.8188562
12649,40.84057,-73.85886,6.9113336
12650,40.8411,-73.854034,6.8597918
12651,40.837254,-73.865234,6.5682206
12652,40.837254,-73.865234,6.5682206
12653,40.847183,-73.8559,6.715319
12654,40.841095,-73.85922,6.877822
12655,40.848038,-73.83534,6.483286
12656,40.82785,-73.85207,6.2165217
12657,40.84057,-73.85886,6.9113336
12658,40.83861,-73.85652,6.894012
12659,40.838608,-73.8565,6.894012
12660,40.84057,-73.85886,6.9113336
12661,40.84018,-73.84979,6.7288175
12662,40.831184,-73.85827,6.3708386
12663,40.83498,-73.85896,6.8188562
12664,40.832066,-73.85971,6.627881
12665,40.8408,-73.85497,6.894012
12666,40.829597,-73.86326,6.3313575
12667,40.835976,-73.86145,6.688159
12668,40.843018,-73.867584,6.4626145
12669,40.832066,-73.85971,6.627881
12670,40.845146,-73.86762,6.3245525
12671,40.837673,-73.86199,6.688159
12672,40.8371,-73.8618,6.688159
12673,40.83861,-73.85652,6.894012
12674,40.83861,-73.85652,6.894012
12675,40.837673,-73.86199,6.688159
12676,40.837673,-73.86199,6.688159
12677,40.840034,-73.85804,6.9113336
12678,40.838924,-73.83697,6.4328036
12679,40.832066,-73.85971,6.627881
12680,40.824047,-73.85293,6.1116624
12681,40.84057,-73.85886,6.9113336
12682,40.84057,-73.85886,6.9113336
12683,40.83861,-73.85652,6.894012
12684,40.83861,-73.85652,6.894012
12685,40.84088,-73.85725,6.894012
12686,40.839695,-73.86003,6.9113336
12687,40.83861,-73.85652,6.894012
12688,40.84057,-73.85886,6.9113336
12689,40.844574,-73.853195,6.715319
12690,40.834087,-73.8614,6.566885
12691,40.843586,-73.851295,6.752456
12692,40.83611,-73.85893,6.8188562
12693,40.841076,-73.85145,6.8597918
12694,40.835606,-73.84839,6.7591157
12695,40.839966,-73.85941,6.9113336
12696,40.836914,-73.85122,6.7591157
12697,40.834824,-73.86065,6.8188562
12698,40.83928,-73.833855,6.157485
12699,40.84109,-73.857414,6.8597918
12700,40.82539,-73.84835,6.442412
12701,40.838615,-73.83445,6.157485
12702,40.83611,-73.85893,6.8188562
12703,40.83861,-73.85652,6.894012
12704,40.834534,-73.86068,6.627881
12705,40.835968,-73.865326,6.5682206
12706,40.845222,-73.84661,6.444188
12707,40.847927,-73.84659,6.6533933
12708,40.839695,-73.86003,6.9113336
12709,40.83649,-73.86537,6.5682206
12710,40.83362,-73.87228,6.489238
12711,40.833286,-73.84782,7.0443864
12712,40.837673,-73.86199,6.688159
12713,40.83861,-73.85652,6.894012
12714,40.828056,-73.8539,6.2165217
12715,40.832966,-73.84791,7.0443864
12716,40.837673,-73.86199,6.688159
12717,40.84191,-73.8562,6.8597918
12718,40.83611,-73.85893,6.8188562
12719,40.87353,-73.846275,6.0998607
12720,40.85533,-73.86638,6.1450887
12721,40.86839,-73.86262,6.1892447
12722,40.853138,-73.863625,6.1831245
12723,40.851612,-73.86521,6.166795
12724,40.860268,-73.869804,6.199011
12725,40.86839,-73.86262,6.1892447
12726,40.86758,-73.86276,6.1892447
12727,40.87219,-73.83571,6.2189903
12728,40.864822,-73.862854,6.186306
12729,40.87246,-73.84772,6.063701
12730,40.868504,-73.854385,6.1101403
12731,40.869724,-73.86013,6.155012
12732,40.86106,-73.86992,6.199011
12733,40.85912,-73.84861,6.0416613
12734,40.85507,-73.85858,6.1195545
12735,40.852264,-73.86511,6.166795
12736,40.86453,-73.85654,6.08835
12737,40.85616,-73.86937,6.1216474
12738,40.86544,-73.84196,5.953972
12739,40.87271,-73.86918,6.328582
12740,40.86509,-73.85144,6.08835
12741,40.866547,-73.85314,6.1101403
12742,40.848835,-73.86116,6.300836
12743,40.85034,-73.856186,6.24609
12744,40.851547,-73.856026,6.1118584
12745,40.873665,-73.86895,6.328582
12746,40.858433,-73.87054,6.1582227
12747,40.86106,-73.86992,6.199011
12748,40.86363,-73.84014,5.97796
12749,40.862564,-73.84511,5.9952803
12750,40.85616,-73.86937,6.1216474
12751,40.85351,-73.865005,6.166795
12752,40.868668,-73.83556,6.170242
12753,40.856094,-73.86898,6.1216474
12754,40.86257,-73.845245,5.9952803
12755,40.858433,-73.87054,6.1582227
12756,40.86106,-73.86992,6.199011
12757,40.86106,-73.86992,6.199011
12758,40.84057,-73.85886,6.9113336
12759,40.834087,-73.8614,6.566885
12760,40.83861,-73.85652,6.894012
12761,40.84057,-73.85883,6.9113336
12762,40.84057,-73.85886,6.9113336
12763,40.82918,-73.83269,6.7368712
12764,40.83861,-73.85652,6.894012
12765,40.83861,-73.85652,6.894012
12766,40.837017,-73.83444,6.2186284
12767,40.846355,-73.86489,6.584399
12768,40.834534,-73.86068,6.627881
12769,40.840973,-73.84563,6.7200317
12770,40.836292,-73.856064,6.7145762
12771,40.834248,-73.86049,6.627881
12772,40.84109,-73.857414,6.8597918
12773,40.83611,-73.85893,6.8188562
12774,40.83861,-73.85652,6.894012
12775,40.840343,-73.8591,6.9113336
12776,40.842213,-73.866005,6.6891294
12777,40.84057,-73.85886,6.9113336
12778,40.837673,-73.86199,6.688159
12779,40.83611,-73.85893,6.8188562
12780,40.827347,-73.87764,6.63209
12781,40.83861,-73.85652,6.894012
12782,40.844864,-73.85082,6.5897264
12783,40.8361,-73.857346,6.7145762
12784,40.824177,-73.84975,6.354705
12785,40.83861,-73.85652,6.894012
12786,40.836918,-73.857056,6.7145762
12787,40.83611,-73.85893,6.8188562
12788,40.839058,-73.86007,6.9113336
12789,40.838753,-73.86255,6.8576117
12790,40.83709,-73.86047,6.8188562
12791,40.84623,-73.86003,6.7664523
12792,40.837997,-73.85883,6.9113336
12793,40.84057,-73.85886,6.9113336
12794,40.84057,-73.85886,6.9113336
12795,40.83861,-73.85652,6.894012
12796,40.83984,-73.86165,6.8576117
12797,40.840225,-73.85961,6.9113336
12798,40.839687,-73.85985,6.9113336
12799,40.83478,-73.8604,6.8188562
12800,40.84071,-73.8582,6.9113336
12801,40.84859,-73.8481,6.6533933
12802,40.83861,-73.85652,6.894012
12803,40.84057,-73.85886,6.9113336
12804,40.84057,-73.85883,6.9113336
12805,40.83819,-73.86118,6.8576117
12806,40.8411,-73.854034,6.8597918
12807,40.84057,-73.85886,6.9113336
12808,40.84057,-73.85886,6.9113336
12809,40.84057,-73.85886,6.9113336
12810,40.841904,-73.85608,6.8597918
12811,40.824062,-73.84573,6.6488924
12812,40.83611,-73.85893,6.8188562
12813,40.83861,-73.85652,6.894012
12814,40.837673,-73.86199,6.688159
12815,40.83611,-73.85893,6.8188562
12816,40.83861,-73.85652,6.894012
12817,40.83993,-73.85944,6.9113336
12818,40.847794,-73.8468,6.6533933
12819,40.835133,-73.85817,6.8188562
12820,40.84057,-73.85886,6.9113336
12821,40.832066,-73.85971,6.627881
12822,40.839058,-73.86007,6.9113336
12823,40.845226,-73.85548,6.715319
12824,40.83969,-73.85837,6.9113336
12825,40.840973,-73.84563,6.7200317
12826,40.83611,-73.85893,6.8188562
12827,40.84088,-73.85725,6.894012
12828,40.844513,-73.86801,6.3245525
12829,40.83984,-73.86165,6.8576117
12830,40.843327,-73.84473,6.489768
12831,40.82633,-73.85006,6.442412
12832,40.83861,-73.85652,6.894012
12833,40.84076,-73.85817,6.9113336
12834,40.84057,-73.85886,6.9113336
12835,40.83861,-73.85652,6.894012
12836,40.84057,-73.85886,6.9113336
12837,40.83022,-73.86186,6.3313575
12838,40.83611,-73.85893,6.8188562
12839,40.83611,-73.85893,6.8188562
12840,40.83861,-73.85652,6.894012
12841,40.84057,-73.85886,6.9113336
12842,40.845,-73.85747,6.715319
12843,40.834087,-73.8614,6.566885
12844,40.8411,-73.854034,6.8597918
12845,40.84396,-73.869286,6.4626145
12846,40.84331,-73.86873,6.4626145
12847,40.84057,-73.85886,6.9113336
12848,40.835865,-73.85176,6.7145762
12849,40.834534,-73.86068,6.627881
12850,40.837673,-73.86199,6.688159
12851,40.837673,-73.86199,6.688159
12852,40.83861,-73.85652,6.894012
12853,40.838108,-73.85231,6.894012
12854,40.84529,-73.86445,6.584399
12855,40.84057,-73.85886,6.9113336
12856,40.84057,-73.85886,6.9113336
12857,40.844196,-73.834946,6.104829
12858,40.832363,-73.854996,6.627232
12859,40.837673,-73.86199,6.688159
12860,40.829514,-73.85611,6.3905377
12861,40.836292,-73.856064,6.7145762
12862,40.83861,-73.85652,6.894012
12863,40.841103,-73.854034,6.8597918
12864,40.832912,-73.850945,6.7776175
12865,40.840034,-73.85804,6.9113336
12866,40.83611,-73.85893,6.8188562
12867,40.83587,-73.851746,6.7145762
12868,40.84057,-73.85886,6.9113336
12869,40.835712,-73.85033,6.7591157
12870,40.837673,-73.86199,6.688159
12871,40.84057,-73.85886,6.9113336
12872,40.839817,-73.83274,6.157485
12873,40.832947,-73.85066,6.7776175
12874,40.837673,-73.86199,6.688159
12875,40.836918,-73.857056,6.7145762
12876,40.83611,-73.85893,6.8188562
12877,40.834087,-73.8614,6.566885
12878,40.84057,-73.85883,6.9113336
12879,40.841908,-73.83312,6.089059
12880,40.84076,-73.85817,6.9113336
12881,40.840973,-73.84563,6.7200317
12882,40.58653,-73.92399,5.5341005
12883,40.588436,-73.92484,5.5341005
12884,40.58653,-73.92399,5.5341005
12885,40.587936,-73.92509,5.5341005
12886,40.590843,-73.9262,5.539226
12887,40.589684,-73.92372,5.5059047
12888,40.589798,-73.92489,5.539226
12889,40.586002,-73.92484,5.5341005
12890,40.58814,-73.92128,5.4990473
12891,40.58795,-73.92569,5.5341005
12892,40.58907,-73.92512,5.539226
12893,40.59015,-73.923,5.5059047
12894,40.592583,-73.925446,5.5435123
12895,40.592136,-73.92469,5.5435123
12896,40.587166,-73.92444,5.5341005
12897,40.58891,-73.92452,5.539226
12898,40.58785,-73.922195,5.4990473
12899,40.590527,-73.92295,5.5059047
12900,40.59244,-73.92632,5.5435123
12901,40.588146,-73.9215,5.4990473
12902,40.59135,-73.92542,5.539226
12903,40.58817,-73.925354,5.5341005
12904,40.5891,-73.92391,5.5059047
12905,40.593006,-73.92591,5.5435123
12906,40.593006,-73.92591,5.5435123
12907,40.587036,-73.92561,5.5341005
12908,40.586266,-73.922134,5.4990473
12909,40.59031,-73.92616,5.539226
12910,40.586845,-73.918785,5.4684296
12911,40.58759,-73.92415,5.5341005
12912,40.586212,-73.92263,5.4990473
12913,40.58947,-73.92275,5.5059047
12914,40.860268,-73.869804,6.199011
12915,40.85335,-73.86551,6.166795
12916,40.86426,-73.841034,5.97796
12917,40.86599,-73.865105,6.2055864
12918,40.86839,-73.86262,6.1892447
12919,40.851616,-73.85873,6.153134
12920,40.85335,-73.86551,6.166795
12921,40.861984,-73.85423,6.0681767
12922,40.85335,-73.86551,6.166795
12923,40.863262,-73.84751,5.96987
12924,40.873592,-73.85776,6.119353
12925,40.861168,-73.84693,5.9952803
12926,40.866467,-73.85258,6.1101403
12927,40.857796,-73.870674,6.1582227
12928,40.8491,-73.84784,6.6533933
12929,40.866512,-73.8561,6.1101403
12930,40.8553,-73.86938,6.1216474
12931,40.857796,-73.870674,6.1582227
12932,40.869743,-73.85533,6.090311
12933,40.857796,-73.870674,6.1582227
12934,40.853443,-73.86549,6.166795
12935,40.860268,-73.869804,6.199011
12936,40.862396,-73.84846,5.9990263
12937,40.863525,-73.84051,5.97796
12938,40.86217,-73.83455,5.9770117
12939,40.86615,-73.855034,6.08835
12940,40.865314,-73.837265,6.0180674
12941,40.855797,-73.86636,6.1450887
12942,40.855797,-73.86636,6.1450887
12943,40.853394,-73.84855,6.2095547
12944,40.86004,-73.851616,6.0681767
12945,40.858433,-73.87054,6.1582227
12946,40.860268,-73.869804,6.199011
12947,40.86057,-73.84245,6.0174074
12948,40.863255,-73.84051,5.97796
12949,40.868565,-73.86295,6.1892447
12950,40.852966,-73.84979,6.2095547
12951,40.86492,-73.84881,6.016306
12952,40.86106,-73.86992,6.199011
12953,40.87337,-73.850876,6.0692663
12954,40.678963,-73.87132,6.4081182
12955,40.69285,-73.854515,5.9180813
12956,40.68599,-73.86073,6.2120914
12957,40.673565,-73.84051,5.6507306
12958,40.686638,-73.870255,6.7186294
12959,40.673702,-73.83975,5.6507306
12960,40.683567,-73.86662,6.8698525
12961,40.681396,-73.83959,6.1368213
12962,40.68014,-73.835045,5.9520326
12963,40.696426,-73.849556,5.9305644
12964,40.673855,-73.849304,5.6766734
12965,40.69162,-73.85159,6.059517
12966,40.68677,-73.86692,6.6919613
12967,40.681145,-73.85905,6.1012716
12968,40.673813,-73.8493,5.6766734
12969,40.685482,-73.845436,6.1619234
12970,40.67765,-73.852234,5.817374
12971,40.69377,-73.857025,5.9180813
12972,40.6857,-73.861565,6.685444
12973,40.687843,-73.851654,6.1318445
12974,40.69259,-73.83715,6.128208
12975,40.690945,-73.86017,5.9485335
12976,40.68851,-73.85473,6.0178337
12977,40.683273,-73.86278,6.685444
12978,40.676777,-73.858864,5.6806417
12979,40.69083,-73.83309,6.0637965
12980,40.67685,-73.8745,6.1940904
12981,40.68815,-73.85181,6.1318445
12982,40.689568,-73.85997,5.9485335
12983,40.67908,-73.850266,5.817374
12984,40.67414,-73.85004,5.6766734
12985,40.691685,-73.851776,6.059517
12986,40.691326,-73.855034,5.95572
12987,40.6771,-73.84804,5.85959
12988,40.687206,-73.8372,6.155822
12989,40.692364,-73.85541,5.95572
12990,40.679752,-73.862495,5.8929095
12991,40.869102,-73.85639,6.1101403
12992,40.84952,-73.85449,6.24609
12993,40.869102,-73.85639,6.1101403
12994,40.85274,-73.848366,6.2095547
12995,40.85335,-73.86551,6.166795
12996,40.873596,-73.862595,6.1613955
12997,40.860268,-73.869804,6.199011
12998,40.863495,-73.85996,6.1471143
12999,40.869156,-73.856026,6.1101403
13000,40.868587,-73.84033,6.136223
13001,40.865925,-73.846504,5.96987
13002,40.855663,-73.86318,6.148615
13003,40.850822,-73.852615,6.1118584
13004,40.864605,-73.84655,5.96987
13005,40.85351,-73.865005,6.166795
13006,40.853138,-73.863625,6.1831245
13007,40.869484,-73.86577,6.2408733
13008,40.871086,-73.84918,6.0465565
13009,40.86106,-73.86992,6.199011
13010,40.866665,-73.85314,6.1101403
13011,40.854877,-73.86926,6.1216474
13012,40.86839,-73.86262,6.1892447
13013,40.858433,-73.87054,6.1582227
13014,40.864395,-73.84562,5.96987
13015,40.850697,-73.8345,6.5259995
13016,40.864952,-73.86086,6.186306
13017,40.86486,-73.8509,6.016306
13018,40.866543,-73.85126,6.0377626
13019,40.873093,-73.83673,6.2416472
13020,40.854877,-73.86926,6.1216474
13021,40.86745,-73.85621,6.1101403
13022,40.867577,-73.83695,6.170242
13023,40.85275,-73.867035,6.166795
13024,40.86473,-73.85262,6.08835
13025,40.85533,-73.86638,6.1450887
13026,40.853397,-73.86532,6.166795
13027,40.85533,-73.86638,6.1450887
13028,40.8635,-73.85267,6.08835
13029,40.8679,-73.836525,6.170242
13030,40.859234,-73.86907,6.1737685
13031,40.86537,-73.84046,5.97796
13032,40.866158,-73.84554,5.96987
13033,40.859234,-73.86907,6.1737685
13034,40.865925,-73.865105,6.2055864
13035,40.861156,-73.844,6.0174074
13036,40.87287,-73.85965,6.119353
13037,40.85858,-73.836,6.316963
13038,40.859592,-73.83463,6.067833
13039,40.85928,-73.8337,6.067833
13040,40.866978,-73.841324,6.136223
13041,40.85616,-73.86937,6.1216474
13042,40.862103,-73.85715,6.0681767
13043,40.86336,-73.85324,6.08835
13044,40.85402,-73.85015,6.137648
13045,40.856316,-73.86598,6.1450887
13046,40.859234,-73.86907,6.1737685
13047,40.86493,-73.85226,6.08835
13048,40.85275,-73.867035,6.166795
13049,40.865158,-73.854,6.08835
13050,40.85216,-73.849785,6.2095547
13051,40.855274,-73.85608,6.062709
13052,40.864254,-73.854515,6.08835
13053,40.85141,-73.85307,6.1118584
13054,40.86793,-73.85611,6.1101403
13055,40.85616,-73.86937,6.1216474
13056,40.854965,-73.85794,6.1195545
13057,40.873264,-73.83621,6.2416472
13058,40.870827,-73.8475,6.063701
13059,40.87352,-73.85812,6.119353
13060,40.86568,-73.85426,6.08835
13061,40.86106,-73.86992,6.199011
13062,40.857796,-73.870674,6.1582227
13063,40.86106,-73.86992,6.199011
13064,40.856094,-73.86898,6.1216474
13065,40.85616,-73.86937,6.1216474
13066,40.867226,-73.85739,6.1101403
13067,40.85344,-73.84849,6.2095547
13068,40.870724,-73.8627,6.1899667
13069,40.85616,-73.86937,6.1216474
13070,40.8602,-73.86528,6.2119575
13071,40.86303,-73.84052,6.0416727
13072,40.85134,-73.85432,6.1118584
13073,40.861305,-73.84702,5.9952803
13074,40.85533,-73.86638,6.1450887
13075,40.864784,-73.84104,5.97796
13076,40.873524,-73.85776,6.119353
13077,40.86881,-73.84968,6.0377626
13078,40.871807,-73.83753,6.2189903
13079,40.872547,-73.8386,6.2189903
13080,40.86907,-73.83575,6.170242
13081,40.863934,-73.84846,6.016306
13082,40.862072,-73.84699,5.9952803
13083,40.862446,-73.839325,6.0416727
13084,40.866573,-73.846855,6.0261855
13085,40.86907,-73.83575,6.170242
13086,40.858795,-73.84066,6.4818263
13087,40.852276,-73.865616,6.166795
13088,40.854565,-73.84961,6.137648
13089,40.861065,-73.8425,6.0174074
13090,40.86783,-73.85127,6.0377626
13091,40.872543,-73.83683,6.2189903
13092,40.864193,-73.86791,6.214795
13093,40.860268,-73.869804,6.199011
13094,40.85351,-73.865005,6.166795
13095,40.853443,-73.86549,6.166795
13096,40.860607,-73.83554,5.9770117
13097,40.868286,-73.86324,6.1892447
13098,40.864193,-73.86791,6.214795
13099,40.855663,-73.86318,6.148615
13100,40.857796,-73.870674,6.1582227
13101,40.859234,-73.86907,6.1737685
13102,40.87326,-73.85711,6.0812154
13103,40.854877,-73.86926,6.1216474
13104,40.859234,-73.86907,6.1737685
13105,40.852238,-73.83346,6.5259995
13106,40.855663,-73.86318,6.148615
13107,40.85536,-73.84195,6.7241855
13108,40.850082,-73.86141,6.300836
13109,40.869606,-73.83927,6.226397
13110,40.868565,-73.86295,6.1892447
13111,40.85822,-73.839745,6.4818263
13112,40.885754,-73.913956,6.348988
13113,40.87845,-73.91858,6.310667
13114,40.882572,-73.91713,6.3704305
13115,40.88908,-73.90329,6.371512
13116,40.87964,-73.92039,6.287136
13117,40.876717,-73.90012,6.441685
13118,40.883003,-73.91113,6.4726386
13119,40.87908,-73.91845,6.287136
13120,40.87845,-73.91858,6.310667
13121,40.667606,-73.760826,5.336265
13122,40.65993,-73.73843,5.1607304
13123,40.665066,-73.761375,5.5207305
13124,40.65814,-73.73016,5.3466454
13125,40.671856,-73.72882,5.1893663
13126,40.66969,-73.76877,5.374931
13127,40.669647,-73.76879,5.374931
13128,40.65781,-73.74504,5.296471
13129,40.66295,-73.78035,6.6148148
13130,40.66501,-73.7614,5.5207305
13131,40.654705,-73.7423,5.1038322
13132,40.6706,-73.77202,5.3479004
13133,40.66959,-73.74054,5.245179
13134,40.667492,-73.759995,5.336265
13135,40.670937,-73.75976,5.530169
13136,40.663242,-73.76779,6.547199
13137,40.656166,-73.74631,5.296471
13138,40.662685,-73.74771,5.7518344
13139,40.66416,-73.75012,5.7518344
13140,40.65741,-73.75238,6.259241
13141,40.664986,-73.77277,6.3256726
13142,40.654713,-73.74385,5.1038322
13143,40.66867,-73.76434,5.374931
13144,40.65592,-73.74377,5.1318736
13145,40.67026,-73.74062,5.245179
13146,40.670273,-73.772224,5.51614
13147,40.670773,-73.77992,6.2748704
13148,40.635517,-73.74139,5.529804
13149,40.656578,-73.74381,5.1318736
13150,40.670593,-73.74063,5.245179
13151,40.663963,-73.77237,6.6584053
13152,40.663765,-73.756035,5.858518
13153,40.661407,-73.73381,5.1896124
13154,40.67126,-73.74126,5.288301
13155,40.66742,-73.7473,5.506725
13156,40.670124,-73.75482,5.5247374
13157,40.67035,-73.76297,5.374931
13158,40.660553,-73.74171,5.1908107
13159,40.662155,-73.76529,6.547199
13160,40.66778,-73.76694,5.374931
13161,40.669308,-73.74976,5.4510827
13162,40.663982,-73.72899,5.2648377
13163,40.659954,-73.74753,5.780335
13164,40.671818,-73.773285,5.5249915
13165,40.66426,-73.75449,5.858518
13166,40.670616,-73.760735,5.45931
13167,40.66137,-73.77016,6.6584053
13168,40.662548,-73.766716,6.547199
13169,40.658905,-73.72904,5.3466454
13170,40.670807,-73.76675,5.3324184
13171,40.67035,-73.76297,5.374931
13172,40.668392,-73.764626,5.374931
13173,40.65812,-73.73566,5.1607304
13174,40.668774,-73.74497,5.3978043
13175,40.66929,-73.77566,6.281386
13176,40.668335,-73.775536,5.8659453
13177,40.660934,-73.734726,5.1607304
13178,40.663982,-73.72883,5.2648377
13179,40.66997,-73.77153,5.51614
13180,40.669033,-73.748375,5.4510827
13181,40.67034,-73.76417,5.374931
13182,40.659145,-73.72654,5.345096
13183,40.6551,-73.733154,5.247265
13184,40.67078,-73.78223,6.3479342
13185,40.668102,-73.77647,6.281386
13186,40.67078,-73.78223,6.3479342
13187,40.671776,-73.77811,5.9293737
13188,40.661,-73.73299,5.2912707
13189,40.861774,-73.855545,6.0681767
13190,40.86422,-73.84786,5.96987
13191,40.85616,-73.86937,6.1216474
13192,40.851456,-73.8492,6.2095547
13193,40.861206,-73.8468,5.9952803
13194,40.86411,-73.837654,6.0180674
13195,40.866344,-73.86566,6.225987
13196,40.86594,-73.84405,5.953972
13197,40.867226,-73.85739,6.1101403
13198,40.859364,-73.847084,6.127708
13199,40.854607,-73.85061,6.137648
13200,40.85351,-73.865005,6.166795
13201,40.864193,-73.86791,6.214795
13202,40.864193,-73.86791,6.214795
13203,40.856316,-73.86598,6.1450887
13204,40.856316,-73.86598,6.1450887
13205,40.8689,-73.86506,6.225987
13206,40.855347,-73.85489,6.062709
13207,40.86036,-73.84763,5.9952803
13208,40.851597,-73.86526,6.166795
13209,40.86483,-73.84303,5.953972
13210,40.861576,-73.83869,6.033929
13211,40.84907,-73.84892,6.2576585
13212,40.864384,-73.84047,5.97796
13213,40.869057,-73.84055,6.136223
13214,40.855663,-73.86318,6.148615
13215,40.860268,-73.869804,6.199011
13216,40.860268,-73.869804,6.199011
13217,40.852226,-73.865105,6.166795
13218,40.86425,-73.84142,5.97796
13219,40.869812,-73.84767,6.063701
13220,40.854877,-73.86926,6.1216474
13221,40.85646,-73.8612,6.148615
13222,40.862583,-73.86332,6.1992054
13223,40.854877,-73.86926,6.1216474
13224,40.86988,-73.86214,6.1899667
13225,40.85335,-73.851006,6.2095547
13226,40.664845,-73.78001,6.673882
13227,40.66225,-73.756454,5.858518
13228,40.66866,-73.729416,5.1816034
13229,40.670605,-73.7346,5.248694
13230,40.667316,-73.73442,5.189579
13231,40.65646,-73.74092,5.1318736
13232,40.652393,-73.73032,5.229926
13233,40.670326,-73.76406,5.374931
13234,40.668686,-73.76974,5.51614
13235,40.66282,-73.73112,5.2648377
13236,40.664043,-73.74576,5.4672136
13237,40.67074,-73.76674,5.3324184
13238,40.669926,-73.7516,5.5233555
13239,40.662178,-73.74591,5.4672136
13240,40.661144,-73.738716,5.1842723
13241,40.66372,-73.77977,6.6148148
13242,40.671097,-73.744576,5.396235
13243,40.657738,-73.74994,5.756287
13244,40.667027,-73.737076,5.2159734
13245,40.66995,-73.73896,5.245179
13246,40.661148,-73.741196,5.2631173
13247,40.667747,-73.745575,5.3978043
13248,40.66685,-73.72948,5.186778
13249,40.663143,-73.763756,6.547199
13250,40.669086,-73.75962,5.444569
13251,40.668667,-73.749374,5.4510827
13252,40.657207,-73.7525,6.259241
13253,40.653286,-73.74591,5.2769403
13254,40.65812,-73.72943,5.3466454
13255,40.66955,-73.74771,5.4510827
13256,40.6505,-73.736855,5.083082
13257,40.671093,-73.78234,6.3479342
13258,40.66827,-73.7288,5.1816034
13259,40.668625,-73.76165,5.336265
13260,40.667744,-73.75009,5.4510827
13261,40.65338,-73.72668,5.25985
13262,40.669216,-73.75519,5.5247374
13263,40.65401,-73.74424,5.2769403
13264,40.67197,-73.74724,5.510357
13265,40.668987,-73.768585,5.374931
13266,40.671707,-73.73109,5.1893663
13267,40.669365,-73.73325,5.2055473
13268,40.66808,-73.78003,6.573895
13269,40.659393,-73.73851,5.1607304
13270,40.666653,-73.77796,6.5536594
13271,40.654022,-73.747574,5.844397
13272,40.67004,-73.73815,5.245179
13273,40.664692,-73.77695,6.5536594
13274,40.6703,-73.73355,5.2055473
13275,40.657276,-73.73728,5.247265
13276,40.66254,-73.75927,5.9379396
13277,40.67061,-73.74488,5.396235
13278,40.670864,-73.75418,5.5510416
13279,40.660904,-73.75832,6.7781563
13280,40.669903,-73.76401,5.374931
13281,40.66768,-73.733185,5.2055473
13282,40.664295,-73.73899,5.2159734
13283,40.669495,-73.74774,5.4510827
13284,40.66943,-73.77386,5.8659453
13285,40.66985,-73.771164,5.51614
13286,40.65142,-73.731155,5.1128287
13287,40.67155,-73.78049,6.2748704
13288,40.65329,-73.74531,5.2769403
13289,40.664986,-73.73331,5.189579
13290,40.667336,-73.75466,5.6007915
13291,40.664207,-73.780876,6.6148148
13292,40.661015,-73.75724,6.7781563
13293,40.669357,-73.7562,5.5247374
13294,40.66782,-73.768196,5.374931
13295,40.66159,-73.75022,5.7518344
13296,40.668556,-73.730606,5.1816034
13297,40.667744,-73.75009,5.4510827
13298,40.655956,-73.7406,5.1287007
13299,40.667805,-73.762115,5.336265
13300,40.66908,-73.7395,5.245179
13301,40.659897,-73.72874,5.3466454
13302,40.66927,-73.732285,5.2055473
13303,40.671207,-73.738495,5.248694
13304,40.66867,-73.74681,5.3978043
13305,40.655773,-73.732735,5.247265
13306,40.663033,-73.739876,5.1842723
13307,40.670803,-73.730385,5.1893663
13308,40.662247,-73.75523,5.858518
13309,40.658134,-73.73002,5.3466454
13310,40.669266,-73.771225,5.51614
13311,40.66909,-73.76703,5.374931
13312,40.636345,-73.7415,5.578772
13313,40.662704,-73.74636,5.4672136
13314,40.65364,-73.74716,5.2769403
13315,40.65003,-73.73588,5.083082
13316,40.667667,-73.75532,5.5247374
13317,40.657555,-73.732895,5.247265
13318,40.669468,-73.776024,6.281386
13319,40.669437,-73.76666,5.374931
13320,40.670074,-73.738884,5.245179
13321,40.664505,-73.7747,6.3256726
13322,40.670033,-73.746086,5.3978043
13323,40.66337,-73.738754,5.1842723
13324,40.667747,-73.74169,5.3002605
13325,40.667828,-73.748116,5.4510827
13326,40.66473,-73.7697,6.0542912
13327,40.63538,-73.74228,5.529804
13328,40.669197,-73.76791,5.374931
13329,40.668613,-73.77684,6.281386
13330,40.66941,-73.75571,5.5247374
13331,40.66756,-73.7353,5.245179
13332,40.65666,-73.74056,5.1287007
13333,40.661934,-73.77067,6.6584053
13334,40.663906,-73.780045,6.6148148
13335,40.658287,-73.736565,5.1607304
13336,40.669933,-73.76425,5.374931
13337,40.66834,-73.7768,6.281386
13338,40.66719,-73.73702,5.2159734
13339,40.66729,-73.763626,5.69559
13340,40.663452,-73.75786,5.9379396
13341,40.656666,-73.740776,5.1287007
13342,40.669033,-73.75963,5.444569
13343,40.652515,-73.741,5.1038322
13344,40.670666,-73.76762,5.3324184
13345,40.66503,-73.76213,5.5207305
13346,40.65444,-73.73726,5.124381
13347,40.668427,-73.75294,5.5233555
13348,40.67129,-73.73421,5.2171264
13349,40.670666,-73.76762,5.3324184
13350,40.655476,-73.74653,5.296471
13351,40.665005,-73.779884,6.673882
13352,40.65814,-73.74,5.1607304
13353,40.65401,-73.744194,5.2769403
13354,40.666744,-73.73508,5.2159734
13355,40.659973,-73.738205,5.1607304
13356,40.66999,-73.767006,5.374931
13357,40.666744,-73.73508,5.2159734
13358,40.664944,-73.779274,6.673882
13359,40.65401,-73.744194,5.2769403
13360,40.6715,-73.76808,5.3324184
13361,40.662476,-73.74047,5.1842723
13362,40.656555,-73.7376,5.247265
13363,40.652817,-73.72752,5.25985
13364,40.66805,-73.74641,5.3978043
13365,40.661407,-73.73381,5.1896124
13366,40.651608,-73.73722,5.083082
13367,40.671097,-73.74136,5.288301
13368,40.65673,-73.73607,5.247265
13369,40.664314,-73.77975,6.673882
13370,40.66845,-73.77,5.51614
13371,40.668083,-73.72852,5.1816034
13372,40.66,-73.73859,5.1607304
13373,40.67079,-73.73553,5.248694
13374,40.659878,-73.73971,5.1607304
13375,40.656685,-73.73187,5.247265
13376,40.66953,-73.74235,5.3002605
13377,40.659935,-73.74218,5.1908107
13378,40.66212,-73.75751,5.9379396
13379,40.6707,-73.73523,5.248694
13380,40.663036,-73.772316,6.6584053
13381,40.66804,-73.74592,5.3978043
13382,40.66839,-73.75296,5.5233555
13383,40.66803,-73.74636,5.3978043
13384,40.665737,-73.77717,6.5536594
13385,40.668007,-73.72931,5.1816034
13386,40.668427,-73.76476,5.374931
13387,40.66261,-73.73891,5.1842723
13388,40.654495,-73.73887,5.0930457
13389,40.659184,-73.75228,5.97819
13390,40.652905,-73.73107,5.229926
13391,40.669018,-73.72965,5.1816034
13392,40.65516,-73.73542,5.247265
13393,40.666027,-73.77748,6.5536594
13394,40.655174,-73.72757,5.3039904
13395,40.663822,-73.77969,6.6148148
13396,40.663647,-73.7813,6.6148148
13397,40.703537,-73.7523,5.283018
13398,40.69909,-73.76059,5.4291863
13399,40.70328,-73.747345,5.283098
13400,40.716827,-73.74512,5.5104203
13401,40.711945,-73.77825,6.0747795
13402,40.70617,-73.76959,6.111016
13403,40.704712,-73.74397,5.243969
13404,40.71159,-73.775314,6.222631
13405,40.69836,-73.77826,5.980744
13406,40.699085,-73.76582,5.7335706
13407,40.709312,-73.76718,5.7903957
13408,40.70921,-73.753975,5.330808
13409,40.711704,-73.742355,5.509313
13410,40.708374,-73.744354,5.301372
13411,40.721638,-73.76074,5.32633
13412,40.708694,-73.75769,5.3710747
13413,40.71298,-73.74129,5.509313
13414,40.717052,-73.7565,5.373508
13415,40.710808,-73.75838,5.3710747
13416,40.71979,-73.75198,5.355719
13417,40.705677,-73.73929,5.251339
13418,40.705727,-73.74693,5.301372
13419,40.71858,-73.76199,5.3482084
13420,40.648922,-73.94408,6.2145185
13421,40.650135,-73.93824,6.0368776
13422,40.661545,-73.95964,6.239517
13423,40.658546,-73.949554,6.4912057
13424,40.651886,-73.93293,6.0171494
13425,40.650146,-73.94787,6.3560195
13426,40.662285,-73.92959,6.196942
13427,40.668736,-73.95135,6.5472555
13428,40.65361,-73.9733,6.185999
13429,40.661053,-73.93922,6.1056046
13430,40.65953,-73.95195,6.4912057
13431,40.64996,-73.95274,6.572246
13432,40.669785,-73.97302,6.4428096
13433,40.669483,-73.92976,6.409635
13434,40.66103,-73.95558,6.4370503
13435,40.65247,-73.95803,6.5575953
13436,40.656384,-73.95775,6.533883
13437,40.656384,-73.95775,6.533883
13438,40.648865,-73.94496,6.2145185
13439,40.659138,-73.94756,6.3578944
13440,40.667244,-73.941,6.257639
13441,40.664223,-73.95477,6.362029
13442,40.664692,-73.949196,6.4323516
13443,40.65401,-73.74413,5.2769403
13444,40.66265,-73.7582,5.9379396
13445,40.66318,-73.771904,6.6584053
13446,40.661922,-73.76349,6.547199
13447,40.66571,-73.77823,6.5536594
13448,40.670696,-73.76615,5.3324184
13449,40.665028,-73.77663,6.5536594
13450,40.65755,-73.732895,5.247265
13451,40.65487,-73.74697,5.296471
13452,40.660667,-73.75647,6.2455497
13453,40.66771,-73.73146,5.2055473
13454,40.669212,-73.74792,5.4510827
13455,40.661564,-73.7589,5.9379396
13456,40.6681,-73.78389,6.6117225
13457,40.671394,-73.76668,5.3324184
13458,40.669144,-73.76248,5.336265
13459,40.671528,-73.746796,5.396235
13460,40.6581,-73.7376,5.1607304
13461,40.67075,-73.76168,5.45931
13462,40.6529,-73.73087,5.229926
13463,40.66437,-73.751015,5.6909676
13464,40.669266,-73.775116,5.8659453
13465,40.667797,-73.73069,5.1816034
13466,40.659164,-73.75016,5.780335
13467,40.660854,-73.74053,5.1607304
13468,40.66326,-73.75468,5.858518
13469,40.658447,-73.757904,6.7781563
13470,40.669308,-73.75508,5.5247374
13471,40.661835,-73.76353,6.547199
13472,40.66342,-73.766884,6.547199
13473,40.6666,-73.730865,5.186778
13474,40.65444,-73.73727,5.124381
13475,40.66886,-73.77134,5.51614
13476,40.670834,-73.75013,5.510357
13477,40.66793,-73.74334,5.3002605
13478,40.594242,-73.76328,5.075226
13479,40.59439,-73.774345,5.2039804
13480,40.609596,-73.7446,5.483049
13481,40.60308,-73.74921,5.3502965
13482,40.609596,-73.7446,5.483049
13483,40.598495,-73.7391,5.007869
13484,40.597027,-73.76042,5.107954
13485,40.597046,-73.7603,5.107954
13486,40.60428,-73.74782,5.3502965
13487,40.604313,-73.74758,5.3502965
13488,40.593113,-73.78356,5.3012757
13489,40.60785,-73.76728,5.085093
13490,40.605362,-73.75796,5.4087873
13491,40.605362,-73.75796,5.4087873
13492,40.61063,-73.74769,5.5041304
13493,40.59534,-73.763145,5.107954
13494,40.6001,-73.738556,5.007869
13495,40.60486,-73.7578,5.4087873
13496,40.59468,-73.75984,5.075226
13497,40.608353,-73.75992,5.1550136
13498,40.599426,-73.760345,5.157431
13499,40.60848,-73.75755,5.3610907
13500,40.607,-73.76468,5.196533
13501,40.59827,-73.759995,5.157431
13502,40.60655,-73.75357,5.53978
13503,40.611504,-73.765976,5.1411815
13504,40.602695,-73.75483,5.368891
13505,40.594364,-73.772224,5.102311
13506,40.604267,-73.74801,5.3502965
13507,40.59923,-73.7516,5.241496
13508,40.596447,-73.770096,5.1011
13509,40.59644,-73.73902,4.9954286
13510,40.594704,-73.77619,5.2600274
13511,40.598324,-73.74348,5.0412936
13512,40.613056,-73.76636,5.0762496
13513,40.60566,-73.74336,5.3312306
13514,40.605297,-73.76901,5.104961
13515,40.598724,-73.7504,5.241496
13516,40.59971,-73.76082,5.157431
13517,40.59998,-73.74136,5.0412936
13518,40.598175,-73.75887,5.211523
13519,40.60188,-73.75976,5.272813
13520,40.595524,-73.75939,5.1445837
13521,40.595795,-73.74949,5.131983
13522,40.59385,-73.76384,5.075226
13523,40.59893,-73.76028,5.157431
13524,40.608063,-73.7434,
13525,40.59947,-73.74828,5.2064905
13526,40.596554,-73.76808,5.088637
13527,40.604267,-73.74801,5.3502965
13528,40.597755,-73.762184,5.107954
13529,40.60188,-73.75886,5.272813
13530,40.59488,-73.77274,5.1471777
13531,40.602318,-73.76137,5.1920943
13532,40.605446,-73.75834,5.4087873
13533,40.59569,-73.74016,4.9954286
13534,40.595753,-73.74018,4.9954286
13535,40.609596,-73.7446,5.483049
13536,40.60486,-73.7578,5.4087873
13537,40.604267,-73.74801,5.3502965
13538,40.607998,-73.74577,5.483049
13539,40.609596,-73.7446,5.483049
13540,40.609596,-73.7446,5.483049
13541,40.59538,-73.74007,4.9954286
13542,40.609295,-73.748856,5.5477223
13543,40.603573,-73.74255,5.103626
13544,40.595825,-73.74345,5.019423
13545,40.603535,-73.76932,5.0937247
13546,40.60428,-73.74782,5.3502965
13547,40.598312,-73.74591,5.1318164
13548,40.595463,-73.74935,5.131983
13549,40.595825,-73.74345,5.019423
13550,40.595894,-73.7606,5.107954
13551,40.60602,-73.7652,5.196533
13552,40.59331,-73.75799,5.0869875
13553,40.597927,-73.75506,5.1721764
13554,40.60265,-73.76011,5.1920943
13555,40.62438,-73.94424,5.918331
13556,40.636646,-73.96014,6.305138
13557,40.63271,-73.94846,6.0707545
13558,40.64006,-73.95101,6.3376975
13559,40.630707,-73.94403,6.13832
13560,40.64122,-73.96282,6.3590894
13561,40.64006,-73.95101,6.3376975
13562,40.636227,-73.938705,6.1876864
13563,40.633698,-73.9527,6.1967597
13564,40.634197,-73.951744,6.142957
13565,40.63504,-73.95024,6.142957
13566,40.635006,-73.9437,6.229117
13567,40.632618,-73.9644,6.1915197
13568,40.635796,-73.960655,6.247058
13569,40.64425,-73.94915,6.322928
13570,40.6386,-73.97023,6.381028
13571,40.641354,-73.95114,6.3376975
13572,40.626205,-73.946045,5.942719
13573,40.622246,-73.931786,5.7970085
13574,40.64618,-73.95128,6.4905295
13575,40.63594,-73.95987,6.305138
13576,40.628384,-73.97205,6.288401
13577,40.64435,-73.9486,6.322928
13578,40.64299,-73.95682,6.52518
13579,40.63444,-73.95112,6.142957
13580,40.709846,-73.73365,5.3117824
13581,40.72029,-73.73049,5.4239545
13582,40.70771,-73.73667,5.251339
13583,40.708706,-73.72911,5.2331877
13584,40.70167,-73.73134,5.1585035
13585,40.703053,-73.72867,5.1587505
13586,40.720158,-73.73144,5.460693
13587,40.70758,-73.735176,5.251339
13588,40.703205,-73.73531,5.2115064
13589,40.701107,-73.72899,5.1585035
13590,40.698685,-73.73829,5.2101426
13591,40.718433,-73.73624,5.4867334
13592,40.699677,-73.73269,5.1941934
13593,40.7207,-73.73464,5.4867334
13594,40.714474,-73.73458,5.482917
13595,40.703556,-73.737366,5.2115064
13596,40.722183,-73.73378,5.4001303
13597,40.714375,-73.73742,5.482917
13598,40.70168,-73.73158,5.1941934
13599,40.71043,-73.73362,5.3117824
13600,40.702602,-73.73858,5.2115064
13601,40.70313,-73.7314,5.182762
13602,40.70159,-73.72871,5.1585035
13603,40.713406,-73.73676,5.482917
13604,40.704308,-73.72933,5.1587505
13605,40.714878,-73.73048,5.408599
13606,40.70265,-73.73263,5.182762
13607,40.7066,-73.7316,5.2104297
13608,40.704296,-73.72898,5.1587505
13609,40.706924,-73.730705,5.178285
13610,40.71571,-73.7367,5.520152
13611,40.704296,-73.72898,5.1587505
13612,40.720627,-73.72973,5.4239545
13613,40.700493,-73.737366,5.22051
13614,40.542694,-74.17593,5.715721
13615,40.546574,-74.21345,5.722348
13616,40.585045,-74.16188,5.92845
13617,40.520966,-74.211044,5.593739
13618,40.550858,-74.19251,5.720934
13619,40.539867,-74.210785,5.6502857
13620,40.530533,-74.18926,5.619891
13621,40.82993,-73.9495,6.7158732
13622,40.827747,-73.9509,6.8086905
13623,40.835316,-73.9465,6.5822926
13624,40.83462,-73.94727,6.616542
13625,40.828995,-73.94728,6.7809854
13626,40.824066,-73.94443,6.941836
13627,40.826015,-73.938515,6.756441
13628,40.832684,-73.94413,6.625573
13629,40.847736,-73.94008,6.700886
13630,40.823437,-73.94258,6.8184943
13631,40.83244,-73.94259,6.6000113
13632,40.829453,-73.94721,6.7809854
13633,40.84513,-73.93964,6.733271
13634,40.841633,-73.93896,6.7228675
13635,40.823437,-73.94258,6.8184943
13636,40.82881,-73.94762,6.7809854
13637,40.824066,-73.94443,6.941836
13638,40.83562,-73.94219,6.618135
13639,40.83205,-73.949036,6.616542
13640,40.835533,-73.94488,6.6061563
13641,40.847736,-73.94008,6.700886
13642,40.82831,-73.949524,6.8086905
13643,40.83479,-73.94331,6.6061563
13644,40.826485,-73.94016,6.756441
13645,40.82423,-73.9479,6.981424
13646,40.829067,-73.9494,6.7158732
13647,40.83479,-73.94331,6.6061563
13648,40.830456,-73.9457,6.792814
13649,40.829067,-73.9494,6.7158732
13650,40.847736,-73.94008,6.700886
13651,40.83104,-73.94658,6.7809854
13652,40.82528,-73.94621,6.878589
13653,40.831474,-73.947365,6.7809854
13654,40.83682,-73.9466,6.5822926
13655,40.829952,-73.9457,6.792814
13656,40.847736,-73.94008,6.700886
13657,40.824856,-73.95014,6.92673
13658,40.847736,-73.94008,6.700886
13659,40.8242,-73.9398,6.8184943
13660,40.837383,-73.94562,6.6061563
13661,40.857426,-73.88279,6.4838943
13662,40.870632,-73.91706,6.469241
13663,40.863873,-73.908455,6.5743
13664,40.869453,-73.90593,6.446996
13665,40.868416,-73.889404,6.4976964
13666,40.86459,-73.90775,6.5141044
13667,40.864697,-73.89184,6.615962
13668,40.870975,-73.9174,6.469241
13669,40.871883,-73.91884,6.4880986
13670,40.852386,-73.91508,6.204519
13671,40.871246,-73.91693,6.469241
13672,40.871315,-73.91576,6.469241
13673,40.871296,-73.9169,6.469241
13674,40.867588,-73.92366,6.6432557
13675,40.870632,-73.91706,6.469241
13676,40.85741,-73.88433,6.4838943
13677,40.868416,-73.889404,6.4976964
13678,40.857456,-73.88429,6.4838943
13679,40.87255,-73.9189,6.4880986
13680,40.86465,-73.90821,6.5743
13681,40.871315,-73.91576,6.469241
13682,40.87255,-73.9189,6.4880986
13683,40.863422,-73.89879,6.5716553
13684,40.85737,-73.88437,6.4838943
13685,40.865128,-73.90682,6.5141044
13686,40.869453,-73.90593,6.446996
13687,40.863873,-73.908455,6.5743
13688,40.866753,-73.888084,6.462425
13689,40.871315,-73.91576,6.469241
13690,40.869453,-73.90593,6.446996
13691,40.86386,-73.92307,6.742734
13692,40.870174,-73.916725,6.469241
13693,40.871296,-73.9169,6.469241
13694,40.864647,-73.90821,6.5743
13695,40.863422,-73.89879,6.5716553
13696,40.872402,-73.885216,6.443967
13697,40.860847,-73.89998,6.6377625
13698,40.860847,-73.89998,6.6377625
13699,40.596474,-73.77059,5.1011
13700,40.608627,-73.75622,5.5171514
13701,40.593857,-73.75809,5.0869875
13702,40.5958,-73.73854,4.9954286
13703,40.598595,-73.7389,5.007869
13704,40.59572,-73.750565,5.1598816
13705,40.59708,-73.77782,5.2433786
13706,40.597122,-73.77815,5.2433786
13707,40.593678,-73.75845,5.0869875
13708,40.595795,-73.74949,5.131983
13709,40.609596,-73.7446,5.483049
13710,40.599514,-73.748344,5.2064905
13711,40.596863,-73.77729,5.2433786
13712,40.612377,-73.770515,5.077794
13713,40.60336,-73.76089,5.1920943
13714,40.598534,-73.74882,5.2064905
13715,40.596302,-73.76367,5.107954
13716,40.59362,-73.7582,5.0869875
13717,40.611813,-73.76649,5.0762496
13718,40.597004,-73.77781,5.2433786
13719,40.602226,-73.76061,5.1920943
13720,40.600983,-73.76689,5.103508
13721,40.61209,-73.766754,5.0762496
13722,40.599934,-73.74579,5.1318164
13723,40.609596,-73.7446,5.483049
13724,40.595493,-73.75037,5.1598816
13725,40.608074,-73.75031,5.5477223
13726,40.599007,-73.758064,5.211523
13727,40.607502,-73.75966,5.3610907
13728,40.60428,-73.74782,5.3502965
13729,40.595795,-73.74949,5.131983
13730,40.606552,-73.76319,5.196533
13731,40.609417,-73.75672,5.3610907
13732,40.60428,-73.74782,5.3502965
13733,40.613075,-73.76653,5.0762496
13734,40.6055,-73.7584,5.4087873
13735,40.609596,-73.7446,5.483049
13736,40.609802,-73.75953,5.3610907
13737,40.850376,-73.83329,6.483286
13738,40.849716,-73.85992,6.3103027
13739,40.854504,-73.855515,6.062709
13740,40.87075,-73.86307,6.1899667
13741,40.869,-73.853065,6.1101403
13742,40.8539,-73.86323,6.148615
13743,40.853138,-73.863625,6.1831245
13744,40.864193,-73.86791,6.214795
13745,40.850945,-73.85447,6.1118584
13746,40.851727,-73.848785,6.2095547
13747,40.864193,-73.86791,6.214795
13748,40.870922,-73.87033,6.391045
13749,40.869175,-73.85212,6.1101403
13750,40.855682,-73.85058,6.137648
13751,40.864193,-73.86791,6.214795
13752,40.860424,-73.84857,5.9990263
13753,40.864925,-73.84107,5.97796
13754,40.854877,-73.86926,6.1216474
13755,40.851955,-73.853065,6.1118584
13756,40.860268,-73.869804,6.199011
13757,40.85616,-73.86937,6.1216474
13758,40.851772,-73.83439,6.5259995
13759,40.854877,-73.86926,6.1216474
13760,40.853077,-73.84875,6.2095547
13761,40.85259,-73.86318,6.1831245
13762,40.871567,-73.85391,6.090311
13763,40.859234,-73.86907,6.1737685
13764,40.85118,-73.86167,6.1831245
13765,40.860268,-73.869804,6.199011
13766,40.860832,-73.863014,6.1992054
13767,40.85275,-73.867035,6.166795
13768,40.859238,-73.84959,6.0416613
13769,40.869236,-73.85303,6.1101403
13770,40.868286,-73.86324,6.1892447
13771,40.85275,-73.867035,6.166795
13772,40.86256,-73.85715,6.0681767
13773,40.857212,-73.850235,6.0416613
13774,40.85529,-73.85769,6.1195545
13775,40.86656,-73.85162,6.1101403
13776,40.866436,-73.84135,6.136223
13777,40.86158,-73.90276,6.5168695
13778,40.86183,-73.9026,6.5168695
13779,40.869453,-73.90593,6.446996
13780,40.867584,-73.89506,6.527276
13781,40.868332,-73.883194,6.4022784
13782,40.8659,-73.89172,6.615962
13783,40.871834,-73.91952,6.4880986
13784,40.85559,-73.89007,6.8713326
13785,40.871883,-73.91884,6.4880986
13786,40.871315,-73.91576,6.469241
13787,40.86397,-73.92301,6.742734
13788,40.871834,-73.91952,6.4880986
13789,40.84882,-73.90534,6.335372
13790,40.870174,-73.916725,6.469241
13791,40.86663,-73.89899,6.4665394
13792,40.868332,-73.883194,6.4022784
13793,40.868332,-73.883194,6.4022784
13794,40.866707,-73.898926,6.4665394
13795,40.870937,-73.91832,6.4880986
13796,40.87255,-73.9189,6.4880986
13797,40.855442,-73.90736,6.374999
13798,40.869835,-73.915184,6.469241
13799,40.85217,-73.900795,6.710319
13800,40.871883,-73.91884,6.4880986
13801,40.871094,-73.91527,6.469241
13802,40.8683,-73.926094,6.6225834
13803,40.86359,-73.89082,6.615962
13804,40.869453,-73.90593,6.446996
13805,40.863953,-73.90788,6.5141044
13806,40.8716,-73.88264,6.443967
13807,40.867584,-73.89506,6.527276
13808,40.858204,-73.901024,6.710145
13809,40.8716,-73.88264,6.443967
13810,40.867584,-73.89506,6.527276
13811,40.848953,-73.922554,6.291835
13812,40.863953,-73.90788,6.5141044
13813,40.8683,-73.926094,6.6225834
13814,40.869534,-73.90602,6.446996
13815,40.867584,-73.89506,6.527276
13816,40.868008,-73.92182,6.6432557
13817,40.85314,-73.93905,6.655974
13818,40.851025,-73.94067,6.655974
13819,40.85559,-73.937744,6.5945444
13820,40.85107,-73.941086,6.655974
13821,40.857788,-73.934425,6.5880923
13822,40.85337,-73.93559,6.677924
13823,40.857788,-73.934425,6.5880923
13824,40.85314,-73.93905,6.655974
13825,40.851234,-73.94011,6.655974
13826,40.85404,-73.939316,6.5945444
13827,40.85337,-73.93559,6.677924
13828,40.85559,-73.937744,6.5945444
13829,40.85314,-73.93905,6.655974
13830,40.863937,-73.928795,6.6851816
13831,40.85314,-73.93905,6.655974
13832,40.856285,-73.9348,6.61781
13833,40.85314,-73.93905,6.655974
13834,40.864017,-73.92742,6.6851816
13835,40.857456,-73.93594,6.5880923
13836,40.856285,-73.9348,6.61781
13837,40.85314,-73.93905,6.655974
13838,40.863976,-73.92771,6.6851816
13839,40.856285,-73.9348,6.61781
13840,40.857788,-73.934425,6.5880923
13841,40.85314,-73.93905,6.655974
13842,40.85314,-73.93905,6.655974
13843,40.856285,-73.9348,6.61781
13844,40.85314,-73.93905,6.655974
13845,40.85314,-73.93905,6.655974
13846,40.859062,-73.932335,6.6446614
13847,40.866352,-73.92968,6.5557375
13848,40.8569,-73.936356,6.5880923
13849,40.85145,-73.9419,6.655974
13850,40.858055,-73.932175,6.6446614
13851,40.857788,-73.934425,6.5880923
13852,40.8569,-73.936356,6.5880923
13853,40.85509,-73.934074,6.61781
13854,40.864017,-73.92742,6.6851816
13855,40.856285,-73.9348,6.61781
13856,40.85775,-73.93288,6.6446614
13857,40.85559,-73.937744,6.5945444
13858,40.791546,-73.96709,6.476273
13859,40.79353,-73.97024,6.567206
13860,40.785618,-73.956924,6.5628614
13861,40.788605,-73.97012,6.5738864
13862,40.787346,-73.95371,6.653717
13863,40.788605,-73.97012,6.5738864
13864,40.787994,-73.95445,6.5576153
13865,40.788605,-73.97012,6.5738864
13866,40.793365,-73.97045,6.567206
13867,40.787346,-73.95371,6.653717
13868,40.789825,-73.9677,6.471786
13869,40.787994,-73.95445,6.5576153
13870,40.791973,-73.96921,6.567206
13871,40.79353,-73.97024,6.567206
13872,40.793804,-73.97134,6.558801
13873,40.787346,-73.95371,6.653717
13874,40.788605,-73.97012,6.5738864
13875,40.791546,-73.96709,6.476273
13876,40.79367,-73.96555,6.476273
13877,40.79367,-73.96555,6.476273
13878,40.793804,-73.97134,6.558801
13879,40.788605,-73.97012,6.5738864
13880,40.788605,-73.97012,6.5738864
13881,40.791527,-73.96891,6.567206
13882,40.795612,-73.97333,6.558801
13883,40.788303,-73.97135,6.655421
13884,40.795986,-73.97229,6.558801
13885,40.791126,-73.97,6.567206
13886,40.85184,-73.94128,6.655974
13887,40.85867,-73.93221,6.6446614
13888,40.855167,-73.93424,6.61781
13889,40.863937,-73.928795,6.6851816
13890,40.85184,-73.94128,6.655974
13891,40.85337,-73.93559,6.677924
13892,40.85031,-73.93514,6.720604
13893,40.854275,-73.935036,6.61781
13894,40.85184,-73.94128,6.655974
13895,40.8553,-73.93545,6.61781
13896,40.855167,-73.93424,6.61781
13897,40.85145,-73.9419,6.655974
13898,40.8511,-73.9416,6.655974
13899,40.857788,-73.934425,6.5880923
13900,40.85348,-73.93656,6.655974
13901,40.851086,-73.941505,6.655974
13902,40.85509,-73.934074,6.61781
13903,40.85444,-73.937805,6.5945444
13904,40.8569,-73.936356,6.5880923
13905,40.85314,-73.93905,6.655974
13906,40.857788,-73.934425,6.5880923
13907,40.854897,-73.93819,6.5945444
13908,40.854275,-73.935036,6.61781
13909,40.85109,-73.941505,6.655974
13910,40.8569,-73.936356,6.5880923
13911,40.85314,-73.93905,6.655974
13912,40.8553,-73.93545,6.61781
13913,40.8583,-73.93273,6.6446614
13914,40.857456,-73.93594,6.5880923
13915,40.857788,-73.934425,6.5880923
13916,40.853474,-73.93605,6.677924
13917,40.85775,-73.93288,6.6446614
13918,40.85163,-73.93622,6.677924
13919,40.85337,-73.93559,6.677924
13920,40.86787,-73.92648,6.6225834
13921,40.8569,-73.936356,6.5880923
13922,40.85314,-73.93905,6.655974
13923,40.851498,-73.93643,6.677924
13924,40.852596,-73.93529,6.677924
13925,40.85453,-73.938934,6.5945444
13926,40.851234,-73.94011,6.655974
13927,40.858215,-73.93421,6.5880923
13928,40.851173,-73.93407,6.677924
13929,40.855618,-73.938416,6.5945444
13930,40.851025,-73.94067,6.655974
13931,40.85314,-73.93905,6.655974
13932,40.855618,-73.938416,6.5945444
13933,40.854275,-73.935036,6.61781
13934,40.85004,-73.93941,6.700886
13935,40.858055,-73.932175,6.6446614
13936,40.857044,-73.93727,6.5728264
13937,40.85314,-73.93905,6.655974
13938,40.85026,-73.93889,6.700886
13939,40.85941,-73.92901,6.6927843
13940,40.82611,-73.95236,6.769069
13941,40.82495,-73.95036,6.92673
13942,40.82512,-73.94882,6.981424
13943,40.836082,-73.945564,6.6061563
13944,40.831726,-73.94072,6.6000113
13945,40.836082,-73.945564,6.6061563
13946,40.836082,-73.945564,6.6061563
13947,40.826485,-73.94016,6.756441
13948,40.837006,-73.944725,6.6061563
13949,40.836533,-73.93868,6.618135
13950,40.845837,-73.93297,6.6744776
13951,40.836082,-73.945564,6.6061563
13952,40.828995,-73.94729,6.7809854
13953,40.84378,-73.94302,6.682851
13954,40.83867,-73.93699,6.6651096
13955,40.824497,-73.94401,6.941836
13956,40.84378,-73.94302,6.682851
13957,40.82906,-73.943565,6.792814
13958,40.827183,-73.94375,6.8712983
13959,40.8242,-73.93979,6.8184943
13960,40.837006,-73.944725,6.6061563
13961,40.83518,-73.94693,6.5822926
13962,40.831585,-73.93084,6.4010477
13963,40.8259,-73.95264,6.769069
13964,40.831726,-73.94072,6.6000113
13965,40.8242,-73.93979,6.8184943
13966,40.832687,-73.92762,6.299469
13967,40.829372,-73.94004,6.7060385
13968,40.823917,-73.9418,6.8184943
13969,40.824856,-73.95014,6.92673
13970,40.824615,-73.941414,6.8184943
13971,40.8242,-73.93979,6.8184943
13972,40.846184,-73.939384,6.733271
13973,40.829,-73.95,6.7158732
13974,40.824615,-73.941414,6.8184943
13975,40.838436,-73.93755,6.6651096
13976,40.83267,-73.94022,6.6000113
13977,40.835815,-73.9465,6.5822926
13978,40.835316,-73.9465,6.5822926
13979,40.824615,-73.941414,6.8184943
13980,40.85031,-73.93514,6.720604
13981,40.851025,-73.94067,6.655974
13982,40.85891,-73.93229,6.6446614
13983,40.857044,-73.93727,6.5728264
13984,40.850594,-73.93526,6.677924
13985,40.85851,-73.93193,6.6446614
13986,40.853676,-73.93473,6.61781
13987,40.850594,-73.93526,6.677924
13988,40.85348,-73.93656,6.655974
13989,40.85404,-73.939316,6.5945444
13990,40.854275,-73.935036,6.61781
13991,40.85109,-73.941505,6.655974
13992,40.85509,-73.934074,6.61781
13993,40.854275,-73.935036,6.61781
13994,40.85184,-73.94128,6.655974
13995,40.85775,-73.93288,6.6446614
13996,40.85314,-73.93905,6.655974
13997,40.857788,-73.934425,6.5880923
13998,40.85026,-73.93889,6.700886
13999,40.85509,-73.934074,6.61781
14000,40.85026,-73.93889,6.700886
14001,40.850014,-73.93754,6.700886
14002,40.853474,-73.93605,6.677924
14003,40.85775,-73.93288,6.6446614
14004,40.85314,-73.93905,6.655974
14005,40.855415,-73.938896,6.5945444
14006,40.85348,-73.93656,6.655974
14007,40.855362,-73.938774,6.5945444
14008,40.857788,-73.934425,6.5880923
14009,40.851498,-73.93643,6.677924
14010,40.858055,-73.932175,6.6446614
14011,40.857788,-73.934425,6.5880923
14012,40.857788,-73.934425,6.5880923
14013,40.85867,-73.93221,6.6446614
14014,40.854897,-73.93819,6.5945444
14015,40.85184,-73.94128,6.655974
14016,40.85184,-73.94128,6.655974
14017,40.8553,-73.93545,6.61781
14018,40.858055,-73.932175,6.6446614
14019,40.85337,-73.93559,6.677924
14020,40.8569,-73.936356,6.5880923
14021,40.82038,-73.91097,6.431451
14022,40.817585,-73.90893,6.3277526
14023,40.82244,-73.890076,6.884565
14024,40.82244,-73.890076,6.884565
14025,40.81041,-73.90571,7.261828
14026,40.82038,-73.910934,6.431451
14027,40.82038,-73.910934,6.431451
14028,40.820232,-73.91254,6.431451
14029,40.816086,-73.90383,6.4995193
14030,40.814903,-73.9081,6.5587754
14031,40.78868,-73.94719,6.6663737
14032,40.791275,-73.94867,6.6862683
14033,40.798027,-73.93481,6.614828
14034,40.788597,-73.94117,6.523315
14035,40.78868,-73.94719,6.6663737
14036,40.797966,-73.94897,6.8326454
14037,40.7886,-73.9413,6.523315
14038,40.790806,-73.94632,6.6862683
14039,40.79554,-73.94945,6.6971354
14040,40.7947,-73.94357,6.7983837
14041,40.78868,-73.94719,6.6663737
14042,40.79389,-73.9386,6.60055
14043,40.78868,-73.94719,6.6663737
14044,40.7947,-73.94357,6.7983837
14045,40.794704,-73.9436,6.7983837
14046,40.79629,-73.949036,6.771577
14047,40.787514,-73.948044,6.6663737
14048,40.79629,-73.949036,6.771577
14049,40.79613,-73.934204,6.60055
14050,40.853474,-73.93605,6.677924
14051,40.86787,-73.92648,6.6225834
14052,40.85444,-73.937805,6.5945444
14053,40.858055,-73.932175,6.6446614
14054,40.852596,-73.93529,6.677924
14055,40.858055,-73.932175,6.6446614
14056,40.85559,-73.937744,6.5945444
14057,40.858055,-73.932175,6.6446614
14058,40.85004,-73.93941,6.700886
14059,40.855618,-73.938416,6.5945444
14060,40.85109,-73.941505,6.655974
14061,40.858055,-73.932175,6.6446614
14062,40.85337,-73.93559,6.677924
14063,40.853317,-73.93975,6.655974
14064,40.853317,-73.93975,6.655974
14065,40.859062,-73.932335,6.6446614
14066,40.85509,-73.934074,6.61781
14067,40.85867,-73.93221,6.6446614
14068,40.857044,-73.93727,6.5728264
14069,40.857456,-73.93594,6.5880923
14070,40.85891,-73.93229,6.6446614
14071,40.857456,-73.93594,6.5880923
14072,40.85031,-73.93514,6.720604
14073,40.85314,-73.93905,6.655974
14074,40.851498,-73.93643,6.677924
14075,40.85026,-73.93889,6.700886
14076,40.85314,-73.93905,6.655974
14077,40.855618,-73.938416,6.5945444
14078,40.853317,-73.93975,6.655974
14079,40.853676,-73.93473,6.61781
14080,40.855415,-73.938896,6.5945444
14081,40.85314,-73.93905,6.655974
14082,40.85867,-73.93221,6.6446614
14083,40.866825,-73.930305,6.489373
14084,40.85867,-73.93221,6.6446614
14085,40.854275,-73.935036,6.61781
14086,40.852757,-73.93992,6.655974
14087,40.854275,-73.935036,6.61781
14088,40.855362,-73.938774,6.5945444
14089,40.857788,-73.934425,6.5880923
14090,40.777046,-73.914024,6.6353827
14091,40.781178,-73.90487,6.366812
14092,40.781986,-73.91629,6.2472796
14093,40.780674,-73.908295,6.5861998
14094,40.781178,-73.90487,6.366812
14095,40.775345,-73.908516,6.735067
14096,40.77619,-73.91737,6.5435104
14097,40.775898,-73.908775,6.735067
14098,40.7799,-73.90924,6.5861998
14099,40.77694,-73.9075,6.735067
14100,40.77971,-73.90907,6.5861998
14101,40.778008,-73.90464,6.6227655
14102,40.7785,-73.91406,6.50739
14103,40.781178,-73.90487,6.366812
14104,40.781178,-73.90487,6.366812
14105,40.776516,-73.90802,6.735067
14106,40.78006,-73.90904,6.5861998
14107,40.781178,-73.90487,6.366812
14108,40.780754,-73.908195,6.5861998
14109,40.774876,-73.89959,6.7700353
14110,40.773106,-73.90159,6.8818054
14111,40.78169,-73.90965,6.3726597
14112,40.776028,-73.90814,6.735067
14113,40.774113,-73.91251,7.1238575
14114,40.775898,-73.908775,6.735067
14115,40.77977,-73.90939,6.5861998
14116,40.781178,-73.90487,6.366812
14117,40.77974,-73.90771,6.5861998
14118,40.781178,-73.90487,6.366812
14119,40.696552,-73.98727,7.283495
14120,40.688416,-73.981415,7.6017942
14121,40.687954,-73.994804,7.360129
14122,40.69422,-73.9961,7.178353
14123,40.68579,-73.99044,7.4023933
14124,40.69321,-73.99403,7.178353
14125,40.691776,-73.991516,7.2998867
14126,40.691517,-73.9906,7.2998867
14127,40.689445,-73.99605,7.360129
14128,40.690136,-73.98311,7.4660926
14129,40.690285,-73.99022,7.2998867
14130,40.696358,-73.99237,7.0125074
14131,40.689445,-73.99605,7.360129
14132,40.690285,-73.99022,7.2998867
14133,40.692696,-73.97956,7.404909
14134,40.697086,-73.9945,7.0125074
14135,40.68842,-73.981415,7.6017942
14136,40.68898,-73.99437,7.360129
14137,40.69165,-73.98573,7.5550714
14138,40.690136,-73.98311,7.4660926
14139,40.687485,-73.9815,7.6017942
14140,40.69278,-73.99336,7.178353
14141,40.692783,-73.97886,7.404909
14142,40.68522,-73.9788,7.689033
14143,40.696594,-73.988396,7.283495
14144,40.69223,-73.981346,7.4660926
14145,40.692474,-73.98507,7.5550714
14146,40.68979,-73.98496,7.5550714
14147,40.686035,-73.98144,8.003737
14148,40.689137,-73.99457,7.360129
14149,40.695675,-73.99143,7.178353
14150,40.69381,-73.99451,7.178353
14151,40.69381,-73.99451,7.178353
14152,40.69676,-73.99583,7.0125074
14153,40.697144,-73.99564,7.0125074
14154,40.691406,-73.99558,7.2998867
14155,40.691517,-73.9906,7.2998867
14156,40.692474,-73.98507,7.5550714
14157,40.687084,-73.98255,7.6017942
14158,40.690136,-73.98311,7.4660926
14159,40.69381,-73.99451,7.178353
14160,40.68979,-73.98496,7.5550714
14161,40.68953,-73.986465,7.5550714
14162,40.695965,-73.9936,7.0125074
14163,40.686546,-73.992355,7.360129
14164,40.68491,-73.97854,7.689033
14165,40.695553,-73.9921,7.178353
14166,40.691505,-73.99558,7.2998867
14167,40.68856,-73.99047,7.360129
14168,40.687843,-73.97406,7.2790937
14169,40.687996,-73.9945,7.360129
14170,40.691517,-73.9906,7.2998867
14171,40.69505,-73.983574,7.435367
14172,40.69381,-73.99451,7.178353
14173,40.697086,-73.9945,7.0125074
14174,40.691517,-73.9906,7.2998867
14175,40.69278,-73.99336,7.178353
14176,40.687084,-73.98255,7.6017942
14177,40.687553,-73.97398,7.2790937
14178,40.687836,-73.991425,7.360129
14179,40.692112,-73.97833,7.343974
14180,40.691517,-73.9906,7.2998867
14181,40.693424,-73.982704,7.435367
14182,40.691517,-73.9906,7.2998867
14183,40.691505,-73.99558,7.2998867
14184,40.687553,-73.97398,7.2790937
14185,40.687485,-73.9815,7.6017942
14186,40.692696,-73.97956,7.404909
14187,40.692474,-73.98507,7.5550714
14188,40.691906,-73.992966,7.2998867
14189,40.69207,-73.98021,7.343974
14190,40.687553,-73.97398,7.2790937
14191,40.69316,-73.99318,7.178353
14192,40.687553,-73.97398,7.2790937
14193,40.696636,-73.99548,7.0125074
14194,40.687847,-73.99481,7.360129
14195,40.69381,-73.99451,7.178353
14196,40.69676,-73.99583,7.0125074
14197,40.69381,-73.99451,7.178353
14198,40.69381,-73.99451,7.178353
14199,40.694107,-73.99568,7.178353
14200,40.68522,-73.9788,7.689033
14201,40.686195,-73.99501,7.4023933
14202,40.692696,-73.97956,7.404909
14203,40.689766,-73.9896,7.4504037
14204,40.687954,-73.994804,7.360129
14205,40.69381,-73.99451,7.178353
14206,40.686195,-73.99501,7.4023933
14207,40.691776,-73.991516,7.2998867
14208,40.687553,-73.97398,7.2790937
14209,40.693424,-73.982704,7.435367
14210,40.69223,-73.981346,7.4660926
14211,40.69718,-73.99659,6.7676997
14212,40.686443,-73.98427,7.647764
14213,40.687553,-73.97398,7.2790937
14214,40.68979,-73.98496,7.5550714
14215,40.692474,-73.98507,7.5550714
14216,40.68979,-73.98496,7.5550714
14217,40.691776,-73.991516,7.2998867
14218,40.68979,-73.98496,7.5550714
14219,40.696594,-73.988396,7.283495
14220,40.69583,-73.99199,7.178353
14221,40.69207,-73.98021,7.343974
14222,40.69207,-73.98021,7.343974
14223,40.684895,-73.98143,8.003737
14224,40.695377,-73.995575,7.178353
14225,40.68491,-73.97854,7.689033
14226,40.69718,-73.99659,6.7676997
14227,40.69207,-73.98021,7.343974
14228,40.69583,-73.99199,7.178353
14229,40.695377,-73.995575,7.178353
14230,40.689423,-73.98809,7.5531025
14231,40.69456,-73.98269,7.435367
14232,40.687847,-73.99481,7.360129
14233,40.684593,-73.99159,7.4023933
14234,40.69456,-73.98269,7.435367
14235,40.69165,-73.98573,7.5550714
14236,40.697094,-73.9879,7.283495
14237,40.68768,-73.98533,7.647764
14238,40.687553,-73.97398,7.2790937
14239,40.69165,-73.98573,7.5550714
14240,40.697094,-73.9879,7.283495
14241,40.68842,-73.981415,7.6017942
14242,40.69647,-73.99513,7.0125074
14243,40.692112,-73.99153,7.2998867
14244,40.696358,-73.99237,7.0125074
14245,40.692875,-73.99673,6.9044123
14246,40.69505,-73.983574,7.435367
14247,40.690166,-73.994995,7.2998867
14248,40.696594,-73.988396,7.283495
14249,40.69562,-73.98869,7.390665
14250,40.69159,-73.99315,7.2998867
14251,40.68979,-73.98496,7.5550714
14252,40.69583,-73.99199,7.178353
14253,40.692696,-73.97956,7.404909
14254,40.693424,-73.982704,7.435367
14255,40.687553,-73.97398,7.2790937
14256,40.69165,-73.98573,7.5550714
14257,40.69505,-73.983574,7.435367
14258,40.6924,-73.978806,7.343974
14259,40.697094,-73.9879,7.283495
14260,40.69103,-73.99628,7.2998867
14261,40.689766,-73.9896,7.4504037
14262,40.69159,-73.99315,7.2998867
14263,40.684593,-73.99159,7.4023933
14264,40.687553,-73.97398,7.2790937
14265,40.692474,-73.98507,7.5550714
14266,40.69505,-73.983574,7.435367
14267,40.689342,-73.97434,7.2790937
14268,40.692474,-73.98507,7.5550714
14269,40.692783,-73.97886,7.404909
14270,40.69676,-73.99583,7.0125074
14271,40.690136,-73.98311,7.4660926
14272,40.695965,-73.9936,7.0125074
14273,40.69223,-73.981346,7.4660926
14274,40.68979,-73.98496,7.5550714
14275,40.69056,-73.99349,7.2998867
14276,40.69505,-73.983574,7.435367
14277,40.685394,-73.982315,8.003737
14278,40.69712,-73.996216,7.0125074
14279,40.691517,-73.9906,7.2998867
14280,40.69591,-73.99646,7.0125074
14281,40.688416,-73.978584,7.4204826
14282,40.69505,-73.983574,7.435367
14283,40.69054,-73.99088,7.2998867
14284,40.69712,-73.996216,7.0125074
14285,40.69431,-73.99574,7.178353
14286,40.68693,-73.983406,7.6017942
14287,40.69505,-73.983574,7.435367
14288,40.695553,-73.9921,7.178353
14289,40.69319,-73.9827,7.435367
14290,40.692474,-73.98507,7.5550714
14291,40.696358,-73.99237,7.0125074
14292,40.68678,-73.99545,7.360129
14293,40.690136,-73.98311,7.4660926
14294,40.695553,-73.9921,7.178353
14295,40.696358,-73.99237,7.0125074
14296,40.691517,-73.9906,7.2998867
14297,40.69583,-73.99199,7.178353
14298,40.690136,-73.98311,7.4660926
14299,40.697086,-73.9945,7.0125074
14300,40.688774,-73.995285,7.360129
14301,40.695377,-73.995575,7.178353
14302,40.690285,-73.99022,7.2998867
14303,40.696373,-73.992325,7.0125074
14304,40.697025,-73.992935,7.0125074
14305,40.692696,-73.97956,7.404909
14306,40.687485,-73.9815,7.6017942
14307,40.6924,-73.978806,7.343974
14308,40.69223,-73.981346,7.4660926
14309,40.6867,-73.98351,7.6017942
14310,40.692112,-73.97833,7.343974
14311,40.69431,-73.99574,7.178353
14312,40.68953,-73.986465,7.5550714
14313,40.69583,-73.99199,7.178353
14314,40.69304,-73.978516,7.404909
14315,40.6867,-73.98351,7.6017942
14316,40.68842,-73.981415,7.6017942
14317,40.688786,-73.97425,7.2790937
14318,40.69207,-73.98021,7.343974
14319,40.691776,-73.991516,7.2998867
14320,40.686466,-73.99025,7.360129
14321,40.690807,-73.99001,7.4504037
14322,40.693462,-73.98289,7.435367
14323,40.692696,-73.97956,7.404909
14324,40.69054,-73.99088,7.2998867
14325,40.696594,-73.988396,7.283495
14326,40.692696,-73.97956,7.404909
14327,40.688786,-73.97425,7.2790937
14328,40.691517,-73.9906,7.2998867
14329,40.692474,-73.98507,7.5550714
14330,40.69505,-73.983574,7.435367
14331,40.692696,-73.97956,7.404909
14332,40.68953,-73.986465,7.5550714
14333,40.697094,-73.9879,7.283495
14334,40.696987,-73.99668,6.7676997
14335,40.69278,-73.99336,7.178353
14336,40.68842,-73.981415,7.6017942
14337,40.690807,-73.99001,7.4504037
14338,40.688416,-73.978584,7.4204826
14339,40.69304,-73.978516,7.404909
14340,40.688416,-73.981415,7.6017942
14341,40.686577,-73.98949,7.5531025
14342,40.690304,-73.99111,7.2998867
14343,40.68499,-73.97895,7.689033
14344,40.692474,-73.98507,7.5550714
14345,40.77722,-73.92238,6.486162
14346,40.7815,-73.913,6.3239284
14347,40.774845,-73.90495,6.827789
14348,40.77346,-73.89864,6.640284
14349,40.774166,-73.907104,7.0008087
14350,40.7772,-73.90737,6.735067
14351,40.77694,-73.9075,6.735067
14352,40.781178,-73.90487,6.366812
14353,40.781178,-73.90487,6.366812
14354,40.77631,-73.908264,6.735067
14355,40.781437,-73.913124,6.3239284
14356,40.7772,-73.90737,6.735067
14357,40.776722,-73.90777,6.735067
14358,40.7777,-73.91293,6.6353827
14359,40.781178,-73.90487,6.366812
14360,40.781178,-73.90487,6.366812
14361,40.7757,-73.90902,6.735067
14362,40.776028,-73.90814,6.735067
14363,40.772945,-73.891594,6.254045
14364,40.776363,-73.907265,6.735067
14365,40.773235,-73.91424,7.1238575
14366,40.775826,-73.90078,6.7700353
14367,40.774387,-73.925255,6.988567
14368,40.773033,-73.89915,6.8818054
14369,40.782063,-73.918846,6.159418
14370,40.774723,-73.906425,7.0008087
14371,40.781178,-73.90487,6.366812
14372,40.775898,-73.908775,6.735067
14373,40.781178,-73.90487,6.366812
14374,40.773766,-73.90043,6.8818054
14375,40.781178,-73.90487,6.366812
14376,40.77864,-73.9159,6.4060388
14377,40.687595,-73.99905,7.085832
14378,40.688522,-73.99711,7.085832
14379,40.692986,-73.99978,6.632648
14380,40.689487,-73.99832,7.085832
14381,40.687595,-73.99905,7.085832
14382,40.686993,-74.000496,6.829111
14383,40.69295,-74.00068,6.632648
14384,40.68876,-73.99848,7.085832
14385,40.687,-73.998474,7.085832
14386,40.687454,-73.99884,7.085832
14387,40.687,-73.99848,7.085832
14388,40.687553,-73.99914,7.085832
14389,40.686993,-74.000496,6.829111
14390,40.695766,-73.997,6.9044123
14391,40.688076,-73.99891,7.085832
14392,40.69459,-73.99709,6.9044123
14393,40.695766,-73.997,6.9044123
14394,40.695766,-73.997,6.9044123
14395,40.693653,-74.000275,6.632648
14396,40.687553,-73.99914,7.085832
14397,40.694725,-73.99842,6.9044123
14398,40.692986,-73.99978,6.632648
14399,40.694386,-73.99839,6.9044123
14400,40.694546,-73.99692,6.9044123
14401,40.694386,-73.99839,6.9044123
14402,40.686993,-74.000496,6.829111
14403,40.694546,-73.99692,6.9044123
14404,40.694386,-73.99839,6.9044123
14405,40.686993,-74.000496,6.829111
14406,40.694584,-73.99748,6.9044123
14407,40.692986,-73.99978,6.632648
14408,40.692986,-73.99978,6.632648
14409,40.686993,-74.000496,6.829111
14410,40.695766,-73.997,6.9044123
14411,40.686993,-74.000496,6.829111
14412,40.692986,-73.99978,6.632648
14413,40.68876,-73.99848,7.085832
14414,40.692093,-73.99771,7.056583
14415,40.687553,-73.99914,7.085832
14416,40.688416,-73.981415,7.6017942
14417,40.68522,-73.9788,7.689033
14418,40.69565,-73.99369,7.178353
14419,40.686768,-73.985085,7.647764
14420,40.68979,-73.98496,7.5550714
14421,40.68979,-73.98496,7.5550714
14422,40.69613,-73.99227,7.0125074
14423,40.69613,-73.99227,7.0125074
14424,40.68979,-73.98496,7.5550714
14425,40.68979,-73.98496,7.5550714
14426,40.697166,-73.98379,7.3699336
14427,40.696552,-73.98727,7.283495
14428,40.687847,-73.99481,7.360129
14429,40.68979,-73.98496,7.5550714
14430,40.68979,-73.98496,7.5550714
14431,40.688416,-73.978584,7.4204826
14432,40.687855,-73.99207,7.360129
14433,40.686768,-73.985085,7.647764
14434,40.696594,-73.988396,7.283495
14435,40.68842,-73.981415,7.6017942
14436,40.687996,-73.9945,7.360129
14437,40.690807,-73.99001,7.4504037
14438,40.684696,-73.99625,7.4023933
14439,40.69613,-73.99227,7.0125074
14440,40.68979,-73.98496,7.5550714
14441,40.692474,-73.98507,7.5550714
14442,40.689564,-73.99499,7.2998867
14443,40.689766,-73.9896,7.4504037
14444,40.689564,-73.99499,7.2998867
14445,40.69304,-73.978516,7.404909
14446,40.68979,-73.98496,7.5550714
14447,40.6961,-73.99527,7.0125074
14448,40.690304,-73.99111,7.2998867
14449,40.693718,-73.99419,7.178353
14450,40.693424,-73.982704,7.435367
14451,40.688416,-73.978584,7.4204826
14452,40.69505,-73.983574,7.435367
14453,40.693718,-73.99419,7.178353
14454,40.687855,-73.99207,7.360129
14455,40.690807,-73.99001,7.4504037
14456,40.68109,-74.01012,6.813724
14457,40.67595,-73.99973,7.3259153
14458,40.675667,-73.99892,7.422556
14459,40.682865,-74.00488,6.932842
14460,40.681213,-74.00169,7.046684
14461,40.68122,-73.99909,7.0609703
14462,40.677418,-74.00128,7.21522
14463,40.683975,-74.000694,6.913052
14464,40.680855,-74.00175,7.046684
14465,40.6778,-74.00147,7.21522
14466,40.674828,-73.999214,7.422556
14467,40.68291,-74.00426,6.932842
14468,40.6816,-74.00307,6.932842
14469,40.68407,-73.99703,7.066794
14470,40.68309,-73.9996,7.0609703
14471,40.68338,-74.00399,6.784657
14472,40.6816,-74.00307,6.932842
14473,40.678696,-73.99966,7.304616
14474,40.677418,-74.00128,7.21522
14475,40.675667,-73.99892,7.422556
14476,40.677456,-74.00021,7.21522
14477,40.68109,-74.01012,6.813724
14478,40.675667,-73.99892,7.422556
14479,40.695553,-73.9921,7.178353
14480,40.68979,-73.98496,7.5550714
14481,40.690304,-73.99111,7.2998867
14482,40.69553,-73.99375,7.178353
14483,40.684654,-73.99165,7.4023933
14484,40.69647,-73.99513,7.0125074
14485,40.68979,-73.98496,7.5550714
14486,40.693424,-73.982704,7.435367
14487,40.68979,-73.98496,7.5550714
14488,40.695553,-73.9921,7.178353
14489,40.69278,-73.99336,7.178353
14490,40.68979,-73.98496,7.5550714
14491,40.68577,-73.990654,7.4023933
14492,40.692448,-73.985214,7.5550714
14493,40.690285,-73.99022,7.2998867
14494,40.68842,-73.981415,7.6017942
14495,40.68979,-73.98496,7.5550714
14496,40.687996,-73.9945,7.360129
14497,40.72216,-73.98438,9.365964
14498,40.714314,-73.98006,6.4845314
14499,40.714214,-73.99159,7.583943
14500,40.71571,-73.98484,7.4922547
14501,40.715363,-73.98244,7.059096
14502,40.713215,-73.97915,6.4845314
14503,40.715214,-73.98513,7.4922547
14504,40.715393,-73.986435,7.4922547
14505,40.71571,-73.98484,7.4922547
14506,40.72228,-73.98052,7.86746
14507,40.714314,-73.98006,6.4845314
14508,40.71194,-73.99404,7.583943
14509,40.718895,-73.987404,9.359896
14510,40.717564,-73.98363,7.059096
14511,40.715363,-73.98244,7.059096
14512,40.715363,-73.98244,7.059096
14513,40.71884,-73.98733,9.359896
14514,40.714912,-73.98759,7.888167
14515,40.710457,-73.991234,7.261815
14516,40.71311,-73.97784,6.4845314
14517,40.717255,-73.99024,8.089156
14518,40.713215,-73.97915,6.4845314
14519,40.715374,-73.98647,7.4922547
14520,40.715363,-73.98244,7.059096
14521,40.710457,-73.991234,7.261815
14522,40.7126,-73.978,6.4845314
14523,40.715363,-73.98244,7.059096
14524,40.710457,-73.991234,7.261815
14525,40.714314,-73.98006,6.4845314
14526,40.7214,-73.994,10.248317
14527,40.713478,-73.979416,6.4845314
14528,40.712917,-73.97816,6.4845314
14529,40.711086,-73.98141,6.5085974
14530,40.715214,-73.98513,7.4922547
14531,40.715393,-73.986435,7.4922547
14532,40.72115,-73.99341,10.248317
14533,40.71884,-73.98733,9.359896
14534,40.71311,-73.97784,6.4845314
14535,40.618614,-74.15803,6.114788
14536,40.618965,-74.12853,6.1529613
14537,40.616604,-74.13478,6.0643497
14538,40.61531,-74.13655,6.041612
14539,40.613087,-74.16036,6.05909
14540,40.61979,-74.144424,6.174307
14541,40.606983,-74.14887,5.9714713
14542,40.600746,-74.13208,5.913917
14543,40.618298,-74.1443,6.174307
14544,40.59728,-74.13496,5.8922853
14545,40.60843,-74.12466,6.0799117
14546,40.61667,-74.13914,6.041612
14547,40.606167,-74.11939,5.997077
14548,40.60857,-74.137856,6.0027256
14549,40.60208,-74.13351,5.9165306
14550,40.61971,-74.13907,6.1423454
14551,40.610962,-74.14622,5.982379
14552,40.601303,-74.155655,5.9662933
14553,40.619507,-74.13756,6.1423454
14554,40.60627,-74.11597,5.965998
14555,40.620243,-74.12537,6.143702
14556,40.612114,-74.12984,6.0858784
14557,40.610615,-74.13578,6.0027256
14558,40.615784,-74.1339,6.0643497
14559,40.603745,-74.12751,5.953208
14560,40.60678,-74.13732,5.9788413
14561,40.61779,-74.14918,6.177091
14562,40.61793,-74.15979,6.114788
14563,40.615753,-74.13384,6.0643497
14564,40.61385,-74.12575,6.092149
14565,40.609932,-74.14278,5.967741
14566,40.60733,-74.13682,5.9788413
14567,40.60656,-74.13917,5.9788413
14568,40.601917,-74.127945,5.953208
14569,40.617943,-74.15854,6.114788
14570,40.608776,-74.14118,6.0027256
14571,40.610466,-74.14909,5.998109
14572,40.610565,-74.14084,6.0027256
14573,40.607414,-74.1274,6.0701222
14574,40.601624,-74.132904,5.9165306
14575,40.608795,-74.15672,6.055798
14576,40.72228,-73.98052,7.86746
14577,40.714905,-73.987595,7.888167
14578,40.721436,-73.98967,9.876062
14579,40.722115,-73.9961,10.248317
14580,40.710457,-73.991234,7.261815
14581,40.72115,-73.99341,10.248317
14582,40.715057,-73.98183,7.059096
14583,40.72209,-73.97752,7.124759
14584,40.721703,-73.982445,8.682546
14585,40.721436,-73.98967,9.876062
14586,40.721012,-73.98573,8.93461
14587,40.72154,-73.98327,8.682546
14588,40.715755,-73.98814,7.888167
14589,40.716255,-73.98774,7.888167
14590,40.72115,-73.99341,10.248317
14591,40.715965,-73.98801,7.888167
14592,40.72228,-73.98052,7.86746
14593,40.715965,-73.98801,7.888167
14594,40.71311,-73.97784,6.4845314
14595,40.7126,-73.978,6.4845314
14596,40.718895,-73.987404,9.359896
14597,40.71311,-73.97784,6.4845314
14598,40.71884,-73.98733,9.359896
14599,40.711163,-73.98747,7.0017886
14600,40.713215,-73.97915,6.4845314
14601,40.715214,-73.98513,7.4922547
14602,40.71571,-73.98484,7.4922547
14603,40.714912,-73.98759,7.888167
14604,40.721268,-73.98424,9.365964
14605,40.71546,-73.996826,8.368491
14606,40.71477,-73.98055,6.4845314
14607,40.714855,-73.993935,8.089156
14608,40.718933,-73.992195,9.5991745
14609,40.714912,-73.98759,7.888167
14610,40.71846,-73.986084,8.93461
14611,40.71311,-73.97784,6.4845314
14612,40.714912,-73.98759,7.888167
14613,40.721268,-73.98424,9.365964
14614,40.720024,-73.99165,9.5991745
14615,40.715393,-73.986435,7.4922547
14616,40.71477,-73.98055,6.4845314
14617,40.715057,-73.98183,7.059096
14618,40.711086,-73.98141,6.5085974
14619,40.71361,-73.989555,7.3375793
14620,40.720024,-73.99165,9.5991745
14621,40.714657,-73.98541,6.997965
14622,40.720024,-73.99165,9.5991745
14623,40.714188,-73.99156,7.583943
14624,40.720024,-73.99165,9.5991745
14625,40.711086,-73.98141,6.5085974
14626,40.7126,-73.978,6.4845314
14627,40.715363,-73.98244,7.059096
14628,40.71311,-73.97784,6.4845314
14629,40.715965,-73.98801,7.888167
14630,40.714188,-73.99156,7.583943
14631,40.72062,-73.97953,7.5022516
14632,40.71555,-73.98837,7.888167
14633,40.713104,-73.97922,6.4845314
14634,40.714314,-73.98006,6.4845314
14635,40.715363,-73.98244,7.059096
14636,40.714314,-73.98006,6.4845314
14637,40.7153,-73.9826,7.059096
14638,40.718987,-73.985855,8.93461
14639,40.72232,-73.98775,9.876062
14640,40.722115,-73.9961,10.248317
14641,40.72115,-73.99341,10.248317
14642,40.713894,-73.978905,6.4845314
14643,40.714905,-73.987595,7.888167
14644,40.714912,-73.98759,7.888167
14645,40.715363,-73.98244,7.059096
14646,40.72115,-73.99341,10.248317
14647,40.72054,-73.97933,7.5022516
14648,40.718967,-73.99233,9.5991745
14649,40.71546,-73.996826,8.368491
14650,40.710457,-73.991234,7.261815
14651,40.713764,-73.989075,7.3375793
14652,40.72115,-73.9788,7.86746
14653,40.715057,-73.98183,7.059096
14654,40.713104,-73.97922,6.4845314
14655,40.713894,-73.978905,6.4845314
14656,40.714645,-73.98544,6.997965
14657,40.715057,-73.98183,7.059096
14658,40.7126,-73.978,6.4845314
14659,40.714325,-73.97838,6.4845314
14660,40.715363,-73.98244,7.059096
14661,40.713215,-73.97915,6.4845314
14662,40.710457,-73.991234,7.261815
14663,40.711086,-73.98141,6.5085974
14664,40.710457,-73.991234,7.261815
14665,40.715385,-73.98645,7.4922547
14666,40.712917,-73.97816,6.4845314
14667,40.7126,-73.978,6.4845314
14668,40.715755,-73.98814,7.888167
14669,40.710457,-73.991234,7.261815
14670,40.71571,-73.98484,7.4922547
14671,40.719337,-73.98467,8.93461
14672,40.710457,-73.991234,7.261815
14673,40.721832,-73.983284,8.682546
14674,40.715965,-73.98801,7.888167
14675,40.720608,-73.98401,8.93461
14676,40.710457,-73.991234,7.261815
14677,40.715057,-73.98183,7.059096
14678,40.710457,-73.991234,7.261815
14679,40.710457,-73.991234,7.261815
14680,40.710457,-73.991234,7.261815
14681,40.715214,-73.98513,7.4922547
14682,40.72242,-73.99401,10.248317
14683,40.710457,-73.991234,7.261815
14684,40.72115,-73.99341,10.248317
14685,40.710457,-73.991234,7.261815
14686,40.710457,-73.991234,7.261815
14687,40.715374,-73.98647,7.4922547
14688,40.710457,-73.991234,7.261815
14689,40.71759,-73.98729,7.888167
14690,40.714912,-73.98759,7.888167
14691,40.710457,-73.991234,7.261815
14692,40.715374,-73.98647,7.4922547
14693,40.711555,-73.99616,7.261815
14694,40.716587,-73.98988,7.888167
14695,40.721634,-73.992805,10.248317
14696,40.714314,-73.98006,6.4845314
14697,40.72232,-73.98775,9.876062
14698,40.717445,-73.992966,8.089156
14699,40.71311,-73.97784,6.4845314
14700,40.710457,-73.991234,7.261815
14701,40.715965,-73.98801,7.888167
14702,40.71361,-73.989555,7.3375793
14703,40.710457,-73.991234,7.261815
14704,40.71477,-73.98055,6.4845314
14705,40.71311,-73.97784,6.4845314
14706,40.714314,-73.98006,6.4845314
14707,40.715363,-73.98244,7.059096
14708,40.715275,-73.99379,8.089156
14709,40.71759,-73.98729,7.888167
14710,40.71546,-73.996826,8.368491
14711,40.722397,-73.98585,9.365964
14712,40.715393,-73.986435,7.4922547
14713,40.715057,-73.98183,7.059096
14714,40.712917,-73.97816,6.4845314
14715,40.720024,-73.99165,9.5991745
14716,40.714325,-73.97838,6.4845314
14717,40.720383,-73.98315,8.174391
14718,40.714905,-73.987595,7.888167
14719,40.72229,-73.9797,7.86746
14720,40.711086,-73.98141,6.5085974
14721,40.7126,-73.978,6.4845314
14722,40.710457,-73.991234,7.261815
14723,40.720024,-73.99165,9.5991745
14724,40.713886,-73.979004,6.4845314
14725,40.710457,-73.991234,7.261815
14726,40.7154,-73.9881,7.888167
14727,40.712734,-73.9948,7.583943
14728,40.71311,-73.97784,6.4845314
14729,40.714333,-73.99115,7.583943
14730,40.710457,-73.991234,7.261815
14731,40.716503,-73.99132,8.089156
14732,40.71477,-73.98055,6.4845314
14733,40.714314,-73.98006,6.4845314
14734,40.71555,-73.988365,7.888167
14735,40.715965,-73.98801,7.888167
14736,40.717842,-73.99151,8.089156
14737,40.713104,-73.97922,6.4845314
14738,40.714912,-73.98759,7.888167
14739,40.715057,-73.98183,7.059096
14740,40.71271,-73.99553,7.583943
14741,40.714314,-73.98006,6.4845314
14742,40.721436,-73.98967,9.876062
14743,40.721703,-73.982445,8.682546
14744,40.722153,-73.99591,10.248317
14745,40.714645,-73.98544,6.997965
14746,40.715057,-73.98183,7.059096
14747,40.72101,-73.988144,9.359896
14748,40.716507,-73.991325,8.089156
14749,40.720825,-73.983894,8.93461
14750,40.72209,-73.97752,7.124759
14751,40.710457,-73.991234,7.261815
14752,40.719315,-73.9952,9.5991745
14753,40.72018,-73.996635,9.550534
14754,40.72101,-73.988144,9.359896
14755,40.71758,-73.9899,7.888167
14756,40.719448,-73.98556,8.93461
14757,40.72115,-73.99341,10.248317
14758,40.71477,-73.98055,6.4845314
14759,40.710457,-73.991234,7.261815
14760,40.72209,-73.97752,7.124759
14761,40.715385,-73.98645,7.4922547
14762,40.721012,-73.98573,8.93461
14763,40.712917,-73.97816,6.4845314
14764,40.72101,-73.988144,9.359896
14765,40.672096,-73.97413,6.746066
14766,40.680935,-73.980255,7.870384
14767,40.67844,-73.980934,7.9013476
14768,40.67771,-73.97466,7.5331225
14769,40.67427,-73.973526,7.1147003
14770,40.67427,-73.973526,7.1147003
14771,40.672905,-73.986115,7.5116453
14772,40.672745,-73.97577,6.9388747
14773,40.678055,-73.97375,7.3784947
14774,40.672905,-73.986115,7.5116453
14775,40.671978,-73.98801,7.6537147
14776,40.68419,-73.98252,8.003737
14777,40.681656,-73.980606,7.870384
14778,40.678062,-73.979965,7.7280517
14779,40.68419,-73.98252,8.003737
14780,40.677364,-73.97812,7.7280517
14781,40.672066,-73.98242,7.346835
14782,40.672066,-73.98242,7.346835
14783,40.68419,-73.98252,8.003737
14784,40.678337,-73.98088,7.9013476
14785,40.674675,-73.977455,7.198726
14786,40.67771,-73.97466,7.5331225
14787,40.67732,-73.97932,7.7280517
14788,40.681297,-73.98075,8.097789
14789,40.6813,-73.9812,8.097789
14790,40.677074,-73.97704,7.5331225
14791,40.67732,-73.97932,7.7280517
14792,40.68392,-73.99012,7.78696
14793,40.709965,-74.004135,8.316318
14794,40.71487,-74.00706,8.594478
14795,40.71394,-74.00697,8.613893
14796,40.716576,-74.01613,7.7539454
14797,40.716576,-74.01613,7.7539454
14798,40.717716,-74.002815,8.678355
14799,40.717842,-74.003685,8.791031
14800,40.7101,-74.006935,8.437635
14801,40.716576,-74.01613,7.7539454
14802,40.716064,-74.01081,8.145485
14803,40.71253,-73.99985,8.351651
14804,40.71007,-74.017006,7.701584
14805,40.71728,-74.00422,8.791031
14806,40.712776,-74.005974,8.646591
14807,40.716576,-74.01613,7.7539454
14808,40.71274,-73.99936,7.905585
14809,40.709965,-74.004135,8.316318
14810,40.716637,-74.00487,8.791031
14811,40.710255,-74.003914,8.316318
14812,40.711395,-74.005905,8.316318
14813,40.716576,-74.01613,7.7539454
14814,40.717712,-74.002815,8.678355
14815,40.709866,-74.0162,7.701584
14816,40.716106,-74.01627,7.7539454
14817,40.710068,-74.01785,7.701584
14818,40.71517,-74.01092,8.145485
14819,40.716106,-74.01627,7.7539454
14820,40.716038,-74.00989,8.145485
14821,40.709854,-74.01789,7.701584
14822,40.710217,-74.00807,8.437635
14823,40.7113,-74.0074,8.437635
14824,40.716576,-74.01613,7.7539454
14825,40.709866,-74.0162,7.701584
14826,40.716038,-74.00989,8.145485
14827,40.709866,-74.0162,7.701584
14828,40.71007,-74.017006,7.701584
14829,40.7165,-74.0123,7.8319273
14830,40.710068,-74.01785,7.701584
14831,40.711308,-74.00624,8.437635
14832,40.719524,-74.009,8.407159
14833,40.713867,-73.989525,7.3375793
14834,40.714645,-73.98544,6.997965
14835,40.72135,-73.99624,10.248317
14836,40.720604,-73.98401,8.93461
14837,40.713104,-73.97922,6.4845314
14838,40.71759,-73.98729,7.888167
14839,40.710457,-73.991234,7.261815
14840,40.715385,-73.98645,7.4922547
14841,40.71311,-73.97784,6.4845314
14842,40.713886,-73.979004,6.4845314
14843,40.722294,-73.98468,9.365964
14844,40.714905,-73.987595,7.888167
14845,40.712734,-73.9948,7.583943
14846,40.717484,-73.9833,7.059096
14847,40.720135,-73.98793,9.359896
14848,40.714325,-73.97838,6.4845314
14849,40.710457,-73.991234,7.261815
14850,40.71281,-73.99476,7.583943
14851,40.713867,-73.989525,7.3375793
14852,40.716415,-73.98532,7.4922547
14853,40.716263,-73.98498,7.4922547
14854,40.713867,-73.989525,7.3375793
14855,40.715565,-73.99044,8.089156
14856,40.720104,-73.98405,8.93461
14857,40.721268,-73.98424,9.365964
14858,40.710457,-73.991234,7.261815
14859,40.721634,-73.992805,10.248317
14860,40.716587,-73.98988,7.888167
14861,40.720604,-73.98401,8.93461
14862,40.711086,-73.98141,6.5085974
14863,40.710457,-73.991234,7.261815
14864,40.714314,-73.98006,6.4845314
14865,40.7153,-73.9826,7.059096
14866,40.714905,-73.987595,7.888167
14867,40.721012,-73.98573,8.93461
14868,40.715363,-73.98244,7.059096
14869,40.713478,-73.979416,6.4845314
14870,40.711086,-73.98141,6.5085974
14871,40.710457,-73.991234,7.261815
14872,40.714878,-73.98539,7.4922547
14873,40.714657,-73.98541,6.997965
14874,40.713894,-73.978905,6.4845314
14875,40.718895,-73.987404,9.359896
14876,40.715385,-73.98645,7.4922547
14877,40.714325,-73.97838,6.4845314
14878,40.71555,-73.988365,7.888167
14879,40.7126,-73.978,6.4845314
14880,40.710457,-73.991234,7.261815
14881,40.714325,-73.97838,6.4845314
14882,40.710457,-73.991234,7.261815
14883,40.710457,-73.991234,7.261815
14884,40.710457,-73.991234,7.261815
14885,40.715385,-73.98645,7.4922547
14886,40.71546,-73.996826,8.368491
14887,40.721348,-73.99624,10.248317
14888,40.72054,-73.97933,7.5022516
14889,40.715363,-73.98244,7.059096
14890,40.710457,-73.991234,7.261815
14891,40.71584,-73.9901,7.888167
14892,40.72154,-73.98327,8.682546
14893,40.710457,-73.991234,7.261815
14894,40.72115,-73.99341,10.248317
14895,40.715363,-73.98244,7.059096
14896,40.71311,-73.97784,6.4845314
14897,40.714657,-73.98541,6.997965
14898,40.710457,-73.991234,7.261815
14899,40.71546,-73.996826,8.368491
14900,40.710457,-73.991234,7.261815
14901,40.712917,-73.97816,6.4845314
14902,40.71864,-73.98702,8.93461
14903,40.715057,-73.98183,7.059096
14904,40.715755,-73.98813,7.888167
14905,40.713886,-73.979004,6.4845314
14906,40.722443,-73.97728,7.124759
14907,40.71492,-73.98757,7.888167
14908,40.714325,-73.97838,6.4845314
14909,40.714325,-73.97838,6.4845314
14910,40.713646,-73.98899,7.3375793
14911,40.717564,-73.98363,7.059096
14912,40.715755,-73.98814,7.888167
14913,40.71555,-73.98837,7.888167
14914,40.71661,-74.00759,8.594478
14915,40.71274,-73.99936,7.905585
14916,40.722164,-74.00854,8.421736
14917,40.715206,-74.00913,8.594478
14918,40.721836,-74.01116,7.801164
14919,40.722164,-74.00854,8.421736
14920,40.71661,-74.00759,8.594478
14921,40.716637,-74.00487,8.791031
14922,40.717564,-73.996956,8.368491
14923,40.710068,-74.01785,7.701584
14924,40.71639,-74.01065,8.145485
14925,40.71578,-74.0103,8.145485
14926,40.715843,-74.00803,8.594478
14927,40.717712,-74.002815,8.678355
14928,40.71253,-73.99985,8.351651
14929,40.716038,-74.00989,8.145485
14930,40.711143,-74.00696,8.437635
14931,40.710068,-74.01785,7.701584
14932,40.712776,-74.005974,8.646591
14933,40.709965,-74.004135,8.316318
14934,40.716812,-74.00354,8.791031
14935,40.71517,-74.01092,8.145485
14936,40.710068,-74.01785,7.701584
14937,40.716576,-74.01613,7.7539454
14938,40.71253,-73.99985,8.351651
14939,40.713737,-74.00001,8.351651
14940,40.709965,-74.004135,8.316318
14941,40.716576,-74.01613,7.7539454
14942,40.71638,-74.00709,8.594478
14943,40.716576,-74.01613,7.7539454
14944,40.709866,-74.0162,7.701584
14945,40.71598,-74.007675,8.594478
14946,40.716576,-74.01613,7.7539454
14947,40.709866,-74.0162,7.701584
14948,40.714615,-74.00636,8.613893
14949,40.709965,-74.004135,8.316318
14950,40.716576,-74.01613,7.7539454
14951,40.710068,-74.01785,7.701584
14952,40.71815,-73.99868,9.550534
14953,40.719067,-74.008415,8.407159
14954,40.716576,-74.01613,7.7539454
14955,40.71517,-74.01092,8.145485
14956,40.715843,-74.00803,8.594478
14957,40.713737,-74.00001,8.351651
14958,40.70985,-74.01789,7.701584
14959,40.719704,-73.99885,9.550534
14960,40.71517,-74.010925,8.145485
14961,40.716576,-74.01613,7.7539454
14962,40.716637,-74.00487,8.791031
14963,40.7165,-74.0123,7.8319273
14964,40.716576,-74.01613,7.7539454
14965,40.713512,-73.999535,7.905585
14966,40.71427,-74.00597,8.646591
14967,40.719395,-74.00757,8.407159
14968,40.716576,-74.01613,7.7539454
14969,40.709866,-74.0162,7.701584
14970,40.721737,-73.9981,10.1267
14971,40.71496,-74.007256,8.594478
14972,40.716576,-74.01613,7.7539454
14973,40.716576,-74.01613,7.7539454
14974,40.716576,-74.01613,7.7539454
14975,40.70985,-74.01789,7.701584
14976,40.717716,-74.002815,8.678355
14977,40.719337,-73.99798,9.550534
14978,40.71496,-74.007256,8.594478
14979,40.716576,-74.01613,7.7539454
14980,40.721737,-73.9981,10.1267
14981,40.67727,-74.00034,7.21522
14982,40.68381,-74.00448,6.784657
14983,40.676357,-74.0116,7.3549237
14984,40.68202,-73.99791,7.0609703
14985,40.68407,-73.99703,7.066794
14986,40.677063,-73.9974,7.304616
14987,40.675667,-73.99892,7.422556
14988,40.682354,-73.99762,7.0609703
14989,40.675667,-73.99892,7.422556
14990,40.677063,-73.9974,7.304616
14991,40.682236,-73.99883,7.0609703
14992,40.67555,-74.011955,7.3549237
14993,40.68191,-73.99808,7.0609703
14994,40.68291,-74.00426,6.932842
14995,40.68122,-73.99909,7.0609703
14996,40.67725,-74.01482,7.1072135
14997,40.682102,-74.004295,6.932842
14998,40.676334,-74.013306,7.2289824
14999,40.677418,-74.00608,7.2259026
15000,40.677467,-74.00606,7.2259026
15001,40.68376,-73.99929,7.066794
15002,40.68434,-74.00367,6.784657
15003,40.67725,-74.01482,7.1072135
15004,40.680717,-74.0025,7.046684
15005,40.676437,-74.012115,7.3549237
15006,40.683765,-74.00411,6.784657
15007,40.682713,-74.000336,7.046684
15008,40.68452,-74.00158,6.913052
15009,40.68286,-74.001495,7.046684
15010,40.679165,-74.00901,7.2259026
15011,40.68381,-74.00448,6.784657
15012,40.677063,-73.9974,7.304616
15013,40.676388,-74.00017,7.3259153
15014,40.682713,-74.000336,7.046684
15015,40.674763,-74.01154,7.3549237
15016,40.683,-73.997536,7.0609703
15017,40.675667,-73.99892,7.422556
15018,40.675667,-73.99892,7.422556
15019,40.677933,-74.016205,7.0234575
15020,40.713676,-74.007324,8.613893
15021,40.709866,-74.0162,7.701584
15022,40.710217,-74.00807,8.437635
15023,40.713737,-74.00001,8.351651
15024,40.71657,-74.01052,8.145485
15025,40.718296,-74.007645,8.407159
15026,40.710068,-74.01785,7.701584
15027,40.71775,-74.00627,8.594478
15028,40.71436,-73.99928,7.905585
15029,40.717712,-74.002815,8.678355
15030,40.70985,-74.01789,7.701584
15031,40.709866,-74.0162,7.701584
15032,40.71227,-74.000404,8.351651
15033,40.713737,-74.00001,8.351651
15034,40.710068,-74.01785,7.701584
15035,40.719692,-74.00801,8.407159
15036,40.716576,-74.01613,7.7539454
15037,40.717712,-74.002815,8.678355
15038,40.716576,-74.01613,7.7539454
15039,40.719692,-74.00801,8.407159
15040,40.71698,-74.003395,8.791031
15041,40.709965,-74.004135,8.316318
15042,40.716637,-74.00487,8.791031
15043,40.71253,-73.99985,8.351651
15044,40.713512,-73.999535,7.905585
15045,40.716576,-74.01613,7.7539454
15046,40.716362,-74.01047,8.145485
15047,40.710068,-74.009766,8.285094
15048,40.713512,-73.999535,7.905585
15049,40.714268,-74.00695,8.613893
15050,40.71382,-74.00837,8.613893
15051,40.716576,-74.01613,7.7539454
15052,40.71494,-74.01013,8.145485
15053,40.716576,-74.01613,7.7539454
15054,40.716576,-74.01613,7.7539454
15055,40.713776,-74.01293,7.9941716
15056,40.714615,-74.00636,8.613893
15057,40.716576,-74.01613,7.7539454
15058,40.713776,-74.01293,7.9941716
15059,40.715965,-74.00831,8.594478
15060,40.716576,-74.01613,7.7539454
15061,40.7101,-74.006935,8.437635
15062,40.716576,-74.01613,7.7539454
15063,40.711464,-74.007034,8.437635
15064,40.71637,-74.00339,8.791031
15065,40.714,-74.005135,8.646591
15066,40.713737,-74.00001,8.351651
15067,40.716576,-74.01613,7.7539454
15068,40.717842,-74.003685,8.791031
15069,40.714615,-74.00636,8.613893
15070,40.71405,-74.01288,7.9941716
15071,40.71405,-74.01288,7.9941716
15072,40.71253,-73.99985,8.351651
15073,40.72084,-74.00256,9.355208
15074,40.716637,-74.00487,8.791031
15075,40.709866,-74.0162,7.701584
15076,40.713676,-74.007324,8.613893
15077,40.709965,-74.004135,8.316318
15078,40.721767,-73.99842,10.1267
15079,40.722416,-74.00166,9.609406
15080,40.719524,-74.009,8.407159
15081,40.713676,-74.007324,8.613893
15082,40.709866,-74.0162,7.701584
15083,40.716637,-74.00487,8.791031
15084,40.717842,-74.003685,8.791031
15085,40.713676,-74.007324,8.613893
15086,40.713737,-74.00001,8.351651
15087,40.72147,-74.008675,8.421736
15088,40.720104,-74.00358,8.942956
15089,40.71563,-74.012115,8.145485
15090,40.716434,-74.01626,7.7539454
15091,40.709866,-74.0162,7.701584
15092,40.714268,-74.00696,8.613893
15093,40.716576,-74.01613,7.7539454
15094,40.719566,-74.00836,8.407159
15095,40.716576,-74.01613,7.7539454
15096,40.709866,-74.0162,7.701584
15097,40.711464,-74.007034,8.437635
15098,40.716434,-74.0072,8.594478
15099,40.716812,-74.00354,8.791031
15100,40.715954,-74.008354,8.594478
15101,40.709522,-74.00243,8.030478
15102,40.70974,-74.00662,8.437635
15103,40.70828,-74.00683,8.014722
15104,40.705185,-74.00789,7.5940347
15105,40.708916,-74.001724,8.030478
15106,40.705185,-74.00789,7.5940347
15107,40.709526,-74.00243,8.030478
15108,40.709034,-74.004684,8.316318
15109,40.709034,-74.004684,8.316318
15110,40.70517,-74.008484,7.5940347
15111,40.709526,-74.00243,8.030478
15112,40.70517,-74.008484,7.5940347
15113,40.705185,-74.00789,7.5940347
15114,40.708015,-74.00591,7.9449997
15115,40.708015,-74.00591,7.9449997
15116,40.709034,-74.004684,8.316318
15117,40.70904,-74.0017,8.030478
15118,40.709007,-74.00727,8.437635
15119,40.708015,-74.00591,7.9449997
15120,40.70911,-74.00635,8.437635
15121,40.705185,-74.00789,7.5940347
15122,40.697685,-73.9969,6.7676997
15123,40.697685,-73.9969,6.7676997
15124,40.697685,-73.9969,6.7676997
15125,40.697685,-73.9969,6.7676997
15126,40.70003,-73.999016,6.729882
15127,40.70003,-73.999016,6.729882
15128,40.81877,-73.813866,5.7534795
15129,40.81225,-73.82383,5.707251
15130,40.81965,-73.81468,5.7853546
15131,40.815006,-73.80067,5.5806494
15132,40.810043,-73.80554,5.590955
15133,40.815834,-73.81589,5.7534795
15134,40.81897,-73.80592,5.663636
15135,40.813526,-73.80776,5.6485133
15136,40.817375,-73.819725,5.773011
15137,40.81455,-73.82543,5.7585077
15138,40.81174,-73.80436,5.590955
15139,40.81621,-73.81945,5.773011
15140,40.811726,-73.804375,5.590955
15141,40.81491,-73.81544,5.726968
15142,40.81906,-73.80576,5.663636
15143,40.816566,-73.80069,5.6013694
15144,40.81897,-73.80592,5.663636
15145,40.822067,-73.806145,5.663636
15146,40.81981,-73.82158,5.8185863
15147,40.815205,-73.81559,5.726968
15148,40.81325,-73.80847,5.6485133
15149,40.820244,-73.80938,5.70632
15150,40.82263,-73.80952,5.7315664
15151,40.81208,-73.928085,6.798509
15152,40.81517,-73.93684,7.005551
15153,40.822163,-73.94362,6.941836
15154,40.812893,-73.9449,6.983078
15155,40.81636,-73.945465,7.018733
15156,40.81629,-73.94037,6.9140244
15157,40.817883,-73.938644,6.964463
15158,40.823227,-73.94356,6.941836
15159,40.81949,-73.94477,7.0091186
15160,40.8163,-73.94782,7.1198726
15161,40.819225,-73.94478,7.0091186
15162,40.81956,-73.940994,6.8819423
15163,40.81636,-73.945465,7.018733
15164,40.812893,-73.9449,6.983078
15165,40.8163,-73.94782,7.1198726
15166,40.81449,-73.94842,7.082084
15167,40.815407,-73.944664,6.983078
15168,40.8179,-73.94226,6.9140244
15169,40.811047,-73.949814,6.9589005
15170,40.817947,-73.94507,7.018733
15171,40.8163,-73.94782,7.1198726
15172,40.81824,-73.94569,7.018733
15173,40.81517,-73.93684,7.005551
15174,40.811707,-73.94215,6.800375
15175,40.816795,-73.94228,6.9140244
15176,40.81629,-73.94037,6.9140244
15177,40.809673,-73.80273,5.5736513
15178,40.80995,-73.80218,5.5736513
15179,40.8109,-73.803665,5.5736513
15180,40.819992,-73.81869,5.803671
15181,40.81516,-73.82578,5.7585077
15182,40.81375,-73.80771,5.6485133
15183,40.815685,-73.81976,5.742566
15184,40.817757,-73.81894,5.773011
15185,40.82176,-73.8202,5.8185863
15186,40.81906,-73.80576,5.663636
15187,40.798527,-73.818665,5.716725
15188,40.82176,-73.8202,5.8185863
15189,40.79839,-73.81837,5.716725
15190,40.81424,-73.82011,5.7452908
15191,40.82086,-73.81795,5.803671
15192,40.82015,-73.809586,5.70632
15193,40.81906,-73.80576,5.663636
15194,40.817535,-73.81314,5.7225423
15195,40.817535,-73.81193,5.7225423
15196,40.809708,-73.80189,5.5736513
15197,40.814182,-73.812355,5.6972156
15198,40.816998,-73.8195,5.773011
15199,40.812588,-73.80862,5.615507
15200,40.817,-73.8195,5.773011
15201,40.817535,-73.81314,5.7225423
15202,40.81622,-73.808495,5.6824107
15203,40.815586,-73.82294,5.7585077
15204,40.81361,-73.82379,5.7585077
15205,40.816223,-73.80125,5.6092033
15206,40.815266,-73.80215,5.5953226
15207,40.811157,-73.80707,5.590955
15208,40.817436,-73.81549,5.7534795
15209,40.814674,-73.82021,5.7452908
15210,40.81729,-73.82222,5.783022
15211,40.81345,-73.80128,5.5953226
15212,40.81361,-73.82379,5.7585077
15213,40.812164,-73.807526,5.615507
15214,40.813656,-73.82406,5.7585077
15215,40.81599,-73.81891,5.773011
15216,40.82212,-73.80752,5.7315664
15217,40.81534,-73.80203,5.5953226
15218,40.817257,-73.81179,5.7225423
15219,40.81092,-73.80683,5.590955
15220,40.815334,-73.82098,5.7452908
15221,40.813686,-73.81011,5.6485133
15222,40.813606,-73.80964,5.6485133
15223,40.816162,-73.81841,5.773011
15224,40.799168,-73.82009,5.668665
15225,40.816414,-73.81058,5.7225423
15226,40.81429,-73.82527,5.7585077
15227,40.816154,-73.82004,5.783022
15228,40.812828,-73.80719,5.6485133
15229,40.810947,-73.80562,5.590955
15230,40.81906,-73.80576,5.663636
15231,40.81741,-73.81231,5.7225423
15232,40.813656,-73.82406,5.7585077
15233,40.809837,-73.80303,5.5736513
15234,40.820026,-73.821304,5.8185863
15235,40.81693,-73.820885,5.783022
15236,40.816322,-73.82259,5.783022
15237,40.809727,-73.80269,5.5736513
15238,40.81225,-73.82383,5.707251
15239,40.815563,-73.82505,5.7585077
15240,40.8099,-73.80288,5.5736513
15241,40.81642,-73.810455,5.7225423
15242,40.814484,-73.81667,5.742566
15243,40.816307,-73.82219,5.783022
15244,40.816353,-73.82222,5.783022
15245,40.82027,-73.80813,5.70632
15246,40.814354,-73.8203,5.7452908
15247,40.81556,-73.82504,5.7585077
15248,40.818386,-73.821754,5.783022
15249,40.81604,-73.80094,5.6092033
15250,40.81377,-73.812256,5.6972156
15251,40.816635,-73.81703,5.773011
15252,40.79868,-73.818504,5.716725
15253,40.818977,-73.80507,5.663636
15254,40.817307,-73.81181,5.7225423
15255,40.81706,-73.80233,5.6092033
15256,40.816605,-73.818665,5.773011
15257,40.81329,-73.809654,5.6485133
15258,40.820137,-73.809044,5.70632
15259,40.8101,-73.805626,5.590955
15260,40.822567,-73.809,5.7315664
15261,40.810757,-73.80665,5.590955
15262,40.820957,-73.80742,5.70632
15263,40.812435,-73.80697,5.590955
15264,40.81225,-73.82383,5.707251
15265,40.821198,-73.82138,5.8185863
15266,40.81131,-73.80553,5.590955
15267,40.81696,-73.80947,5.6824107
15268,40.79841,-73.81678,5.716725
15269,40.817226,-73.80725,5.6824107
15270,40.81241,-73.80749,5.615507
15271,40.82091,-73.80817,5.70632
15272,40.81387,-73.81092,5.6972156
15273,40.82176,-73.808044,5.70632
15274,40.81897,-73.80592,5.663636
15275,40.810955,-73.80602,5.590955
15276,40.813305,-73.82705,5.7585077
15277,40.805904,-73.853645,5.838239
15278,40.805904,-73.853645,5.838239
15279,40.808422,-73.854744,5.8822174
15280,40.80981,-73.857994,6.0218115
15281,40.82148,-73.85455,6.087698
15282,40.81969,-73.86286,6.0530887
15283,40.806145,-73.852356,5.838239
15284,40.809116,-73.85782,5.936606
15285,40.81654,-73.85963,6.0998735
15286,40.815582,-73.84801,6.2509627
15287,40.80797,-73.85421,5.8822174
15288,40.80797,-73.85421,5.8822174
15289,40.805225,-73.85269,5.838239
15290,40.806145,-73.852356,5.838239
15291,40.80869,-73.8569,5.8822174
15292,40.810402,-73.85778,6.0218115
15293,40.816776,-73.846664,6.438559
15294,40.80713,-73.854195,5.8822174
15295,40.820324,-73.875755,6.3528934
15296,40.820145,-73.866196,6.078443
15297,40.81372,-73.86184,6.1481457
15298,40.81478,-73.860176,6.079309
15299,40.805904,-73.853645,5.838239
15300,40.82213,-73.84975,6.354705
15301,40.805904,-73.853645,5.838239
15302,40.805904,-73.853645,5.838239
15303,40.814762,-73.861565,6.1481457
15304,40.810165,-73.85086,5.9000273
15305,40.810173,-73.85869,6.0218115
15306,40.80797,-73.85421,5.8822174
15307,40.8223,-73.84692,6.6488924
15308,40.822598,-73.86096,6.102123
15309,40.805656,-73.85058,5.814084
15310,40.821598,-73.87332,6.19856
15311,40.821247,-73.87598,6.3528934
15312,40.807617,-73.85077,5.8302727
15313,40.822037,-73.87812,6.643831
15314,40.80629,-73.85623,5.838239
15315,40.806145,-73.852356,5.838239
15316,40.805904,-73.853645,5.838239
15317,40.806145,-73.852356,5.838239
15318,40.81028,-73.85872,6.0218115
15319,40.822598,-73.86096,6.102123
15320,40.81496,-73.84786,6.2509627
15321,40.814945,-73.8576,6.0726447
15322,40.81623,-73.85072,6.2799907
15323,40.821777,-73.85267,6.087698
15324,40.820324,-73.875755,6.3528934
15325,40.805904,-73.853645,5.838239
15326,40.822105,-73.848045,6.6488924
15327,40.820324,-73.875755,6.3528934
15328,40.822598,-73.86096,6.102123
15329,40.808147,-73.85683,5.8822174
15330,40.80797,-73.85421,5.8822174
15331,40.809376,-73.857,5.8822174
15332,40.80826,-73.85775,5.936606
15333,40.822598,-73.86096,6.102123
15334,40.81025,-73.85823,6.0218115
15335,40.805656,-73.85058,5.814084
15336,40.805225,-73.85269,5.838239
15337,40.806873,-73.85495,5.8822174
15338,40.805904,-73.853645,5.838239
15339,40.81635,-73.857666,6.0998735
15340,40.810265,-73.85473,5.9553432
15341,40.805225,-73.85269,5.838239
15342,40.806145,-73.852356,5.838239
15343,40.82151,-73.847466,6.537909
15344,40.805225,-73.85269,5.838239
15345,40.807907,-73.85158,5.8822174
15346,40.821598,-73.87332,6.19856
15347,40.80831,-73.85046,5.8302727
15348,40.800232,-73.95668,6.7661505
15349,40.805794,-73.967155,6.688691
15350,40.80439,-73.967964,6.688691
15351,40.802914,-73.96811,6.5926275
15352,40.805794,-73.967155,6.688691
15353,40.808105,-73.95169,6.890241
15354,40.808567,-73.95565,6.8452563
15355,40.79839,-73.97131,6.5548234
15356,40.801025,-73.959335,6.7251825
15357,40.8073,-73.96666,6.6768236
15358,40.80553,-73.96732,6.688691
15359,40.79871,-73.96787,6.6102734
15360,40.80553,-73.96732,6.688691
15361,40.805794,-73.967155,6.688691
15362,40.79839,-73.97131,6.5548234
15363,40.800697,-73.95916,6.7251825
15364,40.801228,-73.95922,6.7251825
15365,40.802814,-73.96672,6.660224
15366,40.80745,-73.95012,6.890241
15367,40.80891,-73.96523,6.6768236
15368,40.802814,-73.96672,6.660224
15369,40.79902,-73.959984,6.6592197
15370,40.805206,-73.9669,6.688691
15371,40.82294,-73.86072,6.0774503
15372,40.821598,-73.87332,6.19856
15373,40.822598,-73.86096,6.102123
15374,40.807426,-73.85622,5.8822174
15375,40.823006,-73.85506,6.1116624
15376,40.81138,-73.85939,6.0218115
15377,40.80797,-73.85421,5.8822174
15378,40.816357,-73.84985,6.2799907
15379,40.82302,-73.854935,6.1116624
15380,40.805904,-73.853645,5.838239
15381,40.80797,-73.85421,5.8822174
15382,40.82058,-73.87322,6.19856
15383,40.820683,-73.8731,6.19856
15384,40.806793,-73.855255,5.8822174
15385,40.805656,-73.85058,5.814084
15386,40.808006,-73.8509,5.8302727
15387,40.81516,-73.84635,6.2509627
15388,40.816402,-73.84603,6.438559
15389,40.814976,-73.84848,6.127806
15390,40.821346,-73.87583,6.3528934
15391,40.811867,-73.85533,5.9553432
15392,40.821247,-73.87598,6.3528934
15393,40.821598,-73.87332,6.19856
15394,40.806953,-73.85612,5.8822174
15395,40.805904,-73.853645,5.838239
15396,40.821598,-73.87332,6.19856
15397,40.812073,-73.85364,5.9553432
15398,40.806145,-73.852356,5.838239
15399,40.812515,-73.85774,6.0218115
15400,40.75819,-73.87961,6.3699923
15401,40.772526,-73.89051,6.254045
15402,40.750553,-73.88652,7.1132455
15403,40.74822,-73.91097,6.9901643
15404,40.765167,-73.91065,7.309984
15405,40.772614,-73.89044,6.254045
15406,40.753998,-73.88115,6.826924
15407,40.7669,-73.92465,7.4493494
15408,40.748672,-73.879524,7.0864787
15409,40.75357,-73.88027,6.826924
15410,40.74885,-73.91105,6.9901643
15411,40.74986,-73.89298,7.148655
15412,40.749397,-73.87966,7.0864787
15413,40.769585,-73.89172,6.133712
15414,40.760788,-73.88443,6.2090383
15415,40.74986,-73.89298,7.148655
15416,40.765068,-73.92559,7.5979176
15417,40.76829,-73.91237,7.394148
15418,40.752766,-73.89227,6.9488783
15419,40.753338,-73.88606,6.9526095
15420,40.74946,-73.91715,7.0939918
15421,40.750656,-73.89382,7.148655
15422,40.753998,-73.88115,6.826924
15423,40.76287,-73.88007,6.1612515
15424,40.7572,-73.90534,7.2582445
15425,40.7542,-73.88592,6.913147
15426,40.763042,-73.9061,7.309984
15427,40.772438,-73.88935,6.254045
15428,40.7516,-73.88646,7.1132455
15429,40.769123,-73.92389,7.3860974
15430,40.75158,-73.88327,7.086878
15431,40.751034,-73.88726,7.1132455
15432,40.759052,-73.90537,7.317825
15433,40.74868,-73.78706,5.4970326
15434,40.753597,-73.786446,5.5629134
15435,40.75056,-73.789566,5.514788
15436,40.757362,-73.80874,6.5713615
15437,40.75018,-73.791466,5.5161567
15438,40.756714,-73.79911,6.14541
15439,40.75727,-73.78589,5.7005973
15440,40.756756,-73.798164,6.14541
15441,40.754696,-73.80069,5.706152
15442,40.749596,-73.78681,5.519449
15443,40.75816,-73.80211,6.2838197
15444,40.75727,-73.78589,5.7005973
15445,40.75322,-73.80616,5.8712096
15446,40.749123,-73.79507,5.489611
15447,40.756958,-73.793594,5.983619
15448,40.751015,-73.8046,5.670641
15449,40.750427,-73.79089,5.514788
15450,40.755867,-73.788925,5.8212333
15451,40.75525,-73.79231,5.6179595
15452,40.758842,-73.80826,6.5713615
15453,40.75404,-73.797585,5.6179595
15454,40.759785,-73.78805,5.7338843
15455,40.758816,-73.78608,5.7005973
15456,40.75886,-73.79886,6.14541
15457,40.75632,-73.80897,6.5713615
15458,40.74837,-73.793526,5.489611
15459,40.749584,-73.78759,5.519449
15460,40.753635,-73.78587,5.5629134
15461,40.748886,-73.794044,5.489611
15462,40.748806,-73.792656,5.489611
15463,40.751015,-73.79078,5.514788
15464,40.76021,-73.791824,6.0666265
15465,40.760204,-73.8005,6.2340746
15466,40.75295,-73.82199,6.2520604
15467,40.751232,-73.821365,5.9697433
15468,40.751232,-73.821365,5.9697433
15469,40.751232,-73.821365,5.9697433
15470,40.75213,-73.82135,5.9697433
15471,40.751232,-73.821365,5.9697433
15472,40.752335,-73.826324,6.311011
15473,40.751232,-73.821365,5.9697433
15474,40.753845,-73.82618,6.723808
15475,40.753326,-73.82636,6.723808
15476,40.751232,-73.821365,5.9697433
15477,40.748714,-73.829994,6.116482
15478,40.753326,-73.826485,6.723808
15479,40.753242,-73.82538,6.2520604
15480,40.751232,-73.821365,5.9697433
15481,40.751232,-73.821365,5.9697433
15482,40.752518,-73.82353,5.9697433
15483,40.753326,-73.82636,6.723808
15484,40.751232,-73.821365,5.9697433
15485,40.752483,-73.823326,5.9697433
15486,40.751232,-73.821365,5.9697433
15487,40.751232,-73.821365,5.9697433
15488,40.75278,-73.830246,6.951898
15489,40.7502,-73.8227,5.9697433
15490,40.75278,-73.830246,6.951898
15491,40.751232,-73.821365,5.9697433
15492,40.7738,-73.8311,6.4940586
15493,40.7925,-73.80075,5.563107
15494,40.780468,-73.79512,5.580651
15495,40.784447,-73.82278,5.7023816
15496,40.77334,-73.82618,6.332775
15497,40.794476,-73.79573,5.5784616
15498,40.779083,-73.815414,5.636889
15499,40.79374,-73.797066,5.5784616
15500,40.7855,-73.8109,5.7427197
15501,40.791744,-73.8222,5.7200294
15502,40.775814,-73.803764,5.5804086
15503,40.780807,-73.79332,5.5689263
15504,40.77464,-73.82683,6.332775
15505,40.793545,-73.79598,5.563107
15506,40.757893,-73.823135,6.8721657
15507,40.758068,-73.82561,6.8721657
15508,40.755993,-73.8293,7.3452296
15509,40.75474,-73.82266,6.2520604
15510,40.75637,-73.82315,6.8721657
15511,40.758068,-73.82561,6.8721657
15512,40.76876,-73.95718,7.190182
15513,40.75568,-73.968216,7.9019027
15514,40.76244,-73.9626,7.6902328
15515,40.76784,-73.96306,7.492614
15516,40.77197,-73.94832,6.832524
15517,40.771637,-73.9483,6.832524
15518,40.755344,-73.96285,7.4681826
15519,40.7581,-73.86241,6.093904
15520,40.757008,-73.87739,6.3699923
15521,40.755707,-73.875916,6.7757745
15522,40.74945,-73.877914,7.0864787
15523,40.75559,-73.86699,6.5341506
15524,40.756783,-73.83324,7.492075
15525,40.758442,-73.877365,6.3699923
15526,40.750893,-73.8613,6.605053
15527,40.75634,-73.87792,6.3699923
15528,40.757084,-73.835594,7.430224
15529,40.755905,-73.836685,7.430224
15530,40.754543,-73.87881,6.826924
15531,40.763958,-73.832596,7.207467
15532,40.765804,-73.87819,6.062298
15533,40.757946,-73.86523,6.185303
15534,40.755882,-73.875145,6.387537
15535,40.757008,-73.87738,6.3699923
15536,40.760277,-73.833916,7.5062118
15537,40.764633,-73.87172,6.1321983
15538,40.763958,-73.832596,7.207467
15539,40.764496,-73.868225,6.0830665
15540,40.755684,-73.87701,6.826924
15541,40.760277,-73.833916,7.5062118
15542,40.751358,-73.8684,6.782792
15543,40.75837,-73.87924,6.3699923
15544,40.765614,-73.86742,5.988346
15545,40.76518,-73.87371,6.1636214
15546,40.762302,-73.8687,6.0830665
15547,40.757797,-73.8572,5.9609814
15548,40.743313,-73.92328,7.2631116
15549,40.74466,-73.91827,7.0878444
15550,40.741844,-73.88354,7.1700697
15551,40.745075,-73.92319,7.2631116
15552,40.742775,-73.8844,7.1700697
15553,40.74121,-73.881676,7.00813
15554,40.74245,-73.880035,7.00813
15555,40.74169,-73.901886,6.659619
15556,40.742,-73.88331,7.1700697
15557,40.7412,-73.88222,7.00813
15558,40.741676,-73.88339,7.1700697
15559,40.73167,-73.89363,6.50277
15560,40.73606,-73.88033,6.38964
15561,40.73246,-73.886185,6.554113
15562,40.746346,-73.88301,7.178366
15563,40.74534,-73.88119,7.0917244
15564,40.74708,-73.91203,7.051637
15565,40.737953,-73.92242,7.121553
15566,40.747055,-73.91126,6.9901643
15567,40.745262,-73.88083,7.0917244
15568,40.74245,-73.880035,7.00813
15569,40.742943,-73.88429,7.1700697
15570,40.74388,-73.89402,7.027161
15571,40.733242,-73.88899,6.554113
15572,40.74697,-73.910545,6.9901643
15573,40.7441,-73.89794,6.9215336
15574,40.747055,-73.91126,6.9901643
15575,40.747288,-73.91293,7.051637
15576,40.743694,-73.880875,7.0917244
15577,40.74697,-73.910545,6.9901643
15578,40.746143,-73.9073,6.8836436
15579,40.73753,-73.926315,7.478406
15580,40.77696,-73.848,6.292746
15581,40.787613,-73.84401,6.2604465
15582,40.786358,-73.8456,6.521409
15583,40.788612,-73.84468,6.2604465
15584,40.78604,-73.849556,6.528063
15585,40.784634,-73.85632,6.505032
15586,40.787243,-73.83282,6.1770096
15587,40.79511,-73.84755,5.793493
15588,40.7859,-73.848595,6.528063
15589,40.793926,-73.846245,5.793493
15590,40.791733,-73.84966,6.048661
15591,40.792698,-73.84639,5.9650254
15592,40.78381,-73.85667,6.535164
15593,40.77935,-73.84452,6.461316
15594,40.79304,-73.84652,5.9650254
15595,40.792507,-73.84857,6.048661
15596,40.786034,-73.83458,6.1770096
15597,40.77466,-73.84574,6.0408745
15598,40.78654,-73.85242,6.505032
15599,40.784695,-73.8515,6.505032
15600,40.785793,-73.851295,6.528063
15601,40.776215,-73.84871,6.3189325
15602,40.793777,-73.843895,5.7866707
15603,40.7859,-73.84861,6.528063
15604,40.77631,-73.84153,6.393534
15605,40.79304,-73.84652,5.9650254
15606,40.78594,-73.84132,6.3971834
15607,40.785923,-73.84023,6.3971834
15608,40.776592,-73.84688,6.292746
15609,40.791412,-73.85074,6.048661
15610,40.784824,-73.84767,6.521409
15611,40.77928,-73.841805,6.456163
15612,40.7828,-73.84468,6.4993253
15613,40.759396,-73.81995,6.920756
15614,40.759113,-73.817314,6.8175297
15615,40.760162,-73.82034,6.920756
15616,40.756958,-73.81985,6.8721657
15617,40.760105,-73.82031,6.920756
15618,40.75935,-73.8198,6.920756
15619,40.75819,-73.82012,6.8721657
15620,40.75913,-73.81879,6.8175297
15621,40.75453,-73.82074,6.2520604
15622,40.759026,-73.819496,6.8175297
15623,40.75507,-73.809135,5.9150167
15624,40.75805,-73.8132,6.562362
15625,40.75462,-73.82065,6.2520604
15626,40.75832,-73.81945,6.688253
15627,40.759026,-73.819496,6.8175297
15628,40.759026,-73.819496,6.8175297
15629,40.758728,-73.81829,6.688253
15630,40.758728,-73.8183,6.688253
15631,40.75552,-73.819466,5.9795995
15632,40.759758,-73.81999,6.920756
15633,40.759113,-73.817314,6.8175297
15634,40.754097,-73.82009,6.2520604
15635,40.759205,-73.82037,6.920756
15636,40.754097,-73.82009,6.2520604
15637,40.75904,-73.81236,6.590144
15638,40.759644,-73.81326,6.590144
15639,40.759674,-73.81947,6.8175297
15640,40.754097,-73.82009,6.2520604
15641,40.759758,-73.81999,6.920756
15642,40.75868,-73.81874,6.688253
15643,40.759186,-73.817894,6.8175297
15644,40.75611,-73.8105,6.562362
15645,40.759026,-73.819496,6.8175297
15646,40.75812,-73.81453,6.5600915
15647,40.758766,-73.81943,6.688253
15648,40.759907,-73.81959,6.8175297
15649,40.759907,-73.81959,6.8175297
15650,40.759674,-73.81947,6.8175297
15651,40.77761,-73.84445,6.3291125
15652,40.7914,-73.83897,6.001702
15653,40.787243,-73.85052,6.528063
15654,40.782276,-73.844986,6.4993253
15655,40.78284,-73.84441,6.4993253
15656,40.788597,-73.84997,6.376292
15657,40.77641,-73.84234,6.3291125
15658,40.792416,-73.84845,6.048661
15659,40.78407,-73.84307,6.4993253
15660,40.78088,-73.84144,6.456163
15661,40.79361,-73.846306,5.9650254
15662,40.77948,-73.84578,6.5066576
15663,40.7875,-73.84949,6.376292
15664,40.794334,-73.846405,5.793493
15665,40.79082,-73.84514,5.9650254
15666,40.792892,-73.8451,5.9650254
15667,40.787434,-73.849495,6.376292
15668,40.78995,-73.846275,6.2689424
15669,40.788998,-73.843925,6.2604465
15670,40.7766,-73.84869,6.3189325
15671,40.77608,-73.845985,6.292746
15672,40.788387,-73.83848,6.2082777
15673,40.775475,-73.84578,6.292746
15674,40.78674,-73.8521,6.505032
15675,40.788612,-73.84944,6.376292
15676,40.79247,-73.83933,6.001702
15677,40.78674,-73.8521,6.505032
15678,40.776535,-73.848694,6.3189325
15679,40.79066,-73.852264,6.1533294
15680,40.779175,-73.846214,6.5066576
15681,40.779,-73.845436,6.5066576
15682,40.777245,-73.84639,6.292746
15683,40.78804,-73.850815,6.376292
15684,40.788708,-73.84909,6.376292
15685,40.77076,-73.82073,6.331706
15686,40.766666,-73.81573,6.4391966
15687,40.771355,-73.8122,6.2343974
15688,40.772873,-73.812836,5.855537
15689,40.772366,-73.81292,5.855537
15690,40.769463,-73.81492,6.229652
15691,40.77135,-73.82066,6.331706
15692,40.76904,-73.80912,6.2395344
15693,40.771866,-73.80913,5.876878
15694,40.7703,-73.8186,6.2594175
15695,40.766666,-73.81573,6.4391966
15696,40.77004,-73.81646,6.229652
15697,40.768494,-73.81267,6.2343974
15698,40.766705,-73.81142,6.445827
15699,40.766884,-73.81813,6.5265965
15700,40.76842,-73.811676,6.445827
15701,40.76836,-73.81083,6.445827
15702,40.772003,-73.81541,5.8859663
15703,40.77243,-73.81171,5.855537
15704,40.77242,-73.81156,5.855537
15705,40.766876,-73.81043,6.445827
15706,40.772343,-73.81059,5.855537
15707,40.77045,-73.80952,6.2395344
15708,40.76707,-73.813995,6.4391966
15709,40.770836,-73.8118,6.2343974
15710,40.76867,-73.81899,6.2594175
15711,40.77214,-73.81944,5.888159
15712,40.769676,-73.81436,6.229652
15713,40.769726,-73.81072,6.2343974
15714,40.768772,-73.816185,6.229652
15715,40.770725,-73.820175,6.331706
15716,40.76993,-73.81345,6.2343974
15717,40.769665,-73.80988,6.2395344
15718,40.747696,-73.813545,5.6745286
15719,40.751408,-73.81265,5.7318826
15720,40.74954,-73.81393,5.7318563
15721,40.74961,-73.81187,5.7318826
15722,40.75105,-73.81875,5.800542
15723,40.753693,-73.81906,5.9795995
15724,40.748413,-73.81592,5.6745286
15725,40.748413,-73.81592,5.6745286
15726,40.75295,-73.82064,6.2520604
15727,40.749756,-73.81221,5.7318826
15728,40.750378,-73.815475,5.7318563
15729,40.75283,-73.80943,5.9150167
15730,40.75077,-73.81413,5.7318563
15731,40.750664,-73.81687,5.800542
15732,40.750908,-73.81666,5.800542
15733,40.750553,-73.809814,5.7167463
15734,40.751175,-73.818985,5.800542
15735,40.75296,-73.81825,5.9795995
15736,40.75117,-73.818985,5.800542
15737,40.753487,-73.80992,5.9150167
15738,40.75352,-73.819885,6.2520604
15739,40.753193,-73.819824,6.2520604
15740,40.75295,-73.82064,6.2520604
15741,40.753647,-73.82077,6.2520604
15742,40.753452,-73.82017,6.2520604
15743,40.753296,-73.811165,5.9347906
15744,40.75399,-73.81771,5.9795995
15745,40.75142,-73.81653,5.7318563
15746,40.75117,-73.818985,5.800542
15747,40.748234,-73.81611,5.6745286
15748,40.752083,-73.81442,5.7318563
15749,40.75287,-73.82037,6.2520604
15750,40.75105,-73.81875,5.800542
15751,40.753567,-73.815025,5.911376
15752,40.75182,-73.80921,5.7167463
15753,40.753647,-73.82077,6.2520604
15754,40.773632,-73.847855,6.0408745
15755,40.788174,-73.85082,6.376292
15756,40.785988,-73.84207,6.4348817
15757,40.77665,-73.84807,6.292746
15758,40.79361,-73.846306,5.9650254
15759,40.79357,-73.845,5.94812
15760,40.784588,-73.842316,6.4348817
15761,40.786015,-73.851654,6.505032
15762,40.774597,-73.84375,6.1467175
15763,40.791664,-73.83894,6.001702
15764,40.777443,-73.84011,6.393534
15765,40.79063,-73.848724,6.048661
15766,40.77547,-73.84567,6.292746
15767,40.793434,-73.84238,5.94812
15768,40.79128,-73.850624,6.048661
15769,40.785774,-73.851295,6.528063
15770,40.785557,-73.84464,6.4348817
15771,40.790257,-73.853195,6.399049
15772,40.790108,-73.851654,6.399049
15773,40.77638,-73.84853,6.3189325
15774,40.77821,-73.84705,6.5066576
15775,40.792984,-73.839806,6.001702
15776,40.776196,-73.847755,6.292746
15777,40.788708,-73.849976,6.376292
15778,40.786533,-73.8423,6.4348817
15779,40.790195,-73.85314,6.399049
15780,40.78873,-73.84738,6.2689424
15781,40.79259,-73.84353,5.94812
15782,40.79247,-73.83933,6.001702
15783,40.753925,-73.86081,6.4293876
15784,40.757824,-73.85731,5.9609814
15785,40.760277,-73.833916,7.5062118
15786,40.752903,-73.875206,6.7757745
15787,40.768486,-73.873314,5.9847455
15788,40.75949,-73.87467,6.239505
15789,40.757084,-73.835594,7.430224
15790,40.756138,-73.837685,7.430224
15791,40.757805,-73.834404,7.492075
15792,40.759895,-73.876015,6.239505
15793,40.75009,-73.86546,6.702137
15794,40.759644,-73.87665,6.2330265
15795,40.75514,-73.87691,6.826924
15796,40.757797,-73.8572,5.9609814
15797,40.751736,-73.83489,6.6335444
15798,40.757805,-73.834404,7.492075
15799,40.756138,-73.837685,7.430224
15800,40.757797,-73.8572,5.9609814
15801,40.75654,-73.83745,7.430224
15802,40.75654,-73.83745,7.430224
15803,40.758038,-73.85627,5.9609814
15804,40.756237,-73.877106,6.3699923
15805,40.755783,-73.876076,6.7757745
15806,40.770237,-73.87587,6.0085845
15807,40.767593,-73.87107,6.048624
15808,40.76108,-73.83315,7.5062118
15809,40.735683,-73.84911,5.8209534
15810,40.735683,-73.84911,5.8209534
15811,40.735683,-73.84911,5.8209534
15812,40.735523,-73.85072,5.8209534
15813,40.744095,-73.83295,5.816861
15814,40.736015,-73.84942,5.8209534
15815,40.736015,-73.84942,5.8209534
15816,40.735588,-73.84904,5.8209534
15817,40.73595,-73.84926,5.8209534
15818,40.735588,-73.84904,5.8209534
15819,40.7369,-73.84845,5.8286266
15820,40.73595,-73.84926,5.8209534
15821,40.735588,-73.84904,5.8209534
15822,40.74075,-73.85363,5.965873
15823,40.73885,-73.855225,5.951384
15824,40.73833,-73.85243,5.8286266
15825,40.735588,-73.84904,5.8209534
15826,40.73871,-73.85278,5.8286266
15827,40.73595,-73.84926,5.8209534
15828,40.735683,-73.84911,5.8209534
15829,40.736015,-73.84942,5.8209534
15830,40.735588,-73.84904,5.8209534
15831,40.743107,-73.84845,5.965873
15832,40.737747,-73.84746,5.7554164
15833,40.73775,-73.84746,5.7554164
15834,40.735523,-73.85072,5.8209534
15835,40.73576,-73.85151,5.8209534
15836,40.735523,-73.85072,5.8209534
15837,40.739494,-73.8535,5.8286266
15838,40.73885,-73.855225,5.951384
15839,40.73871,-73.85278,5.8286266
15840,40.769753,-73.830086,6.7622886
15841,40.768112,-73.82277,6.662858
15842,40.76854,-73.83009,6.7622886
15843,40.772915,-73.825134,6.332775
15844,40.769485,-73.827675,6.557014
15845,40.76858,-73.82711,6.557014
15846,40.769688,-73.82917,6.557014
15847,40.769753,-73.830086,6.7622886
15848,40.769302,-73.82881,6.557014
15849,40.76858,-73.82711,6.557014
15850,40.76858,-73.82711,6.557014
15851,40.76769,-73.82562,6.662858
15852,40.766727,-73.82642,6.819017
15853,40.76858,-73.82711,6.557014
15854,40.771107,-73.83132,6.7622886
15855,40.769688,-73.82917,6.557014
15856,40.77009,-73.83132,6.7622886
15857,40.767178,-73.825386,6.662858
15858,40.769135,-73.82698,6.557014
15859,40.7676,-73.8278,6.819017
15860,40.769135,-73.82698,6.557014
15861,40.767937,-73.8278,6.819017
15862,40.76858,-73.82711,6.557014
15863,40.770863,-73.82787,6.557014
15864,40.768932,-73.8293,6.7622886
15865,40.772064,-73.82436,6.332775
15866,40.77015,-73.82881,6.557014
15867,40.77071,-73.82862,6.557014
15868,40.770367,-73.829994,6.7622886
15869,40.769753,-73.830086,6.7622886
15870,40.7676,-73.8278,6.819017
15871,40.764526,-73.831985,7.141444
15872,40.764572,-73.82553,6.8578744
15873,40.762035,-73.82209,6.920756
15874,40.763836,-73.82768,7.023221
15875,40.763836,-73.82768,7.023221
15876,40.762398,-73.82268,6.8578744
15877,40.762398,-73.82268,6.8578744
15878,40.72304,-73.877625,5.872833
15879,40.72702,-73.85727,6.0037036
15880,40.732662,-73.860405,6.00597
15881,40.73303,-73.85721,5.936344
15882,40.724117,-73.87734,5.872833
15883,40.72645,-73.85938,6.001532
15884,40.727722,-73.85863,5.994471
15885,40.731167,-73.85684,5.936344
15886,40.73043,-73.87895,6.2151785
15887,40.72249,-73.857635,5.999355
15888,40.734467,-73.86013,6.010191
15889,40.73096,-73.85625,5.936344
15890,40.73241,-73.86132,6.049705
15891,40.731167,-73.85684,5.936344
15892,40.729053,-73.86372,6.0506616
15893,40.733643,-73.85926,6.00597
15894,40.734436,-73.85904,6.010191
15895,40.723236,-73.862785,5.9604063
15896,40.725903,-73.86007,6.001532
15897,40.730145,-73.85979,5.994471
15898,40.72718,-73.86104,5.9986544
15899,40.726055,-73.85614,6.0037036
15900,40.72975,-73.86342,6.0506616
15901,40.72778,-73.85935,5.994471
15902,40.734436,-73.85904,6.010191
15903,40.732662,-73.860405,6.00597
15904,40.730145,-73.85979,5.994471
15905,40.728542,-73.87284,6.0514984
15906,40.734436,-73.85904,6.010191
15907,40.734436,-73.85904,6.010191
15908,40.72271,-73.85757,5.999355
15909,40.72365,-73.862785,5.9604063
15910,40.733578,-73.85903,6.00597
15911,40.727436,-73.86835,6.076763
15912,40.731606,-73.876144,6.0982275
15913,40.726704,-73.874626,5.930556
15914,40.73084,-73.856804,5.936344
15915,40.731377,-73.86777,6.114944
15916,40.733124,-73.876816,6.2559285
15917,40.724373,-73.87492,5.930556
15918,40.725903,-73.86007,6.001532
15919,40.733086,-73.87437,6.0982275
15920,40.7335,-73.8592,6.00597
15921,40.731373,-73.86036,6.00597
15922,40.724747,-73.87235,5.9759383
15923,40.73183,-73.8578,6.00597
15924,40.731827,-73.87627,6.0982275
15925,40.726456,-73.85939,6.001532
15926,40.73391,-73.86034,6.010191
15927,40.730408,-73.85683,5.9601865
15928,40.725075,-73.874054,5.930556
15929,40.72752,-73.85891,5.994471
15930,40.731358,-73.86746,6.114944
15931,40.727585,-73.86067,5.994471
15932,40.732235,-73.858894,6.00597
15933,40.72645,-73.85938,6.001532
15934,40.72721,-73.86312,5.9986544
15935,40.723278,-73.87371,5.8512444
15936,40.73227,-73.85988,6.00597
15937,40.73287,-73.86034,6.00597
15938,40.733337,-73.858734,6.00597
15939,40.723656,-73.87732,5.872833
15940,40.727055,-73.86275,5.9986544
15941,40.73029,-73.8585,5.994471
15942,40.734097,-73.86232,6.0788975
15943,40.734436,-73.85904,6.010191
15944,40.734623,-73.86533,6.1213098
15945,40.733578,-73.85903,6.00597
15946,40.72328,-73.87338,5.8728237
15947,40.724243,-73.878586,5.872833
15948,40.73062,-73.85779,6.00597
15949,40.730408,-73.85683,5.9601865
15950,40.731865,-73.857895,6.00597
15951,40.723415,-73.87569,5.8512444
15952,40.726696,-73.86631,5.992041
15953,40.72316,-73.86745,5.904212
15954,40.731373,-73.86036,6.00597
15955,40.725903,-73.86007,6.001532
15956,40.72345,-73.85622,5.999355
15957,40.72313,-73.85771,5.9788523
15958,40.734436,-73.85904,6.010191
15959,40.72273,-73.87737,5.872833
15960,40.725693,-73.85886,6.001532
15961,40.726017,-73.858864,6.001532
15962,40.72794,-73.85914,5.994471
15963,40.73129,-73.85773,6.00597
15964,40.734097,-73.86232,6.0788975
15965,40.723686,-73.87642,5.8512444
15966,40.72798,-73.86985,6.076763
15967,40.733627,-73.859604,6.00597
15968,40.733845,-73.86188,6.0788975
15969,40.723675,-73.87513,5.8512444
15970,40.725903,-73.86007,6.001532
15971,40.730015,-73.857254,5.9601865
15972,40.730938,-73.85672,5.936344
15973,40.72313,-73.85771,5.9788523
15974,40.732967,-73.85857,6.00597
15975,40.730076,-73.85794,5.994471
15976,40.733627,-73.859604,6.00597
15977,40.723087,-73.87652,5.8512444
15978,40.72563,-73.87277,5.9759383
15979,40.726467,-73.87607,5.930556
15980,40.726547,-73.86074,6.001532
15981,40.732967,-73.85857,6.00597
15982,40.722885,-73.86694,5.93466
15983,40.73029,-73.85811,5.994471
15984,40.73018,-73.856705,5.9601865
15985,40.727707,-73.86065,5.994471
15986,40.730625,-73.85779,6.00597
15987,40.73012,-73.85978,5.994471
15988,40.729366,-73.86954,6.076763
15989,40.73241,-73.86132,6.049705
15990,40.728287,-73.867805,6.076763
15991,40.72568,-73.85726,6.0037036
15992,40.7285,-73.87381,6.0350475
15993,40.735027,-73.866165,6.1213098
15994,40.72721,-73.86312,5.9986544
15995,40.732967,-73.85857,6.00597
15996,40.728848,-73.86198,6.0506616
15997,40.73184,-73.859634,6.00597
15998,40.734467,-73.86013,6.010191
15999,40.727707,-73.86065,5.994471
16000,40.72436,-73.86105,5.9986544
16001,40.726913,-73.868904,5.9994125
16002,40.72822,-73.87327,6.0514984
16003,40.729946,-73.86462,6.0709376
16004,40.73026,-73.86578,6.0709376
16005,40.731007,-73.85739,5.936344
16006,40.72645,-73.85938,6.001532
16007,40.724483,-73.86966,5.9994125
16008,40.73182,-73.86889,6.114944
16009,40.7306,-73.86668,6.0935216
16010,40.72986,-73.86439,6.0709376
16011,40.72313,-73.85753,5.999355
16012,40.725475,-73.856705,6.0037036
16013,40.72985,-73.857796,5.994471
16014,40.733047,-73.86121,6.049705
16015,40.722794,-73.87629,5.8512444
16016,40.73184,-73.859634,6.00597
16017,40.72902,-73.86142,6.0506616
16018,40.730633,-73.85694,5.936344
16019,40.72642,-73.86741,5.9994125
16020,40.733643,-73.85926,6.00597
16021,40.73187,-73.85711,5.936344
16022,40.726177,-73.85799,6.001532
16023,40.7306,-73.86668,6.0935216
16024,40.727364,-73.873,5.9759383
16025,40.7306,-73.86668,6.0935216
16026,40.733845,-73.86188,6.0788975
16027,40.733685,-73.86023,6.00597
16028,40.733448,-73.86199,6.049705
16029,40.728935,-73.86221,6.0506616
16030,40.734463,-73.8654,6.1213098
16031,40.728954,-73.86156,6.0506616
16032,40.73501,-73.8781,6.38964
16033,40.73241,-73.86132,6.049705
16034,40.72612,-73.85924,6.001532
16035,40.724342,-73.877525,5.9836035
16036,40.72645,-73.85938,6.001532
16037,40.7306,-73.86668,6.0935216
16038,40.72689,-73.869255,5.9994125
16039,40.727364,-73.873,5.9759383
16040,40.723064,-73.8765,5.8512444
16041,40.722687,-73.87815,5.872833
16042,40.72291,-73.87528,5.8512444
16043,40.732967,-73.85857,6.00597
16044,40.73241,-73.86132,6.049705
16045,40.730206,-73.871864,6.0514984
16046,40.723156,-73.86965,5.904212
16047,40.733448,-73.86199,6.049705
16048,40.733578,-73.85903,6.00597
16049,40.732216,-73.866974,6.0935216
16050,40.730377,-73.87281,6.0514984
16051,40.72408,-73.85821,5.9788523
16052,40.73338,-73.86214,6.049705
16053,40.732155,-73.85858,6.00597
16054,40.726173,-73.87482,5.930556
16055,40.723156,-73.85632,5.999355
16056,40.73091,-73.86082,6.049705
16057,40.72365,-73.862785,5.9604063
16058,40.728508,-73.86845,6.076763
16059,40.726574,-73.87318,5.9759383
16060,40.73187,-73.85711,5.936344
16061,40.72842,-73.86011,5.994471
16062,40.733845,-73.86188,6.0788975
16063,40.73184,-73.859634,6.00597
16064,40.72895,-73.86156,6.0506616
16065,40.72985,-73.857796,5.994471
16066,40.73183,-73.8578,6.00597
16067,40.72804,-73.87,6.076763
16068,40.728046,-73.86955,6.076763
16069,40.72345,-73.85622,5.999355
16070,40.734463,-73.8654,6.1213098
16071,40.733448,-73.86199,6.049705
16072,40.728973,-73.86382,6.0506616
16073,40.732235,-73.858894,6.00597
16074,40.733578,-73.85903,6.00597
16075,40.732967,-73.85857,6.00597
16076,40.73184,-73.859634,6.00597
16077,40.731007,-73.85739,5.936344
16078,40.723885,-73.87496,5.8512444
16079,40.734303,-73.85996,6.010191
16080,40.733627,-73.859604,6.00597
16081,40.72895,-73.86156,6.0506616
16082,40.734436,-73.85904,6.010191
16083,40.72906,-73.86438,6.0709376
16084,40.72679,-73.85881,6.001532
16085,40.726532,-73.860695,6.001532
16086,40.73183,-73.8578,6.00597
16087,40.733448,-73.86199,6.049705
16088,40.72645,-73.85938,6.001532
16089,40.726387,-73.86148,5.9986544
16090,40.79082,-73.8487,6.048661
16091,40.789,-73.84282,6.2604465
16092,40.787647,-73.84697,6.2689424
16093,40.790257,-73.85168,6.399049
16094,40.790257,-73.853195,6.399049
16095,40.793728,-73.84392,5.7866707
16096,40.785088,-73.84839,6.528063
16097,40.79415,-73.846405,5.793493
16098,40.79248,-73.84848,6.048661
16099,40.791275,-73.84752,5.9650254
16100,40.7827,-73.84575,6.572058
16101,40.774174,-73.84471,6.1467175
16102,40.7926,-73.848114,5.9650254
16103,40.792465,-73.83983,6.001702
16104,40.793575,-73.843956,5.94812
16105,40.774193,-73.845245,6.0408745
16106,40.776527,-73.845955,6.292746
16107,40.791683,-73.84637,5.9650254
16108,40.777473,-73.839554,6.393534
16109,40.785065,-73.85674,6.505032
16110,40.790318,-73.85196,6.399049
16111,40.781303,-73.8426,6.4993253
16112,40.79335,-73.8447,5.94812
16113,40.733643,-73.85926,6.00597
16114,40.732662,-73.860405,6.00597
16115,40.73184,-73.859634,6.00597
16116,40.730026,-73.86876,6.076763
16117,40.73183,-73.8578,6.00597
16118,40.730843,-73.85789,6.00597
16119,40.731182,-73.86787,6.114944
16120,40.72648,-73.85763,6.0037036
16121,40.72546,-73.86802,5.9994125
16122,40.732235,-73.858894,6.00597
16123,40.73137,-73.856155,5.936344
16124,40.728672,-73.867645,6.076763
16125,40.73129,-73.85773,6.00597
16126,40.73451,-73.8595,6.010191
16127,40.732967,-73.85857,6.00597
16128,40.726673,-73.86054,6.001532
16129,40.726387,-73.86148,5.9986544
16130,40.732967,-73.85857,6.00597
16131,40.73451,-73.8595,6.010191
16132,40.734436,-73.85904,6.010191
16133,40.7306,-73.86668,6.0935216
16134,40.73197,-73.857895,6.00597
16135,40.731182,-73.86787,6.114944
16136,40.72914,-73.87731,6.2151785
16137,40.734436,-73.85904,6.010191
16138,40.72631,-73.85951,6.001532
16139,40.733643,-73.85926,6.00597
16140,40.72994,-73.8589,5.994471
16141,40.725906,-73.85755,6.0037036
16142,40.725906,-73.85755,6.0037036
16143,40.72895,-73.86156,6.0506616
16144,40.725536,-73.85964,6.001532
16145,40.733627,-73.859604,6.00597
16146,40.731167,-73.85684,5.936344
16147,40.733322,-73.85747,5.936344
16148,40.72546,-73.86688,5.992041
16149,40.731167,-73.86759,6.114944
16150,40.731182,-73.85762,5.936344
16151,40.73612,-73.868645,6.155679
16152,40.74561,-73.862495,6.532493
16153,40.73815,-73.862335,6.2274427
16154,40.736732,-73.86895,6.155679
16155,40.738884,-73.87612,6.651843
16156,40.737602,-73.85692,5.951384
16157,40.74536,-73.86289,6.532493
16158,40.738136,-73.8582,6.0912986
16159,40.73847,-73.87877,6.788338
16160,40.738853,-73.86053,6.0912986
16161,40.738434,-73.861465,6.2274427
16162,40.74075,-73.871666,6.730761
16163,40.73527,-73.86573,6.1213098
16164,40.7456,-73.874306,6.943256
16165,40.735207,-73.8666,6.1213098
16166,40.74089,-73.87872,7.00813
16167,40.739178,-73.87447,6.651843
16168,40.736557,-73.85886,6.010191
16169,40.738804,-73.87838,6.788338
16170,40.73527,-73.86573,6.1213098
16171,40.738277,-73.86171,6.2274427
16172,40.736282,-73.865845,6.1213098
16173,40.74622,-73.87081,6.8521333
16174,40.74547,-73.857796,6.3869452
16175,40.737885,-73.87062,6.4823
16176,40.73581,-73.86608,6.1213098
16177,40.745617,-73.86248,6.532493
16178,40.737366,-73.87892,6.788338
16179,40.738804,-73.87838,6.788338
16180,40.73609,-73.86555,6.1213098
16181,40.738106,-73.87464,6.651843
16182,40.73659,-73.873276,6.169711
16183,40.737366,-73.87892,6.788338
16184,40.73612,-73.868645,6.155679
16185,40.739017,-73.87052,6.4823
16186,40.737465,-73.85759,5.951384
16187,40.730465,-73.832855,5.5907855
16188,40.731228,-73.84423,5.721183
16189,40.729534,-73.842995,5.8370566
16190,40.729298,-73.84302,5.8370566
16191,40.726192,-73.85399,5.983498
16192,40.72335,-73.844864,5.9625907
16193,40.723442,-73.847115,5.9751034
16194,40.726974,-73.8495,5.983498
16195,40.726616,-73.84635,5.9577436
16196,40.724667,-73.85168,5.983498
16197,40.728535,-73.85138,5.919079
16198,40.723396,-73.84686,5.9751034
16199,40.727047,-73.84978,5.983498
16200,40.724392,-73.854126,5.983498
16201,40.728603,-73.8505,5.919079
16202,40.727905,-73.853096,5.919079
16203,40.727936,-73.849396,5.919079
16204,40.72601,-73.87642,5.930556
16205,40.731865,-73.857895,6.00597
16206,40.731865,-73.857895,6.00597
16207,40.7302,-73.8582,5.994471
16208,40.730335,-73.87041,6.0514984
16209,40.734097,-73.86232,6.0788975
16210,40.734837,-73.85968,6.010191
16211,40.733643,-73.85926,6.00597
16212,40.733944,-73.86037,6.010191
16213,40.733627,-73.859604,6.00597
16214,40.729576,-73.86361,6.0506616
16215,40.734837,-73.85968,6.010191
16216,40.72601,-73.87642,5.930556
16217,40.727173,-73.858536,6.001532
16218,40.72985,-73.857796,5.994471
16219,40.724236,-73.87743,5.872833
16220,40.72902,-73.86142,6.0506616
16221,40.724678,-73.872925,5.9759383
16222,40.730186,-73.858795,5.994471
16223,40.724285,-73.876076,5.930556
16224,40.728848,-73.86198,6.0506616
16225,40.733845,-73.86188,6.0788975
16226,40.730583,-73.86693,6.0935216
16227,40.729652,-73.85844,5.994471
16228,40.732235,-73.858894,6.00597
16229,40.72963,-73.85816,5.994471
16230,40.73451,-73.8595,6.010191
16231,40.72784,-73.86969,6.076763
16232,40.72313,-73.85771,5.9788523
16233,40.7306,-73.86668,6.0935216
16234,40.728935,-73.86221,6.0506616
16235,40.731586,-73.87617,6.0982275
16236,40.726547,-73.87652,5.930556
16237,40.74527,-73.78575,5.4897356
16238,40.737064,-73.78992,5.6374593
16239,40.74697,-73.78756,5.4970326
16240,40.742016,-73.80715,5.5049872
16241,40.741673,-73.79356,5.6128154
16242,40.744133,-73.79265,5.5204496
16243,40.74725,-73.802315,5.512295
16244,40.742657,-73.795586,5.6128154
16245,40.744907,-73.78625,5.4897356
16246,40.747375,-73.80104,5.512295
16247,40.743458,-73.788956,5.511395
16248,40.746925,-73.80067,5.487347
16249,40.739365,-73.80559,5.524586
16250,40.74725,-73.78972,5.491996
16251,40.744087,-73.79226,5.5204496
16252,40.74729,-73.80198,5.512295
16253,40.744717,-73.793564,5.5204496
16254,40.739887,-73.79461,5.6721616
16255,40.73865,-73.79818,5.6689057
16256,40.7443,-73.7921,5.5204496
16257,40.74224,-73.790375,5.549598
16258,40.745636,-73.787926,5.4897356
16259,40.74754,-73.79505,5.489611
16260,40.74417,-73.7923,5.5204496
16261,40.741222,-73.79133,5.549598
16262,40.740246,-73.79635,5.6128154
16263,40.74696,-73.79045,5.491996
16264,40.72246,-73.840614,5.919018
16265,40.72246,-73.840614,5.919018
16266,40.7284,-73.8409,5.7377405
16267,40.72246,-73.840614,5.919018
16268,40.72246,-73.840614,5.919018
16269,40.72246,-73.840614,5.919018
16270,40.722713,-73.84226,5.9625907
16271,40.72246,-73.840614,5.919018
16272,40.72246,-73.840614,5.919018
16273,40.72246,-73.840614,5.919018
16274,40.72246,-73.840614,5.919018
16275,40.722717,-73.84226,5.9625907
16276,40.722717,-73.84226,5.9625907
16277,40.724586,-73.84423,5.930967
16278,40.72416,-73.83879,5.919018
16279,40.72246,-73.840614,5.919018
16280,40.724712,-73.84122,5.86667
16281,40.725307,-73.84179,5.86667
16282,40.722713,-73.84226,5.9625907
16283,40.722713,-73.84226,5.9625907
16284,40.72246,-73.840614,5.919018
16285,40.722588,-73.84249,5.9625907
16286,40.72246,-73.840614,5.919018
16287,40.722588,-73.84249,5.9625907
16288,40.722713,-73.84226,5.9625907
16289,40.723152,-73.841324,5.919018
16290,40.722713,-73.84226,5.9625907
16291,40.72246,-73.840614,5.919018
16292,40.72246,-73.840614,5.919018
16293,40.72246,-73.840614,5.919018
16294,40.735092,-73.86594,6.1213098
16295,40.737865,-73.8731,6.4823
16296,40.738277,-73.86171,6.2274427
16297,40.738934,-73.87729,6.788338
16298,40.738804,-73.87838,6.788338
16299,40.735207,-73.8666,6.1213098
16300,40.738693,-73.8704,6.4823
16301,40.744385,-73.856766,6.2601666
16302,40.738335,-73.85808,6.0912986
16303,40.73662,-73.87528,6.23231
16304,40.738934,-73.87729,6.788338
16305,40.73815,-73.862335,6.2274427
16306,40.73657,-73.87063,6.169711
16307,40.738804,-73.87838,6.788338
16308,40.73847,-73.87877,6.788338
16309,40.73903,-73.87785,6.788338
16310,40.73815,-73.862335,6.2274427
16311,40.738297,-73.87708,6.788338
16312,40.74203,-73.87949,7.00813
16313,40.740116,-73.857925,6.226463
16314,40.73716,-73.87939,6.788338
16315,40.73716,-73.87939,6.788338
16316,40.738262,-73.87671,6.788338
16317,40.738297,-73.87708,6.788338
16318,40.735207,-73.8666,6.1213098
16319,40.74447,-73.85672,6.2601666
16320,40.738106,-73.87464,6.651843
16321,40.738297,-73.87708,6.788338
16322,40.738735,-73.86744,6.395775
16323,40.73777,-73.859116,6.0912986
16324,40.738804,-73.87838,6.788338
16325,40.742744,-73.8727,6.730761
16326,40.740246,-73.874916,6.8617268
16327,40.738297,-73.87708,6.788338
16328,40.73677,-73.87853,6.38964
16329,40.738884,-73.87612,6.651843
16330,40.738262,-73.87671,6.788338
16331,40.73612,-73.868645,6.155679
16332,40.737465,-73.85759,5.951384
16333,40.737362,-73.87891,6.788338
16334,40.738857,-73.86053,6.0912986
16335,40.745804,-73.877464,7.0917244
16336,40.735096,-73.86594,6.1213098
16337,40.739784,-73.87906,6.788338
16338,40.73566,-73.87794,6.38964
16339,40.73754,-73.856415,5.951384
16340,40.738884,-73.87612,6.651843
16341,40.737602,-73.85692,5.951384
16342,40.737053,-73.857185,5.951384
16343,40.745804,-73.877464,7.0917244
16344,40.74146,-73.8606,6.226463
16345,40.74522,-73.87325,6.8521333
16346,40.745457,-73.87324,6.8521333
16347,40.740894,-73.858604,6.226463
16348,40.735287,-73.866554,6.1213098
16349,40.73826,-73.878586,6.788338
16350,40.741707,-73.860435,6.226463
16351,40.735813,-73.86608,6.1213098
16352,40.737778,-73.87359,6.651843
16353,40.737778,-73.87359,6.651843
16354,40.74522,-73.87325,6.8521333
16355,40.739784,-73.87906,6.788338
16356,40.738804,-73.87838,6.788338
16357,40.738136,-73.8582,6.0912986
16358,40.73581,-73.86608,6.1213098
16359,40.738804,-73.87838,6.788338
16360,40.738335,-73.85808,6.0912986
16361,40.74325,-73.86131,6.532493
16362,40.73603,-73.86837,6.155679
16363,40.738853,-73.86053,6.0912986
16364,40.73701,-73.85909,6.0912986
16365,40.735092,-73.86594,6.1213098
16366,40.74203,-73.87949,7.00813
16367,40.740517,-73.86924,6.64137
16368,40.738453,-73.86624,6.3504558
16369,40.73603,-73.86837,6.155679
16370,40.736607,-73.869026,6.155679
16371,40.740776,-73.86829,6.64137
16372,40.741592,-73.86156,6.3908167
16373,40.73903,-73.87785,6.788338
16374,40.73657,-73.87063,6.169711
16375,40.739613,-73.85618,5.951384
16376,40.741074,-73.87848,7.00813
16377,40.738136,-73.8582,6.0912986
16378,40.738335,-73.85808,6.0912986
16379,40.73826,-73.878586,6.788338
16380,40.73659,-73.873276,6.169711
16381,40.73668,-73.87219,6.169711
16382,40.736607,-73.869026,6.155679
16383,40.737602,-73.85692,5.951384
16384,40.736443,-73.858315,6.010191
16385,40.738884,-73.87795,6.788338
16386,40.73903,-73.87785,6.788338
16387,40.740894,-73.858604,6.226463
16388,40.740288,-73.868866,6.64137
16389,40.738804,-73.87838,6.788338
16390,40.73657,-73.87063,6.169711
16391,40.738853,-73.86053,6.0912986
16392,40.737465,-73.85759,5.951384
16393,40.73352,-73.81532,5.651842
16394,40.727543,-73.82496,5.6495457
16395,40.731632,-73.82506,5.6470447
16396,40.72927,-73.81674,5.663043
16397,40.73352,-73.81532,5.651842
16398,40.7257,-73.81142,5.6658435
16399,40.724586,-73.82358,5.641206
16400,40.730812,-73.83009,5.581012
16401,40.73493,-73.8219,5.6396923
16402,40.727703,-73.82552,5.6495457
16403,40.728737,-73.817245,5.663043
16404,40.73352,-73.81532,5.651842
16405,40.730618,-73.829575,5.581012
16406,40.733585,-73.82215,5.6470447
16407,40.728737,-73.817245,5.663043
16408,40.728638,-73.82365,5.6495457
16409,40.73037,-73.82658,5.6221647
16410,40.73352,-73.81532,5.651842
16411,40.734653,-73.82253,5.6396923
16412,40.731647,-73.82712,5.621157
16413,40.728207,-73.83073,5.5980606
16414,40.728825,-73.81963,5.663043
16415,40.733658,-73.815285,5.651842
16416,40.72932,-73.8186,5.663043
16417,40.729084,-73.831825,5.5980606
16418,40.727898,-73.81715,5.663043
16419,40.72668,-73.826294,5.6311216
16420,40.727898,-73.81715,5.663043
16421,40.733456,-73.81627,5.651842
16422,40.73095,-73.818794,5.662543
16423,40.729904,-73.829124,5.6221647
16424,40.72919,-73.830414,5.5980606
16425,40.728245,-73.82938,5.5980606
16426,40.730297,-73.81741,5.663043
16427,40.72676,-73.82946,5.6287937
16428,40.738277,-73.86171,6.2274427
16429,40.73754,-73.856415,5.951384
16430,40.746235,-73.87069,6.8521333
16431,40.73657,-73.87063,6.169711
16432,40.735207,-73.8666,6.1213098
16433,40.73777,-73.859116,6.0912986
16434,40.736862,-73.872505,6.169711
16435,40.736782,-73.872185,6.169711
16436,40.73866,-73.87849,6.788338
16437,40.741978,-73.86118,6.3908167
16438,40.737713,-73.85649,5.951384
16439,40.73847,-73.87877,6.788338
16440,40.746796,-73.874466,6.9072304
16441,40.73815,-73.862335,6.2274427
16442,40.737778,-73.87359,6.651843
16443,40.736557,-73.85885,6.010191
16444,40.73581,-73.86608,6.1213098
16445,40.735504,-73.86582,6.1213098
16446,40.738884,-73.87795,6.788338
16447,40.74602,-73.87797,7.0917244
16448,40.73903,-73.87785,6.788338
16449,40.746803,-73.87462,6.9072304
16450,40.73847,-73.87877,6.788338
16451,40.746803,-73.87462,6.9072304
16452,40.735207,-73.8666,6.1213098
16453,40.738136,-73.8582,6.0912986
16454,40.735096,-73.86594,6.1213098
16455,40.738136,-73.8582,6.0912986
16456,40.738335,-73.85808,6.0912986
16457,40.752,-73.85259,6.206294
16458,40.748173,-73.867836,6.77577
16459,40.75734,-73.83421,7.492075
16460,40.756332,-73.83261,7.492075
16461,40.752026,-73.879166,6.9746017
16462,40.762478,-73.87522,6.1636214
16463,40.757755,-73.83498,7.492075
16464,40.755714,-73.876724,6.826924
16465,40.760544,-73.876816,6.2330265
16466,40.755905,-73.87676,6.3699923
16467,40.76613,-73.87298,6.048624
16468,40.75238,-73.86415,6.702137
16469,40.76403,-73.871666,6.1321983
16470,40.755905,-73.87676,6.3699923
16471,40.770763,-73.83267,6.759085
16472,40.756138,-73.837685,7.430224
16473,40.757046,-73.87929,6.3699923
16474,40.759586,-73.86489,6.0519524
16475,40.75551,-73.87295,6.7114787
16476,40.760277,-73.833916,7.5062118
16477,40.75656,-73.87749,6.3699923
16478,40.757725,-73.87752,6.3699923
16479,40.750088,-73.868286,6.782792
16480,40.750244,-73.85245,6.206294
16481,40.75656,-73.87749,6.3699923
16482,40.755054,-73.833595,6.990899
16483,40.76327,-73.87246,6.1321983
16484,40.74992,-73.86563,6.702137
16485,40.765823,-73.87776,6.062298
16486,40.756332,-73.87618,6.387537
16487,40.757973,-73.85678,5.9609814
16488,40.754402,-73.877106,6.826924
16489,40.755783,-73.876076,6.7757745
16490,40.757755,-73.87942,6.3699923
16491,40.75873,-73.8639,6.093904
16492,40.754887,-73.83283,6.990899
16493,40.72994,-73.848946,5.919079
16494,40.731792,-73.85281,5.857044
16495,40.73199,-73.8515,5.857044
16496,40.734596,-73.85538,5.9272656
16497,40.73072,-73.84993,5.857044
16498,40.731125,-73.84896,5.857044
16499,40.73199,-73.8515,5.857044
16500,40.730556,-73.84733,5.8866134
16501,40.73082,-73.85053,5.857044
16502,40.730618,-73.84817,5.7842813
16503,40.73117,-73.844826,5.721183
16504,40.730186,-73.85045,5.919079
16505,40.732315,-73.855515,5.936344
16506,40.73408,-73.847595,5.735113
16507,40.730465,-73.852356,5.919079
16508,40.733356,-73.8537,5.857044
16509,40.73499,-73.85065,5.8209534
16510,40.73199,-73.8515,5.857044
16511,40.730465,-73.852356,5.919079
16512,40.729057,-73.84782,5.8866134
16513,40.732674,-73.84792,5.7842813
16514,40.73126,-73.84903,5.857044
16515,40.733356,-73.8537,5.857044
16516,40.73199,-73.854095,5.857044
16517,40.732815,-73.85047,5.857044
16518,40.73082,-73.85053,5.857044
16519,40.737465,-73.85759,5.951384
16520,40.74602,-73.87797,7.0917244
16521,40.736782,-73.872185,6.169711
16522,40.738045,-73.8657,6.3504558
16523,40.74274,-73.8688,6.64137
16524,40.73842,-73.859505,6.0912986
16525,40.73657,-73.87063,6.169711
16526,40.742065,-73.87855,7.00813
16527,40.742897,-73.86906,6.64137
16528,40.738804,-73.87838,6.788338
16529,40.73727,-73.87625,6.651843
16530,40.738884,-73.87612,6.651843
16531,40.74213,-73.87413,6.8617268
16532,40.738136,-73.8582,6.0912986
16533,40.738335,-73.85808,6.0912986
16534,40.746796,-73.874466,6.9072304
16535,40.747475,-73.8745,6.9072304
16536,40.74545,-73.871155,6.8521333
16537,40.73662,-73.87528,6.23231
16538,40.738537,-73.87435,6.651843
16539,40.74602,-73.87797,7.0917244
16540,40.74089,-73.87872,7.00813
16541,40.73847,-73.87877,6.788338
16542,40.738804,-73.87838,6.788338
16543,40.73826,-73.878586,6.788338
16544,40.74671,-73.87487,6.9072304
16545,40.74203,-73.87949,7.00813
16546,40.738277,-73.86171,6.2274427
16547,40.73662,-73.87528,6.23231
16548,40.739784,-73.87906,6.788338
16549,40.738136,-73.8582,6.0912986
16550,40.735207,-73.8666,6.1213098
16551,40.736607,-73.869026,6.155679
16552,40.74534,-73.85825,6.3869452
16553,40.73796,-73.859276,6.0912986
16554,40.73866,-73.87849,6.788338
16555,40.739178,-73.87447,6.651843
16556,40.738297,-73.87708,6.788338
16557,40.73603,-73.86837,6.155679
16558,40.74126,-73.859245,6.226463
16559,40.738262,-73.87671,6.788338
16560,40.73729,-73.858955,6.0912986
16561,40.738804,-73.87838,6.788338
16562,40.73841,-73.86046,6.0912986
16563,40.735207,-73.8666,6.1213098
16564,40.73777,-73.859116,6.0912986
16565,40.73921,-73.87083,6.4823
16566,40.73752,-73.858185,6.0912986
16567,40.738464,-73.87433,6.651843
16568,40.741566,-73.869644,6.64137
16569,40.73826,-73.878586,6.788338
16570,40.73662,-73.87528,6.23231
16571,40.73662,-73.87528,6.23231
16572,40.74537,-73.87926,7.0917244
16573,40.73647,-73.85834,6.010191
16574,40.738884,-73.87612,6.651843
16575,40.738262,-73.87671,6.788338
16576,40.7444,-73.8641,6.6417594
16577,40.737175,-73.876465,6.651843
16578,40.735287,-73.866554,6.1213098
16579,40.738884,-73.87612,6.651843
16580,40.73807,-73.86713,6.395775
16581,40.738884,-73.87795,6.788338
16582,40.7444,-73.8641,6.6417594
16583,40.738262,-73.87671,6.788338
16584,40.738853,-73.86053,6.0912986
16585,40.73903,-73.87785,6.788338
16586,40.738297,-73.87708,6.788338
16587,40.738827,-73.877396,6.788338
16588,40.728867,-73.81662,5.663043
16589,40.733658,-73.815285,5.651842
16590,40.73053,-73.8277,5.6221647
16591,40.729145,-73.81745,5.663043
16592,40.733433,-73.81831,5.662543
16593,40.728905,-73.81985,5.6495457
16594,40.730328,-73.83099,5.5980606
16595,40.728226,-73.815994,5.6559873
16596,40.729313,-73.82603,5.6495457
16597,40.731644,-73.817055,5.662543
16598,40.731045,-73.818375,5.662543
16599,40.734005,-73.8227,5.6396923
16600,40.731045,-73.818375,5.662543
16601,40.730846,-73.815735,5.651842
16602,40.72789,-73.822014,5.6495457
16603,40.7265,-73.81794,5.664763
16604,40.73361,-73.815834,5.651842
16605,40.72927,-73.81674,5.663043
16606,40.732914,-73.82044,5.6470447
16607,40.73351,-73.82274,5.6470447
16608,40.728188,-73.80975,5.5861473
16609,40.73135,-73.81803,5.662543
16610,40.731117,-73.825806,5.6470447
16611,40.7235,-73.82557,5.6404786
16612,40.729145,-73.81745,5.663043
16613,40.729145,-73.81745,5.663043
16614,40.730576,-73.82498,5.6470447
16615,40.72381,-73.80974,5.649088
16616,40.732048,-73.82055,5.6470447
16617,40.73083,-73.8174,5.662543
16618,40.722908,-73.82496,5.6404786
16619,40.724663,-73.81898,5.664763
16620,40.730488,-73.832535,5.5907855
16621,40.72652,-73.825836,5.641206
16622,40.734653,-73.82253,5.6396923
16623,40.730396,-73.81653,5.6559873
16624,40.722908,-73.82496,5.6404786
16625,40.72676,-73.82946,5.6287937
16626,40.727673,-73.81132,5.630355
16627,40.730373,-73.82739,5.6221647
16628,40.731804,-73.816185,5.651842
16629,40.72262,-73.81654,5.674377
16630,40.72702,-73.82667,5.6311216
16631,40.7294,-73.82637,5.6221647
16632,40.722782,-73.81341,5.678165
16633,40.724747,-73.81965,5.664763
16634,40.730476,-73.82707,5.6221647
16635,40.724617,-73.820076,5.641206
16636,40.729294,-73.818726,5.663043
16637,40.732555,-73.81745,5.662543
16638,40.731335,-73.82607,5.6470447
16639,40.73352,-73.81532,5.651842
16640,40.732155,-73.81997,5.6470447
16641,40.7325,-73.815186,5.651842
16642,40.732155,-73.81997,5.6470447
16643,40.7325,-73.815186,5.651842
16644,40.732555,-73.81745,5.662543
16645,40.727512,-73.82744,5.6221647
16646,40.72916,-73.8219,5.6495457
16647,40.72676,-73.82946,5.6287937
16648,40.726418,-73.82799,5.6311216
16649,40.72696,-73.82279,5.641206
16650,40.73352,-73.81532,5.651842
16651,40.73372,-73.81699,5.6472583
16652,40.728252,-73.82049,5.6495457
16653,40.72479,-73.82223,5.641206
16654,40.724445,-73.818115,5.664763
16655,40.73493,-73.8219,5.6396923
16656,40.73406,-73.82532,5.6396923
16657,40.734715,-73.82328,5.6396923
16658,40.728024,-73.82907,5.6221647
16659,40.72975,-73.83206,5.5980606
16660,40.733658,-73.815285,5.651842
16661,40.727833,-73.81586,5.6559873
16662,40.730904,-73.82495,5.6470447
16663,40.73008,-73.82797,5.6221647
16664,40.733955,-73.81936,5.6472583
16665,40.734715,-73.82328,5.6396923
16666,40.7275,-73.81693,5.663043
16667,40.726833,-73.82075,5.641206
16668,40.731857,-73.81548,5.651842
16669,40.728893,-73.819885,5.6495457
16670,40.72683,-73.8248,5.641206
16671,40.734715,-73.82328,5.6396923
16672,40.727337,-73.81905,5.664763
16673,40.73275,-73.81671,5.662543
16674,40.73077,-73.82768,5.621157
16675,40.72835,-73.81148,5.630355
16676,40.73152,-73.8287,5.621157
16677,40.72906,-73.82322,5.6495457
16678,40.73502,-73.82299,5.6396923
16679,40.727936,-73.82052,5.6495457
16680,40.72626,-73.82668,5.6311216
16681,40.73352,-73.81532,5.651842
16682,40.72577,-73.82307,5.641206
16683,40.72445,-73.81195,5.6658435
16684,40.728737,-73.817245,5.663043
16685,40.731815,-73.82092,5.6470447
16686,40.72927,-73.81674,5.663043
16687,40.72676,-73.82946,5.6287937
16688,40.7314,-73.82063,5.6470447
16689,40.732006,-73.81899,5.662543
16690,40.733105,-73.818214,5.662543
16691,40.72676,-73.82946,5.6287937
16692,40.728153,-73.820435,5.6495457
16693,40.728237,-73.82047,5.6495457
16694,40.733105,-73.818214,5.662543
16695,40.729218,-73.83077,5.5980606
16696,40.726646,-73.80926,5.620962
16697,40.729576,-73.82722,5.6221647
16698,40.727295,-73.82408,5.641206
16699,40.72676,-73.82946,5.6287937
16700,40.723457,-73.8113,5.678165
16701,40.732384,-73.81572,5.651842
16702,40.73039,-73.82996,5.5980606
16703,40.73009,-73.82772,5.6221647
16704,40.732105,-73.818855,5.662543
16705,40.732105,-73.818855,5.662543
16706,40.73311,-73.82468,5.6470447
16707,40.729572,-73.82557,5.6495457
16708,40.733627,-73.81957,5.662543
16709,40.73021,-73.817566,5.663043
16710,40.728188,-73.80975,5.5861473
16711,40.72743,-73.818756,5.663043
16712,40.731422,-73.81875,5.662543
16713,40.724487,-73.82684,5.6311216
16714,40.727203,-73.82103,5.641206
16715,40.72676,-73.82946,5.6287937
16716,40.731216,-73.81923,5.662543
16717,40.729385,-73.82902,5.6221647
16718,40.7298,-73.82647,5.6221647
16719,40.73366,-73.81766,5.662543
16720,40.729008,-73.83041,5.5980606
16721,40.72295,-73.820755,5.6404786
16722,40.728737,-73.817245,5.663043
16723,40.726624,-73.82967,5.6287937
16724,40.732525,-73.82446,5.6470447
16725,40.729145,-73.8284,5.6221647
16726,40.729416,-73.81673,5.663043
16727,40.73329,-73.82446,5.6470447
16728,40.731857,-73.81548,5.651842
16729,40.731857,-73.81548,5.651842
16730,40.73329,-73.82446,5.6470447
16731,40.73253,-73.82336,5.6470447
16732,40.728428,-73.82177,5.6495457
16733,40.73373,-73.81709,5.6472583
16734,40.72676,-73.82946,5.6287937
16735,40.734715,-73.82328,5.6396923
16736,40.73263,-73.817215,5.662543
16737,40.72835,-73.81148,5.630355
16738,40.732212,-73.82,5.6470447
16739,40.733776,-73.81874,5.6472583
16740,40.723568,-73.82522,5.6404786
16741,40.724117,-73.811295,5.678165
16742,40.734715,-73.82328,5.6396923
16743,40.72334,-73.8232,5.6404786
16744,40.72609,-73.82032,5.641206
16745,40.732212,-73.82,5.6470447
16746,40.768894,-73.806885,6.1105914
16747,40.76639,-73.787994,5.6042137
16748,40.762394,-73.78616,5.6819997
16749,40.762505,-73.79921,6.2320986
16750,40.765064,-73.806465,6.4870715
16751,40.766724,-73.78765,5.6042137
16752,40.769,-73.786934,5.5558534
16753,40.769352,-73.80008,5.8183036
16754,40.762684,-73.80716,6.493366
16755,40.766697,-73.80661,6.347599
16756,40.76768,-73.78727,5.6042137
16757,40.771492,-73.806816,6.1105914
16758,40.769676,-73.78996,5.587463
16759,40.768166,-73.79849,6.088381
16760,40.768055,-73.78831,5.673712
16761,40.76195,-73.791336,5.872942
16762,40.76455,-73.79074,5.825926
16763,40.76589,-73.78604,5.6042137
16764,40.76299,-73.80441,6.4870715
16765,40.762672,-73.795815,6.2320986
16766,40.762672,-73.795815,6.2320986
16767,40.761566,-73.79705,6.0666265
16768,40.76589,-73.78604,5.6042137
16769,40.76284,-73.8043,6.4870715
16770,40.763214,-73.80469,6.4870715
16771,40.769176,-73.80779,6.2395344
16772,40.765526,-73.78615,5.6042137
16773,40.77078,-73.80286,6.01169
16774,40.76213,-73.797424,6.2320986
16775,40.76686,-73.791084,5.673712
16776,40.762535,-73.79585,6.2320986
16777,40.76158,-73.79579,6.0666265
16778,40.76361,-73.79854,6.2320986
16779,40.7667,-73.78774,5.6042137
16780,40.730003,-73.794495,5.5649447
16781,40.728153,-73.79232,5.5649447
16782,40.724644,-73.79075,5.515469
16783,40.730003,-73.80798,5.5861473
16784,40.727943,-73.793106,5.5649447
16785,40.729492,-73.80393,5.563489
16786,40.728737,-73.787094,5.5158505
16787,40.729176,-73.79846,5.569619
16788,40.730316,-73.795074,5.5649447
16789,40.72394,-73.78576,5.482902
16790,40.72799,-73.79944,5.569619
16791,40.725647,-73.796265,5.5318723
16792,40.72949,-73.80402,5.562635
16793,40.732742,-73.79551,5.6695747
16794,40.7242,-73.79872,5.553688
16795,40.72856,-73.805916,5.562635
16796,40.725643,-73.80592,5.587643
16797,40.72908,-73.80328,5.563489
16798,40.729645,-73.80649,5.562635
16799,40.728054,-73.80895,5.5861473
16800,40.730152,-73.79875,5.569619
16801,40.72493,-73.8013,5.57831
16802,40.729305,-73.79153,5.5649447
16803,40.724964,-73.805756,5.587643
16804,40.724983,-73.79518,5.5318723
16805,40.72978,-73.80691,5.562635
16806,40.72899,-73.80726,5.5861473
16807,40.72975,-73.80736,5.5861473
16808,40.7271,-73.80538,5.587643
16809,40.72711,-73.79654,5.5318723
16810,40.727947,-73.803825,5.563489
16811,40.727474,-73.8081,5.5861473
16812,40.730587,-73.78787,5.572698
16813,40.728416,-73.80582,5.562635
16814,40.728153,-73.79232,5.5649447
16815,40.73227,-73.7986,5.6426864
16816,40.732742,-73.78985,5.6267047
16817,40.73033,-73.80415,5.562635
16818,40.733032,-73.803024,5.5551066
16819,40.732155,-73.80403,5.5551863
16820,40.726086,-73.79816,5.5588946
16821,40.728493,-73.786995,5.5158505
16822,40.73305,-73.785805,5.572698
16823,40.72624,-73.8,5.5588946
16824,40.72949,-73.792305,5.5649447
16825,40.72738,-73.793755,5.5318723
16826,40.729527,-73.79133,5.544285
16827,40.72637,-73.790985,5.515469
16828,40.72605,-73.79179,5.5318723
16829,40.727715,-73.78763,5.5158505
16830,40.731236,-73.80047,5.6426864
16831,40.72696,-73.79924,5.5588946
16832,40.728012,-73.78972,5.544285
16833,40.728657,-73.80369,5.563489
16834,40.724514,-73.78712,5.486125
16835,40.729557,-73.80776,5.5861473
16836,40.72953,-73.798965,5.569619
16837,40.723534,-73.80069,5.553688
16838,40.729145,-73.806694,5.562635
16839,40.72828,-73.7869,5.5158505
16840,40.72451,-73.78801,5.486125
16841,40.730515,-73.80224,5.563489
16842,40.731556,-73.79631,5.6695747
16843,40.727253,-73.80371,5.57831
16844,40.73005,-73.80237,5.563489
16845,40.73178,-73.79498,5.6695747
16846,40.729614,-73.808624,5.5861473
16847,40.731087,-73.79553,5.6695747
16848,40.73334,-73.79674,5.6695747
16849,40.729946,-73.80825,5.5861473
16850,40.74285,-73.822495,5.631093
16851,40.745903,-73.829796,5.7517815
16852,40.74139,-73.81182,5.538842
16853,40.73759,-73.81077,5.5422654
16854,40.745777,-73.8291,5.702717
16855,40.742012,-73.81744,5.6223803
16856,40.742367,-73.8134,5.538842
16857,40.745106,-73.822876,5.6811304
16858,40.739967,-73.82368,5.6210394
16859,40.74686,-73.81401,5.6745286
16860,40.739388,-73.829636,5.606169
16861,40.74021,-73.81762,5.6223803
16862,40.739506,-73.82801,5.6153502
16863,40.746758,-73.81418,5.6745286
16864,40.73862,-73.83014,5.606169
16865,40.746845,-73.81344,5.6209626
16866,40.746384,-73.831856,6.116482
16867,40.73963,-73.822205,5.6210394
16868,40.740658,-73.82358,5.631093
16869,40.74408,-73.82928,5.7517815
16870,40.741104,-73.812416,5.538842
16871,40.741516,-73.812386,5.538842
16872,40.74,-73.81061,5.5422654
16873,40.74168,-73.8139,5.5920386
16874,40.74383,-73.8191,5.6599364
16875,40.74167,-73.81364,5.5920386
16876,40.739616,-73.827354,5.6153502
16877,40.7428,-73.824425,5.631093
16878,40.746834,-73.82841,5.8987727
16879,40.743065,-73.821465,5.631093
16880,40.740597,-73.81786,5.6223803
16881,40.743668,-73.81773,5.6599364
16882,40.740948,-73.81891,5.6223803
16883,40.743004,-73.82619,5.6273284
16884,40.73961,-73.826866,5.6153502
16885,40.742146,-73.81909,5.6223803
16886,40.73365,-73.792274,5.6695747
16887,40.73163,-73.80379,5.5551066
16888,40.727097,-73.80018,5.5588946
16889,40.726486,-73.79733,5.5318723
16890,40.72687,-73.791504,5.5318723
16891,40.729748,-73.78877,5.544285
16892,40.72939,-73.808205,5.5861473
16893,40.734535,-73.7897,5.698993
16894,40.730873,-73.79388,5.6695747
16895,40.729927,-73.79695,5.5649447
16896,40.72657,-73.80171,5.57831
16897,40.727642,-73.78857,5.544285
16898,40.72856,-73.80642,5.562635
16899,40.729897,-73.80814,5.5861473
16900,40.728756,-73.79589,5.5649447
16901,40.726807,-73.78651,5.486125
16902,40.72978,-73.80691,5.562635
16903,40.733395,-73.79674,5.6695747
16904,40.731327,-73.799576,5.6426864
16905,40.73293,-73.80032,5.6426864
16906,40.729984,-73.78956,5.544285
16907,40.72779,-73.78962,5.544285
16908,40.73336,-73.79674,5.6695747
16909,40.732597,-73.78879,5.6267047
16910,40.723846,-73.80632,5.5955276
16911,40.729317,-73.808205,5.5861473
16912,40.72702,-73.78929,5.515469
16913,40.729843,-73.80798,5.5861473
16914,40.72519,-73.791145,5.515469
16915,40.72732,-73.80831,5.620962
16916,40.72858,-73.79586,5.5649447
16917,40.72571,-73.80174,5.57831
16918,40.725227,-73.80336,5.57831
16919,40.725327,-73.7962,5.5318723
16920,40.728718,-73.79686,5.5649447
16921,40.73218,-73.7977,5.6426864
16922,40.7317,-73.80135,5.5551066
16923,40.72311,-73.80802,5.649088
16924,40.732777,-73.78986,5.6267047
16925,40.72362,-73.80782,5.649088
16926,40.73205,-73.80314,5.5551066
16927,40.733875,-73.788925,5.698993
16928,40.72708,-73.79159,5.5318723
16929,40.733814,-73.78638,5.604808
16930,40.729824,-73.78725,5.5158505
16931,40.72468,-73.796005,5.5318723
16932,40.731007,-73.7984,5.6426864
16933,40.73044,-73.80609,5.562635
16934,40.73396,-73.8039,5.6174564
16935,40.733494,-73.79069,5.6267047
16936,40.732025,-73.80042,5.6426864
16937,40.724957,-73.79517,5.5318723
16938,40.724968,-73.789375,5.515469
16939,40.732155,-73.791565,5.6695747
16940,40.738297,-73.87708,6.788338
16941,40.74129,-73.86144,6.3908167
16942,40.742832,-73.879456,7.00813
16943,40.739086,-73.8665,6.3504558
16944,40.73847,-73.87877,6.788338
16945,40.73839,-73.878395,6.788338
16946,40.73727,-73.87625,6.651843
16947,40.73847,-73.87877,6.788338
16948,40.743374,-73.86144,6.532493
16949,40.744408,-73.86177,6.532493
16950,40.741344,-73.869026,6.64137
16951,40.735096,-73.86594,6.1213098
16952,40.73729,-73.858955,6.0912986
16953,40.747253,-73.86255,6.59181
16954,40.740982,-73.85814,6.226463
16955,40.737602,-73.85692,5.951384
16956,40.735092,-73.86594,6.1213098
16957,40.73704,-73.85938,6.0912986
16958,40.742313,-73.86955,6.64137
16959,40.738884,-73.87612,6.651843
16960,40.74089,-73.87872,7.00813
16961,40.73754,-73.856415,5.951384
16962,40.737053,-73.857185,5.951384
16963,40.741817,-73.86121,6.3908167
16964,40.73704,-73.85938,6.0912986
16965,40.737602,-73.85692,5.951384
16966,40.738136,-73.8582,6.0912986
16967,40.741,-73.8788,7.00813
16968,40.7404,-73.876236,6.8617268
16969,40.73826,-73.878586,6.788338
16970,40.746407,-73.87097,6.8721476
16971,40.73657,-73.87063,6.169711
16972,40.738335,-73.85808,6.0912986
16973,40.730473,-73.83058,5.5980606
16974,40.723038,-73.82315,5.6404786
16975,40.73072,-73.832184,5.581012
16976,40.72546,-73.81069,5.6658435
16977,40.731438,-73.81718,5.662543
16978,40.73352,-73.81532,5.651842
16979,40.73151,-73.817276,5.662543
16980,40.734715,-73.82328,5.6396923
16981,40.728024,-73.82907,5.6221647
16982,40.723434,-73.81637,5.674377
16983,40.72727,-73.82019,5.641206
16984,40.73255,-73.81695,5.662543
16985,40.72469,-73.82363,5.641206
16986,40.72835,-73.81148,5.630355
16987,40.732594,-73.82047,5.6470447
16988,40.731785,-73.82611,5.621157
16989,40.724575,-73.81769,5.664763
16990,40.733925,-73.819046,5.6472583
16991,40.73502,-73.82299,5.6396923
16992,40.73493,-73.8219,5.6396923
16993,40.727028,-73.826996,5.6311216
16994,40.733826,-73.81804,5.6472583
16995,40.72248,-73.82247,5.6404786
16996,40.722473,-73.817024,5.6547527
16997,40.73271,-73.820816,5.6470447
16998,40.725964,-73.825134,5.641206
16999,40.73037,-73.82658,5.6221647
17000,40.728672,-73.82194,5.6495457
17001,40.72566,-73.81828,5.664763
17002,40.734653,-73.82253,5.6396923
17003,40.73275,-73.81671,5.662543
17004,40.724277,-73.82117,5.641206
17005,40.73156,-73.82891,5.621157
17006,40.72676,-73.82946,5.6287937
17007,40.72683,-73.8248,5.641206
17008,40.730457,-73.80503,5.562635
17009,40.73465,-73.7974,5.711659
17010,40.73071,-73.787926,5.572698
17011,40.727222,-73.80405,5.587643
17012,40.73044,-73.80609,5.562635
17013,40.72405,-73.79868,5.553688
17014,40.727898,-73.805855,5.562635
17015,40.73382,-73.78911,5.698993
17016,40.726128,-73.791824,5.5318723
17017,40.72592,-73.79813,5.5588946
17018,40.724377,-73.800575,5.5588946
17019,40.730606,-73.79535,5.6695747
17020,40.722538,-73.80791,5.649088
17021,40.72247,-73.786415,5.482902
17022,40.727867,-73.804504,5.562635
17023,40.73302,-73.78799,5.572698
17024,40.73081,-73.78699,5.572698
17025,40.730606,-73.79535,5.6695747
17026,40.724724,-73.79602,5.5318723
17027,40.7242,-73.80235,5.570455
17028,40.73007,-73.79605,5.5649447
17029,40.73007,-73.79605,5.5649447
17030,40.723854,-73.802795,5.570455
17031,40.7327,-73.789825,5.6267047
17032,40.729782,-73.807,5.562635
17033,40.727478,-73.80808,5.5861473
17034,40.733868,-73.80391,5.6174564
17035,40.730984,-73.79389,5.6695747
17036,40.73503,-73.78794,5.604808
17037,40.723125,-73.80283,5.570455
17038,40.731056,-73.7861,5.572698
17039,40.723812,-73.79859,5.553688
17040,40.731,-73.79389,5.6695747
17041,40.728844,-73.803825,5.563489
17042,40.723545,-73.805565,5.5955276
17043,40.725334,-73.800735,5.5588946
17044,40.726635,-73.80037,5.5588946
17045,40.723217,-73.80298,5.570455
17046,40.64324,-73.97644,6.3357854
17047,40.634727,-73.98144,6.4187093
17048,40.646687,-73.974045,6.2978005
17049,40.6431,-73.97716,6.3357854
17050,40.634518,-73.9786,6.446382
17051,40.6424,-73.97457,6.3357854
17052,40.641773,-73.97446,6.551799
17053,40.641773,-73.97446,6.551799
17054,40.64293,-73.97471,6.3357854
17055,40.636726,-73.992966,6.367809
17056,40.646687,-73.974045,6.2978005
17057,40.641197,-73.99456,6.3931007
17058,40.641773,-73.97446,6.551799
17059,40.64339,-73.97598,6.3357854
17060,40.63996,-73.97552,6.551799
17061,40.640675,-73.97412,6.5088515
17062,40.64339,-73.97598,6.3357854
17063,40.640675,-73.97412,6.5088515
17064,40.64636,-73.97533,6.252441
17065,40.634514,-73.982666,6.4187093
17066,40.64339,-73.97598,6.3357854
17067,40.646687,-73.974045,6.2978005
17068,40.639946,-73.97514,6.551799
17069,40.64086,-73.97524,6.551799
17070,40.63571,-73.99278,6.2936306
17071,40.6424,-73.97457,6.3357854
17072,40.63938,-73.99283,6.3931007
17073,40.64339,-73.97598,6.3357854
17074,40.638107,-73.99374,6.367809
17075,40.639927,-73.973885,6.5088515
17076,40.640675,-73.97412,6.5088515
17077,40.634285,-73.97395,6.435188
17078,40.644913,-73.97372,6.3785577
17079,40.63654,-73.99206,6.367809
17080,40.638603,-73.98082,6.533495
17081,40.6431,-73.97716,6.3357854
17082,40.643513,-73.994606,6.253238
17083,40.644913,-73.97372,6.3785577
17084,40.646687,-73.974045,6.2978005
17085,40.634605,-73.97602,6.4550705
17086,40.63887,-73.99349,6.367809
17087,40.646687,-73.974045,6.2978005
17088,40.646687,-73.974045,6.2978005
17089,40.64324,-73.97644,6.3357854
17090,40.639927,-73.973885,6.5088515
17091,40.644077,-73.9736,6.3785577
17092,40.639256,-73.995285,6.3931007
17093,40.63894,-73.99627,6.367809
17094,40.64293,-73.97471,6.3357854
17095,40.64324,-73.97644,6.3357854
17096,40.646027,-73.98149,6.194784
17097,40.6361,-73.97994,6.545609
17098,40.646687,-73.974045,6.2978005
17099,40.646687,-73.974045,6.2978005
17100,40.63894,-73.99627,6.367809
17101,40.646027,-73.98149,6.194784
17102,40.634907,-73.98472,6.3529677
17103,40.644634,-73.982475,6.384191
17104,40.63572,-73.989784,6.2689075
17105,40.646027,-73.98149,6.194784
17106,40.646687,-73.974045,6.2978005
17107,40.644184,-73.97362,6.3785577
17108,40.646687,-73.974045,6.2978005
17109,40.646687,-73.974045,6.2978005
17110,40.634727,-73.98144,6.4187093
17111,40.640675,-73.97412,6.5088515
17112,40.64441,-73.973656,6.3785577
17113,40.643238,-73.97644,6.3357854
17114,40.6436,-73.985146,6.400193
17115,40.63915,-73.97396,6.5088515
17116,40.64095,-73.975525,6.551799
17117,40.635345,-73.9886,6.2689075
17118,40.63593,-73.99256,6.367809
17119,40.64339,-73.97598,6.3357854
17120,40.645058,-73.99467,6.253238
17121,40.665684,-73.98483,7.0918646
17122,40.66458,-73.9829,6.8247857
17123,40.659485,-73.97731,6.1031694
17124,40.663544,-73.984,6.9536977
17125,40.667572,-73.98237,7.0722194
17126,40.670746,-73.982,7.346835
17127,40.670654,-73.97941,7.152013
17128,40.659485,-73.97731,6.1031694
17129,40.669315,-73.976654,6.6593904
17130,40.66313,-73.98722,7.0724125
17131,40.66445,-73.98153,6.8247857
17132,40.660213,-73.992004,6.7352715
17133,40.663754,-73.995,7.0687647
17134,40.670734,-73.97606,6.9388747
17135,40.666634,-73.991005,7.317958
17136,40.66887,-73.97393,6.4428096
17137,40.670547,-73.97393,6.4428096
17138,40.669815,-73.976555,6.6593904
17139,40.671898,-73.98271,7.346835
17140,40.663467,-73.980255,6.4770527
17141,40.664272,-73.9934,7.0687647
17142,40.67194,-73.97463,6.9388747
17143,40.665558,-73.979744,6.6410747
17144,40.670727,-73.97959,7.152013
17145,40.66437,-73.98109,6.8247857
17146,40.671898,-73.98271,7.346835
17147,40.665028,-73.99074,7.317958
17148,40.66887,-73.97393,6.4428096
17149,40.668186,-73.99331,7.5027666
17150,40.66458,-73.9829,6.8247857
17151,40.669315,-73.976654,6.6593904
17152,40.66116,-73.98072,6.4770527
17153,40.66692,-73.98983,7.2867427
17154,40.66437,-73.98109,6.8247857
17155,40.665028,-73.99074,7.317958
17156,40.670727,-73.97959,7.152013
17157,40.670517,-73.98152,7.0722194
17158,40.66339,-73.9801,6.4770527
17159,40.660088,-73.99028,6.7352715
17160,40.67047,-73.98156,7.0722194
17161,40.665977,-73.989655,7.2867427
17162,40.67033,-73.97348,6.4428096
17163,40.669,-73.99169,7.5027666
17164,40.671898,-73.98271,7.346835
17165,40.66698,-73.98732,7.2867427
17166,40.669315,-73.976654,6.6593904
17167,40.663666,-73.99508,7.0687647
17168,40.666553,-73.987335,7.2867427
17169,40.668186,-73.99331,7.5027666
17170,40.6675,-73.9753,6.6593904
17171,40.67049,-73.9738,6.4428096
17172,40.66032,-73.98614,6.5965242
17173,40.664272,-73.9934,7.0687647
17174,40.660072,-73.99072,6.7352715
17175,40.664227,-73.989395,7.0724125
17176,40.66263,-73.986534,6.9536977
17177,40.669052,-73.98278,7.0722194
17178,40.671898,-73.98271,7.346835
17179,40.669052,-73.98278,7.0722194
17180,40.671898,-73.98271,7.346835
17181,40.659485,-73.97731,6.1031694
17182,40.66545,-73.9921,7.317958
17183,40.66682,-73.9787,6.6410747
17184,40.665447,-73.9921,7.317958
17185,40.664394,-73.98887,7.2867427
17186,40.663677,-73.97964,6.4770527
17187,40.660072,-73.99072,6.7352715
17188,40.668976,-73.99033,7.5027666
17189,40.67049,-73.9738,6.4428096
17190,40.667572,-73.98237,7.0722194
17191,40.666233,-73.993065,7.317958
17192,40.66439,-73.9823,6.8247857
17193,40.668438,-73.9908,7.5027666
17194,40.66116,-73.98072,6.4770527
17195,40.666897,-73.98735,7.2867427
17196,40.660362,-73.99526,6.7352715
17197,40.660072,-73.99072,6.7352715
17198,40.662827,-73.98417,6.9536977
17199,40.66741,-73.974724,6.451078
17200,40.669315,-73.976654,6.6593904
17201,40.66929,-73.97665,6.6593904
17202,40.664185,-73.98098,6.6961417
17203,40.664272,-73.9934,7.0687647
17204,40.66551,-73.97961,6.6410747
17205,40.670204,-73.98614,7.3004284
17206,40.668877,-73.992134,7.5027666
17207,40.665867,-73.98959,7.2867427
17208,40.661385,-73.995445,7.0687647
17209,40.66325,-73.984245,6.9536977
17210,40.67072,-73.98652,7.5116453
17211,40.66249,-73.98347,6.6961417
17212,40.664402,-73.98403,7.0918646
17213,40.67194,-73.97463,6.9388747
17214,40.66545,-73.9921,7.317958
17215,40.66577,-73.97629,6.451078
17216,40.671898,-73.98271,7.346835
17217,40.66322,-73.98423,6.9536977
17218,40.67194,-73.97463,6.9388747
17219,40.666714,-73.9922,7.317958
17220,40.66239,-73.991066,7.0687647
17221,40.66593,-73.978714,6.6410747
17222,40.659485,-73.97731,6.1031694
17223,40.671898,-73.98271,7.346835
17224,40.671257,-73.992874,7.5901747
17225,40.664043,-73.981445,6.6961417
17226,40.66795,-73.98431,7.3004284
17227,40.663525,-73.979324,6.4770527
17228,40.66028,-73.97895,6.301538
17229,40.66539,-73.99227,7.317958
17230,40.663544,-73.984,6.9536977
17231,40.669018,-73.97686,6.6593904
17232,40.66593,-73.978714,6.6410747
17233,40.66432,-73.98815,7.2867427
17234,40.662037,-73.98148,6.6961417
17235,40.668438,-73.9908,7.5027666
17236,40.663525,-73.979324,6.4770527
17237,40.668438,-73.9908,7.5027666
17238,40.665367,-73.98241,6.8247857
17239,40.661892,-73.9946,7.0687647
17240,40.66489,-73.98389,7.0918646
17241,40.666714,-73.9922,7.317958
17242,40.66857,-73.9915,7.5027666
17243,40.662426,-73.99188,7.0687647
17244,40.660877,-73.99141,6.7352715
17245,40.661907,-73.994804,7.0687647
17246,40.662037,-73.98148,6.6961417
17247,40.66901,-73.97602,6.6593904
17248,40.671795,-73.990555,7.5901747
17249,40.661972,-73.981346,6.6961417
17250,40.66629,-73.99134,7.317958
17251,40.66798,-73.99203,7.5027666
17252,40.666466,-73.97569,6.451078
17253,40.661617,-73.99112,7.0687647
17254,40.671463,-73.97405,6.746066
17255,40.66551,-73.97961,6.6410747
17256,40.664333,-73.98405,7.0918646
17257,40.662643,-73.98448,6.9536977
17258,40.665535,-73.984535,7.0918646
17259,40.67194,-73.97463,6.9388747
17260,40.66458,-73.9829,6.8247857
17261,40.670517,-73.98152,7.0722194
17262,40.66409,-73.980225,6.4770527
17263,40.659817,-73.99285,6.7352715
17264,40.668438,-73.9908,7.5027666
17265,40.667294,-73.99423,7.317958
17266,40.666126,-73.98123,6.8247857
17267,40.666126,-73.98123,6.8247857
17268,40.662598,-73.9905,7.0687647
17269,40.664505,-73.983894,7.0918646
17270,40.663486,-73.98379,6.6961417
17271,40.670517,-73.98152,7.0722194
17272,40.667595,-73.9818,7.0722194
17273,40.663673,-73.982216,6.6961417
17274,40.671814,-73.97495,6.9388747
17275,40.664783,-73.98036,6.6410747
17276,40.663265,-73.97878,6.4770527
17277,40.66346,-73.97949,6.4770527
17278,40.663177,-73.99084,7.0687647
17279,40.662827,-73.98417,6.9536977
17280,40.66545,-73.9921,7.317958
17281,40.6647,-73.98873,7.2867427
17282,40.67008,-73.98086,7.0722194
17283,40.6633,-73.97886,6.4770527
17284,40.671795,-73.990555,7.5901747
17285,40.668438,-73.9908,7.5027666
17286,40.67079,-73.97973,7.152013
17287,40.67012,-73.98002,6.8439384
17288,40.67194,-73.97463,6.9388747
17289,40.67194,-73.97463,6.9388747
17290,40.66434,-73.98799,7.2867427
17291,40.660248,-73.99205,6.7352715
17292,40.66157,-73.99123,7.0687647
17293,40.67079,-73.97973,7.152013
17294,40.66629,-73.99134,7.317958
17295,40.663673,-73.982216,6.6961417
17296,40.667274,-73.97501,6.451078
17297,40.669952,-73.9794,6.8439384
17298,40.667274,-73.97501,6.451078
17299,40.666233,-73.993065,7.317958
17300,40.67194,-73.97463,6.9388747
17301,40.66747,-73.98687,7.3004284
17302,40.67194,-73.97463,6.9388747
17303,40.659832,-73.98459,6.5965242
17304,40.66987,-73.982735,7.0722194
17305,40.668438,-73.9908,7.5027666
17306,40.66357,-73.98914,7.0724125
17307,40.67194,-73.97463,6.9388747
17308,40.663605,-73.982285,6.6961417
17309,40.663616,-73.9937,7.0687647
17310,40.662037,-73.99502,7.0687647
17311,40.66242,-73.98961,7.0724125
17312,40.664093,-73.9819,6.6961417
17313,40.665367,-73.979904,6.6410747
17314,40.666874,-73.975334,6.451078
17315,40.667572,-73.98237,7.0722194
17316,40.667572,-73.982376,7.0722194
17317,40.65989,-73.99206,6.7352715
17318,40.66545,-73.9921,7.317958
17319,40.670425,-73.97368,6.4428096
17320,40.671955,-73.98219,7.346835
17321,40.660072,-73.99072,6.7352715
17322,40.66346,-73.97949,6.4770527
17323,40.664043,-73.97771,6.4770527
17324,40.671204,-73.9892,7.6537147
17325,40.663177,-73.99084,7.0687647
17326,40.66184,-73.979546,6.4770527
17327,40.666138,-73.97772,6.6410747
17328,40.671234,-73.97884,7.152013
17329,40.671764,-73.97724,6.9388747
17330,40.668625,-73.98363,7.0722194
17331,40.660904,-73.9836,6.4862585
17332,40.668438,-73.9908,7.5027666
17333,40.670547,-73.97393,6.4428096
17334,40.663486,-73.980736,6.6961417
17335,40.661434,-73.98129,6.6961417
17336,40.665398,-73.98846,7.2867427
17337,40.671234,-73.97884,7.152013
17338,40.671654,-73.98053,7.152013
17339,40.67047,-73.975655,6.6593904
17340,40.671814,-73.97495,6.9388747
17341,40.671814,-73.97495,6.9388747
17342,40.65943,-73.992226,6.7352715
17343,40.66208,-73.98181,6.6961417
17344,40.668438,-73.9908,7.5027666
17345,40.668438,-73.9908,7.5027666
17346,40.65989,-73.99206,6.7352715
17347,40.66796,-73.99041,7.5027666
17348,40.66005,-73.9848,6.5965242
17349,40.666145,-73.98474,7.0918646
17350,40.664337,-73.99188,7.317958
17351,40.66627,-73.98707,7.2867427
17352,40.66638,-73.98698,7.0918646
17353,40.659683,-73.98568,6.5965242
17354,40.66551,-73.97961,6.6410747
17355,40.6643,-73.9933,7.317958
17356,40.66357,-73.98914,7.0724125
17357,40.668068,-73.97707,6.6593904
17358,40.666443,-73.9934,7.317958
17359,40.669228,-73.99217,7.5027666
17360,40.66551,-73.97961,6.6410747
17361,40.66063,-73.99118,6.7352715
17362,40.66638,-73.98698,7.0918646
17363,40.670204,-73.98614,7.3004284
17364,40.661297,-73.995895,7.0687647
17365,40.661396,-73.98121,6.6961417
17366,40.661938,-73.98303,6.6961417
17367,40.67103,-73.985405,7.5116453
17368,40.666878,-73.9809,6.8247857
17369,40.66027,-73.98966,6.692139
17370,40.668438,-73.9908,7.5027666
17371,40.66855,-73.977295,6.6593904
17372,40.662037,-73.99502,7.0687647
17373,40.66901,-73.97602,6.6593904
17374,40.66545,-73.9921,7.317958
17375,40.67194,-73.97463,6.9388747
17376,40.66901,-73.97602,6.6593904
17377,40.67194,-73.97463,6.9388747
17378,40.671955,-73.98219,7.346835
17379,40.666035,-73.98525,7.0918646
17380,40.668358,-73.97625,6.6593904
17381,40.66855,-73.977295,6.6593904
17382,40.666016,-73.98527,7.0918646
17383,40.671814,-73.97495,6.9388747
17384,40.725903,-73.86007,6.001532
17385,40.726173,-73.85799,6.001532
17386,40.731773,-73.85686,5.936344
17387,40.72245,-73.878296,5.872833
17388,40.722885,-73.86694,5.93466
17389,40.72274,-73.8743,5.8512444
17390,40.72313,-73.85753,5.999355
17391,40.732662,-73.860405,6.00597
17392,40.734467,-73.86013,6.010191
17393,40.732243,-73.85988,6.00597
17394,40.729736,-73.86624,6.0709376
17395,40.726192,-73.8589,6.001532
17396,40.723568,-73.858215,5.9788523
17397,40.73254,-73.867256,6.114944
17398,40.73187,-73.85711,5.936344
17399,40.731865,-73.857895,6.00597
17400,40.73184,-73.859634,6.00597
17401,40.728615,-73.87276,6.0514984
17402,40.730145,-73.85979,5.994471
17403,40.729412,-73.87643,6.0350475
17404,40.724506,-73.87464,5.930556
17405,40.730904,-73.86877,6.114944
17406,40.728294,-73.86662,6.0709376
17407,40.733448,-73.86199,6.049705
17408,40.732662,-73.860405,6.00597
17409,40.732155,-73.85858,6.00597
17410,40.72834,-73.86738,6.076763
17411,40.730324,-73.86019,5.994471
17412,40.726715,-73.86117,5.9986544
17413,40.72566,-73.8679,5.9994125
17414,40.727722,-73.85863,5.994471
17415,40.725815,-73.86887,5.9994125
17416,40.655815,-73.976295,6.0851164
17417,40.648766,-73.9744,6.2366867
17418,40.648228,-73.975716,6.252441
17419,40.657017,-73.97442,6.0851164
17420,40.6552,-73.97379,6.1412215
17421,40.658653,-73.975624,6.1031694
17422,40.648914,-73.980194,6.189892
17423,40.648228,-73.975716,6.252441
17424,40.648228,-73.975716,6.252441
17425,40.655815,-73.976295,6.0851164
17426,40.655815,-73.976295,6.0851164
17427,40.65801,-73.983055,6.4862585
17428,40.658813,-73.98275,6.4862585
17429,40.649364,-73.97459,6.1919184
17430,40.653625,-73.97528,6.15235
17431,40.65558,-73.97636,6.0851164
17432,40.65558,-73.97636,6.0851164
17433,40.651615,-73.97774,6.189892
17434,40.658813,-73.98275,6.4862585
17435,40.64816,-73.98014,6.2470565
17436,40.657173,-73.97451,6.0851164
17437,40.657017,-73.97442,6.0851164
17438,40.655815,-73.976295,6.0851164
17439,40.647556,-73.97559,6.252441
17440,40.647556,-73.97559,6.252441
17441,40.65558,-73.97636,6.0851164
17442,40.65521,-73.9779,6.224981
17443,40.65456,-73.97435,6.185999
17444,40.653942,-73.98078,6.2182918
17445,40.631493,-74.1322,6.499889
17446,40.62423,-74.13378,6.320911
17447,40.627975,-74.15249,6.676667
17448,40.62189,-74.14897,6.2211037
17449,40.632763,-74.11648,6.4747615
17450,40.623573,-74.13868,6.38956
17451,40.62878,-74.13784,6.4721274
17452,40.62969,-74.15957,6.3794436
17453,40.62685,-74.13846,6.4721274
17454,40.633385,-74.11755,6.4747615
17455,40.630276,-74.12095,6.4888186
17456,40.627888,-74.155266,6.5696907
17457,40.63604,-74.15127,6.5624895
17458,40.635666,-74.116745,6.4747615
17459,40.637238,-74.12095,6.458624
17460,40.630707,-74.11473,6.4220033
17461,40.6289,-74.12849,6.4226775
17462,40.627457,-74.15614,6.5696907
17463,40.631096,-74.13953,6.4813185
17464,40.6227,-74.15969,6.247605
17465,40.623634,-74.13127,6.2873363
17466,40.627457,-74.15614,6.5696907
17467,40.629276,-74.1597,6.355785
17468,40.628353,-74.15716,6.5696907
17469,40.635887,-74.15227,6.5624895
17470,40.63643,-74.115524,6.374919
17471,40.63113,-74.13962,6.4813185
17472,40.624737,-74.12399,6.304741
17473,40.626232,-74.12466,6.304741
17474,40.627895,-74.15309,6.676667
17475,40.622936,-74.12836,6.175128
17476,40.636578,-74.14665,6.643648
17477,40.629185,-74.13663,6.4721274
17478,40.63796,-74.142334,6.584022
17479,40.63282,-74.157326,6.5100393
17480,40.6342,-74.13156,6.597001
17481,40.63604,-74.15126,6.5624895
17482,40.633396,-74.15272,6.604803
17483,40.635277,-74.11599,6.437213
17484,40.666496,-73.98814,7.2867427
17485,40.661396,-73.98121,6.6961417
17486,40.670425,-73.97368,6.4428096
17487,40.66551,-73.97961,6.6410747
17488,40.65943,-73.992226,6.7352715
17489,40.668438,-73.9908,7.5027666
17490,40.667274,-73.97501,6.451078
17491,40.6609,-73.994644,6.7352715
17492,40.662426,-73.99188,7.0687647
17493,40.668438,-73.9908,7.5027666
17494,40.663486,-73.98405,6.9536977
17495,40.66545,-73.9921,7.317958
17496,40.660206,-73.9788,6.301538
17497,40.662037,-73.98148,6.6961417
17498,40.666767,-73.98952,7.2867427
17499,40.65989,-73.99206,6.7352715
17500,40.65989,-73.99206,6.7352715
17501,40.662643,-73.98448,6.9536977
17502,40.667713,-73.9801,6.8439384
17503,40.66767,-73.99244,7.5027666
17504,40.65989,-73.99206,6.7352715
17505,40.65989,-73.99206,6.7352715
17506,40.660915,-73.99224,6.7352715
17507,40.664043,-73.97771,6.4770527
17508,40.660206,-73.9788,6.301538
17509,40.66184,-73.979546,6.4770527
17510,40.66361,-73.99492,7.0687647
17511,40.65989,-73.99206,6.7352715
17512,40.664402,-73.98403,7.0918646
17513,40.663486,-73.98405,6.9536977
17514,40.670635,-73.97387,6.746066
17515,40.66627,-73.98707,7.2867427
17516,40.660915,-73.99224,6.7352715
17517,40.667274,-73.97501,6.451078
17518,40.660686,-73.983795,6.4862585
17519,40.664272,-73.9934,7.0687647
17520,40.663486,-73.98405,6.9536977
17521,40.6424,-73.97457,6.3357854
17522,40.636684,-73.98004,6.545609
17523,40.635242,-73.989,6.2689075
17524,40.64292,-73.982765,6.384191
17525,40.644634,-73.982475,6.384191
17526,40.6424,-73.97457,6.3357854
17527,40.641724,-73.991585,6.3931007
17528,40.64324,-73.97644,6.3357854
17529,40.6447,-73.99401,6.253238
17530,40.63643,-73.99169,6.367809
17531,40.640987,-73.99112,6.3931007
17532,40.644634,-73.982475,6.384191
17533,40.639927,-73.973885,6.5088515
17534,40.635742,-73.99006,6.2689075
17535,40.638603,-73.98082,6.533495
17536,40.644634,-73.982475,6.384191
17537,40.6419,-73.983025,6.531537
17538,40.638893,-73.99052,6.367809
17539,40.646687,-73.974045,6.2978005
17540,40.635345,-73.9886,6.2689075
17541,40.646687,-73.974045,6.2978005
17542,40.63572,-73.989784,6.2689075
17543,40.636032,-73.97559,6.547705
17544,40.639664,-73.97509,6.551799
17545,40.64339,-73.97599,6.3357854
17546,40.646027,-73.98149,6.194784
17547,40.64636,-73.97533,6.252441
17548,40.639496,-73.98941,6.492766
17549,40.63506,-73.98719,6.2689075
17550,40.64636,-73.97533,6.252441
17551,40.641888,-73.98788,6.492766
17552,40.64329,-73.97689,6.3357854
17553,40.64339,-73.97599,6.3357854
17554,40.63641,-73.97674,6.547705
17555,40.6431,-73.97716,6.3357854
17556,40.64134,-73.99003,6.492766
17557,40.64608,-73.98133,6.194784
17558,40.645058,-73.99467,6.253238
17559,40.64375,-73.97483,6.3357854
17560,40.634727,-73.98144,6.4187093
17561,40.64339,-73.97598,6.3357854
17562,40.76378,-73.97857,9.447444
17563,40.763046,-73.994095,8.862348
17564,40.760914,-73.99547,9.538081
17565,40.76181,-73.97695,9.570852
17566,40.767174,-73.98508,9.006402
17567,40.74892,-73.97379,7.79824
17568,40.762867,-73.99466,8.862348
17569,40.764507,-73.98513,9.824045
17570,40.76181,-73.97695,9.570852
17571,40.748497,-73.97854,9.715225
17572,40.760265,-73.984184,10.569503
17573,40.750603,-73.989334,11.084492
17574,40.74996,-73.97892,10.168144
17575,40.761547,-73.9827,10.539398
17576,40.761547,-73.9827,10.539398
17577,40.760193,-73.99413,9.538081
17578,40.76154,-73.99914,8.523348
17579,40.768776,-73.988434,7.9262123
17580,40.76409,-73.99538,8.862348
17581,40.75167,-73.98187,11.045752
17582,40.770367,-73.98058,7.8766727
17583,40.76154,-73.99914,8.523348
17584,40.75792,-73.99216,9.924327
17585,40.74804,-73.98235,10.6264715
17586,40.762047,-73.99194,9.538081
17587,40.769375,-73.983955,8.138213
17588,40.767174,-73.98508,9.006402
17589,40.753662,-73.99767,9.446224
17590,40.750034,-73.9834,11.045752
17591,40.64018,-74.001465,6.457221
17592,40.644524,-73.99699,6.33201
17593,40.639473,-74.01223,6.989607
17594,40.63761,-74.01053,6.9643564
17595,40.643806,-74.00023,6.4943166
17596,40.641163,-74.01672,7.5931683
17597,40.639473,-74.01223,6.989607
17598,40.641907,-74.00909,6.8506265
17599,40.64495,-74.019585,8.443354
17600,40.639473,-74.00958,6.989607
17601,40.646378,-74.01312,8.052079
17602,40.643135,-74.01197,7.4048557
17603,40.641163,-74.01672,7.5931683
17604,40.645058,-74.002884,6.6850953
17605,40.646008,-74.00902,7.2524967
17606,40.638584,-74.005104,6.602392
17607,40.640297,-74.002815,6.457221
17608,40.644524,-73.99699,6.33201
17609,40.64605,-73.998985,6.2844543
17610,40.642788,-74.008446,6.961857
17611,40.64495,-74.019585,8.443354
17612,40.5526,-74.159325,5.8296237
17613,40.549416,-74.13983,5.6900563
17614,40.56158,-74.1184,5.7241936
17615,40.552887,-74.14521,5.7799478
17616,40.570934,-74.14199,5.754991
17617,40.56226,-74.12215,5.7154613
17618,40.55792,-74.15258,5.7582626
17619,40.55006,-74.14177,5.78429
17620,40.56192,-74.12372,5.726089
17621,40.56059,-74.15588,5.7274675
17622,40.56647,-74.13325,5.7621517
17623,40.551384,-74.14136,5.6945877
17624,40.55815,-74.130196,5.712637
17625,40.54848,-74.15554,5.8519754
17626,40.566082,-74.115814,5.7877536
17627,40.565395,-74.150246,5.716761
17628,40.551117,-74.135445,5.6945877
17629,40.55774,-74.11852,5.67826
17630,40.56339,-74.14175,5.7327614
17631,40.569576,-74.14346,5.74531
17632,40.558777,-74.15122,5.7582626
17633,40.559605,-74.133675,5.719432
17634,40.555702,-74.14823,5.7894797
17635,40.5548,-74.1547,5.8029013
17636,40.55917,-74.15863,5.7529097
17637,40.569447,-74.11858,5.862902
17638,40.554573,-74.1611,5.748094
17639,40.552414,-74.13943,5.6945877
17640,40.555504,-74.14253,5.739556
17641,40.56276,-74.14042,5.728239
17642,40.56217,-74.14736,5.7222133
17643,40.55501,-74.15742,5.8029013
17644,40.56685,-74.12326,5.7949224
17645,40.552322,-74.135475,5.6945877
17646,40.55746,-74.11566,5.684312
17647,40.55589,-74.13875,5.7067757
17648,40.571007,-74.142,5.754991
17649,40.560284,-74.11693,5.7241936
17650,40.569534,-74.11873,5.862902
17651,40.56408,-74.14331,5.7327614
17652,40.632076,-74.16053,6.3794436
17653,40.629944,-74.13142,6.499889
17654,40.633495,-74.15474,6.5100393
17655,40.636192,-74.15031,6.5922565
17656,40.635162,-74.14924,6.6418
17657,40.62331,-74.12592,6.304301
17658,40.635406,-74.16052,6.3399057
17659,40.637203,-74.114746,6.374919
17660,40.63311,-74.14334,6.623202
17661,40.63353,-74.14006,6.5257134
17662,40.63699,-74.12482,6.5478
17663,40.63495,-74.156715,6.5100393
17664,40.640865,-74.11535,6.2880874
17665,40.63642,-74.12632,6.570952
17666,40.626396,-74.14899,6.5258074
17667,40.629128,-74.13916,6.4721274
17668,40.62817,-74.12754,6.4226775
17669,40.624756,-74.13442,6.320911
17670,40.627686,-74.15395,6.676667
17671,40.627457,-74.15614,6.5696907
17672,40.622025,-74.14555,6.2284026
17673,40.63568,-74.13325,6.5587234
17674,40.628334,-74.12629,6.4226775
17675,40.63508,-74.14405,6.623202
17676,40.627457,-74.15614,6.5696907
17677,40.62259,-74.15888,6.247605
17678,40.62745,-74.15614,6.5696907
17679,40.631107,-74.13149,6.499889
17680,40.626183,-74.14505,6.40286
17681,40.635025,-74.148834,6.6418
17682,40.632816,-74.13289,6.5587234
17683,40.630707,-74.13724,6.4813185
17684,40.638905,-74.13804,6.5186944
17685,40.635963,-74.14982,6.5922565
17686,40.628746,-74.15296,6.676667
17687,40.635265,-74.1573,6.5100393
17688,40.62405,-74.13609,6.38956
17689,40.63309,-74.159096,6.3399057
17690,40.627697,-74.12294,6.428856
17691,40.62351,-74.12774,6.304301
17692,40.55881,-74.14822,5.7506676
17693,40.555153,-74.13269,5.6956544
17694,40.557728,-74.15801,5.7529097
17695,40.558624,-74.12014,5.689716
17696,40.557014,-74.11732,5.67826
17697,40.553795,-74.137245,5.6945877
17698,40.55237,-74.15382,5.7968373
17699,40.569763,-74.12236,5.890708
17700,40.55998,-74.15251,5.7582626
17701,40.55426,-74.13112,5.688125
17702,40.5655,-74.11572,5.7877536
17703,40.555935,-74.15723,5.8029013
17704,40.567955,-74.137436,5.757581
17705,40.564186,-74.15519,5.7312937
17706,40.55761,-74.12589,5.7039857
17707,40.569756,-74.12235,5.890708
17708,40.56591,-74.12304,5.750187
17709,40.55994,-74.1566,5.7558017
17710,40.55054,-74.13694,5.6900563
17711,40.54709,-74.13897,5.6869025
17712,40.558598,-74.16052,5.7529097
17713,40.56363,-74.148224,5.716761
17714,40.557194,-74.15875,5.7529097
17715,40.555,-74.14063,5.7067757
17716,40.555737,-74.13199,5.688125
17717,40.570114,-74.1514,5.753681
17718,40.554123,-74.14895,5.7894797
17719,40.56689,-74.129005,5.771592
17720,40.5689,-74.118706,5.862902
17721,40.567806,-74.13253,5.7621517
17722,40.551483,-74.14055,5.6945877
17723,40.547085,-74.13898,5.6869025
17724,40.567825,-74.132675,5.7621517
17725,40.56937,-74.13463,5.7621517
17726,40.564846,-74.14945,5.716761
17727,40.565105,-74.152725,5.718689
17728,40.55635,-74.1248,5.665778
17729,40.55304,-74.15813,5.8296237
17730,40.568726,-74.14917,5.72576
17731,40.56232,-74.14073,5.728239
17732,40.627224,-74.1501,6.700296
17733,40.62477,-74.13007,6.2873363
17734,40.633835,-74.15295,6.604803
17735,40.621845,-74.12706,6.175128
17736,40.63037,-74.1327,6.4534144
17737,40.631496,-74.12254,6.4888186
17738,40.62166,-74.13455,6.2161484
17739,40.63084,-74.15612,6.564492
17740,40.63595,-74.12363,6.5478
17741,40.630608,-74.13766,6.4813185
17742,40.627373,-74.14646,6.689321
17743,40.631836,-74.12069,6.4888186
17744,40.629303,-74.13352,6.411538
17745,40.627647,-74.14779,6.689321
17746,40.62541,-74.1277,6.304301
17747,40.631184,-74.14819,6.763277
17748,40.636948,-74.126816,6.570952
17749,40.627457,-74.15614,6.5696907
17750,40.62854,-74.115166,6.352268
17751,40.631023,-74.15682,6.564492
17752,40.626465,-74.14734,6.689321
17753,40.631424,-74.12168,6.4888186
17754,40.63049,-74.15831,6.3794436
17755,40.626045,-74.143074,6.3852043
17756,40.63727,-74.13422,6.5369153
17757,40.63629,-74.12584,6.5478
17758,40.629097,-74.12906,6.4226775
17759,40.627796,-74.115265,6.352268
17760,40.62657,-74.15484,6.5696907
17761,40.63726,-74.134766,6.5369153
17762,40.627663,-74.13839,6.4721274
17763,40.627728,-74.141624,6.4721274
17764,40.63048,-74.15897,6.3794436
17765,40.63179,-74.15313,6.7119274
17766,40.63333,-74.12217,6.4897604
17767,40.633488,-74.1574,6.5100393
17768,40.627457,-74.15614,6.5696907
17769,40.634026,-74.14049,6.5257134
17770,40.630123,-73.99201,6.3275256
17771,40.625854,-73.981,6.2073164
17772,40.628136,-73.992325,6.4796424
17773,40.627098,-73.99153,6.4796424
17774,40.62338,-73.99665,6.5841417
17775,40.625603,-73.98151,6.2073164
17776,40.632893,-73.994965,6.2936306
17777,40.63161,-73.99517,6.3275256
17778,40.630512,-73.98638,6.199683
17779,40.625084,-73.99435,6.528981
17780,40.629326,-73.99655,6.5318947
17781,40.629498,-73.98354,6.1899858
17782,40.625854,-73.981,6.2073164
17783,40.633987,-73.97906,6.446382
17784,40.622005,-73.974724,6.330829
17785,40.63301,-73.97669,6.4550705
17786,40.630573,-73.987305,6.20748
17787,40.623272,-73.97646,6.221897
17788,40.628136,-73.992325,6.4796424
17789,40.628284,-73.99241,6.4796424
17790,40.62394,-73.97493,6.221897
17791,40.624428,-73.99072,6.528981
17792,40.624413,-73.9741,6.24999
17793,40.631138,-73.98945,6.20748
17794,40.63064,-73.98228,6.2770953
17795,40.62867,-73.9834,6.1899858
17796,40.634052,-73.98264,6.4187093
17797,40.622437,-73.976944,6.330829
17798,40.624966,-73.97894,6.19627
17799,40.63362,-73.983185,6.4187093
17800,40.632187,-73.98243,6.2770953
17801,40.624092,-73.9775,6.221897
17802,40.624195,-73.98545,6.309194
17803,40.62376,-73.99507,6.528981
17804,40.630627,-73.99041,6.3275256
17805,40.62488,-73.982414,6.2073164
17806,40.630123,-73.99201,6.3275256
17807,40.629375,-73.97507,6.2607584
17808,40.626896,-73.99179,6.4796424
17809,40.786263,-73.97704,6.7417526
17810,40.78871,-73.98015,6.693598
17811,40.788338,-73.97544,6.6862583
17812,40.790577,-73.97414,6.616536
17813,40.794502,-73.97603,6.5291553
17814,40.79016,-73.97974,6.693598
17815,40.794277,-73.97552,6.5291553
17816,40.788925,-73.97667,6.6862583
17817,40.79083,-73.97678,6.630968
17818,40.787228,-73.98059,6.7527113
17819,40.79083,-73.97678,6.630968
17820,40.78717,-73.980446,6.7527113
17821,40.79016,-73.97974,6.693598
17822,40.788925,-73.97667,6.6862583
17823,40.787983,-73.978294,6.693598
17824,40.79547,-73.97525,6.5291553
17825,40.79125,-73.97651,6.630968
17826,40.7873,-73.979,6.7527113
17827,40.79016,-73.97974,6.693598
17828,40.789,-73.978874,6.693598
17829,40.790295,-73.976425,6.6862583
17830,40.79016,-73.97974,6.693598
17831,40.79016,-73.97974,6.693598
17832,40.792347,-73.97573,6.630968
17833,40.790863,-73.976006,6.630968
17834,40.78921,-73.97937,6.693598
17835,40.788864,-73.97933,6.693598
17836,40.788807,-73.9792,6.693598
17837,40.61115,-73.991806,6.156757
17838,40.62022,-73.9863,6.3118396
17839,40.619057,-73.97821,6.3312078
17840,40.61991,-73.99345,6.342944
17841,40.609093,-73.97578,6.1548796
17842,40.619953,-73.9934,6.342944
17843,40.61141,-73.979126,6.2761464
17844,40.621033,-73.98614,6.3118396
17845,40.608936,-73.97477,6.1548796
17846,40.61814,-73.994225,6.342944
17847,40.60959,-73.98414,6.0554895
17848,40.619343,-73.98857,6.2947335
17849,40.61403,-73.984406,6.1133323
17850,40.612156,-73.99,6.1044564
17851,40.611065,-73.97852,6.2761464
17852,40.61413,-73.98155,6.264438
17853,40.60959,-73.98414,6.0554895
17854,40.61514,-73.98303,6.264438
17855,40.609657,-73.97869,6.1174655
17856,40.614124,-73.996635,6.133071
17857,40.61003,-73.97564,6.1548796
17858,40.617207,-73.98642,6.264184
17859,40.611923,-73.97891,6.2761464
17860,40.621124,-73.98686,6.3118396
17861,40.60959,-73.98414,6.0554895
17862,40.614967,-73.97609,6.336613
17863,40.616276,-73.98487,6.1133323
17864,40.61645,-73.99144,6.15824
17865,40.614613,-73.97852,6.309866
17866,40.614113,-73.985466,6.1133323
17867,40.61727,-73.98436,6.264184
17868,40.633175,-74.03164,6.4097233
17869,40.628395,-74.03399,6.6740866
17870,40.63235,-74.02408,6.823852
17871,40.633957,-74.03635,6.2599683
17872,40.63979,-74.029785,7.6516604
17873,40.62666,-74.022224,6.7744923
17874,40.636276,-74.03643,6.2186484
17875,40.633957,-74.03635,6.2599683
17876,40.63871,-74.02807,7.0391355
17877,40.629826,-74.02991,6.6239734
17878,40.6312,-74.02567,6.6672006
17879,40.622948,-74.03037,6.581318
17880,40.62797,-74.0258,6.7959666
17881,40.628338,-74.02699,6.7959666
17882,40.632652,-74.02233,6.823852
17883,40.627373,-74.026024,6.7959666
17884,40.627655,-74.02616,6.7959666
17885,40.63474,-74.031136,6.5417314
17886,40.629257,-74.02953,6.7921576
17887,40.639614,-74.029495,7.6516604
17888,40.63594,-74.026306,7.0391355
17889,40.630657,-74.02869,6.6239734
17890,40.62797,-74.0258,6.7959666
17891,40.634895,-74.036385,6.2599683
17892,40.634895,-74.036385,6.2599683
17893,40.621544,-74.03362,6.5439835
17894,40.63224,-74.030045,6.6239734
17895,40.637894,-74.02889,6.715859
17896,40.639095,-74.02933,7.6516604
17897,40.625546,-74.030525,6.7610035
17898,40.634735,-74.031136,6.5417314
17899,40.63604,-74.03539,6.2186484
17900,40.635525,-74.0313,6.4097233
17901,40.631172,-74.026566,6.6672006
17902,40.625,-74.02941,6.7610035
17903,40.634895,-74.036385,6.2599683
17904,40.634735,-74.031136,6.5417314
17905,40.634735,-74.031136,6.5417314
17906,40.63653,-74.03227,6.399238
17907,40.635002,-74.03103,6.5417314
17908,40.629665,-74.027466,6.6672006
17909,40.616833,-74.0381,6.115429
17910,40.61271,-74.064064,6.162504
17911,40.61588,-74.024895,6.1801605
17912,40.61364,-74.03414,6.108034
17913,40.615185,-74.06464,6.2152357
17914,40.62044,-74.03979,6.2988605
17915,40.614315,-74.031746,6.3156285
17916,40.62091,-74.03096,6.581318
17917,40.616344,-74.03779,6.115429
17918,40.615177,-74.03204,6.3156285
17919,40.616344,-74.03779,6.115429
17920,40.612385,-74.02618,6.107772
17921,40.617233,-74.03698,6.364128
17922,40.615494,-74.03747,6.223687
17923,40.611057,-74.06024,6.1098175
17924,40.617233,-74.03698,6.364128
17925,40.614315,-74.031746,6.3156285
17926,40.617653,-74.03864,6.2267323
17927,40.617085,-74.03826,6.2267323
17928,40.61385,-74.026215,6.301075
17929,40.615494,-74.03747,6.223687
17930,40.611053,-74.06024,6.1098175
17931,40.617653,-74.03864,6.2267323
17932,40.613415,-74.03631,6.0592694
17933,40.611053,-74.06023,6.1098175
17934,40.615173,-74.06463,6.2152357
17935,40.599148,-74.06638,6.0090384
17936,40.615993,-74.03364,6.3156285
17937,40.617313,-74.02677,6.443323
17938,40.614506,-74.03583,6.223687
17939,40.60856,-74.06171,5.9678392
17940,40.618893,-74.02312,6.323295
17941,40.61375,-74.0315,6.108034
17942,40.62044,-74.03979,6.2988605
17943,40.62136,-74.03408,6.5439835
17944,40.615185,-74.06464,6.2152357
17945,40.60036,-74.066055,6.0090384
17946,40.62044,-74.03979,6.2988605
17947,40.62044,-74.03979,6.2988605
17948,40.604954,-74.01538,5.913088
17949,40.608585,-74.014465,5.9254155
17950,40.605568,-74.004814,6.2201858
17951,40.6053,-74.0169,5.8349648
17952,40.59865,-73.997955,6.1166577
17953,40.60165,-74.00405,6.154769
17954,40.60165,-74.00405,6.154769
17955,40.601784,-74.00164,6.1925325
17956,40.60377,-74.01602,5.797847
17957,40.603786,-74.016075,5.797847
17958,40.60161,-74.01057,5.984758
17959,40.6064,-73.99855,6.288132
17960,40.608295,-73.99926,6.227812
17961,40.60805,-74.01254,5.9254155
17962,40.6021,-74.006966,6.0880814
17963,40.603626,-74.01718,5.797847
17964,40.6035,-74.01656,5.797847
17965,40.601963,-74.01034,5.984758
17966,40.601227,-74.00761,6.0880814
17967,40.60162,-74.00715,6.0880814
17968,40.598057,-73.9983,6.1166577
17969,40.605675,-74.0087,6.157449
17970,40.60233,-74.00957,5.984758
17971,40.600277,-74.008316,6.0275593
17972,40.60523,-74.010124,6.027061
17973,40.605892,-74.01565,5.8349648
17974,40.60411,-74.015526,5.797847
17975,40.61439,-74.03015,6.341509
17976,40.615993,-74.03364,6.3156285
17977,40.619728,-74.03921,6.2267323
17978,40.616615,-74.02362,6.1801605
17979,40.61898,-74.028755,6.4793363
17980,40.612988,-74.02733,6.107772
17981,40.61874,-74.03226,6.4494176
17982,40.618343,-74.03282,6.4494176
17983,40.61399,-74.035576,6.223687
17984,40.613094,-74.06506,6.162504
17985,40.612988,-74.02733,6.107772
17986,40.613853,-74.033585,6.3156285
17987,40.611843,-74.06378,6.162504
17988,40.609077,-74.066414,6.0451183
17989,40.618103,-74.0369,6.364128
17990,40.614315,-74.031746,6.3156285
17991,40.6183,-74.02364,6.323295
17992,40.618916,-74.03962,6.2267323
17993,40.61399,-74.035576,6.223687
17994,40.611053,-74.06023,6.1098175
17995,40.617413,-74.022934,6.323295
17996,40.618916,-74.03962,6.2267323
17997,40.62047,-74.03837,6.2988605
17998,40.619965,-74.03112,6.4793363
17999,40.614967,-74.037186,6.223687
18000,40.618916,-74.03962,6.2267323
18001,40.616833,-74.0381,6.115429
18002,40.614315,-74.031746,6.3156285
18003,40.614315,-74.031746,6.3156285
18004,40.618103,-74.0369,6.364128
18005,40.613415,-74.03631,6.0592694
18006,40.618217,-74.03874,6.2267323
18007,40.611057,-74.06023,6.1098175
18008,40.620575,-74.03585,6.4452896
18009,40.614967,-74.037186,6.223687
18010,40.611057,-74.06024,6.1098175
18011,40.61812,-74.03654,6.364128
18012,40.614597,-74.03191,6.3156285
18013,40.61876,-74.02323,6.323295
18014,40.608307,-73.98237,6.069918
18015,40.604057,-73.99619,6.147268
18016,40.598907,-73.99631,6.071611
18017,40.597004,-73.9933,5.9822145
18018,40.60608,-73.98846,6.1639605
18019,40.607883,-73.99348,6.2177796
18020,40.5982,-73.9959,6.071611
18021,40.60733,-73.98218,6.0406637
18022,40.601723,-73.974724,6.0278087
18023,40.601723,-73.974724,6.0278087
18024,40.6038,-73.98974,6.0893
18025,40.60773,-73.976425,6.1548796
18026,40.605335,-73.98984,6.1639605
18027,40.59934,-73.996086,6.071611
18028,40.59934,-73.996086,6.071611
18029,40.60352,-73.98298,6.0312862
18030,40.60554,-73.996475,6.2500443
18031,40.600937,-73.97517,6.0102887
18032,40.60558,-73.99628,6.2500443
18033,40.606434,-73.99241,6.2500443
18034,40.60558,-73.99628,6.2500443
18035,40.597225,-73.995895,5.9822145
18036,40.5982,-73.9959,6.071611
18037,40.602898,-73.98731,6.0893
18038,40.60326,-73.975624,6.0278087
18039,40.60016,-73.99609,6.071611
18040,40.60714,-73.98574,6.075007
18041,40.605335,-73.98984,6.1639605
18042,40.60756,-73.9819,6.069918
18043,40.598965,-73.98446,6.0002556
18044,40.59934,-73.996086,6.071611
18045,40.60259,-73.98675,6.0332847
18046,40.60259,-73.98675,6.0332847
18047,40.60805,-73.98234,6.069918
18048,40.599545,-73.99307,6.071611
18049,40.60714,-73.98574,6.075007
18050,40.780304,-73.98295,6.8076525
18051,40.77997,-73.985596,6.724884
18052,40.776543,-73.97746,6.7970057
18053,40.777077,-73.976845,6.7970057
18054,40.780304,-73.98295,6.8076525
18055,40.776283,-73.98937,6.7082715
18056,40.779575,-73.98496,6.724884
18057,40.776104,-73.98209,6.828746
18058,40.776104,-73.98209,6.828746
18059,40.776543,-73.97746,6.7970057
18060,40.625977,-74.03231,6.6620383
18061,40.635406,-74.02799,6.688158
18062,40.62444,-74.04012,6.2418246
18063,40.63344,-74.0257,6.688158
18064,40.63204,-74.035866,6.339263
18065,40.632214,-74.03219,6.547369
18066,40.633034,-74.02316,6.996028
18067,40.635406,-74.02799,6.688158
18068,40.635445,-74.02981,6.5417314
18069,40.625977,-74.03231,6.6620383
18070,40.63556,-74.02995,6.5417314
18071,40.627655,-74.02616,6.7959666
18072,40.62444,-74.04012,6.2418246
18073,40.63566,-74.02936,6.5417314
18074,40.622948,-74.03037,6.581318
18075,40.632214,-74.03219,6.547369
18076,40.629826,-74.02991,6.6239734
18077,40.62622,-74.03458,6.459742
18078,40.63566,-74.02936,6.5417314
18079,40.634815,-74.03715,6.2599683
18080,40.629826,-74.02991,6.6239734
18081,40.6266,-74.02053,6.7744923
18082,40.63364,-74.0302,6.5417314
18083,40.627655,-74.02616,6.7959666
18084,40.622948,-74.03037,6.581318
18085,40.63364,-74.0302,6.5417314
18086,40.626205,-74.02815,6.7610035
18087,40.625423,-74.036354,6.459742
18088,40.636017,-74.03346,6.399238
18089,40.63056,-74.03598,6.339263
18090,40.627655,-74.02616,6.7959666
18091,40.63889,-74.03577,6.2186484
18092,40.610714,-74.06006,6.1098175
18093,40.612446,-74.065254,6.162504
18094,40.615173,-74.06463,6.2152357
18095,40.620045,-74.03831,6.2267323
18096,40.620785,-74.04036,6.2988605
18097,40.620045,-74.03831,6.2267323
18098,40.60874,-74.06484,6.013759
18099,40.611813,-74.0349,6.0592694
18100,40.617413,-74.02369,6.323295
18101,40.608807,-74.06529,6.013759
18102,40.616344,-74.03779,6.115429
18103,40.61062,-74.06552,6.013759
18104,40.617653,-74.03864,6.2267323
18105,40.618702,-74.03218,6.4494176
18106,40.619976,-74.03822,6.2267323
18107,40.61399,-74.035576,6.223687
18108,40.62082,-74.03689,6.4452896
18109,40.618702,-74.03218,6.4494176
18110,40.61678,-74.024765,6.1801605
18111,40.61062,-74.06552,6.013759
18112,40.61062,-74.06552,6.013759
18113,40.60866,-74.065,6.013759
18114,40.614056,-74.03218,6.3156285
18115,40.614056,-74.03218,6.3156285
18116,40.613026,-74.03451,6.0592694
18117,40.612103,-74.0345,6.0592694
18118,40.619343,-74.03986,6.2267323
18119,40.612846,-74.03406,6.108034
18120,40.61341,-74.06499,6.162504
18121,40.611443,-74.0668,6.210667
18122,40.617638,-74.027504,6.443323
18123,40.6156,-74.0306,6.341509
18124,40.615993,-74.03364,6.3156285
18125,40.615494,-74.03747,6.223687
18126,40.619053,-74.03382,6.4494176
18127,40.61548,-74.03301,6.3156285
18128,40.611053,-74.06024,6.1098175
18129,40.614513,-74.03695,6.223687
18130,40.616344,-74.03779,6.115429
18131,40.58736,-73.98704,5.8241606
18132,40.575375,-73.974495,5.9175816
18133,40.589,-73.991844,5.795048
18134,40.58538,-73.98673,5.8241606
18135,40.57493,-73.99832,5.8260164
18136,40.58538,-73.98673,5.8241606
18137,40.575375,-73.974495,5.9175816
18138,40.5761,-73.99182,6.0681763
18139,40.574875,-74.009895,5.658262
18140,40.58071,-74.0046,5.7099886
18141,40.588562,-73.9907,5.795048
18142,40.586796,-73.98439,5.8241606
18143,40.577427,-73.97379,5.969093
18144,40.58829,-73.9839,5.8241606
18145,40.59242,-73.97472,6.0269136
18146,40.586525,-73.984245,5.8241606
18147,40.578285,-73.97376,5.969093
18148,40.590843,-73.97662,6.018388
18149,40.58071,-74.0046,5.7099886
18150,40.575855,-74.00119,5.746012
18151,40.57521,-74.00258,5.746012
18152,40.589,-73.991844,5.795048
18153,40.577705,-74.01117,5.6637764
18154,40.577427,-73.97379,5.969093
18155,40.578285,-73.97376,5.969093
18156,40.577705,-74.01117,5.6637764
18157,40.589996,-73.98976,5.8344865
18158,40.58822,-73.98438,5.8241606
18159,40.58575,-73.983536,5.914618
18160,40.576756,-73.99378,6.0681763
18161,40.586796,-73.98439,5.8241606
18162,40.575256,-73.97428,5.921095
18163,40.577618,-73.99442,6.0681763
18164,40.590485,-73.99098,5.795048
18165,40.60572,-74.065834,5.9516335
18166,40.62044,-74.03979,6.2988605
18167,40.613773,-74.06627,6.210667
18168,40.609905,-74.06002,5.9678392
18169,40.614513,-74.03695,6.223687
18170,40.61518,-74.064644,6.2152357
18171,40.61254,-74.03478,6.0592694
18172,40.613705,-74.06441,6.162504
18173,40.616344,-74.03779,6.115429
18174,40.614315,-74.031746,6.3156285
18175,40.596424,-74.062515,5.9995713
18176,40.611057,-74.06024,6.1098175
18177,40.60667,-74.06485,5.9516335
18178,40.614967,-74.037186,6.223687
18179,40.60751,-74.064705,6.013759
18180,40.600822,-74.06602,6.0090384
18181,40.61713,-74.02455,6.323295
18182,40.596325,-74.0656,6.018554
18183,40.62044,-74.03979,6.2988605
18184,40.616344,-74.03779,6.115429
18185,40.616344,-74.03779,6.115429
18186,40.62044,-74.03979,6.2988605
18187,40.619877,-74.03932,6.2267323
18188,40.616673,-74.03527,6.223687
18189,40.619728,-74.03921,6.2267323
18190,40.61998,-74.039024,6.2267323
18191,40.60892,-74.06502,6.013759
18192,40.61399,-74.035576,6.223687
18193,40.620045,-74.03831,6.2267323
18194,40.614967,-74.037186,6.223687
18195,40.61668,-74.027336,6.301075
18196,40.620045,-74.03831,6.2267323
18197,40.618958,-74.03682,6.364128
18198,40.61447,-74.03291,6.3156285
18199,40.604874,-74.06405,5.9516335
18200,40.612988,-74.02733,6.107772
18201,40.617813,-74.03868,6.2267323
18202,40.61735,-74.03158,6.4494176
18203,40.61447,-74.03291,6.3156285
18204,40.59901,-74.06671,6.0090384
18205,40.612152,-74.034454,6.0592694
18206,40.613747,-74.03151,6.108034
18207,40.619373,-74.02455,6.323295
18208,40.615993,-74.03364,6.3156285
18209,40.616833,-74.0381,6.115429
18210,40.610615,-74.065506,6.013759
18211,40.617653,-74.03864,6.2267323
18212,40.62044,-74.03979,6.2988605
18213,40.597084,-74.06351,6.018554
18214,40.612343,-74.034485,6.0592694
18215,40.612537,-74.03587,6.0592694
18216,40.60917,-74.06123,5.9678392
18217,40.612217,-74.0344,6.0592694
18218,40.619343,-74.03986,6.2267323
18219,40.618073,-74.03683,6.364128
18220,40.62044,-74.03979,6.2988605
18221,40.610607,-74.06551,6.013759
18222,40.62044,-74.03979,6.2988605
18223,40.615993,-74.03364,6.3156285
18224,40.62044,-74.03979,6.2988605
18225,40.613834,-74.06632,6.2689586
18226,40.619823,-74.03932,6.2267323
18227,40.615993,-74.03364,6.3156285
18228,40.616726,-74.024284,6.1801605
18229,40.61785,-74.02181,6.323295
18230,40.614365,-74.031746,6.3156285
18231,40.613262,-74.03239,6.108034
18232,40.62044,-74.03979,6.2988605
18233,40.619167,-74.03122,6.4793363
18234,40.614315,-74.031746,6.3156285
18235,40.615177,-74.03204,6.3156285
18236,40.62044,-74.03979,6.2988605
18237,40.616673,-74.03527,6.223687
18238,40.61998,-74.039024,6.2267323
18239,40.612076,-74.034836,6.0592694
18240,40.616215,-74.03575,6.223687
18241,40.608322,-74.06668,6.0451183
18242,40.62044,-74.03979,6.2988605
18243,40.617653,-74.03864,6.2267323
18244,40.61499,-74.06594,6.2152357
18245,40.612988,-74.02733,6.107772
18246,40.612434,-74.06394,6.162504
18247,40.608116,-74.06575,6.013759
18248,40.613335,-74.065254,6.162504
18249,40.619278,-74.038956,6.2267323
18250,40.61439,-74.03015,6.341509
18251,40.61447,-74.03291,6.3156285
18252,40.620964,-74.02478,6.454098
18253,40.618103,-74.0369,6.364128
18254,40.611057,-74.06024,6.1098175
18255,40.617653,-74.03864,6.2267323
18256,40.619278,-74.038956,6.2267323
18257,40.61637,-74.025116,6.301075
18258,40.611053,-74.06023,6.1098175
18259,40.62044,-74.03979,6.2988605
18260,40.614513,-74.03695,6.223687
18261,40.618916,-74.03962,6.2267323
18262,40.61474,-74.032646,6.3156285
18263,40.61187,-74.06403,6.162504
18264,40.613373,-74.03426,6.108034
18265,40.619343,-74.03986,6.2267323
18266,40.614513,-74.03695,6.223687
18267,40.618916,-74.03962,6.2267323
18268,40.616673,-74.03527,6.223687
18269,40.617653,-74.03864,6.2267323
18270,40.61251,-74.03472,6.0592694
18271,40.62043,-74.02176,6.454098
18272,40.610718,-74.06006,6.1098175
18273,40.599083,-74.067245,6.0090384
18274,40.618553,-74.03874,6.2267323
18275,40.610607,-74.06551,6.013759
18276,40.616684,-74.03519,6.223687
18277,40.613262,-74.03598,6.0592694
18278,40.61364,-74.03414,6.108034
18279,40.618553,-74.03874,6.2267323
18280,40.62092,-74.0292,6.581318
18281,40.62044,-74.03979,6.2988605
18282,40.620045,-74.03831,6.2267323
18283,40.56431,-74.1031,5.757232
18284,40.567963,-74.10534,5.839651
18285,40.5604,-74.10159,5.7158923
18286,40.564217,-74.10526,5.7841787
18287,40.565804,-74.10175,5.757232
18288,40.558826,-74.106995,5.688114
18289,40.56405,-74.10352,5.757232
18290,40.570934,-74.09402,5.772396
18291,40.561134,-74.10312,5.7158923
18292,40.56611,-74.1018,5.757232
18293,40.570255,-74.09228,5.772396
18294,40.560497,-74.105515,5.73376
18295,40.56352,-74.10472,5.7841787
18296,40.570118,-74.113525,5.9411936
18297,40.56405,-74.10486,5.7841787
18298,40.564987,-74.09912,5.733124
18299,40.560837,-74.102264,5.7158923
18300,40.56674,-74.10603,5.839651
18301,40.57091,-74.0967,5.8348575
18302,40.562096,-74.108444,5.7379465
18303,40.567413,-74.105865,5.839651
18304,40.570904,-74.096695,5.8348575
18305,40.565777,-74.101326,5.757232
18306,40.56505,-74.10447,5.7841787
18307,40.565205,-74.10425,5.7841787
18308,40.570766,-74.09685,5.8348575
18309,40.559467,-74.108185,5.688114
18310,40.561222,-74.10859,5.7379465
18311,40.56349,-74.10127,5.757232
18312,40.56645,-74.105156,5.839651
18313,40.56077,-74.10792,5.7379465
18314,40.56089,-74.10277,5.7158923
18315,40.560127,-74.110985,5.688114
18316,40.570873,-74.09674,5.8348575
18317,40.56829,-74.10652,5.839651
18318,40.564716,-74.10715,5.7955627
18319,40.566936,-74.10472,5.839651
18320,40.56019,-74.10965,5.7379465
18321,40.568333,-74.106766,5.839651
18322,40.564716,-74.10715,5.7955627
18323,40.565037,-74.10571,5.7841787
18324,40.60809,-74.06135,5.9678392
18325,40.612007,-74.03458,6.0592694
18326,40.616673,-74.03527,6.223687
18327,40.616344,-74.03779,6.115429
18328,40.611053,-74.06023,6.1098175
18329,40.61399,-74.035576,6.223687
18330,40.618313,-74.035774,6.364128
18331,40.62044,-74.03979,6.2988605
18332,40.606567,-74.06298,5.9516335
18333,40.61399,-74.035576,6.223687
18334,40.615177,-74.03204,6.3156285
18335,40.62044,-74.03979,6.2988605
18336,40.615185,-74.06464,6.2152357
18337,40.611046,-74.06019,6.1098175
18338,40.59753,-74.06581,6.018554
18339,40.620304,-74.03472,6.4452896
18340,40.597485,-74.063225,6.018554
18341,40.62044,-74.03979,6.2988605
18342,40.61399,-74.035576,6.223687
18343,40.62044,-74.03979,6.2988605
18344,40.616344,-74.03779,6.115429
18345,40.62044,-74.03979,6.2988605
18346,40.616344,-74.03779,6.115429
18347,40.62047,-74.03837,6.2988605
18348,40.604122,-74.09693,5.9060287
18349,40.620106,-74.109825,6.0253167
18350,40.62011,-74.10984,6.0253167
18351,40.61372,-74.07073,6.2166095
18352,40.60684,-74.08889,5.9423375
18353,40.598232,-74.0882,5.9854245
18354,40.60938,-74.08407,5.9859877
18355,40.59792,-74.0872,5.9787683
18356,40.598248,-74.09151,5.9607744
18357,40.603912,-74.10351,5.883978
18358,40.600117,-74.092896,5.9607744
18359,40.601994,-74.091095,5.9775586
18360,40.603878,-74.08822,5.9775586
18361,40.615143,-74.08309,6.0953403
18362,40.619534,-74.084236,6.247144
18363,40.605755,-74.0906,5.9423375
18364,40.619495,-74.10025,5.9863877
18365,40.62096,-74.11177,6.0253167
18366,40.601814,-74.07621,5.949127
18367,40.60233,-74.07852,5.949127
18368,40.60814,-74.07409,6.039975
18369,40.60556,-74.07133,5.983686
18370,40.61624,-74.071014,6.2779512
18371,40.60337,-74.07195,5.926828
18372,40.611057,-74.09057,5.974287
18373,40.612743,-74.11171,5.976558
18374,40.59872,-74.101814,5.8837204
18375,40.608215,-74.082535,5.9859877
18376,40.60814,-74.07408,6.039975
18377,40.61505,-74.10007,5.9767923
18378,40.610962,-74.071045,6.2166095
18379,40.620735,-74.11146,6.0253167
18380,40.619804,-74.01229,6.029317
18381,40.613773,-74.00021,6.2015185
18382,40.61785,-74.01038,6.020676
18383,40.61797,-74.005615,6.1232224
18384,40.61083,-74.00294,6.1836762
18385,40.617477,-74.00634,6.0572333
18386,40.617317,-73.99738,6.307854
18387,40.617374,-73.999214,6.307854
18388,40.616894,-74.01313,5.9724874
18389,40.62078,-74.01993,6.454098
18390,40.620426,-74.012726,6.1034846
18391,40.619633,-74.01055,6.020676
18392,40.617283,-74.00903,6.0572333
18393,40.61764,-74.01322,6.029317
18394,40.610287,-74.00673,6.1468277
18395,40.61911,-74.01979,6.323295
18396,40.616844,-74.008896,6.080323
18397,40.618553,-74.01245,6.029317
18398,40.62025,-74.01001,6.049746
18399,40.61511,-74.012596,5.9724874
18400,40.614906,-74.01474,5.9724874
18401,40.619854,-74.016304,6.142888
18402,40.61492,-74.01257,5.9724874
18403,40.617363,-74.01807,6.142888
18404,40.619698,-74.0077,6.0572333
18405,40.612812,-74.00012,6.2015185
18406,40.616734,-73.99884,6.133071
18407,40.616734,-73.99884,6.133071
18408,40.60988,-74.00478,6.2129664
18409,40.62105,-74.00149,6.4256434
18410,40.621014,-74.00628,6.07765
18411,40.62011,-74.010704,6.049746
18412,40.61872,-74.0084,6.0572333
18413,40.617462,-73.99763,6.307854
18414,40.609684,-74.009735,6.0451097
18415,40.613174,-74.03155,6.108034
18416,40.615494,-74.03747,6.223687
18417,40.611862,-74.03507,6.0592694
18418,40.62044,-74.03979,6.2988605
18419,40.616554,-74.02443,6.1801605
18420,40.611053,-74.06024,6.1098175
18421,40.60711,-74.06285,5.9516335
18422,40.608402,-74.06726,6.0451183
18423,40.617085,-74.03826,6.2267323
18424,40.617268,-74.02675,6.443323
18425,40.61573,-74.03546,6.223687
18426,40.61485,-74.03285,6.3156285
18427,40.616673,-74.03527,6.223687
18428,40.61551,-74.063835,6.2152357
18429,40.617653,-74.03864,6.2267323
18430,40.617233,-74.03698,6.364128
18431,40.618916,-74.03962,6.2267323
18432,40.618916,-74.03962,6.2267323
18433,40.617233,-74.03698,6.364128
18434,40.612343,-74.034485,6.0592694
18435,40.612343,-74.034485,6.0592694
18436,40.611057,-74.06024,6.1098175
18437,40.61399,-74.035576,6.223687
18438,40.62044,-74.03979,6.2988605
18439,40.615463,-74.03464,6.223687
18440,40.617653,-74.03864,6.2267323
18441,40.615463,-74.03464,6.223687
18442,40.61946,-74.03999,6.2267323
18443,40.61962,-74.028206,6.4793363
18444,40.60939,-74.06385,6.013759
18445,40.614513,-74.03695,6.223687
18446,40.615463,-74.03464,6.223687
18447,40.61399,-74.035576,6.223687
18448,40.617653,-74.03864,6.2267323
18449,40.619728,-74.03921,6.2267323
18450,40.6142,-74.06654,6.2689586
18451,40.61998,-74.039024,6.2267323
18452,40.621292,-74.033936,6.5439835
18453,40.611877,-74.06486,6.162504
18454,40.619728,-74.03921,6.2267323
18455,40.721222,-73.94768,7.4758763
18456,40.718487,-73.94573,7.1111646
18457,40.721222,-73.94768,7.4758763
18458,40.716984,-73.943504,7.1771483
18459,40.719585,-73.94288,7.1111646
18460,40.715187,-73.94727,7.3054094
18461,40.71987,-73.941475,6.9888663
18462,40.714207,-73.945206,7.225163
18463,40.718506,-73.945595,7.1111646
18464,40.71574,-73.93935,7.2474976
18465,40.714085,-73.94057,7.4547777
18466,40.71591,-73.94078,7.197717
18467,40.719322,-73.94129,6.9888663
18468,40.722095,-73.945564,7.422149
18469,40.714207,-73.945206,7.225163
18470,40.721195,-73.94773,7.4758763
18471,40.71756,-73.94688,7.3054094
18472,40.71574,-73.93935,7.2474976
18473,40.721195,-73.94773,7.4758763
18474,40.71574,-73.93935,7.2474976
18475,40.71503,-73.94891,7.3054094
18476,40.71505,-73.94982,7.6246066
18477,40.71505,-73.94982,7.6246066
18478,40.712246,-73.94309,7.225163
18479,40.722347,-73.93598,7.073156
18480,40.721096,-73.94738,7.4758763
18481,40.711174,-73.94629,7.1965413
18482,40.71505,-73.94982,7.6246066
18483,40.71505,-73.94982,7.6246066
18484,40.71683,-73.9439,7.1771483
18485,40.72028,-73.946884,7.280147
18486,40.720142,-73.94726,7.280147
18487,40.7139,-73.94543,7.225163
18488,40.718754,-73.94259,6.9888663
18489,40.71505,-73.94982,7.6246066
18490,40.71815,-73.94933,7.5491347
18491,40.600338,-74.12396,5.915847
18492,40.60336,-74.12757,5.953208
18493,40.6202,-74.14156,6.2559886
18494,40.605057,-74.15974,6.0489063
18495,40.60533,-74.13812,5.9788413
18496,40.60244,-74.12887,5.953208
18497,40.621178,-74.13783,6.2559886
18498,40.616943,-74.134964,6.153915
18499,40.616093,-74.145874,6.047356
18500,40.604362,-74.126915,6.0701222
18501,40.60365,-74.13599,5.914992
18502,40.616306,-74.12479,6.092149
18503,40.601837,-74.13256,5.9165306
18504,40.613884,-74.12523,6.092149
18505,40.60015,-74.12355,5.915847
18506,40.609974,-74.123726,6.0799117
18507,40.619568,-74.1551,6.14039
18508,40.611782,-74.1375,6.013929
18509,40.599014,-74.130455,5.913917
18510,40.619736,-74.136765,6.1423454
18511,40.61533,-74.161095,6.075745
18512,40.615818,-74.11964,6.073322
18513,40.613064,-74.11561,6.006557
18514,40.62052,-74.14122,6.2559886
18515,40.597263,-74.13472,5.8922853
18516,40.61006,-74.13893,6.0027256
18517,40.616714,-74.15764,6.0684953
18518,40.61726,-74.13771,6.1423454
18519,40.6156,-74.136406,6.041612
18520,40.61202,-74.1479,5.982379
18521,40.601303,-74.157936,5.9750233
18522,40.609093,-74.13133,6.0766053
18523,40.61064,-74.15842,6.05909
18524,40.601284,-74.13901,5.914992
18525,40.61621,-74.12674,6.110375
18526,40.61722,-74.133156,6.153915
18527,40.600975,-74.13977,5.905797
18528,40.61081,-74.13551,6.013929
18529,40.618446,-74.13384,6.153915
18530,40.609634,-74.13387,6.033422
18531,40.60689,-74.148346,5.9714713
18532,40.760277,-73.833916,7.5062118
18533,40.753674,-73.86085,6.4293876
18534,40.75266,-73.876366,6.7757745
18535,40.755234,-73.875984,6.7757745
18536,40.754517,-73.87459,6.7757745
18537,40.765324,-73.86367,5.8327174
18538,40.749577,-73.85319,6.206294
18539,40.757084,-73.835594,7.430224
18540,40.754017,-73.85434,6.170573
18541,40.75062,-73.87831,6.9746017
18542,40.75645,-73.87368,6.387537
18543,40.760464,-73.878685,6.2330265
18544,40.767414,-73.87504,6.0719295
18545,40.757076,-73.876305,6.387537
18546,40.751232,-73.86108,6.605053
18547,40.755234,-73.875984,6.7757745
18548,40.765842,-73.868774,5.988346
18549,40.747704,-73.87454,6.9072304
18550,40.75734,-73.83421,7.492075
18551,40.758297,-73.83429,7.492075
18552,40.753983,-73.87326,6.7114787
18553,40.760277,-73.833916,7.5062118
18554,40.755337,-73.875046,6.7757745
18555,40.763885,-73.871635,6.1321983
18556,40.75711,-73.85601,5.9609814
18557,40.754807,-73.877495,6.826924
18558,40.75132,-73.863434,6.605053
18559,40.755272,-73.87569,6.7757745
18560,40.749348,-73.86467,6.702112
18561,40.751022,-73.868484,6.782792
18562,40.755272,-73.87569,6.7757745
18563,40.76748,-73.87033,6.048624
18564,40.714146,-73.92895,8.000657
18565,40.722008,-73.943535,7.422149
18566,40.715588,-73.94481,7.1771483
18567,40.71951,-73.9408,6.9888663
18568,40.721436,-73.94877,7.4758763
18569,40.715286,-73.9411,7.197717
18570,40.714146,-73.92895,8.000657
18571,40.71315,-73.94615,7.219821
18572,40.71574,-73.93935,7.2474976
18573,40.71392,-73.9463,7.219821
18574,40.711456,-73.94332,7.310151
18575,40.718033,-73.94392,7.1111646
18576,40.721397,-73.94308,7.422149
18577,40.712124,-73.94494,7.225163
18578,40.712063,-73.9454,7.225163
18579,40.713505,-73.944786,7.225163
18580,40.712162,-73.94523,7.225163
18581,40.721214,-73.946686,7.4758763
18582,40.714005,-73.93664,7.583651
18583,40.714035,-73.94729,7.219821
18584,40.71792,-73.94421,7.1771483
18585,40.716873,-73.94764,7.3054094
18586,40.714905,-73.95021,7.6246066
18587,40.7122,-73.95989,7.630858
18588,40.714382,-73.96257,7.424822
18589,40.720062,-73.96353,7.605653
18590,40.713505,-73.95733,7.6860204
18591,40.71111,-73.95354,7.363116
18592,40.71043,-73.96636,7.1263757
18593,40.71683,-73.95805,7.946259
18594,40.71111,-73.95354,7.363116
18595,40.7193,-73.96397,7.605653
18596,40.72058,-73.962456,7.605653
18597,40.71844,-73.96388,7.605653
18598,40.72008,-73.95726,8.001259
18599,40.714596,-73.959885,7.630858
18600,40.711594,-73.954185,7.363116
18601,40.71683,-73.95805,7.946259
18602,40.71766,-73.95467,7.8740187
18603,40.71959,-73.964096,7.605653
18604,40.714954,-73.9653,7.580858
18605,40.71044,-73.96754,7.1263757
18606,40.71111,-73.95354,7.363116
18607,40.712227,-73.95998,7.630858
18608,40.71111,-73.95354,7.363116
18609,40.72058,-73.962456,7.605653
18610,40.713367,-73.95672,7.6860204
18611,40.718815,-73.951294,7.5491347
18612,40.720062,-73.96353,7.605653
18613,40.71265,-73.95897,7.630858
18614,40.716827,-73.96415,7.580858
18615,40.72054,-73.95593,8.001259
18616,40.712116,-73.952225,7.4354486
18617,40.714344,-73.96623,7.424822
18618,40.714596,-73.959885,7.630858
18619,40.69899,-73.95837,7.662089
18620,40.70156,-73.95284,7.497937
18621,40.707153,-73.959236,6.9464645
18622,40.697384,-73.96026,7.603869
18623,40.70873,-73.95577,7.2971873
18624,40.698914,-73.95986,7.603869
18625,40.69971,-73.95273,7.497937
18626,40.708828,-73.96938,6.914116
18627,40.699944,-73.95054,7.562397
18628,40.708317,-73.9634,6.840041
18629,40.69726,-73.95792,7.662089
18630,40.703705,-73.96583,6.75797
18631,40.70025,-73.95637,7.1823177
18632,40.70964,-73.96299,7.1263757
18633,40.70978,-73.95032,7.2694473
18634,40.700737,-73.95061,7.562397
18635,40.70964,-73.96299,7.1263757
18636,40.708942,-73.96766,7.1263757
18637,40.69971,-73.95273,7.497937
18638,40.697323,-73.957375,7.662089
18639,40.708828,-73.96938,6.914116
18640,40.70968,-73.96369,7.1263757
18641,40.707256,-73.95535,7.1226625
18642,40.70982,-73.9579,7.2971873
18643,40.698914,-73.95986,7.603869
18644,40.70072,-73.952415,7.497937
18645,40.70982,-73.9579,7.2971873
18646,40.70891,-73.967384,7.1263757
18647,40.708317,-73.9634,6.840041
18648,40.708828,-73.96938,6.914116
18649,40.699444,-73.955025,7.497937
18650,40.70574,-73.956924,7.005858
18651,40.705307,-73.9675,6.75797
18652,40.7056,-73.96761,6.840041
18653,40.7096,-73.95122,7.2694473
18654,40.708023,-73.95093,7.216185
18655,40.698914,-73.95986,7.603869
18656,40.70156,-73.95304,7.497937
18657,40.70156,-73.95304,7.497937
18658,40.715668,-73.96292,7.580858
18659,40.7144,-73.958244,7.6860204
18660,40.717785,-73.96021,7.8138213
18661,40.70995,-73.96315,7.1263757
18662,40.71844,-73.96388,7.605653
18663,40.719597,-73.9642,7.605653
18664,40.71859,-73.953606,7.8555436
18665,40.719616,-73.95717,8.001259
18666,40.714596,-73.959885,7.630858
18667,40.718796,-73.952965,7.8555436
18668,40.714596,-73.959885,7.630858
18669,40.716602,-73.953224,7.8740187
18670,40.71844,-73.96388,7.605653
18671,40.71111,-73.95354,7.363116
18672,40.71483,-73.95335,7.8740187
18673,40.71872,-73.951546,7.5491347
18674,40.71859,-73.953606,7.8555436
18675,40.712116,-73.96268,7.424822
18676,40.711796,-73.9587,7.630858
18677,40.71844,-73.96388,7.605653
18678,40.715668,-73.96292,7.580858
18679,40.715668,-73.96292,7.580858
18680,40.7122,-73.95989,7.630858
18681,40.713795,-73.950554,7.4354486
18682,40.71301,-73.96297,7.424822
18683,40.71481,-73.951195,7.6246066
18684,40.72086,-73.96109,7.908588
18685,40.720337,-73.95769,8.001259
18686,40.71714,-73.964806,7.580858
18687,40.71043,-73.96636,7.1263757
18688,40.71001,-73.96301,7.1263757
18689,40.71012,-73.96794,7.1263757
18690,40.720062,-73.96353,7.605653
18691,40.71448,-73.96188,7.424822
18692,40.71844,-73.96388,7.605653
18693,40.714596,-73.959885,7.630858
18694,40.71092,-73.9609,7.2702227
18695,40.710884,-73.81665,5.7839313
18696,40.716515,-73.832016,5.762118
18697,40.722275,-73.8231,5.6404786
18698,40.711227,-73.813126,5.9262986
18699,40.71803,-73.81987,5.6389723
18700,40.715588,-73.83112,5.762118
18701,40.71217,-73.813805,5.7178307
18702,40.713127,-73.81909,5.675191
18703,40.714382,-73.83184,5.7553844
18704,40.71234,-73.81893,5.675191
18705,40.722145,-73.81557,5.674377
18706,40.71534,-73.81921,5.654474
18707,40.719143,-73.816666,5.636808
18708,40.72076,-73.82337,5.6389723
18709,40.722027,-73.81754,5.6547527
18710,40.714237,-73.83213,5.7553844
18711,40.719143,-73.816666,5.636808
18712,40.715786,-73.83176,5.762118
18713,40.718506,-73.81097,5.662484
18714,40.71191,-73.826614,5.7217946
18715,40.718506,-73.81097,5.662484
18716,40.710552,-73.81621,5.8487616
18717,40.714,-73.83234,5.7553844
18718,40.714756,-73.81247,5.7862105
18719,40.718536,-73.818634,5.636808
18720,40.7109,-73.81443,5.8487616
18721,40.712875,-73.81684,5.675191
18722,40.721115,-73.825066,5.6404786
18723,40.715588,-73.83112,5.762118
18724,40.718063,-73.81933,5.636808
18725,40.71217,-73.813805,5.7178307
18726,40.715588,-73.83112,5.762118
18727,40.71413,-73.813416,5.7862105
18728,40.713127,-73.81909,5.675191
18729,40.715424,-73.81659,5.659061
18730,40.71217,-73.813805,5.7178307
18731,40.720165,-73.95773,8.001259
18732,40.711796,-73.9587,7.630858
18733,40.714596,-73.959885,7.630858
18734,40.715668,-73.96292,7.580858
18735,40.72058,-73.962456,7.605653
18736,40.711174,-73.957085,7.2971873
18737,40.715668,-73.96292,7.580858
18738,40.718643,-73.959496,7.908588
18739,40.715668,-73.96292,7.580858
18740,40.716404,-73.95866,7.8138213
18741,40.720337,-73.95769,8.001259
18742,40.715668,-73.96292,7.580858
18743,40.716827,-73.96415,7.580858
18744,40.716194,-73.9588,7.8138213
18745,40.718575,-73.958244,8.001259
18746,40.71731,-73.95019,7.6246066
18747,40.71476,-73.951416,7.4354486
18748,40.71043,-73.96636,7.1263757
18749,40.71844,-73.96388,7.605653
18750,40.71881,-73.95069,7.5491347
18751,40.71868,-73.95207,7.5491347
18752,40.71859,-73.953606,7.8555436
18753,40.71302,-73.959816,7.630858
18754,40.718815,-73.951294,7.5491347
18755,40.71881,-73.95069,7.5491347
18756,40.72058,-73.962456,7.605653
18757,40.71476,-73.95142,7.4354486
18758,40.7193,-73.96397,7.605653
18759,40.720158,-73.95804,8.001259
18760,40.71302,-73.959816,7.630858
18761,40.72054,-73.95593,8.001259
18762,40.71844,-73.96388,7.605653
18763,40.718815,-73.951294,7.5491347
18764,40.71959,-73.964096,7.605653
18765,40.718815,-73.951294,7.5491347
18766,40.713367,-73.95672,7.6860204
18767,40.71111,-73.95354,7.363116
18768,40.71301,-73.96297,7.424822
18769,40.71926,-73.95603,8.001259
18770,40.718742,-73.95154,7.5491347
18771,40.71926,-73.95603,8.001259
18772,40.704254,-73.96642,6.75797
18773,40.699944,-73.95054,7.562397
18774,40.69965,-73.953125,7.497937
18775,40.707584,-73.9635,6.840041
18776,40.698914,-73.95986,7.603869
18777,40.700676,-73.95364,7.497937
18778,40.70931,-73.96308,7.1263757
18779,40.704254,-73.96642,6.75797
18780,40.70923,-73.96929,6.914116
18781,40.707554,-73.9637,6.840041
18782,40.7096,-73.95122,7.2694473
18783,40.705082,-73.9524,7.0800924
18784,40.7002,-73.95946,7.0258603
18785,40.70982,-73.9579,7.2971873
18786,40.70982,-73.9579,7.2971873
18787,40.699543,-73.93012,7.8083925
18788,40.697838,-73.92888,7.187259
18789,40.70805,-73.94127,7.71881
18790,40.704124,-73.92719,8.189745
18791,40.69906,-73.93055,7.8412843
18792,40.70814,-73.94531,7.5086226
18793,40.703037,-73.947586,7.339539
18794,40.709312,-73.947716,7.1965413
18795,40.70602,-73.93269,8.170685
18796,40.700737,-73.94371,7.386152
18797,40.708195,-73.94523,7.5086226
18798,40.703617,-73.94967,7.2760186
18799,40.703167,-73.94756,7.339539
18800,40.703167,-73.94756,7.339539
18801,40.70761,-73.94584,7.5086226
18802,40.69764,-73.935455,7.262197
18803,40.697784,-73.93616,7.262197
18804,40.708782,-73.941124,7.624056
18805,40.70405,-73.94866,7.339539
18806,40.705334,-73.93232,8.170685
18807,40.70806,-73.94023,7.71881
18808,40.70814,-73.94531,7.5086226
18809,40.70868,-73.9482,7.1965413
18810,40.708244,-73.94382,7.5086226
18811,40.698925,-73.94091,7.095699
18812,40.703167,-73.94756,7.339539
18813,40.703167,-73.94756,7.339539
18814,40.697865,-73.935905,7.262197
18815,40.703167,-73.94756,7.339539
18816,40.699562,-73.93804,7.751408
18817,40.700737,-73.94371,7.386152
18818,40.69891,-73.93123,7.296524
18819,40.705357,-73.93218,8.170685
18820,40.7073,-73.94102,7.71881
18821,40.70806,-73.94023,7.71881
18822,40.70904,-73.94835,7.1965413
18823,40.709286,-73.948,7.1965413
18824,40.703552,-73.93117,8.060963
18825,40.703506,-73.931244,8.060963
18826,40.699543,-73.93012,7.8083925
18827,40.71297,-73.96062,7.630858
18828,40.71448,-73.96188,7.424822
18829,40.71844,-73.96388,7.605653
18830,40.714954,-73.9653,7.580858
18831,40.714596,-73.959885,7.630858
18832,40.719597,-73.9642,7.605653
18833,40.71232,-73.95766,7.6860204
18834,40.71844,-73.96388,7.605653
18835,40.711002,-73.960884,7.2702227
18836,40.720238,-73.95646,8.001259
18837,40.71177,-73.96194,7.424822
18838,40.717785,-73.96021,7.8138213
18839,40.71881,-73.95069,7.5491347
18840,40.71995,-73.95695,8.001259
18841,40.712227,-73.95998,7.630858
18842,40.717785,-73.96021,7.8138213
18843,40.720505,-73.95683,8.001259
18844,40.711372,-73.953415,7.363116
18845,40.71043,-73.96636,7.1263757
18846,40.712116,-73.952225,7.4354486
18847,40.71844,-73.96388,7.605653
18848,40.71492,-73.96181,7.580858
18849,40.71872,-73.951546,7.5491347
18850,40.720062,-73.96353,7.605653
18851,40.720062,-73.96353,7.605653
18852,40.716827,-73.96415,7.580858
18853,40.71844,-73.96388,7.605653
18854,40.720062,-73.96353,7.605653
18855,40.719063,-73.957184,8.001259
18856,40.7193,-73.96397,7.605653
18857,40.719597,-73.9642,7.605653
18858,40.71492,-73.96181,7.580858
18859,40.71302,-73.959816,7.630858
18860,40.718033,-73.95301,7.8555436
18861,40.70989,-73.964195,7.1263757
18862,40.711926,-73.95086,7.4354486
18863,40.71766,-73.95467,7.8740187
18864,40.714596,-73.959885,7.630858
18865,40.710236,-73.83081,5.751058
18866,40.719086,-73.81845,5.636808
18867,40.712875,-73.81684,5.675191
18868,40.7184,-73.8109,5.662484
18869,40.712097,-73.82755,5.7217946
18870,40.720173,-73.81312,5.662484
18871,40.71549,-73.81059,5.6844854
18872,40.720657,-73.82561,5.6389723
18873,40.72024,-73.81171,5.662484
18874,40.711735,-73.818855,5.675191
18875,40.71191,-73.826614,5.7217946
18876,40.712765,-73.8283,5.7217946
18877,40.710163,-73.818535,5.7839313
18878,40.712097,-73.82755,5.7217946
18879,40.710236,-73.83081,5.751058
18880,40.71962,-73.8219,5.6389723
18881,40.71624,-73.815674,5.659061
18882,40.712875,-73.81684,5.675191
18883,40.717983,-73.81791,5.636808
18884,40.712875,-73.81684,5.675191
18885,40.715588,-73.83112,5.762118
18886,40.71549,-73.81059,5.6844854
18887,40.717808,-73.818504,5.654474
18888,40.712635,-73.81945,5.675191
18889,40.713127,-73.81909,5.675191
18890,40.7208,-73.82338,5.6389723
18891,40.716022,-73.831375,5.762118
18892,40.713127,-73.81909,5.675191
18893,40.720886,-73.82565,5.6389723
18894,40.712097,-73.82755,5.7217946
18895,40.71982,-73.81689,5.636808
18896,40.71895,-73.819824,5.6389723
18897,40.710785,-73.83163,5.751058
18898,40.7184,-73.8109,5.662484
18899,40.721745,-73.82237,5.6404786
18900,40.711224,-73.813126,5.9262986
18901,40.721718,-73.82289,5.6404786
18902,40.710236,-73.83081,5.751058
18903,40.718506,-73.81097,5.662484
18904,40.713913,-73.81343,5.7862105
18905,40.7183,-73.81942,5.636808
18906,40.715786,-73.83176,5.762118
18907,40.712482,-73.80999,5.844212
18908,40.720318,-73.81944,5.636808
18909,40.71217,-73.813805,5.7178307
18910,40.713913,-73.81343,5.7862105
18911,40.712097,-73.82755,5.7217946
18912,40.71259,-73.82713,5.7217946
18913,40.712097,-73.82755,5.7217946
18914,40.712482,-73.80999,5.844212
18915,40.711304,-73.82678,5.7502537
18916,40.7108,-73.810036,6.002373
18917,40.7109,-73.81443,5.8487616
18918,40.710693,-73.8143,5.8487616
18919,40.710163,-73.818535,5.7839313
18920,40.71014,-73.818695,5.7839313
18921,40.713997,-73.83234,5.7553844
18922,40.719906,-73.81408,5.659878
18923,40.714115,-73.81433,5.7178307
18924,40.71231,-73.81853,5.675191
18925,40.717323,-73.81665,5.654474
18926,40.718365,-73.81831,5.636808
18927,40.718506,-73.81097,5.662484
18928,40.713127,-73.81909,5.675191
18929,40.710236,-73.83081,5.751058
18930,40.710087,-73.830795,5.751058
18931,40.713127,-73.81909,5.675191
18932,40.712402,-73.817055,5.675191
18933,40.718506,-73.81097,5.662484
18934,40.721596,-73.81127,5.678165
18935,40.715786,-73.83176,5.762118
18936,40.715607,-73.819145,5.654474
18937,40.718506,-73.81097,5.662484
18938,40.719906,-73.81408,5.659878
18939,40.720234,-73.81715,5.636808
18940,40.72145,-73.81532,5.674377
18941,40.711166,-73.813736,5.8487616
18942,40.712982,-73.819435,5.675191
18943,40.720787,-73.82338,5.6389723
18944,40.71812,-73.81914,5.636808
18945,40.71056,-73.81842,5.7839313
18946,40.713127,-73.81909,5.675191
18947,40.7155,-73.80936,5.6890364
18948,40.712875,-73.81684,5.675191
18949,40.71476,-73.81493,5.7178307
18950,40.709835,-73.81674,5.7839313
18951,40.712875,-73.81684,5.675191
18952,40.71413,-73.813416,5.7862105
18953,40.717014,-73.809166,5.6890364
18954,40.712513,-73.81207,5.7862105
18955,40.71608,-73.81183,5.6844854
18956,40.713127,-73.81909,5.675191
18957,40.712875,-73.81684,5.675191
18958,40.7219,-73.8138,5.674377
18959,40.715225,-73.80927,5.6890364
18960,40.71937,-73.82351,5.6389723
18961,40.713158,-73.81637,5.7178307
18962,40.721523,-73.81507,5.674377
18963,40.71566,-73.81506,5.659061
18964,40.713127,-73.81909,5.675191
18965,40.721523,-73.81507,5.674377
18966,40.71191,-73.826614,5.7217946
18967,40.715496,-73.80983,5.6890364
18968,40.710884,-73.81665,5.7839313
18969,40.71654,-73.810326,5.6844854
18970,40.71814,-73.81843,5.636808
18971,40.710045,-73.815765,5.8487616
18972,40.713127,-73.81909,5.675191
18973,40.713127,-73.81909,5.675191
18974,40.712097,-73.82755,5.7217946
18975,40.721424,-73.81994,5.6404786
18976,40.712402,-73.817055,5.675191
18977,40.712402,-73.817055,5.675191
18978,40.7123,-73.81705,5.675191
18979,40.712402,-73.817055,5.675191
18980,40.712402,-73.817055,5.675191
18981,40.71869,-73.813286,5.662484
18982,40.718506,-73.81097,5.662484
18983,40.71026,-73.81738,5.7839313
18984,40.72006,-73.823944,5.6389723
18985,40.721413,-73.815445,5.674377
18986,40.721447,-73.811745,5.678165
18987,40.719086,-73.81845,5.636808
18988,40.713158,-73.81637,5.7178307
18989,40.719753,-73.81879,5.636808
18990,40.71818,-73.818924,5.636808
18991,40.71026,-73.81738,5.7839313
18992,40.71255,-73.816025,5.7178307
18993,40.717075,-73.811226,5.6844854
18994,40.721138,-73.81762,5.6547527
18995,40.7184,-73.8109,5.662484
18996,40.712982,-73.819435,5.675191
18997,40.71549,-73.81038,5.6844854
18998,40.719383,-73.82002,5.6389723
18999,40.712875,-73.81684,5.675191
19000,40.71975,-73.817116,5.636808
19001,40.710392,-73.81783,5.7839313
19002,40.71705,-73.81281,5.6844854
19003,40.719578,-73.81681,5.636808
19004,40.719383,-73.82002,5.6389723
19005,40.718506,-73.81097,5.662484
19006,40.712097,-73.82755,5.7217946
19007,40.71825,-73.81804,5.636808
19008,40.71705,-73.81281,5.6844854
19009,40.713127,-73.81909,5.675191
19010,40.712097,-73.82755,5.7217946
19011,40.713127,-73.81909,5.675191
19012,40.72062,-73.81836,5.636808
19013,40.719746,-73.823586,5.6389723
19014,40.711227,-73.813126,5.9262986
19015,40.71312,-73.81124,5.7862105
19016,40.710144,-73.81705,5.7839313
19017,40.712875,-73.81684,5.675191
19018,40.713127,-73.81909,5.675191
19019,40.71026,-73.81738,5.7839313
19020,40.70988,-73.80914,6.002373
19021,40.72169,-73.8225,5.6404786
19022,40.7184,-73.8109,5.662484
19023,40.710144,-73.81705,5.7839313
19024,40.71231,-73.81853,5.675191
19025,40.711735,-73.818855,5.675191
19026,40.710247,-73.83058,5.751058
19027,40.710194,-73.816895,5.7839313
19028,40.718506,-73.81097,5.662484
19029,40.718506,-73.81097,5.662484
19030,40.710194,-73.816895,5.7839313
19031,40.71401,-73.81576,5.7178307
19032,40.72068,-73.8179,5.636808
19033,40.71196,-73.82759,5.7217946
19034,40.712517,-73.81168,5.7862105
19035,40.719692,-73.81899,5.636808
19036,40.713127,-73.81909,5.675191
19037,40.714184,-73.83203,5.7553844
19038,40.71795,-73.81419,5.659878
19039,40.710045,-73.815765,5.8487616
19040,40.71801,-73.813705,5.659878
19041,40.720173,-73.81312,5.662484
19042,40.712513,-73.81207,5.7862105
19043,40.715588,-73.83112,5.762118
19044,40.7122,-73.826546,5.7217946
19045,40.72047,-73.82502,5.6389723
19046,40.717487,-73.811264,5.6844854
19047,40.715588,-73.83112,5.762118
19048,40.718426,-73.818115,5.636808
19049,40.718506,-73.81097,5.662484
19050,40.71231,-73.81853,5.675191
19051,40.7169,-73.8127,5.6844854
19052,40.711708,-73.81733,5.675191
19053,40.713127,-73.81909,5.675191
19054,40.7109,-73.81443,5.8487616
19055,40.71802,-73.818886,5.636808
19056,40.71191,-73.826614,5.7217946
19057,40.713127,-73.81909,5.675191
19058,40.721336,-73.810455,5.678165
19059,40.71255,-73.816025,5.7178307
19060,40.71191,-73.826614,5.7217946
19061,40.713127,-73.81909,5.675191
19062,40.71331,-73.81507,5.7178307
19063,40.718506,-73.81097,5.662484
19064,40.68418,-73.86675,6.8698525
19065,40.68172,-73.84272,6.142238
19066,40.684956,-73.86319,6.685444
19067,40.683582,-73.83436,5.976682
19068,40.69178,-73.85626,5.95572
19069,40.68755,-73.86561,6.6919613
19070,40.67652,-73.870575,6.0682683
19071,40.688683,-73.86587,6.6919613
19072,40.677536,-73.84979,5.817374
19073,40.6921,-73.8553,5.95572
19074,40.68055,-73.85634,5.9659753
19075,40.6925,-73.83384,6.0637965
19076,40.686657,-73.835884,6.155822
19077,40.689922,-73.86678,6.1490526
19078,40.674583,-73.853386,5.6766734
19079,40.675034,-73.85376,5.6766734
19080,40.674335,-73.87448,6.1940904
19081,40.67365,-73.85117,5.617071
19082,40.690426,-73.85193,6.059517
19083,40.677032,-73.85188,5.817374
19084,40.68981,-73.86681,6.1490526
19085,40.688744,-73.85769,6.11781
19086,40.691452,-73.86155,6.04612
19087,40.68757,-73.85539,6.0178337
19088,40.67551,-73.859,5.6806417
19089,40.672134,-73.858025,5.649067
19090,40.676903,-73.87451,6.1940904
19091,40.691284,-73.83549,6.0637965
19092,40.682053,-73.83683,6.036884
19093,40.680946,-73.83535,5.9520326
19094,40.677715,-73.8339,5.8060384
19095,40.67757,-73.84662,5.85959
19096,40.68267,-73.86305,6.6042066
19097,40.68191,-73.86669,6.8193645
19098,40.67722,-73.84742,5.85959
19099,40.67379,-73.85412,5.6766734
19100,40.674404,-73.84962,5.6766734
19101,40.68891,-73.79744,5.693057
19102,40.68504,-73.79576,5.6594014
19103,40.685432,-73.79457,5.6594014
19104,40.694252,-73.80889,6.2429934
19105,40.695995,-73.79607,5.882936
19106,40.690845,-73.808205,5.923215
19107,40.689175,-73.792946,5.693057
19108,40.68717,-73.80322,5.6118655
19109,40.68969,-73.803856,5.8814244
19110,40.68549,-73.79584,5.6594014
19111,40.690094,-73.794716,5.7332387
19112,40.686954,-73.7977,5.669076
19113,40.693264,-73.7978,5.9745746
19114,40.69019,-73.79103,5.6936045
19115,40.690784,-73.800186,5.775774
19116,40.694775,-73.80165,6.1221404
19117,40.69349,-73.797455,5.7395205
19118,40.685802,-73.79775,5.6078596
19119,40.687252,-73.796844,5.693057
19120,40.691883,-73.80357,5.8814244
19121,40.694344,-73.78825,5.6556234
19122,40.69333,-73.799355,5.9745746
19123,40.689804,-73.79129,5.6936045
19124,40.692993,-73.79823,5.9745746
19125,40.68516,-73.79944,5.6078596
19126,40.693024,-73.79818,5.9745746
19127,40.697052,-73.80696,6.46016
19128,40.68835,-73.79221,5.693057
19129,40.695686,-73.78607,5.530959
19130,40.691723,-73.802605,5.8814244
19131,40.691025,-73.792175,5.7332387
19132,40.68739,-73.79897,5.669076
19133,40.68466,-73.79237,5.6594014
19134,40.69573,-73.78672,5.530959
19135,40.68482,-73.79427,5.6594014
19136,40.696636,-73.78714,5.531232
19137,40.691975,-73.80371,5.8814244
19138,40.691135,-73.80336,5.8814244
19139,40.69181,-73.8463,6.147535
19140,40.694,-73.86493,5.8798323
19141,40.673985,-73.841385,5.7711706
19142,40.68464,-73.83925,6.178072
19143,40.684036,-73.87918,6.3769407
19144,40.68646,-73.869354,6.7186294
19145,40.682873,-73.83437,5.9520326
19146,40.674694,-73.85242,5.6766734
19147,40.674225,-73.8545,5.6627398
19148,40.693523,-73.84912,5.979849
19149,40.678913,-73.86135,5.8929095
19150,40.679607,-73.85167,5.817374
19151,40.678986,-73.84338,5.899275
19152,40.684475,-73.86336,6.685444
19153,40.68947,-73.85702,6.0178337
19154,40.691216,-73.86243,6.04612
19155,40.690235,-73.84652,6.147535
19156,40.679226,-73.850334,5.817374
19157,40.675545,-73.84664,5.704345
19158,40.68181,-73.86667,6.8193645
19159,40.67663,-73.87408,6.1940904
19160,40.683247,-73.87133,6.877558
19161,40.675346,-73.87566,6.1940904
19162,40.68687,-73.863625,6.545583
19163,40.67591,-73.87336,6.0682683
19164,40.695198,-73.842636,6.0811896
19165,40.6765,-73.83265,5.6805243
19166,40.67929,-73.84364,5.899275
19167,40.676273,-73.83563,5.736691
19168,40.68266,-73.86309,6.6042066
19169,40.683468,-73.8666,6.8698525
19170,40.689224,-73.83448,6.0315495
19171,40.688763,-73.84813,6.1994534
19172,40.689472,-73.86065,6.11781
19173,40.6857,-73.87312,6.877558
19174,40.713127,-73.81909,5.675191
19175,40.71003,-73.81663,5.7839313
19176,40.711662,-73.81377,5.7178307
19177,40.713127,-73.81909,5.675191
19178,40.722248,-73.82295,5.6404786
19179,40.71523,-73.8091,5.6890364
19180,40.71818,-73.818924,5.636808
19181,40.712875,-73.81684,5.675191
19182,40.712875,-73.81684,5.675191
19183,40.711166,-73.816895,5.7839313
19184,40.719906,-73.81408,5.659878
19185,40.716022,-73.831375,5.762118
19186,40.71026,-73.81738,5.7839313
19187,40.7152,-73.812096,5.6844854
19188,40.720486,-73.82057,5.6389723
19189,40.719906,-73.81408,5.659878
19190,40.718506,-73.81097,5.662484
19191,40.720093,-73.81766,5.636808
19192,40.713158,-73.81637,5.7178307
19193,40.71093,-73.81356,5.8487616
19194,40.719692,-73.81899,5.636808
19195,40.718506,-73.81097,5.662484
19196,40.71946,-73.81862,5.636808
19197,40.715786,-73.83176,5.762118
19198,40.721863,-73.81551,5.674377
19199,40.7184,-73.8109,5.662484
19200,40.718506,-73.81097,5.662484
19201,40.71259,-73.82713,5.7217946
19202,40.712097,-73.82755,5.7217946
19203,40.71746,-73.81343,5.6844854
19204,40.718506,-73.81097,5.662484
19205,40.717358,-73.8115,5.6844854
19206,40.71266,-73.81582,5.7178307
19207,40.7193,-73.8168,5.636808
19208,40.715786,-73.83176,5.762118
19209,40.71191,-73.826614,5.7217946
19210,40.718506,-73.81097,5.662484
19211,40.716694,-73.809875,5.6890364
19212,40.673046,-73.90737,6.486172
19213,40.67324,-73.89393,6.600188
19214,40.67898,-73.91778,6.351707
19215,40.686504,-73.9236,6.423956
19216,40.676662,-73.892914,6.5311427
19217,40.69184,-73.91814,6.4765577
19218,40.67504,-73.9055,6.5094557
19219,40.695526,-73.91712,6.648556
19220,40.681824,-73.91912,6.3501267
19221,40.689518,-73.91753,6.4036074
19222,40.676888,-73.90543,6.5094557
19223,40.69372,-73.92353,6.6518087
19224,40.678127,-73.91976,6.351707
19225,40.679337,-73.91058,6.4177012
19226,40.692272,-73.90329,6.6289034
19227,40.69184,-73.91814,6.4765577
19228,40.67901,-73.9203,6.351707
19229,40.68023,-73.906906,6.34293
19230,40.680256,-73.8924,5.903139
19231,40.695633,-73.925896,6.7130704
19232,40.69243,-73.91648,6.483842
19233,40.688232,-73.91474,6.4036074
19234,40.68335,-73.91886,6.3521657
19235,40.691936,-73.9239,6.5157914
19236,40.687656,-73.91719,6.4036074
19237,40.696857,-73.89256,6.4249706
19238,40.68362,-73.88154,6.3769407
19239,40.67813,-73.9261,6.6395264
19240,40.686733,-73.90873,6.463217
19241,40.682747,-73.889175,6.065218
19242,40.677216,-73.90914,6.4177012
19243,40.69536,-73.89262,6.2801805
19244,40.696102,-73.89032,6.1727505
19245,40.7123,-73.78871,5.8213105
19246,40.718407,-73.79873,5.576932
19247,40.71789,-73.79331,5.7537165
19248,40.710293,-73.79139,5.980611
19249,40.710293,-73.79139,5.980611
19250,40.714714,-73.79362,5.8791056
19251,40.71466,-73.795364,5.8791056
19252,40.722305,-73.79864,5.553688
19253,40.71466,-73.795364,5.8791056
19254,40.71466,-73.795364,5.8791056
19255,40.710102,-73.80782,6.002373
19256,40.720158,-73.80068,5.576932
19257,40.72048,-73.80846,5.637651
19258,40.720516,-73.8034,5.5827656
19259,40.71398,-73.8065,5.8747272
19260,40.7141,-73.80864,5.844212
19261,40.72048,-73.80846,5.637651
19262,40.714516,-73.808975,5.844212
19263,40.72048,-73.80846,5.637651
19264,40.715233,-73.80869,5.6890364
19265,40.718067,-73.80066,5.576932
19266,40.713734,-73.78947,5.8213105
19267,40.712833,-73.791534,5.8791056
19268,40.710403,-73.79886,5.999488
19269,40.717293,-73.78905,5.711773
19270,40.71232,-73.79725,5.8791056
19271,40.71463,-73.78851,5.8213105
19272,40.71133,-73.7937,5.980611
19273,40.712666,-73.78706,5.8051953
19274,40.71459,-73.791985,5.8791056
19275,40.715084,-73.78815,5.6753826
19276,40.710323,-73.79812,5.999488
19277,40.71138,-73.789154,5.982911
19278,40.716934,-73.796455,5.7537165
19279,40.71466,-73.795364,5.8791056
19280,40.712833,-73.791534,5.8791056
19281,40.71055,-73.797844,5.999488
19282,40.71162,-73.78572,6.0074234
19283,40.71299,-73.78921,5.8213105
19284,40.721615,-73.804794,5.5955276
19285,40.720722,-73.80092,5.5827656
19286,40.710293,-73.79139,5.980611
19287,40.713573,-73.79019,5.8213105
19288,40.721508,-73.78849,5.500654
19289,40.716812,-73.788994,5.711773
19290,40.72073,-73.80054,5.576932
19291,40.712833,-73.791534,5.8791056
19292,40.721394,-73.78715,5.482902
19293,40.7221,-73.80672,5.5955276
19294,40.71266,-73.79163,5.8791056
19295,40.716923,-73.78905,5.711773
19296,40.712666,-73.78706,5.8051953
19297,40.711002,-73.80778,6.002373
19298,40.715153,-73.80594,5.7236233
19299,40.714634,-73.79647,5.8791056
19300,40.712666,-73.78706,5.8051953
19301,40.71814,-73.793434,5.5565414
19302,40.71466,-73.795364,5.8791056
19303,40.71231,-73.78749,5.8051953
19304,40.71231,-73.78749,5.8051953
19305,40.712666,-73.78706,5.8051953
19306,40.721302,-73.78949,5.500654
19307,40.71231,-73.78749,5.8051953
19308,40.712666,-73.78706,5.8051953
19309,40.712666,-73.78706,5.8051953
19310,40.7123,-73.78871,5.8213105
19311,40.71131,-73.80748,6.002373
19312,40.710285,-73.79827,5.999488
19313,40.71439,-73.79275,5.8791056
19314,40.710022,-73.79894,5.999488
19315,40.71231,-73.78749,5.8051953
19316,40.71266,-73.79163,5.8791056
19317,40.71466,-73.795364,5.8791056
19318,40.685596,-73.87308,6.877558
19319,40.68614,-73.86254,6.685444
19320,40.685215,-73.85859,6.2120914
19321,40.69693,-73.84867,5.9305644
19322,40.68565,-73.87309,6.877558
19323,40.68554,-73.87306,6.877558
19324,40.68285,-73.855064,5.9659753
19325,40.69512,-73.86347,5.866405
19326,40.683258,-73.86527,6.8698525
19327,40.690662,-73.85833,5.9485335
19328,40.683823,-73.83545,5.976682
19329,40.68454,-73.87416,6.5517216
19330,40.673462,-73.85281,5.617071
19331,40.676353,-73.84446,5.7264395
19332,40.67577,-73.84779,5.704345
19333,40.68688,-73.86776,6.7186294
19334,40.686047,-73.858894,6.2120914
19335,40.68073,-73.832634,5.9520326
19336,40.692715,-73.85551,5.9180813
19337,40.678825,-73.8638,5.8929095
19338,40.692944,-73.85085,5.979849
19339,40.677563,-73.84561,5.85959
19340,40.696823,-73.84541,5.9421744
19341,40.67326,-73.87933,6.1024127
19342,40.681393,-73.86932,6.958806
19343,40.686913,-73.87441,6.3255496
19344,40.68495,-73.854095,6.093972
19345,40.676426,-73.873375,6.0682683
19346,40.67847,-73.87873,6.4222445
19347,40.6743,-73.84498,5.7264395
19348,40.692924,-73.83523,6.0625196
19349,40.678577,-73.83295,5.8060384
19350,40.672348,-73.84175,5.6507306
19351,40.67577,-73.84779,5.704345
19352,40.687813,-73.83357,6.0315495
19353,40.676826,-73.8431,5.7264395
19354,40.68027,-73.86261,6.6042066
19355,40.701866,-73.88184,6.1378813
19356,40.703156,-73.88783,6.725846
19357,40.713352,-73.88306,5.9850287
19358,40.708485,-73.91948,7.9391594
19359,40.71822,-73.900764,6.4469543
19360,40.705254,-73.887085,6.725846
19361,40.710342,-73.90455,6.6054482
19362,40.708244,-73.91491,7.268317
19363,40.69885,-73.9145,6.8203125
19364,40.705555,-73.88533,6.605109
19365,40.70107,-73.923004,7.5275493
19366,40.703968,-73.92578,8.095983
19367,40.720955,-73.89926,6.4469543
19368,40.715893,-73.90491,7.130016
19369,40.721222,-73.8987,6.4882193
19370,40.709286,-73.89751,6.4866095
19371,40.698006,-73.8891,5.914229
19372,40.704044,-73.8901,6.840824
19373,40.721767,-73.89095,6.1507826
19374,40.71855,-73.89887,6.4469543
19375,40.710926,-73.89986,6.5019712
19376,40.699825,-73.88947,6.727655
19377,40.705105,-73.90933,6.7112837
19378,40.7119,-73.90017,6.5519185
19379,40.69961,-73.92434,7.70005
19380,40.713547,-73.89586,6.3813457
19381,40.714397,-73.88067,6.043996
19382,40.71019,-73.917435,7.418755
19383,40.69756,-73.892845,6.4249706
19384,40.69971,-73.905716,6.8735914
19385,40.72191,-73.883354,5.9507527
19386,40.712337,-73.88325,5.9850287
19387,40.70978,-73.90499,6.7717123
19388,40.677303,-73.811584,5.5441976
19389,40.683186,-73.80948,5.5219035
19390,40.68196,-73.82207,5.743974
19391,40.675457,-73.82487,5.5709944
19392,40.677773,-73.81693,5.5761247
19393,40.676994,-73.82155,5.6251264
19394,40.673283,-73.82539,5.5378203
19395,40.683983,-73.81699,5.7331367
19396,40.673416,-73.82532,5.5378203
19397,40.68341,-73.82075,5.787462
19398,40.67715,-73.815674,5.5659747
19399,40.686222,-73.86428,6.8698525
19400,40.68764,-73.85543,6.0178337
19401,40.689053,-73.85124,6.1318445
19402,40.67473,-73.87215,6.0682683
19403,40.68873,-73.86929,6.7186294
19404,40.695274,-73.83851,6.0658097
19405,40.67592,-73.840866,5.7711706
19406,40.694233,-73.8504,5.979849
19407,40.69484,-73.843285,6.0811896
19408,40.679764,-73.83303,5.8060384
19409,40.68852,-73.868774,6.7186294
19410,40.686413,-73.8744,6.3255496
19411,40.694595,-73.86009,5.854855
19412,40.68458,-73.84487,6.1959543
19413,40.67286,-73.86336,5.7212024
19414,40.695087,-73.84926,5.979849
19415,40.681183,-73.84344,6.142238
19416,40.68844,-73.863045,6.545583
19417,40.695244,-73.838486,6.0658097
19418,40.687454,-73.8415,6.209175
19419,40.679935,-73.84677,5.85959
19420,40.69325,-73.83802,6.0658097
19421,40.673805,-73.85402,5.6766734
19422,40.676746,-73.8706,6.0682683
19423,40.686672,-73.87117,6.644073
19424,40.693237,-73.851,5.979849
19425,40.685184,-73.8506,6.093972
19426,40.68696,-73.857994,6.11781
19427,40.690685,-73.86542,6.1490526
19428,40.673805,-73.85402,5.6766734
19429,40.68813,-73.846825,6.1994534
19430,40.677,-73.84251,5.899275
19431,40.689987,-73.83887,6.167538
19432,40.67399,-73.85219,5.6766734
19433,40.70043,-73.828766,6.283144
19434,40.69919,-73.82578,6.318808
19435,40.70896,-73.81663,5.7839313
19436,40.707882,-73.81254,6.1503544
19437,40.707436,-73.818535,5.959486
19438,40.70936,-73.8285,5.7502537
19439,40.704666,-73.83112,6.0472445
19440,40.706028,-73.831985,5.842882
19441,40.70841,-73.827644,5.8688374
19442,40.707558,-73.829506,5.842882
19443,40.708202,-73.828804,5.8688374
19444,40.706028,-73.831985,5.842882
19445,40.70412,-73.83141,6.0472445
19446,40.7097,-73.8306,5.751058
19447,40.700882,-73.817924,6.3755584
19448,40.70604,-73.832016,5.842882
19449,40.707943,-73.827354,5.8688374
19450,40.70841,-73.827644,5.8688374
19451,40.707436,-73.818535,5.959486
19452,40.70303,-73.8273,6.116863
19453,40.7051,-73.82382,6.14777
19454,40.709534,-73.81766,5.7839313
19455,40.707436,-73.818535,5.959486
19456,40.705,-73.824135,6.14777
19457,40.700836,-73.8263,6.283144
19458,40.70098,-73.810196,6.659224
19459,40.709778,-73.81869,5.7839313
19460,40.7056,-73.83044,5.842882
19461,40.708275,-73.8287,5.8688374
19462,40.701683,-73.81837,6.3755584
19463,40.709534,-73.81766,5.7839313
19464,40.708855,-73.81292,5.9262986
19465,40.709778,-73.81869,5.7839313
19466,40.70982,-73.81817,5.7839313
19467,40.698765,-73.821014,6.387195
19468,40.720608,-73.86666,5.868741
19469,40.71339,-73.85686,5.861623
19470,40.72224,-73.85627,5.999355
19471,40.715294,-73.85832,5.880204
19472,40.721386,-73.870415,5.8728237
19473,40.72224,-73.85627,5.999355
19474,40.71909,-73.87887,5.8265247
19475,40.7136,-73.87779,6.043996
19476,40.721645,-73.86124,5.9604063
19477,40.716156,-73.87907,5.8410096
19478,40.72224,-73.85627,5.999355
19479,40.721405,-73.85614,5.999355
19480,40.720295,-73.857124,5.9386773
19481,40.71847,-73.86101,5.8867764
19482,40.719604,-73.85817,5.915835
19483,40.720867,-73.85912,5.915835
19484,40.71654,-73.856316,5.848868
19485,40.720295,-73.857124,5.9386773
19486,40.721977,-73.8669,5.93466
19487,40.717857,-73.87571,5.9605556
19488,40.7135,-73.85696,5.861623
19489,40.718357,-73.873856,5.8356204
19490,40.71794,-73.87436,5.8356204
19491,40.722145,-73.86677,5.93466
19492,40.720478,-73.856445,5.9386773
19493,40.718277,-73.87404,5.8356204
19494,40.720295,-73.857124,5.9386773
19495,40.71946,-73.86307,5.8867764
19496,40.713066,-73.85804,6.1384463
19497,40.722305,-73.856064,5.999355
19498,40.712643,-73.86088,6.511909
19499,40.72131,-73.870575,5.8728237
19500,40.709858,-73.874695,6.620588
19501,40.721977,-73.8669,5.93466
19502,40.719406,-73.860176,5.915835
19503,40.719807,-73.859184,5.915835
19504,40.71653,-73.87504,5.9605556
19505,40.721806,-73.86674,5.93466
19506,40.721977,-73.8669,5.93466
19507,40.71986,-73.8639,5.8867764
19508,40.722305,-73.856064,5.999355
19509,40.72224,-73.85627,5.999355
19510,40.719856,-73.871735,5.838133
19511,40.722145,-73.86677,5.93466
19512,40.72204,-73.86345,5.9604063
19513,40.716393,-73.87322,6.158366
19514,40.713127,-73.85651,5.861623
19515,40.72219,-73.866554,5.93466
19516,40.716583,-73.85961,5.880204
19517,40.720295,-73.857124,5.9386773
19518,40.721977,-73.8669,5.93466
19519,40.721405,-73.85614,5.999355
19520,40.720295,-73.857124,5.9386773
19521,40.720295,-73.857124,5.9386773
19522,40.721188,-73.85622,5.999355
19523,40.719357,-73.874214,5.8356204
19524,40.712547,-73.85926,6.1384463
19525,40.71705,-73.86067,5.880204
19526,40.71758,-73.85654,5.848868
19527,40.721977,-73.8669,5.93466
19528,40.718994,-73.86185,5.8867764
19529,40.718994,-73.86185,5.8867764
19530,40.720474,-73.87003,5.842431
19531,40.68357,-73.81058,5.6233416
19532,40.67625,-73.82493,5.5709944
19533,40.681046,-73.82233,5.743974
19534,40.677944,-73.8278,5.668777
19535,40.67351,-73.81823,5.548137
19536,40.683765,-73.82964,5.887149
19537,40.678364,-73.83198,5.7081394
19538,40.67781,-73.8238,5.6251264
19539,40.680695,-73.83132,5.8497114
19540,40.680832,-73.82561,5.743974
19541,40.680176,-73.82017,5.743974
19542,40.68303,-73.81656,5.637187
19543,40.680832,-73.82561,5.743974
19544,40.68353,-73.82081,5.787462
19545,40.6779,-73.81705,5.5761247
19546,40.68136,-73.829475,5.8497114
19547,40.68291,-73.80934,5.5219035
19548,40.677834,-73.823715,5.6251264
19549,40.673336,-73.82486,5.5378203
19550,40.68429,-73.81202,5.6233416
19551,40.679813,-73.82372,5.6251264
19552,40.67449,-73.82143,5.5709944
19553,40.68314,-73.82363,5.743974
19554,40.680126,-73.81105,5.580548
19555,40.678802,-73.80933,5.5289474
19556,40.67461,-73.817665,5.551412
19557,40.68177,-73.83049,5.8497114
19558,40.68201,-73.81406,5.637187
19559,40.67461,-73.817665,5.551412
19560,40.6733,-73.82391,5.5378203
19561,40.676575,-73.823845,5.5709944
19562,40.68149,-73.82954,5.8497114
19563,40.68153,-73.83241,5.9520326
19564,40.68123,-73.829414,5.8497114
19565,40.71677,-73.83342,5.8332286
19566,40.720043,-73.839905,5.9369397
19567,40.720043,-73.839905,5.9369397
19568,40.717766,-73.83857,5.9235373
19569,40.720013,-73.836075,5.891443
19570,40.71735,-73.8409,5.968472
19571,40.71676,-73.835724,5.9235373
19572,40.72185,-73.8436,5.9625907
19573,40.720043,-73.839905,5.9369397
19574,40.718674,-73.84013,5.9369397
19575,40.721485,-73.84113,5.919018
19576,40.71735,-73.8409,5.968472
19577,40.718094,-73.84246,5.9706297
19578,40.72161,-73.84088,5.919018
19579,40.720646,-73.83642,5.891443
19580,40.71817,-73.838165,5.891443
19581,40.720623,-73.83664,5.891443
19582,40.720486,-73.83684,5.891443
19583,40.71858,-73.838615,5.891443
19584,40.71652,-73.832726,5.8332286
19585,40.72067,-73.84038,5.9369397
19586,40.72185,-73.8436,5.9625907
19587,40.71652,-73.832726,5.8332286
19588,40.71714,-73.8332,5.8332286
19589,40.71652,-73.832726,5.8332286
19590,40.720043,-73.839905,5.9369397
19591,40.718643,-73.83888,5.9369397
19592,40.717785,-73.839294,5.968472
19593,40.716526,-73.83687,5.9235373
19594,40.720043,-73.839905,5.9369397
19595,40.722122,-73.83916,5.919018
19596,40.718628,-73.84161,5.9369397
19597,40.718094,-73.84246,5.9706297
19598,40.71778,-73.83955,5.968472
19599,40.71639,-73.837715,5.9235373
19600,40.721756,-73.84626,5.9751034
19601,40.719414,-73.84526,5.9882727
19602,40.71625,-73.84509,5.954741
19603,40.721214,-73.85157,5.9860573
19604,40.719215,-73.84627,5.9882727
19605,40.72159,-73.846115,5.9751034
19606,40.722153,-73.84926,5.9860573
19607,40.72159,-73.846115,5.9751034
19608,40.721756,-73.84626,5.9751034
19609,40.719215,-73.84627,5.9882727
19610,40.72219,-73.849144,5.9860573
19611,40.72159,-73.846115,5.9751034
19612,40.721478,-73.8465,5.9751034
19613,40.72159,-73.846115,5.9751034
19614,40.722153,-73.84926,5.9860573
19615,40.722153,-73.84926,5.9860573
19616,40.719185,-73.84506,5.9882727
19617,40.721264,-73.85542,5.999355
19618,40.721264,-73.85542,5.999355
19619,40.722263,-73.85567,5.999355
19620,40.72219,-73.849144,5.9860573
19621,40.721004,-73.85138,5.96825
19622,40.717396,-73.8495,5.9072742
19623,40.72219,-73.849144,5.9860573
19624,40.722153,-73.84926,5.9860573
19625,40.72219,-73.849144,5.9860573
19626,40.71736,-73.85595,5.848868
19627,40.72109,-73.850945,5.96825
19628,40.71867,-73.85299,5.96825
19629,40.722153,-73.84926,5.9860573
19630,40.717796,-73.85161,5.9072742
19631,40.718704,-73.84548,5.9882727
19632,40.718533,-73.84535,5.9882727
19633,40.721134,-73.8558,5.999355
19634,40.71728,-73.85352,5.9072742
19635,40.72219,-73.849144,5.9860573
19636,40.72219,-73.849144,5.9860573
19637,40.72159,-73.846115,5.9751034
19638,40.71882,-73.84505,5.9882727
19639,40.71651,-73.83483,5.8332286
19640,40.719296,-73.841515,5.9369397
19641,40.720737,-73.83778,5.891443
19642,40.71651,-73.83483,5.8332286
19643,40.722374,-73.84054,5.919018
19644,40.720905,-73.839096,5.9369397
19645,40.7207,-73.83793,5.891443
19646,40.71639,-73.837715,5.9235373
19647,40.719296,-73.841515,5.9369397
19648,40.721485,-73.84113,5.919018
19649,40.71723,-73.83272,5.8332286
19650,40.71705,-73.83271,5.8332286
19651,40.719296,-73.841515,5.9369397
19652,40.71858,-73.838615,5.891443
19653,40.71651,-73.83483,5.8332286
19654,40.719296,-73.841515,5.9369397
19655,40.719296,-73.841515,5.9369397
19656,40.71676,-73.835724,5.9235373
19657,40.719296,-73.841515,5.9369397
19658,40.71677,-73.83342,5.8332286
19659,40.716526,-73.83687,5.9235373
19660,40.71639,-73.837715,5.9235373
19661,40.716793,-73.83498,5.8332286
19662,40.71629,-73.837776,5.9235373
19663,40.719654,-73.83945,5.9369397
19664,40.720486,-73.83684,5.891443
19665,40.720486,-73.83684,5.891443
19666,40.717857,-73.84013,5.968472
19667,40.720905,-73.839096,5.9369397
19668,40.720737,-73.83778,5.891443
19669,40.716427,-73.83779,5.9235373
19670,40.721794,-73.8407,5.919018
19671,40.722122,-73.83916,5.919018
19672,40.71666,-73.834785,5.8332286
19673,40.717915,-73.84004,5.968472
19674,40.720043,-73.839905,5.9369397
19675,40.72185,-73.8436,5.9625907
19676,40.720043,-73.839905,5.9369397
19677,40.721924,-73.84077,5.919018
19678,40.717785,-73.839294,5.968472
19679,40.720043,-73.839905,5.9369397
19680,40.718918,-73.83648,5.891443
19681,40.719654,-73.83945,5.9369397
19682,40.72185,-73.8436,5.9625907
19683,40.720043,-73.839905,5.9369397
19684,40.71807,-73.84351,5.9706297
19685,40.721485,-73.84113,5.919018
19686,40.721485,-73.84113,5.919018
19687,40.72232,-73.83974,5.919018
19688,40.722225,-73.84234,5.9625907
19689,40.720623,-73.83664,5.891443
19690,40.72161,-73.84088,5.919018
19691,40.721924,-73.84077,5.919018
19692,40.718918,-73.83648,5.891443
19693,40.722225,-73.84234,5.9625907
19694,40.719296,-73.841515,5.9369397
19695,40.718903,-73.83932,5.9369397
19696,40.716526,-73.83687,5.9235373
19697,40.717636,-73.83659,5.9235373
19698,40.72161,-73.84088,5.919018
19699,40.718918,-73.83648,5.891443
19700,40.71651,-73.83483,5.8332286
19701,40.719654,-73.83945,5.9369397
19702,40.71889,-73.84158,5.9369397
19703,40.717785,-73.839294,5.968472
19704,40.71889,-73.84158,5.9369397
19705,40.718918,-73.83648,5.891443
19706,40.719296,-73.841515,5.9369397
19707,40.719296,-73.841515,5.9369397
19708,40.72193,-73.84025,5.919018
19709,40.71651,-73.83483,5.8332286
19710,40.722122,-73.83916,5.919018
19711,40.72158,-73.84297,5.9625907
19712,40.72158,-73.84297,5.9625907
19713,40.717857,-73.84013,5.968472
19714,40.718918,-73.83648,5.891443
19715,40.720646,-73.83642,5.891443
19716,40.718918,-73.83648,5.891443
19717,40.717766,-73.83857,5.9235373
19718,40.72088,-73.839424,5.9369397
19719,40.718056,-73.84287,5.9706297
19720,40.717575,-73.83837,5.9235373
19721,40.71725,-73.83282,5.8332286
19722,40.718,-73.83957,5.9369397
19723,40.720486,-73.83684,5.891443
19724,40.717754,-73.8386,5.9235373
19725,40.71826,-73.83453,5.8130026
19726,40.718292,-73.834854,5.8130026
19727,40.720043,-73.839905,5.9369397
19728,40.71807,-73.842415,5.9706297
19729,40.72171,-73.842964,5.9625907
19730,40.720043,-73.839905,5.9369397
19731,40.72167,-73.84318,5.9625907
19732,40.720646,-73.83642,5.891443
19733,40.722122,-73.83916,5.919018
19734,40.71852,-73.83523,5.8130026
19735,40.716793,-73.83498,5.8332286
19736,40.718903,-73.83932,5.9369397
19737,40.71819,-73.834694,5.8130026
19738,40.718838,-73.841484,5.9369397
19739,40.71852,-73.83523,5.8130026
19740,40.717766,-73.83857,5.9235373
19741,40.721954,-73.84017,5.919018
19742,40.72185,-73.8436,5.9625907
19743,40.721233,-73.83874,5.919018
19744,40.72214,-73.8435,5.9625907
19745,40.720318,-73.84315,5.9706297
19746,40.71735,-73.8409,5.968472
19747,40.717377,-73.840744,5.968472
19748,40.718895,-73.84419,5.9706297
19749,40.70125,-73.809814,6.659224
19750,40.704205,-73.82351,6.14777
19751,40.70265,-73.83207,6.0472445
19752,40.697346,-73.829544,6.2204485
19753,40.707943,-73.827354,5.8688374
19754,40.7067,-73.83052,5.842882
19755,40.707733,-73.82744,5.8688374
19756,40.69944,-73.83212,6.181499
19757,40.699207,-73.81612,6.461275
19758,40.70125,-73.80981,6.659224
19759,40.705254,-73.83245,5.974749
19760,40.706028,-73.831985,5.842882
19761,40.7097,-73.8306,5.751058
19762,40.7051,-73.82382,6.14777
19763,40.70841,-73.827644,5.8688374
19764,40.705574,-73.82169,5.8956347
19765,40.70841,-73.827644,5.8688374
19766,40.70896,-73.81663,5.7839313
19767,40.70982,-73.81817,5.7839313
19768,40.706158,-73.82615,5.8688374
19769,40.70125,-73.80981,6.659224
19770,40.70599,-73.82627,5.8688374
19771,40.709534,-73.81766,5.7839313
19772,40.70649,-73.811806,6.1503544
19773,40.70606,-73.83148,5.842882
19774,40.705147,-73.82275,6.14777
19775,40.69826,-73.83105,6.2204485
19776,40.704414,-73.83162,6.0472445
19777,40.7051,-73.8146,6.2510567
19778,40.708584,-73.82798,5.7502537
19779,40.708942,-73.8159,5.8487616
19780,40.70926,-73.81631,5.8487616
19781,40.70729,-73.82991,5.842882
19782,40.705254,-73.83245,5.974749
19783,40.720646,-73.83642,5.891443
19784,40.72232,-73.83974,5.919018
19785,40.720043,-73.839905,5.9369397
19786,40.72171,-73.842964,5.9625907
19787,40.720486,-73.83684,5.891443
19788,40.722374,-73.84054,5.919018
19789,40.721523,-73.83645,5.857428
19790,40.721924,-73.84077,5.919018
19791,40.717457,-73.84132,5.968472
19792,40.720646,-73.83642,5.891443
19793,40.717915,-73.84004,5.968472
19794,40.720013,-73.836075,5.891443
19795,40.716526,-73.83687,5.9235373
19796,40.71727,-73.833595,5.8332286
19797,40.718918,-73.83648,5.891443
19798,40.722374,-73.84054,5.919018
19799,40.721256,-73.84122,5.919018
19800,40.71858,-73.8392,5.9369397
19801,40.72049,-73.83657,5.891443
19802,40.72152,-73.83645,5.857428
19803,40.719936,-73.83567,5.891443
19804,40.720013,-73.836075,5.891443
19805,40.716988,-73.838554,5.9235373
19806,40.720013,-73.836075,5.891443
19807,40.721233,-73.83874,5.919018
19808,40.71735,-73.8409,5.968472
19809,40.718895,-73.84419,5.9706297
19810,40.72158,-73.84297,5.9625907
19811,40.721233,-73.83874,5.919018
19812,40.71727,-73.833595,5.8332286
19813,40.719936,-73.83567,5.891443
19814,40.720737,-73.83778,5.891443
19815,40.7217,-73.84075,5.919018
19816,40.716988,-73.838554,5.9235373
19817,40.71735,-73.8409,5.968472
19818,40.720734,-73.839676,5.9369397
19819,40.718094,-73.84246,5.9706297
19820,40.718674,-73.84013,5.9369397
19821,40.71705,-73.83271,5.8332286
19822,40.718838,-73.841484,5.9369397
19823,40.71629,-73.837776,5.9235373
19824,40.718838,-73.841484,5.9369397
19825,40.720783,-73.84077,5.9369397
19826,40.718094,-73.84246,5.9706297
19827,40.71705,-73.83271,5.8332286
19828,40.71723,-73.83272,5.8332286
19829,40.7207,-73.83793,5.891443
19830,40.71615,-73.839485,5.968472
19831,40.717785,-73.839294,5.968472
19832,40.721264,-73.84027,5.919018
19833,40.722374,-73.84054,5.919018
19834,40.716793,-73.83498,5.8332286
19835,40.71677,-73.83342,5.8332286
19836,40.721348,-73.84036,5.919018
19837,40.720734,-73.839676,5.9369397
19838,40.720905,-73.839096,5.9369397
19839,40.71705,-73.83271,5.8332286
19840,40.71723,-73.83272,5.8332286
19841,40.72161,-73.84088,5.919018
19842,40.71976,-73.84367,5.9706297
19843,40.71676,-73.835724,5.9235373
19844,40.71677,-73.83342,5.8332286
19845,40.720013,-73.836075,5.891443
19846,40.720013,-73.836075,5.891443
19847,40.721584,-73.84188,5.9625907
19848,40.718918,-73.83648,5.891443
19849,40.718895,-73.84419,5.9706297
19850,40.717766,-73.83857,5.9235373
19851,40.720043,-73.839905,5.9369397
19852,40.71677,-73.83342,5.8332286
19853,40.722122,-73.83916,5.919018
19854,40.720318,-73.84315,5.9706297
19855,40.71677,-73.83342,5.8332286
19856,40.719032,-73.95565,8.001259
19857,40.71844,-73.96388,7.605653
19858,40.712166,-73.958405,7.6860204
19859,40.718258,-73.952774,7.8555436
19860,40.718815,-73.951294,7.5491347
19861,40.72058,-73.962456,7.605653
19862,40.719597,-73.9642,7.605653
19863,40.718033,-73.95301,7.8555436
19864,40.719063,-73.957184,8.001259
19865,40.719597,-73.9642,7.605653
19866,40.716347,-73.951675,7.6246066
19867,40.71122,-73.95832,7.2971873
19868,40.71874,-73.952736,7.8555436
19869,40.71859,-73.953606,7.8555436
19870,40.720062,-73.96353,7.605653
19871,40.71844,-73.96388,7.605653
19872,40.711987,-73.965034,7.424822
19873,40.712025,-73.96183,7.424822
19874,40.71368,-73.961525,7.630858
19875,40.71492,-73.96181,7.580858
19876,40.718575,-73.958244,8.001259
19877,40.713745,-73.961555,7.630858
19878,40.71012,-73.96794,7.1263757
19879,40.71926,-73.95603,8.001259
19880,40.71859,-73.953606,7.8555436
19881,40.712734,-73.96269,7.424822
19882,40.71844,-73.96388,7.605653
19883,40.71492,-73.96181,7.580858
19884,40.711666,-73.95703,7.6860204
19885,40.71043,-73.96636,7.1263757
19886,40.71844,-73.96388,7.605653
19887,40.71844,-73.96388,7.605653
19888,40.71301,-73.96297,7.424822
19889,40.71844,-73.96388,7.605653
19890,40.714348,-73.835365,5.8080125
19891,40.712418,-73.83397,5.8080125
19892,40.71598,-73.83924,5.968472
19893,40.71195,-73.83589,5.8737154
19894,40.71185,-73.83533,5.8080125
19895,40.714348,-73.835365,5.8080125
19896,40.712273,-73.835495,5.8080125
19897,40.71258,-73.84229,5.9051013
19898,40.712418,-73.83397,5.8080125
19899,40.712585,-73.8342,5.8080125
19900,40.71283,-73.834656,5.8080125
19901,40.71477,-73.837204,5.8737154
19902,40.712418,-73.83397,5.8080125
19903,40.712418,-73.83397,5.8080125
19904,40.71314,-73.834175,5.8080125
19905,40.709854,-73.84399,5.737793
19906,40.712418,-73.83397,5.8080125
19907,40.714634,-73.835686,5.8737154
19908,40.712585,-73.8342,5.8080125
19909,40.71431,-73.83533,5.8080125
19910,40.71422,-73.83504,5.8080125
19911,40.71283,-73.834656,5.8080125
19912,40.71295,-73.83524,5.8080125
19913,40.712585,-73.8342,5.8080125
19914,40.71283,-73.834656,5.8080125
19915,40.71283,-73.834656,5.8080125
19916,40.714634,-73.835686,5.8737154
19917,40.714634,-73.835686,5.8737154
19918,40.710938,-73.842545,5.737793
19919,40.712936,-73.83435,5.8080125
19920,40.714634,-73.835686,5.8737154
19921,40.71283,-73.834656,5.8080125
19922,40.714634,-73.835686,5.8737154
19923,40.721138,-73.853905,5.9860573
19924,40.718025,-73.85336,5.96825
19925,40.721138,-73.853905,5.9860573
19926,40.718117,-73.855835,5.9386773
19927,40.719215,-73.84627,5.9882727
19928,40.71769,-73.853134,5.9072742
19929,40.72219,-73.849144,5.9860573
19930,40.718903,-73.84617,5.9882727
19931,40.721474,-73.855705,5.999355
19932,40.717636,-73.85435,5.9072742
19933,40.719185,-73.84506,5.9882727
19934,40.721783,-73.85285,5.9860573
19935,40.722153,-73.84926,5.9860573
19936,40.722153,-73.84926,5.9860573
19937,40.719166,-73.84627,5.9882727
19938,40.72219,-73.849144,5.9860573
19939,40.72219,-73.849144,5.9860573
19940,40.719215,-73.84627,5.9882727
19941,40.719166,-73.84627,5.9882727
19942,40.721115,-73.85131,5.9860573
19943,40.721916,-73.852806,5.9860573
19944,40.721626,-73.85411,5.9860573
19945,40.71845,-73.852394,5.96825
19946,40.719185,-73.84506,5.9882727
19947,40.717445,-73.8518,5.9072742
19948,40.71761,-73.85436,5.9072742
19949,40.719215,-73.84627,5.9882727
19950,40.721783,-73.85539,5.999355
19951,40.719166,-73.84627,5.9882727
19952,40.719215,-73.84627,5.9882727
19953,40.718704,-73.84548,5.9882727
19954,40.719215,-73.84627,5.9882727
19955,40.72067,-73.84632,5.9882727
19956,40.718563,-73.85055,5.96825
19957,40.72219,-73.849144,5.9860573
19958,40.719185,-73.84506,5.9882727
19959,40.718998,-73.85457,5.9386773
19960,40.72109,-73.850945,5.96825
19961,40.72083,-73.850525,5.96825
19962,40.720394,-73.8558,5.9386773
19963,40.71962,-73.84621,5.9882727
19964,40.721756,-73.84626,5.9751034
19965,40.72109,-73.850945,5.96825
19966,40.71962,-73.84621,5.9882727
19967,40.722153,-73.84926,5.9860573
19968,40.722153,-73.84926,5.9860573
19969,40.71823,-73.85547,5.9386773
19970,40.721783,-73.85539,5.999355
19971,40.71962,-73.84621,5.9882727
19972,40.72219,-73.849144,5.9860573
19973,40.71922,-73.84568,5.9882727
19974,40.72159,-73.846115,5.9751034
19975,40.72159,-73.846115,5.9751034
19976,40.722153,-73.84926,5.9860573
19977,40.71962,-73.84621,5.9882727
19978,40.720688,-73.853516,5.96825
19979,40.721756,-73.84626,5.9751034
19980,40.719334,-73.84567,5.9882727
19981,40.718704,-73.84548,5.9882727
19982,40.72159,-73.846115,5.9751034
19983,40.716484,-73.84491,5.9708886
19984,40.71686,-73.85457,5.848868
19985,40.72051,-73.85368,5.96825
19986,40.718533,-73.84535,5.9882727
19987,40.721756,-73.84626,5.9751034
19988,40.721756,-73.84626,5.9751034
19989,40.72219,-73.849144,5.9860573
19990,40.72159,-73.846115,5.9751034
19991,40.72159,-73.846115,5.9751034
19992,40.69127,-73.927734,6.5936255
19993,40.692097,-73.93006,6.5936255
19994,40.692772,-73.93371,6.8342276
19995,40.68905,-73.93656,6.4369907
19996,40.689194,-73.92922,6.4831676
19997,40.6855,-73.92874,6.4602723
19998,40.688747,-73.946175,6.5198665
19999,40.693974,-73.93324,6.931537
20000,40.689423,-73.93126,6.4792023
20001,40.689102,-73.93358,6.4369907
20002,40.693954,-73.94572,6.813824
20003,40.68782,-73.92807,6.4831676
20004,40.687214,-73.93753,6.4369907
20005,40.687756,-73.928665,6.4831676
20006,40.696915,-73.926865,7.0622435
20007,40.689373,-73.931694,6.4792023
20008,40.68526,-73.9349,6.351612
20009,40.69294,-73.933235,6.931537
20010,40.687828,-73.92802,6.4831676
20011,40.693653,-73.942535,6.7717843
20012,40.691227,-73.93513,6.5542445
20013,40.686134,-73.93,6.4602723
20014,40.690098,-73.93439,6.5542445
20015,40.69127,-73.927734,6.5936255
20016,40.693687,-73.926544,6.7130704
20017,40.60959,-73.92583,5.6733575
20018,40.62126,-73.91064,5.6669445
20019,40.60695,-73.90653,5.545884
20020,40.60597,-73.91156,5.5758
20021,40.608784,-73.92569,5.6733575
20022,40.616383,-73.90275,5.604505
20023,40.61412,-73.921684,5.77974
20024,40.621346,-73.90828,5.6669445
20025,40.61417,-73.92325,5.77974
20026,40.60905,-73.91076,5.591836
20027,40.618958,-73.91194,5.6992273
20028,40.617287,-73.90179,5.5616765
20029,40.6071,-73.90537,5.545884
20030,40.606655,-73.91396,5.5758
20031,40.61781,-73.92416,5.7753468
20032,40.611874,-73.90562,5.6263676
20033,40.61364,-73.91925,5.7220755
20034,40.60699,-73.92539,5.624421
20035,40.61135,-73.90697,5.6263676
20036,40.6213,-73.924675,5.7889514
20037,40.612133,-73.90548,5.6263676
20038,40.611286,-73.92528,5.730127
20039,40.61297,-73.90722,5.6263676
20040,40.620525,-73.92091,5.7888556
20041,40.613777,-73.91863,5.7220755
20042,40.61895,-73.91439,5.6992273
20043,40.613777,-73.91863,5.7220755
20044,40.60373,-73.91122,5.476073
20045,40.606762,-73.91523,5.596586
20046,40.62124,-73.91534,5.7330937
20047,40.61628,-73.91914,5.7638316
20048,40.618645,-73.904465,5.614555
20049,40.693905,-73.82322,6.290397
20050,40.694714,-73.81834,6.305943
20051,40.693012,-73.811905,6.231607
20052,40.691692,-73.823296,6.0389824
20053,40.69558,-73.81666,6.305943
20054,40.692566,-73.819496,6.0699716
20055,40.690098,-73.81031,5.978353
20056,40.69407,-73.82023,6.290397
20057,40.69261,-73.82492,6.0389824
20058,40.688786,-73.83015,5.916752
20059,40.693024,-73.824905,6.290397
20060,40.68931,-73.81059,5.7671
20061,40.69356,-73.81566,6.260881
20062,40.68825,-73.81479,5.8275003
20063,40.68957,-73.81501,6.024952
20064,40.69096,-73.82568,6.0389824
20065,40.691715,-73.81668,6.0699716
20066,40.689163,-73.82323,5.862994
20067,40.69175,-73.811424,5.978353
20068,40.69085,-73.82835,6.005839
20069,40.686085,-73.82466,5.787462
20070,40.69177,-73.81135,5.978353
20071,40.692997,-73.81529,6.260881
20072,40.69116,-73.815445,6.024952
20073,40.690346,-73.83187,6.0212398
20074,40.69219,-73.819,6.0699716
20075,40.68741,-73.82118,5.862994
20076,40.690395,-73.81841,6.0699716
20077,40.693127,-73.83026,6.130147
20078,40.68714,-73.82936,5.916752
20079,40.685455,-73.82477,5.787462
20080,40.686844,-73.83087,5.916752
20081,40.68941,-73.81536,5.8275003
20082,40.696465,-73.83017,6.2204485
20083,40.692993,-73.825005,6.290397
20084,40.691296,-73.81455,6.024952
20085,40.68524,-73.814255,5.6878085
20086,40.695164,-73.818565,6.305943
20087,40.69084,-73.817215,6.0699716
20088,40.60676,-73.90312,5.5135407
20089,40.614372,-73.92173,5.77974
20090,40.615658,-73.92041,5.7638316
20091,40.621445,-73.91131,5.7055306
20092,40.613995,-73.92229,5.77974
20093,40.61709,-73.915184,5.7332425
20094,40.616287,-73.924934,5.764304
20095,40.60613,-73.90299,5.5135407
20096,40.613995,-73.92229,5.77974
20097,40.60852,-73.92241,5.6771216
20098,40.60726,-73.91391,5.5758
20099,40.61852,-73.91439,5.6992273
20100,40.6101,-73.909676,5.591836
20101,40.605892,-73.91465,5.596586
20102,40.61632,-73.9253,5.764304
20103,40.612183,-73.9089,5.6263676
20104,40.61552,-73.9035,5.604505
20105,40.621372,-73.92344,5.7888556
20106,40.621166,-73.91815,5.7620044
20107,40.621254,-73.922935,5.7888556
20108,40.615456,-73.910965,5.6510334
20109,40.620537,-73.90369,5.6087646
20110,40.620537,-73.90369,5.6087646
20111,40.62059,-73.919975,5.7620044
20112,40.61227,-73.90702,5.6263676
20113,40.613937,-73.91827,5.7638316
20114,40.61402,-73.91966,5.7638316
20115,40.607224,-73.90676,5.545884
20116,40.619534,-73.92152,5.791784
20117,40.61899,-73.91444,5.6992273
20118,40.606903,-73.91592,5.596586
20119,40.610294,-73.914215,5.6204605
20120,40.617672,-73.9159,5.7332425
20121,40.607533,-73.908295,5.591836
20122,40.685852,-73.82671,5.8307433
20123,40.689465,-73.821014,5.862994
20124,40.687645,-73.80967,5.709885
20125,40.69254,-73.82488,6.0389824
20126,40.69563,-73.81475,6.260881
20127,40.692554,-73.83108,6.0212398
20128,40.6875,-73.82663,5.8813
20129,40.691257,-73.8155,6.024952
20130,40.68465,-73.81326,5.6233416
20131,40.696064,-73.81732,6.430976
20132,40.69016,-73.83193,6.0212398
20133,40.687363,-73.818054,5.860719
20134,40.692062,-73.81396,6.024952
20135,40.694233,-73.81406,6.260881
20136,40.69342,-73.83132,6.130147
20137,40.69209,-73.81382,6.024952
20138,40.69557,-73.815094,6.260881
20139,40.68878,-73.83017,5.916752
20140,40.69299,-73.81532,6.260881
20141,40.694183,-73.81403,6.260881
20142,40.69272,-73.83116,6.130147
20143,40.687153,-73.83145,5.916752
20144,40.693874,-73.82726,6.220944
20145,40.685272,-73.82751,5.8307433
20146,40.693726,-73.81574,6.260881
20147,40.692406,-73.81159,5.978353
20148,40.691174,-73.8217,6.0389824
20149,40.685547,-73.8144,5.6878085
20150,40.693783,-73.81034,6.231607
20151,40.690514,-73.83009,6.0212398
20152,40.684937,-73.81873,5.7331367
20153,40.685333,-73.81893,5.7331367
20154,40.618618,-73.9165,5.7332425
20155,40.62136,-73.91604,5.7330937
20156,40.619766,-73.901985,5.614555
20157,40.618664,-73.91161,5.6992273
20158,40.609898,-73.90352,5.553734
20159,40.617615,-73.92312,5.791784
20160,40.613945,-73.919174,5.7638316
20161,40.614246,-73.91975,5.7638316
20162,40.621113,-73.9143,5.7055306
20163,40.61287,-73.90855,5.6263676
20164,40.621273,-73.91594,5.7330937
20165,40.617756,-73.914375,5.6992273
20166,40.60683,-73.92522,5.624421
20167,40.61385,-73.919945,5.7638316
20168,40.62111,-73.91426,5.7055306
20169,40.60794,-73.906525,5.591836
20170,40.6143,-73.90212,5.604505
20171,40.61468,-73.90735,5.6510334
20172,40.614246,-73.91975,5.7638316
20173,40.613945,-73.919174,5.7638316
20174,40.61566,-73.9112,5.6510334
20175,40.60682,-73.90655,5.545884
20176,40.608856,-73.912926,5.6204605
20177,40.610207,-73.91065,5.591836
20178,40.61737,-73.91311,5.6992273
20179,40.684753,-73.81864,5.7331367
20180,40.695625,-73.829704,6.130147
20181,40.684654,-73.82016,5.787462
20182,40.684826,-73.817726,5.7331367
20183,40.688755,-73.82068,5.862994
20184,40.695415,-73.8165,6.260881
20185,40.689552,-73.81276,5.978353
20186,40.690414,-73.81509,6.024952
20187,40.693146,-73.82756,6.220944
20188,40.690964,-73.819405,6.0699716
20189,40.68919,-73.81152,5.7671
20190,40.695404,-73.82628,6.220944
20191,40.68951,-73.81274,5.7671
20192,40.69045,-73.831924,6.0212398
20193,40.69492,-73.81058,6.231607
20194,40.68694,-73.8103,5.7671
20195,40.686005,-73.81146,5.6233416
20196,40.686005,-73.81146,5.6233416
20197,40.691578,-73.81661,6.024952
20198,40.692932,-73.81277,6.231607
20199,40.691895,-73.81913,6.0699716
20200,40.687733,-73.81646,5.8275003
20201,40.686344,-73.81942,5.7331367
20202,40.687588,-73.81905,5.860719
20203,40.686047,-73.8249,5.787462
20204,40.693882,-73.82723,6.220944
20205,40.69172,-73.83031,6.0212398
20206,40.692707,-73.811745,6.231607
20207,40.691925,-73.81678,6.0699716
20208,40.69509,-73.8097,6.2429934
20209,40.692707,-73.811745,6.231607
20210,40.609726,-73.92354,5.6771216
20211,40.621464,-73.91559,5.7330937
20212,40.614704,-73.90136,5.5585923
20213,40.618244,-73.91115,5.660845
20214,40.61228,-73.90623,5.6263676
20215,40.620625,-73.90794,5.6669445
20216,40.619087,-73.90746,5.660845
20217,40.604534,-73.909706,5.545884
20218,40.618683,-73.90815,5.660845
20219,40.613308,-73.90227,5.5867925
20220,40.61879,-73.905045,5.660845
20221,40.621246,-73.91408,5.7055306
20222,40.620625,-73.90794,5.6669445
20223,40.61902,-73.90494,5.614555
20224,40.614777,-73.9122,5.6853857
20225,40.606197,-73.91121,5.545884
20226,40.61914,-73.907524,5.660845
20227,40.607742,-73.90901,5.591836
20228,40.60793,-73.90279,5.553734
20229,40.61752,-73.92543,5.7753468
20230,40.60919,-73.90776,5.591836
20231,40.61531,-73.90278,5.604505
20232,40.618935,-73.905205,5.660845
20233,40.62039,-73.921906,5.7888556
20234,40.61868,-73.91883,5.7768784
20235,40.620712,-73.910545,5.6669445
20236,40.621204,-73.90583,5.6669445
20237,40.60903,-73.91076,5.591836
20238,40.617874,-73.91874,5.7768784
20239,40.610966,-73.91127,5.6263676
20240,40.617367,-73.92311,5.791784
20241,40.61584,-73.8997,5.5585923
20242,40.614273,-73.91864,5.7638316
20243,40.720055,-73.85462,5.9386773
20244,40.72219,-73.849144,5.9860573
20245,40.722153,-73.84926,5.9860573
20246,40.71882,-73.84505,5.9882727
20247,40.720108,-73.8526,5.96825
20248,40.72109,-73.850945,5.96825
20249,40.72219,-73.849144,5.9860573
20250,40.719414,-73.84526,5.9882727
20251,40.721214,-73.85157,5.9860573
20252,40.72219,-73.849144,5.9860573
20253,40.71882,-73.84505,5.9882727
20254,40.719166,-73.84627,5.9882727
20255,40.72219,-73.849144,5.9860573
20256,40.72219,-73.849144,5.9860573
20257,40.72139,-73.84492,5.9625907
20258,40.72131,-73.84501,5.9625907
20259,40.72167,-73.853645,5.9860573
20260,40.721783,-73.85539,5.999355
20261,40.72219,-73.849144,5.9860573
20262,40.72167,-73.853645,5.9860573
20263,40.722153,-73.84926,5.9860573
20264,40.721783,-73.85539,5.999355
20265,40.72167,-73.853645,5.9860573
20266,40.72186,-73.85589,5.999355
20267,40.721478,-73.8465,5.9751034
20268,40.72131,-73.84501,5.9625907
20269,40.71962,-73.84621,5.9882727
20270,40.72167,-73.853645,5.9860573
20271,40.722153,-73.84926,5.9860573
20272,40.71962,-73.84621,5.9882727
20273,40.721336,-73.85595,5.999355
20274,40.72219,-73.849144,5.9860573
20275,40.721405,-73.852486,5.9860573
20276,40.71752,-73.849846,5.9072742
20277,40.721474,-73.855705,5.999355
20278,40.613567,-73.95129,5.8973103
20279,40.6201,-73.9705,6.2206016
20280,40.615005,-73.95122,5.8801026
20281,40.611618,-73.965706,6.2373223
20282,40.612934,-73.9622,6.2373223
20283,40.611618,-73.965706,6.2373223
20284,40.614033,-73.9581,5.9875865
20285,40.61155,-73.95656,6.006023
20286,40.6211,-73.96923,6.2206016
20287,40.6211,-73.96923,6.2206016
20288,40.616688,-73.95658,5.9875865
20289,40.6211,-73.96923,6.2206016
20290,40.61328,-73.950806,5.8973103
20291,40.61152,-73.95718,6.006023
20292,40.6211,-73.96923,6.2206016
20293,40.6211,-73.96923,6.2206016
20294,40.613426,-73.95945,6.081766
20295,40.610943,-73.96088,6.081766
20296,40.610943,-73.96088,6.081766
20297,40.61211,-73.96892,6.3031826
20298,40.610943,-73.96088,6.081766
20299,40.611618,-73.965706,6.2373223
20300,40.61211,-73.96892,6.3031826
20301,40.611477,-73.9546,5.958042
20302,40.62088,-73.95383,5.88486
20303,40.611618,-73.965706,6.2373223
20304,40.614937,-73.95974,6.0833783
20305,40.619267,-73.95084,5.828192
20306,40.61609,-73.96483,6.234544
20307,40.620113,-73.95514,5.88486
20308,40.614918,-73.95358,5.9304996
20309,40.61155,-73.95656,6.006023
20310,40.713142,-73.94604,7.219821
20311,40.722008,-73.943535,7.422149
20312,40.718185,-73.941414,6.9888663
20313,40.711967,-73.94976,7.4354486
20314,40.721195,-73.94773,7.4758763
20315,40.715637,-73.94549,7.1771483
20316,40.718185,-73.941414,6.9888663
20317,40.714447,-73.94079,7.4547777
20318,40.721096,-73.94738,7.4758763
20319,40.71668,-73.945915,7.1771483
20320,40.72014,-73.94726,7.280147
20321,40.711926,-73.94537,7.225163
20322,40.718857,-73.94878,7.280147
20323,40.713505,-73.944786,7.225163
20324,40.718895,-73.94153,6.9888663
20325,40.714447,-73.94079,7.4547777
20326,40.712257,-73.943375,7.225163
20327,40.714367,-73.94353,7.225163
20328,40.710293,-73.94796,7.1965413
20329,40.712063,-73.9454,7.225163
20330,40.711926,-73.94537,7.225163
20331,40.61171,-73.92781,5.7300353
20332,40.61932,-73.93234,5.7864733
20333,40.61015,-73.92969,5.6810846
20334,40.619102,-73.94375,5.8588967
20335,40.609505,-73.92942,5.6810846
20336,40.611275,-73.938385,5.8101115
20337,40.610138,-73.93636,5.7301793
20338,40.61693,-73.933754,5.8357506
20339,40.61443,-73.94793,5.8607774
20340,40.610138,-73.93636,5.7301793
20341,40.61443,-73.94793,5.8607774
20342,40.61255,-73.93782,5.8101115
20343,40.616783,-73.93738,5.8357506
20344,40.61101,-73.93563,5.8101115
20345,40.61394,-73.93692,5.8357506
20346,40.61313,-73.94463,5.820019
20347,40.617344,-73.943825,5.8588967
20348,40.609318,-73.93684,5.7301793
20349,40.61313,-73.94463,5.820019
20350,40.619274,-73.94143,5.864884
20351,40.611416,-73.93978,5.8221235
20352,40.612976,-73.927155,5.7300353
20353,40.609116,-73.928986,5.6810846
20354,40.614517,-73.93624,5.8357506
20355,40.61173,-73.93569,5.8101115
20356,40.685547,-73.96083,7.129085
20357,40.69217,-73.964195,7.2061987
20358,40.68881,-73.95208,6.733231
20359,40.691452,-73.958916,7.2016454
20360,40.687965,-73.960205,7.034998
20361,40.69217,-73.964195,7.2061987
20362,40.690567,-73.96583,7.2061987
20363,40.691452,-73.958916,7.2016454
20364,40.691814,-73.96904,7.2399
20365,40.687763,-73.966896,7.1509013
20366,40.69257,-73.965195,7.2061987
20367,40.691784,-73.96822,7.2399
20368,40.691814,-73.96904,7.2399
20369,40.689793,-73.96281,7.2061987
20370,40.688564,-73.96076,7.034998
20371,40.69257,-73.965195,7.2061987
20372,40.68802,-73.95899,7.034998
20373,40.69217,-73.964195,7.2061987
20374,40.688564,-73.96076,7.034998
20375,40.689793,-73.96281,7.2061987
20376,40.69216,-73.96839,7.2399
20377,40.691814,-73.96904,7.2399
20378,40.69217,-73.964195,7.2061987
20379,40.686844,-73.95367,6.8618927
20380,40.694572,-73.970436,7.2651477
20381,40.693874,-73.96433,7.3323345
20382,40.68736,-73.966675,7.1509013
20383,40.684853,-73.9699,7.4572415
20384,40.686962,-73.95263,6.8618927
20385,40.694664,-73.967834,7.3323345
20386,40.693874,-73.96433,7.3323345
20387,40.691814,-73.96904,7.2399
20388,40.693447,-73.97228,7.3567424
20389,40.694664,-73.967834,7.3323345
20390,40.68727,-73.95718,6.9581738
20391,40.691086,-73.95801,7.3263893
20392,40.685547,-73.96083,7.129085
20393,40.68731,-73.96711,7.1509013
20394,40.607166,-73.91551,5.596586
20395,40.621124,-73.90664,5.6669445
20396,40.61413,-73.9223,5.77974
20397,40.615322,-73.92036,5.7638316
20398,40.615482,-73.900665,5.5585923
20399,40.615425,-73.923256,5.77974
20400,40.61792,-73.91618,5.7332425
20401,40.61951,-73.9218,5.791784
20402,40.617428,-73.917465,5.7332425
20403,40.618824,-73.90508,5.660845
20404,40.615005,-73.91822,5.7638316
20405,40.61516,-73.90942,5.6510334
20406,40.615005,-73.91822,5.7638316
20407,40.608704,-73.90711,5.591836
20408,40.61838,-73.90486,5.614555
20409,40.614906,-73.92573,5.764304
20410,40.618416,-73.914085,5.6992273
20411,40.608425,-73.907166,5.591836
20412,40.618565,-73.902725,5.614555
20413,40.613544,-73.92037,5.7220755
20414,40.619823,-73.90657,5.660845
20415,40.60844,-73.90832,5.591836
20416,40.614857,-73.91881,5.7638316
20417,40.61456,-73.91989,5.7638316
20418,40.617256,-73.91421,5.6992273
20419,40.606674,-73.90443,5.5135407
20420,40.61413,-73.9223,5.77974
20421,40.61841,-73.91133,5.6992273
20422,40.618202,-73.9111,5.660845
20423,40.621002,-73.92002,5.7620044
20424,40.612698,-73.909065,5.6263676
20425,40.61633,-73.926254,5.764304
20426,40.719215,-73.84627,5.9882727
20427,40.719166,-73.84627,5.9882727
20428,40.72167,-73.853645,5.9860573
20429,40.721264,-73.85542,5.999355
20430,40.722153,-73.84926,5.9860573
20431,40.721474,-73.855705,5.999355
20432,40.71922,-73.84568,5.9882727
20433,40.71922,-73.84568,5.9882727
20434,40.721485,-73.84663,5.9751034
20435,40.722317,-73.85497,5.999355
20436,40.718063,-73.85133,5.96825
20437,40.719166,-73.84627,5.9882727
20438,40.72219,-73.849144,5.9860573
20439,40.71773,-73.85042,5.9072742
20440,40.722153,-73.84926,5.9860573
20441,40.719185,-73.84506,5.9882727
20442,40.716843,-73.85516,5.848868
20443,40.721584,-73.85466,5.999355
20444,40.71962,-73.84621,5.9882727
20445,40.719185,-73.84506,5.9882727
20446,40.716843,-73.85516,5.848868
20447,40.717384,-73.84947,5.9072742
20448,40.72219,-73.849144,5.9860573
20449,40.71962,-73.84621,5.9882727
20450,40.718216,-73.85025,5.96825
20451,40.716705,-73.84964,5.9072742
20452,40.719185,-73.84506,5.9882727
20453,40.71882,-73.84505,5.9882727
20454,40.72159,-73.846115,5.9751034
20455,40.72149,-73.853546,5.9860573
20456,40.718216,-73.85025,5.96825
20457,40.71907,-73.85409,5.96825
20458,40.72219,-73.849144,5.9860573
20459,40.718704,-73.84548,5.9882727
20460,40.71882,-73.84505,5.9882727
20461,40.69216,-73.96839,7.2399
20462,40.693874,-73.96433,7.3323345
20463,40.68709,-73.96756,7.1509013
20464,40.690567,-73.96583,7.2061987
20465,40.687225,-73.966965,7.1509013
20466,40.68482,-73.96661,7.3029957
20467,40.685627,-73.96157,7.129085
20468,40.68986,-73.965775,7.2061987
20469,40.69432,-73.96869,7.2651477
20470,40.687225,-73.966965,7.1509013
20471,40.691513,-73.95682,7.3263893
20472,40.69217,-73.964195,7.2061987
20473,40.685547,-73.96083,7.129085
20474,40.69339,-73.96854,7.2651477
20475,40.6858,-73.96098,7.129085
20476,40.691513,-73.95682,7.3263893
20477,40.68711,-73.95804,6.9581738
20478,40.688564,-73.96076,7.034998
20479,40.69217,-73.964195,7.2061987
20480,40.691612,-73.954315,7.3334804
20481,40.69672,-73.96787,7.3653264
20482,40.685696,-73.96393,7.3029957
20483,40.68671,-73.957306,6.9581738
20484,40.69217,-73.964195,7.2061987
20485,40.693516,-73.96857,7.2651477
20486,40.685627,-73.95963,7.129085
20487,40.686344,-73.9673,7.3029957
20488,40.690567,-73.96583,7.2061987
20489,40.687767,-73.95871,7.034998
20490,40.69217,-73.964195,7.2061987
20491,40.69257,-73.965195,7.2061987
20492,40.69257,-73.965195,7.2061987
20493,40.68704,-73.96097,7.034998
20494,40.68557,-73.96864,7.4572415
20495,40.693966,-73.968636,7.2651477
20496,40.689453,-73.95302,6.8618927
20497,40.691467,-73.95886,7.2016454
20498,40.692047,-73.96842,7.2399
20499,40.69029,-73.95653,7.3263893
20500,40.69217,-73.964195,7.2061987
20501,40.68849,-73.96734,7.1509013
20502,40.690567,-73.96583,7.2061987
20503,40.691814,-73.96904,7.2399
20504,40.687763,-73.966896,7.1509013
20505,40.690567,-73.96583,7.2061987
20506,40.685547,-73.96083,7.129085
20507,40.694958,-73.967896,7.3323345
20508,40.694958,-73.967896,7.3323345
20509,40.690838,-73.9717,7.254511
20510,40.69257,-73.965195,7.2061987
20511,40.687103,-73.96737,7.1509013
20512,40.687794,-73.95849,6.9581738
20513,40.687103,-73.96737,7.1509013
20514,40.691277,-73.972626,7.254511
20515,40.69255,-73.95504,7.3334804
20516,40.69442,-73.96942,7.2651477
20517,40.69442,-73.96942,7.2651477
20518,40.685825,-73.951836,6.6504803
20519,40.68731,-73.96711,7.1509013
20520,40.6949,-73.955505,7.600967
20521,40.69257,-73.965195,7.2061987
20522,40.686317,-73.97109,7.4572415
20523,40.686485,-73.96981,7.1995215
20524,40.685696,-73.96393,7.3029957
20525,40.69217,-73.964195,7.2061987
20526,40.68904,-73.966515,7.1509013
20527,40.687225,-73.966965,7.1509013
20528,40.697144,-73.95789,7.662089
20529,40.687103,-73.96737,7.1509013
20530,40.692394,-73.96906,7.2399
20531,40.691814,-73.96904,7.2399
20532,40.685654,-73.96193,7.3029957
20533,40.687103,-73.96737,7.1509013
20534,40.685375,-73.95615,6.926331
20535,40.690025,-73.96776,7.2061987
20536,40.69364,-73.9726,7.3567424
20537,40.690567,-73.96583,7.2061987
20538,40.691814,-73.96904,7.2399
20539,40.693787,-73.96487,7.3323345
20540,40.69216,-73.96839,7.2399
20541,40.69217,-73.964195,7.2061987
20542,40.68734,-73.956635,6.9581738
20543,40.688393,-73.962234,7.1509013
20544,40.68904,-73.966515,7.1509013
20545,40.693966,-73.968636,7.2651477
20546,40.69224,-73.96813,7.2399
20547,40.689995,-73.95236,7.3334804
20548,40.69224,-73.96813,7.2399
20549,40.69171,-73.968285,7.2399
20550,40.68558,-73.95161,6.6504803
20551,40.68467,-73.95985,7.129085
20552,40.68818,-73.96163,7.034998
20553,40.68776,-73.97194,7.2790937
20554,40.68788,-73.95746,6.9581738
20555,40.69216,-73.96839,7.2399
20556,40.69271,-73.96847,7.2651477
20557,40.690567,-73.96583,7.2061987
20558,40.691814,-73.96904,7.2399
20559,40.686344,-73.96049,7.129085
20560,40.6946,-73.96783,7.3323345
20561,40.69224,-73.96813,7.2399
20562,40.68731,-73.96711,7.1509013
20563,40.68725,-73.968185,7.1995215
20564,40.691814,-73.96904,7.2399
20565,40.69217,-73.964195,7.2061987
20566,40.691814,-73.96904,7.2399
20567,40.69217,-73.964195,7.2061987
20568,40.687244,-73.968185,7.1995215
20569,40.695423,-73.955475,7.601341
20570,40.69207,-73.96023,7.2016454
20571,40.69217,-73.964195,7.2061987
20572,40.68881,-73.95208,6.733231
20573,40.687244,-73.968185,7.1995215
20574,40.69224,-73.96813,7.2399
20575,40.69094,-73.957596,7.3263893
20576,40.687103,-73.96737,7.1509013
20577,40.685974,-73.95791,6.926331
20578,40.690567,-73.96583,7.2061987
20579,40.69404,-73.96285,7.3323345
20580,40.6949,-73.955505,7.600967
20581,40.686737,-73.95055,6.733231
20582,40.687054,-73.95832,6.9581738
20583,40.692047,-73.96842,7.2399
20584,40.694225,-73.9694,7.2651477
20585,40.69442,-73.96942,7.2651477
20586,40.6947,-73.96982,7.2651477
20587,40.69217,-73.964195,7.2061987
20588,40.693874,-73.96433,7.3323345
20589,40.693874,-73.96433,7.3323345
20590,40.687244,-73.968185,7.1995215
20591,40.685547,-73.96083,7.129085
20592,40.69442,-73.96942,7.2651477
20593,40.687103,-73.96737,7.1509013
20594,40.69217,-73.964195,7.2061987
20595,40.693874,-73.96433,7.3323345
20596,40.6949,-73.955505,7.600967
20597,40.687225,-73.966965,7.1509013
20598,40.68704,-73.95846,6.9581738
20599,40.68711,-73.95804,6.9581738
20600,40.69224,-73.96813,7.2399
20601,40.687103,-73.96737,7.1509013
20602,40.688477,-73.95902,7.034998
20603,40.69217,-73.964195,7.2061987
20604,40.691814,-73.96904,7.2399
20605,40.69224,-73.96813,7.2399
20606,40.69045,-73.95132,7.2555385
20607,40.687244,-73.968185,7.1995215
20608,40.69224,-73.96813,7.2399
20609,40.689793,-73.96281,7.2061987
20610,40.687897,-73.97309,7.2790937
20611,40.687244,-73.968185,7.1995215
20612,40.692944,-73.96827,7.2651477
20613,40.69217,-73.964195,7.2061987
20614,40.691814,-73.96904,7.2399
20615,40.691814,-73.96904,7.2399
20616,40.687103,-73.96737,7.1509013
20617,40.68904,-73.95697,6.9581738
20618,40.689453,-73.95302,6.8618927
20619,40.692047,-73.96842,7.2399
20620,40.691814,-73.96904,7.2399
20621,40.688477,-73.95902,7.034998
20622,40.687325,-73.95849,6.9581738
20623,40.684628,-73.96962,7.4572415
20624,40.692303,-73.9573,7.3263893
20625,40.687244,-73.968185,7.1995215
20626,40.68704,-73.95846,6.9581738
20627,40.687244,-73.968185,7.1995215
20628,40.68788,-73.95746,6.9581738
20629,40.69216,-73.96839,7.2399
20630,40.688126,-73.96818,7.1995215
20631,40.687244,-73.968185,7.1995215
20632,40.685696,-73.97007,7.4572415
20633,40.691452,-73.958916,7.2016454
20634,40.686302,-73.95476,6.810934
20635,40.69224,-73.96813,7.2399
20636,40.68731,-73.96711,7.1509013
20637,40.68467,-73.95985,7.129085
20638,40.687206,-73.960175,7.034998
20639,40.685547,-73.96083,7.129085
20640,40.687542,-73.95414,6.8618927
20641,40.69257,-73.965195,7.2061987
20642,40.689083,-73.953735,6.8618927
20643,40.685825,-73.951836,6.6504803
20644,40.691814,-73.96904,7.2399
20645,40.69448,-73.966415,7.3323345
20646,40.69257,-73.965195,7.2061987
20647,40.68731,-73.96711,7.1509013
20648,40.68983,-73.97242,7.254511
20649,40.691814,-73.96904,7.2399
20650,40.690567,-73.96583,7.2061987
20651,40.69452,-73.96835,7.2651477
20652,40.69224,-73.96813,7.2399
20653,40.685547,-73.96864,7.4572415
20654,40.68711,-73.95804,6.9581738
20655,40.69257,-73.965195,7.2061987
20656,40.687805,-73.958374,6.9581738
20657,40.69394,-73.96374,7.3323345
20658,40.68482,-73.96661,7.3029957
20659,40.692047,-73.96842,7.2399
20660,40.687794,-73.95849,6.9581738
20661,40.620823,-73.923836,5.7888556
20662,40.618385,-73.9167,5.7332425
20663,40.615856,-73.90216,5.604505
20664,40.61745,-73.9231,5.791784
20665,40.613716,-73.92225,5.7473
20666,40.621265,-73.90695,5.6669445
20667,40.613716,-73.92225,5.7473
20668,40.61348,-73.9203,5.7220755
20669,40.61821,-73.91474,5.7332425
20670,40.606865,-73.91508,5.596586
20671,40.615574,-73.903564,5.604505
20672,40.61847,-73.90432,5.614555
20673,40.60682,-73.90655,5.545884
20674,40.61591,-73.90222,5.604505
20675,40.616264,-73.91821,5.7638316
20676,40.616924,-73.90459,5.604505
20677,40.6106,-73.90948,5.591836
20678,40.614597,-73.92209,5.77974
20679,40.61431,-73.9179,5.7638316
20680,40.616505,-73.91729,5.72238
20681,40.61434,-73.91085,5.6510334
20682,40.60903,-73.91372,5.6204605
20683,40.620373,-73.92479,5.7889514
20684,40.60628,-73.91454,5.596586
20685,40.60456,-73.9113,5.5758
20686,40.621155,-73.92004,5.7620044
20687,40.620583,-73.90289,5.6087646
20688,40.619102,-73.902565,5.614555
20689,40.610085,-73.91392,5.6204605
20690,40.621292,-73.90747,5.6669445
20691,40.614292,-73.91968,5.7638316
20692,40.618183,-73.91363,5.6992273
20693,40.614902,-73.92281,5.77974
20694,40.61432,-73.91828,5.7638316
20695,40.613945,-73.919174,5.7638316
20696,40.616093,-73.91856,5.7638316
20697,40.6721,-73.94707,6.6754518
20698,40.67393,-73.93167,6.766246
20699,40.679314,-73.93951,6.732453
20700,40.674946,-73.94019,6.683707
20701,40.683308,-73.941185,6.3573737
20702,40.67934,-73.94001,6.6954293
20703,40.678406,-73.9351,6.732453
20704,40.6721,-73.94707,6.6754518
20705,40.68442,-73.9316,6.443671
20706,40.68124,-73.94624,6.7015295
20707,40.67721,-73.94583,6.7685876
20708,40.68052,-73.947945,6.7015295
20709,40.6721,-73.94707,6.6754518
20710,40.677013,-73.94815,6.818779
20711,40.67721,-73.94583,6.7685876
20712,40.6721,-73.94707,6.6754518
20713,40.684265,-73.937004,6.351612
20714,40.682755,-73.94345,6.5926914
20715,40.682755,-73.94345,6.5926914
20716,40.67216,-73.93626,6.579065
20717,40.6721,-73.94707,6.6754518
20718,40.673798,-73.926704,6.6129346
20719,40.676586,-73.94913,6.8135076
20720,40.682755,-73.94345,6.5926914
20721,40.68393,-73.92901,6.4602723
20722,40.68007,-73.94807,6.7015295
20723,40.683228,-73.929115,6.4602723
20724,40.675797,-73.94004,6.683707
20725,40.673122,-73.94771,6.6754518
20726,40.684277,-73.9499,6.6504803
20727,40.680725,-73.94928,6.7435045
20728,40.67379,-73.92901,6.727509
20729,40.6721,-73.94707,6.6754518
20730,40.68239,-73.93624,6.429628
20731,40.6721,-73.94707,6.6754518
20732,40.683308,-73.941185,6.3573737
20733,40.6721,-73.94707,6.6754518
20734,40.68028,-73.93258,6.4442
20735,40.687763,-73.966896,7.1509013
20736,40.691082,-73.95763,7.3263893
20737,40.685547,-73.96083,7.129085
20738,40.69404,-73.96285,7.3323345
20739,40.686913,-73.95654,6.9581738
20740,40.693787,-73.96487,7.3323345
20741,40.685547,-73.96083,7.129085
20742,40.687244,-73.968185,7.1995215
20743,40.602177,-73.953835,5.97435
20744,40.598927,-73.953285,5.912639
20745,40.601044,-73.96433,6.0462823
20746,40.601044,-73.96433,6.0462823
20747,40.607784,-73.95547,5.952582
20748,40.60416,-73.95935,6.109985
20749,40.599457,-73.96055,6.029318
20750,40.601044,-73.96433,6.0462823
20751,40.604748,-73.969345,6.141161
20752,40.60474,-73.969406,6.141161
20753,40.601852,-73.95377,5.97435
20754,40.60219,-73.97084,6.110143
20755,40.601044,-73.96433,6.0462823
20756,40.60042,-73.96009,6.029318
20757,40.603687,-73.952225,5.868295
20758,40.60165,-73.9716,6.077214
20759,40.602127,-73.97078,6.110143
20760,40.60424,-73.96027,6.109985
20761,40.605938,-73.95841,6.0206313
20762,40.606586,-73.9605,6.0855427
20763,40.60486,-73.96398,6.134216
20764,40.607674,-73.95032,5.894992
20765,40.60379,-73.95318,5.97435
20766,40.603687,-73.952225,5.868295
20767,40.606182,-73.97006,6.141161
20768,40.601578,-73.9634,6.123201
20769,40.602165,-73.971115,6.110143
20770,40.607784,-73.95547,5.952582
20771,40.607784,-73.95547,5.952582
20772,40.59873,-73.95966,6.029318
20773,40.60332,-73.95773,6.0464067
20774,40.60219,-73.97084,6.110143
20775,40.60182,-73.97106,6.110143
20776,40.604527,-73.965904,6.134216
20777,40.60745,-73.97134,6.135513
20778,40.69302,-73.96761,7.3323345
20779,40.689827,-73.972496,7.254511
20780,40.685112,-73.97107,7.4572415
20781,40.69217,-73.964195,7.2061987
20782,40.685547,-73.96083,7.129085
20783,40.6946,-73.96783,7.3323345
20784,40.69339,-73.96854,7.2651477
20785,40.69257,-73.965195,7.2061987
20786,40.685123,-73.97077,7.4572415
20787,40.687225,-73.966965,7.1509013
20788,40.68731,-73.96711,7.1509013
20789,40.69302,-73.96761,7.3323345
20790,40.691452,-73.958916,7.2016454
20791,40.684628,-73.96962,7.4572415
20792,40.68506,-73.96554,7.3029957
20793,40.693787,-73.96487,7.3323345
20794,40.692127,-73.97014,7.2399
20795,40.691784,-73.96822,7.2399
20796,40.691784,-73.96822,7.2399
20797,40.687225,-73.966965,7.1509013
20798,40.69124,-73.955795,7.3263893
20799,40.686485,-73.966866,7.1509013
20800,40.692467,-73.95448,7.3334804
20801,40.693787,-73.96487,7.3323345
20802,40.68751,-73.97187,7.2790937
20803,40.68828,-73.9673,7.1509013
20804,40.693787,-73.96487,7.3323345
20805,40.69282,-73.97247,7.3567424
20806,40.691082,-73.95763,7.3263893
20807,40.69637,-73.9728,7.253538
20808,40.692944,-73.96827,7.2651477
20809,40.693787,-73.96487,7.3323345
20810,40.69638,-73.95571,7.662089
20811,40.69094,-73.957596,7.3263893
20812,40.693787,-73.96487,7.3323345
20813,40.687103,-73.96737,7.1509013
20814,40.687244,-73.968185,7.1995215
20815,40.693787,-73.96487,7.3323345
20816,40.575466,-73.96664,5.8892493
20817,40.5754,-73.96267,5.8892493
20818,40.57575,-73.967926,5.8892493
20819,40.578403,-73.97196,5.969093
20820,40.5774,-73.95718,5.944504
20821,40.579216,-73.97132,5.9667845
20822,40.577442,-73.9564,5.944504
20823,40.575863,-73.95721,5.877081
20824,40.57948,-73.97014,5.955962
20825,40.5754,-73.96268,5.8892493
20826,40.576748,-73.972786,5.969093
20827,40.5822,-73.95765,6.0662646
20828,40.578365,-73.97337,5.969093
20829,40.575302,-73.96803,5.8892493
20830,40.577442,-73.9564,5.944504
20831,40.57639,-73.96435,5.92385
20832,40.578365,-73.97337,5.969093
20833,40.577538,-73.95869,5.919793
20834,40.578365,-73.97337,5.969093
20835,40.578365,-73.97337,5.969093
20836,40.902325,-73.88853,6.082547
20837,40.905277,-73.90321,6.2926726
20838,40.905346,-73.89666,6.2367167
20839,40.906563,-73.90659,6.2873473
20840,40.906563,-73.90659,6.2873473
20841,40.90821,-73.905495,6.286585
20842,40.910393,-73.8991,6.2814856
20843,40.906563,-73.90659,6.2873473
20844,40.90821,-73.905495,6.286585
20845,40.904762,-73.90519,6.2873473
20846,40.909958,-73.89922,6.2814856
20847,40.9052,-73.9061,6.2873473
20848,40.907265,-73.89893,6.276528
20849,40.905346,-73.89666,6.2367167
20850,40.90821,-73.905495,6.286585
20851,40.906563,-73.90659,6.2873473
20852,40.906563,-73.90659,6.2873473
20853,40.903767,-73.89769,6.210124
20854,40.902325,-73.88853,6.082547
20855,40.906563,-73.90659,6.2873473
20856,40.907295,-73.90857,6.269444
20857,40.906563,-73.90659,6.2873473
20858,40.90685,-73.897255,6.2367167
20859,40.902325,-73.88853,6.082547
20860,40.902058,-73.900055,6.2315345
20861,40.902058,-73.900055,6.2315345
20862,40.902058,-73.900055,6.2315345
20863,40.906693,-73.906364,6.2873473
20864,40.902058,-73.900055,6.2315345
20865,40.902058,-73.900055,6.2315345
20866,40.902058,-73.900055,6.2315345
20867,40.902058,-73.900055,6.2315345
20868,40.902058,-73.900055,6.2315345
20869,40.90341,-73.900536,6.2315345
20870,40.904762,-73.90519,6.2873473
20871,40.902058,-73.900055,6.2315345
20872,40.904556,-73.905945,6.2873473
20873,40.90341,-73.900536,6.2315345
20874,40.909164,-73.9056,6.286585
20875,40.904762,-73.90519,6.2873473
20876,40.909164,-73.9056,6.286585
20877,40.587006,-73.940155,5.803645
20878,40.58657,-73.94952,5.9574766
20879,40.58657,-73.94952,5.9574766
20880,40.58391,-73.94238,5.755401
20881,40.58657,-73.94952,5.9574766
20882,40.585052,-73.93831,5.6827545
20883,40.584213,-73.939125,5.6827545
20884,40.590424,-73.93595,5.7118635
20885,40.58629,-73.9424,5.803645
20886,40.587383,-73.94875,5.910647
20887,40.59598,-73.94904,5.828406
20888,40.588924,-73.94338,5.863124
20889,40.587383,-73.94875,5.910647
20890,40.583942,-73.94208,5.755401
20891,40.586334,-73.945,5.8691754
20892,40.59037,-73.93658,5.7118635
20893,40.59165,-73.94285,5.7693605
20894,40.589195,-73.94096,5.7693605
20895,40.58657,-73.94952,5.9574766
20896,40.5927,-73.93925,5.7068186
20897,40.586334,-73.945,5.8691754
20898,40.58933,-73.949905,5.981839
20899,40.586334,-73.945,5.8691754
20900,40.586506,-73.94506,5.8691754
20901,40.58449,-73.93147,5.6135945
20902,40.58933,-73.949905,5.981839
20903,40.58556,-73.94656,5.910647
20904,40.587692,-73.926575,5.5341005
20905,40.67886,-73.96382,7.209035
20906,40.676525,-73.96216,6.9390745
20907,40.679893,-73.96391,7.209035
20908,40.67449,-73.96405,6.9390745
20909,40.68147,-73.97233,7.589941
20910,40.67383,-73.9536,6.919108
20911,40.674503,-73.97286,7.1147003
20912,40.676525,-73.96216,6.9390745
20913,40.68144,-73.97225,7.589941
20914,40.67468,-73.95256,6.919108
20915,40.672966,-73.96052,6.6570754
20916,40.67471,-73.96738,6.9390745
20917,40.683765,-73.95685,6.926331
20918,40.675056,-73.96889,6.985404
20919,40.67355,-73.964096,6.560214
20920,40.67266,-73.96472,6.560214
20921,40.67616,-73.96036,6.926674
20922,40.672966,-73.96052,6.6570754
20923,40.672523,-73.95697,6.673395
20924,40.672966,-73.96052,6.6570754
20925,40.67886,-73.96382,7.209035
20926,40.678356,-73.96832,7.3031144
20927,40.67456,-73.96777,6.9390745
20928,40.678356,-73.96832,7.3031144
20929,40.68401,-73.95763,6.926331
20930,40.672638,-73.97144,6.746066
20931,40.67886,-73.96382,7.209035
20932,40.675556,-73.96925,6.985404
20933,40.67567,-73.97087,6.985404
20934,40.682446,-73.95903,7.1988435
20935,40.677643,-73.96108,7.138773
20936,40.67886,-73.96382,7.209035
20937,40.681877,-73.96417,7.37882
20938,40.676483,-73.96892,6.985404
20939,40.676228,-73.97292,7.1147003
20940,40.673775,-73.95616,6.943841
20941,40.67886,-73.96382,7.209035
20942,40.673462,-73.97222,6.746066
20943,40.673122,-73.97144,6.746066
20944,40.674427,-73.96854,6.985404
20945,40.677265,-73.97014,7.3031144
20946,40.677265,-73.97014,7.3031144
20947,40.6758,-73.97022,6.985404
20948,40.674427,-73.96854,6.985404
20949,40.67886,-73.96382,7.209035
20950,40.678158,-73.96317,7.209035
20951,40.673492,-73.95929,6.6570754
20952,40.67456,-73.96777,6.9390745
20953,40.67226,-73.95099,6.72977
20954,40.67567,-73.97088,6.985404
20955,40.682774,-73.95646,7.103318
20956,40.67225,-73.9631,6.560214
20957,40.6758,-73.97022,6.985404
20958,40.673237,-73.96705,6.560214
20959,40.672024,-73.97269,6.746066
20960,40.676525,-73.96216,6.9390745
20961,40.67886,-73.96382,7.209035
20962,40.683395,-73.95422,6.810934
20963,40.67456,-73.96777,6.9390745
20964,40.67521,-73.967285,6.9390745
20965,40.683384,-73.95444,6.810934
20966,40.67671,-73.970184,6.985404
20967,40.675186,-73.96867,6.985404
20968,40.681767,-73.95388,6.915122
20969,40.676018,-73.95092,6.8616705
20970,40.67456,-73.96777,6.9390745
20971,40.672565,-73.96419,6.560214
20972,40.673462,-73.97222,6.746066
20973,40.67854,-73.96284,7.209035
20974,40.682533,-73.958435,7.103318
20975,40.682735,-73.96185,7.37882
20976,40.673237,-73.96705,6.560214
20977,40.67521,-73.967285,6.9390745
20978,40.681877,-73.96417,7.37882
20979,40.681046,-73.954025,6.915122
20980,40.672966,-73.96052,6.6570754
20981,40.67671,-73.970184,6.985404
20982,40.68311,-73.96601,7.37882
20983,40.677128,-73.962906,7.209035
20984,40.67808,-73.96535,7.209035
20985,40.681873,-73.96417,7.37882
20986,40.675243,-73.97334,7.1147003
20987,40.681877,-73.96417,7.37882
20988,40.67671,-73.970184,6.985404
20989,40.684128,-73.9667,7.3029957
20990,40.672565,-73.96419,6.560214
20991,40.682446,-73.95903,7.1988435
20992,40.68314,-73.959595,7.1988435
20993,40.673164,-73.96669,6.560214
20994,40.674885,-73.96804,6.9390745
20995,40.675533,-73.95089,6.8616705
20996,40.67445,-73.97196,7.1147003
20997,40.67886,-73.96382,7.209035
20998,40.67707,-73.96477,7.209035
20999,40.67886,-73.96382,7.209035
21000,40.678104,-73.96301,7.209035
21001,40.677586,-73.9719,7.3784947
21002,40.673855,-73.9505,6.8616705
21003,40.673462,-73.97222,6.746066
21004,40.674046,-73.96366,6.9390745
21005,40.67567,-73.97087,6.985404
21006,40.675556,-73.96925,6.985404
21007,40.680046,-73.96394,7.209035
21008,40.67503,-73.97226,7.1147003
21009,40.68073,-73.97174,7.589941
21010,40.67277,-73.972534,6.746066
21011,40.681877,-73.96417,7.37882
21012,40.682446,-73.95903,7.1988435
21013,40.67279,-73.97182,6.746066
21014,40.675827,-73.95713,6.943841
21015,40.677727,-73.96853,7.3031144
21016,40.67986,-73.96468,7.209035
21017,40.682484,-73.963165,7.37882
21018,40.67886,-73.96382,7.209035
21019,40.67335,-73.97337,6.746066
21020,40.673775,-73.95616,6.943841
21021,40.67279,-73.97182,6.746066
21022,40.67456,-73.96777,6.9390745
21023,40.673542,-73.96842,6.604068
21024,40.67886,-73.96382,7.209035
21025,40.677265,-73.97014,7.3031144
21026,40.678356,-73.96832,7.3031144
21027,40.67456,-73.96777,6.9390745
21028,40.675465,-73.971954,7.1147003
21029,40.67662,-73.969505,6.985404
21030,40.676075,-73.97254,7.1147003
21031,40.683777,-73.95674,6.926331
21032,40.677727,-73.96853,7.3031144
21033,40.678356,-73.9652,7.209035
21034,40.674168,-73.97177,7.1147003
21035,40.678696,-73.97041,7.3031144
21036,40.684326,-73.964676,7.3029957
21037,40.673462,-73.97222,6.746066
21038,40.675533,-73.95089,6.8616705
21039,40.680305,-73.9697,7.4569645
21040,40.675556,-73.96925,6.985404
21041,40.676865,-73.96384,6.9390745
21042,40.677456,-73.96857,7.3031144
21043,40.67662,-73.969505,6.985404
21044,40.682446,-73.95903,7.1988435
21045,40.67456,-73.96777,6.9390745
21046,40.676228,-73.97292,7.1147003
21047,40.674427,-73.96854,6.985404
21048,40.67509,-73.95794,6.943841
21049,40.677197,-73.96981,7.3031144
21050,40.675995,-73.96224,6.9390745
21051,40.676132,-73.95572,6.943841
21052,40.676487,-73.96892,6.985404
21053,40.674183,-73.96252,6.9390745
21054,40.6758,-73.97022,6.985404
21055,40.682735,-73.96185,7.37882
21056,40.67335,-73.97337,6.746066
21057,40.674664,-73.9725,7.1147003
21058,40.681038,-73.96165,7.1988435
21059,40.675148,-73.96041,6.926674
21060,40.674885,-73.96804,6.9390745
21061,40.680714,-73.96825,7.4569645
21062,40.67708,-73.973366,7.3784947
21063,40.67257,-73.97127,6.746066
21064,40.684338,-73.96859,7.4572415
21065,40.675804,-73.97022,6.985404
21066,40.67335,-73.97337,6.746066
21067,40.675243,-73.97334,7.1147003
21068,40.67335,-73.97337,6.746066
21069,40.681488,-73.97297,7.589941
21070,40.680904,-73.95813,7.103318
21071,40.674664,-73.9725,7.1147003
21072,40.67752,-73.95188,6.8682704
21073,40.673958,-73.9532,6.919108
21074,40.67456,-73.96777,6.9390745
21075,40.672092,-73.97183,6.746066
21076,40.676075,-73.97254,7.1147003
21077,40.680405,-73.96399,7.37882
21078,40.6758,-73.97022,6.985404
21079,40.677357,-73.97059,7.3031144
21080,40.67567,-73.97087,6.985404
21081,40.674427,-73.96854,6.985404
21082,40.67251,-73.96312,6.560214
21083,40.680878,-73.96003,7.1988435
21084,40.67521,-73.967285,6.9390745
21085,40.67889,-73.964485,7.209035
21086,40.67567,-73.97087,6.985404
21087,40.682835,-73.95191,6.7435045
21088,40.67951,-73.96743,7.209035
21089,40.67355,-73.964096,6.560214
21090,40.67886,-73.96382,7.209035
21091,40.67274,-73.965065,6.560214
21092,40.672256,-73.95099,6.72977
21093,40.67449,-73.96405,6.9390745
21094,40.67335,-73.97337,6.746066
21095,40.676365,-73.972466,7.1147003
21096,40.67886,-73.96382,7.209035
21097,40.675243,-73.96845,6.985404
21098,40.67226,-73.95099,6.72977
21099,40.676365,-73.972466,7.1147003
21100,40.680714,-73.96825,7.4569645
21101,40.67449,-73.96405,6.9390745
21102,40.67886,-73.96382,7.209035
21103,40.679893,-73.96391,7.209035
21104,40.682964,-73.96292,7.37882
21105,40.681488,-73.97297,7.589941
21106,40.67445,-73.97196,7.1147003
21107,40.68236,-73.967415,7.37882
21108,40.68305,-73.966095,7.37882
21109,40.67801,-73.96537,7.209035
21110,40.675278,-73.97141,7.1147003
21111,40.676624,-73.965256,6.9390745
21112,40.67395,-73.96264,6.9390745
21113,40.672565,-73.96419,6.560214
21114,40.67335,-73.97337,6.746066
21115,40.68069,-73.954765,6.915122
21116,40.675888,-73.95099,6.8616705
21117,40.68147,-73.97233,7.589941
21118,40.67335,-73.97337,6.746066
21119,40.682735,-73.96185,7.37882
21120,40.68004,-73.9626,7.209035
21121,40.67509,-73.95794,6.943841
21122,40.676483,-73.96892,6.985404
21123,40.67522,-73.972534,7.1147003
21124,40.672688,-73.96204,6.560214
21125,40.67522,-73.972534,7.1147003
21126,40.682964,-73.965546,7.37882
21127,40.67248,-73.960625,6.6570754
21128,40.673615,-73.9644,6.560214
21129,40.67567,-73.97087,6.985404
21130,40.67567,-73.97087,6.985404
21131,40.67671,-73.970184,6.985404
21132,40.6741,-73.9636,6.9390745
21133,40.67886,-73.96382,7.209035
21134,40.672287,-73.970955,6.604068
21135,40.673756,-73.971695,7.1147003
21136,40.675056,-73.96889,6.985404
21137,40.67671,-73.970184,6.985404
21138,40.684185,-73.957184,6.926331
21139,40.681877,-73.96417,7.37882
21140,40.673756,-73.971695,7.1147003
21141,40.67567,-73.97087,6.985404
21142,40.675148,-73.96041,6.926674
21143,40.672565,-73.96419,6.560214
21144,40.67562,-73.950264,6.8616705
21145,40.67708,-73.973366,7.3784947
21146,40.67225,-73.9631,6.560214
21147,40.672215,-73.95484,6.7108335
21148,40.674324,-73.96263,6.9390745
21149,40.674335,-73.972725,7.1147003
21150,40.67886,-73.96382,7.209035
21151,40.675243,-73.97334,7.1147003
21152,40.67509,-73.95794,6.943841
21153,40.672565,-73.96419,6.560214
21154,40.673103,-73.96635,6.560214
21155,40.67225,-73.9631,6.560214
21156,40.67471,-73.96738,6.9390745
21157,40.675278,-73.97141,7.1147003
21158,40.681488,-73.97297,7.589941
21159,40.683266,-73.97333,7.481608
21160,40.68305,-73.966095,7.37882
21161,40.67596,-73.96209,6.9390745
21162,40.6758,-73.97022,6.985404
21163,40.67308,-73.97258,6.746066
21164,40.680347,-73.944496,6.5926914
21165,40.683907,-73.936134,6.351612
21166,40.677826,-73.94872,6.818779
21167,40.676556,-73.93626,6.7124104
21168,40.674362,-73.94029,6.683707
21169,40.683174,-73.94649,6.7015295
21170,40.675545,-73.929886,6.727509
21171,40.68251,-73.939224,6.429628
21172,40.679462,-73.94214,6.6954293
21173,40.683174,-73.94649,6.7015295
21174,40.684395,-73.93586,6.351612
21175,40.673824,-73.92965,6.727509
21176,40.67837,-73.94339,6.7685876
21177,40.678375,-73.94346,6.7685876
21178,40.673717,-73.92694,6.546643
21179,40.683983,-73.93621,6.351612
21180,40.67428,-73.94551,6.7295804
21181,40.682217,-73.93772,6.429628
21182,40.672832,-73.93446,6.579065
21183,40.68272,-73.948364,6.7015295
21184,40.681416,-73.94474,6.5926914
21185,40.677322,-73.939514,6.732453
21186,40.683178,-73.94649,6.7015295
21187,40.67567,-73.97087,6.985404
21188,40.683468,-73.9505,6.6504803
21189,40.68305,-73.966095,7.37882
21190,40.673237,-73.96705,6.560214
21191,40.676132,-73.95572,6.943841
21192,40.673164,-73.96669,6.560214
21193,40.675556,-73.96925,6.985404
21194,40.683395,-73.95422,6.810934
21195,40.683804,-73.96318,7.3029957
21196,40.678356,-73.9652,7.209035
21197,40.677715,-73.96304,7.209035
21198,40.67266,-73.96472,6.560214
21199,40.672565,-73.96419,6.560214
21200,40.67509,-73.95794,6.943841
21201,40.683804,-73.96318,7.3029957
21202,40.67468,-73.96228,6.9390745
21203,40.677265,-73.97014,7.3031144
21204,40.67266,-73.96472,6.560214
21205,40.67274,-73.965065,6.560214
21206,40.682735,-73.96185,7.37882
21207,40.67266,-73.96472,6.560214
21208,40.676243,-73.95993,6.926674
21209,40.672024,-73.97269,6.746066
21210,40.6731,-73.965965,6.560214
21211,40.67266,-73.96472,6.560214
21212,40.67337,-73.971985,6.746066
21213,40.67471,-73.96738,6.9390745
21214,40.67335,-73.97337,6.746066
21215,40.677265,-73.97014,7.3031144
21216,40.676243,-73.95993,6.926674
21217,40.683662,-73.96315,7.3029957
21218,40.67337,-73.971985,6.746066
21219,40.683662,-73.96315,7.3029957
21220,40.681877,-73.96417,7.37882
21221,40.838264,-73.820496,5.8012652
21222,40.829674,-73.814896,5.886579
21223,40.840164,-73.82303,5.8679814
21224,40.841988,-73.82646,5.879923
21225,40.827873,-73.82043,5.938581
21226,40.83354,-73.81694,5.861412
21227,40.845566,-73.82652,5.879189
21228,40.841988,-73.82646,5.879923
21229,40.83402,-73.819984,5.8884788
21230,40.8298,-73.8304,6.113737
21231,40.845566,-73.82652,5.879189
21232,40.83507,-73.829506,5.9326525
21233,40.83821,-73.821915,5.8012652
21234,40.837986,-73.82904,5.8679814
21235,40.828793,-73.815155,5.886579
21236,40.845566,-73.82652,5.879189
21237,40.844585,-73.787186,5.6982985
21238,40.829155,-73.822655,5.946974
21239,40.828083,-73.811905,5.808103
21240,40.836372,-73.81874,5.7932506
21241,40.83413,-73.821594,5.8884788
21242,40.845566,-73.82652,5.879189
21243,40.836525,-73.8236,5.8561115
21244,40.844128,-73.83073,5.941274
21245,40.832314,-73.827225,5.899343
21246,40.83246,-73.815636,5.806253
21247,40.845207,-73.815506,5.728978
21248,40.83413,-73.821594,5.8884788
21249,40.839333,-73.821045,5.8012652
21250,40.835552,-73.82153,5.8241286
21251,40.848488,-73.78809,5.715383
21252,40.68251,-73.95988,7.1988435
21253,40.67886,-73.96382,7.209035
21254,40.673237,-73.96705,6.560214
21255,40.673103,-73.96635,6.560214
21256,40.67468,-73.96228,6.9390745
21257,40.6758,-73.97022,6.985404
21258,40.674335,-73.96345,6.9390745
21259,40.679794,-73.965355,7.209035
21260,40.679794,-73.965355,7.209035
21261,40.6758,-73.97022,6.985404
21262,40.672287,-73.971306,6.746066
21263,40.672405,-73.971634,6.746066
21264,40.682964,-73.965546,7.37882
21265,40.678734,-73.96423,7.209035
21266,40.676132,-73.95572,6.943841
21267,40.675056,-73.96889,6.985404
21268,40.68099,-73.95998,7.1988435
21269,40.681877,-73.96417,7.37882
21270,40.67449,-73.96405,6.9390745
21271,40.67405,-73.95041,6.8616705
21272,40.664898,-73.84944,5.572466
21273,40.665382,-73.85584,5.5577683
21274,40.65311,-73.845924,5.5739555
21275,40.66951,-73.837814,5.5730476
21276,40.668747,-73.83906,5.5971594
21277,40.669098,-73.83968,5.5971594
21278,40.664898,-73.84944,5.572466
21279,40.66704,-73.84385,5.5888977
21280,40.653164,-73.83347,5.6322536
21281,40.661552,-73.84569,5.575056
21282,40.657272,-73.85142,5.507027
21283,40.657818,-73.8463,5.5883427
21284,40.655758,-73.849655,5.507027
21285,40.66677,-73.847626,5.585432
21286,40.666412,-73.84813,5.585432
21287,40.6579,-73.85389,5.507027
21288,40.65516,-73.85156,5.507027
21289,40.66914,-73.87007,6.1416283
21290,40.671333,-73.839,5.6507306
21291,40.657795,-73.83733,5.6737103
21292,40.66831,-73.846924,5.599578
21293,40.666737,-73.85341,5.572466
21294,40.65767,-73.87704,6.1441846
21295,40.667515,-73.84736,5.599578
21296,40.66677,-73.847626,5.585432
21297,40.669273,-73.86973,6.1416283
21298,40.668842,-73.84905,5.588232
21299,40.66595,-73.84644,5.585432
21300,40.666428,-73.84582,5.585432
21301,40.65763,-73.87827,6.1441846
21302,40.657665,-73.87704,6.1441846
21303,40.658504,-73.84455,5.617294
21304,40.666412,-73.84813,5.585432
21305,40.668503,-73.839005,5.5971594
21306,40.67405,-73.95041,6.8616705
21307,40.674168,-73.97177,7.1147003
21308,40.678356,-73.9652,7.209035
21309,40.68099,-73.95998,7.1988435
21310,40.684452,-73.95492,6.810934
21311,40.6749,-73.9533,6.919108
21312,40.673122,-73.97144,6.746066
21313,40.67355,-73.964096,6.560214
21314,40.683395,-73.95422,6.810934
21315,40.68389,-73.95321,6.810934
21316,40.680714,-73.96825,7.4569645
21317,40.682735,-73.96185,7.37882
21318,40.67708,-73.973366,7.3784947
21319,40.67708,-73.973366,7.3784947
21320,40.67662,-73.969505,6.985404
21321,40.67208,-73.97173,6.746066
21322,40.67756,-73.96698,7.209035
21323,40.674168,-73.97177,7.1147003
21324,40.67443,-73.96854,6.985404
21325,40.681805,-73.95185,6.7435045
21326,40.68305,-73.966095,7.37882
21327,40.681805,-73.95185,6.7435045
21328,40.67269,-73.96345,6.560214
21329,40.674046,-73.96366,6.9390745
21330,40.67274,-73.965065,6.560214
21331,40.67376,-73.96815,6.985404
21332,40.67456,-73.96777,6.9390745
21333,40.673756,-73.971695,7.1147003
21334,40.68305,-73.966095,7.37882
21335,40.68459,-73.95014,6.6504803
21336,40.67886,-73.96382,7.209035
21337,40.67886,-73.96382,7.209035
21338,40.67756,-73.96698,7.209035
21339,40.674885,-73.96804,6.9390745
21340,40.67468,-73.96228,6.9390745
21341,40.682835,-73.95191,6.7435045
21342,40.673756,-73.971695,7.1147003
21343,40.67808,-73.96535,7.209035
21344,40.83861,-73.85652,6.894012
21345,40.839966,-73.85941,6.9113336
21346,40.83611,-73.85893,6.8188562
21347,40.84057,-73.85886,6.9113336
21348,40.84617,-73.83285,6.104829
21349,40.828762,-73.87173,6.3393826
21350,40.84763,-73.85392,6.24609
21351,40.829277,-73.85585,6.3905377
21352,40.84057,-73.85886,6.9113336
21353,40.83861,-73.85652,6.894012
21354,40.84081,-73.856445,6.894012
21355,40.837673,-73.86199,6.688159
21356,40.84043,-73.85458,6.894012
21357,40.84237,-73.86986,6.4626145
21358,40.83861,-73.85652,6.894012
21359,40.83861,-73.85652,6.894012
21360,40.840225,-73.85961,6.9113336
21361,40.83651,-73.859566,6.8188562
21362,40.84057,-73.85886,6.9113336
21363,40.843563,-73.855064,6.8597918
21364,40.8385,-73.86268,6.8576117
21365,40.837673,-73.86199,6.688159
21366,40.83722,-73.834595,6.2186284
21367,40.84057,-73.85886,6.9113336
21368,40.84057,-73.85886,6.9113336
21369,40.837673,-73.86199,6.688159
21370,40.8466,-73.85217,6.715319
21371,40.83611,-73.85893,6.8188562
21372,40.847164,-73.86092,6.715609
21373,40.831852,-73.858635,6.627881
21374,40.84057,-73.85886,6.9113336
21375,40.837673,-73.86199,6.688159
21376,40.83611,-73.85893,6.8188562
21377,40.84753,-73.83463,6.483286
21378,40.834534,-73.86068,6.627881
21379,40.84057,-73.85886,6.9113336
21380,40.836136,-73.83266,6.2186284
21381,40.83861,-73.85652,6.894012
21382,40.577885,-73.83668,5.294346
21383,40.574444,-73.86061,5.256355
21384,40.57438,-73.860695,5.256355
21385,40.60259,-73.8221,5.2247124
21386,40.57209,-73.85237,5.245187
21387,40.595913,-73.79969,5.3152575
21388,40.576023,-73.840515,5.308417
21389,40.576225,-73.84064,5.308417
21390,40.609093,-73.817894,5.2392626
21391,40.583767,-73.82411,5.506933
21392,40.57652,-73.84198,5.309371
21393,40.58897,-73.80653,5.374941
21394,40.58964,-73.79244,5.17354
21395,40.580807,-73.8511,5.303405
21396,40.606518,-73.8188,5.23655
21397,40.577286,-73.838165,5.294346
21398,40.5894,-73.807205,5.378022
21399,40.57878,-73.85682,5.2649803
21400,40.57878,-73.85682,5.2649803
21401,40.579243,-73.84713,5.303405
21402,40.600124,-73.820244,5.219802
21403,40.58639,-73.8156,5.529631
21404,40.580795,-73.85108,5.303405
21405,40.575474,-73.84216,5.2908473
21406,40.57652,-73.84198,5.309371
21407,40.577927,-73.83672,5.294346
21408,40.577576,-73.83743,5.294346
21409,40.5894,-73.807205,5.378022
21410,40.5935,-73.79502,5.215991
21411,40.584843,-73.814095,5.5316324
21412,40.57386,-73.86331,5.24844
21413,40.57459,-73.85381,5.2543
21414,40.837677,-73.86199,6.688159
21415,40.840225,-73.85961,6.9113336
21416,40.83614,-73.85951,6.8188562
21417,40.84711,-73.85299,6.715319
21418,40.832066,-73.85971,6.627881
21419,40.846977,-73.86084,6.715609
21420,40.84097,-73.84542,6.7200317
21421,40.84057,-73.85886,6.9113336
21422,40.83709,-73.86047,6.8188562
21423,40.83861,-73.85652,6.894012
21424,40.84654,-73.851456,6.715319
21425,40.83611,-73.85893,6.8188562
21426,40.83611,-73.85893,6.8188562
21427,40.84057,-73.85886,6.9113336
21428,40.83861,-73.85652,6.894012
21429,40.84057,-73.85886,6.9113336
21430,40.84057,-73.85886,6.9113336
21431,40.834248,-73.86049,6.627881
21432,40.837673,-73.86199,6.688159
21433,40.8455,-73.84648,6.444188
21434,40.83861,-73.85652,6.894012
21435,40.835968,-73.865326,6.5682206
21436,40.84762,-73.846664,6.6533933
21437,40.834248,-73.86049,6.627881
21438,40.825947,-73.85257,6.2165217
21439,40.837673,-73.86199,6.688159
21440,40.84057,-73.85886,6.9113336
21441,40.827145,-73.877594,6.63209
21442,40.83861,-73.85652,6.894012
21443,40.84326,-73.834076,6.089059
21444,40.837254,-73.865234,6.5682206
21445,40.83861,-73.85652,6.894012
21446,40.831905,-73.84935,6.7776175
21447,40.840878,-73.86192,6.8576117
21448,40.84057,-73.85886,6.9113336
21449,40.84407,-73.84771,6.551663
21450,40.832066,-73.85971,6.627881
21451,40.841007,-73.85467,6.894012
21452,40.84057,-73.85886,6.9113336
21453,40.840034,-73.85804,6.9113336
21454,40.83861,-73.85652,6.894012
21455,40.828056,-73.85381,6.2165217
21456,40.84057,-73.85886,6.9113336
21457,40.828835,-73.85947,6.3708386
21458,40.837353,-73.8585,6.8188562
21459,40.83611,-73.85893,6.8188562
21460,40.84057,-73.85886,6.9113336
21461,40.837673,-73.86199,6.688159
21462,40.84057,-73.85883,6.9113336
21463,40.84231,-73.833496,6.089059
21464,40.837673,-73.86199,6.688159
21465,40.83611,-73.85893,6.8188562
21466,40.8457,-73.86515,6.584399
21467,40.839058,-73.86007,6.9113336
21468,40.84057,-73.85886,6.9113336
21469,40.843006,-73.83325,6.089059
21470,40.83861,-73.85652,6.894012
21471,40.846455,-73.83591,6.3708615
21472,40.824783,-73.8497,6.354705
21473,40.838852,-73.85737,6.894012
21474,40.84151,-73.8551,6.8597918
21475,40.84057,-73.85886,6.9113336
21476,40.832066,-73.85971,6.627881
21477,40.836292,-73.856064,6.7145762
21478,40.828526,-73.84993,6.593783
21479,40.83635,-73.85946,6.8188562
21480,40.83611,-73.85893,6.8188562
21481,40.84088,-73.85725,6.894012
21482,40.84057,-73.85886,6.9113336
21483,40.840343,-73.8591,6.9113336
21484,40.837673,-73.86199,6.688159
21485,40.83861,-73.85652,6.894012
21486,40.83861,-73.85652,6.894012
21487,40.839962,-73.86002,6.9113336
21488,40.83861,-73.85652,6.894012
21489,40.825703,-73.874954,6.486338
21490,40.84057,-73.85886,6.9113336
21491,40.839058,-73.86007,6.9113336
21492,40.82704,-73.85811,6.200545
21493,40.839058,-73.86007,6.9113336
21494,40.84057,-73.85886,6.9113336
21495,40.836708,-73.86502,6.5682206
21496,40.61801,-73.92298,5.791784
21497,40.618984,-73.90735,5.660845
21498,40.610207,-73.90723,5.591836
21499,40.608536,-73.91195,5.6204605
21500,40.62126,-73.92489,5.7889514
21501,40.617332,-73.9055,5.660845
21502,40.606827,-73.90479,5.5135407
21503,40.61584,-73.8997,5.5585923
21504,40.614784,-73.918915,5.7638316
21505,40.614296,-73.91866,5.7638316
21506,40.61959,-73.9068,5.660845
21507,40.620815,-73.90941,5.6669445
21508,40.62114,-73.906815,5.6669445
21509,40.615242,-73.903305,5.604505
21510,40.60903,-73.91076,5.591836
21511,40.60682,-73.90655,5.545884
21512,40.61456,-73.90072,5.5585923
21513,40.61393,-73.921684,5.77974
21514,40.615944,-73.91105,5.6510334
21515,40.611065,-73.907364,5.6263676
21516,40.614265,-73.90162,5.5585923
21517,40.613888,-73.91821,5.7638316
21518,40.618153,-73.912285,5.6992273
21519,40.608017,-73.926056,5.6733575
21520,40.618496,-73.91266,5.6992273
21521,40.62122,-73.919106,5.7620044
21522,40.60992,-73.90875,5.591836
21523,40.605183,-73.91278,5.5758
21524,40.613888,-73.91821,5.7638316
21525,40.621338,-73.90628,5.6669445
21526,40.61314,-73.91039,5.6263676
21527,40.60903,-73.91076,5.591836
21528,40.617348,-73.914314,5.6992273
21529,40.613396,-73.92557,5.730127
21530,40.614124,-73.9177,5.7638316
21531,40.61817,-73.916466,5.7332425
21532,40.617535,-73.92311,5.791784
21533,40.620438,-73.92538,5.7889514
21534,40.616962,-73.90586,5.660845
21535,40.587097,-73.91906,5.4684296
21536,40.588104,-73.92332,5.4990473
21537,40.59051,-73.92336,5.5059047
21538,40.587276,-73.92586,5.5341005
21539,40.58639,-73.918816,5.4684296
21540,40.58939,-73.92172,5.5059047
21541,40.58635,-73.925446,5.5341005
21542,40.590027,-73.92541,5.539226
21543,40.586746,-73.923195,5.4990473
21544,40.586483,-73.92047,5.4684296
21545,40.58693,-73.92578,5.5341005
21546,40.587795,-73.9253,5.5341005
21547,40.58736,-73.92249,5.4990473
21548,40.588486,-73.92239,5.4990473
21549,40.588924,-73.92215,5.5059047
21550,40.58641,-73.91946,5.4684296
21551,40.58689,-73.92051,5.4684296
21552,40.587784,-73.92161,5.4990473
21553,40.58871,-73.92086,5.5059047
21554,40.66688,-73.74507,5.412459
21555,40.662434,-73.762184,6.2035213
21556,40.65855,-73.73103,5.3466454
21557,40.670662,-73.75893,5.530169
21558,40.66919,-73.7521,5.5233555
21559,40.671513,-73.73668,5.248694
21560,40.664616,-73.73232,5.189579
21561,40.6613,-73.74943,5.7518344
21562,40.652546,-73.74492,5.2769403
21563,40.664722,-73.776886,6.5536594
21564,40.659954,-73.76643,7.187157
21565,40.669724,-73.72998,5.1816034
21566,40.66382,-73.77375,6.675213
21567,40.664585,-73.75821,5.4746604
21568,40.661827,-73.75673,5.9379396
21569,40.659946,-73.738464,5.1607304
21570,40.665253,-73.75173,5.6909676
21571,40.66932,-73.76608,5.374931
21572,40.664536,-73.7438,5.3232913
21573,40.661182,-73.75713,5.9379396
21574,40.66122,-73.76037,6.2035213
21575,40.66466,-73.75594,5.6007915
21576,40.67106,-73.74356,5.288301
21577,40.65621,-73.750984,6.259241
21578,40.67105,-73.737686,5.248694
21579,40.657528,-73.73317,5.247265
21580,40.664593,-73.73777,5.2159734
21581,40.666706,-73.777405,6.5536594
21582,40.885544,-73.89595,6.3449445
21583,40.878716,-73.902336,6.4621787
21584,40.88253,-73.89506,6.344032
21585,40.87896,-73.90215,6.5150857
21586,40.88605,-73.89939,6.410884
21587,40.87428,-73.88376,6.4468994
21588,40.88253,-73.89506,6.344032
21589,40.87428,-73.88376,6.4468994
21590,40.875195,-73.886475,6.4329324
21591,40.875195,-73.886475,6.4329324
21592,40.876434,-73.885216,6.395175
21593,40.878716,-73.902336,6.4621787
21594,40.877937,-73.90057,6.441685
21595,40.882095,-73.89573,6.4283113
21596,40.876945,-73.886215,6.3914843
21597,40.87428,-73.88376,6.4468994
21598,40.88071,-73.89951,6.4695697
21599,40.885185,-73.896935,6.4283113
21600,40.878925,-73.89879,6.4695697
21601,40.880444,-73.89788,6.4104204
21602,40.878925,-73.89879,6.4695697
21603,40.879917,-73.89756,6.4104204
21604,40.883324,-73.90272,6.537196
21605,40.878925,-73.89879,6.4695697
21606,40.87771,-73.90096,6.441685
21607,40.878925,-73.89879,6.4695697
21608,40.880733,-73.89693,6.4104204
21609,40.879036,-73.89951,6.4695697
21610,40.876434,-73.885216,6.395175
21611,40.87896,-73.90215,6.5150857
21612,40.878716,-73.902336,6.4621787
21613,40.882454,-73.896706,6.4283113
21614,40.882454,-73.896706,6.4283113
21615,40.88089,-73.896935,6.4104204
21616,40.884895,-73.89614,6.4283113
21617,40.878716,-73.902336,6.4621787
21618,40.904816,-73.90579,6.2873473
21619,40.89976,-73.9085,6.189776
21620,40.909164,-73.9056,6.286585
21621,40.910534,-73.8979,6.2549086
21622,40.90591,-73.89669,6.2367167
21623,40.906563,-73.90659,6.2873473
21624,40.906563,-73.90659,6.2873473
21625,40.90821,-73.905495,6.286585
21626,40.9052,-73.9061,6.2873473
21627,40.90821,-73.905495,6.286585
21628,40.906563,-73.90659,6.2873473
21629,40.90476,-73.90761,6.2873473
21630,40.906467,-73.89671,6.2367167
21631,40.906563,-73.90659,6.2873473
21632,40.90821,-73.905495,6.286585
21633,40.90686,-73.90271,6.2926726
21634,40.90821,-73.905495,6.286585
21635,40.90821,-73.905495,6.286585
21636,40.912746,-73.90212,6.28717
21637,40.90821,-73.905495,6.286585
21638,40.903477,-73.90028,6.2315345
21639,40.903214,-73.90058,6.2315345
21640,40.909164,-73.9056,6.286585
21641,40.906467,-73.89671,6.2367167
21642,40.90492,-73.90609,6.2873473
21643,40.909164,-73.9056,6.286585
21644,40.908398,-73.89678,6.2480817
21645,40.90821,-73.905495,6.286585
21646,40.909164,-73.9056,6.286585
21647,40.909164,-73.9056,6.286585
21648,40.90341,-73.900536,6.2315345
21649,40.90692,-73.89726,6.2367167
21650,40.90585,-73.89819,6.2367167
21651,40.902325,-73.88853,6.082547
21652,40.906563,-73.90659,6.2873473
21653,40.906563,-73.90659,6.2873473
21654,40.906563,-73.90659,6.2873473
21655,40.90821,-73.905495,6.286585
21656,40.909164,-73.9056,6.286585
21657,40.90492,-73.90609,6.2873473
21658,40.904556,-73.905945,6.2873473
21659,40.71025,-73.75734,5.3710747
21660,40.710884,-73.75007,5.383583
21661,40.720806,-73.75809,5.3382454
21662,40.72116,-73.74404,5.343328
21663,40.71906,-73.76127,5.3482084
21664,40.71775,-73.74355,5.5246773
21665,40.711937,-73.76065,5.496405
21666,40.722237,-73.74517,5.343328
21667,40.710503,-73.74444,5.428177
21668,40.721504,-73.74562,5.343328
21669,40.712082,-73.75517,5.3611026
21670,40.719284,-73.75694,5.3382454
21671,40.718033,-73.76158,5.3482084
21672,40.721165,-73.75929,5.314386
21673,40.71544,-73.73989,5.520152
21674,40.72078,-73.750725,5.355719
21675,40.71417,-73.747635,5.4405446
21676,40.712612,-73.75084,5.3960032
21677,40.711224,-73.74096,5.433318
21678,40.72049,-73.759415,5.3382454
21679,40.71214,-73.74233,5.509313
21680,40.713196,-73.752365,5.3960032
21681,40.718998,-73.75458,5.341621
21682,40.716774,-73.758484,5.3693967
21683,40.721638,-73.76074,5.32633
21684,40.71915,-73.75684,5.3382454
21685,40.71203,-73.752174,5.3960032
21686,40.72118,-73.76191,5.32633
21687,40.665737,-73.952774,6.423158
21688,40.66049,-73.946236,6.3578944
21689,40.648865,-73.94496,6.2145185
21690,40.648865,-73.94496,6.2145185
21691,40.671017,-73.97312,6.746066
21692,40.65348,-73.92796,6.001184
21693,40.653828,-73.94905,6.3680553
21694,40.658504,-73.96206,6.1741304
21695,40.667248,-73.94766,6.3439264
21696,40.66174,-73.95163,6.338951
21697,40.64852,-73.9285,6.0926867
21698,40.65863,-73.959465,6.339181
21699,40.652374,-73.96181,6.3472285
21700,40.66174,-73.95163,6.338951
21701,40.648827,-73.9362,6.0368776
21702,40.660694,-73.93794,6.1056046
21703,40.656384,-73.95775,6.533883
21704,40.651142,-73.9471,6.3560195
21705,40.655994,-73.934456,6.0815387
21706,40.656384,-73.95775,6.533883
21707,40.654816,-73.95854,6.533883
21708,40.64924,-73.97193,6.2366867
21709,40.650555,-73.943054,6.2145185
21710,40.662235,-73.943634,6.2271194
21711,40.651615,-73.95663,6.554033
21712,40.66356,-73.94441,6.2271194
21713,40.669895,-73.942764,6.365388
21714,40.6524,-73.96527,6.3472285
21715,40.64734,-73.96901,6.3770623
21716,40.669895,-73.942764,6.365388
21717,40.648003,-73.96105,6.436006
21718,40.668213,-73.93422,6.394376
21719,40.65293,-73.93665,6.04728
21720,40.658325,-73.92691,6.068689
21721,40.653236,-73.944405,6.2579055
21722,40.6524,-73.96527,6.3472285
21723,40.648804,-73.93658,6.0368776
21724,40.66102,-73.95573,6.4370503
21725,40.648922,-73.94408,6.2145185
21726,40.648808,-73.94907,6.3560195
21727,40.64911,-73.960045,6.4625297
21728,40.665905,-73.931656,6.2536893
21729,40.666874,-73.960884,6.283635
21730,40.65261,-73.94534,6.2579055
21731,40.648922,-73.94408,6.2145185
21732,40.669903,-73.942894,6.3804584
21733,40.653145,-73.956474,6.5575953
21734,40.65325,-73.97306,6.185999
21735,40.669903,-73.942894,6.3804584
21736,40.652374,-73.96181,6.3472285
21737,40.65158,-73.957405,6.554033
21738,40.668125,-73.94914,6.506692
21739,40.6511,-73.93067,6.0588317
21740,40.66012,-73.935616,6.1056046
21741,40.652927,-73.955635,6.5575953
21742,40.648865,-73.94496,6.2145185
21743,40.660965,-73.94487,6.2596073
21744,40.667538,-73.960594,6.382815
21745,40.66313,-73.953735,6.362029
21746,40.652374,-73.96181,6.3472285
21747,40.652374,-73.96181,6.3472285
21748,40.648922,-73.94408,6.2145185
21749,40.667217,-73.94701,6.3439264
21750,40.66234,-73.94222,6.1911154
21751,40.665737,-73.952774,6.423158
21752,40.649227,-73.95353,6.572246
21753,40.66846,-73.93932,6.394376
21754,40.664818,-73.93529,6.22436
21755,40.660366,-73.92794,6.0718055
21756,40.6629,-73.94827,6.2764907
21757,40.665737,-73.952774,6.423158
21758,40.67112,-73.97232,6.746066
21759,40.663265,-73.943306,6.2271194
21760,40.664993,-73.926254,6.2557797
21761,40.66999,-73.88562,5.9956946
21762,40.66176,-73.90221,6.428324
21763,40.671368,-73.89607,6.7540374
21764,40.66795,-73.915825,6.102998
21765,40.65242,-73.91909,6.0917153
21766,40.669945,-73.90729,6.4625
21767,40.64761,-73.89086,6.1202707
21768,40.669216,-73.89195,6.3538194
21769,40.66098,-73.88887,6.297801
21770,40.646835,-73.89,6.1202707
21771,40.656433,-73.88004,6.1441846
21772,40.66771,-73.91774,6.154607
21773,40.661766,-73.90257,6.428324
21774,40.66422,-73.91585,6.1238036
21775,40.66715,-73.88315,6.1463976
21776,40.657135,-73.90784,6.491555
21777,40.65964,-73.90863,6.263761
21778,40.670532,-73.88198,6.1007123
21779,40.66352,-73.894455,6.3691792
21780,40.666367,-73.89276,6.4737787
21781,40.67148,-73.89063,6.4420257
21782,40.6548,-73.88379,6.0721726
21783,40.665043,-73.89923,6.6949177
21784,40.663197,-73.92607,6.203785
21785,40.653988,-73.88561,6.0721726
21786,40.6548,-73.88379,6.0721726
21787,40.66164,-73.88827,6.073926
21788,40.653774,-73.91143,6.7383113
21789,40.65233,-73.91529,6.5220923
21790,40.862427,-73.86239,6.1992054
21791,40.849407,-73.860245,6.3103027
21792,40.86044,-73.846115,5.9952803
21793,40.850502,-73.85726,6.1118584
21794,40.862003,-73.84699,5.9952803
21795,40.865726,-73.85654,6.08835
21796,40.85194,-73.84894,6.2095547
21797,40.84952,-73.86038,6.3103027
21798,40.854195,-73.86313,6.148615
21799,40.86346,-73.840126,5.97796
21800,40.86837,-73.83542,6.135899
21801,40.853138,-73.863625,6.1831245
21802,40.849373,-73.834305,6.483286
21803,40.853138,-73.863625,6.1831245
21804,40.86839,-73.86262,6.1892447
21805,40.860268,-73.869804,6.199011
21806,40.85126,-73.85127,6.2095547
21807,40.86684,-73.84399,6.0908933
21808,40.85059,-73.861176,6.1831245
21809,40.864216,-73.839195,5.97796
21810,40.86998,-73.837166,6.2189903
21811,40.852264,-73.86511,6.166795
21812,40.851166,-73.83446,6.5259995
21813,40.853138,-73.863625,6.1831245
21814,40.860268,-73.869804,6.199011
21815,40.863235,-73.85612,6.08835
21816,40.86786,-73.85229,6.1101403
21817,40.859234,-73.86907,6.1737685
21818,40.87277,-73.84852,6.0692663
21819,40.859234,-73.86907,6.1737685
21820,40.853397,-73.86532,6.166795
21821,40.853443,-73.86549,6.166795
21822,40.858727,-73.86671,6.195742
21823,40.853443,-73.86549,6.166795
21824,40.86063,-73.86341,6.1992054
21825,40.853443,-73.86549,6.166795
21826,40.855564,-73.84949,6.137648
21827,40.864197,-73.85416,6.08835
21828,40.87356,-73.843735,6.2008276
21829,40.86395,-73.86234,6.186306
21830,40.656384,-73.95775,6.533883
21831,40.671482,-73.95196,6.72977
21832,40.656384,-73.95775,6.533883
21833,40.65325,-73.97306,6.185999
21834,40.656384,-73.95775,6.533883
21835,40.653076,-73.93797,6.04728
21836,40.65265,-73.94466,6.2579055
21837,40.660824,-73.95419,6.5273547
21838,40.66248,-73.94442,6.2271194
21839,40.647217,-73.96971,6.3770623
21840,40.651,-73.92957,6.0926867
21841,40.65914,-73.95125,6.4912057
21842,40.655056,-73.92907,6.0301023
21843,40.67019,-73.93124,6.4237504
21844,40.65086,-73.931015,6.0588317
21845,40.647007,-73.93211,6.1292458
21846,40.66313,-73.953735,6.362029
21847,40.657692,-73.95617,6.533883
21848,40.648197,-73.944786,6.1225133
21849,40.648865,-73.94496,6.2145185
21850,40.653397,-73.957085,6.5575953
21851,40.666874,-73.960884,6.283635
21852,40.65265,-73.94466,6.2579055
21853,40.661484,-73.94363,6.2271194
21854,40.657692,-73.95617,6.533883
21855,40.648865,-73.94496,6.2145185
21856,40.661484,-73.94363,6.2271194
21857,40.651684,-73.95779,6.5575953
21858,40.648197,-73.944786,6.1225133
21859,40.651627,-73.95778,6.554033
21860,40.6691,-73.95823,6.488693
21861,40.66313,-73.953735,6.362029
21862,40.649826,-73.94336,6.2145185
21863,40.65078,-73.9412,6.090834
21864,40.649776,-73.93162,6.0588317
21865,40.659138,-73.94756,6.3578944
21866,40.648197,-73.944786,6.1225133
21867,40.64823,-73.94418,6.1225133
21868,40.651756,-73.95566,6.5575953
21869,40.652374,-73.96181,6.3472285
21870,40.658794,-73.962105,6.1741304
21871,40.656384,-73.95775,6.533883
21872,40.660313,-73.94389,6.2596073
21873,40.652355,-73.949425,6.5440063
21874,40.649406,-73.936165,6.0368776
21875,40.64924,-73.97193,6.2366867
21876,40.65035,-73.944405,6.2145185
21877,40.651337,-73.927734,6.0926867
21878,40.6605,-73.94681,6.3578944
21879,40.65928,-73.93443,6.1056046
21880,40.65157,-73.95777,6.554033
21881,40.669785,-73.97302,6.4428096
21882,40.65816,-73.92651,6.068689
21883,40.648197,-73.944786,6.1225133
21884,40.64942,-73.96181,6.378992
21885,40.66296,-73.93664,6.1594768
21886,40.65073,-73.92954,6.0926867
21887,40.67021,-73.935814,6.394376
21888,40.656384,-73.95775,6.533883
21889,40.66237,-73.95401,6.362029
21890,40.648445,-73.95892,6.436006
21891,40.666874,-73.960884,6.283635
21892,40.653255,-73.97306,6.185999
21893,40.647217,-73.96971,6.3770623
21894,40.651417,-73.92868,6.0926867
21895,40.667538,-73.960594,6.382815
21896,40.64823,-73.94418,6.1225133
21897,40.647217,-73.96971,6.3770623
21898,40.65158,-73.957405,6.554033
21899,40.648197,-73.944786,6.1225133
21900,40.659943,-73.962296,6.1741304
21901,40.66212,-73.9585,6.3181067
21902,40.660553,-73.94596,6.2596073
21903,40.720715,-73.771835,5.367938
21904,40.722443,-73.76302,5.335475
21905,40.71328,-73.78428,5.880614
21906,40.711216,-73.7856,6.0074234
21907,40.72123,-73.7836,5.464149
21908,40.722034,-73.76879,5.335475
21909,40.710037,-73.78099,6.309169
21910,40.72096,-73.766335,5.3576946
21911,40.71535,-73.7754,5.686661
21912,40.71656,-73.76585,5.488656
21913,40.715206,-73.76483,5.488656
21914,40.721947,-73.769966,5.3395486
21915,40.714783,-73.77304,5.686661
21916,40.717106,-73.77068,5.6111417
21917,40.716587,-73.783516,5.6496773
21918,40.718563,-73.7766,5.3963866
21919,40.715237,-73.782074,5.6496773
21920,40.713608,-73.77562,6.0747795
21921,40.713497,-73.77554,6.0214367
21922,40.722168,-73.76697,5.335475
21923,40.71231,-73.7671,5.649205
21924,40.71173,-73.77697,6.0747795
21925,40.719032,-73.774574,5.368518
21926,40.719,-73.76744,5.3576946
21927,40.71041,-73.78479,6.1479516
21928,40.715508,-73.77078,5.6111417
21929,40.709972,-73.768875,5.7903957
21930,40.717667,-73.76832,5.488656
21931,40.716995,-73.77973,5.6533194
21932,40.72119,-73.76612,5.335475
21933,40.72087,-73.76471,5.3576946
21934,40.715694,-73.77661,5.675973
21935,40.653107,-73.96356,6.3472285
21936,40.658,-73.95267,6.5273547
21937,40.66256,-73.92914,6.196942
21938,40.648865,-73.94496,6.2145185
21939,40.658794,-73.962105,6.1741304
21940,40.655228,-73.94297,6.278393
21941,40.651474,-73.940765,6.090834
21942,40.649403,-73.9618,6.378992
21943,40.653145,-73.956474,6.5575953
21944,40.661125,-73.95407,6.5273547
21945,40.651688,-73.95492,6.6148944
21946,40.6474,-73.95513,6.566782
21947,40.649113,-73.962265,6.378992
21948,40.648922,-73.94408,6.2145185
21949,40.648922,-73.94408,6.2145185
21950,40.654243,-73.95452,6.6148944
21951,40.665737,-73.952774,6.423158
21952,40.658882,-73.93245,6.0883074
21953,40.65073,-73.93407,6.0368776
21954,40.64979,-73.938675,6.0368776
21955,40.66588,-73.938324,6.22436
21956,40.648865,-73.94496,6.2145185
21957,40.648922,-73.94408,6.2145185
21958,40.648922,-73.94408,6.2145185
21959,40.661545,-73.95964,6.239517
21960,40.649406,-73.949104,6.3560195
21961,40.654846,-73.934906,6.0815387
21962,40.6518,-73.93451,6.04728
21963,40.650745,-73.957016,6.554033
21964,40.648865,-73.94496,6.2145185
21965,40.665737,-73.952774,6.423158
21966,40.67172,-73.96029,6.6570754
21967,40.661545,-73.95964,6.239517
21968,40.670624,-73.94442,6.6042414
21969,40.648197,-73.944786,6.1225133
21970,40.667538,-73.960594,6.382815
21971,40.665737,-73.952774,6.423158
21972,40.647102,-73.957794,6.5514874
21973,40.656384,-73.95775,6.533883
21974,40.67172,-73.96029,6.6570754
21975,40.657692,-73.95617,6.533883
21976,40.67197,-73.95221,6.72977
21977,40.649574,-73.927536,6.0926867
21978,40.658283,-73.94714,6.3578944
21979,40.671024,-73.972115,6.746066
21980,40.64893,-73.9603,6.4625297
21981,40.66304,-73.93544,6.1594768
21982,40.652214,-73.944244,6.2579055
21983,40.66001,-73.94423,6.2596073
21984,40.66186,-73.941986,6.1911154
21985,40.65983,-73.95866,6.339181
21986,40.65517,-73.95837,6.533883
21987,40.656384,-73.95775,6.533883
21988,40.65054,-73.94406,6.2145185
21989,40.6691,-73.95823,6.488693
21990,40.64823,-73.94418,6.1225133
21991,40.661068,-73.93952,6.1056046
21992,40.648674,-73.947136,6.3560195
21993,40.65925,-73.94771,6.3578944
21994,40.652374,-73.96181,6.3472285
21995,40.656384,-73.95775,6.533883
21996,40.65925,-73.94771,6.3578944
21997,40.652374,-73.96181,6.3472285
21998,40.64823,-73.94418,6.1225133
21999,40.64838,-73.95948,6.436006
22000,40.662376,-73.94816,6.2764907
22001,40.648487,-73.96741,6.359046
22002,40.652374,-73.96181,6.3472285
22003,40.661484,-73.94363,6.2271194
22004,40.660522,-73.95908,6.339181
22005,40.671017,-73.97312,6.746066
22006,40.657692,-73.95617,6.533883
22007,40.652374,-73.96181,6.3472285
22008,40.87845,-73.91858,6.310667
22009,40.87908,-73.91845,6.287136
22010,40.885754,-73.913956,6.348988
22011,40.877422,-73.91809,6.310667
22012,40.878128,-73.919174,6.310667
22013,40.883102,-73.92104,6.232294
22014,40.883003,-73.91113,6.4726386
22015,40.883102,-73.92104,6.232294
22016,40.885117,-73.91075,6.4726386
22017,40.885754,-73.913956,6.348988
22018,40.882572,-73.91713,6.3704305
22019,40.878246,-73.91704,6.3868427
22020,40.877396,-73.91825,6.310667
22021,40.82602,-73.92553,6.214169
22022,40.82846,-73.92057,6.4771667
22023,40.83367,-73.91254,6.7398334
22024,40.82955,-73.89353,6.7965837
22025,40.82701,-73.898384,6.795482
22026,40.825283,-73.92548,6.214169
22027,40.825478,-73.88989,6.8571043
22028,40.83412,-73.89209,6.5923605
22029,40.84114,-73.92155,6.4552875
22030,40.8261,-73.922386,6.242349
22031,40.82586,-73.92238,6.242349
22032,40.83015,-73.920135,6.4771667
22033,40.83015,-73.920135,6.4771667
22034,40.829895,-73.896996,6.817984
22035,40.83015,-73.920135,6.4771667
22036,40.829338,-73.91814,6.4771667
22037,40.82517,-73.92328,6.2781487
22038,40.833855,-73.88636,6.584511
22039,40.847534,-73.88664,6.573142
22040,40.848442,-73.90745,6.335372
22041,40.82517,-73.92328,6.2781487
22042,40.83015,-73.920135,6.4771667
22043,40.83015,-73.920135,6.4771667
22044,40.83015,-73.920135,6.4771667
22045,40.84093,-73.888794,6.482036
22046,40.829338,-73.91814,6.4771667
22047,40.841885,-73.89232,6.45813
22048,40.836613,-73.923996,6.444539
22049,40.840607,-73.88434,6.4989862
22050,40.842323,-73.92342,6.4552875
22051,40.825283,-73.92548,6.214169
22052,40.831764,-73.89559,6.7668405
22053,40.834496,-73.895134,6.6570106
22054,40.848297,-73.88453,6.4208174
22055,40.84248,-73.883064,6.442547
22056,40.825283,-73.92548,6.214169
22057,40.83015,-73.920135,6.4771667
22058,40.842167,-73.88251,6.442547
22059,40.83619,-73.92432,6.444539
22060,40.65158,-73.957405,6.554033
22061,40.671165,-73.93643,6.579065
22062,40.658,-73.95267,6.5273547
22063,40.648922,-73.94408,6.2145185
22064,40.656013,-73.95827,6.533883
22065,40.66348,-73.93688,6.1594768
22066,40.64823,-73.94418,6.1225133
22067,40.66234,-73.94222,6.1911154
22068,40.65054,-73.941536,6.090834
22069,40.653828,-73.94905,6.3680553
22070,40.67001,-73.97282,6.4428096
22071,40.66379,-73.93235,6.1580396
22072,40.648922,-73.94408,6.2145185
22073,40.64863,-73.96744,6.378992
22074,40.653828,-73.94905,6.3680553
22075,40.64823,-73.94418,6.1225133
22076,40.64863,-73.96744,6.378992
22077,40.658283,-73.94714,6.3578944
22078,40.66651,-73.94342,6.281121
22079,40.671165,-73.93643,6.579065
22080,40.654102,-73.94847,6.3680553
22081,40.655437,-73.93774,6.0815387
22082,40.654816,-73.95854,6.533883
22083,40.6715,-73.95206,6.72977
22084,40.65292,-73.93507,6.04728
22085,40.650616,-73.961525,6.4625297
22086,40.67172,-73.96029,6.6570754
22087,40.647163,-73.9633,6.359046
22088,40.65997,-73.94487,6.2596073
22089,40.66313,-73.953735,6.362029
22090,40.670097,-73.931244,6.4237504
22091,40.648247,-73.95788,6.5514874
22092,40.647163,-73.9633,6.359046
22093,40.64871,-73.969505,6.330292
22094,40.652374,-73.96181,6.3472285
22095,40.662006,-73.95107,6.338951
22096,40.658264,-73.94838,6.3578944
22097,40.64871,-73.969505,6.330292
22098,40.655533,-73.93793,6.0815387
22099,40.66756,-73.93054,6.4237504
22100,40.655533,-73.93793,6.0815387
22101,40.663315,-73.93968,6.1594768
22102,40.650806,-73.96311,6.378992
22103,40.66573,-73.95338,6.423158
22104,40.667336,-73.930954,6.2536893
22105,40.671673,-73.97145,6.746066
22106,40.650616,-73.961525,6.4625297
22107,40.651924,-73.94225,6.139766
22108,40.650616,-73.961525,6.4625297
22109,40.661404,-73.9378,6.1594768
22110,40.65538,-73.942055,6.1665306
22111,40.671898,-73.961586,6.6570754
22112,40.64924,-73.97193,6.2366867
22113,40.652374,-73.96181,6.3472285
22114,40.6506,-73.96395,6.378992
22115,40.665936,-73.9539,6.423158
22116,40.661434,-73.94467,6.2271194
22117,40.671673,-73.97145,6.746066
22118,40.652115,-73.92963,6.001184
22119,40.654823,-73.96045,6.407714
22120,40.64924,-73.97193,6.2366867
22121,40.6695,-73.95243,6.536457
22122,40.652355,-73.949425,6.5440063
22123,40.656384,-73.95775,6.533883
22124,40.652374,-73.96181,6.3472285
22125,40.661545,-73.95964,6.239517
22126,40.650616,-73.961525,6.4625297
22127,40.661575,-73.9288,6.196942
22128,40.649536,-73.93549,6.0368776
22129,40.658,-73.95267,6.5273547
22130,40.648125,-73.96439,6.359046
22131,40.67183,-73.960815,6.6570754
22132,40.658283,-73.94714,6.3578944
22133,40.668785,-73.95228,6.5472555
22134,40.659943,-73.962296,6.1741304
22135,40.652374,-73.96181,6.3472285
22136,40.6524,-73.96527,6.3472285
22137,40.665535,-73.94193,6.257639
22138,40.647976,-73.92933,6.142151
22139,40.65361,-73.9733,6.185999
22140,40.6524,-73.96527,6.3472285
22141,40.667255,-73.9609,6.283635
22142,40.665314,-73.938835,6.22436
22143,40.657604,-73.95823,6.533883
22144,40.648922,-73.94408,6.2145185
22145,40.6546,-73.93141,6.0171494
22146,40.659477,-73.9528,6.5273547
22147,40.65889,-73.955284,6.5273547
22148,40.652374,-73.96181,6.3472285
22149,40.647163,-73.9633,6.359046
22150,40.655533,-73.93793,6.0815387
22151,40.648922,-73.94408,6.2145185
22152,40.651882,-73.964134,6.3472285
22153,40.658,-73.95267,6.5273547
22154,40.648922,-73.94408,6.2145185
22155,40.66245,-73.93281,6.1580396
22156,40.67001,-73.97282,6.4428096
22157,40.666874,-73.960884,6.283635
22158,40.654587,-73.94873,6.3680553
22159,40.66348,-73.93688,6.1594768
22160,40.648922,-73.94408,6.2145185
22161,40.653397,-73.957085,6.5575953
22162,40.657314,-73.95055,6.5246763
22163,40.655254,-73.92843,6.0301023
22164,40.654102,-73.94847,6.3680553
22165,40.667255,-73.9609,6.283635
22166,40.65158,-73.957405,6.554033
22167,40.658,-73.95267,6.5273547
22168,40.671764,-73.972015,6.746066
22169,40.648922,-73.94408,6.2145185
22170,40.653618,-73.943375,6.2579055
22171,40.65158,-73.957405,6.554033
22172,40.659477,-73.9528,6.5273547
22173,40.671165,-73.93643,6.579065
22174,40.652653,-73.94435,6.2579055
22175,40.649227,-73.95353,6.572246
22176,40.65517,-73.95837,6.533883
22177,40.653397,-73.957085,6.5575953
22178,40.657787,-73.955696,6.533883
22179,40.66348,-73.93688,6.1594768
22180,40.65736,-73.949554,6.5246763
22181,40.659588,-73.955505,6.4370503
22182,40.64863,-73.96744,6.378992
22183,40.67183,-73.960815,6.6570754
22184,40.659943,-73.962296,6.1741304
22185,40.654587,-73.94873,6.3680553
22186,40.671764,-73.972015,6.746066
22187,40.66644,-73.94862,6.3439264
22188,40.658,-73.95267,6.5273547
22189,40.66379,-73.93235,6.1580396
22190,40.65158,-73.957405,6.554033
22191,40.65325,-73.97306,6.185999
22192,40.67001,-73.97282,6.4428096
22193,40.595287,-73.73899,4.9954286
22194,40.597927,-73.75506,5.1721764
22195,40.601257,-73.742836,5.103626
22196,40.598465,-73.74646,5.1318164
22197,40.60532,-73.761925,5.196533
22198,40.60166,-73.75139,5.4066415
22199,40.59915,-73.75929,5.211523
22200,40.596592,-73.758835,5.1445837
22201,40.601444,-73.74321,5.103626
22202,40.60166,-73.75139,5.4066415
22203,40.596836,-73.776955,5.2433786
22204,40.598057,-73.752,5.241496
22205,40.595,-73.75777,5.1445837
22206,40.610657,-73.769,5.0762496
22207,40.60857,-73.76866,5.085093
22208,40.624977,-73.95717,6.0059114
22209,40.627075,-73.9604,6.0781775
22210,40.62878,-73.95972,6.0781775
22211,40.628895,-73.972015,6.288401
22212,40.628384,-73.97205,6.288401
22213,40.627934,-73.95124,6.018576
22214,40.628716,-73.96064,6.0781775
22215,40.627075,-73.9604,6.0781775
22216,40.62813,-73.960526,6.0781775
22217,40.622826,-73.9545,5.88486
22218,40.62878,-73.95972,6.0781775
22219,40.624065,-73.95164,5.978317
22220,40.628716,-73.96064,6.0781775
22221,40.627937,-73.96015,6.0781775
22222,40.62729,-73.97294,6.288401
22223,40.62878,-73.95972,6.0781775
22224,40.628384,-73.97205,6.288401
22225,40.628666,-73.96423,6.118357
22226,40.62729,-73.97294,6.288401
22227,40.62878,-73.95972,6.0781775
22228,40.628384,-73.97205,6.288401
22229,40.628384,-73.97205,6.288401
22230,40.633698,-73.9527,6.1967597
22231,40.628067,-73.95323,6.073547
22232,40.633633,-73.9523,6.142957
22233,40.627525,-73.955025,6.073547
22234,40.628716,-73.96064,6.0781775
22235,40.633816,-73.95159,6.142957
22236,40.630207,-73.9698,6.258985
22237,40.62544,-73.95676,6.0059114
22238,40.623672,-73.96287,6.06412
22239,40.633816,-73.95159,6.142957
22240,40.700085,-73.735535,5.22051
22241,40.70583,-73.73113,5.178285
22242,40.72051,-73.73356,5.460693
22243,40.703136,-73.73331,5.182762
22244,40.70876,-73.73266,5.3117824
22245,40.708687,-73.72904,5.2331877
22246,40.705666,-73.73547,5.251339
22247,40.70978,-73.73647,5.383652
22248,40.703568,-73.728134,5.137368
22249,40.702446,-73.73324,5.182762
22250,40.701054,-73.73555,5.22051
22251,40.703568,-73.728134,5.137368
22252,40.703045,-73.72842,5.1587505
22253,40.70107,-73.7359,5.22051
22254,40.708004,-73.73766,5.251339
22255,40.707825,-73.73706,5.251339
22256,40.698917,-73.731064,5.1498566
22257,40.713245,-73.73546,5.482917
22258,40.71062,-73.73523,5.383652
22259,40.704205,-73.735115,5.2115064
22260,40.699657,-73.73678,5.22051
22261,40.706455,-73.72883,5.178285
22262,40.71436,-73.73019,5.355206
22263,40.711117,-73.732994,5.3117824
22264,40.70106,-73.735725,5.22051
22265,40.712547,-73.732994,5.437507
22266,40.72092,-73.73077,5.4239545
22267,40.69984,-73.73158,5.1941934
22268,40.703148,-73.732,5.182762
22269,40.71582,-73.73355,5.4806724
22270,40.72086,-73.73512,5.4867334
22271,40.70851,-73.73476,5.383652
22272,40.715473,-73.73084,5.408599
22273,40.719425,-73.73735,5.4867334
22274,40.712597,-73.73419,5.437507
22275,40.703197,-73.735146,5.2115064
22276,40.708164,-73.73292,5.2104297
22277,40.71268,-73.73436,5.437507
22278,40.709957,-73.73407,5.3117824
22279,40.707542,-73.73519,5.251339
22280,40.69757,-73.73685,5.2101426
22281,40.707905,-73.737335,5.251339
22282,40.70258,-73.737885,5.2115064
22283,40.69882,-73.7362,5.2101426
22284,40.70088,-73.72944,5.1585035
22285,40.70613,-73.73462,5.251339
22286,40.706345,-73.73498,5.251339
22287,40.69861,-73.73426,5.179627
22288,40.70739,-73.735535,5.251339
22289,40.7096,-73.73779,5.383652
22290,40.71176,-73.73266,5.437507
22291,40.7112,-73.7336,5.3117824
22292,40.698456,-73.73841,5.2101426
22293,40.70306,-73.729,5.1587505
22294,40.700356,-73.72945,5.1585035
22295,40.70322,-73.73288,5.182762
22296,40.70094,-73.733406,5.1941934
22297,40.713257,-73.7381,5.482917
22298,40.70063,-73.734406,5.1941934
22299,40.698956,-73.73035,5.1498566
22300,40.703968,-73.73032,5.1587505
22301,40.70837,-73.73067,5.178285
22302,40.70381,-73.72939,5.1587505
22303,40.70194,-73.732834,5.1941934
22304,40.715164,-73.73787,5.520152
22305,40.69824,-73.731415,5.179627
22306,40.70367,-73.72908,5.1587505
22307,40.712685,-73.73866,5.482917
22308,40.705452,-73.735245,5.251339
22309,40.715466,-73.7309,5.408599
22310,40.638767,-73.89144,5.611568
22311,40.629932,-73.92531,6.008764
22312,40.637917,-73.92182,6.219143
22313,40.633472,-73.90285,5.7095957
22314,40.63484,-73.92634,6.1518393
22315,40.63953,-73.913605,6.1211514
22316,40.62676,-73.901245,5.5787816
22317,40.641346,-73.88868,5.5993385
22318,40.64138,-73.92599,6.2659116
22319,40.633247,-73.9118,5.7855673
22320,40.630066,-73.903824,5.6596417
22321,40.63004,-73.90628,5.697303
22322,40.62676,-73.901245,5.5787816
22323,40.633247,-73.9118,5.7855673
22324,40.638016,-73.89808,5.686026
22325,40.62962,-73.923904,5.9419866
22326,40.62304,-73.913925,5.7055306
22327,40.63817,-73.92511,6.2430463
22328,40.6388,-73.89209,5.611568
22329,40.639282,-73.88638,5.5993385
22330,40.64585,-73.91867,6.5658765
22331,40.635048,-73.908134,5.7362046
22332,40.631012,-73.88766,5.536921
22333,40.6219,-73.91319,5.7055306
22334,40.645573,-73.92553,6.1386747
22335,40.624104,-73.90731,5.6344576
22336,40.62962,-73.923904,5.9419866
22337,40.639282,-73.88638,5.5993385
22338,40.63693,-73.901344,5.724897
22339,40.581715,-74.16179,5.8920927
22340,40.5928,-74.18752,6.0345044
22341,40.577896,-74.162285,5.863345
22342,40.592842,-74.1876,6.0345044
22343,40.586037,-74.19576,5.853985
22344,40.613605,-74.1637,6.062494
22345,40.614178,-74.164314,6.0657706
22346,40.595436,-74.16335,5.932911
22347,40.59745,-74.162796,5.932911
22348,40.591946,-74.18605,6.0345044
22349,40.615505,-74.167725,6.0657706
22350,40.605072,-74.161934,6.0471797
22351,40.60424,-74.1718,6.0080028
22352,40.5996,-74.167465,5.9566875
22353,40.58777,-74.16284,5.9350677
22354,40.59437,-74.18423,6.0534525
22355,40.60737,-74.167076,6.0380535
22356,40.581703,-74.16178,5.8920927
22357,40.595455,-74.16277,5.932911
22358,40.59445,-74.18377,6.0534525
22359,40.619118,-74.16547,6.0851045
22360,40.58543,-74.16271,5.9350677
22361,40.577896,-74.162285,5.863345
22362,40.621197,-74.16704,6.0962143
22363,40.592182,-74.1891,5.9258137
22364,40.589336,-74.18778,5.898423
22365,40.58854,-74.18695,5.898423
22366,40.59371,-74.18631,6.0345044
22367,40.613186,-74.16297,6.062494
22368,40.60155,-74.16405,5.987824
22369,40.613804,-74.16202,6.075745
22370,40.616608,-74.16366,6.075745
22371,40.577896,-74.162285,5.863345
22372,40.59493,-74.18321,6.1736355
22373,40.615356,-74.16582,6.0657706
22374,40.581703,-74.16178,5.8920927
22375,40.6691,-73.95823,6.488693
22376,40.65414,-73.92948,6.001184
22377,40.653145,-73.956474,6.5575953
22378,40.6628,-73.95243,6.362029
22379,40.652374,-73.96181,6.3472285
22380,40.64924,-73.97193,6.2366867
22381,40.66032,-73.94715,6.3578944
22382,40.652374,-73.96181,6.3472285
22383,40.65517,-73.95837,6.533883
22384,40.648487,-73.96741,6.359046
22385,40.651844,-73.96437,6.3472285
22386,40.667538,-73.960594,6.382815
22387,40.65542,-73.943,6.278393
22388,40.652374,-73.96181,6.3472285
22389,40.64924,-73.97193,6.2366867
22390,40.671646,-73.95281,6.7108335
22391,40.650394,-73.93247,6.0588317
22392,40.648922,-73.94408,6.2145185
22393,40.667538,-73.960594,6.382815
22394,40.648922,-73.94408,6.2145185
22395,40.648865,-73.94496,6.2145185
22396,40.656487,-73.929306,6.0301023
22397,40.656124,-73.93634,6.0815387
22398,40.67172,-73.96029,6.6570754
22399,40.654816,-73.95854,6.533883
22400,40.65856,-73.947655,6.3578944
22401,40.6524,-73.96527,6.3472285
22402,40.67095,-73.93065,6.6407766
22403,40.652824,-73.9564,6.5575953
22404,40.648922,-73.94408,6.2145185
22405,40.650394,-73.93247,6.0588317
22406,40.653606,-73.93818,6.04728
22407,40.659126,-73.96026,6.339181
22408,40.65676,-73.95163,6.5246763
22409,40.66042,-73.93793,6.1056046
22410,40.66313,-73.953735,6.362029
22411,40.663265,-73.943306,6.2271194
22412,40.651707,-73.95463,6.6148944
22413,40.873493,-73.84586,6.0998607
22414,40.869484,-73.86498,6.2408733
22415,40.873844,-73.846436,6.0998607
22416,40.853443,-73.86549,6.166795
22417,40.854877,-73.86926,6.1216474
22418,40.85533,-73.86638,6.1450887
22419,40.85157,-73.851524,6.1118584
22420,40.864323,-73.86638,6.2055864
22421,40.86714,-73.85312,6.1101403
22422,40.858433,-73.87054,6.1582227
22423,40.858727,-73.86671,6.195742
22424,40.86251,-73.852646,6.0681767
22425,40.872635,-73.84082,6.2513227
22426,40.85533,-73.86638,6.1450887
22427,40.867813,-73.854485,6.1101403
22428,40.867203,-73.843735,6.0908933
22429,40.87208,-73.8353,6.168603
22430,40.862038,-73.83772,6.033929
22431,40.862267,-73.84756,5.9952803
22432,40.85567,-73.85841,6.1195545
22433,40.8553,-73.86938,6.1216474
22434,40.85205,-73.86554,6.166795
22435,40.85205,-73.86554,6.166795
22436,40.85533,-73.86638,6.1450887
22437,40.855797,-73.86636,6.1450887
22438,40.855797,-73.86636,6.1450887
22439,40.86269,-73.86335,6.1992054
22440,40.864193,-73.86791,6.214795
22441,40.861843,-73.8457,5.9952803
22442,40.864067,-73.84013,5.97796
22443,40.859314,-73.85374,6.0516233
22444,40.850502,-73.861145,6.1831245
22445,40.873756,-73.845375,6.0998607
22446,40.849667,-73.86002,6.3103027
22447,40.86106,-73.86992,6.199011
22448,40.86742,-73.85207,6.1101403
22449,40.864193,-73.86791,6.214795
22450,40.859234,-73.86907,6.1737685
22451,40.86442,-73.846924,5.96987
22452,40.70851,-73.73459,5.383652
22453,40.70239,-73.731476,5.182762
22454,40.71187,-73.73309,5.437507
22455,40.70721,-73.73435,5.2104297
22456,40.648865,-73.94496,6.2145185
22457,40.66038,-73.954285,6.5273547
22458,40.66313,-73.953735,6.362029
22459,40.65165,-73.92712,6.0926867
22460,40.648865,-73.94496,6.2145185
22461,40.652927,-73.955635,6.5575953
22462,40.666874,-73.960884,6.283635
22463,40.648952,-73.933334,6.0588317
22464,40.649902,-73.95144,6.5055747
22465,40.65187,-73.95874,6.444415
22466,40.661983,-73.92925,6.196942
22467,40.65127,-73.94537,6.2145185
22468,40.668804,-73.93976,6.365388
22469,40.6524,-73.96527,6.3472285
22470,40.658283,-73.94714,6.3578944
22471,40.656384,-73.95775,6.533883
22472,40.650658,-73.94407,6.2145185
22473,40.64924,-73.97193,6.2366867
22474,40.667377,-73.9567,6.3634257
22475,40.663265,-73.943306,6.2271194
22476,40.652157,-73.94939,6.5440063
22477,40.658318,-73.92846,6.0718055
22478,40.656384,-73.95775,6.533883
22479,40.668407,-73.93276,6.4237504
22480,40.659313,-73.93633,6.1056046
22481,40.65523,-73.95035,6.5246763
22482,40.661217,-73.95254,6.362029
22483,40.651047,-73.95043,6.5055747
22484,40.669785,-73.97302,6.4428096
22485,40.64871,-73.969505,6.330292
22486,40.665264,-73.92885,6.266153
22487,40.671165,-73.93643,6.579065
22488,40.668125,-73.94914,6.506692
22489,40.660076,-73.92866,6.0718055
22490,40.671814,-73.972145,6.746066
22491,40.65175,-73.953835,6.6148944
22492,40.666233,-73.94497,6.281121
22493,40.669785,-73.97302,6.4428096
22494,40.6691,-73.95823,6.488693
22495,40.713295,-73.73824,5.482917
22496,40.72016,-73.73141,5.460693
22497,40.705322,-73.73119,5.178285
22498,40.705666,-73.7358,5.251339
22499,40.702507,-73.735245,5.2115064
22500,40.705254,-73.72907,5.1587505
22501,40.700928,-73.73092,5.1585035
22502,40.722176,-73.73483,5.379732
22503,40.706932,-73.73569,5.251339
22504,40.69802,-73.734566,5.2101426
22505,40.703346,-73.73726,5.2115064
22506,40.71573,-73.73717,5.520152
22507,40.715073,-73.737816,5.520152
22508,40.71612,-73.73116,5.408599
22509,40.70604,-73.73151,5.2104297
22510,40.711826,-73.73545,5.482917
22511,40.717564,-73.7385,5.520152
22512,40.700035,-73.735565,5.22051
22513,40.701183,-73.73152,5.1941934
22514,40.708084,-73.73794,5.251339
22515,40.71423,-73.73122,5.355206
22516,40.701675,-73.731544,5.1941934
22517,40.71203,-73.73374,5.437507
22518,40.702545,-73.72949,5.1587505
22519,40.70458,-73.73809,5.2115064
22520,40.70378,-73.7283,5.1587505
22521,40.72025,-73.737206,5.4867334
22522,40.706482,-73.728935,5.178285
22523,40.710564,-73.73364,5.3117824
22524,40.698917,-73.734795,5.2101426
22525,40.72025,-73.737206,5.4867334
22526,40.697666,-73.7365,5.2101426
22527,40.702824,-73.73856,5.2115064
22528,40.700123,-73.73552,5.22051
22529,40.699062,-73.73608,5.22051
22530,40.64347,-73.940636,6.0133734
22531,40.641483,-73.930954,6.1961007
22532,40.641953,-73.92876,6.254634
22533,40.63919,-73.92976,6.254634
22534,40.64574,-73.92808,6.142151
22535,40.64198,-73.94213,6.1391044
22536,40.63692,-73.94149,6.2354164
22537,40.64494,-73.94282,6.0133734
22538,40.63808,-73.94946,6.2213764
22539,40.645824,-73.94291,6.1225133
22540,40.644127,-73.938866,6.0803304
22541,40.640675,-73.941055,6.1391044
22542,40.643322,-73.93021,6.1846614
22543,40.638695,-73.94911,6.187038
22544,40.640675,-73.93571,6.1431007
22545,40.639828,-73.93251,6.1961007
22546,40.636112,-73.94187,6.2354164
22547,40.641384,-73.937515,6.1431007
22548,40.642944,-73.939415,6.0803304
22549,40.64461,-73.939,6.0803304
22550,40.645405,-73.94968,6.4905295
22551,40.64358,-73.93891,6.0803304
22552,40.641617,-73.93371,6.1431007
22553,40.63799,-73.93115,6.1885986
22554,40.64387,-73.93424,6.0803304
22555,40.63437,-73.938065,6.2052474
22556,40.643196,-73.938866,6.0803304
22557,40.64557,-73.929,6.142151
22558,40.637016,-73.94298,6.2165356
22559,40.64319,-73.941696,6.0133734
22560,40.54388,-74.212975,5.6693296
22561,40.530815,-74.191765,5.619891
22562,40.538593,-74.16623,5.7291875
22563,40.556515,-74.162735,5.748094
22564,40.686604,-73.73345,5.1362424
22565,40.68084,-73.73104,5.1216383
22566,40.69674,-73.73852,5.2101426
22567,40.679558,-73.72742,5.140875
22568,40.675484,-73.7344,5.2095757
22569,40.68415,-73.730644,5.107605
22570,40.691868,-73.73271,5.1530876
22571,40.672066,-73.7366,5.248694
22572,40.693092,-73.736786,5.1901712
22573,40.69009,-73.72942,5.128377
22574,40.68079,-73.72688,5.1047
22575,40.68505,-73.730934,5.107605
22576,40.681713,-73.73577,5.1906815
22577,40.68079,-73.72688,5.1047
22578,40.67482,-73.73831,5.2400947
22579,40.696804,-73.73015,5.1498566
22580,40.675484,-73.7344,5.2095757
22581,40.675285,-73.734886,5.2400947
22582,40.691563,-73.73088,5.128377
22583,40.67482,-73.73831,5.2400947
22584,40.694088,-73.73867,5.1901712
22585,40.69009,-73.72942,5.128377
22586,40.67563,-73.73153,5.2095757
22587,40.693092,-73.736786,5.1901712
22588,40.6802,-73.7351,5.1906815
22589,40.68908,-73.730125,5.1147933
22590,40.68761,-73.729904,5.1147933
22591,40.682804,-73.73056,5.1216383
22592,40.69387,-73.737755,5.1901712
22593,40.688316,-73.7376,5.1599407
22594,40.67683,-73.73529,5.2400947
22595,40.691013,-73.73317,5.1530876
22596,40.857788,-73.934425,6.5880923
22597,40.854897,-73.93819,6.5945444
22598,40.85314,-73.93905,6.655974
22599,40.864017,-73.92742,6.6851816
22600,40.85337,-73.93559,6.677924
22601,40.851234,-73.94011,6.655974
22602,40.85404,-73.939316,6.5945444
22603,40.85453,-73.938934,6.5945444
22604,40.85145,-73.9419,6.655974
22605,40.8569,-73.936356,6.5880923
22606,40.85348,-73.93656,6.655974
22607,40.85337,-73.93559,6.677924
22608,40.85109,-73.941505,6.655974
22609,40.8531,-73.93977,6.655974
22610,40.86787,-73.92648,6.6225834
22611,40.852757,-73.93992,6.655974
22612,40.853474,-73.93605,6.677924
22613,40.852757,-73.93992,6.655974
22614,40.8569,-73.936356,6.5880923
22615,40.859062,-73.932335,6.6446614
22616,40.85184,-73.94128,6.655974
22617,40.85938,-73.932175,6.6446614
22618,40.85314,-73.93905,6.655974
22619,40.85851,-73.93193,6.6446614
22620,40.85314,-73.93905,6.655974
22621,40.8569,-73.936356,6.5880923
22622,40.85209,-73.939735,6.655974
22623,40.851025,-73.94067,6.655974
22624,40.85891,-73.93229,6.6446614
22625,40.85026,-73.93889,6.700886
22626,40.85457,-73.93544,6.61781
22627,40.851234,-73.94011,6.655974
22628,40.8531,-73.93977,6.655974
22629,40.864017,-73.92742,6.6851816
22630,40.85775,-73.93288,6.6446614
22631,40.853474,-73.93605,6.677924
22632,40.8553,-73.93545,6.61781
22633,40.85184,-73.94128,6.655974
22634,40.85559,-73.937744,6.5945444
22635,40.863937,-73.928795,6.6851816
22636,40.852596,-73.93529,6.677924
22637,40.849705,-73.94015,6.700886
22638,40.85314,-73.93905,6.655974
22639,40.85457,-73.93544,6.61781
22640,40.859055,-73.93234,6.6446614
22641,40.8569,-73.936356,6.5880923
22642,40.863976,-73.92771,6.6851816
22643,40.849545,-73.93749,6.700886
22644,40.85509,-73.934074,6.61781
22645,40.851234,-73.94011,6.655974
22646,40.851234,-73.94011,6.655974
22647,40.853474,-73.93605,6.677924
22648,40.856445,-73.93776,6.5945444
22649,40.853317,-73.93975,6.655974
22650,40.85509,-73.934074,6.61781
22651,40.853474,-73.93605,6.677924
22652,40.864017,-73.92742,6.6851816
22653,40.856903,-73.93405,6.5880923
22654,40.864017,-73.92742,6.6851816
22655,40.864017,-73.92742,6.6851816
22656,40.851234,-73.94011,6.655974
22657,40.85559,-73.937744,6.5945444
22658,40.85314,-73.93905,6.655974
22659,40.857456,-73.93594,6.5880923
22660,40.85775,-73.93288,6.6446614
22661,40.864017,-73.92742,6.6851816
22662,40.864017,-73.92742,6.6851816
22663,40.851234,-73.94011,6.655974
22664,40.8569,-73.936356,6.5880923
22665,40.85314,-73.93905,6.655974
22666,40.85314,-73.93905,6.655974
22667,40.85314,-73.93905,6.655974
22668,40.85314,-73.93905,6.655974
22669,40.85109,-73.941505,6.655974
22670,40.8511,-73.9416,6.655974
22671,40.85107,-73.941086,6.655974
22672,40.85348,-73.93656,6.655974
22673,40.851025,-73.94067,6.655974
22674,40.86592,-73.92887,6.6851816
22675,40.858215,-73.93421,6.5880923
22676,40.8569,-73.936356,6.5880923
22677,40.84586,-73.89037,6.5602946
22678,40.83015,-73.920135,6.4771667
22679,40.829266,-73.89986,6.829386
22680,40.835575,-73.9085,6.6719174
22681,40.82612,-73.91556,6.6243377
22682,40.83015,-73.920135,6.4771667
22683,40.828854,-73.90842,6.814726
22684,40.834377,-73.91482,6.6512547
22685,40.831448,-73.89607,6.817984
22686,40.825912,-73.92522,6.214169
22687,40.839912,-73.92471,6.461766
22688,40.838066,-73.90165,7.031685
22689,40.83015,-73.920135,6.4771667
22690,40.8261,-73.922386,6.242349
22691,40.82453,-73.88928,6.884565
22692,40.82453,-73.88928,6.884565
22693,40.829338,-73.91814,6.4771667
22694,40.831974,-73.92067,6.5870943
22695,40.8484,-73.8844,6.4208174
22696,40.835064,-73.91442,6.6719174
22697,40.82376,-73.88984,6.884565
22698,40.82781,-73.89795,6.795482
22699,40.8261,-73.922386,6.242349
22700,40.83251,-73.894714,6.6570106
22701,40.82924,-73.91571,6.688433
22702,40.84714,-73.889305,6.5602946
22703,40.83015,-73.920135,6.4771667
22704,40.839016,-73.90911,6.6615458
22705,40.840588,-73.88766,6.482036
22706,40.841084,-73.88835,6.4118805
22707,40.829338,-73.91814,6.4771667
22708,40.825283,-73.92548,6.214169
22709,40.825,-73.879585,6.6451077
22710,40.829338,-73.91814,6.4771667
22711,40.846573,-73.91399,6.4102864
22712,40.846653,-73.913925,6.4102864
22713,40.82781,-73.902466,6.785307
22714,40.848145,-73.884674,6.4208174
22715,40.777317,-73.94774,6.807196
22716,40.777287,-73.947655,6.807196
22717,40.78513,-73.94797,6.691865
22718,40.7812,-73.9472,6.7310348
22719,40.775932,-73.9291,6.6053762
22720,40.776855,-73.947754,6.807196
22721,40.783604,-73.949875,6.81032
22722,40.77814,-73.94895,6.7835174
22723,40.78136,-73.94886,6.7310348
22724,40.7812,-73.9472,6.7310348
22725,40.78376,-73.94862,6.7310348
22726,40.776,-73.949684,6.982437
22727,40.781235,-73.94727,6.7310348
22728,40.77832,-73.94598,6.6413445
22729,40.779152,-73.94624,6.7835174
22730,40.776325,-73.94765,6.807196
22731,40.777058,-73.94516,6.661254
22732,40.77832,-73.94598,6.6413445
22733,40.781414,-73.94895,6.7310348
22734,40.776012,-73.947876,6.807196
22735,40.77575,-73.94584,6.661254
22736,40.783764,-73.94862,6.7310348
22737,40.777443,-73.94417,6.661254
22738,40.777058,-73.94516,6.661254
22739,40.777443,-73.94417,6.661254
22740,40.776012,-73.947876,6.807196
22741,40.776085,-73.944435,6.661254
22742,40.776,-73.949684,6.982437
22743,40.773865,-73.94657,6.832524
22744,40.777058,-73.94516,6.661254
22745,40.77575,-73.94584,6.661254
22746,40.775177,-73.94686,6.807196
22747,40.7795,-73.94901,6.7835174
22748,40.77832,-73.94598,6.6413445
22749,40.775177,-73.94686,6.807196
22750,40.77546,-73.94675,6.807196
22751,40.780277,-73.94728,6.7835174
22752,40.85775,-73.93288,6.6446614
22753,40.85314,-73.93905,6.655974
22754,40.854275,-73.935036,6.61781
22755,40.85314,-73.93905,6.655974
22756,40.856285,-73.9348,6.61781
22757,40.856285,-73.9348,6.61781
22758,40.854534,-73.938934,6.5945444
22759,40.859062,-73.932335,6.6446614
22760,40.8553,-73.93545,6.61781
22761,40.8544,-73.934906,6.61781
22762,40.85404,-73.939316,6.5945444
22763,40.85026,-73.93889,6.700886
22764,40.85453,-73.938934,6.5945444
22765,40.85163,-73.93622,6.677924
22766,40.85163,-73.93622,6.677924
22767,40.85938,-73.932175,6.6446614
22768,40.85941,-73.92901,6.6927843
22769,40.851086,-73.941505,6.655974
22770,40.8553,-73.93545,6.61781
22771,40.853317,-73.93975,6.655974
22772,40.856285,-73.9348,6.61781
22773,40.85671,-73.93754,6.5945444
22774,40.851498,-73.93643,6.677924
22775,40.851025,-73.940674,6.655974
22776,40.85671,-73.93754,6.5945444
22777,40.85314,-73.93905,6.655974
22778,40.853317,-73.93975,6.655974
22779,40.8569,-73.936356,6.5880923
22780,40.85671,-73.93754,6.5945444
22781,40.8553,-73.93545,6.61781
22782,40.853474,-73.93605,6.677924
22783,40.85348,-73.93656,6.655974
22784,40.863937,-73.928795,6.6851816
22785,40.852596,-73.93529,6.677924
22786,40.85348,-73.93656,6.655974
22787,40.85109,-73.941505,6.655974
22788,40.859062,-73.932335,6.6446614
22789,40.857044,-73.93727,6.5728264
22790,40.866825,-73.930305,6.489373
22791,40.857788,-73.934425,6.5880923
22792,40.68068,-73.76748,5.5187483
22793,40.689953,-73.77835,5.425149
22794,40.68586,-73.77597,5.406374
22795,40.695354,-73.74726,5.2481937
22796,40.68037,-73.7422,5.2277637
22797,40.678017,-73.749504,5.48631
22798,40.6947,-73.775185,5.750395
22799,40.67766,-73.74371,5.3018365
22800,40.69525,-73.7475,5.2481937
22801,40.68068,-73.76748,5.5187483
22802,40.6803,-73.742546,5.2277637
22803,40.686462,-73.75342,5.2721977
22804,40.678,-73.759926,5.6151695
22805,40.675903,-73.749466,5.505769
22806,40.67992,-73.76865,5.5098267
22807,40.684067,-73.74853,5.2447667
22808,40.69705,-73.75367,5.3114257
22809,40.69654,-73.739395,5.2101426
22810,40.67957,-73.74163,5.3018365
22811,40.630707,-73.94403,6.13832
22812,40.629833,-73.9433,6.13832
22813,40.62563,-73.94594,5.918331
22814,40.622578,-73.928566,5.7814217
22815,40.632645,-73.94214,6.183916
22816,40.633633,-73.942245,6.2521014
22817,40.628002,-73.934494,6.034723
22818,40.62981,-73.92751,6.058656
22819,40.63147,-73.94491,6.13832
22820,40.62236,-73.93274,5.7970085
22821,40.627056,-73.94656,5.999476
22822,40.628696,-73.949486,6.018576
22823,40.62542,-73.94792,5.942719
22824,40.62551,-73.94249,5.896447
22825,40.626167,-73.93401,5.8673205
22826,40.62856,-73.942215,6.0541606
22827,40.630707,-73.94403,6.13832
22828,40.62286,-73.9458,5.836279
22829,40.627037,-73.93288,5.9830394
22830,40.624584,-73.94685,5.942719
22831,40.626816,-73.94424,6.0009212
22832,40.633083,-73.94642,6.128904
22833,40.633083,-73.94642,6.128904
22834,40.629807,-73.92655,6.008764
22835,40.626728,-73.937675,6.034723
22836,40.632942,-73.944435,6.229117
22837,40.62721,-73.93945,6.034723
22838,40.630707,-73.94403,6.13832
22839,40.62309,-73.9426,5.8337626
22840,40.62769,-73.94657,5.999476
22841,40.797626,-73.948166,6.8326454
22842,40.788338,-73.9475,6.6663737
22843,40.789845,-73.948265,6.6663737
22844,40.788338,-73.9475,6.6663737
22845,40.794704,-73.9436,6.7983837
22846,40.79613,-73.934204,6.60055
22847,40.79473,-73.93507,6.60055
22848,40.79464,-73.94341,6.7983837
22849,40.79464,-73.94341,6.7983837
22850,40.789654,-73.949425,6.6469884
22851,40.79554,-73.94945,6.6971354
22852,40.79554,-73.94945,6.6971354
22853,40.78868,-73.94719,6.6663737
22854,40.790516,-73.9472,6.6663737
22855,40.795914,-73.94644,6.771577
22856,40.79473,-73.93507,6.60055
22857,40.79629,-73.949036,6.771577
22858,40.787514,-73.948044,6.6663737
22859,40.7963,-73.94659,6.771577
22860,40.787514,-73.948044,6.6663737
22861,40.789696,-73.94876,6.6663737
22862,40.793324,-73.937775,6.5077963
22863,40.7947,-73.94357,6.7983837
22864,40.787514,-73.948044,6.6663737
22865,40.785866,-73.943245,6.61644
22866,40.78868,-73.94719,6.6663737
22867,40.794544,-73.94359,6.7983837
22868,40.78868,-73.94719,6.6663737
22869,40.79473,-73.93507,6.60055
22870,40.79629,-73.949036,6.771577
22871,40.787514,-73.948044,6.6663737
22872,40.78868,-73.94719,6.6663737
22873,40.79182,-73.940636,6.626691
22874,40.79599,-73.9328,6.473988
22875,40.7921,-73.93934,6.5077963
22876,40.790516,-73.9472,6.6663737
22877,40.79599,-73.9328,6.473988
22878,40.79629,-73.949036,6.771577
22879,40.79182,-73.940636,6.626691
22880,40.792915,-73.94041,6.626691
22881,40.79357,-73.93894,6.5077963
22882,40.79006,-73.94845,6.6663737
22883,40.79006,-73.94845,6.6663737
22884,40.788338,-73.9475,6.6663737
22885,40.79554,-73.94945,6.6971354
22886,40.794704,-73.9436,6.7983837
22887,40.79741,-73.961205,6.6592197
22888,40.79741,-73.961205,6.6592197
22889,40.7975,-73.95031,6.7334137
22890,40.7975,-73.95031,6.7334137
22891,40.79741,-73.961205,6.6592197
22892,40.79701,-73.961006,6.6592197
22893,40.795013,-73.95016,6.6971354
22894,40.797924,-73.9517,6.7334137
22895,40.79812,-73.95145,6.7334137
22896,40.79701,-73.961006,6.6592197
22897,40.79701,-73.961006,6.6592197
22898,40.795013,-73.95016,6.6971354
22899,40.79701,-73.961006,6.6592197
22900,40.79701,-73.961006,6.6592197
22901,40.797234,-73.96101,6.6592197
22902,40.79701,-73.961006,6.6592197
22903,40.79701,-73.961006,6.6592197
22904,40.7975,-73.95031,6.7334137
22905,40.79795,-73.951385,6.7334137
22906,40.79795,-73.951385,6.7334137
22907,40.79795,-73.951385,6.7334137
22908,40.7975,-73.95031,6.7334137
22909,40.79751,-73.96111,6.6592197
22910,40.79741,-73.961205,6.6592197
22911,40.69431,-73.99574,7.178353
22912,40.684868,-73.98136,8.003737
22913,40.695965,-73.9936,7.0125074
22914,40.68953,-73.986465,7.5550714
22915,40.690136,-73.98311,7.4660926
22916,40.6881,-73.99551,7.360129
22917,40.687847,-73.99481,7.360129
22918,40.695553,-73.9921,7.178353
22919,40.69182,-73.99296,7.2998867
22920,40.691517,-73.9906,7.2998867
22921,40.688416,-73.978584,7.4204826
22922,40.69207,-73.98021,7.343974
22923,40.69278,-73.99336,7.178353
22924,40.69316,-73.99318,7.178353
22925,40.69182,-73.99296,7.2998867
22926,40.687996,-73.9945,7.360129
22927,40.695553,-73.9921,7.178353
22928,40.68842,-73.981415,7.6017942
22929,40.686195,-73.99501,7.4023933
22930,40.69207,-73.98021,7.343974
22931,40.692776,-73.994064,7.178353
22932,40.693424,-73.982704,7.435367
22933,40.691517,-73.9906,7.2998867
22934,40.69431,-73.99574,7.178353
22935,40.685184,-73.99003,7.78696
22936,40.693424,-73.982704,7.435367
22937,40.68683,-73.99139,7.360129
22938,40.68522,-73.9788,7.689033
22939,40.691517,-73.9906,7.2998867
22940,40.692726,-73.97843,7.404909
22941,40.691517,-73.9906,7.2998867
22942,40.691517,-73.9906,7.2998867
22943,40.694614,-73.98856,7.390665
22944,40.691776,-73.991516,7.2998867
22945,40.689766,-73.9896,7.4504037
22946,40.690136,-73.98311,7.4660926
22947,40.68491,-73.97854,7.689033
22948,40.685253,-73.97776,7.689033
22949,40.68488,-73.98065,7.689033
22950,40.69505,-73.983574,7.435367
22951,40.688953,-73.99426,7.360129
22952,40.690285,-73.99022,7.2998867
22953,40.69613,-73.99227,7.0125074
22954,40.68693,-73.983406,7.6017942
22955,40.693424,-73.982704,7.435367
22956,40.697086,-73.9945,7.0125074
22957,40.69223,-73.981346,7.4660926
22958,40.693424,-73.982704,7.435367
22959,40.68693,-73.983406,7.6017942
22960,40.697144,-73.99564,7.0125074
22961,40.696545,-73.99278,7.0125074
22962,40.691406,-73.99558,7.2998867
22963,40.688416,-73.978584,7.4204826
22964,40.688877,-73.97413,7.2790937
22965,40.69431,-73.99574,7.178353
22966,40.686123,-73.97364,7.481608
22967,40.692783,-73.97886,7.404909
22968,40.69381,-73.99451,7.178353
22969,40.688416,-73.981415,7.6017942
22970,40.686214,-73.982254,8.003737
22971,40.690304,-73.99111,7.2998867
22972,40.692474,-73.98507,7.5550714
22973,40.692448,-73.985214,7.5550714
22974,40.689445,-73.99605,7.360129
22975,40.68898,-73.99437,7.360129
22976,40.68887,-73.974266,7.2790937
22977,40.696594,-73.988396,7.283495
22978,40.687954,-73.994804,7.360129
22979,40.694405,-73.996414,7.178353
22980,40.692474,-73.98507,7.5550714
22981,40.69207,-73.98021,7.343974
22982,40.68979,-73.98496,7.5550714
22983,40.68979,-73.98496,7.5550714
22984,40.692474,-73.98507,7.5550714
22985,40.691517,-73.9906,7.2998867
22986,40.691517,-73.9906,7.2998867
22987,40.691776,-73.991516,7.2998867
22988,40.786835,-73.94988,6.7140555
22989,40.786835,-73.94988,6.7140555
22990,40.791275,-73.94867,6.6862683
22991,40.79613,-73.934204,6.60055
22992,40.79613,-73.934204,6.60055
22993,40.7921,-73.93934,6.5077963
22994,40.79473,-73.93507,6.60055
22995,40.79554,-73.94945,6.6971354
22996,40.79554,-73.94945,6.6971354
22997,40.7921,-73.93934,6.5077963
22998,40.792915,-73.94041,6.626691
22999,40.78868,-73.94719,6.6663737
23000,40.791275,-73.94867,6.6862683
23001,40.792934,-73.940506,6.626691
23002,40.79127,-73.94867,6.6862683
23003,40.78868,-73.94719,6.6663737
23004,40.7947,-73.94357,6.7983837
23005,40.789562,-73.94727,6.6663737
23006,40.79554,-73.94945,6.6971354
23007,40.7921,-73.93934,6.5077963
23008,40.79629,-73.949036,6.771577
23009,40.7947,-73.94357,6.7983837
23010,40.78868,-73.94719,6.6663737
23011,40.794704,-73.9436,6.7983837
23012,40.788338,-73.9475,6.6663737
23013,40.79554,-73.94945,6.6971354
23014,40.798126,-73.93504,6.614828
23015,40.789146,-73.94823,6.6663737
23016,40.787514,-73.948044,6.6663737
23017,40.78868,-73.94719,6.6663737
23018,40.788338,-73.9475,6.6663737
23019,40.792915,-73.94041,6.626691
23020,40.788597,-73.94117,6.523315
23021,40.789448,-73.948616,6.6663737
23022,40.788517,-73.941246,6.523315
23023,40.792934,-73.940506,6.626691
23024,40.790516,-73.9472,6.6663737
23025,40.789562,-73.941734,6.523315
23026,40.79554,-73.94945,6.6971354
23027,40.78586,-73.94299,6.61644
23028,40.790176,-73.94873,6.6663737
23029,40.79182,-73.940636,6.626691
23030,40.789562,-73.94727,6.6663737
23031,40.79554,-73.94945,6.6971354
23032,40.79182,-73.940636,6.626691
23033,40.79357,-73.93894,6.5077963
23034,40.79554,-73.94945,6.6971354
23035,40.7934,-73.94076,6.626691
23036,40.788338,-73.9475,6.6663737
23037,40.788338,-73.9475,6.6663737
23038,40.791275,-73.94867,6.6862683
23039,40.79182,-73.940636,6.626691
23040,40.79179,-73.9398,6.626691
23041,40.78868,-73.94719,6.6663737
23042,40.797626,-73.948166,6.8326454
23043,40.788338,-73.9475,6.6663737
23044,40.792282,-73.939,6.5077963
23045,40.79179,-73.9398,6.626691
23046,40.791306,-73.94855,6.6862683
23047,40.795753,-73.9333,6.473988
23048,40.795784,-73.9498,6.6971354
23049,40.79355,-73.94473,6.6930866
23050,40.787514,-73.948044,6.6663737
23051,40.790176,-73.94873,6.6663737
23052,40.788338,-73.9475,6.6663737
23053,40.79357,-73.93894,6.5077963
23054,40.7921,-73.93934,6.5077963
23055,40.78868,-73.94719,6.6663737
23056,40.79554,-73.94945,6.6971354
23057,40.795914,-73.94644,6.771577
23058,40.788338,-73.9475,6.6663737
23059,40.79554,-73.94945,6.6971354
23060,40.792915,-73.94041,6.626691
23061,40.79714,-73.93347,6.614828
23062,40.787514,-73.948044,6.6663737
23063,40.789562,-73.941734,6.523315
23064,40.788338,-73.9475,6.6663737
23065,40.792934,-73.940506,6.626691
23066,40.786007,-73.94977,6.7140555
23067,40.788338,-73.9475,6.6663737
23068,40.68506,-74.00182,6.913052
23069,40.694386,-73.99839,6.9044123
23070,40.695766,-73.997,6.9044123
23071,40.68876,-73.99848,7.085832
23072,40.692986,-73.99978,6.632648
23073,40.6953,-73.99699,6.9044123
23074,40.68491,-73.99832,7.066794
23075,40.688076,-73.99891,7.085832
23076,40.686993,-74.000496,6.829111
23077,40.68916,-73.9995,7.085832
23078,40.69502,-73.99747,6.9044123
23079,40.695766,-73.997,6.9044123
23080,40.695766,-73.997,6.9044123
23081,40.68916,-73.9995,7.085832
23082,40.695766,-73.997,6.9044123
23083,40.687553,-73.99914,7.085832
23084,40.684597,-73.9997,6.913052
23085,40.688076,-73.99891,7.085832
23086,40.689423,-74.00001,6.829111
23087,40.694386,-73.99839,6.9044123
23088,40.688076,-73.99891,7.085832
23089,40.684597,-73.9997,6.913052
23090,40.695557,-73.997795,6.9044123
23091,40.686382,-74.00174,6.829111
23092,40.692986,-73.99978,6.632648
23093,40.694386,-73.99839,6.9044123
23094,40.69235,-73.99871,7.056583
23095,40.694386,-73.99839,6.9044123
23096,40.692986,-73.99978,6.632648
23097,40.692986,-73.99978,6.632648
23098,40.694725,-73.99751,6.9044123
23099,40.69459,-73.99709,6.9044123
23100,40.694725,-73.99751,6.9044123
23101,40.68896,-73.99743,7.085832
23102,40.68506,-74.00182,6.913052
23103,40.69459,-73.99709,6.9044123
23104,40.788605,-73.97012,6.5738864
23105,40.791527,-73.96891,6.567206
23106,40.788605,-73.97012,6.5738864
23107,40.78949,-73.970894,6.5738864
23108,40.7906,-73.97341,6.616536
23109,40.791523,-73.97288,6.616536
23110,40.785686,-73.96926,6.603493
23111,40.788605,-73.97012,6.5738864
23112,40.78809,-73.96863,6.5738864
23113,40.788303,-73.97135,6.655421
23114,40.788605,-73.97012,6.5738864
23115,40.791527,-73.96891,6.567206
23116,40.78768,-73.970375,6.5738864
23117,40.791527,-73.96891,6.567206
23118,40.78768,-73.970375,6.5738864
23119,40.785774,-73.97317,6.6827683
23120,40.788303,-73.97135,6.655421
23121,40.791126,-73.97,6.567206
23122,40.788605,-73.97012,6.5738864
23123,40.78684,-73.972595,6.6827683
23124,40.790775,-73.96937,6.567206
23125,40.78925,-73.97217,6.655421
23126,40.788605,-73.97012,6.5738864
23127,40.788605,-73.97012,6.5738864
23128,40.791527,-73.96891,6.567206
23129,40.788605,-73.97012,6.5738864
23130,40.791527,-73.96891,6.567206
23131,40.78828,-73.96908,6.5738864
23132,40.609364,-73.7545,5.5171514
23133,40.59638,-73.764496,5.107954
23134,40.593678,-73.75845,5.0869875
23135,40.6087,-73.75472,5.5171514
23136,40.593536,-73.75885,5.0869875
23137,40.610176,-73.76634,5.085093
23138,40.60552,-73.74424,5.480207
23139,40.59357,-73.759056,5.0869875
23140,40.60428,-73.74782,5.3502965
23141,40.604813,-73.75984,5.196533
23142,40.609768,-73.745995,5.483049
23143,40.60428,-73.74782,5.3502965
23144,40.594986,-73.75829,5.1445837
23145,40.613136,-73.76645,5.0762496
23146,40.608837,-73.75526,5.5171514
23147,40.60615,-73.75718,5.4087873
23148,40.594967,-73.775375,5.1471777
23149,40.606575,-73.75832,5.4087873
23150,40.604267,-73.74801,5.3502965
23151,40.60261,-73.746796,5.2127595
23152,40.60428,-73.74782,5.3502965
23153,40.60308,-73.74921,5.3502965
23154,40.60585,-73.75888,5.4087873
23155,40.59537,-73.74086,4.9954286
23156,40.609802,-73.7587,5.3610907
23157,40.59953,-73.77494,5.117354
23158,40.604904,-73.74369,5.3312306
23159,40.598392,-73.77578,5.151584
23160,40.605797,-73.76571,5.196533
23161,40.603085,-73.761246,5.1920943
23162,40.606846,-73.74676,5.480207
23163,40.604324,-73.7574,5.4087873
23164,40.611126,-73.76938,5.077794
23165,40.61248,-73.76689,5.0762496
23166,40.686855,-74.00112,6.829111
23167,40.687553,-73.99914,7.085832
23168,40.692986,-73.99978,6.632648
23169,40.695766,-73.997,6.9044123
23170,40.692986,-73.99978,6.632648
23171,40.693512,-74.00018,6.632648
23172,40.694386,-73.99839,6.9044123
23173,40.694386,-73.99839,6.9044123
23174,40.69431,-73.99574,7.178353
23175,40.69583,-73.99199,7.178353
23176,40.697086,-73.9945,7.0125074
23177,40.68979,-73.98496,7.5550714
23178,40.684593,-73.99159,7.4023933
23179,40.69676,-73.99583,7.0125074
23180,40.6927,-73.97956,7.404909
23181,40.68953,-73.986465,7.5550714
23182,40.68979,-73.98496,7.5550714
23183,40.689766,-73.9896,7.4504037
23184,40.68979,-73.98496,7.5550714
23185,40.697094,-73.9879,7.283495
23186,40.69207,-73.98021,7.343974
23187,40.697094,-73.9879,7.283495
23188,40.69505,-73.983574,7.435367
23189,40.68953,-73.986465,7.5550714
23190,40.697144,-73.99564,7.0125074
23191,40.686768,-73.985085,7.647764
23192,40.69207,-73.98021,7.343974
23193,40.69278,-73.99336,7.178353
23194,40.690285,-73.99022,7.2998867
23195,40.692474,-73.98507,7.5550714
23196,40.691517,-73.9906,7.2998867
23197,40.692474,-73.98507,7.5550714
23198,40.69431,-73.99574,7.178353
23199,40.68979,-73.98496,7.5550714
23200,40.69312,-73.993416,7.178353
23201,40.69316,-73.99318,7.178353
23202,40.69291,-73.99684,6.9044123
23203,40.691517,-73.9906,7.2998867
23204,40.69555,-73.99466,7.178353
23205,40.692146,-73.97921,7.343974
23206,40.6888,-73.98864,7.5531025
23207,40.68768,-73.98533,7.647764
23208,40.692875,-73.99673,6.9044123
23209,40.68979,-73.98496,7.5550714
23210,40.693066,-73.99334,7.178353
23211,40.69613,-73.99227,7.0125074
23212,40.690136,-73.98311,7.4660926
23213,40.693066,-73.99334,7.178353
23214,40.688416,-73.978584,7.4204826
23215,40.686214,-73.982254,8.003737
23216,40.68843,-73.98104,7.6017942
23217,40.69223,-73.981346,7.4660926
23218,40.68522,-73.9788,7.689033
23219,40.697144,-73.99564,7.0125074
23220,40.68856,-73.99047,7.360129
23221,40.69431,-73.99574,7.178353
23222,40.690422,-73.990265,7.2998867
23223,40.68906,-73.99357,7.360129
23224,40.693424,-73.982704,7.435367
23225,40.68979,-73.98496,7.5550714
23226,40.69223,-73.981346,7.4660926
23227,40.68856,-73.99047,7.360129
23228,40.693985,-73.99511,7.178353
23229,40.690136,-73.98311,7.4660926
23230,40.69381,-73.99451,7.178353
23231,40.689137,-73.99457,7.360129
23232,40.69207,-73.98021,7.343974
23233,40.693424,-73.982704,7.435367
23234,40.68868,-73.97423,7.2790937
23235,40.696896,-73.9948,7.0125074
23236,40.69613,-73.99227,7.0125074
23237,40.691517,-73.9906,7.2998867
23238,40.69381,-73.99451,7.178353
23239,40.689423,-73.98809,7.5531025
23240,40.695553,-73.9921,7.178353
23241,40.697144,-73.99564,7.0125074
23242,40.696552,-73.98727,7.283495
23243,40.69337,-73.99476,7.178353
23244,40.690136,-73.98311,7.4660926
23245,40.691517,-73.9906,7.2998867
23246,40.68562,-73.99033,7.4023933
23247,40.688416,-73.978584,7.4204826
23248,40.69505,-73.983574,7.435367
23249,40.69223,-73.981346,7.4660926
23250,40.69613,-73.99227,7.0125074
23251,40.68979,-73.98496,7.5550714
23252,40.687553,-73.97398,7.2790937
23253,40.6888,-73.98864,7.5531025
23254,40.68979,-73.98496,7.5550714
23255,40.69565,-73.99369,7.178353
23256,40.687855,-73.99207,7.360129
23257,40.689766,-73.9896,7.4504037
23258,40.692783,-73.97886,7.404909
23259,40.694313,-73.99574,7.178353
23260,40.697144,-73.99564,7.0125074
23261,40.68906,-73.99357,7.360129
23262,40.69456,-73.98269,7.435367
23263,40.68979,-73.98496,7.5550714
23264,40.68906,-73.99357,7.360129
23265,40.692112,-73.97833,7.343974
23266,40.68842,-73.981415,7.6017942
23267,40.68979,-73.98496,7.5550714
23268,40.69422,-73.9961,7.178353
23269,40.69555,-73.99466,7.178353
23270,40.687855,-73.99207,7.360129
23271,40.691505,-73.99558,7.2998867
23272,40.69565,-73.99369,7.178353
23273,40.690285,-73.99022,7.2998867
23274,40.690807,-73.99001,7.4504037
23275,40.694107,-73.99568,7.178353
23276,40.69568,-73.99143,7.178353
23277,40.69712,-73.996216,7.0125074
23278,40.69422,-73.9961,7.178353
23279,40.695553,-73.9921,7.178353
23280,40.68979,-73.98496,7.5550714
23281,40.69505,-73.983574,7.435367
23282,40.68979,-73.98496,7.5550714
23283,40.69505,-73.983574,7.435367
23284,40.69165,-73.98573,7.5550714
23285,40.688416,-73.981415,7.6017942
23286,40.69712,-73.996216,7.0125074
23287,40.68979,-73.98496,7.5550714
23288,40.692474,-73.98507,7.5550714
23289,40.68842,-73.981415,7.6017942
23290,40.688416,-73.978584,7.4204826
23291,40.685883,-73.99182,7.4023933
23292,40.687847,-73.99481,7.360129
23293,40.69708,-73.99584,7.0125074
23294,40.69583,-73.99199,7.178353
23295,40.691517,-73.9906,7.2998867
23296,40.68953,-73.986465,7.5550714
23297,40.69304,-73.978516,7.404909
23298,40.697094,-73.9879,7.283495
23299,40.68942,-73.97538,7.292598
23300,40.690285,-73.99022,7.2998867
23301,40.693424,-73.982704,7.435367
23302,40.687954,-73.994804,7.360129
23303,40.68953,-73.986465,7.5550714
23304,40.6961,-73.99527,7.0125074
23305,40.69422,-73.9961,7.178353
23306,40.690807,-73.99001,7.4504037
23307,40.69505,-73.983574,7.435367
23308,40.695965,-73.9936,7.0125074
23309,40.68522,-73.9788,7.689033
23310,40.685333,-73.99042,7.4023933
23311,40.688858,-73.97463,7.292598
23312,40.69422,-73.9961,7.178353
23313,40.696594,-73.988396,7.283495
23314,40.695953,-73.99478,7.0125074
23315,40.69505,-73.983574,7.435367
23316,40.69613,-73.99227,7.0125074
23317,40.69278,-73.99336,7.178353
23318,40.6964,-73.99157,7.0125074
23319,40.689445,-73.99605,7.360129
23320,40.6888,-73.98864,7.5531025
23321,40.68522,-73.9788,7.689033
23322,40.69613,-73.99227,7.0125074
23323,40.84057,-73.85883,6.9113336
23324,40.8408,-73.85497,6.894012
23325,40.84057,-73.85886,6.9113336
23326,40.83861,-73.85652,6.894012
23327,40.84057,-73.85886,6.9113336
23328,40.825,-73.85097,6.354705
23329,40.83611,-73.85893,6.8188562
23330,40.83861,-73.85652,6.894012
23331,40.83611,-73.85893,6.8188562
23332,40.83861,-73.85652,6.894012
23333,40.83611,-73.85893,6.8188562
23334,40.8408,-73.85497,6.894012
23335,40.82902,-73.86054,6.3708386
23336,40.83611,-73.85893,6.8188562
23337,40.83611,-73.85893,6.8188562
23338,40.83611,-73.85893,6.8188562
23339,40.84057,-73.85886,6.9113336
23340,40.845608,-73.85733,6.715319
23341,40.837673,-73.86199,6.688159
23342,40.8408,-73.85497,6.894012
23343,40.839687,-73.85985,6.9113336
23344,40.83611,-73.85893,6.8188562
23345,40.836708,-73.86502,6.5682206
23346,40.837673,-73.86199,6.688159
23347,40.83611,-73.85893,6.8188562
23348,40.83861,-73.85652,6.894012
23349,40.8417,-73.84838,6.752456
23350,40.844013,-73.85044,6.752456
23351,40.836708,-73.86502,6.5682206
23352,40.830933,-73.84575,7.0879545
23353,40.84057,-73.85886,6.9113336
23354,40.8411,-73.854034,6.8597918
23355,40.82744,-73.85881,6.200545
23356,40.83255,-73.85361,6.627232
23357,40.84057,-73.85886,6.9113336
23358,40.83861,-73.85652,6.894012
23359,40.839695,-73.86003,6.9113336
23360,40.83984,-73.86165,6.8576117
23361,40.84057,-73.85886,6.9113336
23362,40.84125,-73.855606,6.8597918
23363,40.720043,-73.99679,9.550534
23364,40.717255,-73.99024,8.089156
23365,40.714645,-73.98544,6.997965
23366,40.716316,-73.991554,8.089156
23367,40.72105,-73.98352,8.174391
23368,40.713886,-73.979004,6.4845314
23369,40.715374,-73.98647,7.4922547
23370,40.710457,-73.991234,7.261815
23371,40.715057,-73.98183,7.059096
23372,40.715076,-73.99157,8.089156
23373,40.72115,-73.99341,10.248317
23374,40.719337,-73.98467,8.93461
23375,40.714645,-73.98544,6.997965
23376,40.710457,-73.991234,7.261815
23377,40.714924,-73.98757,7.888167
23378,40.719448,-73.98556,8.93461
23379,40.717255,-73.99024,8.089156
23380,40.71311,-73.97784,6.4845314
23381,40.719448,-73.98556,8.93461
23382,40.710457,-73.991234,7.261815
23383,40.7126,-73.978,6.4845314
23384,40.717564,-73.98363,7.059096
23385,40.719296,-73.98718,9.359896
23386,40.713104,-73.97922,6.4845314
23387,40.713104,-73.97922,6.4845314
23388,40.71477,-73.98055,6.4845314
23389,40.7126,-73.978,6.4845314
23390,40.710457,-73.991234,7.261815
23391,40.712917,-73.97816,6.4845314
23392,40.714325,-73.97838,6.4845314
23393,40.71477,-73.98055,6.4845314
23394,40.710457,-73.991234,7.261815
23395,40.715965,-73.98801,7.888167
23396,40.713634,-73.98928,7.3375793
23397,40.677696,-73.973816,7.3784947
23398,40.679077,-73.978195,7.7280517
23399,40.683437,-73.98037,7.689033
23400,40.675198,-73.98422,7.747414
23401,40.68203,-73.99577,7.4991794
23402,40.67961,-73.98109,7.9013476
23403,40.67501,-73.97752,7.198726
23404,40.672905,-73.986115,7.5116453
23405,40.673977,-73.97353,7.1147003
23406,40.6759,-73.98349,7.6861215
23407,40.677628,-73.976166,7.5331225
23408,40.67425,-73.985054,7.747414
23409,40.681606,-73.97354,7.589941
23410,40.672314,-73.98288,7.346835
23411,40.6813,-73.9812,8.097789
23412,40.674847,-73.98359,7.6861215
23413,40.678326,-73.97746,7.5331225
23414,40.678356,-73.99573,7.547479
23415,40.682957,-73.9811,8.097789
23416,40.677692,-73.973816,7.3784947
23417,40.683437,-73.98037,7.689033
23418,40.673737,-73.97709,6.9388747
23419,40.672905,-73.986115,7.5116453
23420,40.6728,-73.97778,7.152013
23421,40.6728,-73.97778,7.152013
23422,40.68061,-73.97827,7.870384
23423,40.672314,-73.98288,7.346835
23424,40.6728,-73.97778,7.152013
23425,40.67715,-73.97887,7.7280517
23426,40.67714,-73.9827,7.9013476
23427,40.672905,-73.986115,7.5116453
23428,40.676426,-73.97981,7.494057
23429,40.67553,-73.98311,7.6861215
23430,40.679127,-73.98063,7.7280517
23431,40.6767,-73.98266,7.6861215
23432,40.68084,-73.9801,7.870384
23433,40.680004,-73.978775,7.7280517
23434,40.680004,-73.978775,7.7280517
23435,40.674847,-73.98359,7.6861215
23436,40.67561,-73.97504,7.198726
23437,40.676426,-73.97981,7.494057
23438,40.67341,-73.97984,7.152013
23439,40.67347,-73.98343,7.346835
23440,40.68435,-73.97421,7.481608
23441,40.67444,-73.98015,7.494057
23442,40.67785,-73.99689,7.304616
23443,40.67315,-73.97998,7.152013
23444,40.680935,-73.980255,7.870384
23445,40.6832,-73.99684,7.0609703
23446,40.6826,-73.9823,8.097789
23447,40.671978,-73.98801,7.6537147
23448,40.67249,-73.97395,6.746066
23449,40.67732,-73.97932,7.7280517
23450,40.674698,-73.98324,7.6861215
23451,40.67249,-73.97395,6.746066
23452,40.684372,-73.99408,7.4023933
23453,40.683456,-73.98683,8.057852
23454,40.673992,-73.98479,7.747414
23455,40.681656,-73.980606,7.870384
23456,40.675354,-73.98406,7.747414
23457,40.67799,-73.979706,7.7280517
23458,40.67249,-73.97395,6.746066
23459,40.680202,-73.97929,7.870384
23460,40.67323,-73.97499,6.9388747
23461,40.682972,-73.99153,7.4991794
23462,40.68296,-73.9938,7.4991794
23463,40.673157,-73.97366,6.746066
23464,40.67983,-73.97533,7.5331225
23465,40.673428,-73.97871,7.152013
23466,40.67961,-73.98109,7.9013476
23467,40.672905,-73.986115,7.5116453
23468,40.683807,-73.9866,8.057852
23469,40.68281,-73.98106,8.097789
23470,40.673286,-73.9837,7.346835
23471,40.67231,-73.98637,7.5116453
23472,40.675064,-73.973495,7.1147003
23473,40.682102,-73.979,7.870384
23474,40.680645,-73.980415,7.870384
23475,40.68139,-73.97953,7.870384
23476,40.683807,-73.9866,8.057852
23477,40.673992,-73.98479,7.747414
23478,40.673763,-73.98471,7.747414
23479,40.67704,-73.97939,7.7280517
23480,40.679737,-73.97872,7.7280517
23481,40.680244,-73.979385,7.870384
23482,40.6813,-73.9812,8.097789
23483,40.681656,-73.980606,7.870384
23484,40.67983,-73.979576,7.7280517
23485,40.677902,-73.991615,7.547479
23486,40.67391,-73.976715,7.198726
23487,40.674675,-73.977455,7.198726
23488,40.67249,-73.97395,6.746066
23489,40.673157,-73.97366,6.746066
23490,40.67961,-73.98109,7.9013476
23491,40.679844,-73.976074,7.5331225
23492,40.673992,-73.98479,7.747414
23493,40.67542,-73.98059,7.494057
23494,40.67301,-73.982765,7.346835
23495,40.67542,-73.98059,7.494057
23496,40.674225,-73.98327,7.6861215
23497,40.675396,-73.98147,7.6861215
23498,40.682278,-73.99494,7.4991794
23499,40.681545,-73.99327,7.4991794
23500,40.676773,-73.98627,7.747414
23501,40.67793,-73.981674,7.9013476
23502,40.672577,-73.97605,6.9388747
23503,40.680645,-73.980415,7.870384
23504,40.684097,-73.97903,7.689033
23505,40.680645,-73.980415,7.870384
23506,40.67708,-73.98148,7.9013476
23507,40.67902,-73.98138,7.9013476
23508,40.67736,-73.979515,7.7280517
23509,40.67301,-73.982765,7.346835
23510,40.677666,-73.99536,7.547479
23511,40.68202,-73.993935,7.4991794
23512,40.678513,-73.98112,7.9013476
23513,40.68435,-73.991196,7.4023933
23514,40.678513,-73.98112,7.9013476
23515,40.67303,-73.98637,7.5116453
23516,40.67754,-73.98003,7.7280517
23517,40.682877,-73.98098,8.097789
23518,40.673737,-73.97709,6.9388747
23519,40.673656,-73.98221,7.346835
23520,40.683174,-73.97752,7.665662
23521,40.683174,-73.97752,7.665662
23522,40.672096,-73.97413,6.746066
23523,40.673656,-73.98221,7.346835
23524,40.679554,-73.991356,7.547479
23525,40.682877,-73.98098,8.097789
23526,40.672905,-73.986115,7.5116453
23527,40.672424,-73.977806,7.152013
23528,40.675194,-73.98422,7.747414
23529,40.684097,-73.97903,7.689033
23530,40.67249,-73.97395,6.746066
23531,40.67594,-73.98274,7.6861215
23532,40.681656,-73.980606,7.870384
23533,40.68307,-73.99371,7.4991794
23534,40.681393,-73.97824,7.870384
23535,40.68435,-73.991196,7.4023933
23536,40.67431,-73.97652,7.198726
23537,40.68435,-73.991196,7.4023933
23538,40.67249,-73.97395,6.746066
23539,40.674675,-73.977455,7.198726
23540,40.673332,-73.982414,7.346835
23541,40.678394,-73.97844,7.7280517
23542,40.67714,-73.9827,7.9013476
23543,40.67793,-73.981674,7.9013476
23544,40.673725,-73.98463,7.5116453
23545,40.683563,-73.97967,7.689033
23546,40.672955,-73.9787,7.152013
23547,40.682945,-73.97808,7.870384
23548,40.674202,-73.98392,7.747414
23549,40.67793,-73.981674,7.9013476
23550,40.673134,-73.982666,7.346835
23551,40.68296,-73.9938,7.4991794
23552,40.674675,-73.977455,7.198726
23553,40.672153,-73.98762,7.6537147
23554,40.672905,-73.986115,7.5116453
23555,40.677315,-73.98132,7.9013476
23556,40.672955,-73.9787,7.152013
23557,40.684093,-73.97903,7.689033
23558,40.680645,-73.980415,7.870384
23559,40.677,-73.9828,7.9013476
23560,40.677822,-73.99583,7.547479
23561,40.67425,-73.985054,7.747414
23562,40.672424,-73.977806,7.152013
23563,40.68139,-73.97953,7.870384
23564,40.674675,-73.977455,7.198726
23565,40.6733,-73.97845,7.152013
23566,40.678635,-73.996376,7.547479
23567,40.674606,-73.98055,7.494057
23568,40.68209,-73.99158,7.4991794
23569,40.673737,-73.97709,6.9388747
23570,40.67301,-73.982765,7.346835
23571,40.676395,-73.97973,7.494057
23572,40.674606,-73.98055,7.494057
23573,40.681736,-73.97616,7.665662
23574,40.67301,-73.982765,7.346835
23575,40.676395,-73.97973,7.494057
23576,40.680645,-73.980415,7.870384
23577,40.679325,-73.97499,7.5331225
23578,40.673534,-73.98357,7.346835
23579,40.677097,-73.98077,7.9013476
23580,40.682865,-73.99437,7.4991794
23581,40.677364,-73.97812,7.7280517
23582,40.67765,-73.97451,7.5331225
23583,40.677208,-73.97461,7.5331225
23584,40.674606,-73.98055,7.494057
23585,40.67431,-73.97652,7.198726
23586,40.675064,-73.973495,7.1147003
23587,40.6813,-73.9812,8.097789
23588,40.68209,-73.99158,7.4991794
23589,40.68102,-73.9785,7.870384
23590,40.68061,-73.97827,7.870384
23591,40.677254,-73.98116,7.9013476
23592,40.681107,-73.976685,7.665662
23593,40.68155,-73.97885,7.870384
23594,40.67425,-73.985054,7.747414
23595,40.677425,-73.974014,7.3784947
23596,40.672096,-73.97413,6.746066
23597,40.680645,-73.980415,7.870384
23598,40.6728,-73.97778,7.152013
23599,40.680573,-73.98045,7.870384
23600,40.673237,-73.97498,6.9388747
23601,40.678093,-73.993744,7.547479
23602,40.708015,-74.00591,7.9449997
23603,40.708916,-74.001724,8.030478
23604,40.708614,-74.00348,8.316318
23605,40.708614,-74.00348,8.316318
23606,40.706,-74.00727,8.014722
23607,40.70659,-74.00817,8.014722
23608,40.709522,-74.00243,8.030478
23609,40.708916,-74.001724,8.030478
23610,40.708916,-74.001724,8.030478
23611,40.709034,-74.004684,8.316318
23612,40.706837,-74.00832,8.014722
23613,40.706837,-74.00832,8.014722
23614,40.70517,-74.008484,7.5940347
23615,40.709755,-74.0085,8.437635
23616,40.709522,-74.00243,8.030478
23617,40.709034,-74.004684,8.316318
23618,40.708664,-74.003006,8.316318
23619,40.709755,-74.0085,8.437635
23620,40.709526,-74.00243,8.030478
23621,40.70659,-74.00817,8.014722
23622,40.708015,-74.00591,7.9449997
23623,40.70939,-74.00806,8.437635
23624,40.708015,-74.00591,7.9449997
23625,40.705215,-74.00853,7.5940347
23626,40.705185,-74.00789,7.5940347
23627,40.709034,-74.004684,8.316318
23628,40.70808,-74.00747,8.014722
23629,40.70828,-74.00683,8.014722
23630,40.705185,-74.00789,7.5940347
23631,40.706913,-74.008575,8.014722
23632,40.705215,-74.00853,7.5940347
23633,40.706837,-74.00832,8.014722
23634,40.709034,-74.004684,8.316318
23635,40.70974,-74.00662,8.437635
23636,40.708916,-74.001724,8.030478
23637,40.706837,-74.00832,8.014722
23638,40.708508,-74.00105,8.030478
23639,40.705185,-74.00789,7.5940347
23640,40.708015,-74.00591,7.9449997
23641,40.708508,-74.00105,8.030478
23642,40.705776,-74.00724,8.014722
23643,40.705185,-74.00789,7.5940347
23644,40.705193,-74.007904,7.5940347
23645,40.705776,-74.00724,8.014722
23646,40.7088,-74.00371,8.316318
23647,40.705185,-74.00789,7.5940347
23648,40.709034,-74.004684,8.316318
23649,40.705776,-74.00724,8.014722
23650,40.709034,-74.004684,8.316318
23651,40.705776,-74.00724,8.014722
23652,40.705185,-74.00789,7.5940347
23653,40.705776,-74.00724,8.014722
23654,40.70904,-74.0017,8.030478
23655,40.705185,-74.00789,7.5940347
23656,40.709034,-74.004684,8.316318
23657,40.705776,-74.00724,8.014722
23658,40.705185,-74.00789,7.5940347
23659,40.705185,-74.00789,7.5940347
23660,40.705776,-74.00724,8.014722
23661,40.708015,-74.00591,7.9449997
23662,40.706837,-74.00832,8.014722
23663,40.708824,-74.00395,8.316318
23664,40.708015,-74.00591,7.9449997
23665,40.709522,-74.00243,8.030478
23666,40.706837,-74.00832,8.014722
23667,40.708015,-74.00591,7.9449997
23668,40.70808,-74.00747,8.014722
23669,40.705776,-74.00724,8.014722
23670,40.706837,-74.00832,8.014722
23671,40.708923,-74.0032,8.316318
23672,40.708015,-74.00591,7.9449997
23673,40.708614,-74.00348,8.316318
23674,40.708614,-74.00348,8.316318
23675,40.705193,-74.007904,7.5940347
23676,40.706837,-74.00832,8.014722
23677,40.709034,-74.004684,8.316318
23678,40.708614,-74.00348,8.316318
23679,40.70974,-74.00662,8.437635
23680,40.708614,-74.00348,8.316318
23681,40.70974,-74.00662,8.437635
23682,40.706837,-74.00833,8.014722
23683,40.82271,-73.94273,6.8184943
23684,40.705185,-74.00789,7.5940347
23685,40.70974,-74.00662,8.437635
23686,40.708015,-74.00591,7.9449997
23687,40.705185,-74.00789,7.5940347
23688,40.706837,-74.00832,8.014722
23689,40.705185,-74.00789,7.5940347
23690,40.705185,-74.00789,7.5940347
23691,40.709522,-74.00243,8.030478
23692,40.70828,-74.00683,8.014722
23693,40.709526,-74.00243,8.030478
23694,40.706837,-74.00832,8.014722
23695,40.708015,-74.00591,7.9449997
23696,40.705185,-74.00789,7.5940347
23697,40.705776,-74.00724,8.014722
23698,40.708015,-74.00591,7.9449997
23699,40.709522,-74.00243,8.030478
23700,40.708923,-74.0032,8.316318
23701,40.709526,-74.00243,8.030478
23702,40.708916,-74.001724,8.030478
23703,40.705776,-74.00724,8.014722
23704,40.708015,-74.00591,7.9449997
23705,40.709522,-74.00243,8.030478
23706,40.709522,-74.00243,8.030478
23707,40.708824,-74.00395,8.316318
23708,40.709526,-74.00243,8.030478
23709,40.708015,-74.00591,7.9449997
23710,40.705185,-74.00789,7.5940347
23711,40.70808,-74.00747,8.014722
23712,40.705185,-74.00789,7.5940347
23713,40.708015,-74.00591,7.9449997
23714,40.708015,-74.00591,7.9449997
23715,40.709553,-74.00685,8.437635
23716,40.70911,-74.00635,8.437635
23717,40.708614,-74.00348,8.316318
23718,40.705185,-74.00789,7.5940347
23719,40.708015,-74.00591,7.9449997
23720,40.705185,-74.00789,7.5940347
23721,40.705185,-74.00789,7.5940347
23722,40.708015,-74.00591,7.9449997
23723,40.709526,-74.00243,8.030478
23724,40.70974,-74.00662,8.437635
23725,40.708015,-74.00591,7.9449997
23726,40.70517,-74.008484,7.5940347
23727,40.709522,-74.00243,8.030478
23728,40.70911,-74.00635,8.437635
23729,40.708664,-74.003006,8.316318
23730,40.709755,-74.0085,8.437635
23731,40.70854,-74.00098,8.030478
23732,40.708614,-74.00348,8.316318
23733,40.70925,-74.00361,8.316318
23734,40.70517,-74.008484,7.5940347
23735,40.70517,-74.008484,7.5940347
23736,40.70854,-74.00098,8.030478
23737,40.70763,-74.00281,7.684422
23738,40.708923,-74.0032,8.316318
23739,40.708614,-74.00348,8.316318
23740,40.706852,-74.00848,8.014722
23741,40.708614,-74.00348,8.316318
23742,40.70808,-74.00747,8.014722
23743,40.70808,-74.00747,8.014722
23744,40.709007,-74.00727,8.437635
23745,40.70828,-74.00683,8.014722
23746,40.709034,-74.004684,8.316318
23747,40.705185,-74.00789,7.5940347
23748,40.70828,-74.00683,8.014722
23749,40.70925,-74.00361,8.316318
23750,40.708015,-74.00591,7.9449997
23751,40.705185,-74.00789,7.5940347
23752,40.709034,-74.004684,8.316318
23753,40.70592,-74.010765,7.9822946
23754,40.709194,-74.017975,7.701584
23755,40.706116,-74.011734,7.9822946
23756,40.705,-74.00962,7.54511
23757,40.708103,-74.016975,7.5398207
23758,40.709194,-74.017975,7.701584
23759,40.706116,-74.011734,7.9822946
23760,40.70779,-74.013885,7.7665434
23761,40.705566,-74.0174,7.5398207
23762,40.70768,-74.00998,7.9822946
23763,40.706116,-74.011734,7.9822946
23764,40.70969,-74.017235,7.701584
23765,40.70592,-74.010765,7.9822946
23766,40.708374,-74.01679,7.5398207
23767,40.70768,-74.00998,7.9822946
23768,40.70773,-74.009735,7.9822946
23769,40.708828,-74.01657,7.701584
23770,40.678055,-73.97375,7.3784947
23771,40.67227,-73.98006,7.152013
23772,40.67785,-73.99689,7.304616
23773,40.682022,-73.99643,7.4991794
23774,40.679382,-73.976875,7.5331225
23775,40.677105,-73.99194,7.547479
23776,40.673977,-73.97353,7.1147003
23777,40.680004,-73.978775,7.7280517
23778,40.67341,-73.97984,7.152013
23779,40.679077,-73.978195,7.7280517
23780,40.674675,-73.977455,7.198726
23781,40.683483,-73.97947,7.689033
23782,40.680645,-73.980415,7.870384
23783,40.68354,-73.984985,8.057852
23784,40.680202,-73.97929,7.870384
23785,40.68061,-73.97827,7.870384
23786,40.677105,-73.99194,7.547479
23787,40.683456,-73.98683,8.057852
23788,40.682022,-73.99643,7.4991794
23789,40.683437,-73.98037,7.689033
23790,40.672096,-73.97413,6.746066
23791,40.673656,-73.98221,7.346835
23792,40.6844,-73.97374,7.481608
23793,40.673992,-73.98479,7.747414
23794,40.673157,-73.97366,6.746066
23795,40.672096,-73.97413,6.746066
23796,40.674698,-73.98324,7.6861215
23797,40.67341,-73.97984,7.152013
23798,40.684093,-73.97903,7.689033
23799,40.679844,-73.976074,7.5331225
23800,40.673878,-73.97873,7.494057
23801,40.673157,-73.97366,6.746066
23802,40.684357,-73.98997,7.78696
23803,40.677258,-73.97913,7.7280517
23804,40.682022,-73.99643,7.4991794
23805,40.680645,-73.980415,7.870384
23806,40.6728,-73.97778,7.152013
23807,40.677223,-73.97905,7.7280517
23808,40.674698,-73.98324,7.6861215
23809,40.79875,-73.96941,6.572354
23810,40.799683,-73.9702,6.572354
23811,40.803818,-73.95631,6.823284
23812,40.802814,-73.96672,6.660224
23813,40.801228,-73.95922,6.7251825
23814,40.80079,-73.95877,6.7251825
23815,40.806465,-73.9509,6.890241
23816,40.80553,-73.96732,6.688691
23817,40.798855,-73.97243,6.5548234
23818,40.805923,-73.954506,6.837829
23819,40.80142,-73.95908,6.7251825
23820,40.80912,-73.95147,6.890241
23821,40.80205,-73.95049,6.7828245
23822,40.798855,-73.97243,6.5548234
23823,40.804565,-73.96424,6.688691
23824,40.800545,-73.95921,6.7251825
23825,40.80813,-73.9533,6.879491
23826,40.80122,-73.9707,6.5926275
23827,40.80288,-73.9672,6.660224
23828,40.79901,-73.97069,6.572354
23829,40.802395,-73.96964,6.5926275
23830,40.79938,-73.96947,6.572354
23831,40.80122,-73.9707,6.5926275
23832,40.79899,-73.969635,6.572354
23833,40.798172,-73.97158,6.5548234
23834,40.80369,-73.96769,6.688691
23835,40.809143,-73.95523,6.879491
23836,40.801086,-73.95846,6.7661505
23837,40.802395,-73.96964,6.5926275
23838,40.806465,-73.9509,6.890241
23839,40.80369,-73.96769,6.688691
23840,40.80999,-73.958336,6.818487
23841,40.798855,-73.97243,6.5548234
23842,40.809143,-73.95523,6.879491
23843,40.80616,-73.966064,6.688691
23844,40.809143,-73.95523,6.879491
23845,40.806465,-73.9509,6.890241
23846,40.807297,-73.964874,6.6768236
23847,40.80097,-73.96881,6.5926275
23848,40.803097,-73.9648,6.660224
23849,40.80066,-73.96969,6.5926275
23850,40.80529,-73.967094,6.688691
23851,40.8073,-73.96666,6.6768236
23852,40.805206,-73.9669,6.688691
23853,40.798702,-73.960014,6.6592197
23854,40.804237,-73.96759,6.688691
23855,40.807575,-73.96636,6.6768236
23856,40.798946,-73.96758,6.6102734
23857,40.808773,-73.9533,6.879491
23858,40.80553,-73.96732,6.688691
23859,40.807575,-73.96636,6.6768236
23860,40.798515,-73.95174,6.7334137
23861,40.80079,-73.97086,6.5926275
23862,40.800697,-73.95916,6.7251825
23863,40.804424,-73.96738,6.688691
23864,40.80713,-73.965576,6.6768236
23865,40.804092,-73.96689,6.688691
23866,40.80002,-73.97013,6.5926275
23867,40.798744,-73.97217,6.5548234
23868,40.802395,-73.96964,6.5926275
23869,40.804848,-73.96687,6.688691
23870,40.799816,-73.97082,6.572354
23871,40.80002,-73.97013,6.5926275
23872,40.808773,-73.9533,6.879491
23873,40.810745,-73.95347,6.922281
23874,40.80553,-73.96732,6.688691
23875,40.807297,-73.964874,6.6768236
23876,40.798576,-73.96185,6.6102734
23877,40.80553,-73.96732,6.688691
23878,40.805016,-73.95247,6.837829
23879,40.8026,-73.96654,6.660224
23880,40.804237,-73.96759,6.688691
23881,40.801376,-73.969444,6.5926275
23882,40.800697,-73.95916,6.7251825
23883,40.803177,-73.96433,6.688691
23884,40.80288,-73.9672,6.660224
23885,40.80553,-73.96732,6.688691
23886,40.802315,-73.964745,6.660224
23887,40.799767,-73.968735,6.572354
23888,40.808426,-73.95301,6.879491
23889,40.803097,-73.964806,6.660224
23890,40.801777,-73.965096,6.660224
23891,40.80066,-73.96969,6.5926275
23892,40.801376,-73.969444,6.5926275
23893,40.801376,-73.96945,6.5926275
23894,40.80063,-73.95178,6.7828245
23895,40.800426,-73.97106,6.5926275
23896,40.79902,-73.959984,6.6592197
23897,40.801777,-73.965096,6.660224
23898,40.803177,-73.96433,6.688691
23899,40.799683,-73.9702,6.572354
23900,40.80122,-73.9707,6.5926275
23901,40.80529,-73.967094,6.688691
23902,40.802986,-73.96599,6.660224
23903,40.80398,-73.965546,6.688691
23904,40.80079,-73.95877,6.7251825
23905,40.80079,-73.95877,6.7251825
23906,40.80079,-73.97086,6.5926275
23907,40.804237,-73.96759,6.688691
23908,40.80122,-73.9707,6.5926275
23909,40.80475,-73.96548,6.688691
23910,40.803806,-73.965096,6.688691
23911,40.80004,-73.959366,6.7251825
23912,40.800426,-73.97106,6.5926275
23913,40.800182,-73.97052,6.5926275
23914,40.803097,-73.964806,6.660224
23915,40.800426,-73.97106,6.5926275
23916,40.804848,-73.96687,6.688691
23917,40.80247,-73.96903,6.5926275
23918,40.80398,-73.965546,6.688691
23919,40.79875,-73.96941,6.572354
23920,40.807297,-73.964874,6.6768236
23921,40.800808,-73.95377,6.7638707
23922,40.798855,-73.97243,6.5548234
23923,40.801888,-73.953995,6.7638707
23924,40.801636,-73.95418,6.7638707
23925,40.804237,-73.96759,6.688691
23926,40.800426,-73.97106,6.5926275
23927,40.798172,-73.97158,6.5548234
23928,40.80892,-73.95361,6.879491
23929,40.803097,-73.964806,6.660224
23930,40.7991,-73.95388,6.6934443
23931,40.79935,-73.97216,6.5548234
23932,40.79875,-73.96941,6.572354
23933,40.804607,-73.95739,6.823284
23934,40.79938,-73.96947,6.572354
23935,40.799763,-73.97149,6.5548234
23936,40.79875,-73.96941,6.572354
23937,40.804203,-73.96816,6.595505
23938,40.799435,-73.95529,6.6934443
23939,40.804203,-73.96816,6.595505
23940,40.807575,-73.96636,6.6768236
23941,40.80004,-73.959366,6.7251825
23942,40.801697,-73.96745,6.660224
23943,40.79899,-73.95102,6.7334137
23944,40.800842,-73.95746,6.7661505
23945,40.803177,-73.96433,6.688691
23946,40.801086,-73.95846,6.7661505
23947,40.79875,-73.96941,6.572354
23948,40.80398,-73.965546,6.688691
23949,40.80002,-73.96934,6.5926275
23950,40.807575,-73.96636,6.6768236
23951,40.809315,-73.95265,6.879491
23952,40.803097,-73.964806,6.660224
23953,40.80004,-73.959366,6.7251825
23954,40.806164,-73.9545,6.837829
23955,40.7991,-73.95388,6.6934443
23956,40.800568,-73.97065,6.5926275
23957,40.799442,-73.96979,6.572354
23958,40.804565,-73.96424,6.688691
23959,40.80912,-73.95147,6.890241
23960,40.80527,-73.952255,6.8373957
23961,40.80142,-73.95908,6.7251825
23962,40.806465,-73.9509,6.890241
23963,40.8073,-73.96666,6.6768236
23964,40.80002,-73.96934,6.5926275
23965,40.798576,-73.96185,6.6102734
23966,40.810745,-73.95347,6.922281
23967,40.810654,-73.95833,6.818487
23968,40.801376,-73.969444,6.5926275
23969,40.807297,-73.964874,6.6768236
23970,40.80713,-73.965576,6.6768236
23971,40.800056,-73.96861,6.5926275
23972,40.80205,-73.95049,6.7828245
23973,40.801888,-73.9568,6.7661505
23974,40.79871,-73.96787,6.6102734
23975,40.801636,-73.95418,6.7638707
23976,40.79973,-73.96135,6.6592197
23977,40.80674,-73.96627,6.6768236
23978,40.80553,-73.96732,6.688691
23979,40.80079,-73.95877,6.7251825
23980,40.79935,-73.97216,6.5548234
23981,40.798706,-73.96087,6.6592197
23982,40.807003,-73.96613,6.6768236
23983,40.80079,-73.95877,6.7251825
23984,40.802914,-73.96811,6.5926275
23985,40.80414,-73.95602,6.823284
23986,40.804848,-73.96687,6.688691
23987,40.801086,-73.95846,6.7661505
23988,40.802814,-73.96672,6.660224
23989,40.800545,-73.95921,6.7251825
23990,40.798283,-73.96796,6.6102734
23991,40.80438,-73.96575,6.688691
23992,40.80563,-73.9531,6.837829
23993,40.80529,-73.967094,6.688691
23994,40.800426,-73.97106,6.5926275
23995,40.810726,-73.9584,6.818487
23996,40.800056,-73.96861,6.5926275
23997,40.799686,-73.96321,6.6102734
23998,40.807575,-73.96636,6.6768236
23999,40.80632,-73.95729,6.8452563
24000,40.798706,-73.96087,6.6592197
24001,40.810745,-73.95347,6.922281
24002,40.804848,-73.96687,6.688691
24003,40.80563,-73.9531,6.837829
24004,40.807575,-73.96636,6.6768236
24005,40.79839,-73.97131,6.5548234
24006,40.802734,-73.956184,6.7661505
24007,40.80118,-73.956215,6.7661505
24008,40.798283,-73.96796,6.6102734
24009,40.79839,-73.97131,6.5548234
24010,40.80674,-73.96627,6.6768236
24011,40.799423,-73.95274,6.6934443
24012,40.80122,-73.9707,6.5926275
24013,40.800545,-73.95921,6.7251825
24014,40.80079,-73.95877,6.7251825
24015,40.802517,-73.953545,6.7638707
24016,40.80247,-73.96903,6.5926275
24017,40.801956,-73.964195,6.660224
24018,40.79875,-73.96941,6.572354
24019,40.799763,-73.97149,6.5548234
24020,40.807575,-73.96636,6.6768236
24021,40.802734,-73.956184,6.7661505
24022,40.803684,-73.96378,6.688691
24023,40.798283,-73.96796,6.6102734
24024,40.801086,-73.95846,6.7661505
24025,40.801956,-73.964195,6.660224
24026,40.80079,-73.95877,6.7251825
24027,40.798798,-73.95317,6.6934443
24028,40.799763,-73.97149,6.5548234
24029,40.80674,-73.96627,6.6768236
24030,40.799816,-73.97082,6.572354
24031,40.803593,-73.96387,6.688691
24032,40.80674,-73.96627,6.6768236
24033,40.807575,-73.96636,6.6768236
24034,40.798855,-73.97243,6.5548234
24035,40.800545,-73.95921,6.7251825
24036,40.800697,-73.95916,6.7251825
24037,40.806217,-73.96699,6.688691
24038,40.8073,-73.96666,6.6768236
24039,40.798855,-73.97243,6.5548234
24040,40.80079,-73.95877,6.7251825
24041,40.801777,-73.965096,6.660224
24042,40.800358,-73.96479,6.660224
24043,40.79871,-73.96787,6.6102734
24044,40.806217,-73.96699,6.688691
24045,40.798702,-73.960014,6.6592197
24046,40.80079,-73.95877,6.7251825
24047,40.79875,-73.96941,6.572354
24048,40.800545,-73.95921,6.7251825
24049,40.80524,-73.95798,6.823284
24050,40.804123,-73.963974,6.688691
24051,40.80999,-73.958336,6.818487
24052,40.799816,-73.97082,6.572354
24053,40.804123,-73.963974,6.688691
24054,40.810745,-73.95347,6.922281
24055,40.799816,-73.97082,6.572354
24056,40.799816,-73.97082,6.572354
24057,40.800426,-73.97106,6.5926275
24058,40.801086,-73.95846,6.7661505
24059,40.800385,-73.95139,6.7828245
24060,40.804268,-73.96549,6.688691
24061,40.80409,-73.953835,6.837829
24062,40.80122,-73.9707,6.5926275
24063,40.806217,-73.96699,6.688691
24064,40.800426,-73.97106,6.5926275
24065,40.801636,-73.95418,6.7638707
24066,40.80016,-73.96689,6.660224
24067,40.80409,-73.953835,6.837829
24068,40.806545,-73.96697,6.6768236
24069,40.803806,-73.965096,6.688691
24070,40.802315,-73.964745,6.660224
24071,40.80343,-73.96559,6.688691
24072,40.804268,-73.96549,6.688691
24073,40.79899,-73.95102,6.7334137
24074,40.80475,-73.96548,6.688691
24075,40.80133,-73.97043,6.5926275
24076,40.8026,-73.96654,6.660224
24077,40.806545,-73.96697,6.6768236
24078,40.799763,-73.97149,6.5548234
24079,40.79997,-73.95439,6.6934443
24080,40.801144,-73.952194,6.7828245
24081,40.800556,-73.95661,6.7661505
24082,40.79901,-73.96969,6.572354
24083,40.800545,-73.95921,6.7251825
24084,40.80004,-73.959366,6.7251825
24085,40.808773,-73.9533,6.879491
24086,40.800426,-73.97106,6.5926275
24087,40.801697,-73.96745,6.660224
24088,40.80016,-73.96689,6.660224
24089,40.804123,-73.963974,6.688691
24090,40.809998,-73.95747,6.818487
24091,40.80369,-73.96769,6.688691
24092,40.80198,-73.95223,6.7828245
24093,40.808773,-73.9533,6.879491
24094,40.808464,-73.95203,6.890241
24095,40.799828,-73.95562,6.6935153
24096,40.800232,-73.95668,6.7661505
24097,40.808773,-73.9533,6.879491
24098,40.8026,-73.96654,6.660224
24099,40.805706,-73.95691,6.823284
24100,40.80912,-73.95147,6.890241
24101,40.798763,-73.962135,6.6102734
24102,40.80079,-73.95877,6.7251825
24103,40.802883,-73.956894,6.7661505
24104,40.808773,-73.9533,6.879491
24105,40.800426,-73.97106,6.5926275
24106,40.804855,-73.953705,6.837829
24107,40.80438,-73.96575,6.688691
24108,40.798283,-73.96796,6.6102734
24109,40.801086,-73.95846,6.7661505
24110,40.800232,-73.95668,6.7661505
24111,40.806347,-73.95493,6.879491
24112,40.809315,-73.95265,6.879491
24113,40.8076,-73.96677,6.6768236
24114,40.808872,-73.95543,6.879491
24115,40.80369,-73.96769,6.688691
24116,40.800518,-73.96525,6.660224
24117,40.807423,-73.95359,6.879491
24118,40.804203,-73.96816,6.595505
24119,40.80818,-73.95381,6.879491
24120,40.802643,-73.9674,6.660224
24121,40.79871,-73.96787,6.6102734
24122,40.80233,-73.95191,6.7828245
24123,40.715206,-73.85044,5.9072742
24124,40.714977,-73.84938,5.9072742
24125,40.713825,-73.85057,5.8133097
24126,40.710915,-73.85201,5.7627783
24127,40.715153,-73.84985,5.9072742
24128,40.710278,-73.84968,5.7627783
24129,40.71321,-73.848885,5.8133097
24130,40.71186,-73.851685,5.8133097
24131,40.715412,-73.8549,5.848868
24132,40.714207,-73.84943,5.8133097
24133,40.715645,-73.84737,5.954741
24134,40.712532,-73.85136,5.8133097
24135,40.715088,-73.85595,5.848868
24136,40.711296,-73.85015,5.7627783
24137,40.712242,-73.85248,5.8133097
24138,40.713932,-73.85518,5.861623
24139,40.71261,-73.852554,5.8133097
24140,40.711308,-73.85233,5.7627783
24141,40.71158,-73.85552,5.984891
24142,40.714996,-73.85337,5.9072742
24143,40.712757,-73.84725,5.8560834
24144,40.71281,-73.855064,5.861623
24145,40.710705,-73.84632,5.709251
24146,40.715973,-73.854294,5.9072742
24147,40.710022,-73.84809,5.709251
24148,40.712402,-73.846,5.8560834
24149,40.711678,-73.85118,5.8133097
24150,40.71304,-73.85277,5.8133097
24151,40.71326,-73.85554,5.861623
24152,40.712353,-73.85087,5.8133097
24153,40.7151,-73.85594,5.848868
24154,40.80133,-73.97043,6.5926275
24155,40.803097,-73.9648,6.660224
24156,40.799534,-73.971756,6.5548234
24157,40.798916,-73.9681,6.6102734
24158,40.803097,-73.964806,6.660224
24159,40.8026,-73.96654,6.660224
24160,40.80813,-73.9533,6.879491
24161,40.801777,-73.965096,6.660224
24162,40.80079,-73.95877,6.7251825
24163,40.809998,-73.95747,6.818487
24164,40.801777,-73.965096,6.660224
24165,40.79875,-73.96941,6.572354
24166,40.79933,-73.95444,6.6934443
24167,40.800545,-73.95921,6.7251825
24168,40.800232,-73.95668,6.7661505
24169,40.801086,-73.95846,6.7661505
24170,40.80288,-73.9672,6.660224
24171,40.803333,-73.96897,6.595505
24172,40.800232,-73.95668,6.7661505
24173,40.8021,-73.96731,6.660224
24174,40.80446,-73.95619,6.823284
24175,40.798283,-73.96796,6.6102734
24176,40.80663,-73.95707,6.8452563
24177,40.80175,-73.96955,6.5926275
24178,40.800426,-73.97106,6.5926275
24179,40.80365,-73.955055,6.837829
24180,40.8073,-73.96666,6.6768236
24181,40.809998,-73.95747,6.818487
24182,40.799828,-73.961586,6.6592197
24183,40.80607,-73.95659,6.823284
24184,40.801777,-73.965096,6.660224
24185,40.800953,-73.95645,6.7661505
24186,40.803127,-73.968636,6.5926275
24187,40.808773,-73.9533,6.879491
24188,40.804123,-73.963974,6.688691
24189,40.79901,-73.96969,6.572354
24190,40.8082,-73.956,6.8452563
24191,40.799816,-73.97082,6.572354
24192,40.800426,-73.97106,6.5926275
24193,40.80438,-73.96575,6.688691
24194,40.800842,-73.95746,6.7661505
24195,40.8036,-73.96877,6.595505
24196,40.80414,-73.95602,6.823284
24197,40.800407,-73.95723,6.7661505
24198,40.801777,-73.965096,6.660224
24199,40.800323,-73.96471,6.660224
24200,40.805794,-73.967155,6.688691
24201,40.806168,-73.95619,6.823284
24202,40.805267,-73.952255,6.8373957
24203,40.804466,-73.953636,6.837829
24204,40.80111,-73.969986,6.5926275
24205,40.804977,-73.967545,6.688691
24206,40.805794,-73.967155,6.688691
24207,40.806164,-73.9551,6.837829
24208,40.799683,-73.9702,6.572354
24209,40.805973,-73.95754,6.823284
24210,40.80421,-73.951805,6.8373957
24211,40.8037,-73.95517,6.837829
24212,40.805794,-73.967155,6.688691
24213,40.79871,-73.96787,6.6102734
24214,40.804977,-73.967545,6.688691
24215,40.805794,-73.967155,6.688691
24216,40.803967,-73.95613,6.823284
24217,40.800232,-73.966736,6.660224
24218,40.802734,-73.956184,6.7661505
24219,40.79902,-73.959984,6.6592197
24220,40.80111,-73.969986,6.5926275
24221,40.805927,-73.95752,6.823284
24222,40.80118,-73.956215,6.7661505
24223,40.800056,-73.96861,6.5926275
24224,40.8021,-73.96731,6.660224
24225,40.80247,-73.96903,6.5926275
24226,40.80438,-73.96575,6.688691
24227,40.805016,-73.95247,6.837829
24228,40.80122,-73.9707,6.5926275
24229,40.80247,-73.96903,6.5926275
24230,40.802944,-73.94449,6.87942
24231,40.800533,-73.947365,6.862196
24232,40.806435,-73.94381,6.8769417
24233,40.800327,-73.94425,6.87942
24234,40.800327,-73.94425,6.87942
24235,40.802944,-73.94449,6.87942
24236,40.79856,-73.93488,6.614828
24237,40.800327,-73.94425,6.87942
24238,40.800327,-73.94425,6.87942
24239,40.80103,-73.94833,6.862196
24240,40.80764,-73.94878,6.9097514
24241,40.810257,-73.93826,6.8508096
24242,40.804432,-73.94063,6.7934403
24243,40.803806,-73.941086,6.7934403
24244,40.80236,-73.94943,6.7828245
24245,40.804848,-73.94109,6.7934403
24246,40.803036,-73.949394,6.7828245
24247,40.80991,-73.93792,6.8508096
24248,40.802944,-73.94449,6.87942
24249,40.81013,-73.93872,6.8508096
24250,40.801453,-73.94341,6.87942
24251,40.801033,-73.94834,6.862196
24252,40.81013,-73.93872,6.8508096
24253,40.805195,-73.941444,6.7934403
24254,40.810474,-73.94351,6.856019
24255,40.80212,-73.942924,6.87942
24256,40.80212,-73.942924,6.87942
24257,40.801453,-73.94341,6.87942
24258,40.801453,-73.94341,6.87942
24259,40.771297,-73.91169,7.316828
24260,40.766964,-73.92565,7.4493494
24261,40.76457,-73.92574,7.5979176
24262,40.769077,-73.923775,7.3860974
24263,40.764572,-73.92574,7.5979176
24264,40.771484,-73.92335,7.3860974
24265,40.766342,-73.92599,7.4493494
24266,40.76457,-73.92574,7.5979176
24267,40.765068,-73.92559,7.5979176
24268,40.76755,-73.91297,7.394148
24269,40.761574,-73.9224,7.7526636
24270,40.769955,-73.921524,7.3860974
24271,40.76094,-73.906364,7.317825
24272,40.764572,-73.92574,7.5979176
24273,40.76507,-73.92559,7.5979176
24274,40.7655,-73.92579,7.4493494
24275,40.767986,-73.91262,7.394148
24276,40.767986,-73.91262,7.394148
24277,40.766563,-73.92406,7.4493494
24278,40.764572,-73.92574,7.5979176
24279,40.77054,-73.90527,7.2278333
24280,40.77059,-73.91018,7.2278333
24281,40.763165,-73.92103,7.643653
24282,40.767986,-73.91262,7.394148
24283,40.802814,-73.96672,6.660224
24284,40.802914,-73.96811,6.5926275
24285,40.80079,-73.97086,6.5926275
24286,40.80475,-73.96548,6.688691
24287,40.799328,-73.95444,6.6934443
24288,40.798843,-73.95389,6.6934443
24289,40.801086,-73.95846,6.7661505
24290,40.800697,-73.95916,6.7251825
24291,40.805855,-73.95727,6.823284
24292,40.79871,-73.96787,6.6102734
24293,40.810745,-73.95347,6.922281
24294,40.800426,-73.97106,6.5926275
24295,40.80945,-73.95097,6.890241
24296,40.801743,-73.956375,6.7661505
24297,40.798515,-73.95174,6.7334137
24298,40.801777,-73.965096,6.660224
24299,40.80122,-73.9707,6.5926275
24300,40.80475,-73.96548,6.688691
24301,40.801636,-73.95418,6.7638707
24302,40.807423,-73.95359,6.879491
24303,40.80002,-73.97013,6.5926275
24304,40.80002,-73.97013,6.5926275
24305,40.80122,-73.9707,6.5926275
24306,40.800426,-73.97106,6.5926275
24307,40.799805,-73.95295,6.6934443
24308,40.799274,-73.95279,6.6934443
24309,40.802315,-73.96475,6.660224
24310,40.799816,-73.97082,6.572354
24311,40.800426,-73.97106,6.5926275
24312,40.800697,-73.95916,6.7251825
24313,40.801697,-73.96745,6.660224
24314,40.805244,-73.96664,6.688691
24315,40.80156,-73.95221,6.7828245
24316,40.80343,-73.96559,6.688691
24317,40.805244,-73.96664,6.688691
24318,40.80813,-73.9533,6.879491
24319,40.8026,-73.96654,6.660224
24320,40.799652,-73.965355,6.6102734
24321,40.802593,-73.95638,6.7661505
24322,40.8036,-73.96877,6.595505
24323,40.755013,-73.79782,5.706152
24324,40.755806,-73.79393,5.6179595
24325,40.74992,-73.80097,5.63584
24326,40.758667,-73.78744,5.7005973
24327,40.75866,-73.804436,6.502489
24328,40.74921,-73.79558,5.489611
24329,40.75264,-73.78921,5.514788
24330,40.753857,-73.79285,5.6179595
24331,40.757435,-73.79807,6.14541
24332,40.756477,-73.802765,6.2838197
24333,40.756523,-73.8089,6.5713615
24334,40.756325,-73.78672,5.7005973
24335,40.759426,-73.7978,6.2340746
24336,40.75611,-73.79095,5.8212333
24337,40.748848,-73.79305,5.489611
24338,40.754974,-73.80784,5.9150167
24339,40.75322,-73.80616,5.8712096
24340,40.75146,-73.79374,5.5161567
24341,40.74905,-73.80249,5.512295
24342,40.753452,-73.78831,5.5768147
24343,40.759525,-73.79533,6.0666265
24344,40.756157,-73.79043,5.8212333
24345,40.759785,-73.78805,5.7338843
24346,40.748047,-73.78726,5.4970326
24347,40.755108,-73.79109,5.5768147
24348,40.75322,-73.80616,5.8712096
24349,40.750645,-73.78761,5.519449
24350,40.74798,-73.80001,5.487347
24351,40.748047,-73.78726,5.4970326
24352,40.757988,-73.79988,6.14541
24353,40.75689,-73.79255,5.983619
24354,40.75792,-73.80177,6.2838197
24355,40.755432,-73.80059,5.706152
24356,40.75461,-73.797516,5.6179595
24357,40.75412,-73.78838,5.5768147
24358,40.748806,-73.79594,5.489611
24359,40.75659,-73.801956,6.2838197
24360,40.75351,-73.88202,6.826924
24361,40.748848,-73.88021,7.0864787
24362,40.74901,-73.885124,7.178366
24363,40.75092,-73.88642,7.1132455
24364,40.754425,-73.88692,6.9526095
24365,40.75158,-73.88327,7.086878
24366,40.75051,-73.88175,6.9746017
24367,40.748905,-73.893425,7.0581303
24368,40.748604,-73.88141,7.0864787
24369,40.75343,-73.88593,6.913147
24370,40.75158,-73.88327,7.086878
24371,40.75169,-73.88686,7.1132455
24372,40.74894,-73.87958,7.0864787
24373,40.75106,-73.88739,7.1132455
24374,40.75079,-73.887344,7.1132455
24375,40.751926,-73.89135,7.085016
24376,40.751144,-73.8828,6.9746017
24377,40.75298,-73.885025,6.913147
24378,40.752754,-73.888794,6.9526095
24379,40.75849,-73.90665,7.2582445
24380,40.759052,-73.90537,7.317825
24381,40.759502,-73.91115,7.317825
24382,40.75596,-73.912575,7.285918
24383,40.760246,-73.91371,7.2645693
24384,40.75792,-73.90557,7.2582445
24385,40.74792,-73.91212,7.051637
24386,40.757233,-73.906525,7.2582445
24387,40.758804,-73.91427,7.285918
24388,40.758854,-73.90689,7.2582445
24389,40.75849,-73.90665,7.2582445
24390,40.756542,-73.90715,7.2582445
24391,40.756977,-73.91621,7.472309
24392,40.74778,-73.91286,7.051637
24393,40.75925,-73.90482,7.1804686
24394,40.750797,-73.9086,7.0815787
24395,40.74946,-73.91715,7.0939918
24396,40.757732,-73.915596,7.472309
24397,40.7487,-73.91759,7.0939918
24398,40.758327,-73.90703,7.2582445
24399,40.758854,-73.907265,7.2582445
24400,40.748646,-73.91665,7.0939918
24401,40.75886,-73.91436,7.285918
24402,40.758804,-73.91427,7.285918
24403,40.74792,-73.91212,7.051637
24404,40.74792,-73.91212,7.051637
24405,40.74796,-73.91839,7.211591
24406,40.754623,-73.90694,7.165847
24407,40.759308,-73.90552,7.317825
24408,40.759308,-73.90552,7.317825
24409,40.75501,-73.907906,7.165847
24410,40.758022,-73.90723,7.2582445
24411,40.801086,-73.95846,6.7661505
24412,40.79839,-73.97131,6.5548234
24413,40.799816,-73.97082,6.572354
24414,40.802734,-73.956184,6.7661505
24415,40.79875,-73.96941,6.572354
24416,40.798855,-73.97243,6.5548234
24417,40.799763,-73.97149,6.5548234
24418,40.804638,-73.95656,6.823284
24419,40.80315,-73.95505,6.837829
24420,40.799763,-73.97149,6.5548234
24421,40.800323,-73.96471,6.660224
24422,40.79839,-73.97131,6.5548234
24423,40.805206,-73.9669,6.688691
24424,40.799442,-73.96979,6.572354
24425,40.80414,-73.95602,6.823284
24426,40.800426,-73.97106,6.5926275
24427,40.79997,-73.96016,6.6592197
24428,40.80079,-73.97086,6.5926275
24429,40.80663,-73.95707,6.8452563
24430,40.80398,-73.965546,6.688691
24431,40.80475,-73.96548,6.688691
24432,40.79997,-73.96016,6.6592197
24433,40.80079,-73.95877,6.7251825
24434,40.800697,-73.95916,6.7251825
24435,40.79938,-73.96947,6.572354
24436,40.80156,-73.95221,6.7828245
24437,40.75356,-73.82112,6.2520604
24438,40.748016,-73.827255,5.8987727
24439,40.75213,-73.82135,5.9697433
24440,40.753242,-73.82538,6.2520604
24441,40.753796,-73.82094,6.2520604
24442,40.751232,-73.821365,5.9697433
24443,40.753387,-73.83248,6.990899
24444,40.752483,-73.823326,5.9697433
24445,40.75341,-73.82497,6.2520604
24446,40.753845,-73.82618,6.723808
24447,40.753326,-73.82636,6.723808
24448,40.751427,-73.8218,5.9697433
24449,40.75295,-73.82199,6.2520604
24450,40.751232,-73.821365,5.9697433
24451,40.7531,-73.825806,6.2520604
24452,40.753326,-73.82636,6.723808
24453,40.753464,-73.82849,6.723808
24454,40.753242,-73.825386,6.2520604
24455,40.751526,-73.82806,6.311011
24456,40.75272,-73.82139,6.2520604
24457,40.74951,-73.82864,6.311011
24458,40.753952,-73.83149,6.951898
24459,40.753815,-73.82864,6.723808
24460,40.753326,-73.82636,6.723808
24461,40.751232,-73.821365,5.9697433
24462,40.751232,-73.821365,5.9697433
24463,40.751232,-73.821365,5.9697433
24464,40.75318,-73.82808,6.723808
24465,40.75318,-73.82808,6.723808
24466,40.75318,-73.82808,6.723808
24467,40.75318,-73.82808,6.723808
24468,40.751232,-73.821365,5.9697433
24469,40.751232,-73.821365,5.9697433
24470,40.751232,-73.821365,5.9697433
24471,40.751232,-73.821365,5.9697433
24472,40.751232,-73.821365,5.9697433
24473,40.751232,-73.821365,5.9697433
24474,40.733635,-73.953674,7.414241
24475,40.732655,-73.961,7.170297
24476,40.73955,-73.92705,7.478406
24477,40.747585,-73.94611,7.6336575
24478,40.746403,-73.97334,7.79824
24479,40.741707,-73.95525,7.7870755
24480,40.745895,-73.94623,7.882326
24481,40.743134,-73.958405,7.4918737
24482,40.73266,-73.961,7.170297
24483,40.742973,-73.95798,7.4918737
24484,40.745045,-73.97161,7.5591073
24485,40.746403,-73.97334,7.79824
24486,40.7423,-73.951,7.9441366
24487,40.745247,-73.93722,7.813979
24488,40.746037,-73.941895,7.7690253
24489,40.74316,-73.95711,7.4918737
24490,40.74526,-73.94459,7.797058
24491,40.745045,-73.97161,7.5591073
24492,40.72842,-73.95478,7.5045223
24493,40.732483,-73.954956,7.414241
24494,40.745293,-73.9445,7.797058
24495,40.746037,-73.941895,7.7690253
24496,40.745895,-73.94623,7.882326
24497,40.72842,-73.95478,7.5045223
24498,40.731876,-73.96095,7.170297
24499,40.742336,-73.95727,7.4918737
24500,40.727135,-73.943146,7.7144136
24501,40.75827,-73.805504,6.502489
24502,40.754086,-73.78976,5.5768147
24503,40.754578,-73.80826,5.9150167
24504,40.75714,-73.80697,6.502489
24505,40.751434,-73.79313,5.5161567
24506,40.760063,-73.80657,6.535158
24507,40.74783,-73.80192,5.512295
24508,40.751434,-73.79313,5.5161567
24509,40.74884,-73.79291,5.489611
24510,40.7549,-73.79784,5.706152
24511,40.749287,-73.788345,5.491996
24512,40.75646,-73.786736,5.7005973
24513,40.751045,-73.80779,5.7167463
24514,40.748383,-73.79379,5.489611
24515,40.757126,-73.786804,5.7005973
24516,40.75219,-73.79414,5.5161567
24517,40.757042,-73.799065,6.14541
24518,40.747913,-73.80002,5.487347
24519,40.759785,-73.78805,5.7338843
24520,40.752975,-73.785805,5.5629134
24521,40.75862,-73.78744,5.7005973
24522,40.751163,-73.79085,5.514788
24523,40.750507,-73.78954,5.514788
24524,40.759785,-73.78805,5.7338843
24525,40.74935,-73.7946,5.489611
24526,40.755302,-73.791374,5.6179595
24527,40.75698,-73.800385,6.14541
24528,40.755875,-73.80393,6.2838197
24529,40.7543,-73.8064,5.8712096
24530,40.755463,-73.78982,5.5768147
24531,40.74958,-73.795685,5.5161567
24532,40.749203,-73.790306,5.491996
24533,40.756916,-73.78621,5.7005973
24534,40.75464,-73.803535,5.7990127
24535,40.749264,-73.79565,5.489611
24536,40.75031,-73.79381,5.5161567
24537,40.756725,-73.786514,5.7005973
24538,40.75191,-73.804184,5.670641
24539,40.75405,-73.80136,5.7990127
24540,40.748028,-73.79009,5.491996
24541,40.806217,-73.96699,6.688691
24542,40.79994,-73.95886,6.6592197
24543,40.800232,-73.95668,6.7661505
24544,40.804157,-73.965225,6.688691
24545,40.8026,-73.96654,6.660224
24546,40.801434,-73.954865,6.7638707
24547,40.80674,-73.96627,6.6768236
24548,40.8073,-73.96666,6.6768236
24549,40.800697,-73.95916,6.7251825
24550,40.79875,-73.96941,6.572354
24551,40.80288,-73.9672,6.660224
24552,40.79875,-73.96941,6.572354
24553,40.80604,-73.95628,6.823284
24554,40.8073,-73.96666,6.6768236
24555,40.799423,-73.95274,6.6934443
24556,40.79875,-73.96941,6.572354
24557,40.798664,-73.96077,6.6592197
24558,40.800056,-73.96861,6.5926275
24559,40.802914,-73.96811,6.5926275
24560,40.80837,-73.95347,6.879491
24561,40.79974,-73.95919,6.6592197
24562,40.799763,-73.97149,6.5548234
24563,40.80563,-73.9531,6.837829
24564,40.801697,-73.96745,6.660224
24565,40.804848,-73.96687,6.688691
24566,40.802734,-73.956184,6.7661505
24567,40.80674,-73.96627,6.6768236
24568,40.80674,-73.96627,6.6768236
24569,40.803806,-73.965096,6.688691
24570,40.802914,-73.96811,6.5926275
24571,40.80818,-73.95109,6.890241
24572,40.809998,-73.95747,6.818487
24573,40.802395,-73.96964,6.5926275
24574,40.80563,-73.9531,6.837829
24575,40.798664,-73.96077,6.6592197
24576,40.800426,-73.97106,6.5926275
24577,40.802395,-73.96964,6.5926275
24578,40.80891,-73.96523,6.6768236
24579,40.802395,-73.96964,6.5926275
24580,40.801086,-73.95846,6.7661505
24581,40.799778,-73.961464,6.6592197
24582,40.809143,-73.95523,6.879491
24583,40.79899,-73.969635,6.572354
24584,40.798515,-73.95174,6.7334137
24585,40.806465,-73.9509,6.890241
24586,40.804424,-73.96738,6.688691
24587,40.80079,-73.97086,6.5926275
24588,40.802643,-73.9674,6.660224
24589,40.805668,-73.95988,6.7706523
24590,40.80156,-73.95221,6.7828245
24591,40.798172,-73.97158,6.5548234
24592,40.79899,-73.95102,6.7334137
24593,40.804237,-73.96759,6.688691
24594,40.801743,-73.956375,6.7661505
24595,40.808773,-73.9533,6.879491
24596,40.80233,-73.95191,6.7828245
24597,40.7988,-73.96844,6.572354
24598,40.799767,-73.968735,6.572354
24599,40.80438,-73.96575,6.688691
24600,40.80205,-73.95049,6.7828245
24601,40.80079,-73.95877,6.7251825
24602,40.804977,-73.967545,6.688691
24603,40.807003,-73.96613,6.6768236
24604,40.804237,-73.96759,6.688691
24605,40.799816,-73.97082,6.572354
24606,40.79901,-73.96969,6.572354
24607,40.808773,-73.9533,6.879491
24608,40.80079,-73.95877,6.7251825
24609,40.800056,-73.96861,6.5926275
24610,40.799767,-73.968735,6.572354
24611,40.80674,-73.96627,6.6768236
24612,40.805794,-73.967155,6.688691
24613,40.80438,-73.96575,6.688691
24614,40.80521,-73.9669,6.688691
24615,40.799885,-73.95976,6.6592197
24616,40.80175,-73.96955,6.5926275
24617,40.800545,-73.95921,6.7251825
24618,40.79901,-73.97069,6.572354
24619,40.800232,-73.95669,6.7661505
24620,40.805206,-73.9669,6.688691
24621,40.751427,-73.8218,5.9697433
24622,40.753975,-73.82855,6.723808
24623,40.753326,-73.82636,6.723808
24624,40.752953,-73.832115,6.951898
24625,40.753815,-73.82864,6.723808
24626,40.753815,-73.82864,6.723808
24627,40.75273,-73.82682,6.723808
24628,40.75244,-73.83141,6.5608587
24629,40.751232,-73.821365,5.9697433
24630,40.751232,-73.821365,5.9697433
24631,40.751232,-73.821365,5.9697433
24632,40.751236,-73.82169,5.9697433
24633,40.752804,-73.82824,6.723808
24634,40.753242,-73.82538,6.2520604
24635,40.751232,-73.821365,5.9697433
24636,40.751232,-73.821365,5.9697433
24637,40.751232,-73.821365,5.9697433
24638,40.75291,-73.821045,6.2520604
24639,40.753326,-73.82636,6.723808
24640,40.751232,-73.821365,5.9697433
24641,40.751232,-73.821365,5.9697433
24642,40.753242,-73.82538,6.2520604
24643,40.7502,-73.8227,5.9697433
24644,40.752335,-73.826324,6.311011
24645,40.751232,-73.821365,5.9697433
24646,40.751232,-73.821365,5.9697433
24647,40.751232,-73.821365,5.9697433
24648,40.751232,-73.821365,5.9697433
24649,40.752186,-73.82539,5.9697433
24650,40.75295,-73.82199,6.2520604
24651,40.75295,-73.82199,6.2520604
24652,40.753464,-73.82849,6.723808
24653,40.791126,-73.839264,6.001702
24654,40.79347,-73.846664,5.9650254
24655,40.784718,-73.85087,6.528063
24656,40.790257,-73.853195,6.399049
24657,40.7736,-73.84695,6.0408745
24658,40.78997,-73.84277,6.2604465
24659,40.78136,-73.84805,6.572058
24660,40.7936,-73.84646,5.9650254
24661,40.78136,-73.84805,6.572058
24662,40.79038,-73.84433,6.2604465
24663,40.785725,-73.84789,6.521409
24664,40.77597,-73.84872,6.3189325
24665,40.776985,-73.84092,6.393534
24666,40.794533,-73.84697,5.793493
24667,40.77704,-73.84104,6.393534
24668,40.78408,-73.84927,6.562532
24669,40.790318,-73.85196,6.399049
24670,40.790634,-73.84315,5.94812
24671,40.784943,-73.84665,6.521409
24672,40.7848,-73.846016,6.521409
24673,40.782284,-73.8442,6.4993253
24674,40.776318,-73.84775,6.292746
24675,40.78933,-73.84974,6.376292
24676,40.77921,-73.84399,6.461316
24677,40.784588,-73.842316,6.4348817
24678,40.77591,-73.84873,6.3189325
24679,40.784763,-73.85172,6.505032
24680,40.775784,-73.842285,6.3291125
24681,40.77422,-73.84589,6.0408745
24682,40.7769,-73.84867,6.3189325
24683,40.790768,-73.83885,6.001702
24684,40.788223,-73.85172,6.399049
24685,40.788322,-73.841,6.250225
