longitude,latitude,pm2_5
-73.91287276935935,40.91519087252836,6.2720084
-73.90971667172246,40.91519087252836,6.2720084
-73.90656057408559,40.91519087252836,6.276741
-73.91287276935935,40.91203477489148,6.270307
-73.90971667172246,40.91203477489148,6.270307
-73.90656057408559,40.91203477489148,6.2784576
-73.90340447644871,40.91203477489148,6.28717
-73.90024837881182,40.91203477489148,6.28188
-73.89709228117495,40.91203477489148,6.2549086
-73.91287276935935,40.9088786772546,6.2699833
-73.90971667172246,40.9088786772546,6.2699833
-73.90656057408559,40.9088786772546,6.286585
-73.90340447644871,40.9088786772546,6.2932124
-73.90024837881182,40.9088786772546,6.2814856
-73.89709228117495,40.9088786772546,6.2480817
-73.89393618353806,40.9088786772546,6.2026434
-73.89078008590118,40.9088786772546,6.163242
-73.85606301189549,40.9088786772546,6.5331244
-73.85290691425861,40.9088786772546,6.5331244
-73.84975081662172,40.9088786772546,6.5211425
-73.91287276935935,40.905722579617716,6.269444
-73.90971667172246,40.905722579617716,6.269444
-73.90656057408559,40.905722579617716,6.2873473
-73.90340447644871,40.905722579617716,6.2926726
-73.90024837881182,40.905722579617716,6.276528
-73.89709228117495,40.905722579617716,6.2367167
-73.89393618353806,40.905722579617716,6.196336
-73.89078008590118,40.905722579617716,6.152998
-73.8876239882643,40.905722579617716,6.110829
-73.88446789062742,40.905722579617716,6.07109
-73.88131179299054,40.905722579617716,6.07109
-73.87815569535366,40.905722579617716,6.056829
-73.85606301189549,40.905722579617716,6.5591593
-73.85290691425861,40.905722579617716,6.5591593
-73.84975081662172,40.905722579617716,6.5302534
-73.84659471898485,40.905722579617716,6.4335437
-73.91602886699623,40.902566481980834,6.202019
-73.91287276935935,40.902566481980834,6.225369
-73.90971667172246,40.902566481980834,6.225369
-73.90656057408559,40.902566481980834,6.243387
-73.90340447644871,40.902566481980834,6.244319
-73.90024837881182,40.902566481980834,6.2315345
-73.89709228117495,40.902566481980834,6.210124
-73.89393618353806,40.902566481980834,6.1665125
-73.89078008590118,40.902566481980834,6.1258955
-73.8876239882643,40.902566481980834,6.082547
-73.88446789062742,40.902566481980834,6.0547733
-73.88131179299054,40.902566481980834,6.0547733
-73.87815569535366,40.902566481980834,6.045856
-73.87499959771678,40.902566481980834,6.0498085
-73.87184350007989,40.902566481980834,6.0529985
-73.86868740244302,40.902566481980834,6.084482
-73.86553130480614,40.902566481980834,6.1999598
-73.86237520716925,40.902566481980834,6.317673
-73.85921910953238,40.902566481980834,6.4020905
-73.85606301189549,40.902566481980834,6.4213424
-73.85290691425861,40.902566481980834,6.4213424
-73.84975081662172,40.902566481980834,6.361157
-73.84659471898485,40.902566481980834,6.2340755
-73.84343862134797,40.902566481980834,6.1089463
-73.84028252371108,40.902566481980834,6.016551
-73.91602886699623,40.89941038434395,6.1830235
-73.91287276935935,40.89941038434395,6.189776
-73.90971667172246,40.89941038434395,6.189776
-73.90656057408559,40.89941038434395,6.2141943
-73.90340447644871,40.89941038434395,6.2336125
-73.90024837881182,40.89941038434395,6.2300434
-73.89709228117495,40.89941038434395,6.2015467
-73.89393618353806,40.89941038434395,6.166815
-73.89078008590118,40.89941038434395,6.1182485
-73.8876239882643,40.89941038434395,6.0748386
-73.88446789062742,40.89941038434395,6.050667
-73.88131179299054,40.89941038434395,6.050667
-73.87815569535366,40.89941038434395,6.0433416
-73.87499959771678,40.89941038434395,6.047369
-73.87184350007989,40.89941038434395,6.0536704
-73.86868740244302,40.89941038434395,6.1002645
-73.86553130480614,40.89941038434395,6.223862
-73.86237520716925,40.89941038434395,6.3021708
-73.85921910953238,40.89941038434395,6.3420196
-73.85606301189549,40.89941038434395,6.3290997
-73.85290691425861,40.89941038434395,6.3290997
-73.84975081662172,40.89941038434395,6.262995
-73.84659471898485,40.89941038434395,6.1445913
-73.84343862134797,40.89941038434395,6.026983
-73.84028252371108,40.89941038434395,5.9671006
-73.91918496463312,40.89625428670707,6.1928186
-73.91602886699623,40.89625428670707,6.1857567
-73.91287276935935,40.89625428670707,6.1923327
-73.90971667172246,40.89625428670707,6.1923327
-73.90656057408559,40.89625428670707,6.222175
-73.90340447644871,40.89625428670707,6.246331
-73.90024837881182,40.89625428670707,6.2437034
-73.89709228117495,40.89625428670707,6.213857
-73.89393618353806,40.89625428670707,6.174675
-73.89078008590118,40.89625428670707,6.124395
-73.8876239882643,40.89625428670707,6.0758386
-73.88446789062742,40.89625428670707,6.0487113
-73.88131179299054,40.89625428670707,6.0487113
-73.87815569535366,40.89625428670707,6.0412984
-73.87499959771678,40.89625428670707,6.0431128
-73.87184350007989,40.89625428670707,6.0550847
-73.86868740244302,40.89625428670707,6.1115956
-73.86553130480614,40.89625428670707,6.242423
-73.86237520716925,40.89625428670707,6.3052297
-73.85921910953238,40.89625428670707,6.3119936
-73.85606301189549,40.89625428670707,6.283561
-73.85290691425861,40.89625428670707,6.283561
-73.84975081662172,40.89625428670707,6.20021
-73.84659471898485,40.89625428670707,6.109678
-73.84343862134797,40.89625428670707,5.9980497
-73.84028252371108,40.89625428670707,5.951294
-73.91918496463312,40.893098189070194,6.2030506
-73.91602886699623,40.893098189070194,6.221452
-73.91287276935935,40.893098189070194,6.24985
-73.90971667172246,40.893098189070194,6.24985
-73.90656057408559,40.893098189070194,6.2941103
-73.90340447644871,40.893098189070194,6.2983627
-73.90024837881182,40.893098189070194,6.2777977
-73.89709228117495,40.893098189070194,6.2335334
-73.89393618353806,40.893098189070194,6.1876597
-73.89078008590118,40.893098189070194,6.1417575
-73.8876239882643,40.893098189070194,6.0863314
-73.88446789062742,40.893098189070194,6.0572352
-73.88131179299054,40.893098189070194,6.0572352
-73.87815569535366,40.893098189070194,6.0445933
-73.87499959771678,40.893098189070194,6.0447297
-73.87184350007989,40.893098189070194,6.0561385
-73.86868740244302,40.893098189070194,6.1204357
-73.86553130480614,40.893098189070194,6.2239017
-73.86237520716925,40.893098189070194,6.2697787
-73.85921910953238,40.893098189070194,6.2655773
-73.85606301189549,40.893098189070194,6.2299223
-73.85290691425861,40.893098189070194,6.2299223
-73.84975081662172,40.893098189070194,6.1395035
-73.84659471898485,40.893098189070194,6.0634484
-73.84343862134797,40.893098189070194,5.9820633
-73.84028252371108,40.893098189070194,5.9605455
-73.8371264260742,40.893098189070194,5.998916
-73.83397032843732,40.893098189070194,6.097387
-73.91918496463312,40.88994209143331,6.2368355
-73.91602886699623,40.88994209143331,6.2585154
-73.91287276935935,40.88994209143331,6.292666
-73.90971667172246,40.88994209143331,6.292666
-73.90656057408559,40.88994209143331,6.353279
-73.90340447644871,40.88994209143331,6.371512
-73.90024837881182,40.88994209143331,6.345927
-73.89709228117495,40.88994209143331,6.29067
-73.89393618353806,40.88994209143331,6.2313895
-73.89078008590118,40.88994209143331,6.168126
-73.8876239882643,40.88994209143331,6.113357
-73.88446789062742,40.88994209143331,6.0845284
-73.88131179299054,40.88994209143331,6.0845284
-73.87815569535366,40.88994209143331,6.066767
-73.87499959771678,40.88994209143331,6.0573835
-73.87184350007989,40.88994209143331,6.0666223
-73.86868740244302,40.88994209143331,6.117998
-73.86553130480614,40.88994209143331,6.1625075
-73.86237520716925,40.88994209143331,6.1859527
-73.85921910953238,40.88994209143331,6.1842833
-73.85606301189549,40.88994209143331,6.1598563
-73.85290691425861,40.88994209143331,6.1598563
-73.84975081662172,40.88994209143331,6.114941
-73.84659471898485,40.88994209143331,6.0478625
-73.84343862134797,40.88994209143331,5.9825897
-73.84028252371108,40.88994209143331,5.990947
-73.8371264260742,40.88994209143331,6.0913587
-73.83397032843732,40.88994209143331,6.165204
-73.83081423080044,40.88994209143331,6.1874075
-73.82765813316355,40.88994209143331,6.133969
-73.82450203552668,40.88994209143331,6.133969
-73.8213459378898,40.88994209143331,6.0518546
-73.81818984025291,40.88994209143331,5.9383545
-73.91918496463312,40.88678599379643,6.2563086
-73.91602886699623,40.88678599379643,6.2852397
-73.91287276935935,40.88678599379643,6.348988
-73.90971667172246,40.88678599379643,6.348988
-73.90656057408559,40.88678599379643,6.4225636
-73.90340447644871,40.88678599379643,6.442787
-73.90024837881182,40.88678599379643,6.410884
-73.89709228117495,40.88678599379643,6.3449445
-73.89393618353806,40.88678599379643,6.2762127
-73.89078008590118,40.88678599379643,6.2160506
-73.8876239882643,40.88678599379643,6.1638727
-73.88446789062742,40.88678599379643,6.1367254
-73.88131179299054,40.88678599379643,6.1367254
-73.87815569535366,40.88678599379643,6.1187015
-73.87499959771678,40.88678599379643,6.102732
-73.87184350007989,40.88678599379643,6.110536
-73.86868740244302,40.88678599379643,6.1374545
-73.86553130480614,40.88678599379643,6.1574163
-73.86237520716925,40.88678599379643,6.1566925
-73.85921910953238,40.88678599379643,6.151225
-73.85606301189549,40.88678599379643,6.1324344
-73.85290691425861,40.88678599379643,6.1324344
-73.84975081662172,40.88678599379643,6.0919533
-73.84659471898485,40.88678599379643,6.0355453
-73.84343862134797,40.88678599379643,6.0082564
-73.84028252371108,40.88678599379643,6.0423484
-73.8371264260742,40.88678599379643,6.1711535
-73.83397032843732,40.88678599379643,6.2313957
-73.83081423080044,40.88678599379643,6.2382774
-73.82765813316355,40.88678599379643,6.1920247
-73.82450203552668,40.88678599379643,6.1920247
-73.8213459378898,40.88678599379643,6.0646076
-73.81818984025291,40.88678599379643,5.8939023
-73.81503374261604,40.88678599379643,5.8152194
-73.81187764497915,40.88678599379643,5.77294
-73.80872154734227,40.88678599379643,5.752569
-73.92234106227,40.88362989615955,6.232294
-73.91918496463312,40.88362989615955,6.2748284
-73.91602886699623,40.88362989615955,6.3704305
-73.91287276935935,40.88362989615955,6.4726386
-73.90971667172246,40.88362989615955,6.4726386
-73.90656057408559,40.88362989615955,6.531717
-73.90340447644871,40.88362989615955,6.537196
-73.90024837881182,40.88362989615955,6.5028176
-73.89709228117495,40.88362989615955,6.4283113
-73.89393618353806,40.88362989615955,6.344032
-73.89078008590118,40.88362989615955,6.272947
-73.8876239882643,40.88362989615955,6.2329817
-73.88446789062742,40.88362989615955,6.2212076
-73.88131179299054,40.88362989615955,6.2212076
-73.87815569535366,40.88362989615955,6.209674
-73.87499959771678,40.88362989615955,6.2130766
-73.87184350007989,40.88362989615955,6.253578
-73.86868740244302,40.88362989615955,6.2548804
-73.86553130480614,40.88362989615955,6.2308292
-73.86237520716925,40.88362989615955,6.201012
-73.85921910953238,40.88362989615955,6.182563
-73.85606301189549,40.88362989615955,6.132181
-73.85290691425861,40.88362989615955,6.132181
-73.84975081662172,40.88362989615955,6.1039524
-73.84659471898485,40.88362989615955,6.080991
-73.84343862134797,40.88362989615955,6.083607
-73.84028252371108,40.88362989615955,6.1255283
-73.8371264260742,40.88362989615955,6.246722
-73.83397032843732,40.88362989615955,6.3055754
-73.83081423080044,40.88362989615955,6.2815814
-73.82765813316355,40.88362989615955,6.2266464
-73.82450203552668,40.88362989615955,6.2266464
-73.8213459378898,40.88362989615955,6.1088123
-73.81818984025291,40.88362989615955,5.937011
-73.81503374261604,40.88362989615955,5.8001165
-73.81187764497915,40.88362989615955,5.7576337
-73.80872154734227,40.88362989615955,5.741293
-73.80556544970538,40.88362989615955,5.727017
-73.80240935206851,40.88362989615955,5.712906
-73.79925325443163,40.88362989615955,5.7006693
-73.79609715679474,40.88362989615955,5.7006693
-73.79294105915787,40.88362989615955,5.687414
-73.92549715990688,40.880473798522665,6.2402787
-73.92234106227,40.880473798522665,6.231209
-73.91918496463312,40.880473798522665,6.287136
-73.91602886699623,40.880473798522665,6.384371
-73.91287276935935,40.880473798522665,6.474598
-73.90971667172246,40.880473798522665,6.474598
-73.90656057408559,40.880473798522665,6.52303
-73.90340447644871,40.880473798522665,6.5150857
-73.90024837881182,40.880473798522665,6.4695697
-73.89709228117495,40.880473798522665,6.4104204
-73.89393618353806,40.880473798522665,6.370875
-73.89078008590118,40.880473798522665,6.3198
-73.8876239882643,40.880473798522665,6.3019133
-73.88446789062742,40.880473798522665,6.2992907
-73.88131179299054,40.880473798522665,6.2992907
-73.87815569535366,40.880473798522665,6.28428
-73.87499959771678,40.880473798522665,6.283301
-73.87184350007989,40.880473798522665,6.311754
-73.86868740244302,40.880473798522665,6.271347
-73.86553130480614,40.880473798522665,6.240024
-73.86237520716925,40.880473798522665,6.2068386
-73.85921910953238,40.880473798522665,6.186558
-73.85606301189549,40.880473798522665,6.130721
-73.85290691425861,40.880473798522665,6.130721
-73.84975081662172,40.880473798522665,6.0978217
-73.84659471898485,40.880473798522665,6.102564
-73.84343862134797,40.880473798522665,6.158177
-73.84028252371108,40.880473798522665,6.1930003
-73.8371264260742,40.880473798522665,6.228368
-73.83397032843732,40.880473798522665,6.2940884
-73.83081423080044,40.880473798522665,6.2515335
-73.82765813316355,40.880473798522665,6.1681776
-73.82450203552668,40.880473798522665,6.1681776
-73.8213459378898,40.880473798522665,6.066863
-73.81818984025291,40.880473798522665,5.9299364
-73.81503374261604,40.880473798522665,5.7949376
-73.81187764497915,40.880473798522665,5.7555933
-73.80872154734227,40.880473798522665,5.743719
-73.80556544970538,40.880473798522665,5.730401
-73.80240935206851,40.880473798522665,5.7136183
-73.79925325443163,40.880473798522665,5.696787
-73.79609715679474,40.880473798522665,5.696787
-73.79294105915787,40.880473798522665,5.6817966
-73.78978496152098,40.880473798522665,5.667992
-73.7866288638841,40.880473798522665,5.6578703
-73.92865325754376,40.87731770088578,6.296191
-73.92549715990688,40.87731770088578,6.254356
-73.92234106227,40.87731770088578,6.268479
-73.91918496463312,40.87731770088578,6.310667
-73.91602886699623,40.87731770088578,6.3868427
-73.91287276935935,40.87731770088578,6.4462504
-73.90971667172246,40.87731770088578,6.4462504
-73.90656057408559,40.87731770088578,6.4714375
-73.90340447644871,40.87731770088578,6.4621787
-73.90024837881182,40.87731770088578,6.441685
-73.89709228117495,40.87731770088578,6.4202256
-73.89393618353806,40.87731770088578,6.4212084
-73.89078008590118,40.87731770088578,6.389109
-73.8876239882643,40.87731770088578,6.3914843
-73.88446789062742,40.87731770088578,6.395175
-73.88131179299054,40.87731770088578,6.395175
-73.87815569535366,40.87731770088578,6.3938184
-73.87499959771678,40.87731770088578,6.3881683
-73.87184350007989,40.87731770088578,6.361402
-73.86868740244302,40.87731770088578,6.3007503
-73.86553130480614,40.87731770088578,6.2349563
-73.86237520716925,40.87731770088578,6.194877
-73.85921910953238,40.87731770088578,6.13832
-73.85606301189549,40.87731770088578,6.1031017
-73.85290691425861,40.87731770088578,6.1031017
-73.84975081662172,40.87731770088578,6.0910945
-73.84659471898485,40.87731770088578,6.117926
-73.84343862134797,40.87731770088578,6.1980486
-73.84028252371108,40.87731770088578,6.227442
-73.8371264260742,40.87731770088578,6.2221737
-73.83397032843732,40.87731770088578,6.23313
-73.83081423080044,40.87731770088578,6.1837363
-73.82765813316355,40.87731770088578,6.0974226
-73.82450203552668,40.87731770088578,6.0974226
-73.8213459378898,40.87731770088578,6.0048056
-73.81818984025291,40.87731770088578,5.860478
-73.81503374261604,40.87731770088578,5.7833905
-73.81187764497915,40.87731770088578,5.754514
-73.80872154734227,40.87731770088578,5.741755
-73.80556544970538,40.87731770088578,5.728978
-73.80240935206851,40.87731770088578,5.7151055
-73.79925325443163,40.87731770088578,5.69632
-73.79609715679474,40.87731770088578,5.69632
-73.79294105915787,40.87731770088578,5.676066
-73.78978496152098,40.87731770088578,5.661976
-73.7866288638841,40.87731770088578,5.651679
-73.78347276624721,40.87731770088578,5.646572
-73.78031666861034,40.87731770088578,5.6393228
-73.92865325754376,40.87416160324891,6.32507
-73.92549715990688,40.87416160324891,6.3546376
-73.92234106227,40.87416160324891,6.368562
-73.91918496463312,40.87416160324891,6.383079
-73.91602886699623,40.87416160324891,6.4090376
-73.91287276935935,40.87416160324891,6.4341116
-73.90971667172246,40.87416160324891,6.4341116
-73.90656057408559,40.87416160324891,6.4377027
-73.90340447644871,40.87416160324891,6.4260354
-73.90024837881182,40.87416160324891,6.4291058
-73.89709228117495,40.87416160324891,6.4300184
-73.89393618353806,40.87416160324891,6.4240336
-73.89078008590118,40.87416160324891,6.417436
-73.8876239882643,40.87416160324891,6.4329324
-73.88446789062742,40.87416160324891,6.4468994
-73.88131179299054,40.87416160324891,6.4468994
-73.87815569535366,40.87416160324891,6.442306
-73.87499959771678,40.87416160324891,6.418386
-73.87184350007989,40.87416160324891,6.3812838
-73.86868740244302,40.87416160324891,6.328582
-73.86553130480614,40.87416160324891,6.215995
-73.86237520716925,40.87416160324891,6.1613955
-73.85921910953238,40.87416160324891,6.119353
-73.85606301189549,40.87416160324891,6.0812154
-73.85290691425861,40.87416160324891,6.0812154
-73.84975081662172,40.87416160324891,6.0692663
-73.84659471898485,40.87416160324891,6.0998607
-73.84343862134797,40.87416160324891,6.2008276
-73.84028252371108,40.87416160324891,6.2513227
-73.8371264260742,40.87416160324891,6.2416472
-73.83397032843732,40.87416160324891,6.1926355
-73.83081423080044,40.87416160324891,6.0956445
-73.82765813316355,40.87416160324891,6.0117908
-73.82450203552668,40.87416160324891,6.0117908
-73.8213459378898,40.87416160324891,5.9156704
-73.81818984025291,40.87416160324891,5.840408
-73.81503374261604,40.87416160324891,5.7758336
-73.81187764497915,40.87416160324891,5.7506475
-73.80872154734227,40.87416160324891,5.7369967
-73.80556544970538,40.87416160324891,5.7251177
-73.80240935206851,40.87416160324891,5.7117167
-73.79925325443163,40.87416160324891,5.6939073
-73.79609715679474,40.87416160324891,5.6939073
-73.79294105915787,40.87416160324891,5.6710496
-73.78978496152098,40.87416160324891,5.6560335
-73.7866288638841,40.87416160324891,5.645194
-73.78347276624721,40.87416160324891,5.6381006
-73.77716057097346,40.87416160324891,5.6241426
-73.77400447333657,40.87416160324891,5.6161118
-73.7708483756997,40.87416160324891,5.6161118
-73.93180935518063,40.871005505612025,6.4514394
-73.92865325754376,40.871005505612025,6.437451
-73.92549715990688,40.871005505612025,6.48379
-73.92234106227,40.871005505612025,6.5082283
-73.91918496463312,40.871005505612025,6.4880986
-73.91602886699623,40.871005505612025,6.469241
-73.91287276935935,40.871005505612025,6.4669876
-73.90971667172246,40.871005505612025,6.4669876
-73.90656057408559,40.871005505612025,6.446996
-73.90340447644871,40.871005505612025,6.432598
-73.90024837881182,40.871005505612025,6.431209
-73.89709228117495,40.871005505612025,6.4321966
-73.89393618353806,40.871005505612025,6.453669
-73.89078008590118,40.871005505612025,6.446909
-73.8876239882643,40.871005505612025,6.439884
-73.88446789062742,40.871005505612025,6.443967
-73.88131179299054,40.871005505612025,6.443967
-73.87815569535366,40.871005505612025,6.425349
-73.87499959771678,40.871005505612025,6.400121
-73.87184350007989,40.871005505612025,6.391045
-73.86868740244302,40.871005505612025,6.361273
-73.86553130480614,40.871005505612025,6.2408733
-73.86237520716925,40.871005505612025,6.1899667
-73.85921910953238,40.871005505612025,6.155012
-73.85606301189549,40.871005505612025,6.090311
-73.85290691425861,40.871005505612025,6.090311
-73.84975081662172,40.871005505612025,6.0465565
-73.84659471898485,40.871005505612025,6.063701
-73.84343862134797,40.871005505612025,6.1740184
-73.84028252371108,40.871005505612025,6.226397
-73.8371264260742,40.871005505612025,6.2189903
-73.83397032843732,40.871005505612025,6.168603
-73.83081423080044,40.871005505612025,6.0823555
-73.82765813316355,40.871005505612025,5.974321
-73.82450203552668,40.871005505612025,5.974321
-73.8213459378898,40.871005505612025,5.9019413
-73.81818984025291,40.871005505612025,5.8396616
-73.81503374261604,40.871005505612025,5.780757
-73.81187764497915,40.871005505612025,5.748123
-73.80872154734227,40.871005505612025,5.7316694
-73.80556544970538,40.871005505612025,5.719941
-73.80240935206851,40.871005505612025,5.70539
-73.79925325443163,40.871005505612025,5.686988
-73.79609715679474,40.871005505612025,5.686988
-73.79294105915787,40.871005505612025,5.6674833
-73.78978496152098,40.871005505612025,5.6507
-73.7866288638841,40.871005505612025,5.6410646
-73.78347276624721,40.871005505612025,5.633863
-73.77400447333657,40.871005505612025,5.599523
-73.7708483756997,40.871005505612025,5.594717
-73.76769227806281,40.871005505612025,5.594717
-73.93180935518063,40.86784940797514,6.489373
-73.92865325754376,40.86784940797514,6.5557375
-73.92549715990688,40.86784940797514,6.6225834
-73.92234106227,40.86784940797514,6.6432557
-73.91918496463312,40.86784940797514,6.6268196
-73.91602886699623,40.86784940797514,6.561679
-73.91287276935935,40.86784940797514,6.5311346
-73.90971667172246,40.86784940797514,6.5311346
-73.90656057408559,40.86784940797514,6.484068
-73.90340447644871,40.86784940797514,6.470507
-73.90024837881182,40.86784940797514,6.4665394
-73.89709228117495,40.86784940797514,6.4879174
-73.89393618353806,40.86784940797514,6.527276
-73.89078008590118,40.86784940797514,6.4976964
-73.8876239882643,40.86784940797514,6.462425
-73.88446789062742,40.86784940797514,6.4022784
-73.88131179299054,40.86784940797514,6.4022784
-73.87815569535366,40.86784940797514,6.3702154
-73.87499959771678,40.86784940797514,6.360934
-73.87184350007989,40.86784940797514,6.3694396
-73.86868740244302,40.86784940797514,6.3240495
-73.86553130480614,40.86784940797514,6.225987
-73.86237520716925,40.86784940797514,6.1892447
-73.85921910953238,40.86784940797514,6.168093
-73.85606301189549,40.86784940797514,6.1101403
-73.85290691425861,40.86784940797514,6.1101403
-73.84975081662172,40.86784940797514,6.0377626
-73.84659471898485,40.86784940797514,6.0261855
-73.84343862134797,40.86784940797514,6.0908933
-73.84028252371108,40.86784940797514,6.136223
-73.8371264260742,40.86784940797514,6.170242
-73.83397032843732,40.86784940797514,6.135899
-73.83081423080044,40.86784940797514,6.0680523
-73.82765813316355,40.86784940797514,5.965296
-73.82450203552668,40.86784940797514,5.965296
-73.8213459378898,40.86784940797514,5.9130826
-73.81818984025291,40.86784940797514,5.8617992
-73.81503374261604,40.86784940797514,5.789569
-73.81187764497915,40.86784940797514,5.7462196
-73.80872154734227,40.86784940797514,5.727166
-73.80556544970538,40.86784940797514,5.7131724
-73.80240935206851,40.86784940797514,5.6965337
-73.79925325443163,40.86784940797514,5.677583
-73.79609715679474,40.86784940797514,5.677583
-73.79294105915787,40.86784940797514,5.660275
-73.78978496152098,40.86784940797514,5.647373
-73.7866288638841,40.86784940797514,5.638308
-73.78347276624721,40.86784940797514,5.6356378
-73.93496545281752,40.86469331033826,6.5739303
-73.93180935518063,40.86469331033826,6.58227
-73.92865325754376,40.86469331033826,6.6851816
-73.92549715990688,40.86469331033826,6.7257295
-73.92234106227,40.86469331033826,6.742734
-73.91918496463312,40.86469331033826,6.7232165
-73.91602886699623,40.86469331033826,6.6500816
-73.91287276935935,40.86469331033826,6.5743
-73.90971667172246,40.86469331033826,6.5743
-73.90656057408559,40.86469331033826,6.5141044
-73.90340447644871,40.86469331033826,6.502729
-73.90024837881182,40.86469331033826,6.5716553
-73.89709228117495,40.86469331033826,6.634356
-73.89393618353806,40.86469331033826,6.6664643
-73.89078008590118,40.86469331033826,6.615962
-73.8876239882643,40.86469331033826,6.5037713
-73.88446789062742,40.86469331033826,6.3652415
-73.88131179299054,40.86469331033826,6.3652415
-73.87815569535366,40.86469331033826,6.260736
-73.87499959771678,40.86469331033826,6.2189636
-73.87184350007989,40.86469331033826,6.2145624
-73.86868740244302,40.86469331033826,6.214795
-73.86553130480614,40.86469331033826,6.2055864
-73.86237520716925,40.86469331033826,6.186306
-73.85921910953238,40.86469331033826,6.1471143
-73.85606301189549,40.86469331033826,6.08835
-73.85290691425861,40.86469331033826,6.08835
-73.84975081662172,40.86469331033826,6.016306
-73.84659471898485,40.86469331033826,5.96987
-73.84343862134797,40.86469331033826,5.953972
-73.84028252371108,40.86469331033826,5.97796
-73.8371264260742,40.86469331033826,6.0180674
-73.83397032843732,40.86469331033826,6.006381
-73.83081423080044,40.86469331033826,5.9580746
-73.82765813316355,40.86469331033826,5.921282
-73.82450203552668,40.86469331033826,5.921282
-73.8213459378898,40.86469331033826,5.892234
-73.81818984025291,40.86469331033826,5.842666
-73.81503374261604,40.86469331033826,5.7743387
-73.81187764497915,40.86469331033826,5.729147
-73.80872154734227,40.86469331033826,5.707276
-73.80556544970538,40.86469331033826,5.691639
-73.80240935206851,40.86469331033826,5.6766095
-73.79925325443163,40.86469331033826,5.661504
-73.79609715679474,40.86469331033826,5.661504
-73.79294105915787,40.86469331033826,5.6539316
-73.78347276624721,40.86469331033826,5.6504426
-73.93496545281752,40.86153721270138,6.5649385
-73.93180935518063,40.86153721270138,6.617646
-73.92865325754376,40.86153721270138,6.7079515
-73.92549715990688,40.86153721270138,6.7342486
-73.92234106227,40.86153721270138,6.732511
-73.91918496463312,40.86153721270138,6.6846695
-73.91602886699623,40.86153721270138,6.5900326
-73.91287276935935,40.86153721270138,6.493178
-73.90971667172246,40.86153721270138,6.493178
-73.90656057408559,40.86153721270138,6.4659486
-73.90340447644871,40.86153721270138,6.5168695
-73.90024837881182,40.86153721270138,6.6377625
-73.89709228117495,40.86153721270138,6.748836
-73.89393618353806,40.86153721270138,6.81267
-73.89078008590118,40.86153721270138,6.761294
-73.8876239882643,40.86153721270138,6.594821
-73.88446789062742,40.86153721270138,6.440673
-73.88131179299054,40.86153721270138,6.440673
-73.87815569535366,40.86153721270138,6.281262
-73.87499959771678,40.86153721270138,6.203142
-73.87184350007989,40.86153721270138,6.182074
-73.86868740244302,40.86153721270138,6.199011
-73.86553130480614,40.86153721270138,6.2119575
-73.86237520716925,40.86153721270138,6.1992054
-73.85921910953238,40.86153721270138,6.14582
-73.85606301189549,40.86153721270138,6.0681767
-73.85290691425861,40.86153721270138,6.0681767
-73.84975081662172,40.86153721270138,5.9990263
-73.84659471898485,40.86153721270138,5.9952803
-73.84343862134797,40.86153721270138,6.0174074
-73.84028252371108,40.86153721270138,6.0416727
-73.8371264260742,40.86153721270138,6.033929
-73.83397032843732,40.86153721270138,5.9770117
-73.83081423080044,40.86153721270138,5.929062
-73.82765813316355,40.86153721270138,5.896205
-73.82450203552668,40.86153721270138,5.896205
-73.8213459378898,40.86153721270138,5.862758
-73.81818984025291,40.86153721270138,5.8232427
-73.81503374261604,40.86153721270138,5.7637906
-73.81187764497915,40.86153721270138,5.7269893
-73.80872154734227,40.86153721270138,5.693808
-73.80556544970538,40.86153721270138,5.6792297
-73.80240935206851,40.86153721270138,5.669378
-73.79925325443163,40.86153721270138,5.6651297
-73.79609715679474,40.86153721270138,5.6651297
-73.79294105915787,40.86153721270138,5.6669126
-73.78978496152098,40.86153721270138,5.676033
-73.7866288638841,40.86153721270138,5.679793
-73.78347276624721,40.86153721270138,5.666867
-73.77716057097346,40.86153721270138,5.5836825
-73.77400447333657,40.86153721270138,5.5670066
-73.94127764809129,40.858381115064496,6.5728264
-73.9381215504544,40.858381115064496,6.5728264
-73.93496545281752,40.858381115064496,6.5880923
-73.93180935518063,40.858381115064496,6.6446614
-73.92865325754376,40.858381115064496,6.6927843
-73.92549715990688,40.858381115064496,6.6958027
-73.92234106227,40.858381115064496,6.655373
-73.91918496463312,40.858381115064496,6.5649624
-73.91602886699623,40.858381115064496,6.458294
-73.91287276935935,40.858381115064496,6.4049454
-73.90971667172246,40.858381115064496,6.4049454
-73.90656057408559,40.858381115064496,6.4201336
-73.90340447644871,40.858381115064496,6.517061
-73.90024837881182,40.858381115064496,6.710145
-73.89709228117495,40.858381115064496,6.890983
-73.89393618353806,40.858381115064496,6.915669
-73.89078008590118,40.858381115064496,6.8166647
-73.8876239882643,40.858381115064496,6.6664805
-73.88446789062742,40.858381115064496,6.4838943
-73.88131179299054,40.858381115064496,6.4838943
-73.87815569535366,40.858381115064496,6.325622
-73.87499959771678,40.858381115064496,6.2200217
-73.87184350007989,40.858381115064496,6.1582227
-73.86868740244302,40.858381115064496,6.1737685
-73.86553130480614,40.858381115064496,6.195742
-73.86237520716925,40.858381115064496,6.1866713
-73.85921910953238,40.858381115064496,6.1377134
-73.85606301189549,40.858381115064496,6.0516233
-73.85290691425861,40.858381115064496,6.0516233
-73.84975081662172,40.858381115064496,6.0416613
-73.84659471898485,40.858381115064496,6.127708
-73.84343862134797,40.858381115064496,6.3391566
-73.84028252371108,40.858381115064496,6.4818263
-73.8371264260742,40.858381115064496,6.316963
-73.83397032843732,40.858381115064496,6.067833
-73.83081423080044,40.858381115064496,5.933173
-73.82765813316355,40.858381115064496,5.8735857
-73.82450203552668,40.858381115064496,5.8735857
-73.8213459378898,40.858381115064496,5.8374524
-73.81818984025291,40.858381115064496,5.7971725
-73.81503374261604,40.858381115064496,5.7533793
-73.81187764497915,40.858381115064496,5.722518
-73.80872154734227,40.858381115064496,5.684155
-73.80556544970538,40.858381115064496,5.673615
-73.80240935206851,40.858381115064496,5.6720066
-73.79925325443163,40.858381115064496,5.681279
-73.79609715679474,40.858381115064496,5.681279
-73.79294105915787,40.858381115064496,5.703455
-73.78978496152098,40.858381115064496,5.7066636
-73.7866288638841,40.858381115064496,5.703907
-73.78347276624721,40.858381115064496,5.689406
-73.77400447333657,40.858381115064496,5.5603323
-73.7708483756997,40.858381115064496,5.550319
-73.76769227806281,40.858381115064496,5.550319
-73.94127764809129,40.855225017427614,6.5945444
-73.9381215504544,40.855225017427614,6.5945444
-73.93496545281752,40.855225017427614,6.61781
-73.93180935518063,40.855225017427614,6.6542244
-73.92865325754376,40.855225017427614,6.663686
-73.92549715990688,40.855225017427614,6.605873
-73.92234106227,40.855225017427614,6.509452
-73.91918496463312,40.855225017427614,6.4069467
-73.91602886699623,40.855225017427614,6.3184285
-73.91287276935935,40.855225017427614,6.313643
-73.90971667172246,40.855225017427614,6.313643
-73.90656057408559,40.855225017427614,6.374999
-73.90340447644871,40.855225017427614,6.510449
-73.90024837881182,40.855225017427614,6.744342
-73.89709228117495,40.855225017427614,6.9116435
-73.89393618353806,40.855225017427614,6.953207
-73.89078008590118,40.855225017427614,6.8713326
-73.8876239882643,40.855225017427614,6.652916
-73.88446789062742,40.855225017427614,6.4640207
-73.88131179299054,40.855225017427614,6.4640207
-73.87815569535366,40.855225017427614,6.335625
-73.87499959771678,40.855225017427614,6.2316923
-73.87184350007989,40.855225017427614,6.144311
-73.86868740244302,40.855225017427614,6.1216474
-73.86553130480614,40.855225017427614,6.1450887
-73.86237520716925,40.855225017427614,6.148615
-73.85921910953238,40.855225017427614,6.1195545
-73.85606301189549,40.855225017427614,6.062709
-73.85290691425861,40.855225017427614,6.062709
-73.84975081662172,40.855225017427614,6.137648
-73.84659471898485,40.855225017427614,6.523292
-73.84343862134797,40.855225017427614,6.7241855
-73.84028252371108,40.855225017427614,6.7635694
-73.8371264260742,40.855225017427614,6.667196
-73.83397032843732,40.855225017427614,6.3201365
-73.83081423080044,40.855225017427614,5.9865193
-73.82765813316355,40.855225017427614,5.8598046
-73.82450203552668,40.855225017427614,5.8598046
-73.8213459378898,40.855225017427614,5.8125505
-73.81818984025291,40.855225017427614,5.7667527
-73.81503374261604,40.855225017427614,5.7603354
-73.81187764497915,40.855225017427614,5.7172966
-73.80556544970538,40.855225017427614,5.673156
-73.80240935206851,40.855225017427614,5.6776366
-73.79925325443163,40.855225017427614,5.7080703
-73.79609715679474,40.855225017427614,5.7080703
-73.79294105915787,40.855225017427614,5.714921
-73.78978496152098,40.855225017427614,5.720561
-73.7866288638841,40.855225017427614,5.7131677
-73.78347276624721,40.855225017427614,5.70413
-73.78031666861034,40.855225017427614,5.657936
-73.77400447333657,40.855225017427614,5.55578
-73.7708483756997,40.855225017427614,5.545231
-73.76769227806281,40.855225017427614,5.545231
-73.76453618042594,40.855225017427614,5.539843
-73.94443374572816,40.85206891979074,6.626291
-73.94127764809129,40.85206891979074,6.655974
-73.9381215504544,40.85206891979074,6.655974
-73.93496545281752,40.85206891979074,6.677924
-73.93180935518063,40.85206891979074,6.6670394
-73.92865325754376,40.85206891979074,6.610772
-73.92549715990688,40.85206891979074,6.5183825
-73.92234106227,40.85206891979074,6.3848267
-73.91918496463312,40.85206891979074,6.2565207
-73.91602886699623,40.85206891979074,6.204519
-73.91287276935935,40.85206891979074,6.2292333
-73.90971667172246,40.85206891979074,6.2292333
-73.90656057408559,40.85206891979074,6.317114
-73.90340447644871,40.85206891979074,6.4536877
-73.90024837881182,40.85206891979074,6.710319
-73.89709228117495,40.85206891979074,6.872934
-73.89393618353806,40.85206891979074,6.9358044
-73.89078008590118,40.85206891979074,6.858199
-73.8876239882643,40.85206891979074,6.605993
-73.88446789062742,40.85206891979074,6.435792
-73.88131179299054,40.85206891979074,6.435792
-73.87815569535366,40.85206891979074,6.320847
-73.87499959771678,40.85206891979074,6.226938
-73.87184350007989,40.85206891979074,6.159547
-73.86868740244302,40.85206891979074,6.1368947
-73.86553130480614,40.85206891979074,6.166795
-73.86237520716925,40.85206891979074,6.1831245
-73.85921910953238,40.85206891979074,6.153134
-73.85606301189549,40.85206891979074,6.1118584
-73.85290691425861,40.85206891979074,6.1118584
-73.84975081662172,40.85206891979074,6.2095547
-73.84659471898485,40.85206891979074,6.67021
-73.84343862134797,40.85206891979074,6.8575463
-73.84028252371108,40.85206891979074,6.899675
-73.8371264260742,40.85206891979074,6.810606
-73.83397032843732,40.85206891979074,6.5259995
-73.83081423080044,40.85206891979074,6.0199265
-73.82765813316355,40.85206891979074,5.863184
-73.82450203552668,40.85206891979074,5.863184
-73.8213459378898,40.85206891979074,5.804857
-73.81818984025291,40.85206891979074,5.762522
-73.81503374261604,40.85206891979074,5.752623
-73.81187764497915,40.85206891979074,5.7149878
-73.80556544970538,40.85206891979074,5.672826
-73.80240935206851,40.85206891979074,5.681159
-73.79925325443163,40.85206891979074,5.704154
-73.79609715679474,40.85206891979074,5.704154
-73.79294105915787,40.85206891979074,5.7195716
-73.78978496152098,40.85206891979074,5.72404
-73.7866288638841,40.85206891979074,5.7162647
-73.77400447333657,40.85206891979074,5.550733
-73.7708483756997,40.85206891979074,5.543015
-73.76769227806281,40.85206891979074,5.543015
-73.94758984336505,40.848912822153856,6.567251
-73.94443374572816,40.848912822153856,6.642298
-73.94127764809129,40.848912822153856,6.700886
-73.9381215504544,40.848912822153856,6.700886
-73.93496545281752,40.848912822153856,6.720604
-73.93180935518063,40.848912822153856,6.6898537
-73.92865325754376,40.848912822153856,6.6135445
-73.92549715990688,40.848912822153856,6.4456778
-73.92234106227,40.848912822153856,6.291835
-73.91918496463312,40.848912822153856,6.18408
-73.91602886699623,40.848912822153856,6.1707997
-73.91287276935935,40.848912822153856,6.2302866
-73.90971667172246,40.848912822153856,6.2302866
-73.90656057408559,40.848912822153856,6.335372
-73.90340447644871,40.848912822153856,6.507632
-73.90024837881182,40.848912822153856,6.698289
-73.89709228117495,40.848912822153856,6.815641
-73.89393618353806,40.848912822153856,6.8585415
-73.89078008590118,40.848912822153856,6.7902966
-73.8876239882643,40.848912822153856,6.573142
-73.88446789062742,40.848912822153856,6.4208174
-73.88131179299054,40.848912822153856,6.4208174
-73.87815569535366,40.848912822153856,6.3109
-73.87499959771678,40.848912822153856,6.238296
-73.87184350007989,40.848912822153856,6.1891327
-73.86868740244302,40.848912822153856,6.160489
-73.86553130480614,40.848912822153856,6.223277
-73.86237520716925,40.848912822153856,6.300836
-73.85921910953238,40.848912822153856,6.3103027
-73.85606301189549,40.848912822153856,6.24609
-73.85290691425861,40.848912822153856,6.24609
-73.84975081662172,40.848912822153856,6.2576585
-73.84659471898485,40.848912822153856,6.6533933
-73.84343862134797,40.848912822153856,6.866193
-73.84028252371108,40.848912822153856,6.937544
-73.8371264260742,40.848912822153856,6.801957
-73.83397032843732,40.848912822153856,6.483286
-73.83081423080044,40.848912822153856,6.003756
-73.82765813316355,40.848912822153856,5.8720527
-73.82450203552668,40.848912822153856,5.8720527
-73.8213459378898,40.848912822153856,5.825699
-73.81818984025291,40.848912822153856,5.763254
-73.81503374261604,40.848912822153856,5.737217
-73.80240935206851,40.848912822153856,5.6799765
-73.79925325443163,40.848912822153856,5.7066417
-73.79609715679474,40.848912822153856,5.7066417
-73.78978496152098,40.848912822153856,5.7223716
-73.7866288638841,40.848912822153856,5.715383
-73.78347276624721,40.848912822153856,5.7101426
-73.77400447333657,40.848912822153856,5.5584564
-73.7708483756997,40.848912822153856,5.541326
-73.76769227806281,40.848912822153856,5.541326
-73.94758984336505,40.845756724516974,6.624514
-73.94443374572816,40.845756724516974,6.6843963
-73.94127764809129,40.845756724516974,6.733271
-73.9381215504544,40.845756724516974,6.733271
-73.93496545281752,40.845756724516974,6.7333694
-73.93180935518063,40.845756724516974,6.6744776
-73.92865325754376,40.845756724516974,6.574593
-73.92549715990688,40.845756724516974,6.4132695
-73.92234106227,40.845756724516974,6.374773
-73.91918496463312,40.845756724516974,6.3459554
-73.91602886699623,40.845756724516974,6.3037877
-73.91287276935935,40.845756724516974,6.4102864
-73.90971667172246,40.845756724516974,6.4102864
-73.90656057408559,40.845756724516974,6.7173
-73.90340447644871,40.845756724516974,6.8804884
-73.90024837881182,40.845756724516974,6.9445653
-73.89709228117495,40.845756724516974,6.9008164
-73.89393618353806,40.845756724516974,6.725106
-73.89078008590118,40.845756724516974,6.5602946
-73.8876239882643,40.845756724516974,6.4134145
-73.88446789062742,40.845756724516974,6.415285
-73.88131179299054,40.845756724516974,6.415285
-73.87815569535366,40.845756724516974,6.3910737
-73.87499959771678,40.845756724516974,6.3855114
-73.87184350007989,40.845756724516974,6.3450212
-73.86868740244302,40.845756724516974,6.3245525
-73.86553130480614,40.845756724516974,6.584399
-73.86237520716925,40.845756724516974,6.715609
-73.85921910953238,40.845756724516974,6.7664523
-73.85606301189549,40.845756724516974,6.715319
-73.85290691425861,40.845756724516974,6.715319
-73.84975081662172,40.845756724516974,6.5897264
-73.84659471898485,40.845756724516974,6.444188
-73.84343862134797,40.845756724516974,6.472903
-73.84028252371108,40.845756724516974,6.493006
-73.8371264260742,40.845756724516974,6.3708615
-73.83397032843732,40.845756724516974,6.104829
-73.83081423080044,40.845756724516974,5.935522
-73.82765813316355,40.845756724516974,5.879189
-73.82450203552668,40.845756724516974,5.879189
-73.8213459378898,40.845756724516974,5.8330636
-73.81818984025291,40.845756724516974,5.757819
-73.81503374261604,40.845756724516974,5.728978
-73.81187764497915,40.845756724516974,5.7238917
-73.78978496152098,40.845756724516974,5.7057786
-73.7866288638841,40.845756724516974,5.6982985
-73.78347276624721,40.845756724516974,5.6841483
-73.78031666861034,40.845756724516974,5.6640086
-73.7708483756997,40.845756724516974,5.5430727
-73.76769227806281,40.845756724516974,5.5430727
-73.94758984336505,40.84260062688009,6.6341662
-73.94443374572816,40.84260062688009,6.682851
-73.94127764809129,40.84260062688009,6.7228675
-73.9381215504544,40.84260062688009,6.7228675
-73.93496545281752,40.84260062688009,6.6992416
-73.93180935518063,40.84260062688009,6.630601
-73.92865325754376,40.84260062688009,6.516927
-73.92549715990688,40.84260062688009,6.4781375
-73.92234106227,40.84260062688009,6.4552875
-73.91918496463312,40.84260062688009,6.4793267
-73.91602886699623,40.84260062688009,6.5130196
-73.91287276935935,40.84260062688009,6.545134
-73.90971667172246,40.84260062688009,6.545134
-73.90656057408559,40.84260062688009,6.8516865
-73.90340447644871,40.84260062688009,6.9822893
-73.90024837881182,40.84260062688009,6.9990864
-73.89709228117495,40.84260062688009,6.934063
-73.89393618353806,40.84260062688009,6.73163
-73.89078008590118,40.84260062688009,6.45813
-73.8876239882643,40.84260062688009,6.4118805
-73.88446789062742,40.84260062688009,6.442547
-73.88131179299054,40.84260062688009,6.442547
-73.87815569535366,40.84260062688009,6.446764
-73.87499959771678,40.84260062688009,6.44889
-73.87184350007989,40.84260062688009,6.4327602
-73.86868740244302,40.84260062688009,6.4626145
-73.86553130480614,40.84260062688009,6.6891294
-73.86237520716925,40.84260062688009,6.8180313
-73.85921910953238,40.84260062688009,6.877822
-73.85606301189549,40.84260062688009,6.8597918
-73.85290691425861,40.84260062688009,6.8597918
-73.84975081662172,40.84260062688009,6.752456
-73.84659471898485,40.84260062688009,6.551663
-73.84343862134797,40.84260062688009,6.489768
-73.84028252371108,40.84260062688009,6.478843
-73.8371264260742,40.84260062688009,6.3423877
-73.83397032843732,40.84260062688009,6.089059
-73.83081423080044,40.84260062688009,5.941274
-73.82765813316355,40.84260062688009,5.879923
-73.82450203552668,40.84260062688009,5.879923
-73.8213459378898,40.84260062688009,5.8158035
-73.81818984025291,40.84260062688009,5.752936
-73.81503374261604,40.84260062688009,5.726371
-73.80872154734227,40.84260062688009,5.699054
-73.80556544970538,40.84260062688009,5.6652503
-73.80240935206851,40.84260062688009,5.675584
-73.78978496152098,40.84260062688009,5.668746
-73.7866288638841,40.84260062688009,5.6517324
-73.78347276624721,40.84260062688009,5.639268
-73.78031666861034,40.84260062688009,5.64107
-73.94758984336505,40.83944452924321,6.600619
-73.94443374572816,40.83944452924321,6.643729
-73.94127764809129,40.83944452924321,6.6651096
-73.9381215504544,40.83944452924321,6.6651096
-73.93496545281752,40.83944452924321,6.6438794
-73.93180935518063,40.83944452924321,6.5609927
-73.92865325754376,40.83944452924321,6.4418797
-73.92549715990688,40.83944452924321,6.461766
-73.92234106227,40.83944452924321,6.5204225
-73.91918496463312,40.83944452924321,6.574388
-73.91602886699623,40.83944452924321,6.611243
-73.91287276935935,40.83944452924321,6.6615458
-73.90971667172246,40.83944452924321,6.6615458
-73.90656057408559,40.83944452924321,6.9149294
-73.90340447644871,40.83944452924321,7.030966
-73.90024837881182,40.83944452924321,7.031685
-73.89709228117495,40.83944452924321,6.937334
-73.89393618353806,40.83944452924321,6.7195826
-73.89078008590118,40.83944452924321,6.5106597
-73.8876239882643,40.83944452924321,6.482036
-73.88446789062742,40.83944452924321,6.4989862
-73.88131179299054,40.83944452924321,6.4989862
-73.87815569535366,40.83944452924321,6.499733
-73.87499959771678,40.83944452924321,6.5007358
-73.87184350007989,40.83944452924321,6.485054
-73.86868740244302,40.83944452924321,6.5240607
-73.86553130480614,40.83944452924321,6.7311773
-73.86237520716925,40.83944452924321,6.8576117
-73.85921910953238,40.83944452924321,6.9113336
-73.85606301189549,40.83944452924321,6.894012
-73.85290691425861,40.83944452924321,6.894012
-73.84975081662172,40.83944452924321,6.7288175
-73.84659471898485,40.83944452924321,6.7200317
-73.84343862134797,40.83944452924321,6.690207
-73.84028252371108,40.83944452924321,6.600031
-73.8371264260742,40.83944452924321,6.4328036
-73.83397032843732,40.83944452924321,6.157485
-73.83081423080044,40.83944452924321,5.9438086
-73.82765813316355,40.83944452924321,5.8679814
-73.82450203552668,40.83944452924321,5.8679814
-73.8213459378898,40.83944452924321,5.8012652
-73.81818984025291,40.83944452924321,5.757208
-73.81503374261604,40.83944452924321,5.733917
-73.7866288638841,40.83944452924321,5.6297135
-73.78347276624721,40.83944452924321,5.61932
-73.78031666861034,40.83944452924321,5.62571
-73.95074594100193,40.83628843160633,6.5854774
-73.94758984336505,40.83628843160633,6.5822926
-73.94443374572816,40.83628843160633,6.6061563
-73.94127764809129,40.83628843160633,6.618135
-73.9381215504544,40.83628843160633,6.618135
-73.93496545281752,40.83628843160633,6.575103
-73.93180935518063,40.83628843160633,6.475347
-73.92865325754376,40.83628843160633,6.3635564
-73.92549715990688,40.83628843160633,6.444539
-73.92234106227,40.83628843160633,6.5304747
-73.91918496463312,40.83628843160633,6.612535
-73.91602886699623,40.83628843160633,6.657188
-73.91287276935935,40.83628843160633,6.6719174
-73.90971667172246,40.83628843160633,6.6719174
-73.90656057408559,40.83628843160633,6.903471
-73.90340447644871,40.83628843160633,7.0378003
-73.90024837881182,40.83628843160633,7.0061836
-73.89709228117495,40.83628843160633,6.890705
-73.89393618353806,40.83628843160633,6.6608377
-73.89078008590118,40.83628843160633,6.5503592
-73.8876239882643,40.83628843160633,6.5240073
-73.88446789062742,40.83628843160633,6.551595
-73.88131179299054,40.83628843160633,6.551595
-73.87815569535366,40.83628843160633,6.5800023
-73.87499959771678,40.83628843160633,6.5460663
-73.87184350007989,40.83628843160633,6.5223317
-73.86868740244302,40.83628843160633,6.512727
-73.86553130480614,40.83628843160633,6.5682206
-73.86237520716925,40.83628843160633,6.688159
-73.85921910953238,40.83628843160633,6.8188562
-73.85606301189549,40.83628843160633,6.7145762
-73.85290691425861,40.83628843160633,6.7145762
-73.84975081662172,40.83628843160633,6.7591157
-73.84659471898485,40.83628843160633,6.9089274
-73.84343862134797,40.83628843160633,6.9726605
-73.84028252371108,40.83628843160633,6.874997
-73.8371264260742,40.83628843160633,6.6374283
-73.83397032843732,40.83628843160633,6.2186284
-73.83081423080044,40.83628843160633,5.9326525
-73.82765813316355,40.83628843160633,5.8561115
-73.82450203552668,40.83628843160633,5.8561115
-73.8213459378898,40.83628843160633,5.8241286
-73.81818984025291,40.83628843160633,5.7932506
-73.81503374261604,40.83628843160633,5.781542
-73.7866288638841,40.83628843160633,5.6320915
-73.78347276624721,40.83628843160633,5.6117597
-73.95074594100193,40.833132333969445,6.5876355
-73.94758984336505,40.833132333969445,6.616542
-73.94443374572816,40.833132333969445,6.625573
-73.94127764809129,40.833132333969445,6.6000113
-73.9381215504544,40.833132333969445,6.6000113
-73.93496545281752,40.833132333969445,6.5223217
-73.93180935518063,40.833132333969445,6.4010477
-73.92865325754376,40.833132333969445,6.299469
-73.92549715990688,40.833132333969445,6.32291
-73.92234106227,40.833132333969445,6.4812737
-73.91918496463312,40.833132333969445,6.5870943
-73.91602886699623,40.833132333969445,6.6512547
-73.91287276935935,40.833132333969445,6.7398334
-73.90971667172246,40.833132333969445,6.7398334
-73.90656057408559,40.833132333969445,6.821544
-73.90340447644871,40.833132333969445,6.910389
-73.90024837881182,40.833132333969445,6.869182
-73.89709228117495,40.833132333969445,6.7668405
-73.89393618353806,40.833132333969445,6.6570106
-73.89078008590118,40.833132333969445,6.5923605
-73.8876239882643,40.833132333969445,6.584511
-73.88446789062742,40.833132333969445,6.584477
-73.88131179299054,40.833132333969445,6.584477
-73.87815569535366,40.833132333969445,6.5582457
-73.87499959771678,40.833132333969445,6.5428104
-73.87184350007989,40.833132333969445,6.489238
-73.86868740244302,40.833132333969445,6.4549994
-73.86553130480614,40.833132333969445,6.4333863
-73.86237520716925,40.833132333969445,6.566885
-73.85921910953238,40.833132333969445,6.627881
-73.85606301189549,40.833132333969445,6.627232
-73.85290691425861,40.833132333969445,6.627232
-73.84975081662172,40.833132333969445,6.7776175
-73.84659471898485,40.833132333969445,7.0443864
-73.84343862134797,40.833132333969445,7.3239174
-73.84028252371108,40.833132333969445,7.240815
-73.8371264260742,40.833132333969445,6.98106
-73.83397032843732,40.833132333969445,6.355819
-73.83081423080044,40.833132333969445,5.995418
-73.82765813316355,40.833132333969445,5.899343
-73.82450203552668,40.833132333969445,5.899343
-73.8213459378898,40.833132333969445,5.8884788
-73.81818984025291,40.833132333969445,5.861412
-73.81503374261604,40.833132333969445,5.806253
-73.78978496152098,40.833132333969445,5.632994
-73.7866288638841,40.833132333969445,5.629384
-73.9539020386388,40.82997623633257,6.694267
-73.95074594100193,40.82997623633257,6.7158732
-73.94758984336505,40.82997623633257,6.7809854
-73.94443374572816,40.82997623633257,6.792814
-73.94127764809129,40.82997623633257,6.7060385
-73.9381215504544,40.82997623633257,6.7060385
-73.93496545281752,40.82997623633257,6.540564
-73.93180935518063,40.82997623633257,6.3505473
-73.92865325754376,40.82997623633257,6.240733
-73.92549715990688,40.82997623633257,6.2122517
-73.92234106227,40.82997623633257,6.2716246
-73.91918496463312,40.82997623633257,6.4771667
-73.91602886699623,40.82997623633257,6.688433
-73.91287276935935,40.82997623633257,6.814726
-73.90971667172246,40.82997623633257,6.814726
-73.90656057408559,40.82997623633257,6.8699284
-73.90340447644871,40.82997623633257,6.8705325
-73.90024837881182,40.82997623633257,6.829386
-73.89709228117495,40.82997623633257,6.817984
-73.89393618353806,40.82997623633257,6.7965837
-73.89078008590118,40.82997623633257,6.7751937
-73.8876239882643,40.82997623633257,6.808908
-73.88446789062742,40.82997623633257,6.741033
-73.88131179299054,40.82997623633257,6.741033
-73.87815569535366,40.82997623633257,6.608903
-73.87499959771678,40.82997623633257,6.4481306
-73.87184350007989,40.82997623633257,6.3393826
-73.86868740244302,40.82997623633257,6.3197703
-73.86553130480614,40.82997623633257,6.2921166
-73.86237520716925,40.82997623633257,6.3313575
-73.85921910953238,40.82997623633257,6.3708386
-73.85606301189549,40.82997623633257,6.3905377
-73.85290691425861,40.82997623633257,6.3905377
-73.84975081662172,40.82997623633257,6.593783
-73.84659471898485,40.82997623633257,7.0879545
-73.84343862134797,40.82997623633257,7.3130445
-73.84028252371108,40.82997623633257,7.302857
-73.8371264260742,40.82997623633257,7.10535
-73.83397032843732,40.82997623633257,6.7368712
-73.83081423080044,40.82997623633257,6.113737
-73.82765813316355,40.82997623633257,5.950299
-73.82450203552668,40.82997623633257,5.950299
-73.8213459378898,40.82997623633257,5.946974
-73.81818984025291,40.82997623633257,5.928952
-73.81503374261604,40.82997623633257,5.886579
-73.81187764497915,40.82997623633257,5.835671
-73.95705813627569,40.82682013869569,6.798897
-73.9539020386388,40.82682013869569,6.769069
-73.95074594100193,40.82682013869569,6.8086905
-73.94758984336505,40.82682013869569,6.878589
-73.94443374572816,40.82682013869569,6.8712983
-73.94127764809129,40.82682013869569,6.756441
-73.9381215504544,40.82682013869569,6.756441
-73.93496545281752,40.82682013869569,6.5742188
-73.93180935518063,40.82682013869569,6.410567
-73.92865325754376,40.82682013869569,6.2897367
-73.92549715990688,40.82682013869569,6.214169
-73.92234106227,40.82682013869569,6.242349
-73.91918496463312,40.82682013869569,6.4502673
-73.91602886699623,40.82682013869569,6.6243377
-73.91287276935935,40.82682013869569,6.7434587
-73.90971667172246,40.82682013869569,6.7434587
-73.90656057408559,40.82682013869569,6.778284
-73.90340447644871,40.82682013869569,6.785307
-73.90024837881182,40.82682013869569,6.772171
-73.89709228117495,40.82682013869569,6.795482
-73.89393618353806,40.82682013869569,6.7941084
-73.89078008590118,40.82682013869569,6.8571043
-73.8876239882643,40.82682013869569,6.8457007
-73.88446789062742,40.82682013869569,6.7886934
-73.88131179299054,40.82682013869569,6.7886934
-73.87815569535366,40.82682013869569,6.63209
-73.87499959771678,40.82682013869569,6.486338
-73.87184350007989,40.82682013869569,6.309957
-73.86868740244302,40.82682013869569,6.2626796
-73.86553130480614,40.82682013869569,6.228044
-73.86237520716925,40.82682013869569,6.193747
-73.85921910953238,40.82682013869569,6.200545
-73.85606301189549,40.82682013869569,6.2165217
-73.85290691425861,40.82682013869569,6.2165217
-73.84975081662172,40.82682013869569,6.442412
-73.84659471898485,40.82682013869569,6.7850766
-73.84343862134797,40.82682013869569,7.1613894
-73.84028252371108,40.82682013869569,7.1930437
-73.8371264260742,40.82682013869569,7.0171385
-73.83397032843732,40.82682013869569,6.594361
-73.83081423080044,40.82682013869569,6.1424646
-73.82765813316355,40.82682013869569,5.9812293
-73.82450203552668,40.82682013869569,5.9812293
-73.8213459378898,40.82682013869569,5.938581
-73.81818984025291,40.82682013869569,5.91158
-73.81503374261604,40.82682013869569,5.8483877
-73.81187764497915,40.82682013869569,5.808103
-73.80872154734227,40.82682013869569,5.7622395
-73.96021423391257,40.823664041058805,6.84276
-73.95705813627569,40.823664041058805,6.860054
-73.9539020386388,40.823664041058805,6.9175563
-73.95074594100193,40.823664041058805,6.92673
-73.94758984336505,40.823664041058805,6.981424
-73.94443374572816,40.823664041058805,6.941836
-73.94127764809129,40.823664041058805,6.8184943
-73.9381215504544,40.823664041058805,6.663681
-73.93496545281752,40.823664041058805,6.663681
-73.93180935518063,40.823664041058805,6.5917015
-73.92865325754376,40.823664041058805,6.4595833
-73.92549715990688,40.823664041058805,6.287478
-73.92234106227,40.823664041058805,6.2781487
-73.91918496463312,40.823664041058805,6.345068
-73.91602886699623,40.823664041058805,6.503478
-73.91287276935935,40.823664041058805,6.6028123
-73.90971667172246,40.823664041058805,6.6028123
-73.90656057408559,40.823664041058805,6.648046
-73.90340447644871,40.823664041058805,6.6582146
-73.90024837881182,40.823664041058805,6.617905
-73.89709228117495,40.823664041058805,6.719711
-73.89393618353806,40.823664041058805,6.8033595
-73.89078008590118,40.823664041058805,6.884565
-73.8876239882643,40.823664041058805,6.8736334
-73.88446789062742,40.823664041058805,6.7950635
-73.88131179299054,40.823664041058805,6.7950635
-73.87815569535366,40.823664041058805,6.6451077
-73.87499959771678,40.823664041058805,6.433587
-73.87184350007989,40.823664041058805,6.2278438
-73.86868740244302,40.823664041058805,6.1795774
-73.86553130480614,40.823664041058805,6.1416407
-73.86237520716925,40.823664041058805,6.102123
-73.85921910953238,40.823664041058805,6.0774503
-73.85606301189549,40.823664041058805,6.1116624
-73.85290691425861,40.823664041058805,6.1116624
-73.84975081662172,40.823664041058805,6.354705
-73.84659471898485,40.823664041058805,6.6488924
-73.84343862134797,40.823664041058805,6.9020042
-73.84028252371108,40.823664041058805,6.971044
-73.8371264260742,40.823664041058805,6.8256397
-73.83397032843732,40.823664041058805,6.5493894
-73.83081423080044,40.823664041058805,6.2477794
-73.82765813316355,40.823664041058805,5.9410715
-73.82450203552668,40.823664041058805,5.9410715
-73.8213459378898,40.823664041058805,5.869765
-73.81818984025291,40.823664041058805,5.848925
-73.81503374261604,40.823664041058805,5.8191824
-73.81187764497915,40.823664041058805,5.778346
-73.80872154734227,40.823664041058805,5.7315664
-73.80556544970538,40.823664041058805,5.6944523
-73.96021423391257,40.82050794342192,6.8498273
-73.95705813627569,40.82050794342192,6.897121
-73.9539020386388,40.82050794342192,6.9996295
-73.95074594100193,40.82050794342192,7.0897183
-73.94758984336505,40.82050794342192,7.06155
-73.94443374572816,40.82050794342192,7.0091186
-73.94127764809129,40.82050794342192,6.8819423
-73.9381215504544,40.82050794342192,6.8426733
-73.93496545281752,40.82050794342192,6.8426733
-73.93180935518063,40.82050794342192,6.785823
-73.92865325754376,40.82050794342192,6.6928325
-73.92549715990688,40.82050794342192,6.545718
-73.92234106227,40.82050794342192,6.3745766
-73.91918496463312,40.82050794342192,6.302675
-73.91602886699623,40.82050794342192,6.335859
-73.91287276935935,40.82050794342192,6.431451
-73.90971667172246,40.82050794342192,6.431451
-73.90656057408559,40.82050794342192,6.486711
-73.90340447644871,40.82050794342192,6.500574
-73.90024837881182,40.82050794342192,6.5880785
-73.89709228117495,40.82050794342192,6.719858
-73.89393618353806,40.82050794342192,6.846609
-73.89078008590118,40.82050794342192,6.933399
-73.8876239882643,40.82050794342192,6.9127254
-73.88446789062742,40.82050794342192,6.8187885
-73.88131179299054,40.82050794342192,6.8187885
-73.87815569535366,40.82050794342192,6.643831
-73.87499959771678,40.82050794342192,6.3528934
-73.87184350007989,40.82050794342192,6.19856
-73.86868740244302,40.82050794342192,6.1288085
-73.86553130480614,40.82050794342192,6.078443
-73.86237520716925,40.82050794342192,6.0530887
-73.85921910953238,40.82050794342192,6.052165
-73.85606301189549,40.82050794342192,6.087698
-73.85290691425861,40.82050794342192,6.087698
-73.84975081662172,40.82050794342192,6.347663
-73.84659471898485,40.82050794342192,6.537909
-73.84343862134797,40.82050794342192,6.799784
-73.84028252371108,40.82050794342192,6.8482904
-73.8371264260742,40.82050794342192,6.7544017
-73.83397032843732,40.82050794342192,6.489895
-73.83081423080044,40.82050794342192,6.087516
-73.82765813316355,40.82050794342192,5.8857236
-73.82450203552668,40.82050794342192,5.8857236
-73.8213459378898,40.82050794342192,5.8185863
-73.81818984025291,40.82050794342192,5.803671
-73.81503374261604,40.82050794342192,5.7853546
-73.81187764497915,40.82050794342192,5.751889
-73.80872154734227,40.82050794342192,5.70632
-73.80556544970538,40.82050794342192,5.663636
-73.96021423391257,40.81735184578504,6.798439
-73.95705813627569,40.81735184578504,6.9093766
-73.9539020386388,40.81735184578504,7.0426407
-73.95074594100193,40.81735184578504,7.109366
-73.94758984336505,40.81735184578504,7.1198726
-73.94443374572816,40.81735184578504,7.018733
-73.94127764809129,40.81735184578504,6.9140244
-73.9381215504544,40.81735184578504,6.964463
-73.93496545281752,40.81735184578504,6.964463
-73.93180935518063,40.81735184578504,6.981247
-73.92865325754376,40.81735184578504,6.8584456
-73.92549715990688,40.81735184578504,6.700637
-73.92234106227,40.81735184578504,6.5397964
-73.91918496463312,40.81735184578504,6.324912
-73.91602886699623,40.81735184578504,6.282105
-73.91287276935935,40.81735184578504,6.3277526
-73.90971667172246,40.81735184578504,6.3277526
-73.90656057408559,40.81735184578504,6.38783
-73.90340447644871,40.81735184578504,6.4995193
-73.90024837881182,40.81735184578504,6.682974
-73.89709228117495,40.81735184578504,6.9577894
-73.89393618353806,40.81735184578504,7.0816393
-73.89078008590118,40.81735184578504,7.1083755
-73.8876239882643,40.81735184578504,7.043095
-73.88446789062742,40.81735184578504,6.9013505
-73.88131179299054,40.81735184578504,6.9013505
-73.87815569535366,40.81735184578504,6.7445703
-73.87499959771678,40.81735184578504,6.5753026
-73.87184350007989,40.81735184578504,6.519228
-73.86868740244302,40.81735184578504,6.2471256
-73.86553130480614,40.81735184578504,6.138064
-73.86237520716925,40.81735184578504,6.1138353
-73.85921910953238,40.81735184578504,6.0998735
-73.85606301189549,40.81735184578504,6.112114
-73.85290691425861,40.81735184578504,6.112114
-73.84975081662172,40.81735184578504,6.2799907
-73.84659471898485,40.81735184578504,6.438559
-73.84343862134797,40.81735184578504,6.620727
-73.84028252371108,40.81735184578504,6.6949015
-73.8371264260742,40.81735184578504,6.5904827
-73.83397032843732,40.81735184578504,6.3233166
-73.83081423080044,40.81735184578504,5.975501
-73.82765813316355,40.81735184578504,5.8232374
-73.82450203552668,40.81735184578504,5.8232374
-73.8213459378898,40.81735184578504,5.783022
-73.81818984025291,40.81735184578504,5.773011
-73.81503374261604,40.81735184578504,5.7534795
-73.81187764497915,40.81735184578504,5.7225423
-73.80872154734227,40.81735184578504,5.6824107
-73.80556544970538,40.81735184578504,5.6280713
-73.80240935206851,40.81735184578504,5.6092033
-73.79925325443163,40.81735184578504,5.6013694
-73.79609715679474,40.81735184578504,5.6013694
-73.96652642918633,40.81419574814816,6.6254706
-73.96337033154946,40.81419574814816,6.6254706
-73.96021423391257,40.81419574814816,6.7673235
-73.95705813627569,40.81419574814816,6.8835096
-73.9539020386388,40.81419574814816,7.015204
-73.95074594100193,40.81419574814816,7.076157
-73.94758984336505,40.81419574814816,7.082084
-73.94443374572816,40.81419574814816,6.983078
-73.94127764809129,40.81419574814816,6.8932323
-73.9381215504544,40.81419574814816,7.005551
-73.93496545281752,40.81419574814816,7.005551
-73.93180935518063,40.81419574814816,7.0234523
-73.92865325754376,40.81419574814816,6.9011536
-73.92549715990688,40.81419574814816,6.751317
-73.92234106227,40.81419574814816,6.601389
-73.91918496463312,40.81419574814816,6.419278
-73.91602886699623,40.81419574814816,6.301976
-73.91287276935935,40.81419574814816,6.3737345
-73.90971667172246,40.81419574814816,6.3737345
-73.90656057408559,40.81419574814816,6.5587754
-73.90340447644871,40.81419574814816,6.750307
-73.90024837881182,40.81419574814816,7.0821958
-73.89709228117495,40.81419574814816,7.3745694
-73.89393618353806,40.81419574814816,7.479472
-73.89078008590118,40.81419574814816,7.4304466
-73.8876239882643,40.81419574814816,7.242949
-73.88446789062742,40.81419574814816,7.066075
-73.88131179299054,40.81419574814816,7.066075
-73.87815569535366,40.81419574814816,6.9452085
-73.87499959771678,40.81419574814816,6.9276986
-73.87184350007989,40.81419574814816,6.791054
-73.86868740244302,40.81419574814816,6.627809
-73.86553130480614,40.81419574814816,6.311792
-73.86237520716925,40.81419574814816,6.1481457
-73.85921910953238,40.81419574814816,6.079309
-73.85606301189549,40.81419574814816,6.0726447
-73.85290691425861,40.81419574814816,6.0726447
-73.84975081662172,40.81419574814816,6.127806
-73.84659471898485,40.81419574814816,6.2509627
-73.84343862134797,40.81419574814816,6.426447
-73.84028252371108,40.81419574814816,6.4289427
-73.8371264260742,40.81419574814816,6.3067517
-73.83397032843732,40.81419574814816,6.143002
-73.83081423080044,40.81419574814816,5.8414106
-73.82765813316355,40.81419574814816,5.7585077
-73.82450203552668,40.81419574814816,5.7585077
-73.8213459378898,40.81419574814816,5.7452908
-73.81818984025291,40.81419574814816,5.742566
-73.81503374261604,40.81419574814816,5.726968
-73.81187764497915,40.81419574814816,5.6972156
-73.80872154734227,40.81419574814816,5.6485133
-73.80556544970538,40.81419574814816,5.6121144
-73.80240935206851,40.81419574814816,5.5953226
-73.79925325443163,40.81419574814816,5.5806494
-73.79609715679474,40.81419574814816,5.5806494
-73.96968252682322,40.811039650511276,6.5529194
-73.96652642918633,40.811039650511276,6.6279316
-73.96337033154946,40.811039650511276,6.6279316
-73.96021423391257,40.811039650511276,6.7225647
-73.95705813627569,40.811039650511276,6.818487
-73.9539020386388,40.811039650511276,6.922281
-73.95074594100193,40.811039650511276,6.9589005
-73.94758984336505,40.811039650511276,6.934396
-73.94443374572816,40.811039650511276,6.856019
-73.94127764809129,40.811039650511276,6.800375
-73.9381215504544,40.811039650511276,6.8508096
-73.93496545281752,40.811039650511276,6.8508096
-73.93180935518063,40.811039650511276,6.862589
-73.92865325754376,40.811039650511276,6.798509
-73.92549715990688,40.811039650511276,6.699508
-73.92234106227,40.811039650511276,6.586294
-73.91918496463312,40.811039650511276,6.4546695
-73.91602886699623,40.811039650511276,6.604961
-73.91287276935935,40.811039650511276,6.9579196
-73.90971667172246,40.811039650511276,6.9579196
-73.90656057408559,40.811039650511276,7.261828
-73.90340447644871,40.811039650511276,7.542936
-73.90024837881182,40.811039650511276,7.696833
-73.89709228117495,40.811039650511276,7.730245
-73.89393618353806,40.811039650511276,7.7705154
-73.89078008590118,40.811039650511276,7.713795
-73.8876239882643,40.811039650511276,7.5530686
-73.88446789062742,40.811039650511276,7.5335603
-73.88131179299054,40.811039650511276,7.5335603
-73.87815569535366,40.811039650511276,7.5298448
-73.87499959771678,40.811039650511276,7.408198
-73.87184350007989,40.811039650511276,7.2315273
-73.86868740244302,40.811039650511276,6.988005
-73.86553130480614,40.811039650511276,6.6597943
-73.86237520716925,40.811039650511276,6.172621
-73.85921910953238,40.811039650511276,6.0218115
-73.85606301189549,40.811039650511276,5.9553432
-73.85290691425861,40.811039650511276,5.9553432
-73.84975081662172,40.811039650511276,5.9000273
-73.84659471898485,40.811039650511276,5.8770475
-73.84028252371108,40.811039650511276,5.846033
-73.8371264260742,40.811039650511276,5.793735
-73.83397032843732,40.811039650511276,5.7402763
-73.83081423080044,40.811039650511276,5.72438
-73.82765813316355,40.811039650511276,5.707251
-73.82450203552668,40.811039650511276,5.707251
-73.80872154734227,40.811039650511276,5.615507
-73.80556544970538,40.811039650511276,5.590955
-73.80240935206851,40.811039650511276,5.5736513
-73.79925325443163,40.811039650511276,5.5597434
-73.79609715679474,40.811039650511276,5.5597434
-73.9728386244601,40.8078835528744,6.570709
-73.96968252682322,40.8078835528744,6.5792246
-73.96652642918633,40.8078835528744,6.6768236
-73.96337033154946,40.8078835528744,6.6768236
-73.96021423391257,40.8078835528744,6.7776847
-73.95705813627569,40.8078835528744,6.8452563
-73.9539020386388,40.8078835528744,6.879491
-73.95074594100193,40.8078835528744,6.890241
-73.94758984336505,40.8078835528744,6.9097514
-73.94443374572816,40.8078835528744,6.8769417
-73.94127764809129,40.8078835528744,6.7911406
-73.9381215504544,40.8078835528744,6.7781
-73.93496545281752,40.8078835528744,6.7781
-73.93180935518063,40.8078835528744,6.7312446
-73.92865325754376,40.8078835528744,6.6877203
-73.92549715990688,40.8078835528744,6.625233
-73.92234106227,40.8078835528744,6.578938
-73.91918496463312,40.8078835528744,6.6412168
-73.91602886699623,40.8078835528744,6.9622316
-73.91287276935935,40.8078835528744,7.3357697
-73.90971667172246,40.8078835528744,7.3357697
-73.90656057408559,40.8078835528744,7.5178585
-73.90340447644871,40.8078835528744,7.599767
-73.90024837881182,40.8078835528744,7.7038183
-73.89709228117495,40.8078835528744,7.7277036
-73.89393618353806,40.8078835528744,7.6719766
-73.89078008590118,40.8078835528744,7.573606
-73.8876239882643,40.8078835528744,7.427266
-73.88446789062742,40.8078835528744,7.4858236
-73.88131179299054,40.8078835528744,7.4858236
-73.87815569535366,40.8078835528744,7.4205112
-73.87499959771678,40.8078835528744,7.369464
-73.87184350007989,40.8078835528744,7.2170115
-73.86868740244302,40.8078835528744,7.0960555
-73.85921910953238,40.8078835528744,5.936606
-73.85606301189549,40.8078835528744,5.8822174
-73.85290691425861,40.8078835528744,5.8822174
-73.84975081662172,40.8078835528744,5.8302727
-73.84659471898485,40.8078835528744,5.8180375
-73.8371264260742,40.8078835528744,5.742923
-73.83397032843732,40.8078835528744,5.720658
-73.80240935206851,40.8078835528744,5.565308
-73.79925325443163,40.8078835528744,5.5542564
-73.79609715679474,40.8078835528744,5.5542564
-73.79294105915787,40.8078835528744,5.542265
-73.78978496152098,40.8078835528744,5.532714
-73.9728386244601,40.80472745523752,6.554226
-73.96968252682322,40.80472745523752,6.595505
-73.96652642918633,40.80472745523752,6.688691
-73.96337033154946,40.80472745523752,6.688691
-73.96021423391257,40.80472745523752,6.7706523
-73.95705813627569,40.80472745523752,6.823284
-73.9539020386388,40.80472745523752,6.837829
-73.95074594100193,40.80472745523752,6.8373957
-73.94758984336505,40.80472745523752,6.8982453
-73.94443374572816,40.80472745523752,6.878732
-73.94127764809129,40.80472745523752,6.7934403
-73.9381215504544,40.80472745523752,6.740674
-73.93496545281752,40.80472745523752,6.740674
-73.93180935518063,40.80472745523752,6.6741285
-73.92865325754376,40.80472745523752,6.6379504
-73.92549715990688,40.80472745523752,6.604279
-73.92234106227,40.80472745523752,6.670787
-73.91918496463312,40.80472745523752,6.8903785
-73.91602886699623,40.80472745523752,7.1976666
-73.91287276935935,40.80472745523752,7.472722
-73.90971667172246,40.80472745523752,7.472722
-73.90656057408559,40.80472745523752,7.5903883
-73.90340447644871,40.80472745523752,7.5959196
-73.90024837881182,40.80472745523752,7.5191402
-73.89709228117495,40.80472745523752,7.510234
-73.89393618353806,40.80472745523752,7.454969
-73.89078008590118,40.80472745523752,7.3742757
-73.8876239882643,40.80472745523752,7.2415934
-73.88446789062742,40.80472745523752,7.294169
-73.88131179299054,40.80472745523752,7.294169
-73.87815569535366,40.80472745523752,7.240084
-73.87499959771678,40.80472745523752,7.156118
-73.87184350007989,40.80472745523752,7.0655165
-73.86868740244302,40.80472745523752,6.985326
-73.85921910953238,40.80472745523752,5.928892
-73.85606301189549,40.80472745523752,5.838239
-73.85290691425861,40.80472745523752,5.838239
-73.84975081662172,40.80472745523752,5.814084
-73.84659471898485,40.80472745523752,5.807685
-73.8371264260742,40.80472745523752,5.7389817
-73.83397032843732,40.80472745523752,5.7120066
-73.79294105915787,40.80472745523752,5.5346446
-73.78978496152098,40.80472745523752,5.523498
-73.97599472209697,40.801571357600636,6.5374236
-73.9728386244601,40.801571357600636,6.5558906
-73.96968252682322,40.801571357600636,6.5926275
-73.96652642918633,40.801571357600636,6.660224
-73.96337033154946,40.801571357600636,6.660224
-73.96021423391257,40.801571357600636,6.7251825
-73.95705813627569,40.801571357600636,6.7661505
-73.9539020386388,40.801571357600636,6.7638707
-73.95074594100193,40.801571357600636,6.7828245
-73.94758984336505,40.801571357600636,6.862196
-73.94443374572816,40.801571357600636,6.87942
-73.94127764809129,40.801571357600636,6.7759256
-73.9381215504544,40.801571357600636,6.6418447
-73.93496545281752,40.801571357600636,6.6418447
-73.93180935518063,40.801571357600636,6.5922055
-73.92865325754376,40.801571357600636,6.5989285
-73.92549715990688,40.801571357600636,6.587078
-73.92234106227,40.801571357600636,6.705565
-73.91918496463312,40.801571357600636,6.9554763
-73.91602886699623,40.801571357600636,7.20399
-73.91287276935935,40.801571357600636,7.352625
-73.90971667172246,40.801571357600636,7.352625
-73.90656057408559,40.801571357600636,7.46721
-73.90340447644871,40.801571357600636,7.389984
-73.90024837881182,40.801571357600636,7.2125177
-73.89709228117495,40.801571357600636,6.8775716
-73.8876239882643,40.801571357600636,6.8292623
-73.88446789062742,40.801571357600636,6.9079757
-73.88131179299054,40.801571357600636,6.9079757
-73.87815569535366,40.801571357600636,7.0758467
-73.87499959771678,40.801571357600636,6.9989896
-73.87184350007989,40.801571357600636,6.9114532
-73.81818984025291,40.801571357600636,5.71015
-73.97599472209697,40.798415259963754,6.51103
-73.9728386244601,40.798415259963754,6.5548234
-73.96968252682322,40.798415259963754,6.572354
-73.96652642918633,40.798415259963754,6.6102734
-73.96337033154946,40.798415259963754,6.6102734
-73.96021423391257,40.798415259963754,6.6592197
-73.95705813627569,40.798415259963754,6.6935153
-73.9539020386388,40.798415259963754,6.6934443
-73.95074594100193,40.798415259963754,6.7334137
-73.94758984336505,40.798415259963754,6.8326454
-73.94443374572816,40.798415259963754,6.8426356
-73.94127764809129,40.798415259963754,6.7483206
-73.9381215504544,40.798415259963754,6.614828
-73.93496545281752,40.798415259963754,6.614828
-73.93180935518063,40.798415259963754,6.512734
-73.92865325754376,40.798415259963754,6.47041
-73.92549715990688,40.798415259963754,6.493651
-73.92234106227,40.798415259963754,6.6255493
-73.91918496463312,40.798415259963754,6.854167
-73.91602886699623,40.798415259963754,7.0352554
-73.91287276935935,40.798415259963754,7.1928763
-73.90971667172246,40.798415259963754,7.1928763
-73.90656057408559,40.798415259963754,7.2361894
-73.90024837881182,40.798415259963754,6.66373
-73.89709228117495,40.798415259963754,6.5006075
-73.89078008590118,40.798415259963754,6.1748123
-73.8876239882643,40.798415259963754,6.25781
-73.87184350007989,40.798415259963754,6.686533
-73.8371264260742,40.798415259963754,5.7354846
-73.8213459378898,40.798415259963754,5.668665
-73.81818984025291,40.798415259963754,5.716725
-73.81503374261604,40.798415259963754,5.7592998
-73.81187764497915,40.798415259963754,5.7807555
-73.97915081973386,40.79525916232687,6.5305843
-73.97599472209697,40.79525916232687,6.5291553
-73.9728386244601,40.79525916232687,6.558801
-73.96968252682322,40.79525916232687,6.5594707
-73.96652642918633,40.79525916232687,6.552591
-73.96337033154946,40.79525916232687,6.552591
-73.96021423391257,40.79525916232687,6.5738792
-73.95705813627569,40.79525916232687,6.590807
-73.9539020386388,40.79525916232687,6.6209865
-73.95074594100193,40.79525916232687,6.6971354
-73.94758984336505,40.79525916232687,6.771577
-73.94443374572816,40.79525916232687,6.7983837
-73.94127764809129,40.79525916232687,6.7320385
-73.9381215504544,40.79525916232687,6.60055
-73.93496545281752,40.79525916232687,6.60055
-73.93180935518063,40.79525916232687,6.473988
-73.92865325754376,40.79525916232687,6.3519287
-73.92549715990688,40.79525916232687,6.277625
-73.92234106227,40.79525916232687,6.4150286
-73.91918496463312,40.79525916232687,6.569064
-73.91602886699623,40.79525916232687,6.766542
-73.91287276935935,40.79525916232687,6.8994694
-73.90024837881182,40.79525916232687,6.425451
-73.89709228117495,40.79525916232687,6.041089
-73.89078008590118,40.79525916232687,5.919457
-73.8876239882643,40.79525916232687,5.9220004
-73.88446789062742,40.79525916232687,5.9502068
-73.88131179299054,40.79525916232687,5.9502068
-73.84659471898485,40.79525916232687,5.793493
-73.84343862134797,40.79525916232687,5.7866707
-73.84028252371108,40.79525916232687,5.772065
-73.8371264260742,40.79525916232687,5.7919536
-73.83081423080044,40.79525916232687,5.670901
-73.82765813316355,40.79525916232687,5.6596227
-73.82450203552668,40.79525916232687,5.6596227
-73.8213459378898,40.79525916232687,5.6754537
-73.81818984025291,40.79525916232687,5.754258
-73.81503374261604,40.79525916232687,5.8052626
-73.81187764497915,40.79525916232687,5.8149185
-73.80872154734227,40.79525916232687,5.77713
-73.80556544970538,40.79525916232687,5.689227
-73.80240935206851,40.79525916232687,5.6016717
-73.79925325443163,40.79525916232687,5.5784616
-73.79609715679474,40.79525916232687,5.5784616
-73.78031666861034,40.79525916232687,5.4519176
-73.77716057097346,40.79525916232687,5.4427376
-73.98230691737074,40.79210306468999,6.6312056
-73.97915081973386,40.79210306468999,6.6249156
-73.97599472209697,40.79210306468999,6.630968
-73.9728386244601,40.79210306468999,6.616536
-73.96968252682322,40.79210306468999,6.567206
-73.96652642918633,40.79210306468999,6.476273
-73.96337033154946,40.79210306468999,6.476273
-73.96021423391257,40.79210306468999,6.4245663
-73.95705813627569,40.79210306468999,6.439729
-73.9539020386388,40.79210306468999,6.519474
-73.95074594100193,40.79210306468999,6.626431
-73.94758984336505,40.79210306468999,6.6862683
-73.94443374572816,40.79210306468999,6.6930866
-73.94127764809129,40.79210306468999,6.626691
-73.9381215504544,40.79210306468999,6.5077963
-73.93496545281752,40.79210306468999,6.5077963
-73.93180935518063,40.79210306468999,6.341385
-73.92865325754376,40.79210306468999,6.1864114
-73.92549715990688,40.79210306468999,6.0754457
-73.92234106227,40.79210306468999,6.0458946
-73.91918496463312,40.79210306468999,6.0589175
-73.91602886699623,40.79210306468999,6.101734
-73.91287276935935,40.79210306468999,6.080751
-73.90971667172246,40.79210306468999,6.0296564
-73.90656057408559,40.79210306468999,6.0296564
-73.90340447644871,40.79210306468999,5.98508
-73.89393618353806,40.79210306468999,5.903186
-73.89078008590118,40.79210306468999,5.8918037
-73.8876239882643,40.79210306468999,5.881546
-73.88446789062742,40.79210306468999,5.867267
-73.88131179299054,40.79210306468999,5.867267
-73.87815569535366,40.79210306468999,5.851764
-73.87499959771678,40.79210306468999,5.8371315
-73.87184350007989,40.79210306468999,5.8253217
-73.85606301189549,40.79210306468999,6.1533294
-73.85290691425861,40.79210306468999,6.1533294
-73.84975081662172,40.79210306468999,6.048661
-73.84659471898485,40.79210306468999,5.9650254
-73.84343862134797,40.79210306468999,5.94812
-73.84028252371108,40.79210306468999,6.001702
-73.8371264260742,40.79210306468999,5.9895267
-73.83397032843732,40.79210306468999,5.932739
-73.83081423080044,40.79210306468999,5.78582
-73.82765813316355,40.79210306468999,5.704464
-73.82450203552668,40.79210306468999,5.704464
-73.8213459378898,40.79210306468999,5.7200294
-73.81818984025291,40.79210306468999,5.790806
-73.81503374261604,40.79210306468999,5.8241014
-73.81187764497915,40.79210306468999,5.817606
-73.80872154734227,40.79210306468999,5.784952
-73.80556544970538,40.79210306468999,5.713122
-73.80240935206851,40.79210306468999,5.6073895
-73.79925325443163,40.79210306468999,5.563107
-73.79609715679474,40.79210306468999,5.563107
-73.79294105915787,40.79210306468999,5.542523
-73.78978496152098,40.79210306468999,5.5268884
-73.7866288638841,40.79210306468999,5.5006113
-73.78347276624721,40.79210306468999,5.476694
-73.78031666861034,40.79210306468999,5.455821
-73.77716057097346,40.79210306468999,5.4407063
-73.77400447333657,40.79210306468999,5.4300003
-73.98230691737074,40.788946967053114,6.6791444
-73.97915081973386,40.788946967053114,6.693598
-73.97599472209697,40.788946967053114,6.6862583
-73.9728386244601,40.788946967053114,6.655421
-73.96968252682322,40.788946967053114,6.5738864
-73.96652642918633,40.788946967053114,6.471786
-73.96337033154946,40.788946967053114,6.471786
-73.96021423391257,40.788946967053114,6.3927026
-73.95705813627569,40.788946967053114,6.4567266
-73.9539020386388,40.788946967053114,6.5576153
-73.95074594100193,40.788946967053114,6.6469884
-73.94758984336505,40.788946967053114,6.6663737
-73.94443374572816,40.788946967053114,6.6262665
-73.94127764809129,40.788946967053114,6.523315
-73.9381215504544,40.788946967053114,6.395374
-73.93496545281752,40.788946967053114,6.395374
-73.93180935518063,40.788946967053114,6.2360654
-73.92865325754376,40.788946967053114,6.1048193
-73.92549715990688,40.788946967053114,6.043936
-73.92234106227,40.788946967053114,6.027471
-73.91918496463312,40.788946967053114,6.020765
-73.91602886699623,40.788946967053114,6.0279675
-73.91287276935935,40.788946967053114,6.014874
-73.90971667172246,40.788946967053114,6.003464
-73.90656057408559,40.788946967053114,6.003464
-73.90340447644871,40.788946967053114,5.9894695
-73.90024837881182,40.788946967053114,5.992333
-73.89709228117495,40.788946967053114,6.008597
-73.89078008590118,40.788946967053114,5.8955374
-73.8876239882643,40.788946967053114,5.875163
-73.88446789062742,40.788946967053114,5.8615537
-73.88131179299054,40.788946967053114,5.8615537
-73.87815569535366,40.788946967053114,5.8451123
-73.87499959771678,40.788946967053114,5.8302507
-73.87184350007989,40.788946967053114,5.8174896
-73.86868740244302,40.788946967053114,5.8345037
-73.85921910953238,40.788946967053114,6.364133
-73.85606301189549,40.788946967053114,6.399049
-73.85290691425861,40.788946967053114,6.399049
-73.84975081662172,40.788946967053114,6.376292
-73.84659471898485,40.788946967053114,6.2689424
-73.84343862134797,40.788946967053114,6.2604465
-73.84028252371108,40.788946967053114,6.250225
-73.8371264260742,40.788946967053114,6.2082777
-73.83397032843732,40.788946967053114,6.0546064
-73.83081423080044,40.788946967053114,5.8734407
-73.82765813316355,40.788946967053114,5.730321
-73.82450203552668,40.788946967053114,5.730321
-73.8213459378898,40.788946967053114,5.719361
-73.81818984025291,40.788946967053114,5.7667193
-73.81503374261604,40.788946967053114,5.78595
-73.81187764497915,40.788946967053114,5.7808123
-73.80872154734227,40.788946967053114,5.755866
-73.80556544970538,40.788946967053114,5.69069
-73.80240935206851,40.788946967053114,5.6210904
-73.79925325443163,40.788946967053114,5.57946
-73.79609715679474,40.788946967053114,5.57946
-73.79294105915787,40.788946967053114,5.5529366
-73.78978496152098,40.788946967053114,5.532887
-73.7866288638841,40.788946967053114,5.508037
-73.78347276624721,40.788946967053114,5.485787
-73.78031666861034,40.788946967053114,5.4648843
-73.77716057097346,40.788946967053114,5.4458127
-73.77400447333657,40.788946967053114,5.4322686
-73.7708483756997,40.788946967053114,5.430659
-73.76769227806281,40.788946967053114,5.430659
-73.98546301500762,40.78579086941623,6.7081013
-73.98230691737074,40.78579086941623,6.738764
-73.97915081973386,40.78579086941623,6.7527113
-73.97599472209697,40.78579086941623,6.7417526
-73.9728386244601,40.78579086941623,6.6827683
-73.96968252682322,40.78579086941623,6.603493
-73.96652642918633,40.78579086941623,6.4839997
-73.96337033154946,40.78579086941623,6.4839997
-73.96021423391257,40.78579086941623,6.4730525
-73.95705813627569,40.78579086941623,6.5628614
-73.9539020386388,40.78579086941623,6.653717
-73.95074594100193,40.78579086941623,6.7140555
-73.94758984336505,40.78579086941623,6.691865
-73.94443374572816,40.78579086941623,6.61644
-73.94127764809129,40.78579086941623,6.484875
-73.9381215504544,40.78579086941623,6.2984524
-73.93496545281752,40.78579086941623,6.2984524
-73.93180935518063,40.78579086941623,6.1608686
-73.92865325754376,40.78579086941623,6.0799727
-73.92549715990688,40.78579086941623,6.047281
-73.92234106227,40.78579086941623,6.0429564
-73.91602886699623,40.78579086941623,6.0798354
-73.91287276935935,40.78579086941623,6.101877
-73.90971667172246,40.78579086941623,6.1186323
-73.90656057408559,40.78579086941623,6.1186323
-73.90340447644871,40.78579086941623,6.101714
-73.90024837881182,40.78579086941623,6.0657187
-73.89709228117495,40.78579086941623,6.06632
-73.8876239882643,40.78579086941623,5.889246
-73.88446789062742,40.78579086941623,5.8527036
-73.88131179299054,40.78579086941623,5.8527036
-73.87815569535366,40.78579086941623,5.836997
-73.87499959771678,40.78579086941623,5.8215504
-73.87184350007989,40.78579086941623,5.808087
-73.86868740244302,40.78579086941623,5.8152537
-73.85921910953238,40.78579086941623,6.4564066
-73.85606301189549,40.78579086941623,6.505032
-73.85290691425861,40.78579086941623,6.505032
-73.84975081662172,40.78579086941623,6.528063
-73.84659471898485,40.78579086941623,6.521409
-73.84343862134797,40.78579086941623,6.4348817
-73.84028252371108,40.78579086941623,6.3971834
-73.8371264260742,40.78579086941623,6.3376923
-73.83397032843732,40.78579086941623,6.1770096
-73.83081423080044,40.78579086941623,5.934123
-73.82765813316355,40.78579086941623,5.7408767
-73.82450203552668,40.78579086941623,5.7408767
-73.8213459378898,40.78579086941623,5.7023816
-73.81818984025291,40.78579086941623,5.714756
-73.81503374261604,40.78579086941623,5.742496
-73.81187764497915,40.78579086941623,5.7427197
-73.80872154734227,40.78579086941623,5.704868
-73.80556544970538,40.78579086941623,5.6647387
-73.80240935206851,40.78579086941623,5.6165185
-73.79925325443163,40.78579086941623,5.585444
-73.79609715679474,40.78579086941623,5.585444
-73.79294105915787,40.78579086941623,5.5662794
-73.78978496152098,40.78579086941623,5.5402956
-73.7866288638841,40.78579086941623,5.521349
-73.78347276624721,40.78579086941623,5.497525
-73.78031666861034,40.78579086941623,5.4716473
-73.77716057097346,40.78579086941623,5.450703
-73.77400447333657,40.78579086941623,5.438459
-73.98546301500762,40.78263477177935,6.7088356
-73.98230691737074,40.78263477177935,6.789013
-73.97915081973386,40.78263477177935,6.806988
-73.97599472209697,40.78263477177935,6.7827125
-73.9728386244601,40.78263477177935,6.728831
-73.96968252682322,40.78263477177935,6.63056
-73.96652642918633,40.78263477177935,6.52524
-73.96337033154946,40.78263477177935,6.52524
-73.96021423391257,40.78263477177935,6.577016
-73.95705813627569,40.78263477177935,6.7404137
-73.9539020386388,40.78263477177935,6.8204827
-73.95074594100193,40.78263477177935,6.81032
-73.94758984336505,40.78263477177935,6.7310348
-73.94443374572816,40.78263477177935,6.612598
-73.9381215504544,40.78263477177935,6.3353524
-73.93496545281752,40.78263477177935,6.3353524
-73.93180935518063,40.78263477177935,6.2447715
-73.92865325754376,40.78263477177935,6.1109853
-73.92549715990688,40.78263477177935,6.091181
-73.92234106227,40.78263477177935,6.1257086
-73.91918496463312,40.78263477177935,6.159418
-73.91602886699623,40.78263477177935,6.2472796
-73.91287276935935,40.78263477177935,6.3239284
-73.90971667172246,40.78263477177935,6.3726597
-73.90656057408559,40.78263477177935,6.3726597
-73.90340447644871,40.78263477177935,6.366812
-73.90024837881182,40.78263477177935,6.3267994
-73.89709228117495,40.78263477177935,6.288317
-73.89393618353806,40.78263477177935,6.270921
-73.87815569535366,40.78263477177935,5.82223
-73.87499959771678,40.78263477177935,5.809468
-73.87184350007989,40.78263477177935,5.798497
-73.86868740244302,40.78263477177935,5.7979994
-73.85921910953238,40.78263477177935,6.456873
-73.85606301189549,40.78263477177935,6.535164
-73.85290691425861,40.78263477177935,6.535164
-73.84975081662172,40.78263477177935,6.562532
-73.84659471898485,40.78263477177935,6.572058
-73.84343862134797,40.78263477177935,6.4993253
-73.84028252371108,40.78263477177935,6.4645042
-73.8371264260742,40.78263477177935,6.413759
-73.83397032843732,40.78263477177935,6.2785773
-73.83081423080044,40.78263477177935,6.0082564
-73.82765813316355,40.78263477177935,5.777428
-73.82450203552668,40.78263477177935,5.777428
-73.8213459378898,40.78263477177935,5.6928644
-73.81818984025291,40.78263477177935,5.6847095
-73.81503374261604,40.78263477177935,5.6805825
-73.81187764497915,40.78263477177935,5.6762004
-73.80872154734227,40.78263477177935,5.6549425
-73.80556544970538,40.78263477177935,5.6216097
-73.80240935206851,40.78263477177935,5.599937
-73.79925325443163,40.78263477177935,5.5811963
-73.79609715679474,40.78263477177935,5.5811963
-73.79294105915787,40.78263477177935,5.567195
-73.78978496152098,40.78263477177935,5.5474443
-73.7866288638841,40.78263477177935,5.530797
-73.78347276624721,40.78263477177935,5.5057597
-73.78031666861034,40.78263477177935,5.4697013
-73.77716057097346,40.78263477177935,5.449911
-73.77400447333657,40.78263477177935,5.4355283
-73.7708483756997,40.78263477177935,5.43008
-73.76769227806281,40.78263477177935,5.43008
-73.7519117898784,40.78263477177935,5.3281713
-73.74875569224153,40.78263477177935,5.328045
-73.9886191126445,40.77947867414247,6.6360726
-73.98546301500762,40.77947867414247,6.724884
-73.98230691737074,40.77947867414247,6.8076525
-73.97915081973386,40.77947867414247,6.8393893
-73.97599472209697,40.77947867414247,6.8129377
-73.9728386244601,40.77947867414247,6.746195
-73.96968252682322,40.77947867414247,6.6207952
-73.96652642918633,40.77947867414247,6.59403
-73.96337033154946,40.77947867414247,6.59403
-73.96021423391257,40.77947867414247,6.7255874
-73.95705813627569,40.77947867414247,6.906186
-73.9539020386388,40.77947867414247,6.9621997
-73.95074594100193,40.77947867414247,6.900042
-73.94758984336505,40.77947867414247,6.7835174
-73.94443374572816,40.77947867414247,6.6413445
-73.94127764809129,40.77947867414247,6.5786242
-73.9381215504544,40.77947867414247,6.474599
-73.93496545281752,40.77947867414247,6.474599
-73.92865325754376,40.77947867414247,6.3295226
-73.92549715990688,40.77947867414247,6.293957
-73.92234106227,40.77947867414247,6.255898
-73.91918496463312,40.77947867414247,6.3239455
-73.91602886699623,40.77947867414247,6.4060388
-73.91287276935935,40.77947867414247,6.50739
-73.90971667172246,40.77947867414247,6.5861998
-73.90656057408559,40.77947867414247,6.5861998
-73.90340447644871,40.77947867414247,6.6227655
-73.90024837881182,40.77947867414247,6.6011214
-73.89709228117495,40.77947867414247,6.490933
-73.89393618353806,40.77947867414247,6.4098516
-73.89078008590118,40.77947867414247,6.2779164
-73.88446789062742,40.77947867414247,5.846686
-73.88131179299054,40.77947867414247,5.8174977
-73.87815569535366,40.77947867414247,5.8174977
-73.87499959771678,40.77947867414247,5.8051047
-73.87184350007989,40.77947867414247,5.793956
-73.86868740244302,40.77947867414247,5.790161
-73.84975081662172,40.77947867414247,6.506416
-73.84659471898485,40.77947867414247,6.5066576
-73.84343862134797,40.77947867414247,6.461316
-73.84028252371108,40.77947867414247,6.456163
-73.8371264260742,40.77947867414247,6.441743
-73.83397032843732,40.77947867414247,6.3481803
-73.83081423080044,40.77947867414247,6.1511436
-73.82765813316355,40.77947867414247,5.9423285
-73.82450203552668,40.77947867414247,5.9423285
-73.8213459378898,40.77947867414247,5.7331276
-73.81818984025291,40.77947867414247,5.6585827
-73.81503374261604,40.77947867414247,5.636889
-73.81187764497915,40.77947867414247,5.6231737
-73.80872154734227,40.77947867414247,5.600612
-73.80556544970538,40.77947867414247,5.591075
-73.80240935206851,40.77947867414247,5.586479
-73.79925325443163,40.77947867414247,5.580651
-73.79609715679474,40.77947867414247,5.580651
-73.79294105915787,40.77947867414247,5.5689263
-73.78978496152098,40.77947867414247,5.5534177
-73.7866288638841,40.77947867414247,5.53148
-73.78347276624721,40.77947867414247,5.500916
-73.78031666861034,40.77947867414247,5.4613805
-73.77716057097346,40.77947867414247,5.444336
-73.77400447333657,40.77947867414247,5.433818
-73.7708483756997,40.77947867414247,5.424886
-73.76769227806281,40.77947867414247,5.424886
-73.76453618042594,40.77947867414247,5.434164
-73.7550678875153,40.77947867414247,5.330271
-73.7519117898784,40.77947867414247,5.327465
-73.74875569224153,40.77947867414247,5.324725
-73.74559959460464,40.77947867414247,5.3308825
-73.9886191126445,40.776322576505585,6.7082715
-73.98546301500762,40.776322576505585,6.786458
-73.98230691737074,40.776322576505585,6.828746
-73.97915081973386,40.776322576505585,6.8378744
-73.97599472209697,40.776322576505585,6.7970057
-73.9728386244601,40.776322576505585,6.734226
-73.96968252682322,40.776322576505585,6.61202
-73.96652642918633,40.776322576505585,6.6886964
-73.96337033154946,40.776322576505585,6.6886964
-73.96021423391257,40.776322576505585,6.879562
-73.95705813627569,40.776322576505585,7.049889
-73.9539020386388,40.776322576505585,7.088069
-73.95074594100193,40.776322576505585,6.982437
-73.94758984336505,40.776322576505585,6.807196
-73.94443374572816,40.776322576505585,6.661254
-73.9381215504544,40.776322576505585,6.6069574
-73.93496545281752,40.776322576505585,6.6069574
-73.93180935518063,40.776322576505585,6.611725
-73.92865325754376,40.776322576505585,6.6053762
-73.92549715990688,40.776322576505585,6.57076
-73.92234106227,40.776322576505585,6.486162
-73.91918496463312,40.776322576505585,6.5062494
-73.91602886699623,40.776322576505585,6.5435104
-73.91287276935935,40.776322576505585,6.6353827
-73.90971667172246,40.776322576505585,6.735067
-73.90656057408559,40.776322576505585,6.735067
-73.90340447644871,40.776322576505585,6.827789
-73.90024837881182,40.776322576505585,6.7700353
-73.89709228117495,40.776322576505585,6.6296363
-73.89393618353806,40.776322576505585,6.502974
-73.89078008590118,40.776322576505585,6.31632
-73.8876239882643,40.776322576505585,6.044879
-73.88446789062742,40.776322576505585,5.8589063
-73.88131179299054,40.776322576505585,5.8250046
-73.87815569535366,40.776322576505585,5.8250046
-73.87499959771678,40.776322576505585,5.8137517
-73.87184350007989,40.776322576505585,5.8040223
-73.86868740244302,40.776322576505585,5.7947083
-73.86553130480614,40.776322576505585,5.780078
-73.84975081662172,40.776322576505585,6.3189325
-73.84659471898485,40.776322576505585,6.292746
-73.84343862134797,40.776322576505585,6.3291125
-73.84028252371108,40.776322576505585,6.393534
-73.8371264260742,40.776322576505585,6.4352164
-73.83397032843732,40.776322576505585,6.3777933
-73.83081423080044,40.776322576505585,6.2206197
-73.82765813316355,40.776322576505585,6.0411797
-73.82450203552668,40.776322576505585,6.0411797
-73.8213459378898,40.776322576505585,5.799954
-73.81818984025291,40.776322576505585,5.6745596
-73.81503374261604,40.776322576505585,5.6038074
-73.81187764497915,40.776322576505585,5.5837774
-73.80872154734227,40.776322576505585,5.572512
-73.80556544970538,40.776322576505585,5.5772967
-73.80240935206851,40.776322576505585,5.5804086
-73.79925325443163,40.776322576505585,5.582464
-73.79609715679474,40.776322576505585,5.582464
-73.79294105915787,40.776322576505585,5.5758815
-73.78978496152098,40.776322576505585,5.559303
-73.7866288638841,40.776322576505585,5.5368686
-73.78347276624721,40.776322576505585,5.500118
-73.78031666861034,40.776322576505585,5.4674835
-73.77716057097346,40.776322576505585,5.4572797
-73.77400447333657,40.776322576505585,5.4509244
-73.7708483756997,40.776322576505585,5.440105
-73.76769227806281,40.776322576505585,5.440105
-73.76453618042594,40.776322576505585,5.4476
-73.7550678875153,40.776322576505585,5.3331785
-73.7519117898784,40.776322576505585,5.331213
-73.74875569224153,40.776322576505585,5.3292284
-73.74559959460464,40.776322576505585,5.3338685
-73.74244349696777,40.776322576505585,5.3494396
-73.73928739933088,40.776322576505585,5.3494396
-73.99808740555514,40.7731664788687,6.9734826
-73.99493130791826,40.7731664788687,7.1254916
-73.99177521028139,40.7731664788687,7.1254916
-73.9886191126445,40.7731664788687,7.304575
-73.98546301500762,40.7731664788687,7.4423676
-73.98230691737074,40.7731664788687,7.389623
-73.97915081973386,40.7731664788687,7.2359066
-73.97599472209697,40.7731664788687,7.083888
-73.9728386244601,40.7731664788687,6.93294
-73.96968252682322,40.7731664788687,6.8716984
-73.96652642918633,40.7731664788687,6.990343
-73.96337033154946,40.7731664788687,6.990343
-73.96021423391257,40.7731664788687,7.1372957
-73.95705813627569,40.7731664788687,7.1712008
-73.9539020386388,40.7731664788687,7.1236367
-73.95074594100193,40.7731664788687,7.0037136
-73.94758984336505,40.7731664788687,6.832524
-73.94443374572816,40.7731664788687,6.711301
-73.94127764809129,40.7731664788687,6.7168036
-73.9381215504544,40.7731664788687,6.8295903
-73.93496545281752,40.7731664788687,6.8295903
-73.93180935518063,40.7731664788687,6.9064507
-73.92865325754376,40.7731664788687,6.9845753
-73.92549715990688,40.7731664788687,6.988567
-73.92234106227,40.7731664788687,7.057244
-73.91918496463312,40.7731664788687,7.18723
-73.91602886699623,40.7731664788687,7.1728444
-73.91287276935935,40.7731664788687,7.1238575
-73.90971667172246,40.7731664788687,7.0008087
-73.90656057408559,40.7731664788687,7.0008087
-73.90340447644871,40.7731664788687,6.9869776
-73.90024837881182,40.7731664788687,6.8818054
-73.89709228117495,40.7731664788687,6.640284
-73.89393618353806,40.7731664788687,6.4535975
-73.89078008590118,40.7731664788687,6.254045
-73.8876239882643,40.7731664788687,6.0568914
-73.88446789062742,40.7731664788687,5.9412155
-73.88131179299054,40.7731664788687,5.940188
-73.87815569535366,40.7731664788687,5.940188
-73.87499959771678,40.7731664788687,5.9416614
-73.87184350007989,40.7731664788687,5.919429
-73.86868740244302,40.7731664788687,5.8768053
-73.86553130480614,40.7731664788687,5.798446
-73.86237520716925,40.7731664788687,5.7678127
-73.85921910953238,40.7731664788687,5.767956
-73.85606301189549,40.7731664788687,5.8560867
-73.85290691425861,40.7731664788687,5.8560867
-73.84975081662172,40.7731664788687,5.98725
-73.84659471898485,40.7731664788687,6.0408745
-73.84343862134797,40.7731664788687,6.1467175
-73.84028252371108,40.7731664788687,6.2750745
-73.8371264260742,40.7731664788687,6.459918
-73.83397032843732,40.7731664788687,6.5389047
-73.83081423080044,40.7731664788687,6.4940586
-73.82765813316355,40.7731664788687,6.332775
-73.82450203552668,40.7731664788687,6.332775
-73.8213459378898,40.7731664788687,6.02535
-73.81818984025291,40.7731664788687,5.888159
-73.81503374261604,40.7731664788687,5.8859663
-73.81187764497915,40.7731664788687,5.855537
-73.80872154734227,40.7731664788687,5.876878
-73.80556544970538,40.7731664788687,5.8238945
-73.80240935206851,40.7731664788687,5.7041087
-73.79925325443163,40.7731664788687,5.6463423
-73.79609715679474,40.7731664788687,5.6463423
-73.79294105915787,40.7731664788687,5.5932813
-73.78978496152098,40.7731664788687,5.5684237
-73.7866288638841,40.7731664788687,5.5504093
-73.78347276624721,40.7731664788687,5.5502095
-73.78031666861034,40.7731664788687,5.5547266
-73.77716057097346,40.7731664788687,5.57991
-73.77400447333657,40.7731664788687,5.5895247
-73.7708483756997,40.7731664788687,5.571039
-73.76769227806281,40.7731664788687,5.571039
-73.76453618042594,40.7731664788687,5.542603
-73.76138008278905,40.7731664788687,5.4790955
-73.7550678875153,40.7731664788687,5.360489
-73.7519117898784,40.7731664788687,5.366906
-73.74875569224153,40.7731664788687,5.3831496
-73.74559959460464,40.7731664788687,5.397688
-73.74244349696777,40.7731664788687,5.387091
-73.73928739933088,40.7731664788687,5.387091
-73.736131301694,40.7731664788687,5.3688846
-73.73297520405713,40.7731664788687,5.3524284
-73.72981910642024,40.7731664788687,5.350352
-74.00124350319203,40.77001038123182,7.07215
-73.99808740555514,40.77001038123182,7.2917953
-73.99493130791826,40.77001038123182,7.593508
-73.99177521028139,40.77001038123182,7.593508
-73.9886191126445,40.77001038123182,7.9262123
-73.98546301500762,40.77001038123182,8.138213
-73.98230691737074,40.77001038123182,8.109785
-73.97915081973386,40.77001038123182,7.8766727
-73.97599472209697,40.77001038123182,7.626709
-73.9728386244601,40.77001038123182,7.3537745
-73.96968252682322,40.77001038123182,7.18356
-73.96652642918633,40.77001038123182,7.236515
-73.96337033154946,40.77001038123182,7.236515
-73.96021423391257,40.77001038123182,7.2725644
-73.95705813627569,40.77001038123182,7.190182
-73.9539020386388,40.77001038123182,7.057216
-73.95074594100193,40.77001038123182,6.9411983
-73.94758984336505,40.77001038123182,6.8633657
-73.94443374572816,40.77001038123182,6.7213216
-73.94127764809129,40.77001038123182,6.791179
-73.9381215504544,40.77001038123182,6.9045224
-73.93496545281752,40.77001038123182,6.9045224
-73.93180935518063,40.77001038123182,7.0395284
-73.92865325754376,40.77001038123182,7.1507387
-73.92549715990688,40.77001038123182,7.253884
-73.92234106227,40.77001038123182,7.3860974
-73.91918496463312,40.77001038123182,7.3859644
-73.91602886699623,40.77001038123182,7.382458
-73.91287276935935,40.77001038123182,7.316828
-73.90971667172246,40.77001038123182,7.2278333
-73.90656057408559,40.77001038123182,7.2278333
-73.90340447644871,40.77001038123182,7.0583305
-73.90024837881182,40.77001038123182,6.856537
-73.89709228117495,40.77001038123182,6.6402435
-73.89393618353806,40.77001038123182,6.34678
-73.89078008590118,40.77001038123182,6.133712
-73.8876239882643,40.77001038123182,6.003095
-73.88446789062742,40.77001038123182,5.9741263
-73.88131179299054,40.77001038123182,6.006846
-73.87815569535366,40.77001038123182,6.006846
-73.87499959771678,40.77001038123182,6.0085845
-73.87184350007989,40.77001038123182,5.9847455
-73.86868740244302,40.77001038123182,5.932149
-73.86553130480614,40.77001038123182,5.8370166
-73.86237520716925,40.77001038123182,5.7815433
-73.85921910953238,40.77001038123182,5.7684445
-73.85606301189549,40.77001038123182,5.835206
-73.85290691425861,40.77001038123182,5.9589205
-73.84975081662172,40.77001038123182,5.9589205
-73.84659471898485,40.77001038123182,6.037034
-73.84343862134797,40.77001038123182,6.1451626
-73.84028252371108,40.77001038123182,6.341895
-73.8371264260742,40.77001038123182,6.610754
-73.83397032843732,40.77001038123182,6.759085
-73.83081423080044,40.77001038123182,6.7622886
-73.82765813316355,40.77001038123182,6.557014
-73.82450203552668,40.77001038123182,6.557014
-73.8213459378898,40.77001038123182,6.331706
-73.81818984025291,40.77001038123182,6.2594175
-73.81503374261604,40.77001038123182,6.229652
-73.81187764497915,40.77001038123182,6.2343974
-73.80872154734227,40.77001038123182,6.2395344
-73.80556544970538,40.77001038123182,6.1105914
-73.80240935206851,40.77001038123182,6.01169
-73.79925325443163,40.77001038123182,5.8183036
-73.79609715679474,40.77001038123182,5.8183036
-73.79294105915787,40.77001038123182,5.6603813
-73.78978496152098,40.77001038123182,5.587463
-73.7866288638841,40.77001038123182,5.5558534
-73.78347276624721,40.77001038123182,5.575587
-73.78031666861034,40.77001038123182,5.6355934
-73.77716057097346,40.77001038123182,5.652616
-73.77400447333657,40.77001038123182,5.6668553
-73.7708483756997,40.77001038123182,5.667052
-73.76769227806281,40.77001038123182,5.667052
-73.76453618042594,40.77001038123182,5.638224
-73.76138008278905,40.77001038123182,5.572903
-73.75822398515217,40.77001038123182,5.467091
-73.7550678875153,40.77001038123182,5.382853
-73.7519117898784,40.77001038123182,5.3738046
-73.74875569224153,40.77001038123182,5.3886294
-73.74559959460464,40.77001038123182,5.401587
-73.74244349696777,40.77001038123182,5.3958488
-73.73928739933088,40.77001038123182,5.3958488
-73.736131301694,40.77001038123182,5.3767138
-73.73297520405713,40.77001038123182,5.3671207
-73.72981910642024,40.77001038123182,5.349128
-73.72666300878336,40.77001038123182,5.357663
-74.00124350319203,40.766854283594945,7.2187386
-73.99808740555514,40.766854283594945,7.6034822
-73.99493130791826,40.766854283594945,8.162939
-73.99177521028139,40.766854283594945,8.162939
-73.9886191126445,40.766854283594945,8.747186
-73.98546301500762,40.766854283594945,9.006402
-73.98230691737074,40.766854283594945,8.916266
-73.97915081973386,40.766854283594945,8.577563
-73.97599472209697,40.766854283594945,8.214056
-73.9728386244601,40.766854283594945,7.873927
-73.96968252682322,40.766854283594945,7.617654
-73.96652642918633,40.766854283594945,7.492614
-73.96337033154946,40.766854283594945,7.492614
-73.96021423391257,40.766854283594945,7.3824024
-73.95705813627569,40.766854283594945,7.1860924
-73.9539020386388,40.766854283594945,6.982356
-73.95074594100193,40.766854283594945,6.8331165
-73.94758984336505,40.766854283594945,6.8116775
-73.94443374572816,40.766854283594945,6.7684627
-73.94127764809129,40.766854283594945,6.8369904
-73.9381215504544,40.766854283594945,6.9762444
-73.93496545281752,40.766854283594945,6.9762444
-73.93180935518063,40.766854283594945,7.155452
-73.92865325754376,40.766854283594945,7.3441334
-73.92549715990688,40.766854283594945,7.4493494
-73.92234106227,40.766854283594945,7.5577765
-73.91918496463312,40.766854283594945,7.5352893
-73.91602886699623,40.766854283594945,7.4482718
-73.91287276935935,40.766854283594945,7.394148
-73.90971667172246,40.766854283594945,7.3170853
-73.90656057408559,40.766854283594945,7.3170853
-73.90340447644871,40.766854283594945,7.105133
-73.90024837881182,40.766854283594945,6.888541
-73.89709228117495,40.766854283594945,6.6309342
-73.89393618353806,40.766854283594945,6.3158555
-73.89078008590118,40.766854283594945,6.064149
-73.8876239882643,40.766854283594945,6.001457
-73.88446789062742,40.766854283594945,6.0178638
-73.88131179299054,40.766854283594945,6.062298
-73.87815569535366,40.766854283594945,6.062298
-73.87499959771678,40.766854283594945,6.0719295
-73.87184350007989,40.766854283594945,6.048624
-73.86868740244302,40.766854283594945,5.988346
-73.86553130480614,40.766854283594945,5.8924932
-73.86237520716925,40.766854283594945,5.8327174
-73.85921910953238,40.766854283594945,5.8134446
-73.84659471898485,40.766854283594945,6.0692906
-73.84343862134797,40.766854283594945,6.2288995
-73.84028252371108,40.766854283594945,6.501172
-73.8371264260742,40.766854283594945,6.823881
-73.83397032843732,40.766854283594945,7.0404425
-73.83081423080044,40.766854283594945,7.0093393
-73.82765813316355,40.766854283594945,6.819017
-73.82450203552668,40.766854283594945,6.662858
-73.8213459378898,40.766854283594945,6.662858
-73.81818984025291,40.766854283594945,6.5265965
-73.81503374261604,40.766854283594945,6.4391966
-73.81187764497915,40.766854283594945,6.445827
-73.80872154734227,40.766854283594945,6.408963
-73.80556544970538,40.766854283594945,6.347599
-73.80240935206851,40.766854283594945,6.2320676
-73.79925325443163,40.766854283594945,6.088381
-73.79609715679474,40.766854283594945,6.088381
-73.79294105915787,40.766854283594945,5.8911614
-73.78978496152098,40.766854283594945,5.673712
-73.7866288638841,40.766854283594945,5.6042137
-73.78347276624721,40.766854283594945,5.630899
-73.78031666861034,40.766854283594945,5.708606
-73.77716057097346,40.766854283594945,5.7246313
-73.77400447333657,40.766854283594945,5.7674937
-73.7708483756997,40.766854283594945,5.7728386
-73.76769227806281,40.766854283594945,5.7728386
-73.76453618042594,40.766854283594945,5.740539
-73.76138008278905,40.766854283594945,5.6625853
-73.75822398515217,40.766854283594945,5.476496
-73.7550678875153,40.766854283594945,5.3988013
-73.7519117898784,40.766854283594945,5.3709283
-73.74875569224153,40.766854283594945,5.3762546
-73.74559959460464,40.766854283594945,5.386858
-73.74244349696777,40.766854283594945,5.391336
-73.73928739933088,40.766854283594945,5.391336
-73.736131301694,40.766854283594945,5.3887243
-73.73297520405713,40.766854283594945,5.3726306
-73.72981910642024,40.766854283594945,5.355919
-73.72666300878336,40.766854283594945,5.359206
-73.72350691114647,40.766854283594945,5.367036
-74.0043996008289,40.76369818595806,7.2948384
-74.00124350319203,40.76369818595806,7.4466577
-73.99808740555514,40.76369818595806,8.011277
-73.99493130791826,40.76369818595806,8.862348
-73.99177521028139,40.76369818595806,8.862348
-73.9886191126445,40.76369818595806,9.555514
-73.98546301500762,40.76369818595806,9.824045
-73.98230691737074,40.76369818595806,9.824678
-73.97915081973386,40.76369818595806,9.447444
-73.97599472209697,40.76369818595806,8.935876
-73.9728386244601,40.76369818595806,8.458278
-73.96968252682322,40.76369818595806,8.029153
-73.96652642918633,40.76369818595806,7.6902328
-73.96337033154946,40.76369818595806,7.6902328
-73.96021423391257,40.76369818595806,7.4399343
-73.95705813627569,40.76369818595806,7.154734
-73.9539020386388,40.76369818595806,6.8776083
-73.95074594100193,40.76369818595806,6.794337
-73.94758984336505,40.76369818595806,6.7823243
-73.94443374572816,40.76369818595806,6.8197517
-73.94127764809129,40.76369818595806,6.9114957
-73.9381215504544,40.76369818595806,7.0827136
-73.93496545281752,40.76369818595806,7.0827136
-73.93180935518063,40.76369818595806,7.2724957
-73.92865325754376,40.76369818595806,7.4314585
-73.92549715990688,40.76369818595806,7.5979176
-73.92234106227,40.76369818595806,7.643653
-73.91918496463312,40.76369818595806,7.56776
-73.91602886699623,40.76369818595806,7.432281
-73.91287276935935,40.76369818595806,7.316639
-73.90971667172246,40.76369818595806,7.309984
-73.90656057408559,40.76369818595806,7.309984
-73.90340447644871,40.76369818595806,7.1745477
-73.90024837881182,40.76369818595806,6.950909
-73.89709228117495,40.76369818595806,6.7091584
-73.89393618353806,40.76369818595806,6.4112043
-73.89078008590118,40.76369818595806,6.103829
-73.8876239882643,40.76369818595806,6.08641
-73.88446789062742,40.76369818595806,6.1258006
-73.88131179299054,40.76369818595806,6.1612515
-73.87815569535366,40.76369818595806,6.1612515
-73.87499959771678,40.76369818595806,6.1636214
-73.87184350007989,40.76369818595806,6.1321983
-73.86868740244302,40.76369818595806,6.0830665
-73.86553130480614,40.76369818595806,5.982704
-73.86237520716925,40.76369818595806,5.914565
-73.85921910953238,40.76369818595806,5.8813176
-73.84343862134797,40.76369818595806,6.4368973
-73.84028252371108,40.76369818595806,6.7639565
-73.8371264260742,40.76369818595806,7.170832
-73.83397032843732,40.76369818595806,7.207467
-73.83081423080044,40.76369818595806,7.141444
-73.82765813316355,40.76369818595806,7.023221
-73.82450203552668,40.76369818595806,6.8578744
-73.8213459378898,40.76369818595806,6.8578744
-73.81818984025291,40.76369818595806,6.7229924
-73.81503374261604,40.76369818595806,6.5922084
-73.81187764497915,40.76369818595806,6.529404
-73.80872154734227,40.76369818595806,6.493366
-73.80556544970538,40.76369818595806,6.4870715
-73.80240935206851,40.76369818595806,6.3646574
-73.79925325443163,40.76369818595806,6.2320986
-73.79609715679474,40.76369818595806,6.2320986
-73.79294105915787,40.76369818595806,6.03478
-73.78978496152098,40.76369818595806,5.825926
-73.7866288638841,40.76369818595806,5.6819997
-73.78347276624721,40.76369818595806,5.6734757
-73.78031666861034,40.76369818595806,5.7632604
-73.77716057097346,40.76369818595806,5.7974925
-73.77400447333657,40.76369818595806,5.8252463
-73.7708483756997,40.76369818595806,5.8279185
-73.76769227806281,40.76369818595806,5.8279185
-73.76453618042594,40.76369818595806,5.793
-73.76138008278905,40.76369818595806,5.6903515
-73.75822398515217,40.76369818595806,5.5052247
-73.7550678875153,40.76369818595806,5.4040155
-73.7519117898784,40.76369818595806,5.370457
-73.74875569224153,40.76369818595806,5.3616095
-73.74559959460464,40.76369818595806,5.3629923
-73.74244349696777,40.76369818595806,5.3736157
-73.73928739933088,40.76369818595806,5.3736157
-73.736131301694,40.76369818595806,5.374682
-73.73297520405713,40.76369818595806,5.363393
-73.72981910642024,40.76369818595806,5.3613987
-73.72666300878336,40.76369818595806,5.420817
-73.72350691114647,40.76369818595806,5.4532022
-73.7203508135096,40.76369818595806,5.455757
-74.0043996008289,40.76054208832118,7.1720757
-74.00124350319203,40.76054208832118,7.707287
-73.99808740555514,40.76054208832118,8.523348
-73.99493130791826,40.76054208832118,9.538081
-73.99177521028139,40.76054208832118,9.538081
-73.9886191126445,40.76054208832118,10.224419
-73.98546301500762,40.76054208832118,10.569503
-73.98230691737074,40.76054208832118,10.539398
-73.97915081973386,40.76054208832118,10.125206
-73.97599472209697,40.76054208832118,9.570852
-73.9728386244601,40.76054208832118,8.935782
-73.96968252682322,40.76054208832118,8.303603
-73.96652642918633,40.76054208832118,7.821326
-73.96337033154946,40.76054208832118,7.821326
-73.96021423391257,40.76054208832118,7.4539638
-73.95705813627569,40.76054208832118,7.0807443
-73.9539020386388,40.76054208832118,6.8112416
-73.95074594100193,40.76054208832118,6.782834
-73.94758984336505,40.76054208832118,6.8637266
-73.94443374572816,40.76054208832118,6.957413
-73.94127764809129,40.76054208832118,7.104454
-73.9381215504544,40.76054208832118,7.270849
-73.93496545281752,40.76054208832118,7.270849
-73.93180935518063,40.76054208832118,7.4114614
-73.92865325754376,40.76054208832118,7.5361085
-73.92549715990688,40.76054208832118,7.7041483
-73.92234106227,40.76054208832118,7.7526636
-73.91918496463312,40.76054208832118,7.606884
-73.91602886699623,40.76054208832118,7.3623447
-73.91287276935935,40.76054208832118,7.2645693
-73.90971667172246,40.76054208832118,7.317825
-73.90656057408559,40.76054208832118,7.317825
-73.90340447644871,40.76054208832118,7.1804686
-73.90024837881182,40.76054208832118,6.9699054
-73.89709228117495,40.76054208832118,6.785432
-73.89393618353806,40.76054208832118,6.5075517
-73.89078008590118,40.76054208832118,6.2266226
-73.8876239882643,40.76054208832118,6.195155
-73.88446789062742,40.76054208832118,6.2090383
-73.88131179299054,40.76054208832118,6.2330265
-73.87815569535366,40.76054208832118,6.2330265
-73.87499959771678,40.76054208832118,6.239505
-73.87184350007989,40.76054208832118,6.2072463
-73.86868740244302,40.76054208832118,6.1456723
-73.86553130480614,40.76054208832118,6.0519524
-73.86237520716925,40.76054208832118,5.985901
-73.85921910953238,40.76054208832118,5.923022
-73.85606301189549,40.76054208832118,5.9425073
-73.85290691425861,40.76054208832118,6.062905
-73.84975081662172,40.76054208832118,6.062905
-73.84659471898485,40.76054208832118,6.2497315
-73.84343862134797,40.76054208832118,6.522074
-73.84028252371108,40.76054208832118,7.028548
-73.8371264260742,40.76054208832118,7.438385
-73.83397032843732,40.76054208832118,7.5062118
-73.83081423080044,40.76054208832118,7.3027425
-73.82765813316355,40.76054208832118,7.0454807
-73.82450203552668,40.76054208832118,6.920756
-73.8213459378898,40.76054208832118,6.920756
-73.81818984025291,40.76054208832118,6.8175297
-73.81503374261604,40.76054208832118,6.653139
-73.81187764497915,40.76054208832118,6.590144
-73.80872154734227,40.76054208832118,6.5530877
-73.80556544970538,40.76054208832118,6.535158
-73.80240935206851,40.76054208832118,6.37887
-73.79925325443163,40.76054208832118,6.2340746
-73.79609715679474,40.76054208832118,6.0666265
-73.79294105915787,40.76054208832118,6.0666265
-73.78978496152098,40.76054208832118,5.872942
-73.7866288638841,40.76054208832118,5.7338843
-73.78347276624721,40.76054208832118,5.66117
-73.78031666861034,40.76054208832118,5.75482
-73.77716057097346,40.76054208832118,5.827563
-73.77400447333657,40.76054208832118,5.85931
-73.7708483756997,40.76054208832118,5.836049
-73.76769227806281,40.76054208832118,5.836049
-73.76453618042594,40.76054208832118,5.785046
-73.76138008278905,40.76054208832118,5.691957
-73.75822398515217,40.76054208832118,5.5109234
-73.7550678875153,40.76054208832118,5.3981347
-73.7519117898784,40.76054208832118,5.367093
-73.74875569224153,40.76054208832118,5.3422613
-73.74559959460464,40.76054208832118,5.337869
-73.74244349696777,40.76054208832118,5.339897
-73.73928739933088,40.76054208832118,5.339897
-73.736131301694,40.76054208832118,5.327758
-73.73297520405713,40.76054208832118,5.328086
-73.72981910642024,40.76054208832118,5.350625
-73.72666300878336,40.76054208832118,5.451351
-73.72350691114647,40.76054208832118,5.47845
-73.7203508135096,40.76054208832118,5.4665937
-73.71719471587272,40.76054208832118,5.4294167
-74.0075556984658,40.7573859906843,6.94848
-74.0043996008289,40.7573859906843,7.2737336
-74.00124350319203,40.7573859906843,7.938885
-73.99808740555514,40.7573859906843,8.90622
-73.99493130791826,40.7573859906843,9.924327
-73.99177521028139,40.7573859906843,9.924327
-73.9886191126445,40.7573859906843,10.679599
-73.98546301500762,40.7573859906843,11.111632
-73.98230691737074,40.7573859906843,11.01221
-73.97915081973386,40.7573859906843,10.625243
-73.97599472209697,40.7573859906843,9.952822
-73.9728386244601,40.7573859906843,9.148812
-73.96968252682322,40.7573859906843,8.38848
-73.96652642918633,40.7573859906843,7.819974
-73.96337033154946,40.7573859906843,7.819974
-73.96021423391257,40.7573859906843,7.344723
-73.95705813627569,40.7573859906843,7.0023046
-73.9539020386388,40.7573859906843,6.8284364
-73.95074594100193,40.7573859906843,6.8756413
-73.94758984336505,40.7573859906843,6.975705
-73.94443374572816,40.7573859906843,7.124978
-73.94127764809129,40.7573859906843,7.279848
-73.9381215504544,40.7573859906843,7.4725566
-73.93496545281752,40.7573859906843,7.4725566
-73.93180935518063,40.7573859906843,7.5585394
-73.92865325754376,40.7573859906843,7.642183
-73.92549715990688,40.7573859906843,7.7624865
-73.92234106227,40.7573859906843,7.776704
-73.91918496463312,40.7573859906843,7.6953015
-73.91602886699623,40.7573859906843,7.472309
-73.91287276935935,40.7573859906843,7.285918
-73.90971667172246,40.7573859906843,7.2582445
-73.90656057408559,40.7573859906843,7.2582445
-73.90340447644871,40.7573859906843,7.10067
-73.90024837881182,40.7573859906843,6.997812
-73.89709228117495,40.7573859906843,6.84172
-73.89393618353806,40.7573859906843,6.5809665
-73.89078008590118,40.7573859906843,6.3437667
-73.8876239882643,40.7573859906843,6.3180265
-73.88446789062742,40.7573859906843,6.3350663
-73.88131179299054,40.7573859906843,6.3699923
-73.87815569535366,40.7573859906843,6.3699923
-73.87499959771678,40.7573859906843,6.387537
-73.87184350007989,40.7573859906843,6.347928
-73.86868740244302,40.7573859906843,6.2818456
-73.86553130480614,40.7573859906843,6.185303
-73.86237520716925,40.7573859906843,6.093904
-73.85921910953238,40.7573859906843,6.0226874
-73.85606301189549,40.7573859906843,5.9609814
-73.85290691425861,40.7573859906843,6.0071964
-73.84975081662172,40.7573859906843,6.0071964
-73.84659471898485,40.7573859906843,6.3172
-73.84343862134797,40.7573859906843,6.6711636
-73.84028252371108,40.7573859906843,7.083174
-73.8371264260742,40.7573859906843,7.430224
-73.83397032843732,40.7573859906843,7.492075
-73.83081423080044,40.7573859906843,7.3452296
-73.82765813316355,40.7573859906843,7.088231
-73.82450203552668,40.7573859906843,6.8721657
-73.8213459378898,40.7573859906843,6.8721657
-73.81818984025291,40.7573859906843,6.688253
-73.81503374261604,40.7573859906843,6.5600915
-73.81187764497915,40.7573859906843,6.562362
-73.80872154734227,40.7573859906843,6.5713615
-73.80556544970538,40.7573859906843,6.502489
-73.80240935206851,40.7573859906843,6.2838197
-73.79925325443163,40.7573859906843,6.14541
-73.79609715679474,40.7573859906843,5.983619
-73.79294105915787,40.7573859906843,5.983619
-73.78978496152098,40.7573859906843,5.8212333
-73.7866288638841,40.7573859906843,5.7005973
-73.78347276624721,40.7573859906843,5.6283
-73.78031666861034,40.7573859906843,5.6980314
-73.77716057097346,40.7573859906843,5.7883697
-73.77400447333657,40.7573859906843,5.8273597
-73.7708483756997,40.7573859906843,5.7932963
-73.76769227806281,40.7573859906843,5.7421403
-73.76453618042594,40.7573859906843,5.7421403
-73.76138008278905,40.7573859906843,5.646184
-73.75822398515217,40.7573859906843,5.521112
-73.7550678875153,40.7573859906843,5.430763
-73.7519117898784,40.7573859906843,5.3829217
-73.74875569224153,40.7573859906843,5.342249
-73.74559959460464,40.7573859906843,5.310248
-73.74244349696777,40.7573859906843,5.2978196
-73.73928739933088,40.7573859906843,5.2978196
-73.736131301694,40.7573859906843,5.2815
-73.73297520405713,40.7573859906843,5.279953
-73.72981910642024,40.7573859906843,5.326586
-73.72666300878336,40.7573859906843,5.4397297
-73.72350691114647,40.7573859906843,5.4723034
-73.7203508135096,40.7573859906843,5.4498067
-73.71719471587272,40.7573859906843,5.3961515
-73.71403861823583,40.7573859906843,5.2889686
-73.71088252059896,40.7573859906843,5.2889686
-73.70772642296207,40.7573859906843,5.2694097
-74.01071179610267,40.754229893047416,7.1026506
-74.0075556984658,40.754229893047416,7.071529
-74.0043996008289,40.754229893047416,7.5498867
-74.00124350319203,40.754229893047416,8.364186
-73.99808740555514,40.754229893047416,9.446224
-73.99493130791826,40.754229893047416,10.417334
-73.99177521028139,40.754229893047416,10.417334
-73.9886191126445,40.754229893047416,11.149417
-73.98546301500762,40.754229893047416,11.424493
-73.98230691737074,40.754229893047416,11.279989
-73.97915081973386,40.754229893047416,10.56187
-73.97599472209697,40.754229893047416,9.391941
-73.9728386244601,40.754229893047416,8.509795
-73.96968252682322,40.754229893047416,7.9019027
-73.96652642918633,40.754229893047416,7.4681826
-73.96337033154946,40.754229893047416,7.4681826
-73.96021423391257,40.754229893047416,7.202835
-73.95705813627569,40.754229893047416,7.0171905
-73.9539020386388,40.754229893047416,7.134964
-73.95074594100193,40.754229893047416,7.2637997
-73.94758984336505,40.754229893047416,7.3786125
-73.94443374572816,40.754229893047416,7.45827
-73.94127764809129,40.754229893047416,7.4630423
-73.9381215504544,40.754229893047416,7.4941173
-73.93496545281752,40.754229893047416,7.4941173
-73.93180935518063,40.754229893047416,7.5236506
-73.92865325754376,40.754229893047416,7.5481815
-73.92549715990688,40.754229893047416,7.6164703
-73.92234106227,40.754229893047416,7.57781
-73.91918496463312,40.754229893047416,7.4264646
-73.91602886699623,40.754229893047416,7.2047496
-73.91287276935935,40.754229893047416,7.164892
-73.90971667172246,40.754229893047416,7.165847
-73.90656057408559,40.754229893047416,7.165847
-73.90340447644871,40.754229893047416,7.1554375
-73.90024837881182,40.754229893047416,7.1930943
-73.89709228117495,40.754229893047416,7.1196575
-73.89393618353806,40.754229893047416,7.0309377
-73.89078008590118,40.754229893047416,6.9488783
-73.8876239882643,40.754229893047416,6.9526095
-73.88446789062742,40.754229893047416,6.913147
-73.88131179299054,40.754229893047416,6.826924
-73.87815569535366,40.754229893047416,6.826924
-73.87499959771678,40.754229893047416,6.7757745
-73.87184350007989,40.754229893047416,6.7114787
-73.86868740244302,40.754229893047416,6.6298857
-73.86553130480614,40.754229893047416,6.5341506
-73.86237520716925,40.754229893047416,6.4293876
-73.85921910953238,40.754229893047416,6.3320804
-73.85606301189549,40.754229893047416,6.2591023
-73.85290691425861,40.754229893047416,6.170573
-73.84975081662172,40.754229893047416,6.170573
-73.84659471898485,40.754229893047416,6.279231
-73.84343862134797,40.754229893047416,6.525443
-73.84028252371108,40.754229893047416,6.779052
-73.8371264260742,40.754229893047416,6.9151635
-73.83397032843732,40.754229893047416,6.990899
-73.83081423080044,40.754229893047416,6.951898
-73.82765813316355,40.754229893047416,6.723808
-73.82450203552668,40.754229893047416,6.2520604
-73.8213459378898,40.754229893047416,6.2520604
-73.81818984025291,40.754229893047416,5.9795995
-73.81503374261604,40.754229893047416,5.911376
-73.81187764497915,40.754229893047416,5.9347906
-73.80872154734227,40.754229893047416,5.9150167
-73.80556544970538,40.754229893047416,5.8712096
-73.80240935206851,40.754229893047416,5.7990127
-73.79925325443163,40.754229893047416,5.706152
-73.79609715679474,40.754229893047416,5.6179595
-73.79294105915787,40.754229893047416,5.6179595
-73.78978496152098,40.754229893047416,5.5768147
-73.7866288638841,40.754229893047416,5.5629134
-73.78347276624721,40.754229893047416,5.5855265
-73.78031666861034,40.754229893047416,5.607466
-73.77716057097346,40.754229893047416,5.6363153
-73.77400447333657,40.754229893047416,5.630894
-73.7708483756997,40.754229893047416,5.6121507
-73.76769227806281,40.754229893047416,5.621519
-73.76453618042594,40.754229893047416,5.621519
-73.76138008278905,40.754229893047416,5.643697
-73.75822398515217,40.754229893047416,5.614982
-73.7550678875153,40.754229893047416,5.563445
-73.7519117898784,40.754229893047416,5.5185943
-73.74875569224153,40.754229893047416,5.455374
-73.74559959460464,40.754229893047416,5.321473
-73.74244349696777,40.754229893047416,5.256399
-73.73928739933088,40.754229893047416,5.2370505
-73.736131301694,40.754229893047416,5.2370505
-73.73297520405713,40.754229893047416,5.2305512
-73.72981910642024,40.754229893047416,5.237113
-73.72666300878336,40.754229893047416,5.257348
-73.72350691114647,40.754229893047416,5.278427
-73.7203508135096,40.754229893047416,5.2848625
-73.71719471587272,40.754229893047416,5.263684
-73.71403861823583,40.754229893047416,5.254133
-73.71088252059896,40.754229893047416,5.238418
-73.70772642296207,40.754229893047416,5.238418
-73.7045703253252,40.754229893047416,5.221591
-73.7014142276883,40.754229893047416,5.205848
-74.01071179610267,40.751073795410534,7.039189
-74.0075556984658,40.751073795410534,7.2791867
-74.0043996008289,40.751073795410534,7.8394876
-74.00124350319203,40.751073795410534,8.698556
-73.99808740555514,40.751073795410534,9.717325
-73.99493130791826,40.751073795410534,10.664552
-73.99177521028139,40.751073795410534,10.664552
-73.9886191126445,40.751073795410534,11.084492
-73.98546301500762,40.751073795410534,11.321969
-73.98230691737074,40.751073795410534,11.045752
-73.97915081973386,40.751073795410534,10.168144
-73.97599472209697,40.751073795410534,9.051621
-73.9728386244601,40.751073795410534,8.093586
-73.96968252682322,40.751073795410534,7.590316
-73.96652642918633,40.751073795410534,7.2554307
-73.96337033154946,40.751073795410534,7.2554307
-73.96021423391257,40.751073795410534,7.0924335
-73.95705813627569,40.751073795410534,7.139507
-73.9539020386388,40.751073795410534,7.274689
-73.95074594100193,40.751073795410534,7.4420457
-73.94758984336505,40.751073795410534,7.5239673
-73.94443374572816,40.751073795410534,7.485481
-73.94127764809129,40.751073795410534,7.4191327
-73.9381215504544,40.751073795410534,7.484845
-73.93496545281752,40.751073795410534,7.484845
-73.93180935518063,40.751073795410534,7.5300817
-73.92865325754376,40.751073795410534,7.590457
-73.92549715990688,40.751073795410534,7.5367975
-73.92234106227,40.751073795410534,7.4981303
-73.91918496463312,40.751073795410534,7.3301764
-73.91602886699623,40.751073795410534,7.182376
-73.91287276935935,40.751073795410534,7.111815
-73.90971667172246,40.751073795410534,7.0815787
-73.90656057408559,40.751073795410534,7.0815787
-73.90340447644871,40.751073795410534,7.141295
-73.90024837881182,40.751073795410534,7.2288346
-73.89709228117495,40.751073795410534,7.1953993
-73.89393618353806,40.751073795410534,7.148655
-73.89078008590118,40.751073795410534,7.085016
-73.8876239882643,40.751073795410534,7.1132455
-73.88446789062742,40.751073795410534,7.086878
-73.88131179299054,40.751073795410534,6.9746017
-73.87815569535366,40.751073795410534,6.9746017
-73.87499959771678,40.751073795410534,6.8695917
-73.87184350007989,40.751073795410534,6.828044
-73.86868740244302,40.751073795410534,6.782792
-73.86553130480614,40.751073795410534,6.702137
-73.86237520716925,40.751073795410534,6.605053
-73.85921910953238,40.751073795410534,6.4785533
-73.85606301189549,40.751073795410534,6.3441477
-73.85290691425861,40.751073795410534,6.206294
-73.84975081662172,40.751073795410534,6.206294
-73.84659471898485,40.751073795410534,6.150592
-73.84343862134797,40.751073795410534,6.299499
-73.84028252371108,40.751073795410534,6.4864593
-73.8371264260742,40.751073795410534,6.607788
-73.83397032843732,40.751073795410534,6.6335444
-73.83081423080044,40.751073795410534,6.5608587
-73.82765813316355,40.751073795410534,6.311011
-73.82450203552668,40.751073795410534,5.9697433
-73.8213459378898,40.751073795410534,5.9697433
-73.81818984025291,40.751073795410534,5.800542
-73.81503374261604,40.751073795410534,5.7318563
-73.81187764497915,40.751073795410534,5.7318826
-73.80872154734227,40.751073795410534,5.7167463
-73.80556544970538,40.751073795410534,5.670641
-73.80240935206851,40.751073795410534,5.63584
-73.79925325443163,40.751073795410534,5.559314
-73.79609715679474,40.751073795410534,5.5161567
-73.79294105915787,40.751073795410534,5.5161567
-73.78978496152098,40.751073795410534,5.514788
-73.7866288638841,40.751073795410534,5.519449
-73.78347276624721,40.751073795410534,5.554278
-73.78031666861034,40.751073795410534,5.5581064
-73.77716057097346,40.751073795410534,5.562513
-73.77400447333657,40.751073795410534,5.5428224
-73.7708483756997,40.751073795410534,5.5455704
-73.76769227806281,40.751073795410534,5.6036787
-73.76453618042594,40.751073795410534,5.6036787
-73.76138008278905,40.751073795410534,5.615766
-73.75822398515217,40.751073795410534,5.5945244
-73.7550678875153,40.751073795410534,5.5543222
-73.7519117898784,40.751073795410534,5.527554
-73.74875569224153,40.751073795410534,5.4765444
-73.74559959460464,40.751073795410534,5.3711343
-73.74244349696777,40.751073795410534,5.254925
-73.73928739933088,40.751073795410534,5.222303
-73.736131301694,40.751073795410534,5.222303
-73.73297520405713,40.751073795410534,5.2164426
-73.72981910642024,40.751073795410534,5.2105703
-73.72666300878336,40.751073795410534,5.216477
-73.72350691114647,40.751073795410534,5.235031
-73.7203508135096,40.751073795410534,5.238067
-73.71719471587272,40.751073795410534,5.238521
-73.71403861823583,40.751073795410534,5.2457314
-73.71088252059896,40.751073795410534,5.2407923
-73.70772642296207,40.751073795410534,5.2407923
-73.7045703253252,40.751073795410534,5.222399
-73.7014142276883,40.751073795410534,5.203618
-74.01071179610267,40.74791769777365,7.27826
-74.0075556984658,40.74791769777365,7.5490828
-74.0043996008289,40.74791769777365,8.137712
-74.00124350319203,40.74791769777365,8.9981985
-73.99808740555514,40.74791769777365,10.006743
-73.99493130791826,40.74791769777365,10.749142
-73.99177521028139,40.74791769777365,10.749142
-73.9886191126445,40.74791769777365,11.073096
-73.98546301500762,40.74791769777365,11.142097
-73.98230691737074,40.74791769777365,10.6264715
-73.97915081973386,40.74791769777365,9.715225
-73.97599472209697,40.74791769777365,8.717076
-73.9728386244601,40.74791769777365,7.79824
-73.96968252682322,40.74791769777365,7.3490243
-73.96652642918633,40.74791769777365,7.1940312
-73.96337033154946,40.74791769777365,7.1940312
-73.95705813627569,40.74791769777365,7.1846023
-73.9539020386388,40.74791769777365,7.3555503
-73.95074594100193,40.74791769777365,7.5245886
-73.94758984336505,40.74791769777365,7.6336575
-73.94443374572816,40.74791769777365,7.6459446
-73.94127764809129,40.74791769777365,7.549555
-73.9381215504544,40.74791769777365,7.5426383
-73.93496545281752,40.74791769777365,7.5426383
-73.93180935518063,40.74791769777365,7.610944
-73.92865325754376,40.74791769777365,7.6134114
-73.92549715990688,40.74791769777365,7.5275865
-73.92234106227,40.74791769777365,7.348925
-73.91918496463312,40.74791769777365,7.211591
-73.91602886699623,40.74791769777365,7.0939918
-73.91287276935935,40.74791769777365,7.051637
-73.90971667172246,40.74791769777365,6.9901643
-73.90656057408559,40.74791769777365,6.9901643
-73.90340447644871,40.74791769777365,7.050309
-73.90024837881182,40.74791769777365,7.157531
-73.89709228117495,40.74791769777365,7.119858
-73.89393618353806,40.74791769777365,7.0581303
-73.89078008590118,40.74791769777365,7.114454
-73.8876239882643,40.74791769777365,7.176726
-73.88446789062742,40.74791769777365,7.178366
-73.88131179299054,40.74791769777365,7.0864787
-73.87815569535366,40.74791769777365,7.0864787
-73.87499959771678,40.74791769777365,6.9072304
-73.87184350007989,40.74791769777365,6.8721476
-73.86868740244302,40.74791769777365,6.77577
-73.86553130480614,40.74791769777365,6.702112
-73.86237520716925,40.74791769777365,6.59181
-73.85921910953238,40.74791769777365,6.4898305
-73.85606301189549,40.74791769777365,6.3363543
-73.85290691425861,40.74791769777365,6.1929526
-73.84975081662172,40.74791769777365,6.1929526
-73.84659471898485,40.74791769777365,6.0754633
-73.84343862134797,40.74791769777365,6.101264
-73.84028252371108,40.74791769777365,6.174348
-73.8371264260742,40.74791769777365,6.2298145
-73.83397032843732,40.74791769777365,6.1954684
-73.83081423080044,40.74791769777365,6.116482
-73.82765813316355,40.74791769777365,5.8987727
-73.82450203552668,40.74791769777365,5.781596
-73.8213459378898,40.74791769777365,5.781596
-73.81818984025291,40.74791769777365,5.7204537
-73.81503374261604,40.74791769777365,5.6745286
-73.81187764497915,40.74791769777365,5.6209626
-73.80872154734227,40.74791769777365,5.6062527
-73.80556544970538,40.74791769777365,5.5613804
-73.80240935206851,40.74791769777365,5.512295
-73.79925325443163,40.74791769777365,5.487347
-73.79609715679474,40.74791769777365,5.489611
-73.79294105915787,40.74791769777365,5.489611
-73.78978496152098,40.74791769777365,5.491996
-73.7866288638841,40.74791769777365,5.4970326
-73.78347276624721,40.74791769777365,5.4877543
-73.78031666861034,40.74791769777365,5.4981894
-73.77716057097346,40.74791769777365,5.48734
-73.77400447333657,40.74791769777365,5.476976
-73.7708483756997,40.74791769777365,5.4854593
-73.76769227806281,40.74791769777365,5.5665445
-73.76453618042594,40.74791769777365,5.5665445
-73.76138008278905,40.74791769777365,5.5899453
-73.75822398515217,40.74791769777365,5.5762672
-73.7550678875153,40.74791769777365,5.553307
-73.7519117898784,40.74791769777365,5.5280795
-73.74875569224153,40.74791769777365,5.4771924
-73.74559959460464,40.74791769777365,5.38549
-73.74244349696777,40.74791769777365,5.2503405
-73.73928739933088,40.74791769777365,5.2141814
-73.736131301694,40.74791769777365,5.2141814
-73.73297520405713,40.74791769777365,5.208923
-73.72981910642024,40.74791769777365,5.2106056
-73.72666300878336,40.74791769777365,5.2123013
-73.72350691114647,40.74791769777365,5.2210097
-73.7203508135096,40.74791769777365,5.222053
-73.71719471587272,40.74791769777365,5.2322145
-73.71403861823583,40.74791769777365,5.246331
-73.71088252059896,40.74791769777365,5.241238
-73.70772642296207,40.74791769777365,5.241238
-73.7045703253252,40.74791769777365,5.224239
-73.7014142276883,40.74791769777365,5.200882
-74.01071179610267,40.744761600136776,7.5082016
-74.0075556984658,40.744761600136776,7.8507404
-74.0043996008289,40.744761600136776,8.451686
-74.00124350319203,40.744761600136776,9.368448
-73.99808740555514,40.744761600136776,10.329213
-73.99493130791826,40.744761600136776,10.911661
-73.99177521028139,40.744761600136776,10.911661
-73.9886191126445,40.744761600136776,11.079433
-73.98546301500762,40.744761600136776,10.870526
-73.98230691737074,40.744761600136776,10.244681
-73.97915081973386,40.744761600136776,9.307276
-73.97599472209697,40.744761600136776,8.354832
-73.9728386244601,40.744761600136776,7.5591073
-73.96968252682322,40.744761600136776,7.3671517
-73.96652642918633,40.744761600136776,7.1517863
-73.96337033154946,40.744761600136776,7.1517863
-73.96021423391257,40.744761600136776,7.2448397
-73.95705813627569,40.744761600136776,7.360862
-73.9539020386388,40.744761600136776,7.520412
-73.95074594100193,40.744761600136776,7.662522
-73.94758984336505,40.744761600136776,7.882326
-73.94443374572816,40.744761600136776,7.797058
-73.94127764809129,40.744761600136776,7.7690253
-73.9381215504544,40.744761600136776,7.813979
-73.93496545281752,40.744761600136776,7.813979
-73.93180935518063,40.744761600136776,7.795143
-73.92865325754376,40.744761600136776,7.717348
-73.92549715990688,40.744761600136776,7.532323
-73.92234106227,40.744761600136776,7.2631116
-73.91918496463312,40.744761600136776,7.0878444
-73.91602886699623,40.744761600136776,6.957715
-73.91287276935935,40.744761600136776,6.9014845
-73.90971667172246,40.744761600136776,6.8836436
-73.90656057408559,40.744761600136776,6.8836436
-73.90340447644871,40.744761600136776,6.8486733
-73.90024837881182,40.744761600136776,6.9134707
-73.89709228117495,40.744761600136776,6.9215336
-73.89393618353806,40.744761600136776,7.027161
-73.89078008590118,40.744761600136776,7.163939
-73.8876239882643,40.744761600136776,7.2398386
-73.88446789062742,40.744761600136776,7.2042966
-73.88131179299054,40.744761600136776,7.0917244
-73.87815569535366,40.744761600136776,7.0917244
-73.87499959771678,40.744761600136776,6.943256
-73.87184350007989,40.744761600136776,6.8521333
-73.86868740244302,40.744761600136776,6.7554893
-73.86553130480614,40.744761600136776,6.6417594
-73.86237520716925,40.744761600136776,6.532493
-73.85921910953238,40.744761600136776,6.3869452
-73.85606301189549,40.744761600136776,6.2601666
-73.85290691425861,40.744761600136776,6.1153626
-73.84975081662172,40.744761600136776,6.1153626
-73.84659471898485,40.744761600136776,5.9761686
-73.84343862134797,40.744761600136776,5.8638506
-73.84028252371108,40.744761600136776,5.8557115
-73.8371264260742,40.744761600136776,5.8431125
-73.83397032843732,40.744761600136776,5.816861
-73.83081423080044,40.744761600136776,5.7517815
-73.82765813316355,40.744761600136776,5.702717
-73.82450203552668,40.744761600136776,5.6811304
-73.8213459378898,40.744761600136776,5.6811304
-73.81818984025291,40.744761600136776,5.6599364
-73.81503374261604,40.744761600136776,5.62149
-73.81187764497915,40.744761600136776,5.5638437
-73.80872154734227,40.744761600136776,5.5216837
-73.80556544970538,40.744761600136776,5.4918823
-73.80240935206851,40.744761600136776,5.4843273
-73.79925325443163,40.744761600136776,5.5079746
-73.79609715679474,40.744761600136776,5.5204496
-73.79294105915787,40.744761600136776,5.5204496
-73.78978496152098,40.744761600136776,5.511395
-73.7866288638841,40.744761600136776,5.4897356
-73.78347276624721,40.744761600136776,5.471832
-73.78031666861034,40.744761600136776,5.44517
-73.77716057097346,40.744761600136776,5.434632
-73.77400447333657,40.744761600136776,5.390538
-73.7708483756997,40.744761600136776,5.3976035
-73.76769227806281,40.744761600136776,5.5038686
-73.76453618042594,40.744761600136776,5.5038686
-73.76138008278905,40.744761600136776,5.553077
-73.75822398515217,40.744761600136776,5.5639267
-73.7550678875153,40.744761600136776,5.5515585
-73.7519117898784,40.744761600136776,5.52526
-73.74875569224153,40.744761600136776,5.464748
-73.74559959460464,40.744761600136776,5.3233743
-73.74244349696777,40.744761600136776,5.240614
-73.73928739933088,40.744761600136776,5.210796
-73.736131301694,40.744761600136776,5.210796
-73.73297520405713,40.744761600136776,5.2044616
-73.72981910642024,40.744761600136776,5.206495
-73.72666300878336,40.744761600136776,5.2095375
-73.72350691114647,40.744761600136776,5.2184124
-73.7203508135096,40.744761600136776,5.227428
-73.71719471587272,40.744761600136776,5.2510448
-73.71403861823583,40.744761600136776,5.264196
-73.71088252059896,40.744761600136776,5.2629137
-73.70772642296207,40.744761600136776,5.2629137
-73.7045703253252,40.744761600136776,5.234584
-73.7014142276883,40.744761600136776,5.1964183
-74.01071179610267,40.741605502499894,7.8274336
-74.0075556984658,40.741605502499894,8.082974
-74.0043996008289,40.741605502499894,8.767534
-74.00124350319203,40.741605502499894,9.630007
-73.99808740555514,40.741605502499894,10.468262
-73.99493130791826,40.741605502499894,10.982196
-73.99177521028139,40.741605502499894,10.982196
-73.9886191126445,40.741605502499894,10.9733
-73.98546301500762,40.741605502499894,10.498779
-73.98230691737074,40.741605502499894,9.8622265
-73.97915081973386,40.741605502499894,8.922496
-73.97599472209697,40.741605502499894,8.011366
-73.9728386244601,40.741605502499894,7.407966
-73.96021423391257,40.741605502499894,7.310511
-73.95705813627569,40.741605502499894,7.4918737
-73.9539020386388,40.741605502499894,7.7870755
-73.95074594100193,40.741605502499894,7.9441366
-73.94758984336505,40.741605502499894,7.963845
-73.94443374572816,40.741605502499894,8.025396
-73.94127764809129,40.741605502499894,8.00986
-73.9381215504544,40.741605502499894,8.034337
-73.93496545281752,40.741605502499894,8.034337
-73.93180935518063,40.741605502499894,7.948938
-73.92865325754376,40.741605502499894,7.8169174
-73.92549715990688,40.741605502499894,7.582778
-73.92234106227,40.741605502499894,7.276079
-73.91918496463312,40.741605502499894,7.013619
-73.91602886699623,40.741605502499894,6.911819
-73.91287276935935,40.741605502499894,6.8666162
-73.90971667172246,40.741605502499894,6.735409
-73.90656057408559,40.741605502499894,6.735409
-73.90340447644871,40.741605502499894,6.659619
-73.90024837881182,40.741605502499894,6.694757
-73.89709228117495,40.741605502499894,6.8154144
-73.89393618353806,40.741605502499894,7.0582833
-73.89078008590118,40.741605502499894,7.206248
-73.8876239882643,40.741605502499894,7.2654557
-73.88446789062742,40.741605502499894,7.1700697
-73.88131179299054,40.741605502499894,7.00813
-73.87815569535366,40.741605502499894,7.00813
-73.87499959771678,40.741605502499894,6.8617268
-73.87184350007989,40.741605502499894,6.730761
-73.86868740244302,40.741605502499894,6.64137
-73.86553130480614,40.741605502499894,6.5256815
-73.86237520716925,40.741605502499894,6.3908167
-73.85921910953238,40.741605502499894,6.226463
-73.85606301189549,40.741605502499894,6.058837
-73.85290691425861,40.741605502499894,5.965873
-73.84975081662172,40.741605502499894,5.965873
-73.84659471898485,40.741605502499894,5.8517914
-73.84343862134797,40.741605502499894,5.765071
-73.84028252371108,40.741605502499894,5.70967
-73.8371264260742,40.741605502499894,5.6578045
-73.83397032843732,40.741605502499894,5.6495533
-73.83081423080044,40.741605502499894,5.6311545
-73.82765813316355,40.741605502499894,5.6273284
-73.82450203552668,40.741605502499894,5.631093
-73.8213459378898,40.741605502499894,5.631093
-73.81818984025291,40.741605502499894,5.6223803
-73.81503374261604,40.741605502499894,5.5920386
-73.81187764497915,40.741605502499894,5.538842
-73.80872154734227,40.741605502499894,5.5049872
-73.80556544970538,40.741605502499894,5.4970336
-73.80240935206851,40.741605502499894,5.5217943
-73.79925325443163,40.741605502499894,5.60422
-73.79609715679474,40.741605502499894,5.6128154
-73.79294105915787,40.741605502499894,5.6128154
-73.78978496152098,40.741605502499894,5.549598
-73.7866288638841,40.741605502499894,5.500671
-73.78347276624721,40.741605502499894,5.4614534
-73.78031666861034,40.741605502499894,5.4308524
-73.77716057097346,40.741605502499894,5.3846602
-73.77400447333657,40.741605502499894,5.3539305
-73.7708483756997,40.741605502499894,5.360516
-73.76769227806281,40.741605502499894,5.410102
-73.76453618042594,40.741605502499894,5.410102
-73.76138008278905,40.741605502499894,5.4937444
-73.75822398515217,40.741605502499894,5.5250235
-73.7550678875153,40.741605502499894,5.522565
-73.7519117898784,40.741605502499894,5.4900937
-73.74875569224153,40.741605502499894,5.4194126
-73.74559959460464,40.741605502499894,5.2859216
-73.74244349696777,40.741605502499894,5.236807
-73.73928739933088,40.741605502499894,5.2147937
-73.736131301694,40.741605502499894,5.2147937
-73.73297520405713,40.741605502499894,5.206727
-73.72981910642024,40.741605502499894,5.2057705
-73.72666300878336,40.741605502499894,5.205052
-73.72350691114647,40.741605502499894,5.222138
-73.7203508135096,40.741605502499894,5.2539783
-73.71719471587272,40.741605502499894,5.2744365
-73.71403861823583,40.741605502499894,5.2755013
-73.71088252059896,40.741605502499894,5.2530665
-73.70772642296207,40.741605502499894,5.2530665
-73.7045703253252,40.741605502499894,5.2259336
-73.7014142276883,40.741605502499894,5.1883
-74.01071179610267,40.73844940486301,7.8791447
-74.0075556984658,40.73844940486301,8.434879
-74.0043996008289,40.73844940486301,9.133578
-74.00124350319203,40.73844940486301,9.9754715
-73.99808740555514,40.73844940486301,10.549853
-73.99493130791826,40.73844940486301,10.890479
-73.99177521028139,40.73844940486301,10.890479
-73.9886191126445,40.73844940486301,10.797996
-73.98546301500762,40.73844940486301,10.357488
-73.98230691737074,40.73844940486301,9.579303
-73.97915081973386,40.73844940486301,8.525604
-73.97599472209697,40.73844940486301,7.6665726
-73.9728386244601,40.73844940486301,7.2445602
-73.96021423391257,40.73844940486301,7.38169
-73.95705813627569,40.73844940486301,7.5518856
-73.9539020386388,40.73844940486301,7.844318
-73.95074594100193,40.73844940486301,7.981799
-73.94758984336505,40.73844940486301,8.043782
-73.94443374572816,40.73844940486301,8.084333
-73.94127764809129,40.73844940486301,8.085996
-73.9381215504544,40.73844940486301,7.9764686
-73.93496545281752,40.73844940486301,7.9764686
-73.93180935518063,40.73844940486301,7.900715
-73.92865325754376,40.73844940486301,7.7801003
-73.92549715990688,40.73844940486301,7.478406
-73.92234106227,40.73844940486301,7.121553
-73.91918496463312,40.73844940486301,6.9244537
-73.91602886699623,40.73844940486301,6.878842
-73.91287276935935,40.73844940486301,6.863677
-73.90971667172246,40.73844940486301,6.740454
-73.90656057408559,40.73844940486301,6.740454
-73.90340447644871,40.73844940486301,6.6389713
-73.90024837881182,40.73844940486301,6.565474
-73.89709228117495,40.73844940486301,6.734056
-73.89393618353806,40.73844940486301,6.912514
-73.89078008590118,40.73844940486301,7.0800586
-73.8876239882643,40.73844940486301,7.0478024
-73.88446789062742,40.73844940486301,6.9174027
-73.88131179299054,40.73844940486301,6.788338
-73.87815569535366,40.73844940486301,6.788338
-73.87499959771678,40.73844940486301,6.651843
-73.87184350007989,40.73844940486301,6.4823
-73.86868740244302,40.73844940486301,6.395775
-73.86553130480614,40.73844940486301,6.3504558
-73.86237520716925,40.73844940486301,6.2274427
-73.85921910953238,40.73844940486301,6.0912986
-73.85606301189549,40.73844940486301,5.951384
-73.85290691425861,40.73844940486301,5.8286266
-73.84975081662172,40.73844940486301,5.8286266
-73.84659471898485,40.73844940486301,5.7554164
-73.84343862134797,40.73844940486301,5.6890264
-73.84028252371108,40.73844940486301,5.625957
-73.8371264260742,40.73844940486301,5.595567
-73.83397032843732,40.73844940486301,5.5983124
-73.83081423080044,40.73844940486301,5.606169
-73.82765813316355,40.73844940486301,5.6153502
-73.82450203552668,40.73844940486301,5.6210394
-73.8213459378898,40.73844940486301,5.6210394
-73.81818984025291,40.73844940486301,5.613192
-73.81503374261604,40.73844940486301,5.576774
-73.81187764497915,40.73844940486301,5.5422654
-73.80872154734227,40.73844940486301,5.5212774
-73.80556544970538,40.73844940486301,5.524586
-73.80240935206851,40.73844940486301,5.622855
-73.79925325443163,40.73844940486301,5.6689057
-73.79609715679474,40.73844940486301,5.6721616
-73.79294105915787,40.73844940486301,5.6721616
-73.78978496152098,40.73844940486301,5.6374593
-73.7866288638841,40.73844940486301,5.537521
-73.78347276624721,40.73844940486301,5.4735346
-73.78031666861034,40.73844940486301,5.4298825
-73.77716057097346,40.73844940486301,5.376371
-73.77400447333657,40.73844940486301,5.342508
-73.7708483756997,40.73844940486301,5.3376513
-73.76769227806281,40.73844940486301,5.3469844
-73.76453618042594,40.73844940486301,5.3469844
-73.76138008278905,40.73844940486301,5.383808
-73.75822398515217,40.73844940486301,5.408732
-73.7550678875153,40.73844940486301,5.4102306
-73.7519117898784,40.73844940486301,5.376539
-73.74875569224153,40.73844940486301,5.312004
-73.74559959460464,40.73844940486301,5.2653084
-73.74244349696777,40.73844940486301,5.244065
-73.73928739933088,40.73844940486301,5.232347
-73.736131301694,40.73844940486301,5.232347
-73.73297520405713,40.73844940486301,5.2169156
-73.72981910642024,40.73844940486301,5.2132034
-73.72666300878336,40.73844940486301,5.210735
-73.72350691114647,40.73844940486301,5.2254343
-73.7203508135096,40.73844940486301,5.262993
-73.71719471587272,40.73844940486301,5.2736435
-73.71403861823583,40.73844940486301,5.264066
-73.71088252059896,40.73844940486301,5.2378383
-73.70772642296207,40.73844940486301,5.2378383
-73.7045703253252,40.73844940486301,5.2032175
-73.7014142276883,40.73844940486301,5.1857586
-74.01386789373956,40.73529330722613,7.809108
-74.01071179610267,40.73529330722613,7.9729667
-74.0075556984658,40.73529330722613,8.688952
-74.0043996008289,40.73529330722613,9.3394165
-74.00124350319203,40.73529330722613,10.036291
-73.99808740555514,40.73529330722613,10.760889
-73.99493130791826,40.73529330722613,10.988799
-73.99177521028139,40.73529330722613,10.988799
-73.9886191126445,40.73529330722613,10.684804
-73.98546301500762,40.73529330722613,10.090174
-73.98230691737074,40.73529330722613,9.214864
-73.97915081973386,40.73529330722613,8.249116
-73.97599472209697,40.73529330722613,7.444219
-73.9728386244601,40.73529330722613,7.2953863
-73.96021423391257,40.73529330722613,7.168198
-73.95705813627569,40.73529330722613,7.3751025
-73.9539020386388,40.73529330722613,7.5222363
-73.95074594100193,40.73529330722613,7.7744827
-73.94758984336505,40.73529330722613,7.9166746
-73.94443374572816,40.73529330722613,7.951748
-73.94127764809129,40.73529330722613,7.8495502
-73.9381215504544,40.73529330722613,7.6872673
-73.93496545281752,40.73529330722613,7.6872673
-73.93180935518063,40.73529330722613,7.44627
-73.92865325754376,40.73529330722613,7.32363
-73.92549715990688,40.73529330722613,7.2296968
-73.92234106227,40.73529330722613,7.325653
-73.91918496463312,40.73529330722613,7.273482
-73.91602886699623,40.73529330722613,7.0295315
-73.91287276935935,40.73529330722613,6.841683
-73.90971667172246,40.73529330722613,6.7020407
-73.90656057408559,40.73529330722613,6.7020407
-73.90340447644871,40.73529330722613,6.6105494
-73.90024837881182,40.73529330722613,6.5150056
-73.89709228117495,40.73529330722613,6.4608464
-73.89393618353806,40.73529330722613,6.5330467
-73.89078008590118,40.73529330722613,6.666242
-73.8876239882643,40.73529330722613,6.7221646
-73.88446789062742,40.73529330722613,6.559302
-73.88131179299054,40.73529330722613,6.38964
-73.87815569535366,40.73529330722613,6.38964
-73.87499959771678,40.73529330722613,6.23231
-73.87184350007989,40.73529330722613,6.169711
-73.86868740244302,40.73529330722613,6.155679
-73.86553130480614,40.73529330722613,6.1213098
-73.86237520716925,40.73529330722613,6.0788975
-73.85921910953238,40.73529330722613,6.010191
-73.85606301189549,40.73529330722613,5.9272656
-73.85290691425861,40.73529330722613,5.8209534
-73.84975081662172,40.73529330722613,5.8209534
-73.84659471898485,40.73529330722613,5.735113
-73.84343862134797,40.73529330722613,5.6687937
-73.84028252371108,40.73529330722613,5.6214395
-73.8371264260742,40.73529330722613,5.57286
-73.83397032843732,40.73529330722613,5.563019
-73.83081423080044,40.73529330722613,5.5702863
-73.82765813316355,40.73529330722613,5.6051917
-73.82450203552668,40.73529330722613,5.6396923
-73.8213459378898,40.73529330722613,5.6396923
-73.81818984025291,40.73529330722613,5.6472583
-73.81503374261604,40.73529330722613,5.626576
-73.81187764497915,40.73529330722613,5.5932627
-73.80872154734227,40.73529330722613,5.5644293
-73.80556544970538,40.73529330722613,5.552716
-73.80240935206851,40.73529330722613,5.6174564
-73.79925325443163,40.73529330722613,5.668657
-73.79609715679474,40.73529330722613,5.711659
-73.79294105915787,40.73529330722613,5.711659
-73.78978496152098,40.73529330722613,5.698993
-73.7866288638841,40.73529330722613,5.604808
-73.78347276624721,40.73529330722613,5.5171566
-73.78031666861034,40.73529330722613,5.434521
-73.77716057097346,40.73529330722613,5.370733
-73.77400447333657,40.73529330722613,5.336295
-73.7708483756997,40.73529330722613,5.315001
-73.76769227806281,40.73529330722613,5.3041444
-73.76453618042594,40.73529330722613,5.3041444
-73.76138008278905,40.73529330722613,5.295341
-73.75822398515217,40.73529330722613,5.292261
-73.7550678875153,40.73529330722613,5.294467
-73.7519117898784,40.73529330722613,5.2947726
-73.74875569224153,40.73529330722613,5.282041
-73.74559959460464,40.73529330722613,5.280492
-73.74244349696777,40.73529330722613,5.279129
-73.73928739933088,40.73529330722613,5.2709165
-73.736131301694,40.73529330722613,5.2709165
-73.73297520405713,40.73529330722613,5.2437615
-73.72981910642024,40.73529330722613,5.2270846
-73.72666300878336,40.73529330722613,5.2223277
-73.72350691114647,40.73529330722613,5.231509
-73.7203508135096,40.73529330722613,5.2437205
-73.71719471587272,40.73529330722613,5.24057
-73.71403861823583,40.73529330722613,5.2275705
-73.71088252059896,40.73529330722613,5.2065105
-73.70772642296207,40.73529330722613,5.2065105
-73.7045703253252,40.73529330722613,5.191162
-73.7014142276883,40.73529330722613,5.1864195
-74.01386789373956,40.73213720958925,7.6501837
-74.01071179610267,40.73213720958925,7.885335
-74.0075556984658,40.73213720958925,8.4568815
-74.0043996008289,40.73213720958925,9.178015
-74.00124350319203,40.73213720958925,9.904436
-73.99808740555514,40.73213720958925,10.642889
-73.99493130791826,40.73213720958925,10.967861
-73.99177521028139,40.73213720958925,10.967861
-73.9886191126445,40.73213720958925,10.585207
-73.98546301500762,40.73213720958925,9.871775
-73.98230691737074,40.73213720958925,9.159013
-73.97915081973386,40.73213720958925,8.2132
-73.97599472209697,40.73213720958925,7.409039
-73.9728386244601,40.73213720958925,7.21874
-73.96652642918633,40.73213720958925,7.155207
-73.96337033154946,40.73213720958925,7.155207
-73.96021423391257,40.73213720958925,7.170297
-73.95705813627569,40.73213720958925,7.2961473
-73.9539020386388,40.73213720958925,7.414241
-73.95074594100193,40.73213720958925,7.6284113
-73.94758984336505,40.73213720958925,7.8804255
-73.94443374572816,40.73213720958925,7.8909492
-73.94127764809129,40.73213720958925,7.795679
-73.9381215504544,40.73213720958925,7.602074
-73.93496545281752,40.73213720958925,7.602074
-73.93180935518063,40.73213720958925,7.3225226
-73.92865325754376,40.73213720958925,7.250712
-73.92549715990688,40.73213720958925,7.547837
-73.92234106227,40.73213720958925,7.669468
-73.91918496463312,40.73213720958925,7.6621356
-73.91602886699623,40.73213720958925,7.495083
-73.91287276935935,40.73213720958925,7.188668
-73.90971667172246,40.73213720958925,6.874964
-73.90656057408559,40.73213720958925,6.874964
-73.90340447644871,40.73213720958925,6.7377977
-73.90024837881182,40.73213720958925,6.5449367
-73.89709228117495,40.73213720958925,6.4249554
-73.89393618353806,40.73213720958925,6.50277
-73.89078008590118,40.73213720958925,6.5739145
-73.8876239882643,40.73213720958925,6.554113
-73.88446789062742,40.73213720958925,6.462214
-73.88131179299054,40.73213720958925,6.2559285
-73.87815569535366,40.73213720958925,6.2559285
-73.87499959771678,40.73213720958925,6.0982275
-73.87184350007989,40.73213720958925,6.1096573
-73.86868740244302,40.73213720958925,6.114944
-73.86553130480614,40.73213720958925,6.0935216
-73.86237520716925,40.73213720958925,6.049705
-73.85921910953238,40.73213720958925,6.00597
-73.85606301189549,40.73213720958925,5.936344
-73.85290691425861,40.73213720958925,5.857044
-73.84975081662172,40.73213720958925,5.857044
-73.84659471898485,40.73213720958925,5.7842813
-73.84343862134797,40.73213720958925,5.721183
-73.84028252371108,40.73213720958925,5.6446195
-73.8371264260742,40.73213720958925,5.5797443
-73.83397032843732,40.73213720958925,5.56252
-73.83081423080044,40.73213720958925,5.581012
-73.82765813316355,40.73213720958925,5.621157
-73.82450203552668,40.73213720958925,5.6470447
-73.8213459378898,40.73213720958925,5.6470447
-73.81818984025291,40.73213720958925,5.662543
-73.81503374261604,40.73213720958925,5.651842
-73.81187764497915,40.73213720958925,5.605218
-73.80872154734227,40.73213720958925,5.5673757
-73.80556544970538,40.73213720958925,5.5551863
-73.80240935206851,40.73213720958925,5.5551066
-73.79925325443163,40.73213720958925,5.6426864
-73.79609715679474,40.73213720958925,5.6695747
-73.79294105915787,40.73213720958925,5.6695747
-73.78978496152098,40.73213720958925,5.6267047
-73.7866288638841,40.73213720958925,5.572698
-73.78347276624721,40.73213720958925,5.498706
-73.78031666861034,40.73213720958925,5.419528
-73.77716057097346,40.73213720958925,5.3616476
-73.77400447333657,40.73213720958925,5.3308125
-73.7708483756997,40.73213720958925,5.311364
-73.76769227806281,40.73213720958925,5.2940702
-73.76453618042594,40.73213720958925,5.2940702
-73.76138008278905,40.73213720958925,5.287615
-73.75822398515217,40.73213720958925,5.2862725
-73.7550678875153,40.73213720958925,5.2899976
-73.7519117898784,40.73213720958925,5.2867894
-73.74875569224153,40.73213720958925,5.284762
-73.74559959460464,40.73213720958925,5.2856927
-73.74244349696777,40.73213720958925,5.287932
-73.73928739933088,40.73213720958925,5.2806716
-73.736131301694,40.73213720958925,5.2806716
-73.73297520405713,40.73213720958925,5.2630067
-73.72981910642024,40.73213720958925,5.235648
-73.72666300878336,40.73213720958925,5.225576
-73.72350691114647,40.73213720958925,5.217308
-73.7203508135096,40.73213720958925,5.219086
-73.71719471587272,40.73213720958925,5.2248235
-73.71403861823583,40.73213720958925,5.2150064
-73.71088252059896,40.73213720958925,5.202743
-73.70772642296207,40.73213720958925,5.202743
-73.7045703253252,40.73213720958925,5.1869936
-74.01386789373956,40.728981111952365,7.284681
-74.01071179610267,40.728981111952365,7.794914
-74.0075556984658,40.728981111952365,8.322583
-74.0043996008289,40.728981111952365,8.991884
-74.00124350319203,40.728981111952365,9.854915
-73.99808740555514,40.728981111952365,10.61691
-73.99493130791826,40.728981111952365,10.876939
-73.99177521028139,40.728981111952365,10.876939
-73.9886191126445,40.728981111952365,10.489927
-73.98546301500762,40.728981111952365,9.75762
-73.98230691737074,40.728981111952365,9.015719
-73.97915081973386,40.728981111952365,8.147615
-73.97599472209697,40.728981111952365,7.355608
-73.9728386244601,40.728981111952365,6.906336
-73.96021423391257,40.728981111952365,7.322393
-73.95705813627569,40.728981111952365,7.4139395
-73.9539020386388,40.728981111952365,7.5045223
-73.95074594100193,40.728981111952365,7.628866
-73.94758984336505,40.728981111952365,7.833895
-73.94443374572816,40.728981111952365,7.865741
-73.94127764809129,40.728981111952365,7.6892076
-73.9381215504544,40.728981111952365,7.4970765
-73.93496545281752,40.728981111952365,7.4970765
-73.93180935518063,40.728981111952365,7.2332687
-73.92865325754376,40.728981111952365,7.4454985
-73.92549715990688,40.728981111952365,7.6467457
-73.92234106227,40.728981111952365,7.919327
-73.91918496463312,40.728981111952365,8.026871
-73.91602886699623,40.728981111952365,7.9547997
-73.91287276935935,40.728981111952365,7.514442
-73.90971667172246,40.728981111952365,7.13423
-73.90656057408559,40.728981111952365,7.13423
-73.90340447644871,40.728981111952365,6.8533125
-73.90024837881182,40.728981111952365,6.5710297
-73.89709228117495,40.728981111952365,6.353152
-73.89393618353806,40.728981111952365,6.396796
-73.89078008590118,40.728981111952365,6.429904
-73.8876239882643,40.728981111952365,6.4201603
-73.88446789062742,40.728981111952365,6.3513575
-73.88131179299054,40.728981111952365,6.2151785
-73.87815569535366,40.728981111952365,6.2151785
-73.87499959771678,40.728981111952365,6.0350475
-73.87184350007989,40.728981111952365,6.0514984
-73.86868740244302,40.728981111952365,6.076763
-73.86553130480614,40.728981111952365,6.0709376
-73.86237520716925,40.728981111952365,6.0506616
-73.85921910953238,40.728981111952365,5.994471
-73.85606301189549,40.728981111952365,5.9601865
-73.85290691425861,40.728981111952365,5.919079
-73.84975081662172,40.728981111952365,5.919079
-73.84659471898485,40.728981111952365,5.8866134
-73.84343862134797,40.728981111952365,5.8370566
-73.84028252371108,40.728981111952365,5.7377405
-73.8371264260742,40.728981111952365,5.62357
-73.83397032843732,40.728981111952365,5.5907855
-73.83081423080044,40.728981111952365,5.5980606
-73.82765813316355,40.728981111952365,5.6221647
-73.82450203552668,40.728981111952365,5.6495457
-73.8213459378898,40.728981111952365,5.6495457
-73.81818984025291,40.728981111952365,5.663043
-73.81503374261604,40.728981111952365,5.6559873
-73.81187764497915,40.728981111952365,5.630355
-73.80872154734227,40.728981111952365,5.5861473
-73.80556544970538,40.728981111952365,5.562635
-73.80240935206851,40.728981111952365,5.563489
-73.79925325443163,40.728981111952365,5.569619
-73.79609715679474,40.728981111952365,5.5649447
-73.79294105915787,40.728981111952365,5.5649447
-73.78978496152098,40.728981111952365,5.544285
-73.7866288638841,40.728981111952365,5.5158505
-73.78347276624721,40.728981111952365,5.4656467
-73.78031666861034,40.728981111952365,5.418504
-73.77716057097346,40.728981111952365,5.358639
-73.77400447333657,40.728981111952365,5.327033
-73.7708483756997,40.728981111952365,5.309849
-73.76769227806281,40.728981111952365,5.2995763
-73.76453618042594,40.728981111952365,5.2995763
-73.76138008278905,40.728981111952365,5.3031044
-73.75822398515217,40.728981111952365,5.297725
-73.7550678875153,40.728981111952365,5.29041
-73.7519117898784,40.728981111952365,5.284165
-73.74875569224153,40.728981111952365,5.28048
-73.74559959460464,40.728981111952365,5.282298
-73.74244349696777,40.728981111952365,5.2911963
-73.73928739933088,40.728981111952365,5.2895913
-73.736131301694,40.728981111952365,5.2895913
-73.73297520405713,40.728981111952365,5.2801185
-73.72981910642024,40.728981111952365,5.2503033
-73.72666300878336,40.728981111952365,5.225102
-73.72350691114647,40.728981111952365,5.204564
-73.7203508135096,40.728981111952365,5.1954966
-73.71719471587272,40.728981111952365,5.1951284
-73.71403861823583,40.728981111952365,5.1937017
-73.71088252059896,40.728981111952365,5.1904716
-73.70772642296207,40.728981111952365,5.1904716
-73.7045703253252,40.728981111952365,5.18648
-74.01386789373956,40.72582501431549,7.300455
-74.01071179610267,40.72582501431549,7.8162045
-74.0075556984658,40.72582501431549,8.316967
-74.0043996008289,40.72582501431549,9.051473
-74.00124350319203,40.72582501431549,9.751369
-73.99808740555514,40.72582501431549,10.481032
-73.99493130791826,40.72582501431549,10.720718
-73.99177521028139,40.72582501431549,10.720718
-73.9886191126445,40.72582501431549,10.262413
-73.98546301500762,40.72582501431549,9.609468
-73.98230691737074,40.72582501431549,8.926806
-73.97915081973386,40.72582501431549,8.070759
-73.97599472209697,40.72582501431549,7.2582965
-73.9728386244601,40.72582501431549,6.8273106
-73.96021423391257,40.72582501431549,7.6214647
-73.95705813627569,40.72582501431549,7.6775775
-73.9539020386388,40.72582501431549,7.630199
-73.95074594100193,40.72582501431549,7.634456
-73.94758984336505,40.72582501431549,7.6701183
-73.94443374572816,40.72582501431549,7.7144136
-73.94127764809129,40.72582501431549,7.594446
-73.9381215504544,40.72582501431549,7.279311
-73.93496545281752,40.72582501431549,7.279311
-73.93180935518063,40.72582501431549,7.1080422
-73.92865325754376,40.72582501431549,7.279351
-73.92549715990688,40.72582501431549,7.7523904
-73.92234106227,40.72582501431549,8.180205
-73.91918496463312,40.72582501431549,8.469322
-73.91602886699623,40.72582501431549,8.412768
-73.91287276935935,40.72582501431549,7.8567133
-73.90971667172246,40.72582501431549,7.3173013
-73.90656057408559,40.72582501431549,7.3173013
-73.90340447644871,40.72582501431549,6.931193
-73.90024837881182,40.72582501431549,6.534426
-73.89709228117495,40.72582501431549,6.263197
-73.89393618353806,40.72582501431549,6.279811
-73.89078008590118,40.72582501431549,6.3112707
-73.8876239882643,40.72582501431549,6.2880015
-73.88446789062742,40.72582501431549,6.202835
-73.88131179299054,40.72582501431549,5.9836035
-73.87815569535366,40.72582501431549,5.9836035
-73.87499959771678,40.72582501431549,5.930556
-73.87184350007989,40.72582501431549,5.9759383
-73.86868740244302,40.72582501431549,5.9994125
-73.86553130480614,40.72582501431549,5.992041
-73.86237520716925,40.72582501431549,5.9986544
-73.85921910953238,40.72582501431549,6.001532
-73.85606301189549,40.72582501431549,6.0037036
-73.85290691425861,40.72582501431549,5.983498
-73.84975081662172,40.72582501431549,5.983498
-73.84659471898485,40.72582501431549,5.9577436
-73.84343862134797,40.72582501431549,5.930967
-73.84028252371108,40.72582501431549,5.86667
-73.8371264260742,40.72582501431549,5.7729716
-73.83397032843732,40.72582501431549,5.669984
-73.83081423080044,40.72582501431549,5.6287937
-73.82765813316355,40.72582501431549,5.6311216
-73.82450203552668,40.72582501431549,5.641206
-73.8213459378898,40.72582501431549,5.641206
-73.81818984025291,40.72582501431549,5.664763
-73.81503374261604,40.72582501431549,5.6750865
-73.81187764497915,40.72582501431549,5.6658435
-73.80872154734227,40.72582501431549,5.620962
-73.80556544970538,40.72582501431549,5.587643
-73.80240935206851,40.72582501431549,5.57831
-73.79925325443163,40.72582501431549,5.5588946
-73.79609715679474,40.72582501431549,5.5318723
-73.79294105915787,40.72582501431549,5.5318723
-73.78978496152098,40.72582501431549,5.515469
-73.7866288638841,40.72582501431549,5.486125
-73.78347276624721,40.72582501431549,5.458327
-73.78031666861034,40.72582501431549,5.416668
-73.77716057097346,40.72582501431549,5.3582783
-73.77400447333657,40.72582501431549,5.3300204
-73.7708483756997,40.72582501431549,5.32115
-73.76769227806281,40.72582501431549,5.3194294
-73.76453618042594,40.72582501431549,5.3194294
-73.76138008278905,40.72582501431549,5.3150945
-73.75822398515217,40.72582501431549,5.304436
-73.7550678875153,40.72582501431549,5.2989106
-73.7519117898784,40.72582501431549,5.296321
-73.74875569224153,40.72582501431549,5.2823577
-73.74559959460464,40.72582501431549,5.28389
-73.74244349696777,40.72582501431549,5.3156548
-73.73928739933088,40.72582501431549,5.3271303
-73.736131301694,40.72582501431549,5.3271303
-73.73297520405713,40.72582501431549,5.315662
-73.72981910642024,40.72582501431549,5.2796416
-73.72666300878336,40.72582501431549,5.2387443
-73.72350691114647,40.72582501431549,5.2044497
-73.7203508135096,40.72582501431549,5.184706
-73.71719471587272,40.72582501431549,5.1731644
-73.71403861823583,40.72582501431549,5.1804633
-74.01071179610267,40.72266891667861,7.801164
-74.0075556984658,40.72266891667861,8.421736
-74.0043996008289,40.72266891667861,9.05702
-74.00124350319203,40.72266891667861,9.609406
-73.99808740555514,40.72266891667861,10.1267
-73.99493130791826,40.72266891667861,10.248317
-73.99177521028139,40.72266891667861,10.248317
-73.9886191126445,40.72266891667861,9.876062
-73.98546301500762,40.72266891667861,9.365964
-73.98230691737074,40.72266891667861,8.682546
-73.97915081973386,40.72266891667861,7.86746
-73.97599472209697,40.72266891667861,7.124759
-73.9728386244601,40.72266891667861,6.7527475
-73.96021423391257,40.72266891667861,7.8041067
-73.95705813627569,40.72266891667861,7.8552656
-73.9539020386388,40.72266891667861,7.784205
-73.95074594100193,40.72266891667861,7.513131
-73.94758984336505,40.72266891667861,7.4758763
-73.94443374572816,40.72266891667861,7.422149
-73.94127764809129,40.72266891667861,7.2836437
-73.9381215504544,40.72266891667861,7.073156
-73.93496545281752,40.72266891667861,7.073156
-73.93180935518063,40.72266891667861,6.926635
-73.92865325754376,40.72266891667861,7.0048947
-73.92549715990688,40.72266891667861,7.74891
-73.92234106227,40.72266891667861,8.529798
-73.91918496463312,40.72266891667861,8.87712
-73.91602886699623,40.72266891667861,8.761251
-73.91287276935935,40.72266891667861,8.34826
-73.90971667172246,40.72266891667861,7.6443534
-73.90656057408559,40.72266891667861,7.6443534
-73.90340447644871,40.72266891667861,6.9806876
-73.90024837881182,40.72266891667861,6.4882193
-73.89709228117495,40.72266891667861,6.2191744
-73.89393618353806,40.72266891667861,6.1146994
-73.89078008590118,40.72266891667861,6.1507826
-73.8876239882643,40.72266891667861,6.1192956
-73.88446789062742,40.72266891667861,5.9507527
-73.88131179299054,40.72266891667861,5.872833
-73.87815569535366,40.72266891667861,5.872833
-73.87499959771678,40.72266891667861,5.8512444
-73.87184350007989,40.72266891667861,5.8728237
-73.86868740244302,40.72266891667861,5.904212
-73.86553130480614,40.72266891667861,5.93466
-73.86237520716925,40.72266891667861,5.9604063
-73.85921910953238,40.72266891667861,5.9788523
-73.85606301189549,40.72266891667861,5.999355
-73.85290691425861,40.72266891667861,5.9860573
-73.84975081662172,40.72266891667861,5.9860573
-73.84659471898485,40.72266891667861,5.9751034
-73.84343862134797,40.72266891667861,5.9625907
-73.84028252371108,40.72266891667861,5.919018
-73.8371264260742,40.72266891667861,5.857428
-73.83397032843732,40.72266891667861,5.76106
-73.83081423080044,40.72266891667861,5.702321
-73.82765813316355,40.72266891667861,5.6437335
-73.82450203552668,40.72266891667861,5.6404786
-73.8213459378898,40.72266891667861,5.6404786
-73.81818984025291,40.72266891667861,5.6547527
-73.81503374261604,40.72266891667861,5.674377
-73.81187764497915,40.72266891667861,5.678165
-73.80872154734227,40.72266891667861,5.649088
-73.80556544970538,40.72266891667861,5.5955276
-73.80240935206851,40.72266891667861,5.570455
-73.79925325443163,40.72266891667861,5.553688
-73.79609715679474,40.72266891667861,5.5286107
-73.79294105915787,40.72266891667861,5.5286107
-73.78978496152098,40.72266891667861,5.500654
-73.7866288638841,40.72266891667861,5.482902
-73.78347276624721,40.72266891667861,5.464149
-73.78031666861034,40.72266891667861,5.422873
-73.77716057097346,40.72266891667861,5.369134
-73.77400447333657,40.72266891667861,5.3440866
-73.7708483756997,40.72266891667861,5.3395486
-73.76769227806281,40.72266891667861,5.335475
-73.76453618042594,40.72266891667861,5.335475
-73.76138008278905,40.72266891667861,5.32633
-73.75822398515217,40.72266891667861,5.314386
-73.7550678875153,40.72266891667861,5.308203
-73.7519117898784,40.72266891667861,5.320737
-73.74875569224153,40.72266891667861,5.3298216
-73.74559959460464,40.72266891667861,5.343328
-73.74244349696777,40.72266891667861,5.3650694
-73.73928739933088,40.72266891667861,5.379732
-73.736131301694,40.72266891667861,5.379732
-73.73297520405713,40.72266891667861,5.4001303
-73.72981910642024,40.72266891667861,5.366821
-73.72666300878336,40.72266891667861,5.2774076
-73.72350691114647,40.72266891667861,5.2400775
-74.01386789373956,40.719512819041725,7.7624645
-74.01071179610267,40.719512819041725,7.8870864
-74.0075556984658,40.719512819041725,8.407159
-74.0043996008289,40.719512819041725,8.942956
-74.00124350319203,40.719512819041725,9.355208
-73.99808740555514,40.719512819041725,9.550534
-73.99493130791826,40.719512819041725,9.5991745
-73.99177521028139,40.719512819041725,9.5991745
-73.9886191126445,40.719512819041725,9.359896
-73.98546301500762,40.719512819041725,8.93461
-73.98230691737074,40.719512819041725,8.174391
-73.97915081973386,40.719512819041725,7.5022516
-73.97599472209697,40.719512819041725,6.9370093
-73.9728386244601,40.719512819041725,6.8950863
-73.96652642918633,40.719512819041725,7.605653
-73.96337033154946,40.719512819041725,7.605653
-73.96021423391257,40.719512819041725,7.908588
-73.95705813627569,40.719512819041725,8.001259
-73.9539020386388,40.719512819041725,7.8555436
-73.95074594100193,40.719512819041725,7.5491347
-73.94758984336505,40.719512819041725,7.280147
-73.94443374572816,40.719512819041725,7.1111646
-73.94127764809129,40.719512819041725,6.9888663
-73.9381215504544,40.719512819041725,6.823278
-73.93496545281752,40.719512819041725,6.823278
-73.93180935518063,40.719512819041725,6.70598
-73.92865325754376,40.719512819041725,6.9484105
-73.92549715990688,40.719512819041725,7.818297
-73.92234106227,40.719512819041725,8.48223
-73.91918496463312,40.719512819041725,8.838136
-73.91602886699623,40.719512819041725,8.974468
-73.91287276935935,40.719512819041725,8.600666
-73.90971667172246,40.719512819041725,7.882935
-73.90656057408559,40.719512819041725,7.882935
-73.90340447644871,40.719512819041725,7.080631
-73.90024837881182,40.719512819041725,6.4469543
-73.89709228117495,40.719512819041725,6.1803007
-73.89393618353806,40.719512819041725,6.0474167
-73.89078008590118,40.719512819041725,5.9234605
-73.8876239882643,40.719512819041725,5.8749886
-73.88446789062742,40.719512819041725,5.8284516
-73.88131179299054,40.719512819041725,5.8265247
-73.87815569535366,40.719512819041725,5.8265247
-73.87499959771678,40.719512819041725,5.8356204
-73.87184350007989,40.719512819041725,5.838133
-73.86868740244302,40.719512819041725,5.842431
-73.86553130480614,40.719512819041725,5.868741
-73.86237520716925,40.719512819041725,5.8867764
-73.85921910953238,40.719512819041725,5.915835
-73.85606301189549,40.719512819041725,5.9386773
-73.85290691425861,40.719512819041725,5.96825
-73.84975081662172,40.719512819041725,5.96825
-73.84659471898485,40.719512819041725,5.9882727
-73.84343862134797,40.719512819041725,5.9706297
-73.84028252371108,40.719512819041725,5.9369397
-73.8371264260742,40.719512819041725,5.891443
-73.83397032843732,40.719512819041725,5.8130026
-73.83081423080044,40.719512819041725,5.75075
-73.82765813316355,40.719512819041725,5.704123
-73.82450203552668,40.719512819041725,5.6389723
-73.8213459378898,40.719512819041725,5.6389723
-73.81818984025291,40.719512819041725,5.636808
-73.81503374261604,40.719512819041725,5.659878
-73.81187764497915,40.719512819041725,5.662484
-73.80872154734227,40.719512819041725,5.637651
-73.80556544970538,40.719512819041725,5.6076245
-73.80240935206851,40.719512819041725,5.5827656
-73.79925325443163,40.719512819041725,5.576932
-73.79609715679474,40.719512819041725,5.5565414
-73.79294105915787,40.719512819041725,5.5565414
-73.78978496152098,40.719512819041725,5.5343695
-73.7866288638841,40.719512819041725,5.523662
-73.78347276624721,40.719512819041725,5.5039477
-73.78031666861034,40.719512819041725,5.4490857
-73.77716057097346,40.719512819041725,5.3963866
-73.77400447333657,40.719512819041725,5.368518
-73.7708483756997,40.719512819041725,5.367938
-73.76769227806281,40.719512819041725,5.3576946
-73.76453618042594,40.719512819041725,5.3576946
-73.76138008278905,40.719512819041725,5.3482084
-73.75822398515217,40.719512819041725,5.3382454
-73.7550678875153,40.719512819041725,5.341621
-73.7519117898784,40.719512819041725,5.355719
-73.74875569224153,40.719512819041725,5.4064484
-73.74559959460464,40.719512819041725,5.4455695
-73.74244349696777,40.719512819041725,5.475477
-73.73928739933088,40.719512819041725,5.4867334
-73.736131301694,40.719512819041725,5.4867334
-73.73297520405713,40.719512819041725,5.460693
-73.72981910642024,40.719512819041725,5.4239545
-74.01702399137643,40.71635672140484,7.7539454
-74.01386789373956,40.71635672140484,7.8319273
-74.01071179610267,40.71635672140484,8.145485
-74.0075556984658,40.71635672140484,8.594478
-74.0043996008289,40.71635672140484,8.791031
-74.00124350319203,40.71635672140484,8.678355
-73.99808740555514,40.71635672140484,8.368491
-73.99493130791826,40.71635672140484,8.089156
-73.99177521028139,40.71635672140484,8.089156
-73.9886191126445,40.71635672140484,7.888167
-73.98546301500762,40.71635672140484,7.4922547
-73.98230691737074,40.71635672140484,7.059096
-73.97915081973386,40.71635672140484,6.7599463
-73.97599472209697,40.71635672140484,6.5599556
-73.96968252682322,40.71635672140484,7.278207
-73.96652642918633,40.71635672140484,7.580858
-73.96337033154946,40.71635672140484,7.580858
-73.96021423391257,40.71635672140484,7.8138213
-73.95705813627569,40.71635672140484,7.946259
-73.9539020386388,40.71635672140484,7.8740187
-73.95074594100193,40.71635672140484,7.6246066
-73.94758984336505,40.71635672140484,7.3054094
-73.94443374572816,40.71635672140484,7.1771483
-73.94127764809129,40.71635672140484,7.197717
-73.9381215504544,40.71635672140484,7.2474976
-73.93496545281752,40.71635672140484,7.2474976
-73.93180935518063,40.71635672140484,7.3164425
-73.92865325754376,40.71635672140484,7.613718
-73.92549715990688,40.71635672140484,7.955378
-73.92234106227,40.71635672140484,8.42765
-73.91918496463312,40.71635672140484,8.629989
-73.91602886699623,40.71635672140484,8.534725
-73.91287276935935,40.71635672140484,8.115905
-73.90971667172246,40.71635672140484,7.5636077
-73.90656057408559,40.71635672140484,7.5636077
-73.90340447644871,40.71635672140484,7.130016
-73.90024837881182,40.71635672140484,6.572832
-73.89709228117495,40.71635672140484,6.2839446
-73.89393618353806,40.71635672140484,6.152439
-73.89078008590118,40.71635672140484,5.9627795
-73.8876239882643,40.71635672140484,5.872835
-73.88446789062742,40.71635672140484,5.822847
-73.88131179299054,40.71635672140484,5.8410096
-73.87815569535366,40.71635672140484,5.8410096
-73.87499959771678,40.71635672140484,5.9605556
-73.87184350007989,40.71635672140484,6.158366
-73.86868740244302,40.71635672140484,6.486172
-73.86553130480614,40.71635672140484,6.377095
-73.86237520716925,40.71635672140484,6.047446
-73.85921910953238,40.71635672140484,5.880204
-73.85606301189549,40.71635672140484,5.848868
-73.85290691425861,40.71635672140484,5.9072742
-73.84975081662172,40.71635672140484,5.9072742
-73.84659471898485,40.71635672140484,5.954741
-73.84343862134797,40.71635672140484,5.9708886
-73.84028252371108,40.71635672140484,5.968472
-73.8371264260742,40.71635672140484,5.9235373
-73.83397032843732,40.71635672140484,5.8332286
-73.83081423080044,40.71635672140484,5.762118
-73.82765813316355,40.71635672140484,5.7098327
-73.82450203552668,40.71635672140484,5.67472
-73.8213459378898,40.71635672140484,5.67472
-73.81818984025291,40.71635672140484,5.654474
-73.81503374261604,40.71635672140484,5.659061
-73.81187764497915,40.71635672140484,5.6844854
-73.80872154734227,40.71635672140484,5.6890364
-73.80556544970538,40.71635672140484,5.7236233
-73.80240935206851,40.71635672140484,5.769641
-73.79925325443163,40.71635672140484,5.7802973
-73.79609715679474,40.71635672140484,5.7537165
-73.79294105915787,40.71635672140484,5.7537165
-73.78978496152098,40.71635672140484,5.711773
-73.7866288638841,40.71635672140484,5.6753826
-73.78347276624721,40.71635672140484,5.6496773
-73.78031666861034,40.71635672140484,5.6533194
-73.77716057097346,40.71635672140484,5.675973
-73.77400447333657,40.71635672140484,5.686661
-73.7708483756997,40.71635672140484,5.6111417
-73.76769227806281,40.71635672140484,5.488656
-73.76453618042594,40.71635672140484,5.488656
-73.76138008278905,40.71635672140484,5.404982
-73.75822398515217,40.71635672140484,5.3693967
-73.7550678875153,40.71635672140484,5.373508
-73.7519117898784,40.71635672140484,5.419692
-73.74875569224153,40.71635672140484,5.4714494
-73.74559959460464,40.71635672140484,5.5104203
-73.74244349696777,40.71635672140484,5.5246773
-73.73928739933088,40.71635672140484,5.520152
-73.736131301694,40.71635672140484,5.520152
-73.73297520405713,40.71635672140484,5.4806724
-73.72981910642024,40.71635672140484,5.408599
-73.72666300878336,40.71635672140484,5.3779306
-74.01702399137643,40.71320062376796,7.6548758
-74.01386789373956,40.71320062376796,7.9941716
-74.01071179610267,40.71320062376796,8.334201
-74.0075556984658,40.71320062376796,8.613893
-74.0043996008289,40.71320062376796,8.646591
-74.00124350319203,40.71320062376796,8.351651
-73.99808740555514,40.71320062376796,7.905585
-73.99493130791826,40.71320062376796,7.583943
-73.99177521028139,40.71320062376796,7.583943
-73.9886191126445,40.71320062376796,7.3375793
-73.98546301500762,40.71320062376796,6.997965
-73.98230691737074,40.71320062376796,6.7055407
-73.97915081973386,40.71320062376796,6.4845314
-73.97599472209697,40.71320062376796,6.4115205
-73.96968252682322,40.71320062376796,7.1931334
-73.96652642918633,40.71320062376796,7.424822
-73.96337033154946,40.71320062376796,7.424822
-73.96021423391257,40.71320062376796,7.630858
-73.95705813627569,40.71320062376796,7.6860204
-73.9539020386388,40.71320062376796,7.6134725
-73.95074594100193,40.71320062376796,7.4354486
-73.94758984336505,40.71320062376796,7.219821
-73.94443374572816,40.71320062376796,7.225163
-73.94127764809129,40.71320062376796,7.4547777
-73.9381215504544,40.71320062376796,7.583651
-73.93496545281752,40.71320062376796,7.583651
-73.93180935518063,40.71320062376796,7.8478374
-73.92865325754376,40.71320062376796,8.000657
-73.92549715990688,40.71320062376796,8.12852
-73.92234106227,40.71320062376796,8.214629
-73.91918496463312,40.71320062376796,8.223932
-73.91602886699623,40.71320062376796,7.9368205
-73.91287276935935,40.71320062376796,7.5523257
-73.90971667172246,40.71320062376796,7.25047
-73.90656057408559,40.71320062376796,7.25047
-73.90340447644871,40.71320062376796,6.9453063
-73.90024837881182,40.71320062376796,6.5519185
-73.89709228117495,40.71320062376796,6.3813457
-73.89393618353806,40.71320062376796,6.327438
-73.89078008590118,40.71320062376796,6.2972198
-73.8876239882643,40.71320062376796,6.112866
-73.88446789062742,40.71320062376796,5.9850287
-73.88131179299054,40.71320062376796,6.043996
-73.87815569535366,40.71320062376796,6.043996
-73.87499959771678,40.71320062376796,6.389066
-73.87184350007989,40.71320062376796,6.7039647
-73.86868740244302,40.71320062376796,6.8198175
-73.86553130480614,40.71320062376796,6.757304
-73.86237520716925,40.71320062376796,6.511909
-73.85921910953238,40.71320062376796,6.1384463
-73.85606301189549,40.71320062376796,5.861623
-73.85290691425861,40.71320062376796,5.8133097
-73.84975081662172,40.71320062376796,5.8133097
-73.84659471898485,40.71320062376796,5.8560834
-73.84343862134797,40.71320062376796,5.9051013
-73.84028252371108,40.71320062376796,5.9254737
-73.8371264260742,40.71320062376796,5.8737154
-73.83397032843732,40.71320062376796,5.8080125
-73.83081423080044,40.71320062376796,5.7553844
-73.82765813316355,40.71320062376796,5.7217946
-73.82450203552668,40.71320062376796,5.6861434
-73.8213459378898,40.71320062376796,5.6861434
-73.81818984025291,40.71320062376796,5.675191
-73.81503374261604,40.71320062376796,5.7178307
-73.81187764497915,40.71320062376796,5.7862105
-73.80872154734227,40.71320062376796,5.844212
-73.80556544970538,40.71320062376796,5.8747272
-73.80240935206851,40.71320062376796,5.8954315
-73.79925325443163,40.71320062376796,5.9134183
-73.79609715679474,40.71320062376796,5.8791056
-73.79294105915787,40.71320062376796,5.8791056
-73.78978496152098,40.71320062376796,5.8213105
-73.7866288638841,40.71320062376796,5.8051953
-73.78347276624721,40.71320062376796,5.880614
-73.78031666861034,40.71320062376796,6.044992
-73.77716057097346,40.71320062376796,6.0747795
-73.77400447333657,40.71320062376796,6.0214367
-73.7708483756997,40.71320062376796,5.878948
-73.76769227806281,40.71320062376796,5.649205
-73.76453618042594,40.71320062376796,5.649205
-73.76138008278905,40.71320062376796,5.496405
-73.75822398515217,40.71320062376796,5.384532
-73.7550678875153,40.71320062376796,5.3611026
-73.7519117898784,40.71320062376796,5.3960032
-73.74875569224153,40.71320062376796,5.4405446
-73.74559959460464,40.71320062376796,5.5075717
-73.74244349696777,40.71320062376796,5.509313
-73.73928739933088,40.71320062376796,5.482917
-73.736131301694,40.71320062376796,5.482917
-73.73297520405713,40.71320062376796,5.437507
-73.72981910642024,40.71320062376796,5.355206
-73.72666300878336,40.71320062376796,5.296732
-74.01702399137643,40.71004452613108,7.701584
-74.01386789373956,40.71004452613108,8.023803
-74.01071179610267,40.71004452613108,8.285094
-74.0075556984658,40.71004452613108,8.437635
-74.0043996008289,40.71004452613108,8.316318
-74.00124350319203,40.71004452613108,8.030478
-73.99808740555514,40.71004452613108,7.641842
-73.99493130791826,40.71004452613108,7.261815
-73.99177521028139,40.71004452613108,7.261815
-73.9886191126445,40.71004452613108,7.0017886
-73.98546301500762,40.71004452613108,6.7313147
-73.98230691737074,40.71004452613108,6.5085974
-73.97915081973386,40.71004452613108,6.3532352
-73.9728386244601,40.71004452613108,6.677722
-73.96968252682322,40.71004452613108,6.914116
-73.96652642918633,40.71004452613108,7.1263757
-73.96337033154946,40.71004452613108,7.1263757
-73.96021423391257,40.71004452613108,7.2702227
-73.95705813627569,40.71004452613108,7.2971873
-73.9539020386388,40.71004452613108,7.363116
-73.95074594100193,40.71004452613108,7.2694473
-73.94758984336505,40.71004452613108,7.1965413
-73.94443374572816,40.71004452613108,7.310151
-73.94127764809129,40.71004452613108,7.624056
-73.9381215504544,40.71004452613108,7.817662
-73.93496545281752,40.71004452613108,7.817662
-73.93180935518063,40.71004452613108,8.129611
-73.92865325754376,40.71004452613108,8.278453
-73.92549715990688,40.71004452613108,8.306515
-73.92234106227,40.71004452613108,8.196242
-73.91918496463312,40.71004452613108,7.9391594
-73.91602886699623,40.71004452613108,7.418755
-73.91287276935935,40.71004452613108,7.0619264
-73.90971667172246,40.71004452613108,6.7717123
-73.90656057408559,40.71004452613108,6.7717123
-73.90340447644871,40.71004452613108,6.6054482
-73.90024837881182,40.71004452613108,6.5019712
-73.89709228117495,40.71004452613108,6.4866095
-73.89393618353806,40.71004452613108,6.6637855
-73.89078008590118,40.71004452613108,6.64969
-73.8876239882643,40.71004452613108,6.584755
-73.88446789062742,40.71004452613108,6.4450192
-73.88131179299054,40.71004452613108,6.328639
-73.87815569535366,40.71004452613108,6.328639
-73.87499959771678,40.71004452613108,6.620588
-73.87184350007989,40.71004452613108,6.8883386
-73.86868740244302,40.71004452613108,6.965425
-73.86553130480614,40.71004452613108,6.9144955
-73.86237520716925,40.71004452613108,6.725946
-73.85921910953238,40.71004452613108,6.3175416
-73.85606301189549,40.71004452613108,5.984891
-73.85290691425861,40.71004452613108,5.7627783
-73.84975081662172,40.71004452613108,5.7627783
-73.84659471898485,40.71004452613108,5.709251
-73.84343862134797,40.71004452613108,5.737793
-73.84028252371108,40.71004452613108,5.813028
-73.8371264260742,40.71004452613108,5.8141656
-73.83397032843732,40.71004452613108,5.7804604
-73.83081423080044,40.71004452613108,5.751058
-73.82765813316355,40.71004452613108,5.7502537
-73.82450203552668,40.71004452613108,5.7419868
-73.8213459378898,40.71004452613108,5.7419868
-73.81818984025291,40.71004452613108,5.7839313
-73.81503374261604,40.71004452613108,5.8487616
-73.81187764497915,40.71004452613108,5.9262986
-73.80872154734227,40.71004452613108,6.002373
-73.80556544970538,40.71004452613108,6.034498
-73.80240935206851,40.71004452613108,6.0305557
-73.79925325443163,40.71004452613108,5.999488
-73.79609715679474,40.71004452613108,5.980611
-73.79294105915787,40.71004452613108,5.980611
-73.78978496152098,40.71004452613108,5.982911
-73.7866288638841,40.71004452613108,6.0074234
-73.78347276624721,40.71004452613108,6.1479516
-73.78031666861034,40.71004452613108,6.309169
-73.77716057097346,40.71004452613108,6.324043
-73.77400447333657,40.71004452613108,6.222631
-73.7708483756997,40.71004452613108,6.017326
-73.76769227806281,40.71004452613108,5.7903957
-73.76453618042594,40.71004452613108,5.7903957
-73.76138008278905,40.71004452613108,5.5359607
-73.75822398515217,40.71004452613108,5.3710747
-73.7550678875153,40.71004452613108,5.330808
-73.7519117898784,40.71004452613108,5.33189
-73.74875569224153,40.71004452613108,5.383583
-73.74559959460464,40.71004452613108,5.428177
-73.74244349696777,40.71004452613108,5.433318
-73.73928739933088,40.71004452613108,5.383652
-73.736131301694,40.71004452613108,5.383652
-73.73297520405713,40.71004452613108,5.3117824
-73.72981910642024,40.71004452613108,5.2331877
-73.72666300878336,40.71004452613108,5.2010727
-74.01702399137643,40.706888428494196,7.5398207
-74.01386789373956,40.706888428494196,7.7665434
-74.01071179610267,40.706888428494196,7.9822946
-74.0075556984658,40.706888428494196,8.014722
-74.0043996008289,40.706888428494196,7.9449997
-74.00124350319203,40.706888428494196,7.684422
-73.99808740555514,40.706888428494196,7.396616
-73.97599472209697,40.706888428494196,6.529323
-73.9728386244601,40.706888428494196,6.55923
-73.96968252682322,40.706888428494196,6.7001653
-73.96652642918633,40.706888428494196,6.840041
-73.96337033154946,40.706888428494196,6.840041
-73.96021423391257,40.706888428494196,6.9464645
-73.95705813627569,40.706888428494196,7.005858
-73.9539020386388,40.706888428494196,7.1226625
-73.95074594100193,40.706888428494196,7.216185
-73.94758984336505,40.706888428494196,7.2353015
-73.94443374572816,40.706888428494196,7.5086226
-73.94127764809129,40.706888428494196,7.71881
-73.9381215504544,40.706888428494196,7.8779974
-73.93496545281752,40.706888428494196,7.8779974
-73.93180935518063,40.706888428494196,8.170685
-73.92865325754376,40.706888428494196,8.315006
-73.92549715990688,40.706888428494196,8.327501
-73.92234106227,40.706888428494196,8.174143
-73.91918496463312,40.706888428494196,7.7371516
-73.91602886699623,40.706888428494196,7.268317
-73.91287276935935,40.706888428494196,6.80915
-73.90971667172246,40.706888428494196,6.6290197
-73.90656057408559,40.706888428494196,6.6290197
-73.90340447644871,40.706888428494196,6.6031685
-73.90024837881182,40.706888428494196,6.6104817
-73.89709228117495,40.706888428494196,6.694155
-73.89393618353806,40.706888428494196,6.8210344
-73.89078008590118,40.706888428494196,6.8121657
-73.8876239882643,40.706888428494196,6.745557
-73.88446789062742,40.706888428494196,6.605109
-73.88131179299054,40.706888428494196,6.4730506
-73.87815569535366,40.706888428494196,6.4730506
-73.87499959771678,40.706888428494196,6.6609025
-73.87184350007989,40.706888428494196,6.884605
-73.86868740244302,40.706888428494196,6.9405017
-73.86553130480614,40.706888428494196,6.8835793
-73.86237520716925,40.706888428494196,6.703215
-73.85921910953238,40.706888428494196,6.304934
-73.85606301189549,40.706888428494196,5.994317
-73.85290691425861,40.706888428494196,5.754721
-73.84975081662172,40.706888428494196,5.754721
-73.84659471898485,40.706888428494196,5.668646
-73.84343862134797,40.706888428494196,5.6788235
-73.84028252371108,40.706888428494196,5.7266316
-73.8371264260742,40.706888428494196,5.785454
-73.83397032843732,40.706888428494196,5.823115
-73.83081423080044,40.706888428494196,5.842882
-73.82765813316355,40.706888428494196,5.8688374
-73.82450203552668,40.706888428494196,5.8956347
-73.8213459378898,40.706888428494196,5.8956347
-73.81818984025291,40.706888428494196,5.959486
-73.81503374261604,40.706888428494196,6.0291057
-73.81187764497915,40.706888428494196,6.1503544
-73.80872154734227,40.706888428494196,6.2376704
-73.80556544970538,40.706888428494196,6.2698126
-73.80240935206851,40.706888428494196,6.1943197
-73.79925325443163,40.706888428494196,6.1005807
-73.79609715679474,40.706888428494196,6.0935817
-73.79294105915787,40.706888428494196,6.0935817
-73.78978496152098,40.706888428494196,6.088091
-73.7866288638841,40.706888428494196,6.141424
-73.78347276624721,40.706888428494196,6.306863
-73.78031666861034,40.706888428494196,6.4269543
-73.77716057097346,40.706888428494196,6.4381313
-73.77400447333657,40.706888428494196,6.325634
-73.7708483756997,40.706888428494196,6.111016
-73.76769227806281,40.706888428494196,5.7368307
-73.76453618042594,40.706888428494196,5.7368307
-73.76138008278905,40.706888428494196,5.5247374
-73.75822398515217,40.706888428494196,5.361741
-73.7550678875153,40.706888428494196,5.306963
-73.7519117898784,40.706888428494196,5.298127
-73.74875569224153,40.706888428494196,5.3071346
-73.74559959460464,40.706888428494196,5.301372
-73.74244349696777,40.706888428494196,5.2864494
-73.73928739933088,40.706888428494196,5.251339
-73.736131301694,40.706888428494196,5.251339
-73.73297520405713,40.706888428494196,5.2104297
-73.72981910642024,40.706888428494196,5.178285
-73.72666300878336,40.706888428494196,5.158072
-74.01702399137643,40.70373233085732,7.279639
-74.01386789373956,40.70373233085732,7.443861
-74.01071179610267,40.70373233085732,7.54511
-74.0075556984658,40.70373233085732,7.5940347
-74.0043996008289,40.70373233085732,7.5375466
-74.00124350319203,40.70373233085732,7.3111353
-73.99493130791826,40.70373233085732,6.790675
-73.99177521028139,40.70373233085732,6.790675
-73.9886191126445,40.70373233085732,6.823514
-73.98546301500762,40.70373233085732,6.806014
-73.98230691737074,40.70373233085732,6.7563286
-73.97915081973386,40.70373233085732,6.7180934
-73.97599472209697,40.70373233085732,6.6941257
-73.9728386244601,40.70373233085732,6.6630654
-73.96968252682322,40.70373233085732,6.668278
-73.96652642918633,40.70373233085732,6.75797
-73.96337033154946,40.70373233085732,6.75797
-73.96021423391257,40.70373233085732,6.83858
-73.95705813627569,40.70373233085732,6.9485774
-73.9539020386388,40.70373233085732,7.0800924
-73.95074594100193,40.70373233085732,7.2760186
-73.94758984336505,40.70373233085732,7.339539
-73.94443374572816,40.70373233085732,7.487293
-73.94127764809129,40.70373233085732,7.7335443
-73.9381215504544,40.70373233085732,7.922148
-73.93496545281752,40.70373233085732,7.922148
-73.93180935518063,40.70373233085732,8.060963
-73.92865325754376,40.70373233085732,8.189745
-73.92549715990688,40.70373233085732,8.095983
-73.92234106227,40.70373233085732,7.8915663
-73.91918496463312,40.70373233085732,7.545873
-73.91602886699623,40.70373233085732,7.198529
-73.91287276935935,40.70373233085732,6.797724
-73.90971667172246,40.70373233085732,6.7112837
-73.90656057408559,40.70373233085732,6.7112837
-73.90340447644871,40.70373233085732,6.691957
-73.90024837881182,40.70373233085732,6.6771855
-73.89709228117495,40.70373233085732,6.783079
-73.89393618353806,40.70373233085732,6.8812056
-73.89078008590118,40.70373233085732,6.840824
-73.8876239882643,40.70373233085732,6.725846
-73.88446789062742,40.70373233085732,6.568384
-73.88131179299054,40.70373233085732,6.3883185
-73.87815569535366,40.70373233085732,6.3883185
-73.87499959771678,40.70373233085732,6.4328046
-73.87184350007989,40.70373233085732,6.669563
-73.86868740244302,40.70373233085732,6.736679
-73.86553130480614,40.70373233085732,6.6883726
-73.86237520716925,40.70373233085732,6.45359
-73.85921910953238,40.70373233085732,6.165886
-73.85606301189549,40.70373233085732,5.9360676
-73.85290691425861,40.70373233085732,5.740161
-73.84975081662172,40.70373233085732,5.740161
-73.84659471898485,40.70373233085732,5.6805153
-73.84343862134797,40.70373233085732,5.697395
-73.84028252371108,40.70373233085732,5.7830477
-73.8371264260742,40.70373233085732,5.9032454
-73.83397032843732,40.70373233085732,5.974749
-73.83081423080044,40.70373233085732,6.0472445
-73.82765813316355,40.70373233085732,6.116863
-73.82450203552668,40.70373233085732,6.14777
-73.8213459378898,40.70373233085732,6.14777
-73.81818984025291,40.70373233085732,6.2038555
-73.81503374261604,40.70373233085732,6.2510567
-73.81187764497915,40.70373233085732,6.3680806
-73.80872154734227,40.70373233085732,6.4923515
-73.80556544970538,40.70373233085732,6.5359335
-73.80240935206851,40.70373233085732,6.48893
-73.79925325443163,40.70373233085732,6.28745
-73.79609715679474,40.70373233085732,6.148995
-73.79294105915787,40.70373233085732,6.148995
-73.78978496152098,40.70373233085732,6.082451
-73.7866288638841,40.70373233085732,6.121983
-73.78347276624721,40.70373233085732,6.256805
-73.78031666861034,40.70373233085732,6.391536
-73.77716057097346,40.70373233085732,6.4428988
-73.77400447333657,40.70373233085732,6.3850636
-73.7708483756997,40.70373233085732,6.149408
-73.76769227806281,40.70373233085732,5.7149415
-73.76453618042594,40.70373233085732,5.7149415
-73.76138008278905,40.70373233085732,5.4394407
-73.75822398515217,40.70373233085732,5.3385816
-73.7550678875153,40.70373233085732,5.303691
-73.7519117898784,40.70373233085732,5.283018
-73.74875569224153,40.70373233085732,5.283098
-73.74559959460464,40.70373233085732,5.269919
-73.74244349696777,40.70373233085732,5.243969
-73.73928739933088,40.70373233085732,5.2115064
-73.736131301694,40.70373233085732,5.2115064
-73.73297520405713,40.70373233085732,5.182762
-73.72981910642024,40.70373233085732,5.1587505
-73.72666300878336,40.70373233085732,5.137368
-74.0391166748346,40.70057623322044,6.4831343
-74.01702399137643,40.70057623322044,7.2900205
-74.01386789373956,40.70057623322044,7.2135954
-74.01071179610267,40.70057623322044,7.32722
-74.0075556984658,40.70057623322044,7.363705
-74.0043996008289,40.70057623322044,7.2389326
-73.99808740555514,40.70057623322044,6.729882
-73.99493130791826,40.70057623322044,6.807798
-73.99177521028139,40.70057623322044,6.807798
-73.9886191126445,40.70057623322044,6.9281335
-73.98546301500762,40.70057623322044,6.948368
-73.98230691737074,40.70057623322044,6.9352665
-73.97915081973386,40.70057623322044,6.887227
-73.97599472209697,40.70057623322044,6.81198
-73.9728386244601,40.70057623322044,6.842783
-73.96968252682322,40.70057623322044,6.929967
-73.96652642918633,40.70057623322044,6.9699106
-73.96337033154946,40.70057623322044,6.9699106
-73.96021423391257,40.70057623322044,7.0258603
-73.95705813627569,40.70057623322044,7.1823177
-73.9539020386388,40.70057623322044,7.497937
-73.95074594100193,40.70057623322044,7.562397
-73.94758984336505,40.70057623322044,7.313571
-73.94443374572816,40.70057623322044,7.386152
-73.94127764809129,40.70057623322044,7.5582666
-73.9381215504544,40.70057623322044,7.751408
-73.93496545281752,40.70057623322044,7.751408
-73.93180935518063,40.70057623322044,7.8412843
-73.92865325754376,40.70057623322044,7.8083925
-73.92549715990688,40.70057623322044,7.70005
-73.92234106227,40.70057623322044,7.5275493
-73.91918496463312,40.70057623322044,7.2774243
-73.91602886699623,40.70057623322044,7.1166487
-73.91287276935935,40.70057623322044,6.883803
-73.90971667172246,40.70057623322044,6.8735914
-73.90656057408559,40.70057623322044,6.8735914
-73.90340447644871,40.70057623322044,6.8589754
-73.90024837881182,40.70057623322044,6.839392
-73.89709228117495,40.70057623322044,6.7586966
-73.89393618353806,40.70057623322044,6.782097
-73.89078008590118,40.70057623322044,6.727655
-73.8876239882643,40.70057623322044,6.581484
-73.88446789062742,40.70057623322044,6.3599505
-73.88131179299054,40.70057623322044,6.1378813
-73.87815569535366,40.70057623322044,6.1378813
-73.87499959771678,40.70057623322044,6.104388
-73.87184350007989,40.70057623322044,6.1841664
-73.86868740244302,40.70057623322044,6.1856184
-73.86553130480614,40.70057623322044,6.152194
-73.86237520716925,40.70057623322044,6.086957
-73.85921910953238,40.70057623322044,5.950669
-73.85606301189549,40.70057623322044,5.816685
-73.85290691425861,40.70057623322044,5.7722025
-73.84975081662172,40.70057623322044,5.7722025
-73.84659471898485,40.70057623322044,5.759507
-73.84343862134797,40.70057623322044,5.797677
-73.84028252371108,40.70057623322044,5.902559
-73.8371264260742,40.70057623322044,5.996639
-73.83397032843732,40.70057623322044,6.0814176
-73.83081423080044,40.70057623322044,6.181499
-73.82765813316355,40.70057623322044,6.283144
-73.82450203552668,40.70057623322044,6.318808
-73.8213459378898,40.70057623322044,6.318808
-73.81818984025291,40.70057623322044,6.3755584
-73.81503374261604,40.70057623322044,6.461275
-73.81187764497915,40.70057623322044,6.5412827
-73.80872154734227,40.70057623322044,6.659224
-73.80556544970538,40.70057623322044,6.6887875
-73.80240935206851,40.70057623322044,6.6029663
-73.79925325443163,40.70057623322044,6.441192
-73.79609715679474,40.70057623322044,6.1332216
-73.79294105915787,40.70057623322044,6.1332216
-73.78978496152098,40.70057623322044,5.9554605
-73.7866288638841,40.70057623322044,5.937803
-73.78347276624721,40.70057623322044,6.122933
-73.78031666861034,40.70057623322044,6.2870016
-73.77716057097346,40.70057623322044,6.3389044
-73.77400447333657,40.70057623322044,6.2705626
-73.7708483756997,40.70057623322044,6.089353
-73.76769227806281,40.70057623322044,5.7335706
-73.76453618042594,40.70057623322044,5.7335706
-73.76138008278905,40.70057623322044,5.4291863
-73.75822398515217,40.70057623322044,5.340584
-73.7550678875153,40.70057623322044,5.318104
-73.7519117898784,40.70057623322044,5.29783
-73.74875569224153,40.70057623322044,5.290381
-73.74559959460464,40.70057623322044,5.2747955
-73.74244349696777,40.70057623322044,5.246244
-73.73928739933088,40.70057623322044,5.22051
-73.736131301694,40.70057623322044,5.22051
-73.73297520405713,40.70057623322044,5.1941934
-73.72981910642024,40.70057623322044,5.1585035
-73.72666300878336,40.70057623322044,5.133121
-74.04227277247148,40.697420135583556,6.1481504
-74.0391166748346,40.697420135583556,6.150446
-74.00124350319203,40.697420135583556,6.593487
-73.99808740555514,40.697420135583556,6.7676997
-73.99493130791826,40.697420135583556,7.0125074
-73.99177521028139,40.697420135583556,7.0125074
-73.9886191126445,40.697420135583556,7.283495
-73.98546301500762,40.697420135583556,7.3615713
-73.98230691737074,40.697420135583556,7.3699336
-73.97915081973386,40.697420135583556,7.316748
-73.97599472209697,40.697420135583556,7.2772055
-73.9728386244601,40.697420135583556,7.253538
-73.96968252682322,40.697420135583556,7.235305
-73.96652642918633,40.697420135583556,7.3653264
-73.96337033154946,40.697420135583556,7.3653264
-73.96021423391257,40.697420135583556,7.603869
-73.95705813627569,40.697420135583556,7.662089
-73.9539020386388,40.697420135583556,7.738579
-73.95074594100193,40.697420135583556,7.717511
-73.94758984336505,40.697420135583556,7.550237
-73.94443374572816,40.697420135583556,7.1104436
-73.94127764809129,40.697420135583556,7.095699
-73.9381215504544,40.697420135583556,7.262197
-73.93496545281752,40.697420135583556,7.262197
-73.93180935518063,40.697420135583556,7.296524
-73.92865325754376,40.697420135583556,7.187259
-73.92549715990688,40.697420135583556,7.0622435
-73.92234106227,40.697420135583556,6.900553
-73.91918496463312,40.697420135583556,6.8357778
-73.91602886699623,40.697420135583556,6.8203125
-73.91287276935935,40.697420135583556,6.9465137
-73.90971667172246,40.697420135583556,7.0249767
-73.90656057408559,40.697420135583556,7.0249767
-73.90340447644871,40.697420135583556,7.033522
-73.90024837881182,40.697420135583556,6.9527874
-73.89709228117495,40.697420135583556,6.7394586
-73.89393618353806,40.697420135583556,6.4249706
-73.89078008590118,40.697420135583556,6.1727505
-73.8876239882643,40.697420135583556,5.914229
-73.88446789062742,40.697420135583556,5.808977
-73.88131179299054,40.697420135583556,5.7693324
-73.87815569535366,40.697420135583556,5.7693324
-73.87499959771678,40.697420135583556,5.7626615
-73.87184350007989,40.697420135583556,5.76438
-73.86868740244302,40.697420135583556,5.7689643
-73.86553130480614,40.697420135583556,5.789156
-73.86237520716925,40.697420135583556,5.8192186
-73.85921910953238,40.697420135583556,5.8356338
-73.85606301189549,40.697420135583556,5.8841305
-73.85290691425861,40.697420135583556,5.9305644
-73.84975081662172,40.697420135583556,5.9305644
-73.84659471898485,40.697420135583556,5.9421744
-73.84343862134797,40.697420135583556,5.9558983
-73.84028252371108,40.697420135583556,5.9893785
-73.8371264260742,40.697420135583556,6.0485415
-73.83397032843732,40.697420135583556,6.133599
-73.83081423080044,40.697420135583556,6.2204485
-73.82765813316355,40.697420135583556,6.3140845
-73.82450203552668,40.697420135583556,6.387195
-73.8213459378898,40.697420135583556,6.387195
-73.81818984025291,40.697420135583556,6.430976
-73.81503374261604,40.697420135583556,6.4645042
-73.81187764497915,40.697420135583556,6.4801264
-73.80872154734227,40.697420135583556,6.530453
-73.80556544970538,40.697420135583556,6.46016
-73.80240935206851,40.697420135583556,6.34357
-73.79925325443163,40.697420135583556,6.18089
-73.79609715679474,40.697420135583556,5.882936
-73.79294105915787,40.697420135583556,5.882936
-73.78978496152098,40.697420135583556,5.5937734
-73.7866288638841,40.697420135583556,5.531232
-73.78347276624721,40.697420135583556,5.657884
-73.78031666861034,40.697420135583556,5.8727903
-73.77716057097346,40.697420135583556,5.980744
-73.77400447333657,40.697420135583556,5.990312
-73.7708483756997,40.697420135583556,5.8796735
-73.76769227806281,40.697420135583556,5.666065
-73.76453618042594,40.697420135583556,5.666065
-73.76138008278905,40.697420135583556,5.428133
-73.75822398515217,40.697420135583556,5.3450747
-73.7550678875153,40.697420135583556,5.3114257
-73.7519117898784,40.697420135583556,5.2876167
-73.74875569224153,40.697420135583556,5.2625456
-73.74559959460464,40.697420135583556,5.242866
-73.74244349696777,40.697420135583556,5.230456
-73.73928739933088,40.697420135583556,5.2101426
-73.736131301694,40.697420135583556,5.2101426
-73.73297520405713,40.697420135583556,5.179627
-73.72981910642024,40.697420135583556,5.1498566
-73.72666300878336,40.697420135583556,5.1308336
-74.01702399137643,40.694264037946674,6.1342773
-74.01386789373956,40.694264037946674,6.1687455
-74.0043996008289,40.694264037946674,6.453668
-74.00124350319203,40.694264037946674,6.632648
-73.99808740555514,40.694264037946674,6.9044123
-73.99493130791826,40.694264037946674,7.178353
-73.99177521028139,40.694264037946674,7.178353
-73.9886191126445,40.694264037946674,7.390665
-73.98546301500762,40.694264037946674,7.4418225
-73.98230691737074,40.694264037946674,7.435367
-73.97915081973386,40.694264037946674,7.404909
-73.97599472209697,40.694264037946674,7.4292808
-73.9728386244601,40.694264037946674,7.3567424
-73.96968252682322,40.694264037946674,7.2651477
-73.96652642918633,40.694264037946674,7.3323345
-73.96337033154946,40.694264037946674,7.3323345
-73.96021423391257,40.694264037946674,7.555477
-73.95705813627569,40.694264037946674,7.600967
-73.9539020386388,40.694264037946674,7.601341
-73.95074594100193,40.694264037946674,7.5864615
-73.94758984336505,40.694264037946674,7.3879433
-73.94443374572816,40.694264037946674,6.813824
-73.94127764809129,40.694264037946674,6.7717843
-73.9381215504544,40.694264037946674,6.8342276
-73.93496545281752,40.694264037946674,6.8342276
-73.93180935518063,40.694264037946674,6.931537
-73.92865325754376,40.694264037946674,6.849798
-73.92549715990688,40.694264037946674,6.7130704
-73.92234106227,40.694264037946674,6.6518087
-73.91918496463312,40.694264037946674,6.609355
-73.91602886699623,40.694264037946674,6.648556
-73.91287276935935,40.694264037946674,6.8029013
-73.90971667172246,40.694264037946674,6.908814
-73.90656057408559,40.694264037946674,6.908814
-73.90340447644871,40.694264037946674,6.8793926
-73.90024837881182,40.694264037946674,6.793026
-73.89709228117495,40.694264037946674,6.561073
-73.89393618353806,40.694264037946674,6.2801805
-73.89078008590118,40.694264037946674,5.9247794
-73.8876239882643,40.694264037946674,5.800274
-73.88446789062742,40.694264037946674,5.7842894
-73.88131179299054,40.694264037946674,5.8113165
-73.87815569535366,40.694264037946674,5.8113165
-73.87499959771678,40.694264037946674,5.881995
-73.87184350007989,40.694264037946674,5.892796
-73.86868740244302,40.694264037946674,5.912986
-73.86553130480614,40.694264037946674,5.8798323
-73.86237520716925,40.694264037946674,5.866405
-73.85921910953238,40.694264037946674,5.854855
-73.85606301189549,40.694264037946674,5.9180813
-73.85290691425861,40.694264037946674,5.979849
-73.84975081662172,40.694264037946674,5.979849
-73.84659471898485,40.694264037946674,6.0403266
-73.84343862134797,40.694264037946674,6.0811896
-73.84028252371108,40.694264037946674,6.08397
-73.8371264260742,40.694264037946674,6.0658097
-73.83397032843732,40.694264037946674,6.0625196
-73.83081423080044,40.694264037946674,6.130147
-73.82765813316355,40.694264037946674,6.220944
-73.82450203552668,40.694264037946674,6.290397
-73.8213459378898,40.694264037946674,6.290397
-73.81818984025291,40.694264037946674,6.305943
-73.81503374261604,40.694264037946674,6.260881
-73.81187764497915,40.694264037946674,6.231607
-73.80872154734227,40.694264037946674,6.2429934
-73.80556544970538,40.694264037946674,6.2106953
-73.80240935206851,40.694264037946674,6.1221404
-73.79925325443163,40.694264037946674,5.9745746
-73.79609715679474,40.694264037946674,5.7395205
-73.79294105915787,40.694264037946674,5.7395205
-73.78978496152098,40.694264037946674,5.6556234
-73.7866288638841,40.694264037946674,5.530959
-73.78347276624721,40.694264037946674,5.500819
-73.78031666861034,40.694264037946674,5.5920343
-73.77716057097346,40.694264037946674,5.7077003
-73.77400447333657,40.694264037946674,5.750395
-73.7708483756997,40.694264037946674,5.6546335
-73.76769227806281,40.694264037946674,5.4705977
-73.76453618042594,40.694264037946674,5.4705977
-73.76138008278905,40.694264037946674,5.367597
-73.75822398515217,40.694264037946674,5.318793
-73.7550678875153,40.694264037946674,5.2997313
-73.7519117898784,40.694264037946674,5.2794323
-73.74875569224153,40.694264037946674,5.2481937
-73.74559959460464,40.694264037946674,5.227868
-73.74244349696777,40.694264037946674,5.2103467
-73.73928739933088,40.694264037946674,5.1901712
-73.736131301694,40.694264037946674,5.1901712
-73.73297520405713,40.694264037946674,5.16654
-73.72981910642024,40.694264037946674,5.139415
-73.72666300878336,40.694264037946674,5.122214
-74.04542887010837,40.69110794030979,6.099351
-74.04227277247148,40.69110794030979,6.089328
-74.0233361866502,40.69110794030979,6.0611815
-74.02018008901331,40.69110794030979,6.0611815
-74.01702399137643,40.69110794030979,6.0560956
-74.01386789373956,40.69110794030979,6.0689745
-74.01071179610267,40.69110794030979,6.1797686
-74.0043996008289,40.69110794030979,6.501826
-74.00124350319203,40.69110794030979,6.729949
-73.99808740555514,40.69110794030979,7.056583
-73.99493130791826,40.69110794030979,7.2998867
-73.99177521028139,40.69110794030979,7.2998867
-73.9886191126445,40.69110794030979,7.4504037
-73.98546301500762,40.69110794030979,7.5550714
-73.98230691737074,40.69110794030979,7.4660926
-73.97915081973386,40.69110794030979,7.343974
-73.97599472209697,40.69110794030979,7.291672
-73.9728386244601,40.69110794030979,7.254511
-73.96968252682322,40.69110794030979,7.2399
-73.96652642918633,40.69110794030979,7.2061987
-73.96337033154946,40.69110794030979,7.2061987
-73.96021423391257,40.69110794030979,7.2016454
-73.95705813627569,40.69110794030979,7.3263893
-73.9539020386388,40.69110794030979,7.3334804
-73.95074594100193,40.69110794030979,7.2555385
-73.94758984336505,40.69110794030979,6.801352
-73.94443374572816,40.69110794030979,6.575354
-73.94127764809129,40.69110794030979,6.5214567
-73.9381215504544,40.69110794030979,6.5542445
-73.93496545281752,40.69110794030979,6.5542445
-73.93180935518063,40.69110794030979,6.593544
-73.92865325754376,40.69110794030979,6.5936255
-73.92549715990688,40.69110794030979,6.5346613
-73.92234106227,40.69110794030979,6.5157914
-73.91918496463312,40.69110794030979,6.4765577
-73.91602886699623,40.69110794030979,6.483842
-73.91287276935935,40.69110794030979,6.587221
-73.90971667172246,40.69110794030979,6.6832957
-73.90656057408559,40.69110794030979,6.6832957
-73.90340447644871,40.69110794030979,6.6289034
-73.90024837881182,40.69110794030979,6.5131984
-73.89709228117495,40.69110794030979,6.2971244
-73.89393618353806,40.69110794030979,6.0215707
-73.89078008590118,40.69110794030979,5.78654
-73.8876239882643,40.69110794030979,5.754379
-73.88446789062742,40.69110794030979,5.910427
-73.88131179299054,40.69110794030979,6.0100737
-73.87815569535366,40.69110794030979,6.0100737
-73.87499959771678,40.69110794030979,6.1069427
-73.87184350007989,40.69110794030979,6.1873317
-73.86868740244302,40.69110794030979,6.2091556
-73.86553130480614,40.69110794030979,6.1490526
-73.86237520716925,40.69110794030979,6.04612
-73.85921910953238,40.69110794030979,5.9485335
-73.85606301189549,40.69110794030979,5.95572
-73.85290691425861,40.69110794030979,6.059517
-73.84975081662172,40.69110794030979,6.059517
-73.84659471898485,40.69110794030979,6.147535
-73.84343862134797,40.69110794030979,6.170592
-73.84028252371108,40.69110794030979,6.167538
-73.8371264260742,40.69110794030979,6.128208
-73.83397032843732,40.69110794030979,6.0637965
-73.83081423080044,40.69110794030979,6.0212398
-73.82765813316355,40.69110794030979,6.005839
-73.82450203552668,40.69110794030979,6.0389824
-73.8213459378898,40.69110794030979,6.0389824
-73.81818984025291,40.69110794030979,6.0699716
-73.81503374261604,40.69110794030979,6.024952
-73.81187764497915,40.69110794030979,5.978353
-73.80872154734227,40.69110794030979,5.923215
-73.80556544970538,40.69110794030979,5.888226
-73.80240935206851,40.69110794030979,5.8814244
-73.79925325443163,40.69110794030979,5.775774
-73.79609715679474,40.69110794030979,5.7332387
-73.79294105915787,40.69110794030979,5.7332387
-73.78978496152098,40.69110794030979,5.6936045
-73.7866288638841,40.69110794030979,5.6522923
-73.78347276624721,40.69110794030979,5.5551386
-73.78031666861034,40.69110794030979,5.433209
-73.77716057097346,40.69110794030979,5.425149
-73.77400447333657,40.69110794030979,5.4376054
-73.7708483756997,40.69110794030979,5.4255724
-73.76769227806281,40.69110794030979,5.3818374
-73.76453618042594,40.69110794030979,5.3818374
-73.76138008278905,40.69110794030979,5.3393087
-73.75822398515217,40.69110794030979,5.314713
-73.7550678875153,40.69110794030979,5.2947664
-73.7519117898784,40.69110794030979,5.26818
-73.74875569224153,40.69110794030979,5.238319
-73.74559959460464,40.69110794030979,5.2170978
-73.74244349696777,40.69110794030979,5.1977396
-73.73928739933088,40.69110794030979,5.176807
-73.736131301694,40.69110794030979,5.176807
-73.73297520405713,40.69110794030979,5.1530876
-73.72981910642024,40.69110794030979,5.128377
-73.72666300878336,40.69110794030979,5.1107817
-74.04542887010837,40.68795184267291,6.1108985
-74.04227277247148,40.68795184267291,6.0964584
-74.02649228428707,40.68795184267291,6.079427
-74.0233361866502,40.68795184267291,6.0627866
-74.02018008901331,40.68795184267291,6.0627866
-74.01702399137643,40.68795184267291,6.0633507
-74.01386789373956,40.68795184267291,6.0927925
-74.01071179610267,40.68795184267291,6.2667017
-74.0075556984658,40.68795184267291,6.369588
-74.0043996008289,40.68795184267291,6.569874
-74.00124350319203,40.68795184267291,6.829111
-73.99808740555514,40.68795184267291,7.085832
-73.99493130791826,40.68795184267291,7.360129
-73.99177521028139,40.68795184267291,7.360129
-73.9886191126445,40.68795184267291,7.5531025
-73.98546301500762,40.68795184267291,7.647764
-73.98230691737074,40.68795184267291,7.6017942
-73.97915081973386,40.68795184267291,7.4204826
-73.97599472209697,40.68795184267291,7.292598
-73.9728386244601,40.68795184267291,7.2790937
-73.96968252682322,40.68795184267291,7.1995215
-73.96652642918633,40.68795184267291,7.1509013
-73.96337033154946,40.68795184267291,7.1509013
-73.96021423391257,40.68795184267291,7.034998
-73.95705813627569,40.68795184267291,6.9581738
-73.9539020386388,40.68795184267291,6.8618927
-73.95074594100193,40.68795184267291,6.733231
-73.94758984336505,40.68795184267291,6.5198665
-73.94443374572816,40.68795184267291,6.3832088
-73.94127764809129,40.68795184267291,6.36569
-73.9381215504544,40.68795184267291,6.4369907
-73.93496545281752,40.68795184267291,6.4369907
-73.93180935518063,40.68795184267291,6.4792023
-73.92865325754376,40.68795184267291,6.4831676
-73.92549715990688,40.68795184267291,6.460206
-73.92234106227,40.68795184267291,6.423956
-73.91918496463312,40.68795184267291,6.3978124
-73.91602886699623,40.68795184267291,6.4036074
-73.91287276935935,40.68795184267291,6.4140787
-73.90971667172246,40.68795184267291,6.463217
-73.90656057408559,40.68795184267291,6.463217
-73.90340447644871,40.68795184267291,6.4450827
-73.90024837881182,40.68795184267291,6.30686
-73.89709228117495,40.68795184267291,6.058591
-73.89393618353806,40.68795184267291,5.810756
-73.89078008590118,40.68795184267291,5.737051
-73.8876239882643,40.68795184267291,5.7971644
-73.88446789062742,40.68795184267291,6.0291696
-73.88131179299054,40.68795184267291,6.1822143
-73.87815569535366,40.68795184267291,6.1822143
-73.87499959771678,40.68795184267291,6.3255496
-73.87184350007989,40.68795184267291,6.644073
-73.86868740244302,40.68795184267291,6.7186294
-73.86553130480614,40.68795184267291,6.6919613
-73.86237520716925,40.68795184267291,6.545583
-73.85921910953238,40.68795184267291,6.11781
-73.85606301189549,40.68795184267291,6.0178337
-73.85290691425861,40.68795184267291,6.1318445
-73.84975081662172,40.68795184267291,6.1318445
-73.84659471898485,40.68795184267291,6.1994534
-73.84343862134797,40.68795184267291,6.212855
-73.84028252371108,40.68795184267291,6.209175
-73.8371264260742,40.68795184267291,6.155822
-73.83397032843732,40.68795184267291,6.0315495
-73.83081423080044,40.68795184267291,5.916752
-73.82765813316355,40.68795184267291,5.8813
-73.82450203552668,40.68795184267291,5.862994
-73.8213459378898,40.68795184267291,5.862994
-73.81818984025291,40.68795184267291,5.860719
-73.81503374261604,40.68795184267291,5.8275003
-73.81187764497915,40.68795184267291,5.7671
-73.80872154734227,40.68795184267291,5.709885
-73.80556544970538,40.68795184267291,5.6541247
-73.80240935206851,40.68795184267291,5.6118655
-73.79925325443163,40.68795184267291,5.669076
-73.79609715679474,40.68795184267291,5.693057
-73.79294105915787,40.68795184267291,5.693057
-73.78978496152098,40.68795184267291,5.701826
-73.7866288638841,40.68795184267291,5.6804056
-73.78347276624721,40.68795184267291,5.5846357
-73.78031666861034,40.68795184267291,5.4086223
-73.77716057097346,40.68795184267291,5.370767
-73.77400447333657,40.68795184267291,5.407745
-73.7708483756997,40.68795184267291,5.420817
-73.76769227806281,40.68795184267291,5.3976917
-73.76453618042594,40.68795184267291,5.3976917
-73.76138008278905,40.68795184267291,5.3948903
-73.75822398515217,40.68795184267291,5.3777466
-73.7550678875153,40.68795184267291,5.325608
-73.7519117898784,40.68795184267291,5.2721977
-73.74875569224153,40.68795184267291,5.224416
-73.74559959460464,40.68795184267291,5.2034545
-73.74244349696777,40.68795184267291,5.1829033
-73.73928739933088,40.68795184267291,5.1599407
-73.736131301694,40.68795184267291,5.1599407
-73.73297520405713,40.68795184267291,5.1362424
-73.72981910642024,40.68795184267291,5.1147933
-73.72666300878336,40.68795184267291,5.100687
-74.02649228428707,40.68479574503603,6.1024003
-74.0233361866502,40.68479574503603,6.115183
-74.02018008901331,40.68479574503603,6.115183
-74.01702399137643,40.68479574503603,6.206997
-74.01386789373956,40.68479574503603,6.3166156
-74.01071179610267,40.68479574503603,6.5222526
-74.0075556984658,40.68479574503603,6.623158
-74.0043996008289,40.68479574503603,6.784657
-74.00124350319203,40.68479574503603,6.913052
-73.99808740555514,40.68479574503603,7.066794
-73.99493130791826,40.68479574503603,7.4023933
-73.99177521028139,40.68479574503603,7.4023933
-73.9886191126445,40.68479574503603,7.78696
-73.98546301500762,40.68479574503603,8.057852
-73.98230691737074,40.68479574503603,8.003737
-73.97915081973386,40.68479574503603,7.689033
-73.97599472209697,40.68479574503603,7.4196773
-73.9728386244601,40.68479574503603,7.481608
-73.96968252682322,40.68479574503603,7.4572415
-73.96652642918633,40.68479574503603,7.3029957
-73.96337033154946,40.68479574503603,7.3029957
-73.96021423391257,40.68479574503603,7.129085
-73.95705813627569,40.68479574503603,6.926331
-73.9539020386388,40.68479574503603,6.810934
-73.95074594100193,40.68479574503603,6.6504803
-73.94758984336505,40.68479574503603,6.54097
-73.94443374572816,40.68479574503603,6.431215
-73.94127764809129,40.68479574503603,6.3573737
-73.9381215504544,40.68479574503603,6.351612
-73.93496545281752,40.68479574503603,6.351612
-73.93180935518063,40.68479574503603,6.443671
-73.92865325754376,40.68479574503603,6.4602723
-73.92549715990688,40.68479574503603,6.448014
-73.92234106227,40.68479574503603,6.3892097
-73.91918496463312,40.68479574503603,6.3521657
-73.91602886699623,40.68479574503603,6.352857
-73.91287276935935,40.68479574503603,6.3432293
-73.90971667172246,40.68479574503603,6.352943
-73.90656057408559,40.68479574503603,6.352943
-73.90340447644871,40.68479574503603,6.3179646
-73.90024837881182,40.68479574503603,6.1688237
-73.89709228117495,40.68479574503603,5.9104815
-73.89393618353806,40.68479574503603,5.7830772
-73.89078008590118,40.68479574503603,5.7747784
-73.8876239882643,40.68479574503603,5.897266
-73.88446789062742,40.68479574503603,6.141729
-73.88131179299054,40.68479574503603,6.3769407
-73.87815569535366,40.68479574503603,6.3769407
-73.87499959771678,40.68479574503603,6.5517216
-73.87184350007989,40.68479574503603,6.877558
-73.86868740244302,40.68479574503603,6.950311
-73.86553130480614,40.68479574503603,6.8698525
-73.86237520716925,40.68479574503603,6.685444
-73.85921910953238,40.68479574503603,6.2120914
-73.85606301189549,40.68479574503603,6.063574
-73.85290691425861,40.68479574503603,6.093972
-73.84975081662172,40.68479574503603,6.093972
-73.84659471898485,40.68479574503603,6.1619234
-73.84343862134797,40.68479574503603,6.1959543
-73.84028252371108,40.68479574503603,6.178072
-73.8371264260742,40.68479574503603,6.1264105
-73.83397032843732,40.68479574503603,5.976682
-73.83081423080044,40.68479574503603,5.887149
-73.82765813316355,40.68479574503603,5.8307433
-73.82450203552668,40.68479574503603,5.787462
-73.8213459378898,40.68479574503603,5.787462
-73.81818984025291,40.68479574503603,5.7331367
-73.81503374261604,40.68479574503603,5.6878085
-73.81187764497915,40.68479574503603,5.6233416
-73.80872154734227,40.68479574503603,5.5464754
-73.80556544970538,40.68479574503603,5.522939
-73.80240935206851,40.68479574503603,5.5110097
-73.79925325443163,40.68479574503603,5.6078596
-73.79609715679474,40.68479574503603,5.6594014
-73.79294105915787,40.68479574503603,5.6594014
-73.78978496152098,40.68479574503603,5.67952
-73.7866288638841,40.68479574503603,5.647384
-73.78347276624721,40.68479574503603,5.5678573
-73.78031666861034,40.68479574503603,5.407553
-73.77716057097346,40.68479574503603,5.406374
-73.77400447333657,40.68479574503603,5.4322076
-73.7708483756997,40.68479574503603,5.447389
-73.76769227806281,40.68479574503603,5.479393
-73.76453618042594,40.68479574503603,5.479393
-73.76138008278905,40.68479574503603,5.4959693
-73.75822398515217,40.68479574503603,5.504875
-73.7550678875153,40.68479574503603,5.438119
-73.7519117898784,40.68479574503603,5.3122926
-73.74875569224153,40.68479574503603,5.2447667
-73.74559959460464,40.68479574503603,5.2081656
-73.74244349696777,40.68479574503603,5.181211
-73.73928739933088,40.68479574503603,5.152625
-73.736131301694,40.68479574503603,5.152625
-73.73297520405713,40.68479574503603,5.128313
-73.72981910642024,40.68479574503603,5.107605
-73.72666300878336,40.68479574503603,5.09651
-74.02649228428707,40.68163964739915,6.283697
-74.0233361866502,40.68163964739915,6.3547354
-74.02018008901331,40.68163964739915,6.3547354
-74.01386789373956,40.68163964739915,6.7218504
-74.01071179610267,40.68163964739915,6.813724
-74.0075556984658,40.68163964739915,6.8313446
-74.0043996008289,40.68163964739915,6.932842
-74.00124350319203,40.68163964739915,7.046684
-73.99808740555514,40.68163964739915,7.0609703
-73.99493130791826,40.68163964739915,7.4991794
-73.99177521028139,40.68163964739915,7.4991794
-73.9886191126445,40.68163964739915,7.8912635
-73.98546301500762,40.68163964739915,8.198764
-73.98230691737074,40.68163964739915,8.097789
-73.97915081973386,40.68163964739915,7.870384
-73.97599472209697,40.68163964739915,7.665662
-73.9728386244601,40.68163964739915,7.589941
-73.96968252682322,40.68163964739915,7.4569645
-73.96652642918633,40.68163964739915,7.37882
-73.96337033154946,40.68163964739915,7.37882
-73.96021423391257,40.68163964739915,7.1988435
-73.95705813627569,40.68163964739915,7.103318
-73.9539020386388,40.68163964739915,6.915122
-73.95074594100193,40.68163964739915,6.7435045
-73.94758984336505,40.68163964739915,6.7015295
-73.94443374572816,40.68163964739915,6.5926914
-73.94127764809129,40.68163964739915,6.4859557
-73.9381215504544,40.68163964739915,6.429628
-73.93496545281752,40.68163964739915,6.429628
-73.93180935518063,40.68163964739915,6.4442
-73.92865325754376,40.68163964739915,6.4811335
-73.92549715990688,40.68163964739915,6.482407
-73.92234106227,40.68163964739915,6.396929
-73.91918496463312,40.68163964739915,6.3501267
-73.91602886699623,40.68163964739915,6.30049
-73.91287276935935,40.68163964739915,6.3502665
-73.90971667172246,40.68163964739915,6.34293
-73.90656057408559,40.68163964739915,6.34293
-73.90340447644871,40.68163964739915,6.3015437
-73.90024837881182,40.68163964739915,6.1897826
-73.89709228117495,40.68163964739915,6.0057898
-73.89393618353806,40.68163964739915,5.903139
-73.89078008590118,40.68163964739915,5.9022155
-73.8876239882643,40.68163964739915,6.065218
-73.88446789062742,40.68163964739915,6.235495
-73.88131179299054,40.68163964739915,6.4480276
-73.87815569535366,40.68163964739915,6.4480276
-73.87499959771678,40.68163964739915,6.6059394
-73.87184350007989,40.68163964739915,6.9150777
-73.86868740244302,40.68163964739915,6.958806
-73.86553130480614,40.68163964739915,6.8193645
-73.86237520716925,40.68163964739915,6.6042066
-73.85921910953238,40.68163964739915,6.1012716
-73.85606301189549,40.68163964739915,5.9659753
-73.85290691425861,40.68163964739915,5.9868727
-73.84975081662172,40.68163964739915,5.9868727
-73.84659471898485,40.68163964739915,6.081075
-73.84343862134797,40.68163964739915,6.142238
-73.84028252371108,40.68163964739915,6.1368213
-73.8371264260742,40.68163964739915,6.036884
-73.83397032843732,40.68163964739915,5.9520326
-73.83081423080044,40.68163964739915,5.8497114
-73.82765813316355,40.68163964739915,5.7855706
-73.82450203552668,40.68163964739915,5.743974
-73.8213459378898,40.68163964739915,5.743974
-73.81818984025291,40.68163964739915,5.687656
-73.81503374261604,40.68163964739915,5.637187
-73.81187764497915,40.68163964739915,5.580548
-73.80872154734227,40.68163964739915,5.5219035
-73.80556544970538,40.68163964739915,5.485381
-73.80240935206851,40.68163964739915,5.5128384
-73.79925325443163,40.68163964739915,5.5375557
-73.79609715679474,40.68163964739915,5.622095
-73.79294105915787,40.68163964739915,5.622095
-73.78978496152098,40.68163964739915,5.629331
-73.7866288638841,40.68163964739915,5.590746
-73.78347276624721,40.68163964739915,5.468342
-73.78031666861034,40.68163964739915,5.3901067
-73.77716057097346,40.68163964739915,5.4138107
-73.77400447333657,40.68163964739915,5.4363503
-73.7708483756997,40.68163964739915,5.45081
-73.76769227806281,40.68163964739915,5.5187483
-73.76453618042594,40.68163964739915,5.5187483
-73.76138008278905,40.68163964739915,5.5693045
-73.75822398515217,40.68163964739915,5.566256
-73.7550678875153,40.68163964739915,5.522995
-73.7519117898784,40.68163964739915,5.434491
-73.74875569224153,40.68163964739915,5.334308
-73.74559959460464,40.68163964739915,5.2848635
-73.74244349696777,40.68163964739915,5.2277637
-73.73928739933088,40.68163964739915,5.1906815
-73.736131301694,40.68163964739915,5.1906815
-73.73297520405713,40.68163964739915,5.156436
-73.72981910642024,40.68163964739915,5.1216383
-73.72666300878336,40.68163964739915,5.1047
-74.01702399137643,40.67848354976227,7.0234575
-74.01386789373956,40.67848354976227,7.1072135
-74.01071179610267,40.67848354976227,7.233024
-74.0075556984658,40.67848354976227,7.2259026
-74.0043996008289,40.67848354976227,7.2164817
-74.00124350319203,40.67848354976227,7.21522
-73.99808740555514,40.67848354976227,7.304616
-73.99493130791826,40.67848354976227,7.547479
-73.99177521028139,40.67848354976227,7.547479
-73.9886191126445,40.67848354976227,7.844799
-73.98546301500762,40.67848354976227,7.9652534
-73.98230691737074,40.67848354976227,7.9013476
-73.97915081973386,40.67848354976227,7.7280517
-73.97599472209697,40.67848354976227,7.5331225
-73.9728386244601,40.67848354976227,7.3784947
-73.96968252682322,40.67848354976227,7.3031144
-73.96652642918633,40.67848354976227,7.209035
-73.96337033154946,40.67848354976227,7.209035
-73.96021423391257,40.67848354976227,7.138773
-73.95705813627569,40.67848354976227,7.0802135
-73.9539020386388,40.67848354976227,6.986272
-73.95074594100193,40.67848354976227,6.8682704
-73.94758984336505,40.67848354976227,6.818779
-73.94443374572816,40.67848354976227,6.7685876
-73.94127764809129,40.67848354976227,6.6954293
-73.9381215504544,40.67848354976227,6.732453
-73.93496545281752,40.67848354976227,6.732453
-73.93180935518063,40.67848354976227,6.7732077
-73.92865325754376,40.67848354976227,6.748926
-73.92549715990688,40.67848354976227,6.6395264
-73.92234106227,40.67848354976227,6.5072603
-73.91918496463312,40.67848354976227,6.351707
-73.91602886699623,40.67848354976227,6.1923547
-73.91287276935935,40.67848354976227,6.3068213
-73.90971667172246,40.67848354976227,6.4177012
-73.90656057408559,40.67848354976227,6.4177012
-73.90340447644871,40.67848354976227,6.5061893
-73.90024837881182,40.67848354976227,6.504931
-73.89709228117495,40.67848354976227,6.4291115
-73.89393618353806,40.67848354976227,6.3222127
-73.89078008590118,40.67848354976227,6.241934
-73.8876239882643,40.67848354976227,6.2552533
-73.88446789062742,40.67848354976227,6.290699
-73.88131179299054,40.67848354976227,6.4222445
-73.87815569535366,40.67848354976227,6.4222445
-73.87499959771678,40.67848354976227,6.441359
-73.87184350007989,40.67848354976227,6.4081182
-73.86868740244302,40.67848354976227,6.333816
-73.86553130480614,40.67848354976227,6.052585
-73.86237520716925,40.67848354976227,5.8929095
-73.85921910953238,40.67848354976227,5.75837
-73.85606301189549,40.67848354976227,5.7204037
-73.85290691425861,40.67848354976227,5.817374
-73.84975081662172,40.67848354976227,5.817374
-73.84659471898485,40.67848354976227,5.85959
-73.84343862134797,40.67848354976227,5.899275
-73.84028252371108,40.67848354976227,5.9239902
-73.8371264260742,40.67848354976227,5.8959317
-73.83397032843732,40.67848354976227,5.8060384
-73.83081423080044,40.67848354976227,5.7081394
-73.82765813316355,40.67848354976227,5.668777
-73.82450203552668,40.67848354976227,5.6251264
-73.8213459378898,40.67848354976227,5.6251264
-73.81818984025291,40.67848354976227,5.5761247
-73.81503374261604,40.67848354976227,5.5659747
-73.81187764497915,40.67848354976227,5.5441976
-73.80872154734227,40.67848354976227,5.5289474
-73.80556544970538,40.67848354976227,5.5366445
-73.80240935206851,40.67848354976227,5.614034
-73.79925325443163,40.67848354976227,5.6389346
-73.79609715679474,40.67848354976227,5.6454597
-73.79294105915787,40.67848354976227,5.6454597
-73.78978496152098,40.67848354976227,5.676086
-73.7866288638841,40.67848354976227,5.753727
-73.78347276624721,40.67848354976227,5.7332115
-73.78031666861034,40.67848354976227,5.551179
-73.77716057097346,40.67848354976227,5.4279504
-73.77400447333657,40.67848354976227,5.4075994
-73.7708483756997,40.67848354976227,5.4242887
-73.76769227806281,40.67848354976227,5.5098267
-73.76453618042594,40.67848354976227,5.5098267
-73.76138008278905,40.67848354976227,5.6151695
-73.75822398515217,40.67848354976227,5.6551204
-73.7550678875153,40.67848354976227,5.6502357
-73.7519117898784,40.67848354976227,5.582539
-73.74875569224153,40.67848354976227,5.48631
-73.74559959460464,40.67848354976227,5.3637066
-73.74244349696777,40.67848354976227,5.3018365
-73.73928739933088,40.67848354976227,5.2381215
-73.736131301694,40.67848354976227,5.2381215
-73.73297520405713,40.67848354976227,5.2038918
-73.72981910642024,40.67848354976227,5.169072
-73.72666300878336,40.67848354976227,5.140875
-74.01702399137643,40.67532745212539,7.0564723
-74.01386789373956,40.67532745212539,7.2289824
-74.01071179610267,40.67532745212539,7.3549237
-74.0075556984658,40.67532745212539,7.408994
-74.0043996008289,40.67532745212539,7.3256845
-74.00124350319203,40.67532745212539,7.3259153
-73.99808740555514,40.67532745212539,7.422556
-73.99493130791826,40.67532745212539,7.6170845
-73.99177521028139,40.67532745212539,7.6170845
-73.9886191126445,40.67532745212539,7.7252145
-73.98546301500762,40.67532745212539,7.747414
-73.98230691737074,40.67532745212539,7.6861215
-73.97915081973386,40.67532745212539,7.494057
-73.97599472209697,40.67532745212539,7.198726
-73.9728386244601,40.67532745212539,7.1147003
-73.96968252682322,40.67532745212539,6.985404
-73.96652642918633,40.67532745212539,6.9390745
-73.96337033154946,40.67532745212539,6.9390745
-73.96021423391257,40.67532745212539,6.926674
-73.95705813627569,40.67532745212539,6.943841
-73.9539020386388,40.67532745212539,6.919108
-73.95074594100193,40.67532745212539,6.8616705
-73.94758984336505,40.67532745212539,6.8135076
-73.94443374572816,40.67532745212539,6.7295804
-73.94127764809129,40.67532745212539,6.683707
-73.9381215504544,40.67532745212539,6.7124104
-73.93496545281752,40.67532745212539,6.7124104
-73.93180935518063,40.67532745212539,6.766246
-73.92865325754376,40.67532745212539,6.727509
-73.92549715990688,40.67532745212539,6.6129346
-73.92234106227,40.67532745212539,6.4889035
-73.91918496463312,40.67532745212539,6.2274294
-73.91602886699623,40.67532745212539,6.1640916
-73.91287276935935,40.67532745212539,6.2780485
-73.90971667172246,40.67532745212539,6.5094557
-73.90656057408559,40.67532745212539,6.5094557
-73.90340447644871,40.67532745212539,6.6880035
-73.90024837881182,40.67532745212539,6.74749
-73.89709228117495,40.67532745212539,6.6489334
-73.89393618353806,40.67532745212539,6.5311427
-73.89078008590118,40.67532745212539,6.3215966
-73.8876239882643,40.67532745212539,6.255532
-73.88446789062742,40.67532745212539,6.250824
-73.88131179299054,40.67532745212539,6.242197
-73.87815569535366,40.67532745212539,6.242197
-73.87499959771678,40.67532745212539,6.1940904
-73.87184350007989,40.67532745212539,6.0682683
-73.86868740244302,40.67532745212539,5.943656
-73.86553130480614,40.67532745212539,5.8401217
-73.86237520716925,40.67532745212539,5.747462
-73.85921910953238,40.67532745212539,5.6806417
-73.85606301189549,40.67532745212539,5.6627398
-73.85290691425861,40.67532745212539,5.6766734
-73.84975081662172,40.67532745212539,5.6766734
-73.84659471898485,40.67532745212539,5.704345
-73.84343862134797,40.67532745212539,5.7264395
-73.84028252371108,40.67532745212539,5.7711706
-73.8371264260742,40.67532745212539,5.736691
-73.83397032843732,40.67532745212539,5.6805243
-73.83081423080044,40.67532745212539,5.6274443
-73.82765813316355,40.67532745212539,5.587716
-73.82450203552668,40.67532745212539,5.5709944
-73.8213459378898,40.67532745212539,5.5709944
-73.81818984025291,40.67532745212539,5.551412
-73.81503374261604,40.67532745212539,5.570372
-73.81187764497915,40.67532745212539,5.5801935
-73.80872154734227,40.67532745212539,5.5723934
-73.80556544970538,40.67532745212539,5.604194
-73.80240935206851,40.67532745212539,5.638412
-73.79925325443163,40.67532745212539,5.660447
-73.79609715679474,40.67532745212539,5.707746
-73.79294105915787,40.67532745212539,5.707746
-73.78978496152098,40.67532745212539,5.9229302
-73.7866288638841,40.67532745212539,6.0839815
-73.78347276624721,40.67532745212539,6.1210594
-73.78031666861034,40.67532745212539,5.970343
-73.77716057097346,40.67532745212539,5.575969
-73.77400447333657,40.67532745212539,5.3972344
-73.7708483756997,40.67532745212539,5.354321
-73.76769227806281,40.67532745212539,5.401757
-73.76453618042594,40.67532745212539,5.401757
-73.76138008278905,40.67532745212539,5.5659337
-73.75822398515217,40.67532745212539,5.62336
-73.7550678875153,40.67532745212539,5.6205697
-73.7519117898784,40.67532745212539,5.5766263
-73.74875569224153,40.67532745212539,5.505769
-73.74559959460464,40.67532745212539,5.3740234
-73.74244349696777,40.67532745212539,5.3026376
-73.73928739933088,40.67532745212539,5.2400947
-73.736131301694,40.67532745212539,5.2400947
-73.73297520405713,40.67532745212539,5.2095757
-73.72981910642024,40.67532745212539,5.177315
-73.72666300878336,40.67532745212539,5.1499596
-74.01702399137643,40.672171354488505,7.086761
-74.01386789373956,40.672171354488505,7.2818184
-74.01071179610267,40.672171354488505,7.370088
-74.0075556984658,40.672171354488505,7.4920263
-74.0043996008289,40.672171354488505,7.376931
-74.00124350319203,40.672171354488505,7.386702
-73.99808740555514,40.672171354488505,7.5050488
-73.99493130791826,40.672171354488505,7.5901747
-73.99177521028139,40.672171354488505,7.5901747
-73.9886191126445,40.672171354488505,7.6537147
-73.98546301500762,40.672171354488505,7.5116453
-73.98230691737074,40.672171354488505,7.346835
-73.97915081973386,40.672171354488505,7.152013
-73.97599472209697,40.672171354488505,6.9388747
-73.9728386244601,40.672171354488505,6.746066
-73.96968252682322,40.672171354488505,6.604068
-73.96652642918633,40.672171354488505,6.560214
-73.96337033154946,40.672171354488505,6.560214
-73.96021423391257,40.672171354488505,6.6570754
-73.95705813627569,40.672171354488505,6.673395
-73.9539020386388,40.672171354488505,6.7108335
-73.95074594100193,40.672171354488505,6.72977
-73.94758984336505,40.672171354488505,6.6754518
-73.94443374572816,40.672171354488505,6.6042414
-73.94127764809129,40.672171354488505,6.5868754
-73.9381215504544,40.672171354488505,6.579065
-73.93496545281752,40.672171354488505,6.579065
-73.93180935518063,40.672171354488505,6.6407766
-73.92865325754376,40.672171354488505,6.615764
-73.92549715990688,40.672171354488505,6.546643
-73.92234106227,40.672171354488505,6.396967
-73.91918496463312,40.672171354488505,6.153573
-73.91602886699623,40.672171354488505,6.1076136
-73.91287276935935,40.672171354488505,6.2706366
-73.90971667172246,40.672171354488505,6.486172
-73.90656057408559,40.672171354488505,6.486172
-73.90340447644871,40.672171354488505,6.725242
-73.90024837881182,40.672171354488505,6.810473
-73.89709228117495,40.672171354488505,6.7540374
-73.89393618353806,40.672171354488505,6.600188
-73.89078008590118,40.672171354488505,6.4420257
-73.8876239882643,40.672171354488505,6.213007
-73.88446789062742,40.672171354488505,6.1489244
-73.88131179299054,40.672171354488505,6.1024127
-73.87815569535366,40.672171354488505,6.1024127
-73.87499959771678,40.672171354488505,6.031824
-73.87184350007989,40.672171354488505,5.9881816
-73.86868740244302,40.672171354488505,5.9018164
-73.86553130480614,40.672171354488505,5.808102
-73.86237520716925,40.672171354488505,5.7212024
-73.85921910953238,40.672171354488505,5.649067
-73.85606301189549,40.672171354488505,5.6154666
-73.85290691425861,40.672171354488505,5.617071
-73.84975081662172,40.672171354488505,5.617071
-73.84659471898485,40.672171354488505,5.6241837
-73.84343862134797,40.672171354488505,5.649384
-73.84028252371108,40.672171354488505,5.6507306
-73.8371264260742,40.672171354488505,5.6240773
-73.83397032843732,40.672171354488505,5.587193
-73.83081423080044,40.672171354488505,5.563065
-73.82765813316355,40.672171354488505,5.547469
-73.82450203552668,40.672171354488505,5.5378203
-73.8213459378898,40.672171354488505,5.5378203
-73.81818984025291,40.672171354488505,5.548137
-73.81503374261604,40.672171354488505,5.6115584
-73.81187764497915,40.672171354488505,5.690637
-73.80872154734227,40.672171354488505,5.694512
-73.80556544970538,40.672171354488505,5.703128
-73.80240935206851,40.672171354488505,5.6780767
-73.79925325443163,40.672171354488505,5.661722
-73.79609715679474,40.672171354488505,5.7539873
-73.79294105915787,40.672171354488505,5.7539873
-73.78978496152098,40.672171354488505,6.097853
-73.7866288638841,40.672171354488505,6.2898884
-73.78347276624721,40.672171354488505,6.3479342
-73.78031666861034,40.672171354488505,6.2748704
-73.77716057097346,40.672171354488505,5.9293737
-73.77400447333657,40.672171354488505,5.5249915
-73.7708483756997,40.672171354488505,5.3479004
-73.76769227806281,40.672171354488505,5.3324184
-73.76453618042594,40.672171354488505,5.3324184
-73.76138008278905,40.672171354488505,5.45931
-73.75822398515217,40.672171354488505,5.530169
-73.7550678875153,40.672171354488505,5.5510416
-73.7519117898784,40.672171354488505,5.551943
-73.74875569224153,40.672171354488505,5.510357
-73.74559959460464,40.672171354488505,5.396235
-73.74244349696777,40.672171354488505,5.288301
-73.73928739933088,40.672171354488505,5.248694
-73.736131301694,40.672171354488505,5.248694
-73.73297520405713,40.672171354488505,5.2171264
-73.72981910642024,40.672171354488505,5.1893663
-73.72666300878336,40.672171354488505,5.1688013
-74.01702399137643,40.66901525685162,6.9718056
-74.01386789373956,40.66901525685162,7.13341
-74.01071179610267,40.66901525685162,7.29564
-74.0075556984658,40.66901525685162,7.3737
-74.0043996008289,40.66901525685162,7.3526225
-74.00124350319203,40.66901525685162,7.3761964
-73.99808740555514,40.66901525685162,7.5420046
-73.99493130791826,40.66901525685162,7.5027666
-73.99177521028139,40.66901525685162,7.5027666
-73.9886191126445,40.66901525685162,7.460449
-73.98546301500762,40.66901525685162,7.3004284
-73.98230691737074,40.66901525685162,7.0722194
-73.97915081973386,40.66901525685162,6.8439384
-73.97599472209697,40.66901525685162,6.6593904
-73.9728386244601,40.66901525685162,6.4428096
-73.96968252682322,40.66901525685162,6.3613634
-73.96652642918633,40.66901525685162,6.317457
-73.96337033154946,40.66901525685162,6.317457
-73.96021423391257,40.66901525685162,6.382815
-73.95705813627569,40.66901525685162,6.488693
-73.9539020386388,40.66901525685162,6.536457
-73.95074594100193,40.66901525685162,6.5472555
-73.94758984336505,40.66901525685162,6.506692
-73.94443374572816,40.66901525685162,6.3804584
-73.94127764809129,40.66901525685162,6.365388
-73.9381215504544,40.66901525685162,6.394376
-73.93496545281752,40.66901525685162,6.394376
-73.93180935518063,40.66901525685162,6.4237504
-73.92865325754376,40.66901525685162,6.409635
-73.92549715990688,40.66901525685162,6.334766
-73.92234106227,40.66901525685162,6.256459
-73.91918496463312,40.66901525685162,6.154607
-73.91602886699623,40.66901525685162,6.102998
-73.91287276935935,40.66901525685162,6.249337
-73.90971667172246,40.66901525685162,6.4625
-73.90656057408559,40.66901525685162,6.4625
-73.90340447644871,40.66901525685162,6.7120914
-73.90024837881182,40.66901525685162,6.795699
-73.89709228117495,40.66901525685162,6.744155
-73.89393618353806,40.66901525685162,6.5877314
-73.89078008590118,40.66901525685162,6.3538194
-73.8876239882643,40.66901525685162,6.0762053
-73.88446789062742,40.66901525685162,5.9956946
-73.88131179299054,40.66901525685162,6.1007123
-73.87815569535366,40.66901525685162,6.1007123
-73.87499959771678,40.66901525685162,6.226865
-73.87184350007989,40.66901525685162,6.2821083
-73.86868740244302,40.66901525685162,6.1416283
-73.86553130480614,40.66901525685162,5.9031515
-73.86237520716925,40.66901525685162,5.7054152
-73.85921910953238,40.66901525685162,5.610138
-73.85606301189549,40.66901525685162,5.580634
-73.85290691425861,40.66901525685162,5.588232
-73.84975081662172,40.66901525685162,5.588232
-73.84659471898485,40.66901525685162,5.599578
-73.84343862134797,40.66901525685162,5.5986767
-73.84028252371108,40.66901525685162,5.5971594
-73.8371264260742,40.66901525685162,5.5730476
-73.83397032843732,40.66901525685162,5.5434227
-73.83081423080044,40.66901525685162,5.51944
-73.82765813316355,40.66901525685162,5.509027
-73.82450203552668,40.66901525685162,5.502242
-73.8213459378898,40.66901525685162,5.502242
-73.81818984025291,40.66901525685162,5.5489264
-73.81503374261604,40.66901525685162,5.802426
-73.81187764497915,40.66901525685162,5.9296002
-73.80872154734227,40.66901525685162,5.9376025
-73.80556544970538,40.66901525685162,5.897393
-73.80240935206851,40.66901525685162,5.7134495
-73.79925325443163,40.66901525685162,5.640844
-73.79609715679474,40.66901525685162,5.7239165
-73.79294105915787,40.66901525685162,5.7239165
-73.78978496152098,40.66901525685162,6.1447387
-73.7866288638841,40.66901525685162,6.430092
-73.78347276624721,40.66901525685162,6.6117225
-73.78031666861034,40.66901525685162,6.573895
-73.77716057097346,40.66901525685162,6.281386
-73.77400447333657,40.66901525685162,5.8659453
-73.7708483756997,40.66901525685162,5.51614
-73.76769227806281,40.66901525685162,5.374931
-73.76453618042594,40.66901525685162,5.374931
-73.76138008278905,40.66901525685162,5.336265
-73.75822398515217,40.66901525685162,5.444569
-73.7550678875153,40.66901525685162,5.5247374
-73.7519117898784,40.66901525685162,5.5233555
-73.74875569224153,40.66901525685162,5.4510827
-73.74559959460464,40.66901525685162,5.3978043
-73.74244349696777,40.66901525685162,5.3002605
-73.73928739933088,40.66901525685162,5.245179
-73.736131301694,40.66901525685162,5.245179
-73.73297520405713,40.66901525685162,5.2055473
-73.72981910642024,40.66901525685162,5.1816034
-73.72666300878336,40.66901525685162,5.1804256
-74.01702399137643,40.66585915921474,6.7566814
-74.01071179610267,40.66585915921474,7.0240383
-74.0075556984658,40.66585915921474,7.175273
-74.0043996008289,40.66585915921474,7.25384
-74.00124350319203,40.66585915921474,7.3317885
-73.99808740555514,40.66585915921474,7.3573737
-73.99493130791826,40.66585915921474,7.317958
-73.99177521028139,40.66585915921474,7.317958
-73.9886191126445,40.66585915921474,7.2867427
-73.98546301500762,40.66585915921474,7.0918646
-73.98230691737074,40.66585915921474,6.8247857
-73.97915081973386,40.66585915921474,6.6410747
-73.97599472209697,40.66585915921474,6.451078
-73.9728386244601,40.66585915921474,6.2449884
-73.96968252682322,40.66585915921474,6.17225
-73.96652642918633,40.66585915921474,6.1875057
-73.96337033154946,40.66585915921474,6.1875057
-73.96021423391257,40.66585915921474,6.283635
-73.95705813627569,40.66585915921474,6.3634257
-73.9539020386388,40.66585915921474,6.423158
-73.95074594100193,40.66585915921474,6.4323516
-73.94758984336505,40.66585915921474,6.3439264
-73.94443374572816,40.66585915921474,6.281121
-73.94127764809129,40.66585915921474,6.257639
-73.9381215504544,40.66585915921474,6.22436
-73.93496545281752,40.66585915921474,6.22436
-73.93180935518063,40.66585915921474,6.2536893
-73.92865325754376,40.66585915921474,6.266153
-73.92549715990688,40.66585915921474,6.2557797
-73.92234106227,40.66585915921474,6.2228684
-73.91918496463312,40.66585915921474,6.149984
-73.91602886699623,40.66585915921474,6.139368
-73.91287276935935,40.66585915921474,6.162059
-73.90971667172246,40.66585915921474,6.3481474
-73.90656057408559,40.66585915921474,6.3481474
-73.90340447644871,40.66585915921474,6.5505505
-73.90024837881182,40.66585915921474,6.6949177
-73.89709228117495,40.66585915921474,6.6354723
-73.89393618353806,40.66585915921474,6.4737787
-73.89078008590118,40.66585915921474,6.2481155
-73.8876239882643,40.66585915921474,6.0428114
-73.88446789062742,40.66585915921474,6.1463976
-73.88131179299054,40.66585915921474,6.3291745
-73.87815569535366,40.66585915921474,6.3291745
-73.87499959771678,40.66585915921474,6.5095906
-73.87184350007989,40.66585915921474,6.5475535
-73.86868740244302,40.66585915921474,6.381242
-73.86553130480614,40.66585915921474,6.1095624
-73.86237520716925,40.66585915921474,5.736712
-73.85921910953238,40.66585915921474,5.596916
-73.85606301189549,40.66585915921474,5.5577683
-73.85290691425861,40.66585915921474,5.572466
-73.84975081662172,40.66585915921474,5.572466
-73.84659471898485,40.66585915921474,5.585432
-73.84343862134797,40.66585915921474,5.5888977
-73.84028252371108,40.66585915921474,5.5889845
-73.8371264260742,40.66585915921474,5.56895
-73.83397032843732,40.66585915921474,5.5350556
-73.83081423080044,40.66585915921474,5.493422
-73.82765813316355,40.66585915921474,5.4656477
-73.82450203552668,40.66585915921474,5.4553447
-73.8213459378898,40.66585915921474,5.4553447
-73.81818984025291,40.66585915921474,5.529253
-73.81503374261604,40.66585915921474,5.8182817
-73.81187764497915,40.66585915921474,5.9326158
-73.80872154734227,40.66585915921474,5.95073
-73.80556544970538,40.66585915921474,5.9007764
-73.80240935206851,40.66585915921474,5.770528
-73.79925325443163,40.66585915921474,5.5287166
-73.79609715679474,40.66585915921474,5.5899982
-73.79294105915787,40.66585915921474,5.5899982
-73.78978496152098,40.66585915921474,6.0589285
-73.7866288638841,40.66585915921474,6.5089226
-73.78347276624721,40.66585915921474,6.65574
-73.78031666861034,40.66585915921474,6.673882
-73.77716057097346,40.66585915921474,6.5536594
-73.77400447333657,40.66585915921474,6.3256726
-73.7708483756997,40.66585915921474,6.0542912
-73.76769227806281,40.66585915921474,5.69559
-73.76453618042594,40.66585915921474,5.69559
-73.76138008278905,40.66585915921474,5.5207305
-73.75822398515217,40.66585915921474,5.4746604
-73.7550678875153,40.66585915921474,5.6007915
-73.7519117898784,40.66585915921474,5.6909676
-73.74875569224153,40.66585915921474,5.506725
-73.74559959460464,40.66585915921474,5.412459
-73.74244349696777,40.66585915921474,5.3232913
-73.73928739933088,40.66585915921474,5.2159734
-73.736131301694,40.66585915921474,5.2159734
-73.73297520405713,40.66585915921474,5.189579
-73.72981910642024,40.66585915921474,5.186778
-73.72666300878336,40.66585915921474,5.204247
-74.01702399137643,40.66270306157786,6.825709
-74.01386789373956,40.66270306157786,6.731309
-74.01071179610267,40.66270306157786,6.9089084
-74.0075556984658,40.66270306157786,6.9920874
-74.0043996008289,40.66270306157786,7.051217
-74.00124350319203,40.66270306157786,7.1097
-73.99808740555514,40.66270306157786,7.0481577
-73.99493130791826,40.66270306157786,7.0687647
-73.99177521028139,40.66270306157786,7.0687647
-73.9886191126445,40.66270306157786,7.0724125
-73.98546301500762,40.66270306157786,6.9536977
-73.98230691737074,40.66270306157786,6.6961417
-73.97915081973386,40.66270306157786,6.4770527
-73.97599472209697,40.66270306157786,6.254844
-73.9728386244601,40.66270306157786,6.143574
-73.96968252682322,40.66270306157786,6.0774517
-73.96652642918633,40.66270306157786,6.125876
-73.96337033154946,40.66270306157786,6.125876
-73.96021423391257,40.66270306157786,6.239517
-73.95705813627569,40.66270306157786,6.3181067
-73.9539020386388,40.66270306157786,6.362029
-73.95074594100193,40.66270306157786,6.338951
-73.94758984336505,40.66270306157786,6.2764907
-73.94443374572816,40.66270306157786,6.2271194
-73.94127764809129,40.66270306157786,6.1911154
-73.9381215504544,40.66270306157786,6.1594768
-73.93496545281752,40.66270306157786,6.1594768
-73.93180935518063,40.66270306157786,6.1580396
-73.92865325754376,40.66270306157786,6.196942
-73.92549715990688,40.66270306157786,6.203785
-73.92234106227,40.66270306157786,6.1648126
-73.91918496463312,40.66270306157786,6.1449885
-73.91602886699623,40.66270306157786,6.1238036
-73.91287276935935,40.66270306157786,6.1437497
-73.90971667172246,40.66270306157786,6.292626
-73.90656057408559,40.66270306157786,6.292626
-73.90340447644871,40.66270306157786,6.428324
-73.90024837881182,40.66270306157786,6.48083
-73.89709228117495,40.66270306157786,6.4754934
-73.89393618353806,40.66270306157786,6.3691792
-73.89078008590118,40.66270306157786,6.1317034
-73.8876239882643,40.66270306157786,6.073926
-73.88446789062742,40.66270306157786,6.2525454
-73.88131179299054,40.66270306157786,6.485531
-73.87815569535366,40.66270306157786,6.485531
-73.87499959771678,40.66270306157786,6.7079034
-73.87184350007989,40.66270306157786,6.710703
-73.86868740244302,40.66270306157786,6.5698733
-73.86553130480614,40.66270306157786,6.2435074
-73.86237520716925,40.66270306157786,5.7704825
-73.85921910953238,40.66270306157786,5.5876374
-73.85606301189549,40.66270306157786,5.540731
-73.85290691425861,40.66270306157786,5.548981
-73.84975081662172,40.66270306157786,5.548981
-73.84659471898485,40.66270306157786,5.575056
-73.84343862134797,40.66270306157786,5.5880003
-73.84028252371108,40.66270306157786,5.5916452
-73.8371264260742,40.66270306157786,5.569265
-73.83397032843732,40.66270306157786,5.537037
-73.83081423080044,40.66270306157786,5.478369
-73.82765813316355,40.66270306157786,5.4363117
-73.82450203552668,40.66270306157786,5.4241486
-73.8213459378898,40.66270306157786,5.4241486
-73.81818984025291,40.66270306157786,5.4882765
-73.81503374261604,40.66270306157786,5.7591076
-73.81187764497915,40.66270306157786,5.8589005
-73.80872154734227,40.66270306157786,5.871792
-73.80556544970538,40.66270306157786,5.8100405
-73.80240935206851,40.66270306157786,5.6639676
-73.79925325443163,40.66270306157786,5.4160705
-73.79609715679474,40.66270306157786,5.4521
-73.79294105915787,40.66270306157786,5.4521
-73.78978496152098,40.66270306157786,5.8349752
-73.7866288638841,40.66270306157786,6.305279
-73.78347276624721,40.66270306157786,6.5097537
-73.78031666861034,40.66270306157786,6.6148148
-73.77716057097346,40.66270306157786,6.6894217
-73.77400447333657,40.66270306157786,6.675213
-73.7708483756997,40.66270306157786,6.6584053
-73.76769227806281,40.66270306157786,6.547199
-73.76453618042594,40.66270306157786,6.547199
-73.76138008278905,40.66270306157786,6.2035213
-73.75822398515217,40.66270306157786,5.9379396
-73.7550678875153,40.66270306157786,5.858518
-73.7519117898784,40.66270306157786,5.826058
-73.74875569224153,40.66270306157786,5.7518344
-73.74559959460464,40.66270306157786,5.4672136
-73.74244349696777,40.66270306157786,5.2631173
-73.73928739933088,40.66270306157786,5.1842723
-73.736131301694,40.66270306157786,5.1842723
-73.73297520405713,40.66270306157786,5.1896124
-73.72981910642024,40.66270306157786,5.2648377
-73.72666300878336,40.66270306157786,5.268209
-74.01702399137643,40.65954696394098,6.976042
-74.01386789373956,40.65954696394098,7.1196237
-74.01071179610267,40.65954696394098,7.181626
-74.0075556984658,40.65954696394098,7.1659837
-74.0043996008289,40.65954696394098,7.017646
-74.00124350319203,40.65954696394098,6.9356275
-73.99808740555514,40.65954696394098,6.8009043
-73.99493130791826,40.65954696394098,6.7352715
-73.99177521028139,40.65954696394098,6.7352715
-73.9886191126445,40.65954696394098,6.692139
-73.98546301500762,40.65954696394098,6.5965242
-73.98230691737074,40.65954696394098,6.4862585
-73.97915081973386,40.65954696394098,6.301538
-73.97599472209697,40.65954696394098,6.1031694
-73.9728386244601,40.65954696394098,6.076185
-73.96968252682322,40.65954696394098,6.0990014
-73.96652642918633,40.65954696394098,6.1741304
-73.96337033154946,40.65954696394098,6.1741304
-73.96021423391257,40.65954696394098,6.339181
-73.95705813627569,40.65954696394098,6.4370503
-73.9539020386388,40.65954696394098,6.5273547
-73.95074594100193,40.65954696394098,6.4912057
-73.94758984336505,40.65954696394098,6.3578944
-73.94443374572816,40.65954696394098,6.2596073
-73.94127764809129,40.65954696394098,6.1488066
-73.9381215504544,40.65954696394098,6.1056046
-73.93496545281752,40.65954696394098,6.1056046
-73.93180935518063,40.65954696394098,6.0883074
-73.92865325754376,40.65954696394098,6.0718055
-73.92549715990688,40.65954696394098,6.068689
-73.92234106227,40.65954696394098,6.0424795
-73.91918496463312,40.65954696394098,6.040004
-73.91602886699623,40.65954696394098,6.035587
-73.91287276935935,40.65954696394098,6.102117
-73.90971667172246,40.65954696394098,6.263761
-73.90656057408559,40.65954696394098,6.263761
-73.90340447644871,40.65954696394098,6.445614
-73.90024837881182,40.65954696394098,6.5168085
-73.89709228117495,40.65954696394098,6.585632
-73.89393618353806,40.65954696394098,6.5380807
-73.89078008590118,40.65954696394098,6.417606
-73.8876239882643,40.65954696394098,6.297801
-73.88446789062742,40.65954696394098,6.2267656
-73.88131179299054,40.65954696394098,6.441795
-73.87815569535366,40.65954696394098,6.441795
-73.87499959771678,40.65954696394098,6.587054
-73.87184350007989,40.65954696394098,6.6071286
-73.86868740244302,40.65954696394098,6.463674
-73.86553130480614,40.65954696394098,6.151222
-73.86237520716925,40.65954696394098,5.6967955
-73.85921910953238,40.65954696394098,5.5298934
-73.85606301189549,40.65954696394098,5.4972744
-73.85290691425861,40.65954696394098,5.534769
-73.84975081662172,40.65954696394098,5.534769
-73.84659471898485,40.65954696394098,5.583008
-73.84343862134797,40.65954696394098,5.617294
-73.84028252371108,40.65954696394098,5.6280994
-73.8371264260742,40.65954696394098,5.619882
-73.83397032843732,40.65954696394098,5.584429
-73.83081423080044,40.65954696394098,5.508214
-73.82765813316355,40.65954696394098,5.412287
-73.82450203552668,40.65954696394098,5.375267
-73.8213459378898,40.65954696394098,5.375267
-73.81818984025291,40.65954696394098,5.3657603
-73.81503374261604,40.65954696394098,5.395135
-73.81187764497915,40.65954696394098,5.436324
-73.80872154734227,40.65954696394098,5.451422
-73.80556544970538,40.65954696394098,5.405784
-73.80240935206851,40.65954696394098,5.3440275
-73.79925325443163,40.65954696394098,5.2925706
-73.79609715679474,40.65954696394098,5.287346
-73.79294105915787,40.65954696394098,5.287346
-73.78978496152098,40.65954696394098,5.349576
-73.7866288638841,40.65954696394098,5.499021
-73.78347276624721,40.65954696394098,5.83595
-73.78031666861034,40.65954696394098,6.1229544
-73.77716057097346,40.65954696394098,6.439203
-73.77400447333657,40.65954696394098,6.9538684
-73.7708483756997,40.65954696394098,7.182062
-73.76769227806281,40.65954696394098,7.187157
-73.76453618042594,40.65954696394098,7.187157
-73.76138008278905,40.65954696394098,7.0303826
-73.75822398515217,40.65954696394098,6.7781563
-73.7550678875153,40.65954696394098,6.2455497
-73.7519117898784,40.65954696394098,5.97819
-73.74875569224153,40.65954696394098,5.780335
-73.74559959460464,40.65954696394098,5.397436
-73.74244349696777,40.65954696394098,5.1908107
-73.73928739933088,40.65954696394098,5.1607304
-73.736131301694,40.65954696394098,5.1607304
-73.73297520405713,40.65954696394098,5.2912707
-73.72981910642024,40.65954696394098,5.3466454
-73.72666300878336,40.65954696394098,5.345096
-74.0233361866502,40.6563908663041,7.1483617
-74.02018008901331,40.6563908663041,7.1483617
-74.01702399137643,40.6563908663041,7.332767
-74.01386789373956,40.6563908663041,7.4431677
-74.01071179610267,40.6563908663041,7.4571996
-74.0075556984658,40.6563908663041,7.3732333
-74.0043996008289,40.6563908663041,7.1243615
-74.00124350319203,40.6563908663041,6.888706
-73.99808740555514,40.6563908663041,6.722287
-73.99493130791826,40.6563908663041,6.573394
-73.99177521028139,40.6563908663041,6.573394
-73.9886191126445,40.6563908663041,6.4755044
-73.98546301500762,40.6563908663041,6.415151
-73.98230691737074,40.6563908663041,6.3225384
-73.97915081973386,40.6563908663041,6.224981
-73.97599472209697,40.6563908663041,6.0851164
-73.9728386244601,40.6563908663041,6.1412215
-73.96968252682322,40.6563908663041,6.1874967
-73.96652642918633,40.6563908663041,6.298456
-73.96337033154946,40.6563908663041,6.298456
-73.96021423391257,40.6563908663041,6.407714
-73.95705813627569,40.6563908663041,6.533883
-73.9539020386388,40.6563908663041,6.608078
-73.95074594100193,40.6563908663041,6.5246763
-73.94758984336505,40.6563908663041,6.3747134
-73.94443374572816,40.6563908663041,6.278393
-73.94127764809129,40.6563908663041,6.1665306
-73.9381215504544,40.6563908663041,6.0815387
-73.93496545281752,40.6563908663041,6.0815387
-73.93180935518063,40.6563908663041,6.0471954
-73.92865325754376,40.6563908663041,6.0301023
-73.92549715990688,40.6563908663041,6.0322385
-73.92234106227,40.6563908663041,6.0196743
-73.91918496463312,40.6563908663041,6.0366435
-73.91602886699623,40.6563908663041,6.127621
-73.91287276935935,40.6563908663041,6.2741165
-73.90971667172246,40.6563908663041,6.491555
-73.90656057408559,40.6563908663041,6.491555
-73.90340447644871,40.6563908663041,6.649287
-73.90024837881182,40.6563908663041,6.754566
-73.89709228117495,40.6563908663041,6.774705
-73.89393618353806,40.6563908663041,6.6624575
-73.89078008590118,40.6563908663041,6.5042405
-73.8876239882643,40.6563908663041,6.336829
-73.88446789062742,40.6563908663041,6.1531153
-73.88131179299054,40.6563908663041,6.1441846
-73.87815569535366,40.6563908663041,6.1441846
-73.87499959771678,40.6563908663041,6.2973666
-73.87184350007989,40.6563908663041,6.296604
-73.86868740244302,40.6563908663041,6.196215
-73.86553130480614,40.6563908663041,5.93057
-73.86237520716925,40.6563908663041,5.6110196
-73.85921910953238,40.6563908663041,5.500834
-73.85606301189549,40.6563908663041,5.480203
-73.85290691425861,40.6563908663041,5.507027
-73.84975081662172,40.6563908663041,5.507027
-73.84659471898485,40.6563908663041,5.5883427
-73.84343862134797,40.6563908663041,5.6353827
-73.84028252371108,40.6563908663041,5.6802797
-73.8371264260742,40.6563908663041,5.6737103
-73.83397032843732,40.6563908663041,5.634217
-73.83081423080044,40.6563908663041,5.5305886
-73.82765813316355,40.6563908663041,5.4181023
-73.82450203552668,40.6563908663041,5.368254
-73.8213459378898,40.6563908663041,5.368254
-73.81818984025291,40.6563908663041,5.3436956
-73.81503374261604,40.6563908663041,5.333149
-73.81187764497915,40.6563908663041,5.3352375
-73.80872154734227,40.6563908663041,5.3283234
-73.80556544970538,40.6563908663041,5.310057
-73.80240935206851,40.6563908663041,5.2840247
-73.79925325443163,40.6563908663041,5.269624
-73.79609715679474,40.6563908663041,5.255823
-73.79294105915787,40.6563908663041,5.255823
-73.78978496152098,40.6563908663041,5.255948
-73.7866288638841,40.6563908663041,5.2903466
-73.78347276624721,40.6563908663041,5.364773
-73.78031666861034,40.6563908663041,5.5304055
-73.77716057097346,40.6563908663041,6.004454
-73.77400447333657,40.6563908663041,6.650505
-73.7708483756997,40.6563908663041,7.0084033
-73.76769227806281,40.6563908663041,7.083072
-73.76453618042594,40.6563908663041,7.083072
-73.76138008278905,40.6563908663041,7.0723877
-73.75822398515217,40.6563908663041,6.904258
-73.7550678875153,40.6563908663041,6.5452776
-73.7519117898784,40.6563908663041,6.259241
-73.74875569224153,40.6563908663041,5.756287
-73.74559959460464,40.6563908663041,5.296471
-73.74244349696777,40.6563908663041,5.1318736
-73.73928739933088,40.6563908663041,5.1287007
-73.736131301694,40.6563908663041,5.247265
-73.73297520405713,40.6563908663041,5.247265
-73.72981910642024,40.6563908663041,5.3064747
-73.72666300878336,40.6563908663041,5.3039904
-74.02649228428707,40.65323476866722,7.3391705
-74.0233361866502,40.65323476866722,7.534207
-74.02018008901331,40.65323476866722,7.534207
-74.01702399137643,40.65323476866722,7.661661
-74.01386789373956,40.65323476866722,7.799797
-74.01071179610267,40.65323476866722,7.70948
-74.0075556984658,40.65323476866722,7.455732
-74.0043996008289,40.65323476866722,7.0798326
-74.00124350319203,40.65323476866722,6.8299522
-73.99808740555514,40.65323476866722,6.548777
-73.99493130791826,40.65323476866722,6.363122
-73.99177521028139,40.65323476866722,6.363122
-73.9886191126445,40.65323476866722,6.272947
-73.98546301500762,40.65323476866722,6.2443104
-73.98230691737074,40.65323476866722,6.2182918
-73.97915081973386,40.65323476866722,6.1639037
-73.97599472209697,40.65323476866722,6.15235
-73.9728386244601,40.65323476866722,6.185999
-73.96968252682322,40.65323476866722,6.2867813
-73.96652642918633,40.65323476866722,6.3472285
-73.96337033154946,40.65323476866722,6.3472285
-73.96021423391257,40.65323476866722,6.444415
-73.95705813627569,40.65323476866722,6.5575953
-73.9539020386388,40.65323476866722,6.6148944
-73.95074594100193,40.65323476866722,6.5440063
-73.94758984336505,40.65323476866722,6.3680553
-73.94443374572816,40.65323476866722,6.2579055
-73.94127764809129,40.65323476866722,6.139766
-73.9381215504544,40.65323476866722,6.04728
-73.93496545281752,40.65323476866722,6.04728
-73.93180935518063,40.65323476866722,6.0171494
-73.92865325754376,40.65323476866722,6.001184
-73.92549715990688,40.65323476866722,5.991729
-73.92234106227,40.65323476866722,6.018715
-73.91918496463312,40.65323476866722,6.0917153
-73.91602886699623,40.65323476866722,6.5220923
-73.91287276935935,40.65323476866722,6.7383113
-73.90971667172246,40.65323476866722,6.874706
-73.90656057408559,40.65323476866722,6.874706
-73.90340447644871,40.65323476866722,6.819693
-73.90024837881182,40.65323476866722,6.8221993
-73.89709228117495,40.65323476866722,6.856987
-73.89393618353806,40.65323476866722,6.693139
-73.89078008590118,40.65323476866722,6.5096507
-73.8876239882643,40.65323476866722,6.301017
-73.88446789062742,40.65323476866722,6.0721726
-73.88131179299054,40.65323476866722,5.8682947
-73.87815569535366,40.65323476866722,5.8682947
-73.87499959771678,40.65323476866722,5.897933
-73.87184350007989,40.65323476866722,5.901436
-73.86868740244302,40.65323476866722,5.750605
-73.86553130480614,40.65323476866722,5.637897
-73.86237520716925,40.65323476866722,5.547833
-73.85921910953238,40.65323476866722,5.4906926
-73.85606301189549,40.65323476866722,5.4714003
-73.85290691425861,40.65323476866722,5.488848
-73.84975081662172,40.65323476866722,5.488848
-73.84659471898485,40.65323476866722,5.5739555
-73.84343862134797,40.65323476866722,5.6495605
-73.84028252371108,40.65323476866722,5.6707883
-73.8371264260742,40.65323476866722,5.66592
-73.83397032843732,40.65323476866722,5.6322536
-73.83081423080044,40.65323476866722,5.5571375
-73.82765813316355,40.65323476866722,5.4283366
-73.82450203552668,40.65323476866722,5.3615527
-73.8213459378898,40.65323476866722,5.3615527
-73.81818984025291,40.65323476866722,5.335869
-73.81503374261604,40.65323476866722,5.321931
-73.81187764497915,40.65323476866722,5.310035
-73.80872154734227,40.65323476866722,5.298413
-73.80556544970538,40.65323476866722,5.2860875
-73.80240935206851,40.65323476866722,5.273058
-73.79925325443163,40.65323476866722,5.2602196
-73.79609715679474,40.65323476866722,5.2480674
-73.79294105915787,40.65323476866722,5.2480674
-73.78978496152098,40.65323476866722,5.235946
-73.7866288638841,40.65323476866722,5.2246156
-73.78347276624721,40.65323476866722,5.2257643
-73.78031666861034,40.65323476866722,5.285964
-73.77716057097346,40.65323476866722,5.477914
-73.77400447333657,40.65323476866722,5.991179
-73.7708483756997,40.65323476866722,6.498551
-73.76769227806281,40.65323476866722,6.7517066
-73.76453618042594,40.65323476866722,6.7517066
-73.76138008278905,40.65323476866722,6.8544226
-73.75822398515217,40.65323476866722,6.707886
-73.7550678875153,40.65323476866722,6.473959
-73.7519117898784,40.65323476866722,6.261708
-73.74875569224153,40.65323476866722,5.844397
-73.74559959460464,40.65323476866722,5.2769403
-73.74244349696777,40.65323476866722,5.1038322
-73.73928739933088,40.65323476866722,5.0930457
-73.736131301694,40.65323476866722,5.124381
-73.73297520405713,40.65323476866722,5.124381
-73.72981910642024,40.65323476866722,5.229926
-73.72666300878336,40.65323476866722,5.25985
-73.72350691114647,40.65323476866722,5.2624574
-74.02649228428707,40.650078671030336,7.8411665
-74.0233361866502,40.650078671030336,7.8211846
-74.02018008901331,40.650078671030336,7.8211846
-74.01702399137643,40.650078671030336,7.9590697
-74.01386789373956,40.650078671030336,7.98595
-74.01071179610267,40.650078671030336,7.7834044
-74.0075556984658,40.650078671030336,7.4260406
-74.0043996008289,40.650078671030336,6.92874
-74.00124350319203,40.650078671030336,6.6598454
-73.99808740555514,40.650078671030336,6.31261
-73.99493130791826,40.650078671030336,6.148437
-73.99177521028139,40.650078671030336,6.148437
-73.9886191126445,40.650078671030336,6.0764904
-73.98546301500762,40.650078671030336,6.08981
-73.98230691737074,40.650078671030336,6.1295123
-73.97915081973386,40.650078671030336,6.189892
-73.97599472209697,40.650078671030336,6.1919184
-73.9728386244601,40.650078671030336,6.2366867
-73.96968252682322,40.650078671030336,6.330292
-73.96652642918633,40.650078671030336,6.378992
-73.96337033154946,40.650078671030336,6.378992
-73.96021423391257,40.650078671030336,6.4625297
-73.95705813627569,40.650078671030336,6.554033
-73.9539020386388,40.650078671030336,6.572246
-73.95074594100193,40.650078671030336,6.5055747
-73.94758984336505,40.650078671030336,6.3560195
-73.94443374572816,40.650078671030336,6.2145185
-73.94127764809129,40.650078671030336,6.090834
-73.9381215504544,40.650078671030336,6.0368776
-73.93496545281752,40.650078671030336,6.0368776
-73.93180935518063,40.650078671030336,6.0588317
-73.92865325754376,40.650078671030336,6.0926867
-73.92549715990688,40.650078671030336,6.017844
-73.92234106227,40.650078671030336,6.0668545
-73.91918496463312,40.650078671030336,6.28391
-73.91602886699623,40.650078671030336,6.7291803
-73.91287276935935,40.650078671030336,6.914418
-73.90971667172246,40.650078671030336,7.0467668
-73.90656057408559,40.650078671030336,7.0467668
-73.90340447644871,40.650078671030336,7.0265284
-73.90024837881182,40.650078671030336,6.8132596
-73.89709228117495,40.650078671030336,6.768454
-73.89393618353806,40.650078671030336,6.614777
-73.89078008590118,40.650078671030336,6.375768
-73.8876239882643,40.650078671030336,6.145054
-73.88446789062742,40.650078671030336,5.9387364
-73.88131179299054,40.650078671030336,5.720443
-73.87815569535366,40.650078671030336,5.720443
-73.87499959771678,40.650078671030336,5.650427
-73.87184350007989,40.650078671030336,5.624842
-73.86868740244302,40.650078671030336,5.592394
-73.86553130480614,40.650078671030336,5.5498834
-73.86237520716925,40.650078671030336,5.518116
-73.85921910953238,40.650078671030336,5.487414
-73.85606301189549,40.650078671030336,5.4642587
-73.85290691425861,40.650078671030336,5.4734373
-73.84975081662172,40.650078671030336,5.4734373
-73.84659471898485,40.650078671030336,5.5393515
-73.84343862134797,40.650078671030336,5.6184034
-73.84028252371108,40.650078671030336,5.641711
-73.8371264260742,40.650078671030336,5.633545
-73.83397032843732,40.650078671030336,5.6080337
-73.83081423080044,40.650078671030336,5.5422077
-73.82765813316355,40.650078671030336,5.419461
-73.82450203552668,40.650078671030336,5.355247
-73.8213459378898,40.650078671030336,5.355247
-73.81818984025291,40.650078671030336,5.329793
-73.81503374261604,40.650078671030336,5.3159094
-73.81187764497915,40.650078671030336,5.3035045
-73.80872154734227,40.650078671030336,5.2912855
-73.80556544970538,40.650078671030336,5.279094
-73.80240935206851,40.650078671030336,5.266931
-73.79925325443163,40.650078671030336,5.254796
-73.79609715679474,40.650078671030336,5.24269
-73.79294105915787,40.650078671030336,5.24269
-73.78978496152098,40.650078671030336,5.2306113
-73.7866288638841,40.650078671030336,5.2185593
-73.78347276624721,40.650078671030336,5.2073627
-73.78031666861034,40.650078671030336,5.2026405
-73.77716057097346,40.650078671030336,5.246017
-73.77400447333657,40.650078671030336,5.3900976
-73.7708483756997,40.650078671030336,5.6985955
-73.76769227806281,40.650078671030336,6.013091
-73.76453618042594,40.650078671030336,6.013091
-73.76138008278905,40.650078671030336,6.380912
-73.75822398515217,40.650078671030336,6.426648
-73.7550678875153,40.650078671030336,6.3780346
-73.7519117898784,40.650078671030336,6.2335243
-73.74875569224153,40.650078671030336,5.821353
-73.74559959460464,40.650078671030336,5.2553487
-73.74244349696777,40.650078671030336,5.0984163
-73.73928739933088,40.650078671030336,5.0678883
-73.736131301694,40.650078671030336,5.083082
-73.73297520405713,40.650078671030336,5.083082
-73.72981910642024,40.650078671030336,5.1128287
-73.72666300878336,40.650078671030336,5.187366
-74.0896142370247,40.646922573393454,6.4563484
-74.08645813938782,40.646922573393454,6.481368
-74.08330204175094,40.646922573393454,6.358012
-74.08014594411405,40.646922573393454,6.358012
-74.07698984647718,40.646922573393454,6.278217
-74.02964838192396,40.646922573393454,7.9640794
-74.02649228428707,40.646922573393454,8.184302
-74.0233361866502,40.646922573393454,8.389517
-74.02018008901331,40.646922573393454,8.389517
-74.01702399137643,40.646922573393454,8.203347
-74.01386789373956,40.646922573393454,8.052079
-74.01071179610267,40.646922573393454,7.725098
-74.0075556984658,40.646922573393454,7.2524967
-74.0043996008289,40.646922573393454,6.82836
-74.00124350319203,40.646922573393454,6.5009427
-73.99808740555514,40.646922573393454,6.2844543
-73.99493130791826,40.646922573393454,6.151361
-73.99177521028139,40.646922573393454,6.151361
-73.9886191126445,40.646922573393454,6.1503043
-73.98546301500762,40.646922573393454,6.189792
-73.98230691737074,40.646922573393454,6.194784
-73.97915081973386,40.646922573393454,6.2470565
-73.97599472209697,40.646922573393454,6.252441
-73.9728386244601,40.646922573393454,6.2978005
-73.96968252682322,40.646922573393454,6.3770623
-73.96652642918633,40.646922573393454,6.359046
-73.96337033154946,40.646922573393454,6.359046
-73.96021423391257,40.646922573393454,6.436006
-73.95705813627569,40.646922573393454,6.5514874
-73.9539020386388,40.646922573393454,6.566782
-73.95074594100193,40.646922573393454,6.4905295
-73.94758984336505,40.646922573393454,6.338421
-73.94443374572816,40.646922573393454,6.1225133
-73.94127764809129,40.646922573393454,6.0581956
-73.9381215504544,40.646922573393454,6.0992074
-73.93496545281752,40.646922573393454,6.0992074
-73.93180935518063,40.646922573393454,6.1292458
-73.92865325754376,40.646922573393454,6.142151
-73.92549715990688,40.646922573393454,6.1386747
-73.92234106227,40.646922573393454,6.176543
-73.91918496463312,40.646922573393454,6.5658765
-73.91602886699623,40.646922573393454,6.7825565
-73.91287276935935,40.646922573393454,6.9104586
-73.90971667172246,40.646922573393454,7.0366454
-73.90656057408559,40.646922573393454,7.0366454
-73.90340447644871,40.646922573393454,6.9866996
-73.90024837881182,40.646922573393454,6.6929107
-73.89709228117495,40.646922573393454,6.50056
-73.89393618353806,40.646922573393454,6.325606
-73.89078008590118,40.646922573393454,6.1202707
-73.8876239882643,40.646922573393454,5.94766
-73.88446789062742,40.646922573393454,5.795778
-73.88131179299054,40.646922573393454,5.633327
-73.87815569535366,40.646922573393454,5.633327
-73.87499959771678,40.646922573393454,5.5801554
-73.87184350007989,40.646922573393454,5.5633974
-73.86868740244302,40.646922573393454,5.543829
-73.86553130480614,40.646922573393454,5.5263586
-73.86237520716925,40.646922573393454,5.504795
-73.85921910953238,40.646922573393454,5.4735217
-73.85290691425861,40.646922573393454,5.456984
-73.84975081662172,40.646922573393454,5.456984
-73.84659471898485,40.646922573393454,5.4959292
-73.84343862134797,40.646922573393454,5.565023
-73.84028252371108,40.646922573393454,5.5961733
-73.8371264260742,40.646922573393454,5.6020217
-73.83397032843732,40.646922573393454,5.584432
-73.83081423080044,40.646922573393454,5.5212426
-73.82765813316355,40.646922573393454,5.406797
-73.82450203552668,40.646922573393454,5.3498073
-73.8213459378898,40.646922573393454,5.3498073
-73.81818984025291,40.646922573393454,5.3236833
-73.81503374261604,40.646922573393454,5.3099017
-73.81187764497915,40.646922573393454,5.2976656
-73.80872154734227,40.646922573393454,5.2855897
-73.80556544970538,40.646922573393454,5.273457
-73.80240935206851,40.646922573393454,5.2613482
-73.79925325443163,40.646922573393454,5.249264
-73.79609715679474,40.646922573393454,5.2372046
-73.79294105915787,40.646922573393454,5.2372046
-73.78978496152098,40.646922573393454,5.225169
-73.7866288638841,40.646922573393454,5.213158
-73.78347276624721,40.646922573393454,5.201171
-73.78031666861034,40.646922573393454,5.1896167
-73.77716057097346,40.646922573393454,5.179649
-73.77400447333657,40.646922573393454,5.1927714
-73.7708483756997,40.646922573393454,5.253144
-73.76769227806281,40.646922573393454,5.4016643
-73.76453618042594,40.646922573393454,5.843853
-73.76138008278905,40.646922573393454,5.843853
-73.75822398515217,40.646922573393454,6.1358213
-73.7550678875153,40.646922573393454,6.1768584
-73.7519117898784,40.646922573393454,6.021137
-73.74875569224153,40.646922573393454,5.6483765
-73.74559959460464,40.646922573393454,5.2599015
-73.74244349696777,40.646922573393454,5.1521816
-73.73928739933088,40.646922573393454,5.1150575
-74.18429716613113,40.64376647575657,6.525722
-74.18114106849426,40.64376647575657,6.601024
-74.17798497085738,40.64376647575657,6.5977073
-74.17482887322049,40.64376647575657,6.3016005
-74.15904838503609,40.64376647575657,6.195972
-74.11486301811975,40.64376647575657,6.179611
-74.11170692048287,40.64376647575657,6.112758
-74.10855082284598,40.64376647575657,6.112758
-74.10539472520911,40.64376647575657,6.112541
-74.10223862757222,40.64376647575657,6.1296144
-74.09908252993534,40.64376647575657,6.2712893
-74.09592643229847,40.64376647575657,6.376572
-74.09277033466158,40.64376647575657,6.440079
-74.0896142370247,40.64376647575657,6.478973
-74.08645813938782,40.64376647575657,6.535031
-74.08330204175094,40.64376647575657,6.416312
-74.08014594411405,40.64376647575657,6.416312
-74.07698984647718,40.64376647575657,6.3191323
-74.0738337488403,40.64376647575657,6.287804
-74.07067765120341,40.64376647575657,6.296827
-74.03280447956084,40.64376647575657,7.4902496
-74.02964838192396,40.64376647575657,7.96612
-74.02649228428707,40.64376647575657,8.258678
-74.0233361866502,40.64376647575657,8.443354
-74.02018008901331,40.64376647575657,8.443354
-74.01702399137643,40.64376647575657,8.455794
-74.01386789373956,40.64376647575657,7.847388
-74.01071179610267,40.64376647575657,7.4048557
-74.0075556984658,40.64376647575657,6.961857
-74.0043996008289,40.64376647575657,6.6850953
-74.00124350319203,40.64376647575657,6.4943166
-73.99808740555514,40.64376647575657,6.33201
-73.99493130791826,40.64376647575657,6.253238
-73.99177521028139,40.64376647575657,6.253238
-73.9886191126445,40.64376647575657,6.3583493
-73.98546301500762,40.64376647575657,6.400193
-73.98230691737074,40.64376647575657,6.384191
-73.97915081973386,40.64376647575657,6.372884
-73.97599472209697,40.64376647575657,6.3357854
-73.9728386244601,40.64376647575657,6.3785577
-73.96968252682322,40.64376647575657,6.3976603
-73.96652642918633,40.64376647575657,6.355482
-73.96337033154946,40.64376647575657,6.355482
-73.96021423391257,40.64376647575657,6.3899508
-73.95705813627569,40.64376647575657,6.52518
-73.9539020386388,40.64376647575657,6.53494
-73.95074594100193,40.64376647575657,6.445277
-73.94758984336505,40.64376647575657,6.322928
-73.94443374572816,40.64376647575657,6.094986
-73.94127764809129,40.64376647575657,6.0133734
-73.9381215504544,40.64376647575657,6.0803304
-73.93496545281752,40.64376647575657,6.0803304
-73.93180935518063,40.64376647575657,6.1391435
-73.92865325754376,40.64376647575657,6.1846614
-73.92549715990688,40.64376647575657,6.2312865
-73.92234106227,40.64376647575657,6.2655134
-73.91918496463312,40.64376647575657,6.3988047
-73.91602886699623,40.64376647575657,6.7297616
-73.91287276935935,40.64376647575657,6.818174
-73.90971667172246,40.64376647575657,6.8296113
-73.90656057408559,40.64376647575657,6.8296113
-73.90340447644871,40.64376647575657,6.7491183
-73.90024837881182,40.64376647575657,6.409945
-73.89709228117495,40.64376647575657,6.225662
-73.89393618353806,40.64376647575657,5.9364963
-73.89078008590118,40.64376647575657,5.8095784
-73.8876239882643,40.64376647575657,5.7063265
-73.88446789062742,40.64376647575657,5.624485
-73.88131179299054,40.64376647575657,5.5671096
-73.87815569535366,40.64376647575657,5.5671096
-73.87499959771678,40.64376647575657,5.5528846
-73.87184350007989,40.64376647575657,5.544317
-73.86868740244302,40.64376647575657,5.5234165
-73.86553130480614,40.64376647575657,5.5029516
-73.86237520716925,40.64376647575657,5.486764
-73.85921910953238,40.64376647575657,5.4646535
-73.85290691425861,40.64376647575657,5.4468665
-73.84975081662172,40.64376647575657,5.4468665
-73.84659471898485,40.64376647575657,5.4626
-73.84343862134797,40.64376647575657,5.495326
-73.84028252371108,40.64376647575657,5.552509
-73.8371264260742,40.64376647575657,5.564365
-73.81503374261604,40.64376647575657,5.303388
-73.81187764497915,40.64376647575657,5.2915826
-73.80872154734227,40.64376647575657,5.279754
-73.80556544970538,40.64376647575657,5.267828
-73.80240935206851,40.64376647575657,5.255657
-73.79925325443163,40.64376647575657,5.243624
-73.79609715679474,40.64376647575657,5.2316127
-73.79294105915787,40.64376647575657,5.2316127
-73.78978496152098,40.64376647575657,5.219622
-73.7866288638841,40.64376647575657,5.2076535
-73.78347276624721,40.64376647575657,5.195706
-73.78031666861034,40.64376647575657,5.18378
-73.77716057097346,40.64376647575657,5.1718764
-73.77400447333657,40.64376647575657,5.160351
-73.7708483756997,40.64376647575657,5.1492367
-73.76769227806281,40.64376647575657,5.1879177
-73.76453618042594,40.64376647575657,5.313417
-73.76138008278905,40.64376647575657,5.313417
-73.75822398515217,40.64376647575657,5.4775105
-73.7550678875153,40.64376647575657,5.658221
-73.7519117898784,40.64376647575657,5.6119113
-73.74875569224153,40.64376647575657,5.397218
-73.74559959460464,40.64376647575657,5.444245
-73.74244349696777,40.64376647575657,5.4058003
-74.1906093614049,40.640610378119696,6.152533
-74.18745326376802,40.640610378119696,6.2422643
-74.18429716613113,40.640610378119696,6.6354737
-74.18114106849426,40.640610378119696,6.7486734
-74.17798497085738,40.640610378119696,6.7507625
-74.17482887322049,40.640610378119696,6.6547713
-74.17167277558362,40.640610378119696,6.4026046
-74.16851667794673,40.640610378119696,6.230529
-74.16536058030985,40.640610378119696,6.230529
-74.16220448267298,40.640610378119696,6.201163
-74.15904838503609,40.640610378119696,6.2449117
-74.15589228739921,40.640610378119696,6.34971
-74.15273618976232,40.640610378119696,6.4726324
-74.14958009212545,40.640610378119696,6.560668
-74.14642399448856,40.640610378119696,6.562645
-74.14326789685168,40.640610378119696,6.498515
-74.14011179921481,40.640610378119696,6.4877834
-74.13695570157792,40.640610378119696,6.4877834
-74.13379960394104,40.640610378119696,6.5037904
-74.13064350630415,40.640610378119696,6.5229125
-74.12748740866728,40.640610378119696,6.539384
-74.12433131103039,40.640610378119696,6.4659853
-74.12117521339351,40.640610378119696,6.357458
-74.11801911575664,40.640610378119696,6.339956
-74.11486301811975,40.640610378119696,6.2880874
-74.11170692048287,40.640610378119696,6.187473
-74.10855082284598,40.640610378119696,6.187473
-74.10539472520911,40.640610378119696,6.1537457
-74.10223862757222,40.640610378119696,6.1392937
-74.09908252993534,40.640610378119696,6.139411
-74.09592643229847,40.640610378119696,6.1735077
-74.09277033466158,40.640610378119696,6.315172
-74.0896142370247,40.640610378119696,6.39599
-74.08645813938782,40.640610378119696,6.4126005
-74.08330204175094,40.640610378119696,6.3636637
-74.08014594411405,40.640610378119696,6.3636637
-74.07698984647718,40.640610378119696,6.3361263
-74.0738337488403,40.640610378119696,6.2980275
-74.07067765120341,40.640610378119696,6.3110604
-74.0391166748346,40.640610378119696,6.149472
-74.03596057719771,40.640610378119696,6.268577
-74.03280447956084,40.640610378119696,6.561583
-74.02964838192396,40.640610378119696,7.6516604
-74.02649228428707,40.640610378119696,8.031427
-74.0233361866502,40.640610378119696,8.124918
-74.02018008901331,40.640610378119696,8.124918
-74.01702399137643,40.640610378119696,7.5931683
-74.01386789373956,40.640610378119696,7.3209376
-74.01071179610267,40.640610378119696,6.989607
-74.0075556984658,40.640610378119696,6.8506265
-74.0043996008289,40.640610378119696,6.6261363
-74.00124350319203,40.640610378119696,6.457221
-73.99808740555514,40.640610378119696,6.377275
-73.99493130791826,40.640610378119696,6.3931007
-73.99177521028139,40.640610378119696,6.3931007
-73.9886191126445,40.640610378119696,6.492766
-73.98546301500762,40.640610378119696,6.519733
-73.98230691737074,40.640610378119696,6.531537
-73.97915081973386,40.640610378119696,6.5688725
-73.97599472209697,40.640610378119696,6.551799
-73.9728386244601,40.640610378119696,6.5088515
-73.96968252682322,40.640610378119696,6.404328
-73.96652642918633,40.640610378119696,6.3590894
-73.96337033154946,40.640610378119696,6.3590894
-73.96021423391257,40.640610378119696,6.365098
-73.95705813627569,40.640610378119696,6.4232
-73.9539020386388,40.640610378119696,6.404637
-73.95074594100193,40.640610378119696,6.3376975
-73.94758984336505,40.640610378119696,6.2709265
-73.94443374572816,40.640610378119696,6.1375504
-73.94127764809129,40.640610378119696,6.1391044
-73.9381215504544,40.640610378119696,6.1431007
-73.93496545281752,40.640610378119696,6.1431007
-73.93180935518063,40.640610378119696,6.1961007
-73.92865325754376,40.640610378119696,6.254634
-73.92549715990688,40.640610378119696,6.2659116
-73.92234106227,40.640610378119696,6.249312
-73.91918496463312,40.640610378119696,6.2265973
-73.91602886699623,40.640610378119696,6.194841
-73.91287276935935,40.640610378119696,6.1211514
-73.90971667172246,40.640610378119696,6.058865
-73.90656057408559,40.640610378119696,6.058865
-73.90340447644871,40.640610378119696,5.9022155
-73.90024837881182,40.640610378119696,5.809814
-73.89709228117495,40.640610378119696,5.748971
-73.89393618353806,40.640610378119696,5.6962695
-73.89078008590118,40.640610378119696,5.6520305
-73.8876239882643,40.640610378119696,5.5993385
-73.88446789062742,40.640610378119696,5.554135
-73.88131179299054,40.640610378119696,5.522623
-73.87815569535366,40.640610378119696,5.522623
-73.87499959771678,40.640610378119696,5.505304
-73.87184350007989,40.640610378119696,5.490234
-73.86868740244302,40.640610378119696,5.4809613
-73.86553130480614,40.640610378119696,5.4729896
-73.83397032843732,40.640610378119696,5.384351
-73.82450203552668,40.640610378119696,5.3158903
-73.8213459378898,40.640610378119696,5.3158903
-73.80556544970538,40.640610378119696,5.2552404
-73.80240935206851,40.640610378119696,5.2436748
-73.79925325443163,40.640610378119696,5.2319517
-73.79609715679474,40.640610378119696,5.220027
-73.79294105915787,40.640610378119696,5.220027
-73.78978496152098,40.640610378119696,5.2082214
-73.7866288638841,40.640610378119696,5.19634
-73.78347276624721,40.640610378119696,5.184476
-73.78031666861034,40.640610378119696,5.172629
-73.77716057097346,40.640610378119696,5.160801
-73.77400447333657,40.640610378119696,5.148993
-73.7708483756997,40.640610378119696,5.137206
-73.76769227806281,40.640610378119696,5.1254416
-73.76453618042594,40.640610378119696,5.113911
-73.76138008278905,40.640610378119696,5.113911
-73.75822398515217,40.640610378119696,5.1028433
-73.7550678875153,40.640610378119696,5.1207647
-73.7519117898784,40.640610378119696,5.231984
-73.74875569224153,40.640610378119696,5.510729
-73.74559959460464,40.640610378119696,5.583797
-73.74244349696777,40.640610378119696,5.5858502
-74.19692155667866,40.637454280482814,6.0772834
-74.19376545904178,40.637454280482814,6.0772834
-74.1906093614049,40.637454280482814,6.1168404
-74.18745326376802,40.637454280482814,6.3352103
-74.18429716613113,40.637454280482814,6.672585
-74.18114106849426,40.637454280482814,6.7530203
-74.17798497085738,40.637454280482814,6.7615952
-74.17482887322049,40.637454280482814,6.7046156
-74.17167277558362,40.637454280482814,6.4091535
-74.16851667794673,40.637454280482814,6.2310967
-74.16536058030985,40.637454280482814,6.2310967
-74.16220448267298,40.637454280482814,6.2382555
-74.15904838503609,40.637454280482814,6.2546415
-74.15589228739921,40.637454280482814,6.455987
-74.15273618976232,40.637454280482814,6.5624895
-74.14958009212545,40.637454280482814,6.5922565
-74.14642399448856,40.637454280482814,6.643648
-74.14326789685168,40.637454280482814,6.584022
-74.14011179921481,40.637454280482814,6.5186944
-74.13695570157792,40.637454280482814,6.5186944
-74.13379960394104,40.637454280482814,6.5369153
-74.13064350630415,40.637454280482814,6.54939
-74.12748740866728,40.637454280482814,6.570952
-74.12433131103039,40.637454280482814,6.5478
-74.12117521339351,40.637454280482814,6.458624
-74.11801911575664,40.637454280482814,6.4270964
-74.11486301811975,40.637454280482814,6.374919
-74.11170692048287,40.637454280482814,6.3354263
-74.10855082284598,40.637454280482814,6.3354263
-74.10539472520911,40.637454280482814,6.2190323
-74.10223862757222,40.637454280482814,6.1682906
-74.09908252993534,40.637454280482814,6.1468673
-74.09592643229847,40.637454280482814,6.1540923
-74.09277033466158,40.637454280482814,6.1535993
-74.0896142370247,40.637454280482814,6.216232
-74.08645813938782,40.637454280482814,6.293953
-74.08330204175094,40.637454280482814,6.3388066
-74.08014594411405,40.637454280482814,6.3388066
-74.07698984647718,40.637454280482814,6.367549
-74.0738337488403,40.637454280482814,6.350177
-74.07067765120341,40.637454280482814,6.33619
-74.0391166748346,40.637454280482814,6.158703
-74.03596057719771,40.637454280482814,6.2186484
-74.03280447956084,40.637454280482814,6.399238
-74.02964838192396,40.637454280482814,6.715859
-74.02649228428707,40.637454280482814,7.0391355
-74.0233361866502,40.637454280482814,7.2800894
-74.02018008901331,40.637454280482814,7.2800894
-74.01702399137643,40.637454280482814,7.2246947
-74.01386789373956,40.637454280482814,7.088744
-74.01071179610267,40.637454280482814,6.9643564
-74.0075556984658,40.637454280482814,6.8194146
-74.0043996008289,40.637454280482814,6.602392
-74.00124350319203,40.637454280482814,6.4797306
-73.99808740555514,40.637454280482814,6.38842
-73.99493130791826,40.637454280482814,6.367809
-73.99177521028139,40.637454280482814,6.367809
-73.9886191126445,40.637454280482814,6.4430447
-73.98546301500762,40.637454280482814,6.4939227
-73.98230691737074,40.637454280482814,6.533495
-73.97915081973386,40.637454280482814,6.545609
-73.97599472209697,40.637454280482814,6.547705
-73.9728386244601,40.637454280482814,6.5250306
-73.96968252682322,40.637454280482814,6.381028
-73.96652642918633,40.637454280482814,6.338958
-73.96337033154946,40.637454280482814,6.338958
-73.96021423391257,40.637454280482814,6.305138
-73.95705813627569,40.637454280482814,6.331188
-73.9539020386388,40.637454280482814,6.2813535
-73.95074594100193,40.637454280482814,6.2213764
-73.94758984336505,40.637454280482814,6.187038
-73.94443374572816,40.637454280482814,6.2165356
-73.94127764809129,40.637454280482814,6.2354164
-73.9381215504544,40.637454280482814,6.1876864
-73.93496545281752,40.637454280482814,6.1876864
-73.93180935518063,40.637454280482814,6.1885986
-73.92865325754376,40.637454280482814,6.2249126
-73.92549715990688,40.637454280482814,6.2430463
-73.92234106227,40.637454280482814,6.219143
-73.91918496463312,40.637454280482814,6.1560197
-73.91602886699623,40.637454280482814,6.0035357
-73.91287276935935,40.637454280482814,5.8717947
-73.90971667172246,40.637454280482814,5.8232946
-73.90656057408559,40.637454280482814,5.8232946
-73.90340447644871,40.637454280482814,5.7737455
-73.90024837881182,40.637454280482814,5.724897
-73.89709228117495,40.637454280482814,5.686026
-73.89393618353806,40.637454280482814,5.64369
-73.89078008590118,40.637454280482814,5.611568
-73.8876239882643,40.637454280482814,5.576968
-73.88446789062742,40.637454280482814,5.5401015
-73.88131179299054,40.637454280482814,5.5148787
-73.87815569535366,40.637454280482814,5.5148787
-73.87499959771678,40.637454280482814,5.494272
-73.87184350007989,40.637454280482814,5.4832754
-73.86868740244302,40.637454280482814,5.4810686
-73.84659471898485,40.637454280482814,5.3912735
-73.84343862134797,40.637454280482814,5.383255
-73.83397032843732,40.637454280482814,5.3377886
-73.83081423080044,40.637454280482814,5.3272076
-73.82765813316355,40.637454280482814,5.316628
-73.82450203552668,40.637454280482814,5.3105083
-73.8213459378898,40.637454280482814,5.3105083
-73.79925325443163,40.637454280482814,5.225561
-73.79609715679474,40.637454280482814,5.213913
-73.79294105915787,40.637454280482814,5.213913
-73.78978496152098,40.637454280482814,5.202079
-73.7866288638841,40.637454280482814,5.190584
-73.78347276624721,40.637454280482814,5.178714
-73.78031666861034,40.637454280482814,5.1669083
-73.77716057097346,40.637454280482814,5.1551194
-73.77400447333657,40.637454280482814,5.1433487
-73.7708483756997,40.637454280482814,5.1315975
-73.76769227806281,40.637454280482814,5.1198673
-73.76453618042594,40.637454280482814,5.108159
-73.76138008278905,40.637454280482814,5.108159
-73.75822398515217,40.637454280482814,5.0967445
-73.7550678875153,40.637454280482814,5.10685
-73.7519117898784,40.637454280482814,5.19973
-73.74875569224153,40.637454280482814,5.4761624
-73.74559959460464,40.637454280482814,5.5566783
-73.74244349696777,40.637454280482814,5.578772
-74.20007765431555,40.63429818284593,6.048353
-74.19692155667866,40.63429818284593,6.0561814
-74.19376545904178,40.63429818284593,6.0561814
-74.1906093614049,40.63429818284593,6.0811152
-74.18745326376802,40.63429818284593,6.1735406
-74.18429716613113,40.63429818284593,6.5502553
-74.18114106849426,40.63429818284593,6.7036576
-74.17798497085738,40.63429818284593,6.7168646
-74.17482887322049,40.63429818284593,6.62538
-74.17167277558362,40.63429818284593,6.304759
-74.16851667794673,40.63429818284593,6.258827
-74.16536058030985,40.63429818284593,6.258827
-74.16220448267298,40.63429818284593,6.2891297
-74.15904838503609,40.63429818284593,6.3399057
-74.15589228739921,40.63429818284593,6.5100393
-74.15273618976232,40.63429818284593,6.604803
-74.14958009212545,40.63429818284593,6.6418
-74.14642399448856,40.63429818284593,6.6837397
-74.14326789685168,40.63429818284593,6.623202
-74.14011179921481,40.63429818284593,6.5257134
-74.13695570157792,40.63429818284593,6.5257134
-74.13379960394104,40.63429818284593,6.5587234
-74.13064350630415,40.63429818284593,6.597001
-74.12748740866728,40.63429818284593,6.613719
-74.12433131103039,40.63429818284593,6.5826945
-74.12117521339351,40.63429818284593,6.4897604
-74.11801911575664,40.63429818284593,6.4747615
-74.11486301811975,40.63429818284593,6.437213
-74.11170692048287,40.63429818284593,6.3625445
-74.10855082284598,40.63429818284593,6.3625445
-74.10539472520911,40.63429818284593,6.233122
-74.10223862757222,40.63429818284593,6.164495
-74.09908252993534,40.63429818284593,6.1370125
-74.09592643229847,40.63429818284593,6.139057
-74.09277033466158,40.63429818284593,6.1334605
-74.0896142370247,40.63429818284593,6.17087
-74.08645813938782,40.63429818284593,6.254206
-74.08330204175094,40.63429818284593,6.3569527
-74.08014594411405,40.63429818284593,6.3569527
-74.07698984647718,40.63429818284593,6.422096
-74.0738337488403,40.63429818284593,6.3662314
-74.07067765120341,40.63429818284593,6.363579
-74.0391166748346,40.63429818284593,6.092274
-74.03596057719771,40.63429818284593,6.2599683
-74.03280447956084,40.63429818284593,6.4097233
-74.02964838192396,40.63429818284593,6.5417314
-74.02649228428707,40.63429818284593,6.688158
-74.0233361866502,40.63429818284593,6.996028
-74.02018008901331,40.63429818284593,6.996028
-74.01702399137643,40.63429818284593,7.0759964
-74.01386789373956,40.63429818284593,7.0005994
-74.01071179610267,40.63429818284593,6.898741
-74.0075556984658,40.63429818284593,6.7652955
-74.0043996008289,40.63429818284593,6.5913887
-74.00124350319203,40.63429818284593,6.536333
-73.99808740555514,40.63429818284593,6.4000754
-73.99493130791826,40.63429818284593,6.2936306
-73.99177521028139,40.63429818284593,6.2936306
-73.9886191126445,40.63429818284593,6.2689075
-73.98546301500762,40.63429818284593,6.3529677
-73.98230691737074,40.63429818284593,6.4187093
-73.97915081973386,40.63429818284593,6.446382
-73.97599472209697,40.63429818284593,6.4550705
-73.9728386244601,40.63429818284593,6.435188
-73.96968252682322,40.63429818284593,6.3388605
-73.96652642918633,40.63429818284593,6.2403045
-73.96337033154946,40.63429818284593,6.2403045
-73.96021423391257,40.63429818284593,6.247058
-73.95705813627569,40.63429818284593,6.2734714
-73.9539020386388,40.63429818284593,6.1967597
-73.95074594100193,40.63429818284593,6.142957
-73.94758984336505,40.63429818284593,6.128904
-73.94443374572816,40.63429818284593,6.229117
-73.94127764809129,40.63429818284593,6.2521014
-73.9381215504544,40.63429818284593,6.2052474
-73.93496545281752,40.63429818284593,6.2052474
-73.93180935518063,40.63429818284593,6.1583104
-73.92865325754376,40.63429818284593,6.185678
-73.92549715990688,40.63429818284593,6.1518393
-73.92234106227,40.63429818284593,6.0857253
-73.91918496463312,40.63429818284593,6.004128
-73.91602886699623,40.63429818284593,5.849993
-73.91287276935935,40.63429818284593,5.7855673
-73.90971667172246,40.63429818284593,5.7362046
-73.90656057408559,40.63429818284593,5.7362046
-73.90340447644871,40.63429818284593,5.7095957
-73.90024837881182,40.63429818284593,5.6780624
-73.89709228117495,40.63429818284593,5.642222
-73.89393618353806,40.63429818284593,5.6127577
-73.89078008590118,40.63429818284593,5.5863185
-73.8876239882643,40.63429818284593,5.5599875
-73.88446789062742,40.63429818284593,5.529305
-73.88131179299054,40.63429818284593,5.510232
-73.87815569535366,40.63429818284593,5.510232
-73.87499959771678,40.63429818284593,5.491438
-73.85606301189549,40.63429818284593,5.4020715
-73.85290691425861,40.63429818284593,5.394977
-73.84975081662172,40.63429818284593,5.394977
-73.84659471898485,40.63429818284593,5.386305
-73.84343862134797,40.63429818284593,5.375829
-73.83081423080044,40.63429818284593,5.3229623
-73.82765813316355,40.63429818284593,5.313939
-73.82450203552668,40.63429818284593,5.304654
-73.8213459378898,40.63429818284593,5.304654
-73.79294105915787,40.63429818284593,5.195718
-73.78978496152098,40.63429818284593,5.195718
-73.7866288638841,40.63429818284593,5.184164
-73.78347276624721,40.63429818284593,5.1727805
-73.78031666861034,40.63429818284593,5.161092
-73.77716057097346,40.63429818284593,5.1493435
-73.77400447333657,40.63429818284593,5.137611
-73.7708483756997,40.63429818284593,5.1258965
-73.76769227806281,40.63429818284593,5.114201
-73.76453618042594,40.63429818284593,5.1027746
-73.76138008278905,40.63429818284593,5.1027746
-73.75822398515217,40.63429818284593,5.0924
-73.7550678875153,40.63429818284593,5.0984097
-73.7519117898784,40.63429818284593,5.157768
-73.74875569224153,40.63429818284593,5.3395987
-73.74244349696777,40.63429818284593,5.529804
-74.20007765431555,40.63114208520905,6.0435896
-74.19692155667866,40.63114208520905,6.04301
-74.19376545904178,40.63114208520905,6.04301
-74.1906093614049,40.63114208520905,6.052857
-74.18745326376802,40.63114208520905,6.1147666
-74.18429716613113,40.63114208520905,6.406514
-74.18114106849426,40.63114208520905,6.479111
-74.17798497085738,40.63114208520905,6.489562
-74.17482887322049,40.63114208520905,6.444983
-74.17167277558362,40.63114208520905,6.2896285
-74.16851667794673,40.63114208520905,6.2585654
-74.16536058030985,40.63114208520905,6.2585654
-74.16220448267298,40.63114208520905,6.2902584
-74.15904838503609,40.63114208520905,6.3794436
-74.15589228739921,40.63114208520905,6.564492
-74.15273618976232,40.63114208520905,6.7119274
-74.14958009212545,40.63114208520905,6.763277
-74.14642399448856,40.63114208520905,6.778453
-74.14326789685168,40.63114208520905,6.716253
-74.14011179921481,40.63114208520905,6.4813185
-74.13695570157792,40.63114208520905,6.4813185
-74.13379960394104,40.63114208520905,6.4534144
-74.13064350630415,40.63114208520905,6.499889
-74.12748740866728,40.63114208520905,6.5441737
-74.12433131103039,40.63114208520905,6.5013595
-74.12117521339351,40.63114208520905,6.4888186
-74.11801911575664,40.63114208520905,6.4672766
-74.11486301811975,40.63114208520905,6.4220033
-74.11170692048287,40.63114208520905,6.337823
-74.10855082284598,40.63114208520905,6.337823
-74.10539472520911,40.63114208520905,6.2065763
-74.10223862757222,40.63114208520905,6.1534824
-74.09908252993534,40.63114208520905,6.120253
-74.09592643229847,40.63114208520905,6.1179967
-74.09277033466158,40.63114208520905,6.1137066
-74.0896142370247,40.63114208520905,6.1529503
-74.08645813938782,40.63114208520905,6.2851734
-74.08330204175094,40.63114208520905,6.4336176
-74.08014594411405,40.63114208520905,6.4336176
-74.07698984647718,40.63114208520905,6.4448314
-74.0738337488403,40.63114208520905,6.4042363
-74.0391166748346,40.63114208520905,6.1667795
-74.03596057719771,40.63114208520905,6.339263
-74.03280447956084,40.63114208520905,6.547369
-74.02964838192396,40.63114208520905,6.6239734
-74.02649228428707,40.63114208520905,6.6672006
-74.0233361866502,40.63114208520905,6.823852
-74.02018008901331,40.63114208520905,6.823852
-74.01702399137643,40.63114208520905,6.9380484
-74.01386789373956,40.63114208520905,6.8435297
-74.01071179610267,40.63114208520905,6.729428
-74.0075556984658,40.63114208520905,6.5867257
-74.0043996008289,40.63114208520905,6.54583
-74.00124350319203,40.63114208520905,6.494298
-73.99808740555514,40.63114208520905,6.418369
-73.99493130791826,40.63114208520905,6.3275256
-73.99177521028139,40.63114208520905,6.3275256
-73.9886191126445,40.63114208520905,6.20748
-73.98546301500762,40.63114208520905,6.199683
-73.98230691737074,40.63114208520905,6.2770953
-73.97915081973386,40.63114208520905,6.3011026
-73.97599472209697,40.63114208520905,6.3627505
-73.9728386244601,40.63114208520905,6.3485126
-73.96968252682322,40.63114208520905,6.258985
-73.96652642918633,40.63114208520905,6.1915197
-73.96337033154946,40.63114208520905,6.1915197
-73.96021423391257,40.63114208520905,6.1620474
-73.95705813627569,40.63114208520905,6.1987195
-73.9539020386388,40.63114208520905,6.1401186
-73.95074594100193,40.63114208520905,6.0786066
-73.94758984336505,40.63114208520905,6.0707545
-73.94443374572816,40.63114208520905,6.13832
-73.94127764809129,40.63114208520905,6.183916
-73.9381215504544,40.63114208520905,6.1733656
-73.93496545281752,40.63114208520905,6.1733656
-73.93180935518063,40.63114208520905,6.1179757
-73.92865325754376,40.63114208520905,6.058656
-73.92549715990688,40.63114208520905,6.008764
-73.92234106227,40.63114208520905,5.9419866
-73.91918496463312,40.63114208520905,5.84235
-73.91602886699623,40.63114208520905,5.7812195
-73.91287276935935,40.63114208520905,5.7354126
-73.90971667172246,40.63114208520905,5.697303
-73.90656057408559,40.63114208520905,5.697303
-73.90340447644871,40.63114208520905,5.6596417
-73.90024837881182,40.63114208520905,5.6252522
-73.89709228117495,40.63114208520905,5.604859
-73.89393618353806,40.63114208520905,5.5882225
-73.89078008590118,40.63114208520905,5.5683427
-73.8876239882643,40.63114208520905,5.536921
-73.88446789062742,40.63114208520905,5.520317
-73.88131179299054,40.63114208520905,5.511545
-73.87815569535366,40.63114208520905,5.511545
-73.85921910953238,40.63114208520905,5.4042835
-73.85606301189549,40.63114208520905,5.39807
-73.85290691425861,40.63114208520905,5.390914
-73.84975081662172,40.63114208520905,5.390914
-73.84659471898485,40.63114208520905,5.3802924
-73.83081423080044,40.63114208520905,5.3177023
-73.82765813316355,40.63114208520905,5.307881
-73.82450203552668,40.63114208520905,5.298014
-73.8213459378898,40.63114208520905,5.298014
-73.81503374261604,40.63114208520905,5.274695
-73.79925325443163,40.63114208520905,5.2069097
-73.79609715679474,40.63114208520905,5.198606
-73.7866288638841,40.63114208520905,5.1780176
-73.78347276624721,40.63114208520905,5.166686
-73.78031666861034,40.63114208520905,5.1550145
-73.77716057097346,40.63114208520905,5.143599
-73.77400447333657,40.63114208520905,5.131781
-73.7708483756997,40.63114208520905,5.1201043
-73.76769227806281,40.63114208520905,5.109452
-73.76453618042594,40.63114208520905,5.0996633
-73.76138008278905,40.63114208520905,5.0996633
-73.75822398515217,40.63114208520905,5.09036
-73.7550678875153,40.63114208520905,5.098726
-74.20323375195242,40.62798598757217,6.0307426
-74.20007765431555,40.62798598757217,6.03297
-74.19692155667866,40.62798598757217,6.0363607
-74.19376545904178,40.62798598757217,6.0363607
-74.1906093614049,40.62798598757217,6.0880585
-74.18745326376802,40.62798598757217,6.1700134
-74.18429716613113,40.62798598757217,6.252351
-74.18114106849426,40.62798598757217,6.4163837
-74.17798497085738,40.62798598757217,6.3815265
-74.17482887322049,40.62798598757217,6.268031
-74.17167277558362,40.62798598757217,6.2733455
-74.16851667794673,40.62798598757217,6.256967
-74.16536058030985,40.62798598757217,6.256967
-74.16220448267298,40.62798598757217,6.316116
-74.15904838503609,40.62798598757217,6.355785
-74.15589228739921,40.62798598757217,6.5696907
-74.15273618976232,40.62798598757217,6.676667
-74.14958009212545,40.62798598757217,6.700296
-74.14642399448856,40.62798598757217,6.689321
-74.14326789685168,40.62798598757217,6.536927
-74.14011179921481,40.62798598757217,6.4721274
-74.13695570157792,40.62798598757217,6.4721274
-74.13379960394104,40.62798598757217,6.411538
-74.13064350630415,40.62798598757217,6.388765
-74.12748740866728,40.62798598757217,6.4226775
-74.12433131103039,40.62798598757217,6.428856
-74.12117521339351,40.62798598757217,6.442511
-74.11801911575664,40.62798598757217,6.415528
-74.11486301811975,40.62798598757217,6.352268
-74.11170692048287,40.62798598757217,6.2198753
-74.10855082284598,40.62798598757217,6.2198753
-74.10539472520911,40.62798598757217,6.166206
-74.10223862757222,40.62798598757217,6.1295257
-74.09908252993534,40.62798598757217,6.1033664
-74.09592643229847,40.62798598757217,6.0854483
-74.09277033466158,40.62798598757217,6.107242
-74.0896142370247,40.62798598757217,6.179971
-74.08645813938782,40.62798598757217,6.3765454
-74.08330204175094,40.62798598757217,6.451371
-74.08014594411405,40.62798598757217,6.451371
-74.07698984647718,40.62798598757217,6.4597993
-74.0738337488403,40.62798598757217,6.3651958
-74.07067765120341,40.62798598757217,6.37009
-74.06752155356654,40.62798598757217,6.370638
-74.04227277247148,40.62798598757217,6.1774483
-74.0391166748346,40.62798598757217,6.218903
-74.03596057719771,40.62798598757217,6.381971
-74.03280447956084,40.62798598757217,6.6740866
-74.02964838192396,40.62798598757217,6.7921576
-74.02649228428707,40.62798598757217,6.7959666
-74.0233361866502,40.62798598757217,6.7744923
-74.02018008901331,40.62798598757217,6.7744923
-74.01702399137643,40.62798598757217,6.722693
-74.01386789373956,40.62798598757217,6.592346
-74.01071179610267,40.62798598757217,6.4968057
-74.0075556984658,40.62798598757217,6.4132524
-74.0043996008289,40.62798598757217,6.441695
-74.00124350319203,40.62798598757217,6.5102334
-73.99808740555514,40.62798598757217,6.5318947
-73.99493130791826,40.62798598757217,6.4796424
-73.99177521028139,40.62798598757217,6.4796424
-73.9886191126445,40.62798598757217,6.3236985
-73.98546301500762,40.62798598757217,6.182181
-73.98230691737074,40.62798598757217,6.1899858
-73.97915081973386,40.62798598757217,6.1942625
-73.97599472209697,40.62798598757217,6.2607584
-73.9728386244601,40.62798598757217,6.288401
-73.96968252682322,40.62798598757217,6.189607
-73.96652642918633,40.62798598757217,6.118357
-73.96337033154946,40.62798598757217,6.118357
-73.96021423391257,40.62798598757217,6.0781775
-73.95705813627569,40.62798598757217,6.1224413
-73.9539020386388,40.62798598757217,6.073547
-73.95074594100193,40.62798598757217,6.018576
-73.94758984336505,40.62798598757217,5.999476
-73.94443374572816,40.62798598757217,6.0009212
-73.94127764809129,40.62798598757217,6.0541606
-73.9381215504544,40.62798598757217,6.034723
-73.93496545281752,40.62798598757217,6.034723
-73.93180935518063,40.62798598757217,5.9830394
-73.92865325754376,40.62798598757217,5.8633204
-73.92549715990688,40.62798598757217,5.819764
-73.92234106227,40.62798598757217,5.7975507
-73.91918496463312,40.62798598757217,5.77869
-73.91602886699623,40.62798598757217,5.744731
-73.91287276935935,40.62798598757217,5.7112923
-73.90971667172246,40.62798598757217,5.665928
-73.90656057408559,40.62798598757217,5.665928
-73.90340447644871,40.62798598757217,5.6072555
-73.90024837881182,40.62798598757217,5.5787816
-73.89709228117495,40.62798598757217,5.575255
-73.89393618353806,40.62798598757217,5.562608
-73.89078008590118,40.62798598757217,5.5380936
-73.8876239882643,40.62798598757217,5.5241404
-73.88446789062742,40.62798598757217,5.512801
-73.86553130480614,40.62798598757217,5.4143
-73.85921910953238,40.62798598757217,5.397563
-73.85606301189549,40.62798598757217,5.3922567
-73.85290691425861,40.62798598757217,5.383696
-73.84975081662172,40.62798598757217,5.383696
-73.84659471898485,40.62798598757217,5.37205
-73.83397032843732,40.62798598757217,5.32259
-73.83081423080044,40.62798598757217,5.3112974
-73.82765813316355,40.62798598757217,5.3013725
-73.82450203552668,40.62798598757217,5.2904515
-73.8213459378898,40.62798598757217,5.2904515
-73.81818984025291,40.62798598757217,5.278087
-73.81503374261604,40.62798598757217,5.2667236
-73.81187764497915,40.62798598757217,5.2579036
-73.78347276624721,40.62798598757217,5.1599364
-73.78031666861034,40.62798598757217,5.148735
-73.77716057097346,40.62798598757217,5.137381
-73.77400447333657,40.62798598757217,5.125932
-73.7708483756997,40.62798598757217,5.115115
-73.76769227806281,40.62798598757217,5.1060567
-73.76453618042594,40.62798598757217,5.100547
-73.76138008278905,40.62798598757217,5.100547
-74.20323375195242,40.624829889935285,6.0206447
-74.20007765431555,40.624829889935285,6.029694
-74.19692155667866,40.624829889935285,6.0849433
-74.19376545904178,40.624829889935285,6.0849433
-74.1906093614049,40.624829889935285,6.2412486
-74.18745326376802,40.624829889935285,7.0762596
-74.18429716613113,40.624829889935285,7.142421
-74.18114106849426,40.624829889935285,7.071494
-74.17798497085738,40.624829889935285,6.316629
-74.17482887322049,40.624829889935285,6.230796
-74.17167277558362,40.624829889935285,6.2096505
-74.16851667794673,40.624829889935285,6.2259803
-74.16536058030985,40.624829889935285,6.2259803
-74.16220448267298,40.624829889935285,6.2651854
-74.15904838503609,40.624829889935285,6.332855
-74.15589228739921,40.624829889935285,6.431306
-74.15273618976232,40.624829889935285,6.4843717
-74.14958009212545,40.624829889935285,6.5258074
-74.14642399448856,40.624829889935285,6.40286
-74.14326789685168,40.624829889935285,6.3852043
-74.14011179921481,40.624829889935285,6.38956
-74.13695570157792,40.624829889935285,6.38956
-74.13379960394104,40.624829889935285,6.320911
-74.13064350630415,40.624829889935285,6.2873363
-74.12748740866728,40.624829889935285,6.304301
-74.12433131103039,40.624829889935285,6.304741
-74.12117521339351,40.624829889935285,6.3168554
-74.11801911575664,40.624829889935285,6.209018
-74.11486301811975,40.624829889935285,6.1526103
-74.11170692048287,40.624829889935285,6.140167
-74.10855082284598,40.624829889935285,6.140167
-74.10539472520911,40.624829889935285,6.1229596
-74.10223862757222,40.624829889935285,6.098145
-74.09908252993534,40.624829889935285,6.074932
-74.09592643229847,40.624829889935285,6.060075
-74.09277033466158,40.624829889935285,6.1082363
-74.0896142370247,40.624829889935285,6.28568
-74.08645813938782,40.624829889935285,6.39978
-74.08330204175094,40.624829889935285,6.457941
-74.08014594411405,40.624829889935285,6.457941
-74.07698984647718,40.624829889935285,6.397357
-74.0738337488403,40.624829889935285,6.368082
-74.07067765120341,40.624829889935285,6.361502
-74.04227277247148,40.624829889935285,6.1920147
-74.0391166748346,40.624829889935285,6.2418246
-74.03596057719771,40.624829889935285,6.459742
-74.03280447956084,40.624829889935285,6.6620383
-74.02964838192396,40.624829889935285,6.7610035
-74.02649228428707,40.624829889935285,6.7879343
-74.0233361866502,40.624829889935285,6.7161636
-74.02018008901331,40.624829889935285,6.7161636
-74.01702399137643,40.624829889935285,6.50292
-74.01386789373956,40.624829889935285,6.332089
-74.01071179610267,40.624829889935285,6.22452
-74.0075556984658,40.624829889935285,6.243394
-74.0043996008289,40.624829889935285,6.4357414
-74.00124350319203,40.624829889935285,6.534099
-73.99808740555514,40.624829889935285,6.5841417
-73.99493130791826,40.624829889935285,6.528981
-73.99177521028139,40.624829889935285,6.528981
-73.9886191126445,40.624829889935285,6.4388885
-73.98546301500762,40.624829889935285,6.309194
-73.98230691737074,40.624829889935285,6.2073164
-73.97915081973386,40.624829889935285,6.19627
-73.97599472209697,40.624829889935285,6.221897
-73.9728386244601,40.624829889935285,6.24999
-73.96968252682322,40.624829889935285,6.1449213
-73.96652642918633,40.624829889935285,6.06412
-73.96337033154946,40.624829889935285,6.06412
-73.96021423391257,40.624829889935285,6.0315504
-73.95705813627569,40.624829889935285,6.0059114
-73.9539020386388,40.624829889935285,6.009302
-73.95074594100193,40.624829889935285,5.978317
-73.94758984336505,40.624829889935285,5.942719
-73.94443374572816,40.624829889935285,5.918331
-73.94127764809129,40.624829889935285,5.896447
-73.9381215504544,40.624829889935285,5.8673205
-73.93496545281752,40.624829889935285,5.8673205
-73.93180935518063,40.624829889935285,5.837004
-73.92865325754376,40.624829889935285,5.813241
-73.92549715990688,40.624829889935285,5.788415
-73.92234106227,40.624829889935285,5.7760944
-73.91918496463312,40.624829889935285,5.753642
-73.91602886699623,40.624829889935285,5.727641
-73.91287276935935,40.624829889935285,5.6966834
-73.90971667172246,40.624829889935285,5.6344576
-73.90656057408559,40.624829889935285,5.6344576
-73.90340447644871,40.624829889935285,5.5932994
-73.90024837881182,40.624829889935285,5.563191
-73.89709228117495,40.624829889935285,5.545624
-73.89393618353806,40.624829889935285,5.5323043
-73.89078008590118,40.624829889935285,5.521099
-73.88446789062742,40.624829889935285,5.5117607
-73.87184350007989,40.624829889935285,5.429286
-73.86868740244302,40.624829889935285,5.4255285
-73.86553130480614,40.624829889935285,5.416842
-73.85921910953238,40.624829889935285,5.3945456
-73.85606301189549,40.624829889935285,5.3856063
-73.85290691425861,40.624829889935285,5.3753805
-73.84975081662172,40.624829889935285,5.3753805
-73.84659471898485,40.624829889935285,5.364237
-73.84028252371108,40.624829889935285,5.3419714
-73.83397032843732,40.624829889935285,5.315716
-73.83081423080044,40.624829889935285,5.3049045
-73.82765813316355,40.624829889935285,5.294384
-73.82450203552668,40.624829889935285,5.283073
-73.8213459378898,40.624829889935285,5.283073
-73.81818984025291,40.624829889935285,5.2710996
-73.81503374261604,40.624829889935285,5.2601733
-73.81187764497915,40.624829889935285,5.250111
-73.80556544970538,40.624829889935285,5.217395
-73.80240935206851,40.624829889935285,5.2075586
-73.79925325443163,40.624829889935285,5.1986337
-73.79609715679474,40.624829889935285,5.187786
-73.7866288638841,40.624829889935285,5.166898
-73.78347276624721,40.624829889935285,5.1558394
-73.78031666861034,40.624829889935285,5.142285
-73.77400447333657,40.624829889935285,5.118689
-73.7708483756997,40.624829889935285,5.1101146
-73.76769227806281,40.624829889935285,5.1054497
-74.20323375195242,40.6216737922984,6.0519776
-74.20007765431555,40.6216737922984,6.0584044
-74.19692155667866,40.6216737922984,6.187563
-74.19376545904178,40.6216737922984,6.187563
-74.1906093614049,40.6216737922984,7.1969314
-74.18745326376802,40.6216737922984,7.4183526
-74.18429716613113,40.6216737922984,7.4654036
-74.18114106849426,40.6216737922984,7.37176
-74.17798497085738,40.6216737922984,7.1038575
-74.17482887322049,40.6216737922984,6.2241373
-74.17167277558362,40.6216737922984,6.1414833
-74.16851667794673,40.6216737922984,6.0962143
-74.16536058030985,40.6216737922984,6.0962143
-74.16220448267298,40.6216737922984,6.135211
-74.15904838503609,40.6216737922984,6.247605
-74.15589228739921,40.6216737922984,6.309891
-74.15273618976232,40.6216737922984,6.3134327
-74.14958009212545,40.6216737922984,6.2211037
-74.14642399448856,40.6216737922984,6.2284026
-74.14326789685168,40.6216737922984,6.24276
-74.14011179921481,40.6216737922984,6.2559886
-74.13695570157792,40.6216737922984,6.2559886
-74.13379960394104,40.6216737922984,6.2161484
-74.13064350630415,40.6216737922984,6.1927147
-74.12748740866728,40.6216737922984,6.175128
-74.12433131103039,40.6216737922984,6.143702
-74.12117521339351,40.6216737922984,6.095342
-74.11801911575664,40.6216737922984,6.059917
-74.11486301811975,40.6216737922984,6.028764
-74.11170692048287,40.6216737922984,6.0253167
-74.10855082284598,40.6216737922984,6.0253167
-74.10539472520911,40.6216737922984,6.0139446
-74.10223862757222,40.6216737922984,6.002141
-74.09908252993534,40.6216737922984,6.000941
-74.09592643229847,40.6216737922984,6.0112996
-74.09277033466158,40.6216737922984,6.1274843
-74.0896142370247,40.6216737922984,6.1985235
-74.08645813938782,40.6216737922984,6.275687
-74.08330204175094,40.6216737922984,6.345602
-74.08014594411405,40.6216737922984,6.345602
-74.07698984647718,40.6216737922984,6.405878
-74.0738337488403,40.6216737922984,6.3625255
-74.07067765120341,40.6216737922984,6.3754873
-74.06752155356654,40.6216737922984,6.323038
-74.04227277247148,40.6216737922984,6.1190176
-74.0391166748346,40.6216737922984,6.2988605
-74.03596057719771,40.6216737922984,6.4452896
-74.03280447956084,40.6216737922984,6.5439835
-74.02964838192396,40.6216737922984,6.581318
-74.02649228428707,40.6216737922984,6.554759
-74.0233361866502,40.6216737922984,6.454098
-74.02018008901331,40.6216737922984,6.454098
-74.01702399137643,40.6216737922984,6.2662063
-74.01386789373956,40.6216737922984,6.1034846
-74.01071179610267,40.6216737922984,6.049746
-74.0075556984658,40.6216737922984,6.07765
-74.0043996008289,40.6216737922984,6.167991
-74.00124350319203,40.6216737922984,6.4256434
-73.99808740555514,40.6216737922984,6.4974136
-73.99493130791826,40.6216737922984,6.48464
-73.99177521028139,40.6216737922984,6.48464
-73.9886191126445,40.6216737922984,6.420096
-73.98546301500762,40.6216737922984,6.3118396
-73.98230691737074,40.6216737922984,6.272062
-73.97915081973386,40.6216737922984,6.3193545
-73.97599472209697,40.6216737922984,6.330829
-73.9728386244601,40.6216737922984,6.3051624
-73.96968252682322,40.6216737922984,6.2206016
-73.96652642918633,40.6216737922984,6.112135
-73.96337033154946,40.6216737922984,6.112135
-73.96021423391257,40.6216737922984,5.9731746
-73.95705813627569,40.6216737922984,5.9213386
-73.9539020386388,40.6216737922984,5.88486
-73.95074594100193,40.6216737922984,5.8437
-73.94758984336505,40.6216737922984,5.835898
-73.94443374572816,40.6216737922984,5.836279
-73.94127764809129,40.6216737922984,5.8337626
-73.9381215504544,40.6216737922984,5.8277097
-73.93496545281752,40.6216737922984,5.8277097
-73.93180935518063,40.6216737922984,5.7970085
-73.92865325754376,40.6216737922984,5.7814217
-73.92549715990688,40.6216737922984,5.7889514
-73.92234106227,40.6216737922984,5.7888556
-73.91918496463312,40.6216737922984,5.7620044
-73.91602886699623,40.6216737922984,5.7330937
-73.91287276935935,40.6216737922984,5.7055306
-73.90971667172246,40.6216737922984,5.6669445
-73.90656057408559,40.6216737922984,5.6669445
-73.90340447644871,40.6216737922984,5.6087646
-73.90024837881182,40.6216737922984,5.5643673
-73.89709228117495,40.6216737922984,5.5347805
-73.88131179299054,40.6216737922984,5.4383397
-73.87815569535366,40.6216737922984,5.4383397
-73.87499959771678,40.6216737922984,5.429417
-73.87184350007989,40.6216737922984,5.4242043
-73.86868740244302,40.6216737922984,5.4171543
-73.86553130480614,40.6216737922984,5.406217
-73.85921910953238,40.6216737922984,5.3833003
-73.85606301189549,40.6216737922984,5.374487
-73.85290691425861,40.6216737922984,5.364296
-73.84975081662172,40.6216737922984,5.364296
-73.84659471898485,40.6216737922984,5.3553824
-73.83397032843732,40.6216737922984,5.301161
-73.83081423080044,40.6216737922984,5.291786
-73.82765813316355,40.6216737922984,5.280367
-73.82450203552668,40.6216737922984,5.269052
-73.8213459378898,40.6216737922984,5.269052
-73.81818984025291,40.6216737922984,5.257924
-73.81503374261604,40.6216737922984,5.2475758
-73.81187764497915,40.6216737922984,5.236809
-73.80872154734227,40.6216737922984,5.22278
-73.80556544970538,40.6216737922984,5.2099676
-73.80240935206851,40.6216737922984,5.200324
-73.79925325443163,40.6216737922984,5.189018
-73.79609715679474,40.6216737922984,5.1761136
-73.79294105915787,40.6216737922984,5.164878
-73.78978496152098,40.6216737922984,5.164878
-73.7866288638841,40.6216737922984,5.155244
-73.78347276624721,40.6216737922984,5.147619
-73.77400447333657,40.6216737922984,5.1028433
-73.7708483756997,40.6216737922984,5.0969157
-73.76769227806281,40.6216737922984,5.0940404
-74.20323375195242,40.61851769466153,6.0257907
-74.20007765431555,40.61851769466153,6.0407243
-74.19692155667866,40.61851769466153,6.2279167
-74.19376545904178,40.61851769466153,6.2279167
-74.1906093614049,40.61851769466153,7.110653
-74.18745326376802,40.61851769466153,7.320823
-74.18429716613113,40.61851769466153,7.3722734
-74.18114106849426,40.61851769466153,7.262105
-74.17798497085738,40.61851769466153,6.3500338
-74.17482887322049,40.61851769466153,6.097936
-74.17167277558362,40.61851769466153,6.0221133
-74.16851667794673,40.61851769466153,6.0851045
-74.16536058030985,40.61851769466153,6.0851045
-74.16220448267298,40.61851769466153,6.1054573
-74.15904838503609,40.61851769466153,6.114788
-74.15589228739921,40.61851769466153,6.14039
-74.15273618976232,40.61851769466153,6.1675844
-74.14958009212545,40.61851769466153,6.177091
-74.14642399448856,40.61851769466153,6.164045
-74.14326789685168,40.61851769466153,6.174307
-74.14011179921481,40.61851769466153,6.1423454
-74.13695570157792,40.61851769466153,6.1423454
-74.13379960394104,40.61851769466153,6.153915
-74.13064350630415,40.61851769466153,6.1606774
-74.12748740866728,40.61851769466153,6.1529613
-74.12433131103039,40.61851769466153,6.1141224
-74.12117521339351,40.61851769466153,6.0660725
-74.11801911575664,40.61851769466153,6.0355983
-74.11486301811975,40.61851769466153,6.015197
-74.11170692048287,40.61851769466153,5.987772
-74.10855082284598,40.61851769466153,5.987772
-74.10539472520911,40.61851769466153,5.98425
-74.10223862757222,40.61851769466153,5.982115
-74.09908252993534,40.61851769466153,5.9863877
-74.09592643229847,40.61851769466153,6.0044394
-74.09277033466158,40.61851769466153,6.031045
-74.0896142370247,40.61851769466153,6.142141
-74.08645813938782,40.61851769466153,6.182716
-74.08330204175094,40.61851769466153,6.247144
-74.08014594411405,40.61851769466153,6.247144
-74.07698984647718,40.61851769466153,6.2911615
-74.0738337488403,40.61851769466153,6.306125
-74.07067765120341,40.61851769466153,6.3200817
-74.06752155356654,40.61851769466153,6.296974
-74.06436545592965,40.61851769466153,6.2638884
-74.0391166748346,40.61851769466153,6.2267323
-74.03596057719771,40.61851769466153,6.364128
-74.03280447956084,40.61851769466153,6.4494176
-74.02964838192396,40.61851769466153,6.4793363
-74.02649228428707,40.61851769466153,6.443323
-74.0233361866502,40.61851769466153,6.323295
-74.02018008901331,40.61851769466153,6.323295
-74.01702399137643,40.61851769466153,6.142888
-74.01386789373956,40.61851769466153,6.029317
-74.01071179610267,40.61851769466153,6.020676
-74.0075556984658,40.61851769466153,6.0572333
-74.0043996008289,40.61851769466153,6.1232224
-74.00124350319203,40.61851769466153,6.176435
-73.99808740555514,40.61851769466153,6.307854
-73.99493130791826,40.61851769466153,6.342944
-73.99177521028139,40.61851769466153,6.342944
-73.9886191126445,40.61851769466153,6.2947335
-73.98546301500762,40.61851769466153,6.264184
-73.98230691737074,40.61851769466153,6.317361
-73.97915081973386,40.61851769466153,6.3312078
-73.97599472209697,40.61851769466153,6.3385277
-73.9728386244601,40.61851769466153,6.3307796
-73.96968252682322,40.61851769466153,6.3058395
-73.96652642918633,40.61851769466153,6.174141
-73.96337033154946,40.61851769466153,6.174141
-73.96021423391257,40.61851769466153,6.030108
-73.95705813627569,40.61851769466153,5.9617133
-73.9539020386388,40.61851769466153,5.8899617
-73.95074594100193,40.61851769466153,5.828192
-73.94758984336505,40.61851769466153,5.850045
-73.94443374572816,40.61851769466153,5.8588967
-73.94127764809129,40.61851769466153,5.864884
-73.9381215504544,40.61851769466153,5.8195324
-73.93496545281752,40.61851769466153,5.8195324
-73.93180935518063,40.61851769466153,5.7864733
-73.92865325754376,40.61851769466153,5.76708
-73.92549715990688,40.61851769466153,5.7753468
-73.92234106227,40.61851769466153,5.791784
-73.91918496463312,40.61851769466153,5.7768784
-73.91602886699623,40.61851769466153,5.7332425
-73.91287276935935,40.61851769466153,5.6992273
-73.90971667172246,40.61851769466153,5.660845
-73.90656057408559,40.61851769466153,5.660845
-73.90340447644871,40.61851769466153,5.614555
-73.90024837881182,40.61851769466153,5.5616765
-73.89709228117495,40.61851769466153,5.528332
-73.88131179299054,40.61851769466153,5.428691
-73.87815569535366,40.61851769466153,5.428691
-73.87499959771678,40.61851769466153,5.4246993
-73.87184350007989,40.61851769466153,5.4190154
-73.86868740244302,40.61851769466153,5.4112077
-73.86553130480614,40.61851769466153,5.4024053
-73.83397032843732,40.61851769466153,5.2951846
-73.83081423080044,40.61851769466153,5.284661
-73.82765813316355,40.61851769466153,5.273467
-73.82450203552668,40.61851769466153,5.262439
-73.8213459378898,40.61851769466153,5.2525983
-73.81818984025291,40.61851769466153,5.2525983
-73.81503374261604,40.61851769466153,5.2422614
-73.81187764497915,40.61851769466153,5.2317195
-73.80556544970538,40.61851769466153,5.2034106
-73.80240935206851,40.61851769466153,5.192826
-73.79925325443163,40.61851769466153,5.1815825
-73.79609715679474,40.61851769466153,5.1696296
-73.79294105915787,40.61851769466153,5.1587596
-73.78978496152098,40.61851769466153,5.1587596
-73.7866288638841,40.61851769466153,5.1480017
-73.78347276624721,40.61851769466153,5.1389165
-73.77400447333657,40.61851769466153,5.096895
-73.7708483756997,40.61851769466153,5.0901446
-73.76769227806281,40.61851769466153,5.086615
-74.20323375195242,40.615361597024645,6.0014544
-74.20007765431555,40.615361597024645,6.0438375
-74.19692155667866,40.615361597024645,6.156441
-74.19376545904178,40.615361597024645,6.156441
-74.1906093614049,40.615361597024645,6.3048196
-74.18745326376802,40.615361597024645,7.0684686
-74.18429716613113,40.615361597024645,7.1003027
-74.18114106849426,40.615361597024645,6.992098
-74.17798497085738,40.615361597024645,6.1316814
-74.17482887322049,40.615361597024645,6.014891
-74.17167277558362,40.615361597024645,6.0135493
-74.16851667794673,40.615361597024645,6.0657706
-74.16536058030985,40.615361597024645,6.0657706
-74.16220448267298,40.615361597024645,6.075745
-74.15904838503609,40.615361597024645,6.0684953
-74.15589228739921,40.615361597024645,6.048745
-74.15273618976232,40.615361597024645,6.048522
-74.14958009212545,40.615361597024645,6.0731363
-74.14642399448856,40.615361597024645,6.047356
-74.14326789685168,40.615361597024645,6.0343747
-74.14011179921481,40.615361597024645,6.041612
-74.13695570157792,40.615361597024645,6.041612
-74.13379960394104,40.615361597024645,6.0643497
-74.13064350630415,40.615361597024645,6.0996075
-74.12748740866728,40.615361597024645,6.110375
-74.12433131103039,40.615361597024645,6.092149
-74.12117521339351,40.615361597024645,6.073322
-74.11801911575664,40.615361597024645,6.043823
-74.11486301811975,40.615361597024645,6.00397
-74.11170692048287,40.615361597024645,5.9763217
-74.10855082284598,40.615361597024645,5.9763217
-74.10539472520911,40.615361597024645,5.9728622
-74.10223862757222,40.615361597024645,5.973325
-74.09908252993534,40.615361597024645,5.9767923
-74.09592643229847,40.615361597024645,5.9953423
-74.09277033466158,40.615361597024645,6.0045643
-74.0896142370247,40.615361597024645,6.007899
-74.08645813938782,40.615361597024645,6.038605
-74.08330204175094,40.615361597024645,6.0953403
-74.08014594411405,40.615361597024645,6.0953403
-74.07698984647718,40.615361597024645,6.2093787
-74.0738337488403,40.615361597024645,6.2262897
-74.07067765120341,40.615361597024645,6.2779512
-74.06752155356654,40.615361597024645,6.2689586
-74.06436545592965,40.615361597024645,6.2152357
-74.06120935829277,40.615361597024645,6.158196
-74.0391166748346,40.615361597024645,6.115429
-74.03596057719771,40.615361597024645,6.223687
-74.03280447956084,40.615361597024645,6.3156285
-74.02964838192396,40.615361597024645,6.341509
-74.02649228428707,40.615361597024645,6.301075
-74.0233361866502,40.615361597024645,6.1801605
-74.02018008901331,40.615361597024645,6.1801605
-74.01702399137643,40.615361597024645,6.042219
-74.01386789373956,40.615361597024645,5.9724874
-74.01071179610267,40.615361597024645,6.02529
-74.0075556984658,40.615361597024645,6.080323
-74.0043996008289,40.615361597024645,6.1319795
-74.00124350319203,40.615361597024645,6.1579714
-73.99808740555514,40.615361597024645,6.133071
-73.99493130791826,40.615361597024645,6.15824
-73.99177521028139,40.615361597024645,6.15824
-73.9886191126445,40.615361597024645,6.1445065
-73.98546301500762,40.615361597024645,6.1133323
-73.98230691737074,40.615361597024645,6.264438
-73.97915081973386,40.615361597024645,6.309866
-73.97599472209697,40.615361597024645,6.336613
-73.9728386244601,40.615361597024645,6.3489966
-73.96968252682322,40.615361597024645,6.3422747
-73.96652642918633,40.615361597024645,6.234544
-73.96337033154946,40.615361597024645,6.234544
-73.96021423391257,40.615361597024645,6.0833783
-73.95705813627569,40.615361597024645,5.9875865
-73.9539020386388,40.615361597024645,5.9304996
-73.95074594100193,40.615361597024645,5.8801026
-73.94758984336505,40.615361597024645,5.8607774
-73.94443374572816,40.615361597024645,5.8443418
-73.94127764809129,40.615361597024645,5.8532467
-73.9381215504544,40.615361597024645,5.8357506
-73.93496545281752,40.615361597024645,5.8357506
-73.93180935518063,40.615361597024645,5.7712727
-73.92865325754376,40.615361597024645,5.751793
-73.92549715990688,40.615361597024645,5.764304
-73.92234106227,40.615361597024645,5.77974
-73.91918496463312,40.615361597024645,5.7638316
-73.91602886699623,40.615361597024645,5.72238
-73.91287276935935,40.615361597024645,5.6853857
-73.90971667172246,40.615361597024645,5.6510334
-73.90656057408559,40.615361597024645,5.6510334
-73.90340447644871,40.615361597024645,5.604505
-73.90024837881182,40.615361597024645,5.5585923
-73.89709228117495,40.615361597024645,5.5165596
-73.88131179299054,40.615361597024645,5.4260535
-73.87815569535366,40.615361597024645,5.4260535
-73.87499959771678,40.615361597024645,5.419049
-73.87184350007989,40.615361597024645,5.414016
-73.8371264260742,40.615361597024645,5.29891
-73.83397032843732,40.615361597024645,5.289401
-73.83081423080044,40.615361597024645,5.2787924
-73.82765813316355,40.615361597024645,5.26758
-73.82450203552668,40.615361597024645,5.258029
-73.8213459378898,40.615361597024645,5.2483406
-73.81818984025291,40.615361597024645,5.2483406
-73.81503374261604,40.615361597024645,5.240457
-73.80556544970538,40.615361597024645,5.1950316
-73.80240935206851,40.615361597024645,5.184946
-73.79925325443163,40.615361597024645,5.1748824
-73.79609715679474,40.615361597024645,5.163453
-73.79294105915787,40.615361597024645,5.1521645
-73.78978496152098,40.615361597024645,5.1521645
-73.7866288638841,40.615361597024645,5.1408334
-73.78347276624721,40.615361597024645,5.133067
-73.78031666861034,40.615361597024645,5.120641
-73.77400447333657,40.615361597024645,5.0912027
-73.7708483756997,40.615361597024645,5.0835557
-73.76769227806281,40.615361597024645,5.0774255
-74.20323375195242,40.61220549938776,5.971974
-74.20007765431555,40.61220549938776,5.9779124
-74.19692155667866,40.61220549938776,6.080642
-74.19376545904178,40.61220549938776,6.080642
-74.1906093614049,40.61220549938776,6.1373653
-74.18745326376802,40.61220549938776,6.1827617
-74.18429716613113,40.61220549938776,6.193127
-74.18114106849426,40.61220549938776,6.073984
-74.17798497085738,40.61220549938776,6.001154
-74.17482887322049,40.61220549938776,5.970788
-74.17167277558362,40.61220549938776,6.02532
-74.16851667794673,40.61220549938776,6.0556293
-74.16536058030985,40.61220549938776,6.0556293
-74.16220448267298,40.61220549938776,6.062494
-74.15904838503609,40.61220549938776,6.05909
-74.15589228739921,40.61220549938776,6.053022
-74.15273618976232,40.61220549938776,6.0271997
-74.14958009212545,40.61220549938776,6.0176272
-74.14642399448856,40.61220549938776,5.982379
-74.14326789685168,40.61220549938776,5.98786
-74.14011179921481,40.61220549938776,6.013929
-74.13695570157792,40.61220549938776,6.013929
-74.13379960394104,40.61220549938776,6.0431924
-74.13064350630415,40.61220549938776,6.0858784
-74.12748740866728,40.61220549938776,6.0981073
-74.12433131103039,40.61220549938776,6.0905046
-74.12117521339351,40.61220549938776,6.0760603
-74.11801911575664,40.61220549938776,6.040707
-74.11486301811975,40.61220549938776,6.006557
-74.11170692048287,40.61220549938776,5.976558
-74.10855082284598,40.61220549938776,5.976558
-74.10539472520911,40.61220549938776,5.9598155
-74.10223862757222,40.61220549938776,5.9593887
-74.09908252993534,40.61220549938776,5.9701614
-74.09592643229847,40.61220549938776,5.9820623
-74.09277033466158,40.61220549938776,5.978925
-74.0896142370247,40.61220549938776,5.974287
-74.08645813938782,40.61220549938776,5.9813185
-74.08330204175094,40.61220549938776,6.0308585
-74.08014594411405,40.61220549938776,6.0308585
-74.07698984647718,40.61220549938776,6.128672
-74.0738337488403,40.61220549938776,6.1612206
-74.07067765120341,40.61220549938776,6.2166095
-74.06752155356654,40.61220549938776,6.210667
-74.06436545592965,40.61220549938776,6.162504
-74.06120935829277,40.61220549938776,6.1098175
-74.0391166748346,40.61220549938776,6.0392394
-74.03596057719771,40.61220549938776,6.0592694
-74.03280447956084,40.61220549938776,6.108034
-74.02964838192396,40.61220549938776,6.140506
-74.02649228428707,40.61220549938776,6.107772
-74.0233361866502,40.61220549938776,6.0183253
-74.02018008901331,40.61220549938776,6.0183253
-74.01702399137643,40.61220549938776,5.933869
-74.01386789373956,40.61220549938776,5.952597
-74.01071179610267,40.61220549938776,6.0329022
-74.0075556984658,40.61220549938776,6.117887
-74.0043996008289,40.61220549938776,6.1836762
-74.00124350319203,40.61220549938776,6.2015185
-73.99808740555514,40.61220549938776,6.184001
-73.99493130791826,40.61220549938776,6.156757
-73.99177521028139,40.61220549938776,6.156757
-73.9886191126445,40.61220549938776,6.1044564
-73.98546301500762,40.61220549938776,6.075023
-73.98230691737074,40.61220549938776,6.1230073
-73.97915081973386,40.61220549938776,6.2761464
-73.97599472209697,40.61220549938776,6.3252134
-73.9728386244601,40.61220549938776,6.384732
-73.96968252682322,40.61220549938776,6.3031826
-73.96652642918633,40.61220549938776,6.2373223
-73.96337033154946,40.61220549938776,6.2373223
-73.96021423391257,40.61220549938776,6.081766
-73.95705813627569,40.61220549938776,6.006023
-73.9539020386388,40.61220549938776,5.958042
-73.95074594100193,40.61220549938776,5.8973103
-73.94758984336505,40.61220549938776,5.8534636
-73.94443374572816,40.61220549938776,5.820019
-73.94127764809129,40.61220549938776,5.8221235
-73.9381215504544,40.61220549938776,5.8101115
-73.93496545281752,40.61220549938776,5.8101115
-73.93180935518063,40.61220549938776,5.741534
-73.92865325754376,40.61220549938776,5.7300353
-73.92549715990688,40.61220549938776,5.730127
-73.92234106227,40.61220549938776,5.7473
-73.91918496463312,40.61220549938776,5.7220755
-73.91602886699623,40.61220549938776,5.694513
-73.91287276935935,40.61220549938776,5.6637363
-73.90971667172246,40.61220549938776,5.6263676
-73.90656057408559,40.61220549938776,5.6263676
-73.90340447644871,40.61220549938776,5.5867925
-73.90024837881182,40.61220549938776,5.5409765
-73.89709228117495,40.61220549938776,5.4959974
-73.89393618353806,40.61220549938776,5.47644
-73.89078008590118,40.61220549938776,5.463371
-73.85290691425861,40.61220549938776,5.3353963
-73.84975081662172,40.61220549938776,5.3353963
-73.84343862134797,40.61220549938776,5.31327
-73.84028252371108,40.61220549938776,5.304123
-73.8371264260742,40.61220549938776,5.293225
-73.82765813316355,40.61220549938776,5.2644186
-73.82450203552668,40.61220549938776,5.2545266
-73.8213459378898,40.61220549938776,5.244821
-73.81818984025291,40.61220549938776,5.244821
-73.81503374261604,40.61220549938776,5.2366047
-73.80556544970538,40.61220549938776,5.1852307
-73.80240935206851,40.61220549938776,5.1762834
-73.79925325443163,40.61220549938776,5.1676702
-73.79609715679474,40.61220549938776,5.1568747
-73.79294105915787,40.61220549938776,5.145636
-73.78978496152098,40.61220549938776,5.145636
-73.7866288638841,40.61220549938776,5.1359143
-73.78347276624721,40.61220549938776,5.126651
-73.78031666861034,40.61220549938776,5.1144123
-73.77400447333657,40.61220549938776,5.085696
-73.7708483756997,40.61220549938776,5.077794
-73.76769227806281,40.61220549938776,5.0762496
-73.76453618042594,40.61220549938776,5.1411815
-73.76138008278905,40.61220549938776,5.1411815
-73.74875569224153,40.61220549938776,5.5041304
-73.74559959460464,40.61220549938776,5.4837446
-74.20323375195242,40.60904940175088,5.962069
-74.20007765431555,40.60904940175088,5.964445
-74.19692155667866,40.60904940175088,5.9765854
-74.19376545904178,40.60904940175088,5.9765854
-74.1906093614049,40.60904940175088,6.0572352
-74.18745326376802,40.60904940175088,6.058555
-74.18429716613113,40.60904940175088,5.988696
-74.18114106849426,40.60904940175088,5.9766617
-74.17798497085738,40.60904940175088,5.9761477
-74.17482887322049,40.60904940175088,5.992221
-74.17167277558362,40.60904940175088,6.0148716
-74.16851667794673,40.60904940175088,6.0548334
-74.16536058030985,40.60904940175088,6.0548334
-74.16220448267298,40.60904940175088,6.057911
-74.15904838503609,40.60904940175088,6.0574255
-74.15589228739921,40.60904940175088,6.055798
-74.15273618976232,40.60904940175088,6.0380845
-74.14958009212545,40.60904940175088,5.998109
-74.14642399448856,40.60904940175088,5.9635553
-74.14326789685168,40.60904940175088,5.967741
-74.14011179921481,40.60904940175088,6.0027256
-74.13695570157792,40.60904940175088,6.0027256
-74.13379960394104,40.60904940175088,6.033422
-74.13064350630415,40.60904940175088,6.0766053
-74.12748740866728,40.60904940175088,6.093454
-74.12433131103039,40.60904940175088,6.0799117
-74.12117521339351,40.60904940175088,6.0592637
-74.11801911575664,40.60904940175088,6.0270643
-74.11486301811975,40.60904940175088,5.9901996
-74.11170692048287,40.60904940175088,5.9562593
-74.10855082284598,40.60904940175088,5.9562593
-74.10539472520911,40.60904940175088,5.9446754
-74.10223862757222,40.60904940175088,5.9410925
-74.09908252993534,40.60904940175088,5.952968
-74.09592643229847,40.60904940175088,5.9627376
-74.09277033466158,40.60904940175088,5.9615817
-74.0896142370247,40.60904940175088,5.9564214
-74.08645813938782,40.60904940175088,5.9595323
-74.08330204175094,40.60904940175088,5.9859877
-74.08014594411405,40.60904940175088,5.9859877
-74.07698984647718,40.60904940175088,6.0079794
-74.0738337488403,40.60904940175088,6.039975
-74.07067765120341,40.60904940175088,6.048058
-74.06752155356654,40.60904940175088,6.0451183
-74.06436545592965,40.60904940175088,6.013759
-74.06120935829277,40.60904940175088,5.9678392
-74.05805326065588,40.60904940175088,5.9457173
-74.03596057719771,40.60904940175088,5.978464
-74.03280447956084,40.60904940175088,5.972551
-74.02964838192396,40.60904940175088,5.964856
-74.02649228428707,40.60904940175088,5.9376802
-74.0233361866502,40.60904940175088,5.887008
-74.02018008901331,40.60904940175088,5.887008
-74.01702399137643,40.60904940175088,5.879955
-74.01386789373956,40.60904940175088,5.9254155
-74.01071179610267,40.60904940175088,6.0451097
-74.0075556984658,40.60904940175088,6.1468277
-74.0043996008289,40.60904940175088,6.2129664
-74.00124350319203,40.60904940175088,6.2488117
-73.99808740555514,40.60904940175088,6.227812
-73.99493130791826,40.60904940175088,6.2177796
-73.99177521028139,40.60904940175088,6.2177796
-73.9886191126445,40.60904940175088,6.1312847
-73.98546301500762,40.60904940175088,6.0554895
-73.98230691737074,40.60904940175088,6.069918
-73.97915081973386,40.60904940175088,6.1174655
-73.97599472209697,40.60904940175088,6.1548796
-73.9728386244601,40.60904940175088,6.2346096
-73.96968252682322,40.60904940175088,6.1908445
-73.96652642918633,40.60904940175088,6.1511693
-73.96337033154946,40.60904940175088,6.1511693
-73.96021423391257,40.60904940175088,6.0749397
-73.95705813627569,40.60904940175088,6.007559
-73.9539020386388,40.60904940175088,5.952582
-73.95074594100193,40.60904940175088,5.894992
-73.94758984336505,40.60904940175088,5.828599
-73.94443374572816,40.60904940175088,5.796842
-73.94127764809129,40.60904940175088,5.7707806
-73.9381215504544,40.60904940175088,5.7301793
-73.93496545281752,40.60904940175088,5.7301793
-73.93180935518063,40.60904940175088,5.700949
-73.92865325754376,40.60904940175088,5.6810846
-73.92549715990688,40.60904940175088,5.6733575
-73.92234106227,40.60904940175088,5.6771216
-73.91918496463312,40.60904940175088,5.659934
-73.91602886699623,40.60904940175088,5.6491294
-73.91287276935935,40.60904940175088,5.6204605
-73.90971667172246,40.60904940175088,5.591836
-73.90656057408559,40.60904940175088,5.591836
-73.90340447644871,40.60904940175088,5.553734
-73.90024837881182,40.60904940175088,5.5045514
-73.89709228117495,40.60904940175088,5.4785547
-73.89393618353806,40.60904940175088,5.462183
-73.89078008590118,40.60904940175088,5.4513745
-73.87184350007989,40.60904940175088,5.3945003
-73.85606301189549,40.60904940175088,5.3377485
-73.85290691425861,40.60904940175088,5.3286557
-73.84975081662172,40.60904940175088,5.3286557
-73.84659471898485,40.60904940175088,5.316749
-73.84343862134797,40.60904940175088,5.306493
-73.84028252371108,40.60904940175088,5.297329
-73.8371264260742,40.60904940175088,5.2873125
-73.83397032843732,40.60904940175088,5.2749853
-73.83081423080044,40.60904940175088,5.266788
-73.82765813316355,40.60904940175088,5.2585616
-73.82450203552668,40.60904940175088,5.2488327
-73.8213459378898,40.60904940175088,5.2392626
-73.81818984025291,40.60904940175088,5.2392626
-73.81503374261604,40.60904940175088,5.2312098
-73.79925325443163,40.60904940175088,5.16068
-73.79609715679474,40.60904940175088,5.1505456
-73.79294105915787,40.60904940175088,5.141219
-73.78978496152098,40.60904940175088,5.141219
-73.7866288638841,40.60904940175088,5.1311054
-73.78031666861034,40.60904940175088,5.1042137
-73.77716057097346,40.60904940175088,5.092068
-73.77400447333657,40.60904940175088,5.081399
-73.7708483756997,40.60904940175088,5.0749264
-73.76769227806281,40.60904940175088,5.085093
-73.76453618042594,40.60904940175088,5.1550136
-73.76138008278905,40.60904940175088,5.1550136
-73.75822398515217,40.60904940175088,5.3610907
-73.7550678875153,40.60904940175088,5.5171514
-73.7519117898784,40.60904940175088,5.5629373
-73.74875569224153,40.60904940175088,5.5477223
-73.74559959460464,40.60904940175088,5.483049
-74.20323375195242,40.605893304114,5.956741
-74.20007765431555,40.605893304114,5.9665647
-74.19692155667866,40.605893304114,6.020682
-74.19376545904178,40.605893304114,6.020682
-74.1906093614049,40.605893304114,5.9733424
-74.18745326376802,40.605893304114,5.9755135
-74.18429716613113,40.605893304114,5.9978933
-74.18114106849426,40.605893304114,6.117743
-74.17798497085738,40.605893304114,6.0064087
-74.17482887322049,40.605893304114,6.008649
-74.17167277558362,40.605893304114,6.0190268
-74.16851667794673,40.605893304114,6.0380535
-74.16536058030985,40.605893304114,6.0380535
-74.16220448267298,40.605893304114,6.0471797
-74.15904838503609,40.605893304114,6.0489063
-74.15589228739921,40.605893304114,6.0517077
-74.15273618976232,40.605893304114,6.0324078
-74.14958009212545,40.605893304114,5.9714713
-74.14642399448856,40.605893304114,5.9416647
-74.14326789685168,40.605893304114,5.9600234
-74.14011179921481,40.605893304114,5.9788413
-74.13695570157792,40.605893304114,5.9788413
-74.13379960394104,40.605893304114,6.007532
-74.13064350630415,40.605893304114,6.0504103
-74.12748740866728,40.605893304114,6.0701222
-74.12433131103039,40.605893304114,6.0588717
-74.12117521339351,40.605893304114,6.035185
-74.11801911575664,40.605893304114,5.997077
-74.11486301811975,40.605893304114,5.965998
-74.11170692048287,40.605893304114,5.9372697
-74.10855082284598,40.605893304114,5.9372697
-74.10539472520911,40.605893304114,5.917583
-74.10223862757222,40.605893304114,5.920978
-74.09908252993534,40.605893304114,5.92855
-74.09592643229847,40.605893304114,5.9392443
-74.09277033466158,40.605893304114,5.9485173
-74.0896142370247,40.605893304114,5.9423375
-74.08645813938782,40.605893304114,5.945538
-74.08330204175094,40.605893304114,5.950314
-74.08014594411405,40.605893304114,5.950314
-74.07698984647718,40.605893304114,5.974329
-74.0738337488403,40.605893304114,5.9691887
-74.07067765120341,40.605893304114,5.983686
-74.06752155356654,40.605893304114,5.9773574
-74.06436545592965,40.605893304114,5.9516335
-74.06120935829277,40.605893304114,5.91085
-74.05805326065588,40.605893304114,5.887012
-74.03596057719771,40.605893304114,5.932589
-74.03280447956084,40.605893304114,5.892059
-74.02964838192396,40.605893304114,5.872391
-74.02649228428707,40.605893304114,5.8386865
-74.0233361866502,40.605893304114,5.8110237
-74.02018008901331,40.605893304114,5.8110237
-74.01702399137643,40.605893304114,5.8349648
-74.01386789373956,40.605893304114,5.913088
-74.01071179610267,40.605893304114,6.027061
-74.0075556984658,40.605893304114,6.157449
-74.0043996008289,40.605893304114,6.2201858
-74.00124350319203,40.605893304114,6.2770596
-73.99808740555514,40.605893304114,6.288132
-73.99493130791826,40.605893304114,6.2500443
-73.99177521028139,40.605893304114,6.2500443
-73.9886191126445,40.605893304114,6.1639605
-73.98546301500762,40.605893304114,6.075007
-73.98230691737074,40.605893304114,6.0406637
-73.97915081973386,40.605893304114,6.0574327
-73.97599472209697,40.605893304114,6.080253
-73.9728386244601,40.605893304114,6.135513
-73.96968252682322,40.605893304114,6.141161
-73.96652642918633,40.605893304114,6.134216
-73.96337033154946,40.605893304114,6.134216
-73.96021423391257,40.605893304114,6.0855427
-73.95705813627569,40.605893304114,6.0206313
-73.9539020386388,40.605893304114,5.955474
-73.95074594100193,40.605893304114,5.864688
-73.94758984336505,40.605893304114,5.7898035
-73.94443374572816,40.605893304114,5.775882
-73.94127764809129,40.605893304114,5.7198253
-73.9381215504544,40.605893304114,5.678368
-73.93496545281752,40.605893304114,5.678368
-73.93180935518063,40.605893304114,5.662349
-73.92865325754376,40.605893304114,5.639581
-73.92549715990688,40.605893304114,5.624421
-73.92234106227,40.605893304114,5.6170554
-73.91918496463312,40.605893304114,5.6109605
-73.91602886699623,40.605893304114,5.596586
-73.91287276935935,40.605893304114,5.5758
-73.90971667172246,40.605893304114,5.545884
-73.90656057408559,40.605893304114,5.545884
-73.90340447644871,40.605893304114,5.5135407
-73.90024837881182,40.605893304114,5.480138
-73.89709228117495,40.605893304114,5.4620657
-73.89393618353806,40.605893304114,5.4502573
-73.87184350007989,40.605893304114,5.381821
-73.86868740244302,40.605893304114,5.3701515
-73.86553130480614,40.605893304114,5.3548613
-73.85606301189549,40.605893304114,5.330636
-73.85290691425861,40.605893304114,5.320973
-73.84975081662172,40.605893304114,5.320973
-73.84659471898485,40.605893304114,5.3097944
-73.84343862134797,40.605893304114,5.301398
-73.84028252371108,40.605893304114,5.291902
-73.8371264260742,40.605893304114,5.2827425
-73.83397032843732,40.605893304114,5.270525
-73.83081423080044,40.605893304114,5.262834
-73.82765813316355,40.605893304114,5.254451
-73.82450203552668,40.605893304114,5.243651
-73.8213459378898,40.605893304114,5.23655
-73.81818984025291,40.605893304114,5.23655
-73.81503374261604,40.605893304114,5.2260337
-73.80240935206851,40.605893304114,5.1647353
-73.79925325443163,40.605893304114,5.1557097
-73.79609715679474,40.605893304114,5.1466856
-73.79294105915787,40.605893304114,5.1367354
-73.78978496152098,40.605893304114,5.1367354
-73.78031666861034,40.605893304114,5.0979147
-73.77716057097346,40.605893304114,5.0891685
-73.77400447333657,40.605893304114,5.0827966
-73.7708483756997,40.605893304114,5.0774584
-73.76769227806281,40.605893304114,5.104961
-73.76453618042594,40.605893304114,5.196533
-73.76138008278905,40.605893304114,5.196533
-73.75822398515217,40.605893304114,5.4087873
-73.7550678875153,40.605893304114,5.53978
-73.7519117898784,40.605893304114,5.578295
-73.74875569224153,40.605893304114,5.5557084
-73.74559959460464,40.605893304114,5.480207
-73.74244349696777,40.605893304114,5.3312306
-74.20007765431555,40.602737206477116,6.017862
-74.19692155667866,40.602737206477116,6.0209002
-74.19376545904178,40.602737206477116,6.0209002
-74.1906093614049,40.602737206477116,6.036901
-74.18745326376802,40.602737206477116,6.128016
-74.18429716613113,40.602737206477116,6.204642
-74.18114106849426,40.602737206477116,6.217395
-74.17798497085738,40.602737206477116,6.2009745
-74.17482887322049,40.602737206477116,6.1418467
-74.17167277558362,40.602737206477116,6.0080028
-74.16851667794673,40.602737206477116,5.987824
-74.16536058030985,40.602737206477116,5.987824
-74.16220448267298,40.602737206477116,5.975789
-74.15904838503609,40.602737206477116,5.9750233
-74.15589228739921,40.602737206477116,5.9662933
-74.15273618976232,40.602737206477116,5.9334927
-74.14958009212545,40.602737206477116,5.904454
-74.14642399448856,40.602737206477116,5.8987975
-74.14326789685168,40.602737206477116,5.910887
-74.14011179921481,40.602737206477116,5.914992
-74.13695570157792,40.602737206477116,5.914992
-74.13379960394104,40.602737206477116,5.9165306
-74.13064350630415,40.602737206477116,5.936507
-74.12748740866728,40.602737206477116,5.953208
-74.12433131103039,40.602737206477116,5.951583
-74.12117521339351,40.602737206477116,5.939024
-74.11801911575664,40.602737206477116,5.917432
-74.11486301811975,40.602737206477116,5.9001217
-74.11170692048287,40.602737206477116,5.8933663
-74.10855082284598,40.602737206477116,5.8933663
-74.10539472520911,40.602737206477116,5.878641
-74.10223862757222,40.602737206477116,5.883978
-74.09908252993534,40.602737206477116,5.888645
-74.09592643229847,40.602737206477116,5.9060287
-74.09277033466158,40.602737206477116,5.9527698
-74.0896142370247,40.602737206477116,5.9775586
-74.08645813938782,40.602737206477116,5.97518
-74.08330204175094,40.602737206477116,5.9622235
-74.08014594411405,40.602737206477116,5.9622235
-74.07698984647718,40.602737206477116,5.949127
-74.0738337488403,40.602737206477116,5.9360023
-74.07067765120341,40.602737206477116,5.926828
-74.06752155356654,40.602737206477116,5.9336886
-74.06436545592965,40.602737206477116,5.93066
-74.06120935829277,40.602737206477116,5.906647
-74.05805326065588,40.602737206477116,5.864915
-74.054897163019,40.602737206477116,5.8380775
-74.05174106538213,40.602737206477116,5.8380775
-74.01702399137643,40.602737206477116,5.797847
-74.01386789373956,40.602737206477116,5.8574233
-74.01071179610267,40.602737206477116,5.984758
-74.0075556984658,40.602737206477116,6.0880814
-74.0043996008289,40.602737206477116,6.154769
-74.00124350319203,40.602737206477116,6.1925325
-73.99808740555514,40.602737206477116,6.190891
-73.99493130791826,40.602737206477116,6.147268
-73.99177521028139,40.602737206477116,6.147268
-73.9886191126445,40.602737206477116,6.0893
-73.98546301500762,40.602737206477116,6.0332847
-73.98230691737074,40.602737206477116,6.0312862
-73.97915081973386,40.602737206477116,6.0298505
-73.97599472209697,40.602737206477116,6.0278087
-73.9728386244601,40.602737206477116,6.077214
-73.96968252682322,40.602737206477116,6.110143
-73.96652642918633,40.602737206477116,6.123201
-73.96337033154946,40.602737206477116,6.123201
-73.96021423391257,40.602737206477116,6.109985
-73.95705813627569,40.602737206477116,6.0464067
-73.9539020386388,40.602737206477116,5.97435
-73.95074594100193,40.602737206477116,5.868295
-73.94758984336505,40.602737206477116,5.77756
-73.94443374572816,40.602737206477116,5.7407956
-73.94127764809129,40.602737206477116,5.708576
-73.9381215504544,40.602737206477116,5.6856313
-73.93496545281752,40.602737206477116,5.6856313
-73.93180935518063,40.602737206477116,5.6431203
-73.92865325754376,40.602737206477116,5.5920234
-73.92549715990688,40.602737206477116,5.5688453
-73.92234106227,40.602737206477116,5.5490327
-73.91918496463312,40.602737206477116,5.528555
-73.91602886699623,40.602737206477116,5.510814
-73.91287276935935,40.602737206477116,5.4916596
-73.90971667172246,40.602737206477116,5.476073
-73.90656057408559,40.602737206477116,5.476073
-73.90340447644871,40.602737206477116,5.4591093
-73.90024837881182,40.602737206477116,5.4472685
-73.89709228117495,40.602737206477116,5.436727
-73.89393618353806,40.602737206477116,5.4259057
-73.89078008590118,40.602737206477116,5.4151573
-73.8876239882643,40.602737206477116,5.4063945
-73.88446789062742,40.602737206477116,5.3987327
-73.86868740244302,40.602737206477116,5.346018
-73.86237520716925,40.602737206477116,5.3298273
-73.85921910953238,40.602737206477116,5.3207564
-73.85606301189549,40.602737206477116,5.3137584
-73.82450203552668,40.602737206477116,5.2318716
-73.8213459378898,40.602737206477116,5.2247124
-73.81818984025291,40.602737206477116,5.2247124
-73.81503374261604,40.602737206477116,5.2155
-73.81187764497915,40.602737206477116,5.20583
-73.80872154734227,40.602737206477116,5.2134523
-73.79294105915787,40.602737206477116,5.1560106
-73.78978496152098,40.602737206477116,5.1560106
-73.7866288638841,40.602737206477116,5.1332297
-73.78347276624721,40.602737206477116,5.127338
-73.78031666861034,40.602737206477116,5.1195087
-73.77716057097346,40.602737206477116,5.1096416
-73.77400447333657,40.602737206477116,5.099225
-73.7708483756997,40.602737206477116,5.0937247
-73.76769227806281,40.602737206477116,5.1126423
-73.76453618042594,40.602737206477116,5.1920943
-73.76138008278905,40.602737206477116,5.1920943
-73.75822398515217,40.602737206477116,5.272813
-73.7550678875153,40.602737206477116,5.368891
-73.7519117898784,40.602737206477116,5.4066415
-73.74875569224153,40.602737206477116,5.3502965
-73.74559959460464,40.602737206477116,5.2127595
-73.74244349696777,40.602737206477116,5.103626
-73.73928739933088,40.602737206477116,5.0402346
-74.20007765431555,40.59958110884023,6.001579
-74.19692155667866,40.59958110884023,6.0143404
-74.19376545904178,40.59958110884023,6.0143404
-74.1906093614049,40.59958110884023,6.0391746
-74.18745326376802,40.59958110884023,6.128206
-74.18429716613113,40.59958110884023,6.2024145
-74.18114106849426,40.59958110884023,6.208589
-74.17798497085738,40.59958110884023,6.1893935
-74.17482887322049,40.59958110884023,6.123268
-74.17167277558362,40.59958110884023,5.9641995
-74.16851667794673,40.59958110884023,5.9566875
-74.16536058030985,40.59958110884023,5.9566875
-74.16220448267298,40.59958110884023,5.9496655
-74.15904838503609,40.59958110884023,5.94528
-74.15589228739921,40.59958110884023,5.917962
-74.15273618976232,40.59958110884023,5.9030156
-74.14958009212545,40.59958110884023,5.88278
-74.14642399448856,40.59958110884023,5.8802123
-74.14326789685168,40.59958110884023,5.8895025
-74.14011179921481,40.59958110884023,5.905797
-74.13695570157792,40.59958110884023,5.905797
-74.13379960394104,40.59958110884023,5.910305
-74.13064350630415,40.59958110884023,5.913917
-74.12748740866728,40.59958110884023,5.92676
-74.12433131103039,40.59958110884023,5.915847
-74.12117521339351,40.59958110884023,5.900792
-74.11801911575664,40.59958110884023,5.89012
-74.11486301811975,40.59958110884023,5.881156
-74.11170692048287,40.59958110884023,5.8669724
-74.10855082284598,40.59958110884023,5.8669724
-74.10539472520911,40.59958110884023,5.8726416
-74.10223862757222,40.59958110884023,5.8837204
-74.09908252993534,40.59958110884023,5.886629
-74.09592643229847,40.59958110884023,5.9185405
-74.09277033466158,40.59958110884023,5.9607744
-74.0896142370247,40.59958110884023,5.9854245
-74.08645813938782,40.59958110884023,5.9810233
-74.08330204175094,40.59958110884023,5.971038
-74.08014594411405,40.59958110884023,5.971038
-74.07698984647718,40.59958110884023,5.954995
-74.0738337488403,40.59958110884023,5.9467363
-74.07067765120341,40.59958110884023,5.94399
-74.06752155356654,40.59958110884023,6.0090384
-74.06436545592965,40.59958110884023,6.006764
-74.06120935829277,40.59958110884023,5.9765873
-74.05805326065588,40.59958110884023,5.880256
-74.054897163019,40.59958110884023,5.846578
-74.05174106538213,40.59958110884023,5.846578
-74.01071179610267,40.59958110884023,5.9745183
-74.0075556984658,40.59958110884023,6.0275593
-74.0043996008289,40.59958110884023,6.1017118
-74.00124350319203,40.59958110884023,6.124807
-73.99808740555514,40.59958110884023,6.1166577
-73.99493130791826,40.59958110884023,6.071611
-73.99177521028139,40.59958110884023,6.071611
-73.9886191126445,40.59958110884023,6.0392833
-73.98546301500762,40.59958110884023,6.0002556
-73.98230691737074,40.59958110884023,6.0051746
-73.97915081973386,40.59958110884023,5.996852
-73.97599472209697,40.59958110884023,6.0102887
-73.9728386244601,40.59958110884023,6.0445433
-73.96968252682322,40.59958110884023,6.0548453
-73.96652642918633,40.59958110884023,6.0462823
-73.96337033154946,40.59958110884023,6.0462823
-73.96021423391257,40.59958110884023,6.029318
-73.95705813627569,40.59958110884023,5.968232
-73.9539020386388,40.59958110884023,5.912639
-73.95074594100193,40.59958110884023,5.863584
-73.94758984336505,40.59958110884023,5.805
-73.94443374572816,40.59958110884023,5.7678227
-73.94127764809129,40.59958110884023,5.7339687
-73.9381215504544,40.59958110884023,5.6969986
-73.93496545281752,40.59958110884023,5.6969986
-73.93180935518063,40.59958110884023,5.651417
-73.92865325754376,40.59958110884023,5.58427
-73.92549715990688,40.59958110884023,5.547584
-73.92234106227,40.59958110884023,5.51959
-73.91918496463312,40.59958110884023,5.498274
-73.91602886699623,40.59958110884023,5.483486
-73.91287276935935,40.59958110884023,5.4700575
-73.90971667172246,40.59958110884023,5.4581375
-73.90656057408559,40.59958110884023,5.4581375
-73.90340447644871,40.59958110884023,5.4473686
-73.90024837881182,40.59958110884023,5.4372125
-73.89709228117495,40.59958110884023,5.427355
-73.89393618353806,40.59958110884023,5.4174566
-73.89078008590118,40.59958110884023,5.407517
-73.8876239882643,40.59958110884023,5.398089
-73.88446789062742,40.59958110884023,5.3903246
-73.88131179299054,40.59958110884023,5.3842545
-73.87815569535366,40.59958110884023,5.3842545
-73.87184350007989,40.59958110884023,5.351182
-73.86868740244302,40.59958110884023,5.338218
-73.86237520716925,40.59958110884023,5.323156
-73.85921910953238,40.59958110884023,5.3162613
-73.85606301189549,40.59958110884023,5.307852
-73.85290691425861,40.59958110884023,5.2991095
-73.84975081662172,40.59958110884023,5.2991095
-73.83081423080044,40.59958110884023,5.232626
-73.82765813316355,40.59958110884023,5.2308397
-73.82450203552668,40.59958110884023,5.2264924
-73.8213459378898,40.59958110884023,5.219802
-73.81818984025291,40.59958110884023,5.219802
-73.81187764497915,40.59958110884023,5.2159014
-73.80872154734227,40.59958110884023,5.2603383
-73.80240935206851,40.59958110884023,5.3172956
-73.79925325443163,40.59958110884023,5.3021903
-73.79609715679474,40.59958110884023,5.2154293
-73.79294105915787,40.59958110884023,5.175398
-73.78978496152098,40.59958110884023,5.175398
-73.7866288638841,40.59958110884023,5.1660514
-73.78347276624721,40.59958110884023,5.1766233
-73.78031666861034,40.59958110884023,5.1883593
-73.77716057097346,40.59958110884023,5.151584
-73.77400447333657,40.59958110884023,5.117354
-73.7708483756997,40.59958110884023,5.0962987
-73.76769227806281,40.59958110884023,5.103508
-73.76453618042594,40.59958110884023,5.157431
-73.76138008278905,40.59958110884023,5.157431
-73.75822398515217,40.59958110884023,5.211523
-73.7550678875153,40.59958110884023,5.240941
-73.7519117898784,40.59958110884023,5.241496
-73.74875569224153,40.59958110884023,5.2064905
-73.74559959460464,40.59958110884023,5.1318164
-73.74244349696777,40.59958110884023,5.0412936
-73.73928739933088,40.59958110884023,5.007869
-74.20007765431555,40.59642501120336,5.988468
-74.19692155667866,40.59642501120336,5.9951644
-74.19376545904178,40.59642501120336,5.9951644
-74.1906093614049,40.59642501120336,6.014521
-74.18745326376802,40.59642501120336,6.082883
-74.18429716613113,40.59642501120336,6.1736355
-74.18114106849426,40.59642501120336,6.175076
-74.17798497085738,40.59642501120336,6.15424
-74.17482887322049,40.59642501120336,5.971713
-74.17167277558362,40.59642501120336,5.9561405
-74.16851667794673,40.59642501120336,5.938548
-74.16536058030985,40.59642501120336,5.938548
-74.16220448267298,40.59642501120336,5.932911
-74.15904838503609,40.59642501120336,5.9190493
-74.15589228739921,40.59642501120336,5.9032454
-74.15273618976232,40.59642501120336,5.8780184
-74.14958009212545,40.59642501120336,5.8676257
-74.14642399448856,40.59642501120336,5.8663135
-74.14326789685168,40.59642501120336,5.8798065
-74.14011179921481,40.59642501120336,5.8888407
-74.13695570157792,40.59642501120336,5.8888407
-74.13379960394104,40.59642501120336,5.8922853
-74.13064350630415,40.59642501120336,5.892925
-74.12748740866728,40.59642501120336,5.892705
-74.12433131103039,40.59642501120336,5.897952
-74.12117521339351,40.59642501120336,5.8797474
-74.11801911575664,40.59642501120336,5.8668
-74.11486301811975,40.59642501120336,5.8564773
-74.11170692048287,40.59642501120336,5.8616157
-74.10855082284598,40.59642501120336,5.8616157
-74.10539472520911,40.59642501120336,5.882947
-74.10223862757222,40.59642501120336,5.8962636
-74.09908252993534,40.59642501120336,5.907997
-74.09592643229847,40.59642501120336,5.9574018
-74.09277033466158,40.59642501120336,5.9830403
-74.0896142370247,40.59642501120336,5.990021
-74.08645813938782,40.59642501120336,5.9787683
-74.08330204175094,40.59642501120336,5.968427
-74.08014594411405,40.59642501120336,5.968427
-74.07698984647718,40.59642501120336,5.960273
-74.0738337488403,40.59642501120336,5.9517846
-74.07067765120341,40.59642501120336,6.0137606
-74.06752155356654,40.59642501120336,6.0183234
-74.06436545592965,40.59642501120336,6.018554
-74.06120935829277,40.59642501120336,5.9995713
-74.05805326065588,40.59642501120336,5.9521585
-74.0043996008289,40.59642501120336,5.9799094
-74.00124350319203,40.59642501120336,6.018777
-73.99808740555514,40.59642501120336,6.005777
-73.99493130791826,40.59642501120336,5.9822145
-73.99177521028139,40.59642501120336,5.9822145
-73.9886191126445,40.59642501120336,5.960062
-73.98546301500762,40.59642501120336,5.9584255
-73.98230691737074,40.59642501120336,5.9707966
-73.97915081973386,40.59642501120336,6.0355396
-73.97599472209697,40.59642501120336,6.0483036
-73.9728386244601,40.59642501120336,6.0829754
-73.96968252682322,40.59642501120336,6.059335
-73.96652642918633,40.59642501120336,5.996258
-73.96337033154946,40.59642501120336,5.996258
-73.96021423391257,40.59642501120336,5.9550295
-73.95705813627569,40.59642501120336,5.9374957
-73.9539020386388,40.59642501120336,5.915613
-73.95074594100193,40.59642501120336,5.880961
-73.94758984336505,40.59642501120336,5.828406
-73.94443374572816,40.59642501120336,5.7868223
-73.94127764809129,40.59642501120336,5.7410355
-73.9381215504544,40.59642501120336,5.701255
-73.93496545281752,40.59642501120336,5.701255
-73.93180935518063,40.59642501120336,5.659506
-73.92865325754376,40.59642501120336,5.5852623
-73.92549715990688,40.59642501120336,5.538993
-73.92234106227,40.59642501120336,5.506968
-73.91918496463312,40.59642501120336,5.485394
-73.91602886699623,40.59642501120336,5.469523
-73.91287276935935,40.59642501120336,5.4574227
-73.90971667172246,40.59642501120336,5.4471188
-73.90656057408559,40.59642501120336,5.4471188
-73.90340447644871,40.59642501120336,5.437301
-73.90024837881182,40.59642501120336,5.4275646
-73.89709228117495,40.59642501120336,5.417789
-73.89393618353806,40.59642501120336,5.4079747
-73.89078008590118,40.59642501120336,5.3981214
-73.8876239882643,40.59642501120336,5.3883376
-73.88446789062742,40.59642501120336,5.38024
-73.88131179299054,40.59642501120336,5.3744054
-73.87815569535366,40.59642501120336,5.3744054
-73.86868740244302,40.59642501120336,5.333443
-73.86237520716925,40.59642501120336,5.318223
-73.85921910953238,40.59642501120336,5.310279
-73.85606301189549,40.59642501120336,5.3009834
-73.85290691425861,40.59642501120336,5.293676
-73.84028252371108,40.59642501120336,5.2495627
-73.8371264260742,40.59642501120336,5.241604
-73.83397032843732,40.59642501120336,5.2337666
-73.83081423080044,40.59642501120336,5.2303267
-73.82765813316355,40.59642501120336,5.2246723
-73.82450203552668,40.59642501120336,5.22399
-73.8213459378898,40.59642501120336,5.2212853
-73.81818984025291,40.59642501120336,5.2212853
-73.80556544970538,40.59642501120336,5.3596473
-73.80240935206851,40.59642501120336,5.348736
-73.79925325443163,40.59642501120336,5.3152575
-73.79609715679474,40.59642501120336,5.2657733
-73.79294105915787,40.59642501120336,5.1924367
-73.78978496152098,40.59642501120336,5.1924367
-73.7866288638841,40.59642501120336,5.242015
-73.78347276624721,40.59642501120336,5.278571
-73.78031666861034,40.59642501120336,5.27356
-73.77716057097346,40.59642501120336,5.2433786
-73.77400447333657,40.59642501120336,5.1471777
-73.7708483756997,40.59642501120336,5.1011
-73.76769227806281,40.59642501120336,5.088637
-73.76453618042594,40.59642501120336,5.107954
-73.76138008278905,40.59642501120336,5.107954
-73.75822398515217,40.59642501120336,5.1445837
-73.7550678875153,40.59642501120336,5.1721764
-73.7519117898784,40.59642501120336,5.1598816
-73.74875569224153,40.59642501120336,5.131983
-73.74559959460464,40.59642501120336,5.0785165
-73.74244349696777,40.59642501120336,5.019423
-73.73928739933088,40.59642501120336,4.9954286
-74.20007765431555,40.593268913566476,5.906995
-74.19692155667866,40.593268913566476,5.9115925
-74.19376545904178,40.593268913566476,5.9115925
-74.1906093614049,40.593268913566476,5.9258137
-74.18745326376802,40.593268913566476,6.0345044
-74.18429716613113,40.593268913566476,6.0534525
-74.18114106849426,40.593268913566476,6.0615354
-74.17798497085738,40.593268913566476,6.0360775
-74.17482887322049,40.593268913566476,5.9482403
-74.17167277558362,40.593268913566476,5.927023
-74.16851667794673,40.593268913566476,5.9167795
-74.16536058030985,40.593268913566476,5.9167795
-74.16220448267298,40.593268913566476,5.912035
-74.15904838503609,40.593268913566476,5.906216
-74.15589228739921,40.593268913566476,5.889795
-74.15273618976232,40.593268913566476,5.861487
-74.14958009212545,40.593268913566476,5.8538237
-74.14642399448856,40.593268913566476,5.852516
-74.14326789685168,40.593268913566476,5.8614736
-74.14011179921481,40.593268913566476,5.86561
-74.13695570157792,40.593268913566476,5.86561
-74.13379960394104,40.593268913566476,5.8678255
-74.13064350630415,40.593268913566476,5.8669934
-74.12748740866728,40.593268913566476,5.8651767
-74.12433131103039,40.593268913566476,5.861808
-74.12117521339351,40.593268913566476,5.857931
-74.11801911575664,40.593268913566476,5.845743
-74.11486301811975,40.593268913566476,5.852647
-74.11170692048287,40.593268913566476,5.8792915
-74.10855082284598,40.593268913566476,5.8792915
-74.10539472520911,40.593268913566476,5.8932896
-74.10223862757222,40.593268913566476,5.91149
-74.09908252993534,40.593268913566476,5.9408846
-74.09592643229847,40.593268913566476,5.9927278
-74.09277033466158,40.593268913566476,5.9975657
-74.0896142370247,40.593268913566476,5.9952135
-74.08645813938782,40.593268913566476,5.9794254
-74.08330204175094,40.593268913566476,5.952589
-74.08014594411405,40.593268913566476,5.952589
-74.07698984647718,40.593268913566476,5.950504
-74.0738337488403,40.593268913566476,5.939103
-74.07067765120341,40.593268913566476,5.9982023
-74.06752155356654,40.593268913566476,6.005348
-74.06436545592965,40.593268913566476,6.0063605
-74.06120935829277,40.593268913566476,5.99421
-74.0043996008289,40.593268913566476,5.917324
-74.00124350319203,40.593268913566476,5.863924
-73.99808740555514,40.593268913566476,5.888232
-73.99493130791826,40.593268913566476,5.900094
-73.99177521028139,40.593268913566476,5.900094
-73.9886191126445,40.593268913566476,5.9186335
-73.98546301500762,40.593268913566476,5.9157715
-73.98230691737074,40.593268913566476,5.951449
-73.97915081973386,40.593268913566476,6.0060196
-73.97599472209697,40.593268913566476,6.0269136
-73.9728386244601,40.593268913566476,6.053158
-73.96968252682322,40.593268913566476,6.075994
-73.96652642918633,40.593268913566476,5.998386
-73.96337033154946,40.593268913566476,5.998386
-73.96021423391257,40.593268913566476,5.9626493
-73.95705813627569,40.593268913566476,5.972353
-73.9539020386388,40.593268913566476,5.9676757
-73.95074594100193,40.593268913566476,5.9463882
-73.94758984336505,40.593268913566476,5.866137
-73.94443374572816,40.593268913566476,5.793392
-73.94127764809129,40.593268913566476,5.7424364
-73.9381215504544,40.593268913566476,5.7068186
-73.93496545281752,40.593268913566476,5.7068186
-73.93180935518063,40.593268913566476,5.665024
-73.92865325754376,40.593268913566476,5.604642
-73.92549715990688,40.593268913566476,5.5435123
-73.92234106227,40.593268913566476,5.5038314
-73.91918496463312,40.593268913566476,5.47741
-73.91602886699623,40.593268913566476,5.460216
-73.91287276935935,40.593268913566476,5.4473877
-73.90971667172246,40.593268913566476,5.4372087
-73.90656057408559,40.593268913566476,5.4372087
-73.90340447644871,40.593268913566476,5.427531
-73.90024837881182,40.593268913566476,5.417872
-73.89709228117495,40.593268913566476,5.408176
-73.89393618353806,40.593268913566476,5.3984437
-73.89078008590118,40.593268913566476,5.388675
-73.8876239882643,40.593268913566476,5.378869
-73.88446789062742,40.593268913566476,5.370214
-73.88131179299054,40.593268913566476,5.3620853
-73.87815569535366,40.593268913566476,5.3620853
-73.84343862134797,40.593268913566476,5.2551713
-73.84028252371108,40.593268913566476,5.245838
-73.8371264260742,40.593268913566476,5.2382092
-73.83397032843732,40.593268913566476,5.230995
-73.83081423080044,40.593268913566476,5.2315392
-73.82765813316355,40.593268913566476,5.231386
-73.82450203552668,40.593268913566476,5.2624316
-73.81187764497915,40.593268913566476,5.3763437
-73.80872154734227,40.593268913566476,5.3901334
-73.80556544970538,40.593268913566476,5.3837495
-73.80240935206851,40.593268913566476,5.3580246
-73.79925325443163,40.593268913566476,5.3101187
-73.79609715679474,40.593268913566476,5.215991
-73.79294105915787,40.593268913566476,5.1912594
-73.78978496152098,40.593268913566476,5.1912594
-73.7866288638841,40.593268913566476,5.2743926
-73.78347276624721,40.593268913566476,5.3012757
-73.78031666861034,40.593268913566476,5.2930064
-73.77716057097346,40.593268913566476,5.2600274
-73.77400447333657,40.593268913566476,5.2039804
-73.7708483756997,40.593268913566476,5.102311
-73.76769227806281,40.593268913566476,5.074887
-73.76453618042594,40.593268913566476,5.075226
-73.76138008278905,40.593268913566476,5.075226
-73.75822398515217,40.593268913566476,5.0869875
-73.7550678875153,40.593268913566476,5.0933437
-73.7519117898784,40.593268913566476,5.0902357
-73.74875569224153,40.593268913566476,5.073687
-73.74559959460464,40.593268913566476,5.0561743
-73.74244349696777,40.593268913566476,5.0311
-73.73928739933088,40.593268913566476,5.0199695
-74.20323375195242,40.590112815929594,5.881337
-74.20007765431555,40.590112815929594,5.883394
-74.19692155667866,40.590112815929594,5.8831925
-74.19376545904178,40.590112815929594,5.8831925
-74.1906093614049,40.590112815929594,5.885053
-74.18745326376802,40.590112815929594,5.898423
-74.18429716613113,40.590112815929594,5.905956
-74.18114106849426,40.590112815929594,5.9030986
-74.17798497085738,40.590112815929594,5.892448
-74.17482887322049,40.590112815929594,5.909792
-74.17167277558362,40.590112815929594,5.9055996
-74.16851667794673,40.590112815929594,5.9068317
-74.16536058030985,40.590112815929594,5.9068317
-74.16220448267298,40.590112815929594,5.9045935
-74.15904838503609,40.590112815929594,5.8969455
-74.15589228739921,40.590112815929594,5.8830585
-74.15273618976232,40.590112815929594,5.8517594
-74.14958009212545,40.590112815929594,5.836958
-74.14642399448856,40.590112815929594,5.8353333
-74.14326789685168,40.590112815929594,5.8469043
-74.14011179921481,40.590112815929594,5.8488193
-74.13695570157792,40.590112815929594,5.8488193
-74.13379960394104,40.590112815929594,5.8519983
-74.13064350630415,40.590112815929594,5.8509684
-74.12748740866728,40.590112815929594,5.8488693
-74.12433131103039,40.590112815929594,5.844298
-74.12117521339351,40.590112815929594,5.8405604
-74.11801911575664,40.590112815929594,5.837865
-74.11486301811975,40.590112815929594,5.8583016
-74.11170692048287,40.590112815929594,5.8799286
-74.10855082284598,40.590112815929594,5.8799286
-74.10539472520911,40.590112815929594,5.895015
-74.10223862757222,40.590112815929594,5.908178
-74.09908252993534,40.590112815929594,5.9694443
-74.09592643229847,40.590112815929594,6.0072904
-74.09277033466158,40.590112815929594,6.010953
-74.0896142370247,40.590112815929594,5.992805
-74.08645813938782,40.590112815929594,5.9780684
-74.08330204175094,40.590112815929594,5.9517345
-74.08014594411405,40.590112815929594,5.9517345
-74.07698984647718,40.590112815929594,5.9341803
-74.0738337488403,40.590112815929594,5.8861747
-74.07067765120341,40.590112815929594,5.892027
-74.06752155356654,40.590112815929594,5.9658256
-74.06436545592965,40.590112815929594,5.973307
-74.00124350319203,40.590112815929594,5.7672176
-73.99808740555514,40.590112815929594,5.758857
-73.99493130791826,40.590112815929594,5.795048
-73.99177521028139,40.590112815929594,5.795048
-73.9886191126445,40.590112815929594,5.8344865
-73.98546301500762,40.590112815929594,5.8634434
-73.98230691737074,40.590112815929594,5.9605546
-73.97915081973386,40.590112815929594,6.014632
-73.97599472209697,40.590112815929594,6.018388
-73.9728386244601,40.590112815929594,6.0305123
-73.96968252682322,40.590112815929594,6.0363026
-73.96652642918633,40.590112815929594,5.9736314
-73.96337033154946,40.590112815929594,5.9736314
-73.96021423391257,40.590112815929594,5.9619107
-73.95705813627569,40.590112815929594,5.9787908
-73.9539020386388,40.590112815929594,5.993107
-73.95074594100193,40.590112815929594,5.981839
-73.94758984336505,40.590112815929594,5.9157786
-73.94443374572816,40.590112815929594,5.863124
-73.94127764809129,40.590112815929594,5.7693605
-73.9381215504544,40.590112815929594,5.7118635
-73.93496545281752,40.590112815929594,5.7118635
-73.93180935518063,40.590112815929594,5.6648827
-73.92865325754376,40.590112815929594,5.604059
-73.92549715990688,40.590112815929594,5.539226
-73.92234106227,40.590112815929594,5.5059047
-73.91918496463312,40.590112815929594,5.4723754
-73.91602886699623,40.590112815929594,5.4522862
-73.91287276935935,40.590112815929594,5.437889
-73.90971667172246,40.590112815929594,5.4273233
-73.90656057408559,40.590112815929594,5.4273233
-73.90340447644871,40.590112815929594,5.4179435
-73.90024837881182,40.590112815929594,5.4083443
-73.89709228117495,40.590112815929594,5.3985343
-73.89393618353806,40.590112815929594,5.388867
-73.89078008590118,40.590112815929594,5.3791814
-73.8876239882643,40.590112815929594,5.3694596
-73.88446789062742,40.590112815929594,5.3602295
-73.88131179299054,40.590112815929594,5.351982
-73.87815569535366,40.590112815929594,5.351982
-73.86868740244302,40.590112815929594,5.3168674
-73.86553130480614,40.590112815929594,5.3101296
-73.86237520716925,40.590112815929594,5.308325
-73.84028252371108,40.590112815929594,5.243526
-73.8371264260742,40.590112815929594,5.2378516
-73.83397032843732,40.590112815929594,5.2321615
-73.81503374261604,40.590112815929594,5.4737372
-73.81187764497915,40.590112815929594,5.413348
-73.80872154734227,40.590112815929594,5.378022
-73.80556544970538,40.590112815929594,5.374941
-73.80240935206851,40.590112815929594,5.348857
-73.79925325443163,40.590112815929594,5.284334
-73.79609715679474,40.590112815929594,5.181017
-73.79294105915787,40.590112815929594,5.17354
-73.78978496152098,40.590112815929594,5.17354
-73.7866288638841,40.590112815929594,5.263027
-73.78347276624721,40.590112815929594,5.289181
-73.78031666861034,40.590112815929594,5.287074
-73.77716057097346,40.590112815929594,5.2560663
-73.77400447333657,40.590112815929594,5.2031226
-73.7708483756997,40.590112815929594,5.099694
-73.76769227806281,40.590112815929594,5.0695934
-73.76453618042594,40.590112815929594,5.059088
-73.76138008278905,40.590112815929594,5.059088
-73.75822398515217,40.590112815929594,5.061015
-73.7550678875153,40.590112815929594,5.054362
-73.7519117898784,40.590112815929594,5.0534587
-74.2063898495893,40.58695671829271,5.847708
-74.20323375195242,40.58695671829271,5.8503294
-74.20007765431555,40.58695671829271,5.853457
-74.19692155667866,40.58695671829271,5.853985
-74.19376545904178,40.58695671829271,5.853985
-74.1906093614049,40.58695671829271,5.851941
-74.18745326376802,40.58695671829271,5.8487773
-74.18429716613113,40.58695671829271,5.840945
-74.18114106849426,40.58695671829271,5.831294
-74.17798497085738,40.58695671829271,5.848247
-74.17482887322049,40.58695671829271,5.9089665
-74.17167277558362,40.58695671829271,5.9275823
-74.16851667794673,40.58695671829271,5.937241
-74.16536058030985,40.58695671829271,5.937241
-74.16220448267298,40.58695671829271,5.9350677
-74.15904838503609,40.58695671829271,5.925477
-74.15589228739921,40.58695671829271,5.897962
-74.15273618976232,40.58695671829271,5.8230357
-74.14958009212545,40.58695671829271,5.8108225
-74.14642399448856,40.58695671829271,5.808536
-74.14326789685168,40.58695671829271,5.8092446
-74.14011179921481,40.58695671829271,5.8235416
-74.13695570157792,40.58695671829271,5.8235416
-74.13379960394104,40.58695671829271,5.824683
-74.13064350630415,40.58695671829271,5.8242784
-74.12748740866728,40.58695671829271,5.823034
-74.12433131103039,40.58695671829271,5.824128
-74.12117521339351,40.58695671829271,5.822878
-74.11801911575664,40.58695671829271,5.831451
-74.11486301811975,40.58695671829271,5.856789
-74.11170692048287,40.58695671829271,5.881376
-74.10855082284598,40.58695671829271,5.881376
-74.10539472520911,40.58695671829271,5.899916
-74.10223862757222,40.58695671829271,5.9362335
-74.09908252993534,40.58695671829271,5.9625382
-74.09592643229847,40.58695671829271,6.002999
-74.09277033466158,40.58695671829271,5.996966
-74.0896142370247,40.58695671829271,5.969681
-74.08645813938782,40.58695671829271,5.9467816
-74.08330204175094,40.58695671829271,5.9179163
-74.08014594411405,40.58695671829271,5.9179163
-74.07698984647718,40.58695671829271,5.884447
-74.0738337488403,40.58695671829271,5.83172
-74.07067765120341,40.58695671829271,5.8329134
-74.06752155356654,40.58695671829271,5.8507605
-74.06436545592965,40.58695671829271,5.858569
-74.00124350319203,40.58695671829271,5.7352095
-73.99808740555514,40.58695671829271,5.717164
-73.99493130791826,40.58695671829271,5.7394233
-73.99177521028139,40.58695671829271,5.7394233
-73.9886191126445,40.58695671829271,5.779012
-73.98546301500762,40.58695671829271,5.8241606
-73.98230691737074,40.58695671829271,5.914618
-73.97915081973386,40.58695671829271,5.9942594
-73.97599472209697,40.58695671829271,5.9865627
-73.9728386244601,40.58695671829271,5.976282
-73.96968252682322,40.58695671829271,5.988707
-73.96652642918633,40.58695671829271,5.941953
-73.96337033154946,40.58695671829271,5.941953
-73.96021423391257,40.58695671829271,5.951884
-73.95705813627569,40.58695671829271,5.9896307
-73.9539020386388,40.58695671829271,5.9806952
-73.95074594100193,40.58695671829271,5.9574766
-73.94758984336505,40.58695671829271,5.910647
-73.94443374572816,40.58695671829271,5.8691754
-73.94127764809129,40.58695671829271,5.803645
-73.9381215504544,40.58695671829271,5.7120543
-73.93496545281752,40.58695671829271,5.7120543
-73.93180935518063,40.58695671829271,5.651391
-73.92865325754376,40.58695671829271,5.5892644
-73.92549715990688,40.58695671829271,5.5341005
-73.92234106227,40.58695671829271,5.4990473
-73.91918496463312,40.58695671829271,5.4684296
-73.91602886699623,40.58695671829271,5.443993
-73.91287276935935,40.58695671829271,5.428909
-73.90971667172246,40.58695671829271,5.419524
-73.90656057408559,40.58695671829271,5.419524
-73.90340447644871,40.58695671829271,5.41046
-73.90024837881182,40.58695671829271,5.3999248
-73.89709228117495,40.58695671829271,5.3890395
-73.89393618353806,40.58695671829271,5.379248
-73.89078008590118,40.58695671829271,5.369644
-73.8876239882643,40.58695671829271,5.360005
-73.88446789062742,40.58695671829271,5.350429
-73.88131179299054,40.58695671829271,5.342325
-73.87815569535366,40.58695671829271,5.342325
-73.86868740244302,40.58695671829271,5.3092422
-73.86553130480614,40.58695671829271,5.302939
-73.86237520716925,40.58695671829271,5.3019695
-73.8371264260742,40.58695671829271,5.261152
-73.83397032843732,40.58695671829271,5.267758
-73.82450203552668,40.58695671829271,5.506975
-73.8213459378898,40.58695671829271,5.553954
-73.81818984025291,40.58695671829271,5.553954
-73.81503374261604,40.58695671829271,5.529631
-73.81187764497915,40.58695671829271,5.478104
-73.80872154734227,40.58695671829271,5.369098
-73.80556544970538,40.58695671829271,5.3306785
-73.80240935206851,40.58695671829271,5.293581
-73.79925325443163,40.58695671829271,5.2301126
-73.79609715679474,40.58695671829271,5.164761
-73.79294105915787,40.58695671829271,5.160875
-73.78978496152098,40.58695671829271,5.160875
-73.7866288638841,40.58695671829271,5.1896586
-73.78347276624721,40.58695671829271,5.266428
-73.78031666861034,40.58695671829271,5.274401
-74.2063898495893,40.58380062065583,5.8305764
-74.20323375195242,40.58380062065583,5.833837
-74.20007765431555,40.58380062065583,5.835278
-74.19692155667866,40.58380062065583,5.8376575
-74.19376545904178,40.58380062065583,5.8376575
-74.1906093614049,40.58380062065583,5.835196
-74.18745326376802,40.58380062065583,5.831391
-74.18429716613113,40.58380062065583,5.816903
-74.18114106849426,40.58380062065583,5.817577
-74.17798497085738,40.58380062065583,5.861651
-74.17482887322049,40.58380062065583,5.9013653
-74.17167277558362,40.58380062065583,5.922182
-74.16851667794673,40.58380062065583,5.9307423
-74.16536058030985,40.58380062065583,5.9307423
-74.16220448267298,40.58380062065583,5.92845
-74.15904838503609,40.58380062065583,5.9151087
-74.15589228739921,40.58380062065583,5.8721514
-74.15273618976232,40.58380062065583,5.8143296
-74.14958009212545,40.58380062065583,5.8023186
-74.14642399448856,40.58380062065583,5.799841
-74.14326789685168,40.58380062065583,5.801465
-74.14011179921481,40.58380062065583,5.8009844
-74.13695570157792,40.58380062065583,5.8009844
-74.13379960394104,40.58380062065583,5.801938
-74.13064350630415,40.58380062065583,5.8064504
-74.12748740866728,40.58380062065583,5.807903
-74.12433131103039,40.58380062065583,5.8221617
-74.12117521339351,40.58380062065583,5.8288584
-74.11801911575664,40.58380062065583,5.847143
-74.11486301811975,40.58380062065583,5.862716
-74.11170692048287,40.58380062065583,5.913703
-74.10855082284598,40.58380062065583,5.913703
-74.10539472520911,40.58380062065583,5.9437046
-74.10223862757222,40.58380062065583,5.964615
-74.09908252993534,40.58380062065583,5.969207
-74.09592643229847,40.58380062065583,5.954638
-74.09277033466158,40.58380062065583,5.9078255
-74.0896142370247,40.58380062065583,5.886398
-74.08645813938782,40.58380062065583,5.847415
-74.08330204175094,40.58380062065583,5.812867
-74.08014594411405,40.58380062065583,5.812867
-74.07698984647718,40.58380062065583,5.7744255
-74.0738337488403,40.58380062065583,5.76833
-74.07067765120341,40.58380062065583,5.7620254
-74.00124350319203,40.58380062065583,5.735457
-73.99808740555514,40.58380062065583,5.8480296
-73.99493130791826,40.58380062065583,5.943396
-73.99177521028139,40.58380062065583,5.943396
-73.9886191126445,40.58380062065583,6.039832
-73.98546301500762,40.58380062065583,6.0796566
-73.98230691737074,40.58380062065583,6.077646
-73.97915081973386,40.58380062065583,6.081743
-73.97599472209697,40.58380062065583,6.0129404
-73.9728386244601,40.58380062065583,5.96203
-73.96968252682322,40.58380062065583,6.0326953
-73.96652642918633,40.58380062065583,6.0285234
-73.96337033154946,40.58380062065583,6.0285234
-73.96021423391257,40.58380062065583,6.0786095
-73.95705813627569,40.58380062065583,6.108449
-73.9539020386388,40.58380062065583,6.061653
-73.95074594100193,40.58380062065583,5.981653
-73.94758984336505,40.58380062065583,5.87383
-73.94443374572816,40.58380062065583,5.8158493
-73.94127764809129,40.58380062065583,5.755401
-73.9381215504544,40.58380062065583,5.6827545
-73.93496545281752,40.58380062065583,5.6827545
-73.93180935518063,40.58380062065583,5.6135945
-73.92865325754376,40.58380062065583,5.567406
-73.92549715990688,40.58380062065583,5.5180907
-73.92234106227,40.58380062065583,5.478816
-73.91918496463312,40.58380062065583,5.4477506
-73.91602886699623,40.58380062065583,5.429445
-73.91287276935935,40.58380062065583,5.41511
-73.89709228117495,40.58380062065583,5.367192
-73.89393618353806,40.58380062065583,5.3591557
-73.89078008590118,40.58380062065583,5.3504567
-73.8876239882643,40.58380062065583,5.340971
-73.88446789062742,40.58380062065583,5.3319316
-73.88131179299054,40.58380062065583,5.325783
-73.87815569535366,40.58380062065583,5.325783
-73.87499959771678,40.58380062065583,5.316538
-73.86868740244302,40.58380062065583,5.296123
-73.86553130480614,40.58380062065583,5.288623
-73.86237520716925,40.58380062065583,5.2864084
-73.85290691425861,40.58380062065583,5.2841525
-73.84975081662172,40.58380062065583,5.298762
-73.84659471898485,40.58380062065583,5.298762
-73.84028252371108,40.58380062065583,5.307661
-73.8371264260742,40.58380062065583,5.2966027
-73.83397032843732,40.58380062065583,5.298874
-73.83081423080044,40.58380062065583,5.3346486
-73.82765813316355,40.58380062065583,5.4299674
-73.82450203552668,40.58380062065583,5.506933
-73.8213459378898,40.58380062065583,5.540795
-73.81818984025291,40.58380062065583,5.540795
-73.81503374261604,40.58380062065583,5.5316324
-73.81187764497915,40.58380062065583,5.4531465
-73.80872154734227,40.58380062065583,5.3827276
-74.2063898495893,40.58064452301895,5.814483
-74.20323375195242,40.58064452301895,5.8174596
-74.20007765431555,40.58064452301895,5.8165607
-74.19692155667866,40.58064452301895,5.816462
-74.19376545904178,40.58064452301895,5.816462
-74.1906093614049,40.58064452301895,5.8119698
-74.18745326376802,40.58064452301895,5.805103
-74.18429716613113,40.58064452301895,5.8018365
-74.18114106849426,40.58064452301895,5.803912
-74.17798497085738,40.58064452301895,5.852792
-74.17482887322049,40.58064452301895,5.8773785
-74.17167277558362,40.58064452301895,5.893497
-74.16851667794673,40.58064452301895,5.8947487
-74.16536058030985,40.58064452301895,5.8947487
-74.16220448267298,40.58064452301895,5.8920927
-74.15904838503609,40.58064452301895,5.878467
-74.15589228739921,40.58064452301895,5.856049
-74.15273618976232,40.58064452301895,5.801119
-74.14958009212545,40.58064452301895,5.7904835
-74.14642399448856,40.58064452301895,5.7883534
-74.14326789685168,40.58064452301895,5.794865
-74.14011179921481,40.58064452301895,5.7958865
-74.13695570157792,40.58064452301895,5.7958865
-74.13379960394104,40.58064452301895,5.797578
-74.13064350630415,40.58064452301895,5.8017344
-74.12748740866728,40.58064452301895,5.808336
-74.12433131103039,40.58064452301895,5.834601
-74.12117521339351,40.58064452301895,5.8741126
-74.11801911575664,40.58064452301895,5.892033
-74.11486301811975,40.58064452301895,5.9315095
-74.11170692048287,40.58064452301895,5.9712625
-74.10855082284598,40.58064452301895,5.9712625
-74.10539472520911,40.58064452301895,5.9373074
-74.10223862757222,40.58064452301895,5.9476314
-74.09908252993534,40.58064452301895,5.938814
-74.09592643229847,40.58064452301895,5.918462
-74.09277033466158,40.58064452301895,5.8942227
-74.0896142370247,40.58064452301895,5.8612814
-74.08645813938782,40.58064452301895,5.8195
-74.08330204175094,40.58064452301895,5.7680097
-74.08014594411405,40.58064452301895,5.7680097
-74.07698984647718,40.58064452301895,5.7543364
-74.0738337488403,40.58064452301895,5.744118
-74.07067765120341,40.58064452301895,5.7549543
-74.054897163019,40.58064452301895,5.815407
-74.05174106538213,40.58064452301895,5.815407
-74.01071179610267,40.58064452301895,5.6668987
-74.0075556984658,40.58064452301895,5.6774535
-74.0043996008289,40.58064452301895,5.7099886
-74.00124350319203,40.58064452301895,5.7661347
-73.99808740555514,40.58064452301895,5.939683
-73.99493130791826,40.58064452301895,6.039862
-73.99177521028139,40.58064452301895,6.039862
-73.9886191126445,40.58064452301895,6.1672735
-73.98546301500762,40.58064452301895,6.2108936
-73.98230691737074,40.58064452301895,6.2025046
-73.97915081973386,40.58064452301895,6.1079865
-73.97599472209697,40.58064452301895,6.0495367
-73.9728386244601,40.58064452301895,5.9667845
-73.96968252682322,40.58064452301895,5.955962
-73.96652642918633,40.58064452301895,5.980728
-73.96337033154946,40.58064452301895,5.980728
-73.96021423391257,40.58064452301895,6.016319
-73.95705813627569,40.58064452301895,6.0662646
-73.9539020386388,40.58064452301895,6.052342
-73.95074594100193,40.58064452301895,5.9591365
-73.94758984336505,40.58064452301895,5.8426847
-73.94443374572816,40.58064452301895,5.7538505
-73.94127764809129,40.58064452301895,5.682419
-73.9381215504544,40.58064452301895,5.6156693
-73.93496545281752,40.58064452301895,5.6156693
-73.93180935518063,40.58064452301895,5.579598
-73.91602886699623,40.58064452301895,5.4220104
-73.91287276935935,40.58064452301895,5.4181023
-73.89709228117495,40.58064452301895,5.358654
-73.89393618353806,40.58064452301895,5.350674
-73.89078008590118,40.58064452301895,5.3423324
-73.8876239882643,40.58064452301895,5.3339424
-73.88446789062742,40.58064452301895,5.326237
-73.88131179299054,40.58064452301895,5.3201656
-73.87815569535366,40.58064452301895,5.3201656
-73.86868740244302,40.58064452301895,5.2857895
-73.85606301189549,40.58064452301895,5.27188
-73.85290691425861,40.58064452301895,5.2751093
-73.84975081662172,40.58064452301895,5.303405
-73.84659471898485,40.58064452301895,5.303405
-73.84343862134797,40.58064452301895,5.3163533
-73.84028252371108,40.58064452301895,5.315112
-73.8371264260742,40.58064452301895,5.2947803
-73.83397032843732,40.58064452301895,5.2894325
-73.83081423080044,40.58064452301895,5.3099146
-73.82765813316355,40.58064452301895,5.3809094
-73.82450203552668,40.58064452301895,5.4109735
-73.8213459378898,40.58064452301895,5.5076976
-73.81818984025291,40.58064452301895,5.5076976
-74.2063898495893,40.577488425382064,5.801341
-74.20323375195242,40.577488425382064,5.8000846
-74.20007765431555,40.577488425382064,5.7979198
-74.19692155667866,40.577488425382064,5.795554
-74.19376545904178,40.577488425382064,5.795554
-74.1906093614049,40.577488425382064,5.793219
-74.18745326376802,40.577488425382064,5.7908907
-74.18429716613113,40.577488425382064,5.788911
-74.18114106849426,40.577488425382064,5.790521
-74.17798497085738,40.577488425382064,5.8064084
-74.17482887322049,40.577488425382064,5.857785
-74.17167277558362,40.577488425382064,5.864645
-74.16851667794673,40.577488425382064,5.865821
-74.16536058030985,40.577488425382064,5.865821
-74.16220448267298,40.577488425382064,5.863345
-74.15904838503609,40.577488425382064,5.854487
-74.15589228739921,40.577488425382064,5.8391013
-74.15273618976232,40.577488425382064,5.792491
-74.14958009212545,40.577488425382064,5.777587
-74.14642399448856,40.577488425382064,5.7793355
-74.14326789685168,40.577488425382064,5.7818894
-74.14011179921481,40.577488425382064,5.789154
-74.13695570157792,40.577488425382064,5.789154
-74.13379960394104,40.577488425382064,5.7867904
-74.13064350630415,40.577488425382064,5.7946696
-74.12748740866728,40.577488425382064,5.817323
-74.12433131103039,40.577488425382064,5.847608
-74.12117521339351,40.577488425382064,5.889296
-74.11801911575664,40.577488425382064,5.9224195
-74.11486301811975,40.577488425382064,5.961352
-74.11170692048287,40.577488425382064,5.977396
-74.10855082284598,40.577488425382064,5.977396
-74.10539472520911,40.577488425382064,5.960522
-74.10223862757222,40.577488425382064,5.9140573
-74.09908252993534,40.577488425382064,5.9034233
-74.09592643229847,40.577488425382064,5.8893833
-74.09277033466158,40.577488425382064,5.8727813
-74.0896142370247,40.577488425382064,5.8360615
-74.08645813938782,40.577488425382064,5.782129
-74.08330204175094,40.577488425382064,5.7512603
-74.08014594411405,40.577488425382064,5.7512603
-74.07698984647718,40.577488425382064,5.7365046
-74.0738337488403,40.577488425382064,5.732349
-74.054897163019,40.577488425382064,5.786173
-74.05174106538213,40.577488425382064,5.786173
-74.01386789373956,40.577488425382064,5.667515
-74.01071179610267,40.577488425382064,5.6637764
-74.0075556984658,40.577488425382064,5.6753416
-74.0043996008289,40.577488425382064,5.7116857
-74.00124350319203,40.577488425382064,5.7655616
-73.99808740555514,40.577488425382064,5.9420915
-73.99493130791826,40.577488425382064,6.0681763
-73.99177521028139,40.577488425382064,6.0681763
-73.9886191126445,40.577488425382064,6.2067633
-73.98546301500762,40.577488425382064,6.226527
-73.98230691737074,40.577488425382064,6.175645
-73.97915081973386,40.577488425382064,6.082012
-73.97599472209697,40.577488425382064,5.969723
-73.9728386244601,40.577488425382064,5.969093
-73.96968252682322,40.577488425382064,5.943414
-73.96652642918633,40.577488425382064,5.92385
-73.96337033154946,40.577488425382064,5.92385
-73.96021423391257,40.577488425382064,5.919793
-73.95705813627569,40.577488425382064,5.944504
-73.9539020386388,40.577488425382064,5.9559135
-73.95074594100193,40.577488425382064,5.891841
-73.94758984336505,40.577488425382064,5.7779717
-73.94443374572816,40.577488425382064,5.6959844
-73.94127764809129,40.577488425382064,5.617849
-73.9381215504544,40.577488425382064,5.5715303
-73.93496545281752,40.577488425382064,5.5715303
-73.93180935518063,40.577488425382064,5.553275
-73.89709228117495,40.577488425382064,5.3520164
-73.89393618353806,40.577488425382064,5.3442917
-73.89078008590118,40.577488425382064,5.336902
-73.8876239882643,40.577488425382064,5.3292093
-73.88446789062742,40.577488425382064,5.3279076
-73.86237520716925,40.577488425382064,5.259753
-73.85921910953238,40.577488425382064,5.264593
-73.85606301189549,40.577488425382064,5.2649803
-73.85290691425861,40.577488425382064,5.2659607
-73.84975081662172,40.577488425382064,5.2907176
-73.84659471898485,40.577488425382064,5.2907176
-73.84343862134797,40.577488425382064,5.309371
-73.84028252371108,40.577488425382064,5.308417
-73.8371264260742,40.577488425382064,5.294346
-73.83397032843732,40.577488425382064,5.284098
-73.83081423080044,40.577488425382064,5.3095503
-74.2063898495893,40.57433232774519,5.7885475
-74.20323375195242,40.57433232774519,5.7870193
-74.20007765431555,40.57433232774519,5.784566
-74.19692155667866,40.57433232774519,5.7826633
-74.19376545904178,40.57433232774519,5.7826633
-74.1906093614049,40.57433232774519,5.7811804
-74.18745326376802,40.57433232774519,5.779795
-74.18429716613113,40.57433232774519,5.779966
-74.18114106849426,40.57433232774519,5.779422
-74.17798497085738,40.57433232774519,5.7886934
-74.17482887322049,40.57433232774519,5.804125
-74.17167277558362,40.57433232774519,5.8407793
-74.16851667794673,40.57433232774519,5.842473
-74.16536058030985,40.57433232774519,5.842473
-74.16220448267298,40.57433232774519,5.839626
-74.15904838503609,40.57433232774519,5.831902
-74.15589228739921,40.57433232774519,5.78914
-74.15273618976232,40.57433232774519,5.770114
-74.14958009212545,40.57433232774519,5.7644243
-74.14642399448856,40.57433232774519,5.7667823
-74.14326789685168,40.57433232774519,5.767462
-74.14011179921481,40.57433232774519,5.777067
-74.13695570157792,40.57433232774519,5.777067
-74.13379960394104,40.57433232774519,5.7763734
-74.13064350630415,40.57433232774519,5.7917204
-74.12748740866728,40.57433232774519,5.8220778
-74.12433131103039,40.57433232774519,5.850123
-74.12117521339351,40.57433232774519,5.881123
-74.11801911575664,40.57433232774519,5.9351296
-74.11486301811975,40.57433232774519,5.9594774
-74.11170692048287,40.57433232774519,5.9753957
-74.10855082284598,40.57433232774519,5.9753957
-74.10539472520911,40.57433232774519,5.9733157
-74.10223862757222,40.57433232774519,5.9326234
-74.09908252993534,40.57433232774519,5.89183
-74.09592643229847,40.57433232774519,5.8587923
-74.09277033466158,40.57433232774519,5.8279343
-74.0896142370247,40.57433232774519,5.7794094
-74.08645813938782,40.57433232774519,5.763627
-74.08330204175094,40.57433232774519,5.745551
-74.08014594411405,40.57433232774519,5.745551
-74.07698984647718,40.57433232774519,5.726907
-74.01071179610267,40.57433232774519,5.658262
-74.0075556984658,40.57433232774519,5.66991
-74.0043996008289,40.57433232774519,5.7040696
-74.00124350319203,40.57433232774519,5.746012
-73.99808740555514,40.57433232774519,5.8260164
-73.99493130791826,40.57433232774519,6.0238132
-73.99177521028139,40.57433232774519,6.0238132
-73.9886191126445,40.57433232774519,6.129112
-73.98546301500762,40.57433232774519,6.1484985
-73.98230691737074,40.57433232774519,6.0548615
-73.97915081973386,40.57433232774519,5.9552975
-73.97599472209697,40.57433232774519,5.9175816
-73.9728386244601,40.57433232774519,5.921095
-73.96968252682322,40.57433232774519,5.915605
-73.96652642918633,40.57433232774519,5.8892493
-73.96337033154946,40.57433232774519,5.8892493
-73.96021423391257,40.57433232774519,5.87652
-73.95705813627569,40.57433232774519,5.877081
-73.9539020386388,40.57433232774519,5.844341
-73.95074594100193,40.57433232774519,5.7905707
-73.94758984336505,40.57433232774519,5.6868157
-73.94443374572816,40.57433232774519,5.6620297
-73.94127764809129,40.57433232774519,5.562377
-73.9381215504544,40.57433232774519,5.5381994
-73.93496545281752,40.57433232774519,5.5381994
-73.93180935518063,40.57433232774519,5.5228586
-73.86553130480614,40.57433232774519,5.251903
-73.86237520716925,40.57433232774519,5.24844
-73.85921910953238,40.57433232774519,5.256355
-73.85606301189549,40.57433232774519,5.256279
-73.85290691425861,40.57433232774519,5.2543
-73.84975081662172,40.57433232774519,5.262575
-73.84659471898485,40.57433232774519,5.262575
-73.84343862134797,40.57433232774519,5.2908473
-73.84028252371108,40.57433232774519,5.2993116
-73.8371264260742,40.57433232774519,5.295399
-74.20954594722619,40.57117623010831,5.773594
-74.2063898495893,40.57117623010831,5.776052
-74.20323375195242,40.57117623010831,5.774453
-74.20007765431555,40.57117623010831,5.773003
-74.19692155667866,40.57117623010831,5.773003
-74.19376545904178,40.57117623010831,5.7723956
-74.1906093614049,40.57117623010831,5.784145
-74.18745326376802,40.57117623010831,5.7778106
-74.18429716613113,40.57117623010831,5.7754683
-74.18114106849426,40.57117623010831,5.773555
-74.17798497085738,40.57117623010831,5.7786217
-74.17482887322049,40.57117623010831,5.776159
-74.17167277558362,40.57117623010831,5.786287
-74.16851667794673,40.57117623010831,5.7880187
-74.16536058030985,40.57117623010831,5.7880187
-74.16220448267298,40.57117623010831,5.784886
-74.15904838503609,40.57117623010831,5.777759
-74.15589228739921,40.57117623010831,5.7664943
-74.15273618976232,40.57117623010831,5.753681
-74.14958009212545,40.57117623010831,5.7513947
-74.14642399448856,40.57117623010831,5.7540383
-74.14326789685168,40.57117623010831,5.754991
-74.14011179921481,40.57117623010831,5.7627854
-74.13695570157792,40.57117623010831,5.7627854
-74.13379960394104,40.57117623010831,5.776704
-74.13064350630415,40.57117623010831,5.7963634
-74.12748740866728,40.57117623010831,5.8215604
-74.12433131103039,40.57117623010831,5.8530946
-74.12117521339351,40.57117623010831,5.890708
-74.11801911575664,40.57117623010831,5.914465
-74.11486301811975,40.57117623010831,5.9411936
-74.11170692048287,40.57117623010831,5.9507003
-74.10855082284598,40.57117623010831,5.9507003
-74.10539472520911,40.57117623010831,5.960453
-74.10223862757222,40.57117623010831,5.9272184
-74.09908252993534,40.57117623010831,5.878425
-74.09592643229847,40.57117623010831,5.8348575
-74.09277033466158,40.57117623010831,5.772396
-74.0896142370247,40.57117623010831,5.756181
-74.08645813938782,40.57117623010831,5.750115
-74.08330204175094,40.57117623010831,5.746045
-74.08014594411405,40.57117623010831,5.746045
-74.0075556984658,40.57117623010831,5.6806645
-74.0043996008289,40.57117623010831,5.695843
-74.00124350319203,40.57117623010831,5.7317457
-73.99808740555514,40.57117623010831,5.781118
-73.99493130791826,40.57117623010831,5.8589754
-73.99177521028139,40.57117623010831,5.8589754
-73.9886191126445,40.57117623010831,5.9658775
-73.98546301500762,40.57117623010831,5.9746466
-73.98230691737074,40.57117623010831,5.9327765
-73.97915081973386,40.57117623010831,5.901103
-73.97599472209697,40.57117623010831,5.8747387
-73.9728386244601,40.57117623010831,5.877099
-73.96968252682322,40.57117623010831,5.83701
-73.96652642918633,40.57117623010831,5.881519
-73.96337033154946,40.57117623010831,5.881519
-73.95705813627569,40.57117623010831,5.8678036
-73.87184350007989,40.57117623010831,5.2538447
-73.86868740244302,40.57117623010831,5.25089
-73.86553130480614,40.57117623010831,5.244326
-73.86237520716925,40.57117623010831,5.238708
-73.85921910953238,40.57117623010831,5.2376647
-73.85606301189549,40.57117623010831,5.2436953
-73.85290691425861,40.57117623010831,5.245187
-73.84975081662172,40.57117623010831,5.249856
-73.84659471898485,40.57117623010831,5.249856
-73.84343862134797,40.57117623010831,5.275301
-74.20954594722619,40.568020132471425,5.7546515
-74.2063898495893,40.568020132471425,5.7531214
-74.20323375195242,40.568020132471425,5.759451
-74.20007765431555,40.568020132471425,5.7590075
-74.19692155667866,40.568020132471425,5.7590075
-74.19376545904178,40.568020132471425,5.7644367
-74.1906093614049,40.568020132471425,5.765678
-74.18745326376802,40.568020132471425,5.7619395
-74.18429716613113,40.568020132471425,5.7588887
-74.18114106849426,40.568020132471425,5.7571235
-74.17798497085738,40.568020132471425,5.7549825
-74.17482887322049,40.568020132471425,5.778398
-74.17167277558362,40.568020132471425,5.780996
-74.16851667794673,40.568020132471425,5.7808805
-74.16536058030985,40.568020132471425,5.7808805
-74.16220448267298,40.568020132471425,5.767021
-74.15904838503609,40.568020132471425,5.7435255
-74.15589228739921,40.568020132471425,5.7294307
-74.15273618976232,40.568020132471425,5.7268443
-74.14958009212545,40.568020132471425,5.72576
-74.14642399448856,40.568020132471425,5.7254257
-74.14326789685168,40.568020132471425,5.74531
-74.14011179921481,40.568020132471425,5.757581
-74.13695570157792,40.568020132471425,5.757581
-74.13379960394104,40.568020132471425,5.7621517
-74.13064350630415,40.568020132471425,5.7677026
-74.12748740866728,40.568020132471425,5.771592
-74.12433131103039,40.568020132471425,5.7949224
-74.12117521339351,40.568020132471425,5.8503566
-74.11801911575664,40.568020132471425,5.862902
-74.11486301811975,40.568020132471425,5.8553743
-74.11170692048287,40.568020132471425,5.8672695
-74.10855082284598,40.568020132471425,5.8672695
-74.10539472520911,40.568020132471425,5.839651
-74.10223862757222,40.568020132471425,5.8231554
-74.09908252993534,40.568020132471425,5.7864013
-74.09592643229847,40.568020132471425,5.758253
-74.09277033466158,40.568020132471425,5.746125
-74.0896142370247,40.568020132471425,5.730573
-74.04858496774524,40.568020132471425,5.735266
-73.8876239882643,40.568020132471425,5.303005
-73.88446789062742,40.568020132471425,5.291384
-73.88131179299054,40.568020132471425,5.2763553
-73.87815569535366,40.568020132471425,5.2763553
-73.87499959771678,40.568020132471425,5.2653637
-73.87184350007989,40.568020132471425,5.254651
-73.86868740244302,40.568020132471425,5.245793
-73.86553130480614,40.568020132471425,5.2378216
-73.86237520716925,40.568020132471425,5.2307253
-73.85921910953238,40.568020132471425,5.226966
-73.85606301189549,40.568020132471425,5.2271585
-73.85290691425861,40.568020132471425,5.24006
-74.21270204486306,40.56486403483454,5.7562304
-74.20954594722619,40.56486403483454,5.7479014
-74.2063898495893,40.56486403483454,5.74701
-74.20323375195242,40.56486403483454,5.750834
-74.20007765431555,40.56486403483454,5.748008
-74.19692155667866,40.56486403483454,5.748008
-74.19376545904178,40.56486403483454,5.7534614
-74.1906093614049,40.56486403483454,5.7547693
-74.18745326376802,40.56486403483454,5.7524133
-74.18429716613113,40.56486403483454,5.7477536
-74.18114106849426,40.56486403483454,5.747724
-74.17798497085738,40.56486403483454,5.7710104
-74.17482887322049,40.56486403483454,5.7807207
-74.17167277558362,40.56486403483454,5.7733073
-74.16851667794673,40.56486403483454,5.77298
-74.16536058030985,40.56486403483454,5.77298
-74.16220448267298,40.56486403483454,5.7689157
-74.15904838503609,40.56486403483454,5.75736
-74.15589228739921,40.56486403483454,5.7312937
-74.15273618976232,40.56486403483454,5.718689
-74.14958009212545,40.56486403483454,5.716761
-74.14642399448856,40.56486403483454,5.719701
-74.14326789685168,40.56486403483454,5.7327614
-74.14011179921481,40.56486403483454,5.7442317
-74.13695570157792,40.56486403483454,5.7442317
-74.13379960394104,40.56486403483454,5.7482624
-74.13064350630415,40.56486403483454,5.743797
-74.12748740866728,40.56486403483454,5.743142
-74.12433131103039,40.56486403483454,5.750187
-74.12117521339351,40.56486403483454,5.7564006
-74.11801911575664,40.56486403483454,5.788082
-74.11486301811975,40.56486403483454,5.7877536
-74.11170692048287,40.56486403483454,5.7955627
-74.10855082284598,40.56486403483454,5.7955627
-74.10539472520911,40.56486403483454,5.7841787
-74.10223862757222,40.56486403483454,5.757232
-74.09908252993534,40.56486403483454,5.733124
-74.09592643229847,40.56486403483454,5.7344484
-74.09277033466158,40.56486403483454,5.7304616
-74.04858496774524,40.56486403483454,5.726744
-73.91602886699623,40.56486403483454,5.3364058
-73.91287276935935,40.56486403483454,5.329662
-73.90971667172246,40.56486403483454,5.3223886
-73.90656057408559,40.56486403483454,5.3223886
-73.90340447644871,40.56486403483454,5.3139424
-73.90024837881182,40.56486403483454,5.3117065
-73.89709228117495,40.56486403483454,5.314743
-73.89393618353806,40.56486403483454,5.3107395
-73.89078008590118,40.56486403483454,5.305505
-73.8876239882643,40.56486403483454,5.296828
-73.88446789062742,40.56486403483454,5.2864347
-73.88131179299054,40.56486403483454,5.2683353
-73.87815569535366,40.56486403483454,5.2562294
-73.87499959771678,40.56486403483454,5.2562294
-73.87184350007989,40.56486403483454,5.245622
-73.86868740244302,40.56486403483454,5.241053
-74.21270204486306,40.56170793719766,5.760635
-74.20954594722619,40.56170793719766,5.7510824
-74.2063898495893,40.56170793719766,5.749262
-74.20323375195242,40.56170793719766,5.742227
-74.20007765431555,40.56170793719766,5.7408166
-74.19692155667866,40.56170793719766,5.7408166
-74.19376545904178,40.56170793719766,5.7495117
-74.1906093614049,40.56170793719766,5.756027
-74.18745326376802,40.56170793719766,5.7444005
-74.18429716613113,40.56170793719766,5.737335
-74.18114106849426,40.56170793719766,5.73955
-74.17798497085738,40.56170793719766,5.7630644
-74.17482887322049,40.56170793719766,5.770173
-74.17167277558362,40.56170793719766,5.7612486
-74.16851667794673,40.56170793719766,5.7611504
-74.16536058030985,40.56170793719766,5.7611504
-74.16220448267298,40.56170793719766,5.759236
-74.15904838503609,40.56170793719766,5.7561636
-74.15589228739921,40.56170793719766,5.7274675
-74.15273618976232,40.56170793719766,5.7209463
-74.14958009212545,40.56170793719766,5.7202916
-74.14642399448856,40.56170793719766,5.7222133
-74.14326789685168,40.56170793719766,5.728142
-74.14011179921481,40.56170793719766,5.728239
-74.13695570157792,40.56170793719766,5.728239
-74.13379960394104,40.56170793719766,5.729518
-74.13064350630415,40.56170793719766,5.729314
-74.12748740866728,40.56170793719766,5.727067
-74.12433131103039,40.56170793719766,5.726089
-74.12117521339351,40.56170793719766,5.7154613
-74.11801911575664,40.56170793719766,5.7241936
-74.11486301811975,40.56170793719766,5.72616
-74.11170692048287,40.56170793719766,5.7379465
-74.10855082284598,40.56170793719766,5.7379465
-74.10539472520911,40.56170793719766,5.73376
-74.10223862757222,40.56170793719766,5.7158923
-74.09908252993534,40.56170793719766,5.699282
-74.09592643229847,40.56170793719766,5.699609
-73.92549715990688,40.56170793719766,5.351447
-73.92234106227,40.56170793719766,5.3454413
-73.91918496463312,40.56170793719766,5.3383217
-73.91602886699623,40.56170793719766,5.3310823
-73.91287276935935,40.56170793719766,5.323711
-73.90971667172246,40.56170793719766,5.3156023
-73.90656057408559,40.56170793719766,5.3156023
-73.90340447644871,40.56170793719766,5.30799
-73.90024837881182,40.56170793719766,5.3087792
-73.89709228117495,40.56170793719766,5.3054295
-73.89393618353806,40.56170793719766,5.3016777
-73.89078008590118,40.56170793719766,5.2966356
-73.8876239882643,40.56170793719766,5.2893705
-73.88446789062742,40.56170793719766,5.28023
-73.88131179299054,40.56170793719766,5.263111
-73.87815569535366,40.56170793719766,5.2589297
-73.87499959771678,40.56170793719766,5.2589297
-74.21270204486306,40.55855183956078,5.7670574
-74.20954594722619,40.55855183956078,5.771434
-74.2063898495893,40.55855183956078,5.7589946
-74.20323375195242,40.55855183956078,5.743513
-74.20007765431555,40.55855183956078,5.753811
-74.19692155667866,40.55855183956078,5.753811
-74.19376545904178,40.55855183956078,5.7418
-74.1906093614049,40.55855183956078,5.7453322
-74.18745326376802,40.55855183956078,5.744384
-74.18429716613113,40.55855183956078,5.7366986
-74.18114106849426,40.55855183956078,5.721366
-74.17798497085738,40.55855183956078,5.7493525
-74.17482887322049,40.55855183956078,5.749241
-74.17167277558362,40.55855183956078,5.7478724
-74.16851667794673,40.55855183956078,5.748396
-74.16536058030985,40.55855183956078,5.748396
-74.16220448267298,40.55855183956078,5.751166
-74.15904838503609,40.55855183956078,5.7529097
-74.15589228739921,40.55855183956078,5.7558017
-74.15273618976232,40.55855183956078,5.7582626
-74.14958009212545,40.55855183956078,5.7506676
-74.14642399448856,40.55855183956078,5.7461495
-74.14326789685168,40.55855183956078,5.7249327
-74.14011179921481,40.55855183956078,5.7165446
-74.13695570157792,40.55855183956078,5.7165446
-74.13379960394104,40.55855183956078,5.719432
-74.13064350630415,40.55855183956078,5.712637
-74.12748740866728,40.55855183956078,5.7107472
-74.12433131103039,40.55855183956078,5.7039857
-74.12117521339351,40.55855183956078,5.689716
-74.11801911575664,40.55855183956078,5.67826
-74.11486301811975,40.55855183956078,5.684312
-74.11170692048287,40.55855183956078,5.688114
-74.10855082284598,40.55855183956078,5.688114
-74.10539472520911,40.55855183956078,5.6909504
-74.10223862757222,40.55855183956078,5.68202
-74.09908252993534,40.55855183956078,5.681735
-73.92865325754376,40.55855183956078,5.35169
-73.92549715990688,40.55855183956078,5.3458405
-73.92234106227,40.55855183956078,5.3393803
-73.91918496463312,40.55855183956078,5.331282
-73.91602886699623,40.55855183956078,5.3230677
-73.91287276935935,40.55855183956078,5.314654
-73.90971667172246,40.55855183956078,5.306898
-73.90656057408559,40.55855183956078,5.306898
-73.90340447644871,40.55855183956078,5.2999625
-73.90024837881182,40.55855183956078,5.2944984
-73.89709228117495,40.55855183956078,5.2961493
-73.89393618353806,40.55855183956078,5.2924795
-73.89078008590118,40.55855183956078,5.2888727
-73.8876239882643,40.55855183956078,5.287112
-74.23163863068436,40.5553957419239,6.0937753
-74.22848253304747,40.5553957419239,5.85805
-74.2253264354106,40.5553957419239,5.85805
-74.22217033777372,40.5553957419239,5.8563166
-74.21901424013683,40.5553957419239,5.829796
-74.21585814249995,40.5553957419239,5.794057
-74.21270204486306,40.5553957419239,5.775596
-74.20954594722619,40.5553957419239,5.7661834
-74.2063898495893,40.5553957419239,5.7513595
-74.20323375195242,40.5553957419239,5.7523317
-74.20007765431555,40.5553957419239,5.7404637
-74.19692155667866,40.5553957419239,5.7404637
-74.19376545904178,40.5553957419239,5.739679
-74.1906093614049,40.5553957419239,5.72632
-74.18745326376802,40.5553957419239,5.7227497
-74.18429716613113,40.5553957419239,5.7113376
-74.18114106849426,40.5553957419239,5.700104
-74.17798497085738,40.5553957419239,5.7241673
-74.17482887322049,40.5553957419239,5.734384
-74.17167277558362,40.5553957419239,5.736075
-74.16851667794673,40.5553957419239,5.738365
-74.16536058030985,40.5553957419239,5.738365
-74.16220448267298,40.5553957419239,5.748094
-74.15904838503609,40.5553957419239,5.7897325
-74.15589228739921,40.5553957419239,5.8029013
-74.15273618976232,40.5553957419239,5.7939596
-74.14958009212545,40.5553957419239,5.7894797
-74.14642399448856,40.5553957419239,5.7839656
-74.14326789685168,40.5553957419239,5.739556
-74.14011179921481,40.5553957419239,5.7067757
-74.13695570157792,40.5553957419239,5.7067757
-74.13379960394104,40.5553957419239,5.6956544
-74.13064350630415,40.5553957419239,5.688125
-74.12748740866728,40.5553957419239,5.689241
-74.12433131103039,40.5553957419239,5.665778
-74.12117521339351,40.5553957419239,5.656517
-74.11801911575664,40.5553957419239,5.6528554
-74.11486301811975,40.5553957419239,5.655974
-74.11170692048287,40.5553957419239,5.656006
-74.10855082284598,40.5553957419239,5.656006
-74.10539472520911,40.5553957419239,5.6552773
-74.10223862757222,40.5553957419239,5.6558304
-73.94127764809129,40.5553957419239,5.351172
-73.9381215504544,40.5553957419239,5.3557715
-73.93496545281752,40.5553957419239,5.3557715
-73.93180935518063,40.5553957419239,5.35108
-73.92865325754376,40.5553957419239,5.344921
-73.92549715990688,40.5553957419239,5.337967
-73.92234106227,40.5553957419239,5.329684
-73.91918496463312,40.5553957419239,5.321369
-73.91602886699623,40.5553957419239,5.313955
-73.91287276935935,40.5553957419239,5.306993
-73.90971667172246,40.5553957419239,5.300094
-73.90656057408559,40.5553957419239,5.300094
-73.90340447644871,40.5553957419239,5.293816
-73.90024837881182,40.5553957419239,5.287845
-73.89709228117495,40.5553957419239,5.2910433
-73.89393618353806,40.5553957419239,5.290096
-74.23795082595812,40.55223964428702,6.023832
-74.23479472832123,40.55223964428702,6.014746
-74.23163863068436,40.55223964428702,6.2305775
-74.22848253304747,40.55223964428702,6.2524776
-74.2253264354106,40.55223964428702,6.2524776
-74.22217033777372,40.55223964428702,6.2083144
-74.21901424013683,40.55223964428702,6.1650867
-74.21585814249995,40.55223964428702,5.813346
-74.21270204486306,40.55223964428702,5.778121
-74.20954594722619,40.55223964428702,5.75681
-74.2063898495893,40.55223964428702,5.746987
-74.20323375195242,40.55223964428702,5.737733
-74.20007765431555,40.55223964428702,5.728422
-74.19692155667866,40.55223964428702,5.728422
-74.19376545904178,40.55223964428702,5.720934
-74.1906093614049,40.55223964428702,5.7060623
-74.18745326376802,40.55223964428702,5.7000957
-74.18429716613113,40.55223964428702,5.6961045
-74.18114106849426,40.55223964428702,5.6893425
-74.17798497085738,40.55223964428702,5.69971
-74.17482887322049,40.55223964428702,5.7143297
-74.17167277558362,40.55223964428702,5.734232
-74.16851667794673,40.55223964428702,5.7569623
-74.16536058030985,40.55223964428702,5.7569623
-74.16220448267298,40.55223964428702,5.791762
-74.15904838503609,40.55223964428702,5.8296237
-74.15589228739921,40.55223964428702,5.820273
-74.15273618976232,40.55223964428702,5.7968373
-74.14958009212545,40.55223964428702,5.7860785
-74.14642399448856,40.55223964428702,5.7799478
-74.14326789685168,40.55223964428702,5.766525
-74.14011179921481,40.55223964428702,5.6945877
-74.13695570157792,40.55223964428702,5.6945877
-74.13379960394104,40.55223964428702,5.6723104
-74.13064350630415,40.55223964428702,5.662252
-74.12748740866728,40.55223964428702,5.649979
-74.12433131103039,40.55223964428702,5.6431866
-74.12117521339351,40.55223964428702,5.6374254
-74.11801911575664,40.55223964428702,5.634695
-74.11486301811975,40.55223964428702,5.6333685
-74.11170692048287,40.55223964428702,5.6335816
-74.10855082284598,40.55223964428702,5.6335816
-74.10539472520911,40.55223964428702,5.638415
-73.94127764809129,40.55223964428702,5.3526464
-73.9381215504544,40.55223964428702,5.348866
-73.93496545281752,40.55223964428702,5.348866
-73.93180935518063,40.55223964428702,5.3435345
-73.92865325754376,40.55223964428702,5.3356237
-73.92549715990688,40.55223964428702,5.3273726
-73.92234106227,40.55223964428702,5.3199263
-73.91918496463312,40.55223964428702,5.3134418
-73.91602886699623,40.55223964428702,5.3073025
-73.91287276935935,40.55223964428702,5.3054247
-74.24426302123189,40.54908354665014,5.831132
-74.241106923595,40.54908354665014,5.7467012
-74.23795082595812,40.54908354665014,5.961165
-74.23479472832123,40.54908354665014,5.9947166
-74.23163863068436,40.54908354665014,6.225553
-74.22848253304747,40.54908354665014,6.2442317
-74.2253264354106,40.54908354665014,6.2442317
-74.22217033777372,40.54908354665014,6.239932
-74.21901424013683,40.54908354665014,6.1736975
-74.21585814249995,40.54908354665014,5.8120384
-74.21270204486306,40.54908354665014,5.769579
-74.20954594722619,40.54908354665014,5.741514
-74.2063898495893,40.54908354665014,5.712413
-74.20323375195242,40.54908354665014,5.7174478
-74.20007765431555,40.54908354665014,5.710861
-74.19692155667866,40.54908354665014,5.710861
-74.19376545904178,40.54908354665014,5.6927915
-74.1906093614049,40.54908354665014,5.677425
-74.18745326376802,40.54908354665014,5.6749873
-74.18429716613113,40.54908354665014,5.68377
-74.18114106849426,40.54908354665014,5.684469
-74.17798497085738,40.54908354665014,5.6850023
-74.17482887322049,40.54908354665014,5.723779
-74.17167277558362,40.54908354665014,5.747213
-74.16851667794673,40.54908354665014,5.7553697
-74.16536058030985,40.54908354665014,5.7553697
-74.16220448267298,40.54908354665014,5.769387
-74.15904838503609,40.54908354665014,5.8444786
-74.15589228739921,40.54908354665014,5.8519754
-74.15273618976232,40.54908354665014,5.843822
-74.14958009212545,40.54908354665014,5.841117
-74.14642399448856,40.54908354665014,5.8101797
-74.14326789685168,40.54908354665014,5.78429
-74.14011179921481,40.54908354665014,5.6900563
-74.13695570157792,40.54908354665014,5.6900563
-74.13379960394104,40.54908354665014,5.6559353
-74.13064350630415,40.54908354665014,5.6313434
-74.12748740866728,40.54908354665014,5.6172767
-74.12433131103039,40.54908354665014,5.613009
-74.12117521339351,40.54908354665014,5.6111403
-74.11801911575664,40.54908354665014,5.610084
-74.11486301811975,40.54908354665014,5.6097374
-73.94127764809129,40.54908354665014,5.3348675
-73.9381215504544,40.54908354665014,5.3300166
-73.93496545281752,40.54908354665014,5.3300166
-73.93180935518063,40.54908354665014,5.324443
-73.92865325754376,40.54908354665014,5.318566
-73.92549715990688,40.54908354665014,5.3131413
-74.24741911886876,40.545927449013256,5.8361735
-74.24426302123189,40.545927449013256,5.8336945
-74.241106923595,40.545927449013256,5.843803
-74.23795082595812,40.545927449013256,5.952539
-74.23479472832123,40.545927449013256,6.025285
-74.23163863068436,40.545927449013256,6.1974683
-74.22848253304747,40.545927449013256,6.1916175
-74.2253264354106,40.545927449013256,6.1916175
-74.22217033777372,40.545927449013256,6.1337614
-74.21901424013683,40.545927449013256,6.1078577
-74.21585814249995,40.545927449013256,5.7556095
-74.21270204486306,40.545927449013256,5.722348
-74.20954594722619,40.545927449013256,5.700351
-74.2063898495893,40.545927449013256,5.6953087
-74.20323375195242,40.545927449013256,5.6855636
-74.20007765431555,40.545927449013256,5.6920724
-74.19692155667866,40.545927449013256,5.6920724
-74.19376545904178,40.545927449013256,5.6690254
-74.1906093614049,40.545927449013256,5.664505
-74.18745326376802,40.545927449013256,5.665548
-74.18429716613113,40.545927449013256,5.675319
-74.18114106849426,40.545927449013256,5.6732783
-74.17798497085738,40.545927449013256,5.679562
-74.17482887322049,40.545927449013256,5.7276115
-74.17167277558362,40.545927449013256,5.7597384
-74.16851667794673,40.545927449013256,5.753665
-74.16536058030985,40.545927449013256,5.753665
-74.16220448267298,40.545927449013256,5.7524257
-74.15904838503609,40.545927449013256,5.8083224
-74.15589228739921,40.545927449013256,5.884814
-74.15273618976232,40.545927449013256,5.878508
-74.14958009212545,40.545927449013256,5.8491735
-74.14642399448856,40.545927449013256,5.814899
-74.14326789685168,40.545927449013256,5.772521
-74.14011179921481,40.545927449013256,5.6869025
-74.13695570157792,40.545927449013256,5.6869025
-74.13379960394104,40.545927449013256,5.661903
-74.13064350630415,40.545927449013256,5.622672
-74.12748740866728,40.545927449013256,5.604931
-74.12433131103039,40.545927449013256,5.601617
-74.12117521339351,40.545927449013256,5.6003428
-73.94127764809129,40.545927449013256,5.3271613
-73.9381215504544,40.545927449013256,5.32265
-73.93496545281752,40.545927449013256,5.32265
-73.93180935518063,40.545927449013256,5.317853
-73.92865325754376,40.545927449013256,5.319507
-74.24741911886876,40.54277135137637,5.8298845
-74.24426302123189,40.54277135137637,5.88353
-74.241106923595,40.54277135137637,5.9615593
-74.23795082595812,40.54277135137637,5.9869857
-74.23479472832123,40.54277135137637,5.937137
-74.23163863068436,40.54277135137637,5.97496
-74.22848253304747,40.54277135137637,5.766161
-74.2253264354106,40.54277135137637,5.766161
-74.22217033777372,40.54277135137637,5.7387896
-74.21901424013683,40.54277135137637,5.7068543
-74.21585814249995,40.54277135137637,5.6922913
-74.21270204486306,40.54277135137637,5.6693296
-74.20954594722619,40.54277135137637,5.6654186
-74.2063898495893,40.54277135137637,5.6622524
-74.20323375195242,40.54277135137637,5.6644735
-74.20007765431555,40.54277135137637,5.6621404
-74.19692155667866,40.54277135137637,5.6621404
-74.19376545904178,40.54277135137637,5.6543527
-74.1906093614049,40.54277135137637,5.6436095
-74.18745326376802,40.54277135137637,5.6594224
-74.18429716613113,40.54277135137637,5.662949
-74.18114106849426,40.54277135137637,5.661453
-74.17798497085738,40.54277135137637,5.67087
-74.17482887322049,40.54277135137637,5.715721
-74.17167277558362,40.54277135137637,5.742462
-74.16851667794673,40.54277135137637,5.742462
-74.16536058030985,40.54277135137637,5.750623
-74.16220448267298,40.54277135137637,5.7329926
-74.15904838503609,40.54277135137637,5.7612185
-74.15589228739921,40.54277135137637,5.8472714
-74.15273618976232,40.54277135137637,5.8494544
-74.14958009212545,40.54277135137637,5.8157144
-74.14642399448856,40.54277135137637,5.762139
-74.14326789685168,40.54277135137637,5.711959
-74.14011179921481,40.54277135137637,5.711872
-74.13695570157792,40.54277135137637,5.711872
-74.12748740866728,40.54277135137637,5.5922437
-74.12433131103039,40.54277135137637,5.590593
-73.94127764809129,40.54277135137637,5.32045
-74.24426302123189,40.53961525373949,5.8999634
-74.241106923595,40.53961525373949,5.983899
-74.23795082595812,40.53961525373949,5.986545
-74.23479472832123,40.53961525373949,5.9827785
-74.23163863068436,40.53961525373949,5.901702
-74.22848253304747,40.53961525373949,5.7765555
-74.2253264354106,40.53961525373949,5.7765555
-74.22217033777372,40.53961525373949,5.672571
-74.21901424013683,40.53961525373949,5.6493664
-74.21585814249995,40.53961525373949,5.6545234
-74.21270204486306,40.53961525373949,5.6526074
-74.20954594722619,40.53961525373949,5.6502857
-74.2063898495893,40.53961525373949,5.652783
-74.20323375195242,40.53961525373949,5.652309
-74.20007765431555,40.53961525373949,5.671757
-74.19692155667866,40.53961525373949,5.671757
-74.19376545904178,40.53961525373949,5.6568313
-74.1906093614049,40.53961525373949,5.6547976
-74.18745326376802,40.53961525373949,5.6752086
-74.18429716613113,40.53961525373949,5.656137
-74.18114106849426,40.53961525373949,5.65015
-74.17798497085738,40.53961525373949,5.650856
-74.17482887322049,40.53961525373949,5.6932325
-74.17167277558362,40.53961525373949,5.7117624
-74.16851667794673,40.53961525373949,5.7117624
-74.16536058030985,40.53961525373949,5.7291875
-74.16220448267298,40.53961525373949,5.7163897
-74.15904838503609,40.53961525373949,5.7517376
-74.15589228739921,40.53961525373949,5.7751346
-74.15273618976232,40.53961525373949,5.7494707
-74.14958009212545,40.53961525373949,5.709061
-74.14642399448856,40.53961525373949,5.700487
-74.14326789685168,40.53961525373949,5.6936555
-74.13064350630415,40.53961525373949,5.584709
-74.12748740866728,40.53961525373949,5.5792613
-74.24426302123189,40.53645915610261,5.890979
-74.241106923595,40.53645915610261,5.9715953
-74.23795082595812,40.53645915610261,5.974775
-74.23479472832123,40.53645915610261,5.9455924
-74.23163863068436,40.53645915610261,5.8928323
-74.22848253304747,40.53645915610261,5.759411
-74.2253264354106,40.53645915610261,5.759411
-74.22217033777372,40.53645915610261,5.647494
-74.21901424013683,40.53645915610261,5.634972
-74.21585814249995,40.53645915610261,5.6320763
-74.21270204486306,40.53645915610261,5.6391783
-74.20954594722619,40.53645915610261,5.637561
-74.2063898495893,40.53645915610261,5.641438
-74.20323375195242,40.53645915610261,5.652571
-74.20007765431555,40.53645915610261,5.6600523
-74.19692155667866,40.53645915610261,5.6600523
-74.19376545904178,40.53645915610261,5.646588
-74.1906093614049,40.53645915610261,5.644591
-74.18745326376802,40.53645915610261,5.6591587
-74.18429716613113,40.53645915610261,5.664232
-74.18114106849426,40.53645915610261,5.641625
-74.17798497085738,40.53645915610261,5.6367784
-74.17482887322049,40.53645915610261,5.6463723
-74.17167277558362,40.53645915610261,5.680274
-74.16851667794673,40.53645915610261,5.680274
-74.16536058030985,40.53645915610261,5.6969075
-74.16220448267298,40.53645915610261,5.694323
-74.15904838503609,40.53645915610261,5.7179284
-74.15589228739921,40.53645915610261,5.7074327
-74.15273618976232,40.53645915610261,5.6727486
-74.14958009212545,40.53645915610261,5.673292
-74.14642399448856,40.53645915610261,5.677811
-74.14326789685168,40.53645915610261,5.6682553
-74.13379960394104,40.53645915610261,5.5807595
-74.13064350630415,40.53645915610261,5.567888
-74.12748740866728,40.53645915610261,5.5670204
-74.241106923595,40.533303058465734,5.945153
-74.23795082595812,40.533303058465734,5.968026
-74.23479472832123,40.533303058465734,5.9361625
-74.23163863068436,40.533303058465734,5.7878723
-74.22848253304747,40.533303058465734,5.7502155
-74.2253264354106,40.533303058465734,5.7502155
-74.22217033777372,40.533303058465734,5.6329927
-74.21901424013683,40.533303058465734,5.625451
-74.21585814249995,40.533303058465734,5.6176624
-74.21270204486306,40.533303058465734,5.6199846
-74.20954594722619,40.533303058465734,5.629519
-74.2063898495893,40.533303058465734,5.630067
-74.20323375195242,40.533303058465734,5.6504517
-74.20007765431555,40.533303058465734,5.645229
-74.19692155667866,40.533303058465734,5.645229
-74.19376545904178,40.533303058465734,5.637605
-74.1906093614049,40.533303058465734,5.6344447
-74.18745326376802,40.533303058465734,5.633831
-74.18429716613113,40.533303058465734,5.6549087
-74.18114106849426,40.533303058465734,5.6408105
-74.17798497085738,40.533303058465734,5.6260314
-74.17482887322049,40.533303058465734,5.621661
-74.17167277558362,40.533303058465734,5.6454043
-74.16851667794673,40.533303058465734,5.6454043
-74.16536058030985,40.533303058465734,5.6275887
-74.16220448267298,40.533303058465734,5.628943
-74.15904838503609,40.533303058465734,5.640658
-74.15589228739921,40.533303058465734,5.643327
-74.15273618976232,40.533303058465734,5.646472
-74.14958009212545,40.533303058465734,5.649254
-74.14642399448856,40.533303058465734,5.6521916
-74.14326789685168,40.533303058465734,5.62121
-74.14011179921481,40.533303058465734,5.5863442
-74.13695570157792,40.533303058465734,5.5863442
-74.13379960394104,40.533303058465734,5.562656
-74.13064350630415,40.533303058465734,5.5584526
-74.241106923595,40.53014696082885,5.8178635
-74.23795082595812,40.53014696082885,5.8213706
-74.23479472832123,40.53014696082885,5.8117137
-74.23163863068436,40.53014696082885,5.722212
-74.22848253304747,40.53014696082885,5.65685
-74.2253264354106,40.53014696082885,5.65685
-74.22217033777372,40.53014696082885,5.635007
-74.21901424013683,40.53014696082885,5.6325483
-74.21585814249995,40.53014696082885,5.6233935
-74.21270204486306,40.53014696082885,5.617786
-74.20954594722619,40.53014696082885,5.6103625
-74.2063898495893,40.53014696082885,5.6015425
-74.20323375195242,40.53014696082885,5.625467
-74.20007765431555,40.53014696082885,5.6257024
-74.19692155667866,40.53014696082885,5.6257024
-74.19376545904178,40.53014696082885,5.6237316
-74.1906093614049,40.53014696082885,5.619891
-74.18745326376802,40.53014696082885,5.607171
-74.18429716613113,40.53014696082885,5.6020784
-74.18114106849426,40.53014696082885,5.5759754
-74.17798497085738,40.53014696082885,5.5691814
-74.17482887322049,40.53014696082885,5.57572
-74.17167277558362,40.53014696082885,5.5787272
-74.16851667794673,40.53014696082885,5.5787272
-74.16536058030985,40.53014696082885,5.5764203
-74.16220448267298,40.53014696082885,5.5711064
-74.15904838503609,40.53014696082885,5.572027
-74.15589228739921,40.53014696082885,5.578849
-74.14011179921481,40.53014696082885,5.571718
-74.13695570157792,40.53014696082885,5.571718
-74.13379960394104,40.53014696082885,5.564733
-74.24426302123189,40.52699086319197,6.0404634
-74.241106923595,40.52699086319197,5.837178
-74.23795082595812,40.52699086319197,5.8713818
-74.23479472832123,40.52699086319197,5.8583016
-74.23163863068436,40.52699086319197,5.8015394
-74.22848253304747,40.52699086319197,5.687438
-74.2253264354106,40.52699086319197,5.687438
-74.22217033777372,40.52699086319197,5.651965
-74.21901424013683,40.52699086319197,5.710499
-74.21585814249995,40.52699086319197,5.691209
-74.21270204486306,40.52699086319197,5.615749
-74.20954594722619,40.52699086319197,5.610253
-74.2063898495893,40.52699086319197,5.594663
-74.20323375195242,40.52699086319197,5.5879645
-74.20007765431555,40.52699086319197,5.6048875
-74.19692155667866,40.52699086319197,5.6048875
-74.19376545904178,40.52699086319197,5.605669
-74.1906093614049,40.52699086319197,5.602143
-74.18745326376802,40.52699086319197,5.592967
-74.18429716613113,40.52699086319197,5.584733
-74.18114106849426,40.52699086319197,5.558527
-74.17798497085738,40.52699086319197,5.554618
-74.17482887322049,40.52699086319197,5.5562196
-74.17167277558362,40.52699086319197,5.566417
-74.16851667794673,40.52699086319197,5.566417
-74.16536058030985,40.52699086319197,5.5657096
-74.16220448267298,40.52699086319197,5.5604367
-74.15904838503609,40.52699086319197,5.573612
-74.241106923595,40.52383476555509,6.6244936
-74.23795082595812,40.52383476555509,6.6140866
-74.23479472832123,40.52383476555509,6.5671597
-74.23163863068436,40.52383476555509,6.5157423
-74.22848253304747,40.52383476555509,5.8163757
-74.2253264354106,40.52383476555509,5.8163757
-74.22217033777372,40.52383476555509,5.744715
-74.21901424013683,40.52383476555509,5.6932607
-74.21585814249995,40.52383476555509,5.6872497
-74.21270204486306,40.52383476555509,5.6838026
-74.20954594722619,40.52383476555509,5.604066
-74.2063898495893,40.52383476555509,5.5932117
-74.20323375195242,40.52383476555509,5.5792174
-74.20007765431555,40.52383476555509,5.5750093
-74.19692155667866,40.52383476555509,5.5750093
-74.19376545904178,40.52383476555509,5.5734396
-74.1906093614049,40.52383476555509,5.5740676
-74.18745326376802,40.52383476555509,5.556583
-74.18429716613113,40.52383476555509,5.551407
-74.18114106849426,40.52383476555509,5.5451384
-74.17798497085738,40.52383476555509,5.5426726
-74.17482887322049,40.52383476555509,5.5444064
-74.17167277558362,40.52383476555509,5.555381
-74.16851667794673,40.52383476555509,5.555381
-74.16536058030985,40.52383476555509,5.560686
-74.24426302123189,40.520678667918204,6.4626794
-74.241106923595,40.520678667918204,6.698964
-74.23795082595812,40.520678667918204,6.7141976
-74.23479472832123,40.520678667918204,6.6361876
-74.23163863068436,40.520678667918204,6.549648
-74.22848253304747,40.520678667918204,5.8335037
-74.2253264354106,40.520678667918204,5.8335037
-74.22217033777372,40.520678667918204,5.743476
-74.21901424013683,40.520678667918204,5.6855884
-74.21585814249995,40.520678667918204,5.677295
-74.21270204486306,40.520678667918204,5.669598
-74.20954594722619,40.520678667918204,5.593739
-74.2063898495893,40.520678667918204,5.5843835
-74.20323375195242,40.520678667918204,5.5692286
-74.20007765431555,40.520678667918204,5.5660405
-74.19692155667866,40.520678667918204,5.5660405
-74.19376545904178,40.520678667918204,5.5630994
-74.1906093614049,40.520678667918204,5.5549107
-74.18745326376802,40.520678667918204,5.5425444
-74.18429716613113,40.520678667918204,5.537174
-74.18114106849426,40.520678667918204,5.5343175
-74.17798497085738,40.520678667918204,5.5325217
-74.17482887322049,40.520678667918204,5.5427613
-74.24741911886876,40.51752257028132,6.212865
-74.24426302123189,40.51752257028132,6.282382
-74.241106923595,40.51752257028132,6.7256985
-74.23795082595812,40.51752257028132,6.713007
-74.23479472832123,40.51752257028132,6.628084
-74.23163863068436,40.51752257028132,6.5381784
-74.22848253304747,40.51752257028132,5.797921
-74.2253264354106,40.51752257028132,5.797921
-74.22217033777372,40.51752257028132,5.7035394
-74.21901424013683,40.51752257028132,5.6641974
-74.21585814249995,40.51752257028132,5.6619053
-74.21270204486306,40.51752257028132,5.65182
-74.20954594722619,40.51752257028132,5.5668344
-74.2063898495893,40.51752257028132,5.5616994
-74.20323375195242,40.51752257028132,5.554259
-74.20007765431555,40.51752257028132,5.5508456
-74.19692155667866,40.51752257028132,5.5508456
-74.19376545904178,40.51752257028132,5.5431657
-74.1906093614049,40.51752257028132,5.5356297
-74.18745326376802,40.51752257028132,5.5329447
-74.18429716613113,40.51752257028132,5.535071
-74.17798497085738,40.51752257028132,5.5362825
-74.25057521650564,40.51436647264444,5.8833904
-74.24741911886876,40.51436647264444,5.994822
-74.24426302123189,40.51436647264444,6.217053
-74.241106923595,40.51436647264444,6.6949
-74.23795082595812,40.51436647264444,6.6953673
-74.23479472832123,40.51436647264444,6.557098
-74.23163863068436,40.51436647264444,6.471058
-74.22848253304747,40.51436647264444,5.6604233
-74.2253264354106,40.51436647264444,5.6604233
-74.22217033777372,40.51436647264444,5.5968275
-74.21901424013683,40.51436647264444,5.643227
-74.21585814249995,40.51436647264444,5.6386056
-74.21270204486306,40.51436647264444,5.557198
-74.20954594722619,40.51436647264444,5.5437675
-74.2063898495893,40.51436647264444,5.535816
-74.20323375195242,40.51436647264444,5.532216
-74.20007765431555,40.51436647264444,5.529052
-74.19692155667866,40.51436647264444,5.529052
-74.19376545904178,40.51436647264444,5.525901
-74.1906093614049,40.51436647264444,5.523897
-74.18745326376802,40.51436647264444,5.5280886
-74.2568874117794,40.511210375007565,5.621432
-74.25373131414253,40.511210375007565,5.621432
-74.25057521650564,40.511210375007565,5.600186
-74.24741911886876,40.511210375007565,5.6120563
-74.24426302123189,40.511210375007565,5.615044
-74.241106923595,40.511210375007565,5.647493
-74.23795082595812,40.511210375007565,5.656648
-74.23479472832123,40.511210375007565,5.6296563
-74.23163863068436,40.511210375007565,5.6057897
-74.22848253304747,40.511210375007565,5.549216
-74.2253264354106,40.511210375007565,5.549216
-74.22217033777372,40.511210375007565,5.5245333
-74.21901424013683,40.511210375007565,5.5200295
-74.21585814249995,40.511210375007565,5.5115895
-74.21270204486306,40.511210375007565,5.5091553
-74.20954594722619,40.511210375007565,5.5168033
-74.20007765431555,40.511210375007565,5.517595
-74.19692155667866,40.511210375007565,5.517595
-74.19376545904178,40.511210375007565,5.5055485
-74.25373131414253,40.50805427737068,5.5707407
-74.25057521650564,40.50805427737068,5.581288
-74.24741911886876,40.50805427737068,5.5869846
-74.24426302123189,40.50805427737068,5.5816975
-74.241106923595,40.50805427737068,5.5725718
-74.23795082595812,40.50805427737068,5.5649385
-74.23479472832123,40.50805427737068,5.562163
-74.23163863068436,40.50805427737068,5.530027
-74.22848253304747,40.50805427737068,5.5165815
-74.2253264354106,40.50805427737068,5.5165815
-74.22217033777372,40.50805427737068,5.512047
-74.21901424013683,40.50805427737068,5.5084767
-74.21585814249995,40.50805427737068,5.505581
-74.21270204486306,40.50805427737068,5.498071
-74.25373131414253,40.5048981797338,5.535531
-74.25057521650564,40.5048981797338,5.546319
-74.24741911886876,40.5048981797338,5.5599146
-74.24426302123189,40.5048981797338,5.5532627
-74.241106923595,40.5048981797338,5.5491962
-74.23795082595812,40.5048981797338,5.5476074
-74.23479472832123,40.5048981797338,5.5294375
-74.23163863068436,40.5048981797338,5.5062
-74.22848253304747,40.5048981797338,5.5046616
-74.2253264354106,40.5048981797338,5.5046616
-74.22217033777372,40.5048981797338,5.5011396
-74.21901424013683,40.5048981797338,5.4982057
-74.21585814249995,40.5048981797338,5.4955263
-74.25373131414253,40.50174208209692,5.530697
-74.25057521650564,40.50174208209692,5.520059
-74.24741911886876,40.50174208209692,5.5247874
-74.24426302123189,40.50174208209692,5.518089
-74.241106923595,40.50174208209692,5.5170217
-74.23795082595812,40.50174208209692,5.4967833
-74.23479472832123,40.50174208209692,5.498675
-74.23163863068436,40.50174208209692,5.4951077
-74.22848253304747,40.50174208209692,5.4915853
-74.2253264354106,40.50174208209692,5.4915853
-74.22217033777372,40.50174208209692,5.48842
-74.21901424013683,40.50174208209692,5.4988613
-74.25057521650564,40.498585984460036,5.5000796
-74.24741911886876,40.498585984460036,5.4961405
-74.24426302123189,40.498585984460036,5.492336
-74.241106923595,40.498585984460036,5.4888005
-74.23795082595812,40.498585984460036,5.4854794
-74.24741911886876,40.49542988682315,5.4855103
-74.24426302123189,40.49542988682315,5.4977746
-74.241106923595,40.49542988682315,5.497342
