latitude,longitude
40.82466,-73.852806
40.66363,-73.849434
40.705246,-73.83398
40.757084,-73.835594
40.753643,-73.855125
40.70506,-73.8341
40.904922,-73.90666
40.79497,-73.94343
40.76124,-73.82771
40.811234,-73.85012
40.84057,-73.85886
40.84057,-73.85886
40.843784,-73.82162
40.893307,-73.90233
40.65378,-73.97401
40.58569,-73.95617
40.65066,-73.91172
40.72753,-73.99017
40.74852,-73.9734
40.765625,-73.977486
40.767174,-73.98508
40.756363,-73.964806
40.780834,-73.9107
40.764534,-73.86622
40.69605,-73.88851
40.750904,-73.78817
40.787476,-73.785805
40.730007,-73.79695
40.724297,-73.72864
40.768703,-73.730095
40.69522,-73.84195
40.706844,-73.76381
40.705173,-73.7587
40.70304,-73.72822
40.66683,-73.84851
40.686893,-73.79728
40.683743,-73.746445
40.68018,-73.75068
40.676723,-73.7481
40.543964,-74.15268
40.539856,-74.1666
40.673534,-73.98357
40.693516,-73.96857
40.701817,-73.986916
40.70981,-73.82895
40.691517,-73.9906
40.698486,-73.99188
40.687256,-73.97939
40.712513,-73.81207
40.61883,-74.0949
40.61185,-74.03496
40.599625,-73.93544
40.6929,-73.95467
40.575768,-73.95696
40.60519,-74.01514
40.56976,-74.12235
40.59647,-73.986694
40.5982,-73.9959
40.711536,-73.84755
40.62981,-73.92751
40.63224,-74.030045
40.714657,-73.98541
40.69807,-73.84826
40.679512,-73.90907
40.642365,-73.98866
40.6384,-73.981834
40.631004,-73.962456
40.613754,-73.94514
40.633106,-73.932205
40.789406,-73.97868
40.800426,-73.97106
40.85348,-73.93656
40.76086,-73.82551
40.77588,-73.98167
40.76154,-73.99914
40.730743,-73.85564
40.763058,-73.96213
40.74393,-73.97568
40.747353,-73.99613
40.799816,-73.97082
40.773243,-73.95331
40.73547,-74.00801
40.731285,-73.99108
40.86961,-73.84082
40.906563,-73.90659
40.74193,-74.00243
40.756985,-73.96247
40.741474,-73.75684
40.75992,-73.76544
40.749252,-73.76625
40.777367,-73.74835
40.72846,-73.74084
40.788357,-73.779495
40.75596,-73.732956
40.733215,-73.72389
40.75239,-73.73689
40.783607,-73.776215
40.759632,-73.71948
40.768066,-73.78388
40.754406,-73.760735
40.764427,-73.730354
40.74579,-73.71018
40.746807,-73.716805
40.765755,-73.72587
40.749493,-73.70229
40.751133,-73.72326
40.767895,-73.76446
40.725986,-73.739174
40.75669,-73.72075
40.734287,-73.719666
40.78401,-73.77487
40.76993,-73.73776
40.723988,-73.73848
40.78401,-73.77487
40.74116,-73.75571
40.750645,-73.72117
40.741474,-73.75685
40.527702,-74.18736
40.549812,-74.213005
40.55652,-74.16272
40.55322,-74.17375
40.535446,-74.18185
40.538437,-74.17737
40.537216,-74.17407
40.546253,-74.220505
40.53962,-74.1809
40.555473,-74.16187
40.547546,-74.188286
40.53845,-74.167595
40.554214,-74.1808
40.5489,-74.215164
40.550938,-74.21467
40.634365,-74.165886
40.545776,-74.21691
40.539127,-74.19741
40.63906,-74.16472
40.576744,-74.162895
40.523144,-74.219635
40.580326,-74.1623
40.528954,-74.20953
40.622284,-74.16476
40.544373,-74.21206
40.52766,-74.177086
40.53409,-74.1785
40.533424,-74.19446
40.623062,-74.162865
40.550343,-74.173294
40.539497,-74.17281
40.526592,-74.20697
40.623238,-74.16667
40.636623,-74.16171
40.54958,-74.18589
40.534725,-74.23736
40.63532,-74.16658
40.52985,-74.22067
40.58483,-74.16181
40.549816,-74.213005
40.627987,-73.91717
40.672417,-73.7449
40.66595,-73.76673
40.712547,-73.734215
40.707615,-73.73634
40.6976,-73.738846
40.66838,-73.73278
40.60506,-73.76274
40.69157,-73.784035
40.706318,-73.768684
40.67302,-73.74862
40.701466,-73.76358
40.60782,-73.7601
40.657707,-73.75145
40.696922,-73.75781
40.70317,-73.74054
40.691727,-73.7511
40.68487,-73.73207
40.6007,-73.739365
40.598522,-73.75758
40.59366,-73.76033
40.71798,-73.75598
40.6938,-73.75911
40.708775,-73.73806
40.6785,-73.783005
40.72121,-73.75411
40.682083,-73.73368
40.67072,-73.74377
40.66044,-73.75147
40.66507,-73.779755
40.694298,-73.784035
40.710995,-73.75961
40.69387,-73.73878
40.69104,-73.73923
40.839962,-73.78516
40.846226,-73.78266
40.846264,-73.78267
40.846268,-73.78267
40.84748,-73.78251
40.838425,-73.78488
40.840637,-73.78327
40.846264,-73.78267
40.84219,-73.78529
40.84748,-73.78251
40.84624,-73.7833
40.84619,-73.7832
40.840862,-73.785164
40.840054,-73.7829
40.84611,-73.78344
40.846226,-73.78266
40.846226,-73.78266
40.850643,-73.785545
40.84748,-73.78251
40.84321,-73.78561
40.849617,-73.78518
40.847538,-73.78456
40.84032,-73.78458
40.83956,-73.78539
40.839684,-73.782555
40.840137,-73.78421
40.84726,-73.785484
40.851536,-73.78478
40.851574,-73.78472
40.84748,-73.78251
40.846054,-73.78372
40.71232,-73.99301
40.645058,-73.99467
40.644848,-74.07879
40.681656,-73.980606
40.690136,-73.98311
40.634895,-74.036385
40.705044,-74.00812
40.705273,-74.01023
40.62797,-74.0258
40.69497,-73.99686
40.681656,-73.980606
40.69023,-73.99563
40.70985,-74.01789
40.67394,-73.97761
40.664276,-73.98795
40.63783,-74.03374
40.706467,-74.01713
40.63887,-73.99349
40.686214,-73.982254
40.719448,-73.98556
40.697716,-73.99497
40.713104,-73.97922
40.635075,-74.03175
40.63145,-74.01417
40.629387,-74.01284
40.630253,-74.100685
40.687553,-73.97398
40.698486,-73.99188
40.69023,-73.99563
40.63224,-74.030045
40.69651,-73.99179
40.556488,-74.150604
40.61958,-74.0958
40.575256,-73.97428
40.618973,-74.12281
40.600613,-74.12621
40.61229,-74.064186
40.602116,-74.08787
40.59021,-74.07282
40.558548,-74.13082
40.53373,-74.15501
40.62044,-74.03979
40.62044,-74.03979
40.60325,-74.07775
40.58699,-74.09738
40.53499,-74.15412
40.61399,-74.035576
40.61466,-74.151634
40.61523,-73.983154
40.589443,-73.98487
40.607056,-74.14501
40.61384,-74.14702
40.58505,-74.09122
40.620045,-74.03831
40.598648,-73.996254
40.557682,-74.16018
40.582245,-74.15964
40.57766,-74.119
40.610985,-74.064186
40.592625,-74.097916
40.566143,-74.12359
40.617622,-74.038826
40.567356,-74.133514
40.49961,-74.23954
40.5144,-74.19454
40.51355,-74.241684
40.511284,-74.243744
40.49989,-74.2444
40.518833,-74.19643
40.50304,-74.23064
40.508312,-74.24495
40.51128,-74.24375
40.518955,-74.19589
40.511444,-74.243195
40.50495,-74.247116
40.50896,-74.25028
40.509678,-74.23667
40.50136,-74.24361
40.504383,-74.24888
40.50539,-74.24564
40.508022,-74.24024
40.503307,-74.24237
40.504135,-74.23837
40.512638,-74.24848
40.514057,-74.20429
40.507206,-74.25271
40.514,-74.19583
40.519222,-74.195335
40.51094,-74.23212
40.505875,-74.23856
40.514805,-74.20208
40.502144,-74.23788
40.504482,-74.23904
40.511986,-74.24699
40.5087,-74.24967
40.5144,-74.23871
40.507168,-74.23666
40.515064,-74.211365
40.509235,-74.22428
40.509148,-74.24937
40.50541,-74.24214
40.50584,-74.24266
40.504524,-74.23065
40.514706,-74.23512
40.716465,-73.837326
40.721806,-73.82127
40.67989,-73.84675
40.691406,-73.8324
40.714108,-73.80382
40.678593,-73.79907
40.673656,-73.79663
40.721447,-73.948654
40.699062,-73.95791
40.720318,-73.84315
40.636646,-73.96014
40.663647,-73.852036
40.704823,-73.8344
40.67084,-73.893906
40.71844,-73.96388
40.665737,-73.952774
40.67666,-73.96969
40.699512,-73.83524
40.649353,-73.92751
40.72213,-73.88792
40.889603,-73.9174
40.89896,-73.871704
40.830353,-73.84776
40.825596,-73.89717
40.909164,-73.9056
40.883102,-73.92104
40.87255,-73.9189
40.904873,-73.90636
40.876587,-73.85757
40.88075,-73.83398
40.879375,-73.91369
40.823437,-73.94258
40.88549,-73.85464
40.89913,-73.86256
40.82517,-73.92328
40.908398,-73.89678
40.83611,-73.85893
40.836292,-73.856064
40.85457,-73.93544
40.824066,-73.94443
40.879013,-73.91611
40.82517,-73.92328
40.88558,-73.908325
40.82517,-73.92328
40.83861,-73.85652
40.85918,-73.836044
40.860184,-73.83182
40.84687,-73.78689
40.833748,-73.853615
40.837536,-73.86975
40.83611,-73.85893
40.76784,-73.96306
40.788338,-73.9475
40.76692,-73.95926
40.727978,-73.84963
40.747795,-73.94432
40.75136,-73.940704
40.75105,-73.81875
40.783684,-73.95434
40.80529,-73.967094
40.755123,-73.96427
40.76879,-73.93461
40.772785,-73.78982
40.81479,-73.82453
40.758026,-73.872406
40.741985,-73.87434
40.735806,-73.920166
40.788937,-73.79523
40.751232,-73.821365
40.635002,-74.03103
40.63558,-73.99048
40.667282,-73.98178
40.64916,-73.980446
40.634705,-73.99355
40.65264,-73.9758
40.63708,-73.98239
40.62175,-74.0295
40.631763,-74.01448
40.635075,-74.03175
40.629387,-74.01284
40.659485,-73.97731
40.633495,-74.0198
40.635002,-74.03103
40.660446,-73.99239
40.635967,-73.98265
40.664684,-73.99319
40.64142,-74.01222
40.63701,-74.01097
40.63646,-74.00308
40.665684,-73.98483
40.659485,-73.97731
40.64476,-74.00416
40.633327,-74.077225
40.63811,-74.073975
40.621643,-74.10796
40.64485,-74.0788
40.630253,-74.100685
40.63282,-74.152374
40.6219,-74.13311
40.631527,-74.08564
40.63819,-74.1358
40.636265,-74.15862
40.633846,-74.12231
40.640907,-74.10865
40.635273,-74.08565
40.631535,-74.08563
40.642414,-74.099106
40.63497,-74.11374
40.633415,-74.139786
40.628822,-74.08466
40.629128,-74.133736
40.627766,-74.13689
40.62665,-74.15096
40.638206,-74.08571
40.63752,-74.140236
40.633545,-74.077705
40.632763,-74.11648
40.63418,-74.11075
40.628983,-74.1244
40.628456,-74.15581
40.644848,-74.07877
40.621994,-74.14988
40.629616,-74.1161
40.63148,-74.133675
40.635796,-74.115486
40.638664,-74.10854
40.63541,-74.09581
40.637848,-74.093506
40.626076,-74.159096
40.630062,-74.12605
40.63598,-74.13123
40.635033,-74.16957
40.629868,-74.16421
40.63681,-74.16213
40.635715,-74.169624
40.63608,-74.17148
40.635113,-74.168945
40.63998,-74.16631
40.630646,-74.165634
40.63715,-74.16271
40.62238,-74.16549
40.623745,-74.16147
40.63681,-74.16215
40.631298,-74.16144
40.636734,-74.1715
40.630054,-74.16433
40.62259,-74.16707
40.63603,-74.166466
40.630363,-74.16147
40.635033,-74.16957
40.63006,-74.16475
40.63965,-74.16533
40.631878,-74.16555
40.63712,-74.16803
40.621567,-74.16652
40.63818,-74.16574
40.636005,-74.16396
40.635033,-74.16957
40.62156,-74.16651
40.621567,-74.16652
40.635033,-74.16957
40.6277,-74.17902
40.635033,-74.16957
40.560684,-74.1013
40.56562,-74.12463
40.56218,-74.10505
40.5579,-74.13313
40.552917,-74.138245
40.56576,-74.137024
40.55689,-74.12328
40.564117,-74.0992
40.535854,-74.150314
40.560337,-74.156235
40.535336,-74.15327
40.556187,-74.15296
40.56083,-74.107056
40.563557,-74.1379
40.5401,-74.15336
40.55363,-74.15909
40.570034,-74.12329
40.56107,-74.102196
40.568295,-74.141975
40.561836,-74.109314
40.552753,-74.143684
40.536213,-74.15345
40.567577,-74.13541
40.54718,-74.14292
40.552,-74.147446
40.545563,-74.153564
40.557625,-74.13748
40.55763,-74.137474
40.56405,-74.13968
40.552235,-74.14626
40.53909,-74.1611
40.557682,-74.16018
40.61801,-74.03198
40.588562,-73.9907
40.61711,-73.98627
40.613632,-73.99995
40.60016,-73.99609
40.60481,-73.991974
40.59744,-73.979935
40.619377,-73.99323
40.617992,-74.02301
40.610447,-74.01208
40.616833,-74.0381
40.577084,-74.003426
40.613235,-74.0363
40.598648,-73.996254
40.589005,-73.991844
40.618916,-74.03962
40.602264,-73.9803
40.618916,-74.03962
40.619568,-73.978035
40.600513,-73.99977
40.61787,-74.023834
40.597393,-74.06632
40.61613,-74.12454
40.618835,-74.09491
40.599728,-74.101105
40.5916,-74.10335
40.585903,-74.14696
40.590553,-74.09576
40.582172,-74.10786
40.577812,-74.13642
40.58911,-74.0912
40.619537,-74.15297
40.586437,-74.09823
40.5791,-74.107445
40.6183,-74.11619
40.612904,-74.10808
40.618874,-74.0783
40.57424,-74.094696
40.57248,-74.09375
40.579098,-74.10743
40.60814,-74.07409
40.620464,-74.10999
40.608242,-74.14347
40.617313,-74.15133
40.594402,-74.07668
40.590614,-74.08367
40.590527,-74.07359
40.510468,-74.23846
40.5045,-74.22926
40.51853,-74.20003
40.508896,-74.230125
40.504086,-74.23902
40.519245,-74.197464
40.51869,-74.22466
40.501797,-74.248924
40.5134,-74.19592
40.517143,-74.21018
40.51595,-74.19762
40.518467,-74.22403
40.518425,-74.22374
40.512062,-74.25123
40.514317,-74.24487
40.50797,-74.24982
40.50869,-74.230156
40.509247,-74.23879
40.51086,-74.24038
40.51431,-74.244865
40.51714,-74.21012
40.517292,-74.20747
40.5177,-74.20707
40.513206,-74.24456
40.510105,-74.242966
40.504982,-74.2458
40.504974,-74.23953
40.519417,-74.200516
40.5099,-74.22458
40.502903,-74.24067
40.501373,-74.24934
40.510483,-74.23722
40.510586,-74.23969
40.513493,-74.24983
40.5071,-74.25275
40.508472,-74.24196
40.50493,-74.223495
40.517155,-74.23843
40.501217,-74.24165
40.518574,-74.20492
40.519897,-74.207565
40.51366,-74.23238
40.517067,-74.23302
40.518406,-74.20917
40.5112,-74.250496
40.52006,-74.21245
40.514748,-74.24352
40.503162,-74.23981
40.51495,-74.23431
40.5017,-74.2377
40.505154,-74.250656
40.51349,-74.23639
40.512966,-74.24466
40.509132,-74.22364
40.504963,-74.239525
40.499462,-74.24009
40.518906,-74.20611
40.511707,-74.24486
40.519688,-74.19917
40.512573,-74.2423
40.513084,-74.20576
40.512936,-74.23321
40.50316,-74.241356
40.509457,-74.25107
40.514576,-74.24053
40.517223,-74.19538
40.513184,-74.2501
40.514706,-74.23512
40.51415,-74.23258
40.51336,-74.24285
40.502857,-74.23809
40.511997,-74.225494
40.511883,-74.24061
40.51097,-74.2462
40.51941,-74.20413
40.514545,-74.23281
40.513412,-74.240715
40.52047,-74.17811
40.5082,-74.24903
40.508778,-74.24131
40.499382,-74.24006
40.513367,-74.23694
40.515114,-74.24331
40.5048,-74.23075
40.50981,-74.2426
40.511566,-74.25055
40.4998,-74.23827
40.511635,-74.23894
40.4993,-74.23943
40.510876,-74.2504
40.502464,-74.237785
40.510456,-74.24553
40.51465,-74.24286
40.513603,-74.201485
40.514294,-74.20443
40.514645,-74.24287
40.51545,-74.20399
40.510647,-74.237854
40.5017,-74.2377
40.51388,-74.23596
40.5063,-74.24025
40.513374,-74.20267
40.507584,-74.22349
40.504253,-74.25287
40.516174,-74.24392
40.695335,-73.94748
40.68094,-73.9602
40.681263,-73.95377
40.710205,-73.9052
40.69216,-73.96839
40.72093,-73.899475
40.714046,-73.93775
40.691353,-73.94185
40.68308,-73.907455
40.69257,-73.965195
40.69561,-73.945114
40.7215,-73.91233
40.696735,-73.899536
40.71485,-73.90204
40.70538,-73.88619
40.691452,-73.958916
40.703243,-73.94691
40.67567,-73.97087
40.71574,-73.93935
40.72054,-73.95591
40.720062,-73.96353
40.69216,-73.96839
40.6944,-73.938194
40.71844,-73.96388
40.691353,-73.94185
40.70182,-73.89492
40.705597,-73.89247
40.71043,-73.96636
40.69441,-73.95959
40.68928,-73.93303
40.682304,-73.8942
40.718426,-73.87507
40.68727,-73.86555
40.688263,-73.8503
40.68355,-73.79403
40.71283,-73.834656
40.719715,-73.82286
40.714825,-73.79569
40.72167,-73.853645
40.70959,-73.85118
40.71905,-73.794914
40.71152,-73.81079
40.686092,-73.7999
40.703594,-73.83603
40.709778,-73.81869
40.71185,-73.83533
40.7191,-73.8378
40.712097,-73.82755
40.720776,-73.86918
40.718983,-73.85603
40.7184,-73.8109
40.669724,-73.80356
40.657665,-73.87704
40.66975,-73.84079
40.66909,-73.870056
40.6599,-73.85274
40.655327,-73.849556
40.66614,-73.84641
40.671043,-73.807526
40.671143,-73.810074
40.668797,-73.80034
40.66224,-73.84739
40.655914,-73.844864
40.670925,-73.80358
40.666103,-73.81642
40.656723,-73.85093
40.666412,-73.84813
40.66392,-73.84301
40.667515,-73.85023
40.663857,-73.8481
40.66834,-73.84845
40.66053,-73.84572
40.658913,-73.8495
40.66464,-73.84894
40.65597,-73.843925
40.66677,-73.847626
40.657665,-73.87704
40.65558,-73.84866
40.668407,-73.84949
40.66683,-73.84851
40.670193,-73.80481
40.668358,-73.8463
40.66053,-73.84572
40.65282,-73.830666
40.66814,-73.84625
40.66831,-73.846924
40.662556,-73.84747
40.61777,-73.911095
40.61323,-73.93358
40.57574,-73.957466
40.57575,-73.967926
40.578423,-73.83689
40.57663,-73.956345
40.572823,-73.857704
40.58449,-73.93147
40.58809,-73.940865
40.606117,-73.91133
40.61013,-73.91566
40.588203,-73.958
40.61215,-73.956184
40.598724,-73.94957
40.590668,-73.94651
40.598217,-73.93227
40.615196,-73.94681
40.621174,-73.955956
40.611618,-73.965706
40.58687,-73.94866
40.60332,-73.95773
40.576393,-73.96152
40.579216,-73.97132
40.57663,-73.956345
40.588184,-73.80533
40.598022,-73.93484
40.60775,-73.92454
40.597862,-73.931915
40.58821,-73.961815
40.586636,-73.93328
40.6201,-73.9705
40.585068,-73.96149
40.57575,-73.967926
40.577473,-73.84548
40.580105,-73.964584
40.601143,-73.93214
40.874054,-73.85023
40.885685,-73.84939
40.880028,-73.85234
40.890007,-73.844666
40.887726,-73.81811
40.892033,-73.84365
40.878044,-73.87435
40.88196,-73.85442
40.89671,-73.84634
40.89872,-73.873695
40.87627,-73.84423
40.883907,-73.855125
40.87398,-73.86589
40.880867,-73.83506
40.8774,-73.85405
40.89872,-73.873695
40.87413,-73.857704
40.892006,-73.845505
40.895454,-73.84775
40.892063,-73.84881
40.89666,-73.842545
40.888683,-73.84461
40.88684,-73.84882
40.885517,-73.852486
40.876972,-73.85293
40.901398,-73.867615
40.88717,-73.83305
40.89692,-73.84931
40.896637,-73.8467
40.879227,-73.87766
40.88115,-73.87568
40.875584,-73.845955
40.8851,-73.853836
40.897488,-73.870094
40.87921,-73.85606
40.85941,-73.92901
40.825012,-73.8936
40.82517,-73.92328
40.85246,-73.885956
40.848442,-73.90745
40.855618,-73.938416
40.863422,-73.89879
40.836254,-73.9084
40.825237,-73.94118
40.824055,-73.95574
40.871983,-73.91628
40.85559,-73.937744
40.857788,-73.934425
40.831726,-73.94072
40.848442,-73.90745
40.863422,-73.89879
40.87255,-73.9189
40.85238,-73.885635
40.870766,-73.91592
40.860847,-73.89998
40.82846,-73.92057
40.85867,-73.93221
40.85404,-73.939316
40.83015,-73.920135
40.825283,-73.92548
40.863976,-73.92771
40.852196,-73.91869
40.85559,-73.937744
40.846985,-73.893906
40.86787,-73.92648
40.83015,-73.920135
40.84378,-73.94302
40.78136,-73.94886
40.80205,-73.95049
40.776356,-73.95838
40.797157,-73.96495
40.780743,-73.960075
40.78461,-73.97121
40.82031,-73.90662
40.773342,-73.95447
40.81592,-73.94249
40.780952,-73.95753
40.78236,-73.952736
40.791973,-73.96691
40.794735,-73.962814
40.81671,-73.94205
40.79967,-73.9546
40.782387,-73.956825
40.794735,-73.962814
40.823044,-73.94249
40.793526,-73.97024
40.778934,-73.952156
40.783695,-73.97298
40.773342,-73.95447
40.77814,-73.94895
40.79318,-73.96446
40.796253,-73.97207
40.782013,-73.95067
40.776314,-73.94534
40.796974,-73.97173
40.804855,-73.953705
40.811626,-73.95342
40.818447,-73.91068
40.779503,-73.95633
40.697426,-73.99213
40.71657,-74.01052
40.706913,-74.008575
40.688416,-73.978584
40.692986,-73.99978
40.703457,-73.98435
40.698067,-73.98785
40.71007,-74.017006
40.690807,-73.99001
40.681625,-74.00046
40.6978,-73.987854
40.705185,-74.00789
40.69764,-73.98724
40.685394,-73.982315
40.692986,-73.99978
40.677223,-73.98109
40.756485,-73.793205
40.738663,-73.79677
40.73361,-73.815834
40.73198,-73.819084
40.73129,-73.85773
40.725906,-73.85755
40.73657,-73.87063
40.725418,-73.85348
40.730015,-73.857254
40.76634,-73.82599
40.772907,-73.80872
40.76855,-73.815834
40.728867,-73.81662
40.76108,-73.83315
40.73842,-73.859505
40.75495,-73.8245
40.764835,-73.878525
40.7308,-73.84905
40.77266,-73.80013
40.72691,-73.825516
40.660446,-73.99239
40.649364,-73.97459
40.668438,-73.9908
40.669548,-73.991776
40.66769,-73.98525
40.669315,-73.976654
40.671272,-73.99291
40.668438,-73.9908
40.65456,-73.97435
40.64983,-74.003494
40.660915,-73.99224
40.649048,-73.97949
40.649048,-73.97949
40.654846,-74.00184
40.665615,-73.97953
40.651524,-73.977715
40.664337,-73.99188
40.649048,-73.97949
40.64771,-74.01078
40.6647,-73.98873
40.669315,-73.976654
40.670174,-73.98013
40.661438,-73.98018
40.66843,-73.977394
40.650795,-73.97436
40.648914,-73.980194
40.64183,-73.982254
40.64476,-74.00416
40.64329,-73.97689
40.646027,-73.98149
40.629612,-74.01263
40.630123,-73.99201
40.63034,-73.98656
40.62889,-74.00367
40.631138,-73.98945
40.636066,-73.99338
40.637783,-74.01985
40.6431,-73.97716
40.643295,-73.9769
40.62222,-74.01995
40.624863,-73.990845
40.63967,-73.99482
40.638393,-73.99363
40.644913,-73.97372
40.630104,-74.009445
40.62532,-74.01666
40.628967,-73.99165
40.641598,-73.99197
40.78047,-73.98644
40.786583,-73.97902
40.734394,-74.00063
40.74581,-73.99913
40.737705,-74.005035
40.742023,-73.98616
40.790844,-73.97494
40.764458,-73.97635
40.743164,-73.99576
40.774673,-73.982635
40.78074,-73.98511
40.750034,-73.9834
40.777187,-73.98727
40.78675,-73.975296
40.736477,-73.99797
40.745476,-73.98838
40.74541,-73.97799
40.779335,-73.98066
40.76409,-73.99538
40.748493,-73.97854
40.744984,-74.00692
40.777687,-73.97673
40.765575,-73.97865
40.738487,-73.98003
40.776608,-73.987785
40.7462,-73.97853
40.788895,-73.97862
40.738907,-74.001144
40.781048,-73.98082
40.776104,-73.98209
40.647915,-74.08527
40.64696,-74.08317
40.647907,-74.085266
40.647907,-74.085266
40.647907,-74.085266
40.647907,-74.085266
40.647915,-74.08528
40.647907,-74.085266
40.647907,-74.085266
40.622097,-74.163284
40.63998,-74.166954
40.64051,-74.16877
40.639843,-74.16938
40.629154,-74.1625
40.629654,-74.162445
40.62353,-74.166534
40.640564,-74.16903
40.622097,-74.163284
40.622097,-74.163284
40.637028,-74.16268
40.63567,-74.16689
40.627693,-74.17901
40.635033,-74.16957
40.624413,-74.110344
40.63324,-74.09645
40.624718,-74.09115
40.641068,-74.112526
40.629456,-74.10231
40.641518,-74.09636
40.64397,-74.083305
40.63153,-74.085625
40.62573,-74.09083
40.631866,-74.10991
40.631523,-74.085625
40.624706,-74.10471
40.63894,-74.08247
40.639572,-74.09087
40.630127,-74.08536
40.64485,-74.07879
40.639385,-74.1103
40.637386,-74.09306
40.62327,-74.09185
40.645756,-74.08918
40.566246,-74.1391
40.555195,-74.132095
40.568058,-74.129074
40.56971,-74.13937
40.557358,-74.14503
40.558712,-74.15151
40.568527,-74.132545
40.55998,-74.11984
40.54629,-74.1399
40.548077,-74.15657
40.565697,-74.13991
40.556347,-74.141685
40.554012,-74.14614
40.56526,-74.122185
40.56143,-74.16023
40.63278,-74.032265
40.635674,-74.026695
40.627884,-74.0339
40.62955,-74.0321
40.635674,-74.026695
40.63707,-74.027695
40.622948,-74.03037
40.628986,-74.02975
40.631386,-74.03768
40.634895,-74.036385
40.63783,-74.03374
40.63566,-74.02936
40.635376,-74.03574
40.621872,-74.02337
40.63364,-74.0302
40.638058,-74.03583
40.628986,-74.02975
40.625977,-74.03231
40.636276,-74.03643
40.62769,-74.02369
40.63693,-74.03163
40.625977,-74.03231
40.632427,-74.03241
40.63224,-74.030045
40.632214,-74.03219
40.63566,-74.02936
40.632214,-74.03219
40.623104,-74.04032
40.626377,-74.02258
40.62755,-74.035805
40.60714,-73.98574
40.62132,-74.01479
40.611076,-74.00954
40.61152,-73.97424
40.607983,-73.97811
40.60481,-73.991974
40.5982,-73.9959
40.60969,-74.00743
40.60272,-74.0126
40.61492,-74.01257
40.59642,-73.9866
40.609932,-74.01064
40.61711,-73.98627
40.59901,-73.993996
40.602345,-74.01015
40.610443,-73.97789
40.60481,-73.991974
40.600193,-73.99357
40.54556,-74.15357
40.545467,-74.15776
40.542053,-74.14832
40.538578,-74.14279
40.545467,-74.15776
40.54478,-74.14142
40.54294,-74.14706
40.53905,-74.150604
40.532482,-74.152306
40.545475,-74.157776
40.538452,-74.14776
40.543972,-74.14846
40.5446,-74.15446
40.536015,-74.15399
40.545723,-74.15565
40.545097,-74.15536
40.54396,-74.158745
40.544147,-74.14936
40.542854,-74.143425
40.54453,-74.14494
40.538578,-74.14279
40.53417,-74.15755
40.544933,-74.14517
40.543938,-74.14977
40.544186,-74.1497
40.53857,-74.14278
40.53949,-74.153885
40.5441,-74.15551
40.53982,-74.15245
40.539955,-74.15819
40.53927,-74.14557
40.54407,-74.15761
40.593502,-74.065865
40.59416,-74.06414
40.593754,-74.06437
40.594658,-74.06538
40.595478,-74.06615
40.596123,-74.065575
40.591373,-74.06583
40.59472,-74.06412
40.594654,-74.065384
40.595165,-74.064514
40.59453,-74.06451
40.594425,-74.06389
40.592125,-74.06724
40.590992,-74.066284
40.596195,-74.06429
40.591927,-74.06706
40.59493,-74.06565
40.594555,-74.06369
40.593266,-74.066956
40.59316,-74.06631
40.59247,-74.06546
40.596245,-74.066734
40.574043,-74.090004
40.595448,-74.08486
40.58208,-74.100655
40.57712,-74.09568
40.57972,-74.08494
40.59251,-74.09289
40.58712,-74.095436
40.57916,-74.099106
40.573696,-74.09918
40.584984,-74.10731
40.587887,-74.08713
40.574715,-74.10155
40.591843,-74.07205
40.58479,-74.101036
40.595074,-74.097176
40.583008,-74.09485
40.57604,-74.09477
40.57907,-74.1079
40.590137,-74.0734
40.574055,-74.09687
40.574127,-74.09675
40.59507,-74.071625
40.57972,-74.08494
40.585037,-74.09693
40.514473,-74.19559
40.508823,-74.24208
40.506226,-74.23123
40.51936,-74.195045
40.50219,-74.23908
40.510384,-74.24647
40.513454,-74.195145
40.5117,-74.22535
40.51933,-74.195114
40.5192,-74.20821
40.50909,-74.23696
40.508667,-74.246475
40.514263,-74.24113
40.50473,-74.22973
40.508053,-74.2422
40.508083,-74.245346
40.507397,-74.25274
40.510437,-74.23944
40.51919,-74.2082
40.518505,-74.20429
40.500473,-74.23689
40.508,-74.22409
40.515865,-74.231476
40.505646,-74.24601
40.5021,-74.24866
40.50474,-74.23966
40.510086,-74.248795
40.510204,-74.242
40.504944,-74.23007
40.51391,-74.23215
40.5031,-74.24326
40.509197,-74.229256
40.510815,-74.242226
40.511864,-74.24343
40.505108,-74.223495
40.501232,-74.23913
40.51243,-74.24828
40.512653,-74.23998
40.505077,-74.22355
40.617558,-74.11582
40.618134,-74.130295
40.60754,-74.15096
40.601303,-74.155655
40.600742,-74.13206
40.614098,-74.13568
40.61741,-74.14751
40.616512,-74.12856
40.609554,-74.13536
40.603985,-74.12301
40.617867,-74.138
40.611633,-74.14735
40.61475,-74.1173
40.615673,-74.14307
40.60729,-74.13158
40.60112,-74.13652
40.610096,-74.13208
40.615753,-74.137344
40.61144,-74.135414
40.60075,-74.132065
40.61507,-74.154434
40.600426,-74.123085
40.611412,-74.1339
40.60255,-74.13265
40.602047,-74.12183
40.604652,-74.15989
40.60406,-74.13505
40.618378,-74.127556
40.601635,-74.13614
40.61249,-74.13396
40.60195,-74.1288
40.5807,-74.13222
40.575134,-74.12398
40.571064,-74.13791
40.58657,-74.14802
40.5886,-74.15081
40.571423,-74.12343
40.590584,-74.14814
40.57348,-74.125565
40.58046,-74.15692
40.59468,-74.1602
40.58857,-74.1547
40.579292,-74.11968
40.591076,-74.15936
40.577465,-74.116135
40.57725,-74.136955
40.59468,-74.1602
40.59468,-74.1602
40.577602,-74.131035
40.581097,-74.16112
40.590584,-74.14814
40.583008,-74.15805
40.583008,-74.15805
40.589554,-74.15091
40.592014,-74.15168
40.583748,-74.15948
40.59565,-74.15924
40.575314,-74.130264
40.59201,-74.15167
40.571594,-74.13701
40.583,-74.15804
40.57124,-74.126915
40.573914,-74.11857
40.59306,-74.15966
40.58076,-74.154945
40.583,-74.15804
40.70923,-73.96929
40.7195,-73.941414
40.708225,-73.94399
40.716602,-73.953224
40.712177,-73.96245
40.70989,-73.964195
40.71592,-73.94577
40.706985,-73.96513
40.70923,-73.96929
40.72054,-73.95593
40.698914,-73.95986
40.71574,-73.93935
40.7078,-73.96163
40.71187,-73.951805
40.72146,-73.94854
40.710854,-73.94963
40.698048,-73.93455
40.71117,-73.94629
40.71815,-73.94933
40.69886,-73.95616
40.69886,-73.95616
40.69888,-73.95861
40.70997,-73.963326
40.72163,-73.91226
40.69919,-73.91659
40.706608,-73.90839
40.717327,-73.89205
40.7158,-73.883255
40.71351,-73.88146
40.718456,-73.90664
40.72144,-73.90555
40.72114,-73.899475
40.72173,-73.88726
40.699043,-73.91233
40.71603,-73.88505
40.71754,-73.887566
40.71376,-73.88014
40.72173,-73.88726
40.713223,-73.91459
40.71551,-73.882385
40.718548,-73.89888
40.71982,-73.887184
40.71403,-73.886665
40.70373,-73.89981
40.713448,-73.88659
40.700146,-73.88136
40.697964,-73.90031
40.705444,-73.91765
40.705402,-73.91758
40.70107,-73.923004
40.71466,-73.911575
40.71966,-73.892494
40.711613,-73.79335
40.707436,-73.818535
40.70125,-73.80981
40.719906,-73.81408
40.721703,-73.81606
40.710114,-73.78893
40.705177,-73.83225
40.71266,-73.81582
40.718506,-73.81097
40.719517,-73.80103
40.706272,-73.825836
40.71932,-73.81903
40.707436,-73.818535
40.7184,-73.8109
40.719925,-73.824135
40.715786,-73.83176
40.720688,-73.82261
40.7184,-73.8109
40.718452,-73.81778
40.70028,-73.79244
40.709606,-73.81653
40.70521,-73.79046
40.71102,-73.81464
40.70723,-73.83234
40.71264,-73.82822
40.720436,-73.82221
40.718452,-73.81778
40.689507,-73.82222
40.692863,-73.78958
40.69301,-73.82495
40.678505,-73.83023
40.679806,-73.82375
40.672016,-73.807076
40.67586,-73.80518
40.690235,-73.796265
40.688065,-73.792175
40.679832,-73.78987
40.692284,-73.80731
40.686893,-73.79728
40.687515,-73.8096
40.671974,-73.80763
40.687878,-73.81831
40.695152,-73.79244
40.680016,-73.823006
40.69404,-73.78978
40.68597,-73.824036
40.68169,-73.78851
40.6799,-73.789894
40.675674,-73.82243
40.682415,-73.8071
40.677254,-73.81473
40.675674,-73.79272
40.68442,-73.79441
40.68092,-73.78852
40.68801,-73.78672
40.68537,-73.815285
40.69408,-73.79901
40.684566,-73.79453
40.685543,-73.818214
40.72159,-73.846115
40.704582,-73.83265
40.71283,-73.834656
40.718723,-73.85467
40.72002,-73.84026
40.718918,-73.83648
40.718678,-73.86016
40.712936,-73.83435
40.716488,-73.85723
40.71735,-73.8409
40.71858,-73.838615
40.721783,-73.85539
40.721924,-73.84077
40.7207,-73.83793
40.719296,-73.841515
40.720043,-73.839905
40.718723,-73.83912
40.70908,-73.835884
40.709534,-73.8512
40.719513,-73.83883
40.719543,-73.87039
40.666412,-73.84813
40.660862,-73.84719
40.665855,-73.84356
40.654274,-73.85
40.65962,-73.84578
40.667995,-73.84934
40.66767,-73.82566
40.669807,-73.79138
40.671204,-73.7892
40.6689,-73.82722
40.67091,-73.79111
40.655216,-73.829544
40.667717,-73.80776
40.661247,-73.83174
40.67088,-73.80358
40.6598,-73.83234
40.669514,-73.80356
40.66816,-73.802345
40.670193,-73.82392
40.6689,-73.80514
40.668304,-73.804955
40.67139,-73.80267
40.651424,-73.82991
40.668575,-73.80034
40.670803,-73.82228
40.67012,-73.799194
40.67073,-73.80645
40.668102,-73.79045
40.670956,-73.824646
40.671494,-73.82159
40.671337,-73.81466
40.665318,-73.812836
40.67165,-73.79247
40.66732,-73.792656
40.67142,-73.81415
40.670883,-73.82414
40.570183,-73.862816
40.57011,-73.86385
40.56813,-73.86369
40.570732,-73.86154
40.57094,-73.86166
40.570957,-73.86167
40.55758,-73.92007
40.561386,-73.9152
40.555397,-73.92513
40.557926,-73.91841
40.556873,-73.92912
40.559948,-73.92245
40.563683,-73.91173
40.5558,-73.92955
40.5677,-73.8925
40.56193,-73.91248
40.561375,-73.91283
40.55782,-73.92424
40.554367,-73.928795
40.555485,-73.92518
40.561993,-73.91262
40.555176,-73.92602
40.562138,-73.9126
40.557163,-73.910736
40.567383,-73.88862
40.558018,-73.9189
40.560204,-73.914825
40.554478,-73.92786
40.557156,-73.91546
40.557194,-73.92608
40.55482,-73.92694
40.56744,-73.893295
40.560318,-73.91281
40.558456,-73.916756
40.55951,-73.91479
40.556007,-73.92866
40.562737,-73.91128
40.561844,-73.912636
40.55802,-73.9189
40.55636,-73.92536
40.557343,-73.92014
40.556915,-73.9213
40.5639,-73.91252
40.55542,-73.92514
40.55736,-73.924385
40.55803,-73.92148
40.644665,-73.86823
40.644665,-73.86823
40.644665,-73.86823
40.644665,-73.86823
40.644665,-73.86823
40.644665,-73.86823
40.644665,-73.86823
40.644665,-73.86823
40.644665,-73.86823
40.644665,-73.86823
40.644665,-73.86823
40.576225,-73.84064
40.575706,-73.8521
40.575653,-73.842766
40.575474,-73.84216
40.57564,-73.843445
40.588184,-73.80533
40.59151,-73.80221
40.57497,-73.86288
40.578423,-73.83689
40.604202,-73.819954
40.576656,-73.840065
40.594784,-73.795654
40.60537,-73.8214
40.58096,-73.84643
40.602962,-73.81998
40.590107,-73.812614
40.605843,-73.82079
40.584686,-73.81385
40.605827,-73.820694
40.579643,-73.85279
40.596916,-73.79524
40.584686,-73.81385
40.58824,-73.816414
40.57567,-73.85404
40.59697,-73.79488
40.57567,-73.85404
40.574615,-73.85343
40.589703,-73.80682
40.575653,-73.842766
40.596973,-73.79668
40.578148,-73.850945
40.88042,-73.83612
40.88735,-73.80929
40.888557,-73.84901
40.87733,-73.85494
40.89945,-73.849686
40.885715,-73.82545
40.887264,-73.80934
40.892174,-73.8459
40.90562,-73.85243
40.89913,-73.86256
40.899536,-73.87022
40.881256,-73.841125
40.894558,-73.85502
40.900238,-73.856094
40.88047,-73.844894
40.88362,-73.839165
40.89963,-73.84729
40.887806,-73.85067
40.890884,-73.83749
40.875732,-73.85384
40.88934,-73.839745
40.893604,-73.83792
40.89473,-73.844
40.88056,-73.87649
40.90084,-73.86238
40.89913,-73.86256
40.897575,-73.871895
40.899586,-73.85557
40.896034,-73.84741
40.889103,-73.81922
40.89504,-73.84412
40.899364,-73.87169
40.888863,-73.862946
40.892452,-73.84892
40.896988,-73.87028
40.89151,-73.857216
40.88186,-73.84513
40.900097,-73.85579
40.899403,-73.86224
40.887447,-73.8628
40.835716,-73.85598
40.84057,-73.85886
40.84222,-73.84779
40.838856,-73.82786
40.830376,-73.82908
40.84732,-73.79048
40.829826,-73.8788
40.853123,-73.85742
40.862045,-73.84512
40.870743,-73.87032
40.87294,-73.869026
40.871216,-73.8416
40.864193,-73.86791
40.85335,-73.86551
40.836292,-73.856064
40.8591,-73.84112
40.83944,-73.849625
40.853397,-73.86532
40.85191,-73.85458
40.864193,-73.86791
40.851406,-73.84916
40.829674,-73.814896
40.83861,-73.85652
40.84687,-73.78689
40.83611,-73.85893
40.828243,-73.82146
40.87873,-73.84008
40.896572,-73.84763
40.879528,-73.87751
40.87845,-73.84053
40.900227,-73.866585
40.886868,-73.861946
40.897648,-73.86473
40.892494,-73.840355
40.876198,-73.86045
40.89872,-73.873695
40.875935,-73.85291
40.891357,-73.849106
40.89872,-73.873695
40.882168,-73.861755
40.897083,-73.873886
40.899757,-73.8636
40.87612,-73.84512
40.876003,-73.842125
40.886578,-73.83523
40.88042,-73.83612
40.8979,-73.866295
40.87955,-73.8487
40.89891,-73.850945
40.902946,-73.84462
40.87466,-73.85367
40.893047,-73.839615
40.888885,-73.8467
40.88765,-73.835266
40.874077,-73.85967
40.882236,-73.83997
40.898582,-73.84509
40.903564,-73.85342
40.90084,-73.86238
40.902683,-73.86767
40.886375,-73.85932
40.89099,-73.84799
40.898945,-73.84468
40.87553,-73.84481
40.890484,-73.83272
40.876713,-73.874054
40.880955,-73.827805
40.90084,-73.86238
40.880898,-73.876274
40.881798,-73.850624
40.90084,-73.86238
40.882473,-73.854904
40.892258,-73.85955
40.881016,-73.8592
40.891197,-73.83986
40.88042,-73.83612
40.89762,-73.871475
40.894524,-73.84871
40.876713,-73.874054
40.883102,-73.85803
40.875183,-73.83633
40.875603,-73.84426
40.90084,-73.86238
40.90589,-73.8465
40.899372,-73.87077
40.88949,-73.84076
40.879234,-73.87773
40.874275,-73.87599
40.879227,-73.87766
40.88042,-73.83612
40.886475,-73.85073
40.880898,-73.876274
40.888737,-73.85112
40.878155,-73.87141
40.87642,-73.87505
40.897854,-73.862885
40.87642,-73.87505
40.879227,-73.87766
40.88056,-73.87649
40.8807,-73.85302
40.879044,-73.846146
40.877056,-73.8421
40.89032,-73.82997
40.897854,-73.862885
40.904636,-73.89817
40.88558,-73.908325
40.889927,-73.91102
40.879013,-73.91611
40.88761,-73.90997
40.885117,-73.91075
40.88908,-73.90329
40.885117,-73.91075
40.874893,-73.90418
40.8924,-73.9091
40.88761,-73.90997
40.8856,-73.9083
40.876762,-73.91773
40.889904,-73.917305
40.909164,-73.9056
40.88018,-73.91693
40.906563,-73.90659
40.90561,-73.9055
40.878246,-73.91704
40.882572,-73.91713
40.883102,-73.92104
40.885117,-73.91075
40.879013,-73.91611
40.874893,-73.90418
40.90821,-73.905495
40.889603,-73.9174
40.886448,-73.91161
40.911983,-73.902
40.893456,-73.84419
40.89142,-73.83797
40.88019,-73.85529
40.876495,-73.861275
40.88042,-73.83612
40.893147,-73.8582
40.89872,-73.873695
40.90084,-73.86238
40.87896,-73.87881
40.879776,-73.85954
40.88042,-73.83612
40.888206,-73.85707
40.901585,-73.85701
40.884262,-73.85266
40.895187,-73.84199
40.89552,-73.85106
40.89913,-73.86256
40.90084,-73.86238
40.904858,-73.854095
40.88042,-73.83612
40.888508,-73.84318
40.876915,-73.87437
40.876423,-73.87486
40.897312,-73.849464
40.898376,-73.8647
40.87632,-73.87499
40.89599,-73.85028
40.880165,-73.852715
40.89915,-73.87013
40.88747,-73.85758
40.898376,-73.8647
40.892963,-73.844475
40.88821,-73.85836
40.875202,-73.87875
40.87642,-73.87505
40.879436,-73.87753
40.899403,-73.86224
40.89179,-73.842575
40.878296,-73.86034
40.89913,-73.86256
40.88393,-73.85521
40.87585,-73.87658
40.87585,-73.87658
40.898895,-73.8434
40.899403,-73.86224
40.90084,-73.86238
40.8818,-73.8567
40.90084,-73.86238
40.89913,-73.86256
40.881508,-73.85823
40.87585,-73.87658
40.899403,-73.86224
40.876427,-73.87486
40.893227,-73.84982
40.87585,-73.87658
40.8901,-73.848724
40.89615,-73.84417
40.878075,-73.85399
40.875774,-73.87684
40.89833,-73.84499
40.87932,-73.87766
40.88054,-73.855095
40.88708,-73.84963
40.876614,-73.860374
40.880898,-73.876274
40.89913,-73.86256
40.88497,-73.856
40.904064,-73.84406
40.899403,-73.86224
40.89913,-73.86256
40.876415,-73.86001
40.88056,-73.87649
40.876614,-73.860374
40.897533,-73.84763
40.8882,-73.8599
40.90089,-73.84545
40.87501,-73.85748
40.879436,-73.87753
40.897793,-73.863365
40.714165,-73.76215
40.699024,-73.75848
40.683334,-73.72838
40.696404,-73.754074
40.892094,-73.85608
40.88103,-73.87584
40.901253,-73.86725
40.88889,-73.81832
40.892075,-73.84496
40.897205,-73.868904
40.89974,-73.86466
40.89872,-73.873695
40.88057,-73.85097
40.90004,-73.855835
40.876614,-73.860374
40.892605,-73.841
40.899403,-73.86224
40.874992,-73.85472
40.897884,-73.86903
40.874012,-73.84551
40.905777,-73.85337
40.878986,-73.83886
40.886597,-73.85849
40.873913,-73.848526
40.89591,-73.84548
40.887466,-73.85602
40.880016,-73.85539
40.87609,-73.844124
40.90084,-73.86238
40.887157,-73.83051
40.8767,-73.864204
40.879906,-73.8531
40.897854,-73.862885
40.888855,-73.83359
40.879227,-73.87766
40.885162,-73.85035
40.897854,-73.862885
40.89913,-73.86256
40.878345,-73.858154
40.88042,-73.83612
40.876595,-73.87427
40.885986,-73.86439
40.87559,-73.856
40.8764,-73.86087
40.88042,-73.83612
40.880898,-73.876274
40.904427,-73.84528
40.87492,-73.87398
40.89872,-73.873695
40.897972,-73.86554
40.891373,-73.85739
40.878616,-73.860405
40.879524,-73.87751
40.891724,-73.84226
40.899857,-73.867905
40.89329,-73.849846
40.88005,-73.86107
40.87934,-73.87768
40.848328,-73.896645
40.83165,-73.88727
40.825283,-73.92548
40.829964,-73.896965
40.848442,-73.90745
40.83015,-73.920135
40.82517,-73.92328
40.835304,-73.91221
40.83464,-73.890816
40.848377,-73.884476
40.848442,-73.90745
40.831005,-73.8897
40.83015,-73.920135
40.848007,-73.884346
40.827805,-73.89779
40.83015,-73.920135
40.848442,-73.90745
40.848442,-73.90745
40.827587,-73.90201
40.836613,-73.923996
40.82517,-73.92328
40.831684,-73.89326
40.844334,-73.8858
40.82485,-73.92302
40.82517,-73.92328
40.871983,-73.91628
40.869453,-73.90593
40.860847,-73.89998
40.868416,-73.889404
40.870476,-73.88281
40.868332,-73.883194
40.870155,-73.90095
40.864357,-73.900734
40.865128,-73.90682
40.868332,-73.883194
40.86158,-73.90276
40.871094,-73.91527
40.86513,-73.90682
40.871094,-73.91527
40.868416,-73.889404
40.856667,-73.89168
40.869453,-73.90593
40.869453,-73.90593
40.86158,-73.90276
40.870564,-73.91661
40.851826,-73.9009
40.87061,-73.91793
40.8683,-73.922905
40.869453,-73.90593
40.87255,-73.9189
40.87168,-73.91782
40.863323,-73.89307
40.872433,-73.91771
40.86158,-73.90276
40.87168,-73.91782
40.872433,-73.91771
40.828613,-73.94714
40.841633,-73.93896
40.83462,-73.94727
40.82886,-73.94309
40.83244,-73.94259
40.827747,-73.9509
40.833557,-73.94426
40.829372,-73.94004
40.83477,-73.94597
40.832806,-73.940216
40.835533,-73.94488
40.83462,-73.94727
40.83238,-73.92734
40.845646,-73.94174
40.83238,-73.92734
40.82474,-73.94464
40.845646,-73.94174
40.83479,-73.94331
40.845646,-73.94174
40.82585,-73.94565
40.83518,-73.94693
40.824066,-73.94443
40.8475,-73.94017
40.831688,-73.93132
40.845646,-73.94174
40.824856,-73.95014
40.8475,-73.94017
40.825264,-73.940956
40.83462,-73.94727
40.83479,-73.94331
40.835815,-73.9465
40.835316,-73.9465
40.82585,-73.94565
40.828163,-73.94225
40.828106,-73.94244
40.810688,-73.91038
40.82042,-73.90337
40.82039,-73.89416
40.80538,-73.92239
40.807762,-73.918236
40.818226,-73.90864
40.822433,-73.91177
40.811783,-73.920525
40.813507,-73.88938
40.811333,-73.92355
40.821217,-73.90641
40.81866,-73.90166
40.822433,-73.91177
40.81964,-73.90671
40.82038,-73.91097
40.811153,-73.92508
40.82038,-73.910934
40.816406,-73.91052
40.820705,-73.91131
40.82038,-73.910934
40.818233,-73.903206
40.818233,-73.903206
40.82104,-73.9128
40.82031,-73.90662
40.81676,-73.91097
40.822433,-73.91177
40.821438,-73.90172
40.815006,-73.92457
40.819435,-73.88844
40.820232,-73.91254
40.81585,-73.908485
40.81244,-73.91962
40.82038,-73.910934
40.819565,-73.90673
40.822433,-73.91177
40.67249,-73.97395
40.687855,-73.99207
40.69431,-73.99574
40.687878,-73.994576
40.69456,-73.98269
40.693474,-73.99189
40.681656,-73.980606
40.69456,-73.98269
40.687878,-73.994576
40.693424,-73.982704
40.687607,-73.99227
40.686394,-73.98076
40.688416,-73.981415
40.697025,-73.992935
40.677395,-73.99223
40.672905,-73.986115
40.682034,-73.981926
40.68591,-73.98983
40.637848,-74.16785
40.62316,-74.163704
40.636242,-74.16325
40.638554,-74.16771
40.621567,-74.16652
40.639263,-74.16927
40.621567,-74.16652
40.627693,-74.17901
40.62272,-74.16567
40.640015,-74.170654
40.63964,-74.16532
40.63682,-74.16475
40.635033,-74.16957
40.635117,-74.16915
40.627323,-74.16797
40.624065,-74.16509
40.637398,-74.17152
40.635696,-74.16217
40.628815,-74.16507
40.635033,-74.16957
40.628895,-74.16502
40.63233,-74.16879
40.635735,-74.16984
40.63503,-74.169586
40.63054,-74.16565
40.622097,-74.163284
40.6246,-74.1657
40.631165,-74.16603
40.623245,-74.166756
40.62924,-74.164665
40.639046,-74.1657
40.634064,-74.16187
40.638794,-74.16571
40.638435,-74.17153
40.632374,-74.16918
40.635033,-74.16957
40.63964,-74.16532
40.636833,-74.16575
40.637173,-74.16212
40.64082,-74.16904
40.708015,-74.00591
40.70779,-74.013885
40.69764,-73.98724
40.70985,-74.01789
40.721268,-73.98424
40.71271,-73.99553
40.69809,-73.9944
40.70828,-74.00683
40.700024,-73.9933
40.708614,-74.00348
40.710457,-73.991234
40.717716,-74.002815
40.71311,-73.97784
40.706184,-74.01561
40.717445,-73.992966
40.70911,-74.00635
40.71555,-73.988365
40.70808,-74.00747
40.719296,-73.98718
40.70922,-74.013756
40.783356,-73.79357
40.774727,-73.79056
40.787476,-73.785805
40.780243,-73.80341
40.821712,-73.85315
40.818336,-73.81281
40.816383,-73.84561
40.7953,-73.823715
40.773148,-73.80287
40.81062,-73.85825
40.821598,-73.87332
40.785248,-73.85569
40.78737,-73.83017
40.776066,-73.79019
40.775963,-73.80823
40.77334,-73.82618
40.77633,-73.7888
40.77414,-73.785774
40.79072,-73.80265
40.787075,-73.80492
40.81906,-73.80576
40.78725,-73.85052
40.793243,-73.79905
40.77472,-73.8257
40.773808,-73.82612
40.766884,-73.83064
40.76121,-73.82312
40.762398,-73.82268
40.75483,-73.82674
40.753098,-73.82831
40.766018,-73.821
40.754868,-73.82484
40.755993,-73.8293
40.75503,-73.822624
40.770367,-73.829994
40.754868,-73.82484
40.754868,-73.82484
40.762398,-73.82268
40.764572,-73.82553
40.758392,-73.822975
40.760868,-73.81973
40.75483,-73.82674
40.748173,-73.867836
40.756332,-73.83261
40.768093,-73.87602
40.762638,-73.87525
40.75721,-73.87781
40.75216,-73.87159
40.76765,-73.86939
40.755917,-73.83696
40.755783,-73.876076
40.752785,-73.867065
40.762535,-73.87523
40.76108,-73.83315
40.754017,-73.85434
40.754807,-73.877495
40.756332,-73.87618
40.755234,-73.875984
40.757915,-73.87793
40.763004,-73.87485
40.75836,-73.87156
40.7579,-73.834526
40.75837,-73.87924
40.764404,-73.86399
40.754517,-73.87459
40.733627,-73.859604
40.730698,-73.85157
40.729107,-73.852585
40.723396,-73.84686
40.737473,-73.876205
40.72907,-73.86374
40.725418,-73.85348
40.730244,-73.85737
40.7306,-73.86668
40.727455,-73.86128
40.735405,-73.85435
40.723568,-73.858215
40.730465,-73.852356
40.724686,-73.8486
40.724663,-73.85167
40.732235,-73.858894
40.730408,-73.85683
40.725895,-73.853676
40.730015,-73.857254
40.74594,-73.85373
40.72896,-73.866264
40.728935,-73.86221
40.73847,-73.87877
40.72335,-73.844864
40.725048,-73.85408
40.73443,-73.86622
40.659695,-74.0008
40.666294,-73.99712
40.72386,-73.80274
40.741673,-73.82559
40.735497,-73.802
40.739647,-73.82798
40.74094,-73.824425
40.72797,-73.80985
40.74176,-73.82527
40.723732,-73.8063
40.733032,-73.80305
40.73331,-73.8244
40.7341,-73.78831
40.72836,-73.829834
40.74626,-73.824005
40.74628,-73.82414
40.72927,-73.81674
40.74465,-73.793564
40.73215,-73.786896
40.73911,-73.79102
40.72978,-73.80691
40.729355,-73.808205
40.739532,-73.79163
40.735474,-73.80109
40.728226,-73.815994
40.737526,-73.80367
40.747543,-73.79914
40.747684,-73.799286
40.73017,-73.821075
40.73532,-73.79929
40.726288,-73.79638
40.728695,-73.83085
40.646687,-73.974045
40.64285,-73.993454
40.6431,-73.97716
40.641773,-73.97446
40.641773,-73.97446
40.64293,-73.97471
40.64636,-73.97533
40.646687,-73.974045
40.63509,-73.99118
40.6384,-73.981834
40.63509,-73.99118
40.63423,-73.97406
40.64441,-73.973656
40.64339,-73.97598
40.64339,-73.97599
40.634727,-73.98144
40.64293,-73.97471
40.638393,-73.976166
40.64293,-73.97471
40.64293,-73.97471
40.6459,-73.97393
40.6459,-73.97393
40.63534,-73.98554
40.65448,-74.0
40.64733,-74.0054
40.65664,-73.999016
40.649593,-74.00899
40.64946,-74.00348
40.64751,-74.000244
40.653667,-74.00463
40.64742,-74.00034
40.647556,-74.000786
40.65682,-74.00231
40.64751,-74.000244
40.648876,-74.0025
40.647243,-74.005264
40.655617,-74.0016
40.65666,-73.99865
40.647243,-74.005264
40.647556,-74.000786
40.64751,-74.000244
40.647247,-74.005264
40.647243,-74.005264
40.6508,-74.0072
40.64742,-74.00034
40.64974,-74.00419
40.65448,-74.0
40.658062,-74.00157
40.6506,-74.00931
40.648792,-74.002365
40.648792,-74.002365
40.64703,-74.00074
40.655693,-74.00173
40.64772,-74.00084
40.649593,-74.00899
40.649185,-74.00695
40.655643,-74.00164
40.634117,-74.020226
40.646507,-73.998505
40.636414,-73.99697
40.646515,-73.99853
40.646214,-73.99951
40.644543,-74.00439
40.644524,-73.99699
40.636158,-74.00955
40.639877,-74.00119
40.644238,-74.00365
40.64335,-74.00786
40.636604,-74.00576
40.646027,-74.00619
40.63809,-74.017975
40.63433,-74.001076
40.64618,-73.99951
40.63701,-74.01097
40.63761,-74.01053
40.63622,-74.002686
40.636604,-74.00576
40.634777,-74.00776
40.64601,-74.01888
40.64618,-73.99951
40.63887,-74.00499
40.646214,-73.99951
40.646618,-74.011925
40.641163,-74.01672
40.64039,-74.01563
40.637997,-74.009575
40.641163,-74.01672
40.63935,-74.00787
40.642933,-74.007774
40.642227,-73.99694
40.640198,-74.001724
40.642162,-74.00348
40.63116,-74.14874
40.623535,-74.13372
40.63144,-74.128746
40.63189,-74.12134
40.629932,-74.13648
40.63033,-74.13277
40.624943,-74.130066
40.637917,-74.13542
40.63113,-74.14068
40.627186,-74.144485
40.63472,-74.141106
40.62615,-74.1328
40.625263,-74.133766
40.632874,-74.12087
40.6293,-74.12181
40.632244,-74.15439
40.623642,-74.15953
40.633022,-74.15477
40.62607,-74.124626
40.627518,-74.15474
40.627777,-74.13055
40.777077,-73.976845
40.782475,-73.97747
40.776104,-73.98209
40.791187,-73.97346
40.779457,-73.98432
40.786583,-73.97902
40.774876,-73.98323
40.777077,-73.976845
40.788895,-73.97862
40.794502,-73.97603
40.778084,-73.97661
40.782406,-73.97927
40.777077,-73.976845
40.777157,-73.98088
40.77905,-73.98538
40.776546,-73.98598
40.776546,-73.98598
40.777077,-73.976845
40.783733,-73.97465
40.776104,-73.98209
40.796055,-73.973625
40.796253,-73.97411
40.777157,-73.98088
40.777077,-73.976845
40.77476,-73.98408
40.77792,-73.97602
40.63014,-74.086105
40.63813,-74.0755
40.62435,-74.078476
40.631573,-74.08581
40.637997,-74.09157
40.6327,-74.108986
40.629856,-74.10437
40.629192,-74.10832
40.635475,-74.08201
40.640263,-74.07419
40.62729,-74.10089
40.63153,-74.08565
40.639263,-74.07406
40.642815,-74.091675
40.62636,-74.1038
40.64138,-74.08499
40.640144,-74.08394
40.63758,-74.09313
40.63179,-74.085365
40.62165,-74.10719
40.64414,-74.08988
40.642277,-74.106895
40.637573,-74.093124
40.632767,-74.083595
40.63912,-74.08619
40.640263,-74.074196
40.626343,-74.10458
40.62679,-74.1139
40.633484,-74.09031
40.645306,-74.08961
40.639225,-74.091644
40.63849,-74.093575
40.62878,-74.08132
40.638115,-74.07395
40.638046,-74.10309
40.63479,-74.10197
40.632965,-74.10232
40.64025,-74.07418
40.637585,-74.080605
40.639843,-74.08078
40.62536,-74.082466
40.63785,-74.10396
40.63809,-74.07424
40.640568,-74.09423
40.6422,-74.11194
40.63368,-74.095726
40.62716,-74.08137
40.634148,-74.0822
40.627422,-74.07636
40.644855,-74.07878
40.6433,-74.10794
40.642155,-74.1064
40.62311,-74.09028
40.631523,-74.085625
40.62596,-74.10332
40.638027,-74.08694
40.63804,-74.086876
40.641453,-74.087494
40.631805,-74.089325
40.638557,-74.08527
40.63064,-74.09966
40.62977,-74.08553
40.642376,-74.094345
40.627846,-74.108086
40.62367,-74.10911
40.62585,-74.08266
40.62474,-74.10281
40.626102,-74.10067
40.636093,-74.07922
40.635307,-74.08906
40.634804,-74.08364
40.633736,-74.099724
40.627514,-74.10721
40.627583,-74.07643
40.641518,-74.09636
40.633923,-74.08234
40.631523,-74.085625
40.63153,-74.08565
40.631695,-74.11414
40.631733,-74.106514
40.625065,-74.084435
40.631527,-74.08564
40.63889,-74.10909
40.624912,-74.076515
40.638733,-74.08682
40.64485,-74.07879
40.623383,-74.090004
40.626507,-74.10311
40.638817,-74.09074
40.62464,-74.1084
40.638973,-74.073944
40.63571,-74.08821
40.638973,-74.073944
40.640907,-74.10865
40.638268,-74.08534
40.64195,-74.09492
40.63866,-74.10357
40.643784,-74.08254
40.624752,-74.1104
40.64412,-74.0886
40.63926,-74.07405
40.631573,-74.08581
40.630222,-74.104355
40.62836,-74.112976
40.642715,-74.10922
40.633587,-74.10974
40.642467,-74.11235
40.628136,-74.1094
40.637863,-74.10644
40.62375,-74.07833
40.63959,-74.096825
40.64025,-74.07418
40.6271,-74.10385
40.626564,-74.10652
40.64019,-74.11046
40.624325,-74.10923
40.624794,-74.08399
40.631218,-74.104126
40.638573,-74.087746
40.634907,-74.10287
40.642735,-74.112045
40.62708,-74.11149
40.630074,-74.07738
40.639458,-74.10583
40.637146,-74.076935
40.627777,-74.11026
40.64019,-74.11176
40.641445,-74.10687
40.62557,-74.10436
40.624462,-74.10666
40.631626,-74.11023
40.639606,-74.08033
40.626987,-74.0817
40.635315,-74.10081
40.641422,-74.079994
40.644947,-74.0789
40.633877,-74.10566
40.624844,-74.10758
40.642258,-74.107086
40.626812,-74.09603
40.63095,-74.08731
40.62319,-74.09243
40.632343,-74.0978
40.631916,-74.078
40.634403,-74.07891
40.64197,-74.114044
40.633366,-74.08402
40.62557,-74.10436
40.62301,-74.10676
40.62791,-74.10899
40.629658,-74.10877
40.64421,-74.09112
40.629635,-74.10058
40.63082,-74.10069
40.630245,-74.10068
40.629364,-74.08716
40.63713,-74.08734
40.622955,-74.1049
40.628613,-74.08094
40.626118,-74.10814
40.632153,-74.080635
40.641422,-74.07999
40.62695,-74.07908
40.63199,-74.09376
40.62426,-74.104706
40.626923,-74.10882
40.633873,-74.10609
40.629147,-74.10783
40.632496,-74.09841
40.621933,-74.07299
40.62672,-74.10992
40.63928,-74.09675
40.62636,-74.07655
40.63687,-74.11234
40.632313,-74.101814
40.63162,-74.07689
40.627327,-74.10717
40.64309,-74.106514
40.62444,-74.10874
40.642754,-74.09226
40.627254,-74.107506
40.625313,-74.08111
40.644848,-74.07879
40.638115,-74.073975
40.629875,-74.0999
40.62988,-74.099915
40.63332,-74.07633
40.64368,-74.09161
40.63093,-74.1133
40.624187,-74.1109
40.63292,-74.08458
40.638485,-74.07402
40.625904,-74.07496
40.640263,-74.07419
40.64151,-74.11127
40.643448,-74.09348
40.63279,-74.09883
40.62908,-74.08103
40.637608,-74.092926
40.62779,-74.11013
40.642643,-74.11092
40.644234,-74.08477
40.634193,-74.08362
40.633224,-74.0882
40.62754,-74.084946
40.63921,-74.07843
40.64302,-74.10771
40.63658,-74.10775
40.626705,-74.105255
40.641193,-74.111206
40.64142,-74.079994
40.631145,-74.10857
40.633385,-74.092926
40.621647,-74.10993
40.629173,-74.10922
40.629124,-74.1105
40.627533,-74.11069
40.638126,-74.075485
40.623463,-74.10908
40.63574,-74.107574
40.63251,-74.082825
40.626617,-74.08937
40.62596,-74.10332
40.64232,-74.10973
40.634148,-74.082664
40.63982,-74.086075
40.638306,-74.087234
40.64138,-74.10743
40.64147,-74.08001
40.628757,-74.104164
40.624004,-74.08953
40.641415,-74.07999
40.639008,-74.10141
40.64235,-74.110085
40.64268,-74.109535
40.643787,-74.096794
40.63975,-74.10057
40.638973,-74.073944
40.626457,-74.075264
40.631935,-74.08528
40.62992,-74.084366
40.632507,-74.08283
40.626144,-74.1105
40.640263,-74.07419
40.64669,-74.08713
40.642605,-74.09993
40.635796,-74.087524
40.637497,-74.08229
40.6321,-74.10135
40.632355,-74.08312
40.641068,-74.10714
40.63277,-74.10171
40.625633,-74.10805
40.621643,-74.07874
40.634785,-74.10195
40.624992,-74.111435
40.63704,-74.10373
40.63636,-74.08571
40.636284,-74.08714
40.63341,-74.079216
40.64485,-74.07879
40.638477,-74.10112
40.636272,-74.087135
40.624332,-74.08125
40.640907,-74.10865
40.62905,-74.110115
40.644676,-74.08087
40.64202,-74.08146
40.633507,-74.10161
40.640175,-74.11184
40.640263,-74.07419
40.64444,-74.097885
40.62214,-74.08334
40.622524,-74.092735
40.631527,-74.08564
40.63623,-74.08706
40.635864,-74.08985
40.641716,-74.11074
40.63277,-74.1111
40.644947,-74.0789
40.632366,-74.09082
40.640263,-74.07419
40.640903,-74.10863
40.632046,-74.09101
40.632946,-74.07709
40.634785,-74.10195
40.644848,-74.07877
40.635223,-74.07741
40.62238,-74.08328
40.644844,-74.07877
40.63413,-74.07635
40.640213,-74.09199
40.623608,-74.07663
40.643833,-74.08875
40.629776,-74.100044
40.632206,-74.1011
40.640263,-74.0742
40.63812,-74.07397
40.63924,-74.09038
40.640903,-74.10863
40.641525,-74.079
40.627697,-74.08597
40.639507,-74.08347
40.644947,-74.0789
40.64047,-74.09165
40.62412,-74.0916
40.622803,-74.08448
40.64025,-74.077835
40.63778,-74.08587
40.623535,-74.10941
40.631523,-74.085625
40.631992,-74.10222
40.622894,-74.10929
40.635464,-74.10299
40.639008,-74.08059
40.638405,-74.07495
40.6283,-74.083
40.643456,-74.08898
40.640022,-74.08882
40.62811,-74.112816
40.639534,-74.1092
40.633205,-74.07801
40.63811,-74.07397
40.625763,-74.07979
40.641422,-74.08001
40.644844,-74.07877
40.63395,-74.09095
40.63441,-74.09996
40.62988,-74.09991
40.635033,-74.07855
40.63131,-74.08559
40.638134,-74.092094
40.556046,-74.13545
40.556866,-74.135574
40.557964,-74.15708
40.56543,-74.12893
40.561317,-74.12353
40.555824,-74.15718
40.55065,-74.15649
40.55248,-74.134705
40.551132,-74.15603
40.566853,-74.15106
40.563564,-74.1526
40.55259,-74.137856
40.555996,-74.14798
40.566,-74.15297
40.555885,-74.138756
40.549004,-74.15642
40.564632,-74.12571
40.55157,-74.13469
40.547825,-74.15885
40.56138,-74.147934
40.559692,-74.149956
40.54808,-74.156586
40.563187,-74.131676
40.552357,-74.14476
40.56129,-74.120026
40.54616,-74.15105
40.55498,-74.146996
40.556496,-74.15408
40.56036,-74.14879
40.548084,-74.15658
40.569218,-74.123
40.565334,-74.153404
40.554634,-74.131065
40.568752,-74.13208
40.56316,-74.14883
40.56953,-74.12645
40.54817,-74.14549
40.548958,-74.15651
40.55162,-74.13471
40.55661,-74.14696
40.570194,-74.15147
40.57051,-74.11656
40.55763,-74.137474
40.55418,-74.155
40.567017,-74.13402
40.560844,-74.14938
40.560787,-74.14891
40.556293,-74.155365
40.56886,-74.13284
40.557796,-74.14195
40.555637,-74.15868
40.556614,-74.14721
40.557625,-74.13748
40.557774,-74.139755
40.550507,-74.15825
40.549664,-74.15622
40.55783,-74.12565
40.566208,-74.12128
40.560547,-74.128456
40.56628,-74.11934
40.569817,-74.12537
40.548126,-74.14222
40.552925,-74.15434
40.559334,-74.114395
40.566013,-74.15298
40.54633,-74.15502
40.553284,-74.15702
40.554333,-74.1595
40.54917,-74.15529
40.551792,-74.153244
40.564617,-74.12188
40.56467,-74.14117
40.55099,-74.13712
40.556606,-74.1472
40.54632,-74.155014
40.565884,-74.11545
40.566,-74.12748
40.554775,-74.15633
40.5561,-74.15004
40.554665,-74.160416
40.569546,-74.13804
40.564987,-74.15171
40.564644,-74.124374
40.564228,-74.13837
40.553455,-74.13412
40.570107,-74.140335
40.5566,-74.150185
40.556637,-74.150055
40.55391,-74.15447
40.555702,-74.13503
40.56922,-74.14259
40.557774,-74.139755
40.55849,-74.14244
40.56446,-74.15358
40.568913,-74.1384
40.569763,-74.12236
40.55802,-74.14181
40.56498,-74.151405
40.56916,-74.11499
40.567245,-74.13451
40.56485,-74.15192
40.55113,-74.142555
40.567074,-74.12036
40.551197,-74.13736
40.546883,-74.14556
40.559864,-74.121086
40.55903,-74.15319
40.570698,-74.14097
40.55741,-74.11572
40.570286,-74.12618
40.569218,-74.123
40.55393,-74.13616
40.558064,-74.14411
40.56237,-74.13131
40.552177,-74.14519
40.556465,-74.124084
40.547,-74.13992
40.5518,-74.15281
40.56833,-74.12245
40.558464,-74.121376
40.56045,-74.12449
40.560745,-74.13426
40.555733,-74.15572
40.554737,-74.154625
40.570194,-74.15147
40.55898,-74.1497
40.556923,-74.134224
40.554745,-74.154594
40.568367,-74.140625
40.55816,-74.14495
40.56665,-74.12144
40.570724,-74.13471
40.562225,-74.15384
40.552353,-74.14077
40.560844,-74.15835
40.555374,-74.15756
40.56871,-74.15022
40.555878,-74.13874
40.56889,-74.12296
40.55998,-74.160995
40.55187,-74.1415
40.56871,-74.141426
40.558834,-74.158485
40.557774,-74.139755
40.555836,-74.131874
40.564224,-74.15402
40.564823,-74.124596
40.558243,-74.15151
40.56262,-74.12972
40.547813,-74.14056
40.55718,-74.12529
40.56514,-74.14007
40.55627,-74.15134
40.560036,-74.124725
40.55341,-74.154274
40.562614,-74.12973
40.562893,-74.147
40.562992,-74.12649
40.55123,-74.142624
40.566708,-74.15086
40.556347,-74.141685
40.554287,-74.13914
40.567066,-74.132416
40.55007,-74.14933
40.562237,-74.132416
40.560925,-74.159424
40.56665,-74.11853
40.564987,-74.13757
40.552895,-74.159164
40.570023,-74.14199
40.557568,-74.14753
40.569218,-74.123
40.555534,-74.156654
40.549618,-74.1391
40.55551,-74.13304
40.555855,-74.13154
40.55609,-74.15003
40.553402,-74.14999
40.561577,-74.129166
40.558613,-74.16033
40.54708,-74.13897
40.551704,-74.157
40.556202,-74.13564
40.552357,-74.14476
40.549896,-74.15616
40.56948,-74.11679
40.562714,-74.13184
40.5592,-74.12636
40.559402,-74.157715
40.56501,-74.12785
40.549896,-74.156166
40.565884,-74.13652
40.548084,-74.15658
40.5569,-74.145615
40.551876,-74.14841
40.565533,-74.12377
40.557205,-74.115265
40.570984,-74.12094
40.568493,-74.13751
40.547913,-74.154
40.55949,-74.11713
40.569653,-74.11996
40.54848,-74.157455
40.552,-74.147446
40.561646,-74.15733
40.558216,-74.11599
40.552086,-74.153854
40.55972,-74.127716
40.55072,-74.155846
40.558445,-74.12647
40.552372,-74.15383
40.556396,-74.117744
40.56977,-74.11452
40.552544,-74.1378
40.55623,-74.11839
40.552624,-74.15284
40.5652,-74.1196
40.560226,-74.15576
40.559017,-74.14962
40.565857,-74.13369
40.559288,-74.12647
40.570637,-74.13916
40.55536,-74.11781
40.562626,-74.13172
40.558765,-74.13521
40.55274,-74.15637
40.569504,-74.13307
40.55804,-74.12801
40.56875,-74.12643
40.557846,-74.143326
40.56545,-74.116264
40.5545,-74.14263
40.55797,-74.158714
40.55949,-74.15449
40.57007,-74.134346
40.563416,-74.15591
40.565197,-74.119606
40.55778,-74.13976
40.56759,-74.140686
40.57062,-74.11759
40.56379,-74.139824
40.564617,-74.14077
40.56984,-74.12921
40.56772,-74.13411
40.564445,-74.155
40.636272,-74.10201
40.63387,-74.109406
40.62507,-74.07728
40.623005,-74.106766
40.631535,-74.08563
40.64026,-74.0742
40.63711,-74.0926
40.63576,-74.08592
40.631096,-74.10976
40.62593,-74.10163
40.63814,-74.08747
40.6294,-74.099434
40.6338,-74.10671
40.642044,-74.081345
40.63335,-74.09892
40.62818,-74.1102
40.628685,-74.102516
40.63251,-74.09879
40.64483,-74.08986
40.621647,-74.08833
40.639675,-74.087814
40.63348,-74.10119
40.633167,-74.08237
40.636814,-74.08814
40.62566,-74.081314
40.63809,-74.07424
40.644455,-74.0819
40.63337,-74.09697
40.632786,-74.10805
40.641796,-74.0906
40.637207,-74.09287
40.63153,-74.08565
40.639202,-74.10819
40.626038,-74.112335
40.638138,-74.07549
40.638374,-74.086494
40.63004,-74.108475
40.62838,-74.08176
40.62986,-74.09998
40.641415,-74.07999
40.62163,-74.106544
40.559616,-74.15885
40.56844,-74.128716
40.56355,-74.14221
40.569763,-74.12236
40.55928,-74.15357
40.549057,-74.15442
40.564137,-74.129555
40.555885,-74.138756
40.56976,-74.12237
40.56842,-74.12965
40.557816,-74.12331
40.549053,-74.154434
40.552,-74.147446
40.55199,-74.14743
40.569305,-74.128876
40.56548,-74.12008
40.561203,-74.148224
40.556347,-74.141685
40.569054,-74.13495
40.56562,-74.13779
40.55127,-74.15571
40.552357,-74.14476
40.548584,-74.1422
40.564842,-74.11741
40.548477,-74.14235
40.56828,-74.13064
40.56839,-74.138336
40.557068,-74.11849
40.54684,-74.14326
40.552635,-74.151634
40.549355,-74.14444
40.54669,-74.14181
40.561436,-74.12303
40.558987,-74.11961
40.566284,-74.153046
40.55522,-74.15652
40.5582,-74.11728
40.551727,-74.15493
40.552986,-74.15139
40.569218,-74.123
40.556793,-74.12314
40.56327,-74.13006
40.563786,-74.12929
40.551777,-74.14413
40.55185,-74.14884
40.565773,-74.12828
40.567787,-74.13357
40.555668,-74.1604
40.56403,-74.149734
40.557064,-74.14978
40.55707,-74.124466
40.54784,-74.14303
40.5484,-74.15134
40.555508,-74.14254
40.565563,-74.13285
40.570683,-74.13449
40.56975,-74.12421
40.552925,-74.15434
40.56969,-74.118996
40.562,-74.15788
40.556023,-74.13358
40.55855,-74.14988
40.55604,-74.14706
40.569515,-74.12368
40.56179,-74.12748
40.555683,-74.160164
40.560013,-74.160805
40.550823,-74.142944
40.55316,-74.15695
40.552,-74.147446
40.550617,-74.14796
40.569756,-74.15002
40.55307,-74.15782
40.558296,-74.11595
40.556263,-74.149414
40.567474,-74.13626
40.55121,-74.15411
40.54708,-74.13897
40.552925,-74.15434
40.569763,-74.12236
40.565098,-74.14987
40.633682,-74.03176
40.632675,-74.03182
40.629498,-74.02522
40.625977,-74.03231
40.625977,-74.03231
40.63019,-74.02861
40.624912,-74.04046
40.625977,-74.03231
40.627655,-74.02616
40.63979,-74.029785
40.632652,-74.02233
40.629498,-74.02522
40.631325,-74.024666
40.62478,-74.03902
40.634815,-74.03715
40.621773,-74.03438
40.63273,-74.03204
40.624355,-74.03916
40.63273,-74.03204
40.636036,-74.03664
40.621773,-74.03797
40.623,-74.021515
40.635204,-74.03203
40.62492,-74.04047
40.633957,-74.03635
40.636276,-74.03643
40.635372,-74.02574
40.638214,-74.0348
40.633957,-74.03635
40.636036,-74.03664
40.621773,-74.03794
40.635075,-74.03175
40.638214,-74.0348
40.632214,-74.03219
40.628754,-74.02199
40.632214,-74.03219
40.625977,-74.03231
40.635307,-74.02652
40.634216,-74.03029
40.62797,-74.0258
40.623104,-74.04032
40.63423,-74.02633
40.635002,-74.03103
40.63253,-74.03214
40.629433,-74.02299
40.633553,-74.02522
40.631798,-74.026955
40.624172,-74.02103
40.6225,-74.039085
40.635075,-74.03175
40.62499,-74.02086
40.634735,-74.031136
40.62359,-74.03594
40.635075,-74.03175
40.626827,-74.02403
40.626095,-74.02768
40.634735,-74.031136
40.62303,-74.039406
40.630646,-74.024864
40.630646,-74.024864
40.622925,-74.03631
40.622467,-74.03964
40.636036,-74.03664
40.622395,-74.03116
40.63333,-74.03326
40.63315,-74.032646
40.62303,-74.039406
40.634735,-74.031136
40.62797,-74.0258
40.62444,-74.04012
40.632675,-74.03182
40.62444,-74.04012
40.637173,-74.03396
40.63262,-74.03647
40.623055,-73.976425
40.624126,-73.9866
40.626125,-73.981476
40.62428,-73.98593
40.629726,-73.97866
40.627098,-73.99153
40.63009,-73.988014
40.632774,-73.99667
40.62825,-73.98799
40.625793,-73.979385
40.62564,-73.97913
40.629063,-73.97814
40.630356,-73.97545
40.630627,-73.99041
40.622604,-73.97422
40.629063,-73.97814
40.629498,-73.98354
40.623528,-73.97814
40.626125,-73.981476
40.628136,-73.992325
40.62677,-73.98175
40.631897,-73.99042
40.6332,-73.9805
40.629498,-73.98354
40.625603,-73.98151
40.630627,-73.99041
40.629814,-73.99282
40.632774,-73.99667
40.6318,-73.98724
40.623768,-73.975494
40.631317,-73.984
40.62876,-74.03511
40.636745,-74.02731
40.625896,-74.023766
40.635075,-74.03175
40.629826,-74.02991
40.629826,-74.02991
40.636276,-74.03643
40.6279,-74.0251
40.628986,-74.02975
40.634293,-74.03065
40.6279,-74.0251
40.636036,-74.03664
40.62328,-74.03902
40.632214,-74.03219
40.633957,-74.03635
40.62997,-74.03051
40.63473,-74.02087
40.636036,-74.03664
40.63372,-74.026535
40.62956,-74.02887
40.629368,-74.02302
40.63178,-74.0302
40.631752,-74.026764
40.63766,-74.03301
40.634735,-74.031136
40.63438,-74.031
40.635662,-74.02346
40.63431,-74.02437
40.63341,-74.03061
40.62797,-74.0258
40.63889,-74.03577
40.634216,-74.03029
40.632652,-74.02233
40.637306,-74.02874
40.627655,-74.02616
40.635906,-74.03057
40.621723,-74.02716
40.632652,-74.02233
40.634426,-74.03121
40.634735,-74.031136
40.630646,-74.024864
40.631325,-74.024666
40.627373,-74.026024
40.62444,-74.04012
40.638947,-74.02884
40.635075,-74.03175
40.636784,-74.02784
40.623104,-74.04032
40.631546,-74.03086
40.630783,-74.03908
40.63235,-74.02408
40.633327,-74.02736
40.63235,-74.02408
40.63406,-74.02409
40.631325,-74.024666
40.629856,-74.02665
40.631325,-74.024666
40.630646,-74.024864
40.635002,-74.03103
40.631546,-74.03086
40.62444,-74.04012
40.639297,-74.0353
40.62794,-74.03251
40.626785,-74.030045
40.639297,-74.0353
40.639297,-74.0353
40.62696,-74.02204
40.63372,-74.026535
40.63678,-74.0273
40.62512,-74.0241
40.634426,-74.03121
40.62696,-74.02204
40.62303,-74.039406
40.632957,-74.02154
40.63235,-74.02408
40.631065,-74.02825
40.634296,-74.03065
40.636276,-74.03643
40.626133,-74.03031
40.62455,-74.03684
40.635002,-74.03266
40.630043,-74.03584
40.622902,-74.0299
40.631325,-74.024666
40.62839,-74.02724
40.634895,-74.036385
40.639297,-74.0353
40.632214,-74.03219
40.633762,-74.0321
40.632652,-74.02233
40.63566,-74.02936
40.63107,-74.03516
40.622513,-74.038315
40.629498,-74.02522
40.622948,-74.03037
40.636036,-74.03664
40.62286,-74.02802
40.635075,-74.03175
40.636036,-74.03664
40.63359,-74.02659
40.623894,-74.031525
40.639297,-74.0353
40.63364,-74.0302
40.627655,-74.02616
40.63566,-74.02936
40.630646,-74.024864
40.63564,-74.02931
40.62341,-74.03958
40.635075,-74.03175
40.62554,-74.03843
40.632214,-74.03219
40.6355,-74.028786
40.63204,-74.035866
40.63364,-74.0302
40.635075,-74.03175
40.633865,-74.02241
40.63062,-74.028435
40.631603,-74.03776
40.61492,-74.01257
40.61709,-73.99793
40.615646,-74.00111
40.614086,-73.999565
40.61995,-74.01346
40.618164,-74.01108
40.60898,-73.99906
40.618366,-73.99762
40.619385,-74.01597
40.62139,-74.01131
40.618073,-74.010925
40.613895,-74.005516
40.615288,-73.999825
40.618103,-74.01098
40.612,-74.00683
40.61549,-74.008156
40.611767,-74.00633
40.617416,-74.00149
40.616318,-74.007675
40.619587,-74.00432
40.61686,-73.99813
40.614548,-74.00509
40.60899,-74.004944
40.6094,-74.01119
40.617023,-73.9984
40.619694,-74.01001
40.617023,-73.9984
40.600513,-73.99977
40.60272,-74.0126
40.600513,-73.99977
40.604378,-74.015976
40.59713,-73.99719
40.600483,-73.99991
40.603706,-74.01417
40.6082,-74.004776
40.602882,-74.01174
40.60116,-74.00787
40.60207,-74.006996
40.59758,-73.9987
40.60204,-74.00703
40.60394,-74.01393
40.6033,-74.014465
40.606876,-73.99784
40.605644,-74.00958
40.604782,-74.009254
40.604782,-74.009254
40.602882,-74.01174
40.603718,-74.01329
40.60031,-74.00838
40.60344,-74.003876
40.597736,-73.998634
40.603523,-74.00383
40.597736,-73.998634
40.608585,-74.014465
40.6027,-74.01311
40.597736,-73.998634
40.608585,-74.014465
40.60763,-73.99967
40.600197,-73.99356
40.6002,-73.993546
40.606785,-73.98789
40.59647,-73.99383
40.6075,-73.97697
40.60842,-73.98391
40.604736,-73.97588
40.60481,-73.991974
40.5982,-73.9959
40.60267,-73.991455
40.6075,-73.97697
40.601414,-73.99597
40.60267,-73.991455
40.5982,-73.9959
40.601414,-73.99597
40.60714,-73.98574
40.602295,-73.99338
40.605217,-73.98345
40.605022,-73.97685
40.607567,-73.9751
40.53857,-74.14278
40.535126,-74.15036
40.537853,-74.161095
40.538162,-74.15709
40.54406,-74.15883
40.537426,-74.154045
40.535397,-74.15033
40.539497,-74.14661
40.54131,-74.14869
40.529114,-74.16084
40.545544,-74.1499
40.545467,-74.15776
40.5413,-74.148674
40.540936,-74.15533
40.536007,-74.158195
40.535484,-74.15501
40.541763,-74.15839
40.538,-74.14844
40.54406,-74.15502
40.53842,-74.15073
40.539787,-74.1463
40.544544,-74.158844
40.543705,-74.15805
40.536247,-74.156204
40.54092,-74.156876
40.543114,-74.151726
40.536167,-74.15087
40.543465,-74.14931
40.544243,-74.14338
40.538494,-74.14833
40.541325,-74.14827
40.53378,-74.15066
40.542458,-74.153885
40.53636,-74.15371
40.53366,-74.159966
40.54084,-74.15973
40.540565,-74.15937
40.535786,-74.15875
40.52935,-74.16055
40.536503,-74.15589
40.538704,-74.15311
40.538578,-74.14279
40.531265,-74.15773
40.543255,-74.14906
40.545174,-74.158394
40.538303,-74.15499
40.538334,-74.153114
40.537315,-74.14617
40.54256,-74.14539
40.536102,-74.14893
40.540783,-74.16016
40.536766,-74.15385
40.534466,-74.150536
40.529606,-74.15945
40.54547,-74.157776
40.53991,-74.14647
40.543034,-74.152885
40.545753,-74.14089
40.53964,-74.1451
40.535263,-74.150604
40.544865,-74.147865
40.53844,-74.15624
40.541477,-74.15698
40.54484,-74.15512
40.541656,-74.15757
40.532997,-74.16097
40.543537,-74.14789
40.530457,-74.16107
40.54285,-74.15426
40.537067,-74.15436
40.538578,-74.14279
40.541656,-74.15757
40.541,-74.16109
40.536896,-74.15911
40.538692,-74.16031
40.537807,-74.15268
40.53745,-74.15353
40.533566,-74.15226
40.54547,-74.15777
40.53768,-74.15394
40.535767,-74.153564
40.54507,-74.1426
40.537453,-74.14561
40.542812,-74.14469
40.537346,-74.14752
40.540592,-74.144424
40.53569,-74.15538
40.588562,-73.9907
40.592747,-73.97752
40.590263,-73.97565
40.577305,-73.997314
40.59396,-73.976715
40.576828,-73.995964
40.58553,-73.98717
40.577427,-73.97379
40.587227,-73.987175
40.58727,-73.98713
40.590572,-73.99108
40.59223,-73.99114
40.58853,-73.989494
40.57763,-73.9739
40.589466,-73.99113
40.589466,-73.99113
40.5793,-74.00224
40.585426,-73.983475
40.585426,-73.983475
40.57477,-74.00893
40.577427,-73.97379
40.589005,-73.991844
40.58763,-73.98675
40.575443,-74.00154
40.576736,-73.993126
40.575256,-73.97428
40.592407,-73.99157
40.58763,-73.98675
40.593014,-73.97415
40.562645,-74.10056
40.558468,-74.10742
40.56994,-74.09607
40.562813,-74.10339
40.56094,-74.11188
40.56065,-74.113144
40.560368,-74.10726
40.56469,-74.101135
40.57083,-74.09678
40.560593,-74.11126
40.56193,-74.103745
40.563232,-74.09934
40.570606,-74.09466
40.55822,-74.11363
40.562645,-74.09973
40.559624,-74.112434
40.563393,-74.09975
40.565536,-74.10368
40.56311,-74.10057
40.562122,-74.10403
40.55946,-74.11073
40.56309,-74.10003
40.563583,-74.10223
40.563095,-74.10379
40.558903,-74.10969
40.563904,-74.09874
40.564312,-74.10073
40.56422,-74.1076
40.565422,-74.10209
40.56062,-74.106064
40.558666,-74.10777
40.560383,-74.110886
40.56334,-74.10049
40.569824,-74.112335
40.542717,-74.15863
40.54202,-74.150475
40.536404,-74.16048
40.545467,-74.15776
40.544006,-74.15724
40.535927,-74.14995
40.539715,-74.1462
40.545612,-74.15247
40.544544,-74.15931
40.538975,-74.15382
40.54238,-74.15337
40.53004,-74.157486
40.542778,-74.15532
40.54088,-74.14468
40.533676,-74.151726
40.538788,-74.14297
40.53138,-74.1573
40.538025,-74.15626
40.535294,-74.14934
40.53015,-74.1588
40.54046,-74.15952
40.536896,-74.15312
40.536488,-74.153366
40.54285,-74.15497
40.531967,-74.161156
40.537663,-74.1486
40.538982,-74.15338
40.537663,-74.145775
40.537636,-74.14575
40.542007,-74.145065
40.545166,-74.14143
40.54516,-74.141426
40.542305,-74.15554
40.541275,-74.1464
40.52964,-74.15989
40.538578,-74.14279
40.54516,-74.141426
40.54271,-74.1575
40.539635,-74.15856
40.53889,-74.15375
40.538857,-74.155525
40.591343,-74.084045
40.57356,-74.091415
40.5791,-74.107445
40.594063,-74.07612
40.592567,-74.07727
40.573112,-74.10015
40.580128,-74.09438
40.582653,-74.10373
40.57406,-74.10327
40.580544,-74.104774
40.587826,-74.10556
40.58946,-74.07873
40.584038,-74.10152
40.594597,-74.07121
40.579086,-74.09408
40.595024,-74.07711
40.57342,-74.089485
40.59247,-74.073
40.573967,-74.09898
40.58087,-74.09592
40.590614,-74.074036
40.592,-74.07481
40.59046,-74.097115
40.593044,-74.07694
40.57716,-74.101944
40.583145,-74.10577
40.58861,-74.07367
40.588215,-74.097466
40.59199,-74.0748
40.593754,-74.09687
40.59263,-74.07064
40.587406,-74.08788
40.595036,-74.09361
40.575386,-74.10966
40.58564,-74.09665
40.576958,-74.113976
40.59138,-74.094864
40.576805,-74.11354
40.59288,-74.10458
40.576042,-74.10845
40.593246,-74.09527
40.58341,-74.10118
40.581444,-74.08719
40.57197,-74.096375
40.59509,-74.07024
40.59009,-74.09082
40.574406,-74.09299
40.57362,-74.08973
40.572662,-74.11272
40.577137,-74.11299
40.58369,-74.09237
40.577927,-74.092545
40.59367,-74.07171
40.589832,-74.098175
40.591846,-74.088234
40.581043,-74.111244
40.592888,-74.09521
40.58927,-74.077705
40.580917,-74.112305
40.585236,-74.09073
40.592613,-74.06992
40.57945,-74.0948
40.57124,-74.09861
40.5846,-74.09726
40.591915,-74.097534
40.581055,-74.09517
40.59016,-74.076
40.574375,-74.109634
40.586605,-74.0928
40.580666,-74.08669
40.593613,-74.09436
40.58892,-74.07702
40.579967,-74.09472
40.573486,-74.11332
40.583984,-74.10635
40.57981,-74.107796
40.578587,-74.11423
40.572807,-74.10046
40.572178,-74.09756
40.572033,-74.09543
40.581703,-74.10009
40.57842,-74.10078
40.613808,-74.10101
40.6091,-74.08429
40.619907,-74.08173
40.61614,-74.07233
40.598186,-74.07572
40.606373,-74.08765
40.612125,-74.07709
40.619072,-74.10069
40.60793,-74.100845
40.606625,-74.09948
40.615875,-74.07713
40.616047,-74.08246
40.609226,-74.073265
40.62138,-74.11181
40.618984,-74.0996
40.61975,-74.08609
40.610012,-74.07649
40.603416,-74.08911
40.610687,-74.07445
40.612823,-74.09917
40.615105,-74.079185
40.617573,-74.0758
40.597286,-74.09216
40.615948,-74.07675
40.60357,-74.082535
40.60552,-74.087944
40.598984,-74.09092
40.620106,-74.109825
40.61431,-74.07974
40.59994,-74.09444
40.61248,-74.08124
40.57323,-74.090645
40.57911,-74.09833
40.58602,-74.095474
40.590645,-74.07626
40.590645,-74.07626
40.5906,-74.07919
40.593918,-74.0719
40.592335,-74.06835
40.58468,-74.0976
40.577328,-74.09658
40.572502,-74.09132
40.5774,-74.10394
40.58767,-74.08668
40.581932,-74.10676
40.579494,-74.10775
40.594105,-74.070915
40.57565,-74.10936
40.590546,-74.09573
40.576424,-74.10714
40.580605,-74.10681
40.57886,-74.10452
40.591404,-74.08352
40.59045,-74.07182
40.591824,-74.10911
40.580383,-74.11107
40.5959,-74.08339
40.595592,-74.07747
40.571255,-74.11006
40.58086,-74.095146
40.57282,-74.0928
40.5795,-74.111046
40.579765,-74.08848
40.58957,-74.10038
40.573677,-74.0937
40.581055,-74.09517
40.584892,-74.10092
40.58391,-74.111374
40.581295,-74.0879
40.576912,-74.09576
40.587757,-74.097176
40.580196,-74.10186
40.573437,-74.10318
40.574226,-74.089325
40.58468,-74.0976
40.59257,-74.093
40.58775,-74.09717
40.58085,-74.08862
40.575405,-74.11315
40.592464,-74.081566
40.574944,-74.1107
40.57494,-74.09403
40.595634,-74.07749
40.58337,-74.10046
40.57528,-74.10639
40.576744,-74.08872
40.595158,-74.10383
40.5712,-74.11331
40.587738,-74.09961
40.572308,-74.09592
40.592285,-74.082275
40.579494,-74.10775
40.595226,-74.06983
40.593742,-74.0985
40.57137,-74.098045
40.58479,-74.09712
40.580265,-74.08023
40.587524,-74.09671
40.574432,-74.0897
40.573414,-74.09215
40.58951,-74.07649
40.58364,-74.100845
40.57917,-74.10323
40.57339,-74.103226
40.577,-74.09624
40.57459,-74.09672
40.58817,-74.09753
40.576622,-74.095825
40.579773,-74.10772
40.580105,-74.087296
40.58364,-74.100845
40.58686,-74.090126
40.577335,-74.09848
40.595676,-74.093315
40.57532,-74.09577
40.595123,-74.09269
40.5795,-74.107765
40.579773,-74.10772
40.576645,-74.097435
40.592567,-74.077675
40.58639,-74.089264
40.576366,-74.09559
40.588387,-74.11054
40.591736,-74.07786
40.573128,-74.112
40.579865,-74.09824
40.582867,-74.0953
40.595688,-74.09824
40.58307,-74.10294
40.579098,-74.10743
40.579773,-74.10772
40.579494,-74.10775
40.573875,-74.09342
40.58839,-74.073425
40.572453,-74.09038
40.573986,-74.095604
40.57907,-74.1079
40.593616,-74.08058
40.578953,-74.10364
40.592167,-74.08475
40.595654,-74.10314
40.592415,-74.0734
40.579548,-74.09391
40.59192,-74.07515
40.575226,-74.09045
40.591064,-74.08011
40.57255,-74.09141
40.59024,-74.093346
40.59001,-74.090645
40.573868,-74.093414
40.575947,-74.09591
40.59552,-74.07115
40.592163,-74.08476
40.608677,-74.117516
40.615196,-74.151596
40.620953,-74.13435
40.61956,-74.15509
40.603626,-74.1262
40.62014,-74.15961
40.615417,-74.1328
40.60532,-74.12652
40.602764,-74.13269
40.602688,-74.120125
40.616955,-74.12652
40.605335,-74.120575
40.60602,-74.13957
40.6003,-74.13035
40.59772,-74.134476
40.602757,-74.11727
40.60208,-74.13351
40.614517,-74.13679
40.61701,-74.13751
40.60574,-74.14331
40.60957,-74.12515
40.61466,-74.151634
40.617306,-74.12181
40.616295,-74.12575
40.608578,-74.13434
40.617912,-74.13755
40.612312,-74.12024
40.61111,-74.13701
40.61393,-74.14592
40.61604,-74.127884
40.610645,-74.13649
40.608837,-74.14069
40.61464,-74.11662
40.618008,-74.12175
40.615314,-74.1415
40.611546,-74.134476
40.619507,-74.12001
40.618526,-74.12051
40.609753,-74.12964
40.609516,-74.156525
40.616344,-74.11835
40.619534,-74.12702
40.61459,-74.1341
40.61455,-74.15973
40.60807,-74.151024
40.606415,-74.11502
40.61833,-74.139946
40.61859,-74.15207
40.61267,-74.15953
40.60372,-74.116844
40.618916,-74.15371
40.61748,-74.13482
40.614914,-74.13306
40.619396,-74.14779
40.602074,-74.1335
40.614414,-74.146194
40.60605,-74.11971
40.616028,-74.14654
40.602863,-74.132164
40.61466,-74.151634
40.614853,-74.134
40.61905,-74.14452
40.605316,-74.12967
40.603672,-74.13798
40.610733,-74.1405
40.619568,-74.1551
40.61327,-74.14494
40.6196,-74.143524
40.618683,-74.14965
40.617928,-74.12264
40.619793,-74.13864
40.607513,-74.12741
40.60274,-74.11826
40.614353,-74.15979
40.618393,-74.1557
40.61658,-74.138664
40.60205,-74.11759
40.604317,-74.1384
40.61697,-74.126335
40.61666,-74.126595
40.60743,-74.1333
40.61597,-74.14105
40.617428,-74.13049
40.60865,-74.13283
40.604,-74.14228
40.609165,-74.13345
40.621243,-74.13224
40.59955,-74.12967
40.61742,-74.1305
40.606075,-74.12838
40.612328,-74.1608
40.61422,-74.15893
40.619568,-74.1551
40.601616,-74.1329
40.611187,-74.11836
40.61368,-74.151886
40.617146,-74.14292
40.607468,-74.12945
40.6072,-74.15958
40.605583,-74.11581
40.61451,-74.12658
40.608814,-74.131805
40.598698,-74.13754
40.599873,-74.13387
40.600334,-74.13824
40.60978,-74.11697
40.601337,-74.11852
40.61627,-74.146904
40.614082,-74.1149
40.61466,-74.151634
40.61673,-74.13501
40.60238,-74.11665
40.620323,-74.14861
40.62121,-74.12449
40.60135,-74.12124
40.602528,-74.129196
40.617897,-74.148834
40.617542,-74.118095
40.615314,-74.11803
40.60075,-74.132065
40.60168,-74.139694
40.612045,-74.14356
40.604076,-74.11954
40.599148,-74.119194
40.613186,-74.149445
40.60129,-74.139015
40.610184,-74.1376
40.61878,-74.124916
40.60494,-74.12345
40.614395,-74.147995
40.616,-74.149826
40.62142,-74.13916
40.620457,-74.127525
40.605595,-74.14555
40.619522,-74.15287
40.611046,-74.13901
40.616707,-74.116936
40.617706,-74.13804
40.616787,-74.145676
40.61724,-74.138985
40.602333,-74.12036
40.60555,-74.121574
40.605476,-74.13524
40.61108,-74.12841
40.612385,-74.15113
40.603455,-74.11677
40.601486,-74.13615
40.61604,-74.1289
40.616302,-74.13443
40.61718,-74.13463
40.60954,-74.13572
40.615776,-74.14366
40.616432,-74.11898
40.61093,-74.12386
40.608063,-74.125916
40.604935,-74.12054
40.601646,-74.13298
40.602695,-74.119705
40.610443,-74.13284
40.607857,-74.11803
40.611588,-74.12098
40.609715,-74.13351
40.57458,-74.09672
40.579662,-74.09857
40.594543,-74.09817
40.580334,-74.08036
40.571384,-74.09913
40.579773,-74.10772
40.57342,-74.11018
40.5743,-74.104744
40.579914,-74.08693
40.571167,-74.095345
40.592293,-74.09519
40.57907,-74.1079
40.593163,-74.08127
40.583202,-74.09334
40.595722,-74.06956
40.58106,-74.087456
40.58468,-74.0976
40.591988,-74.07379
40.579494,-74.10775
40.590546,-74.09573
40.59427,-74.09019
40.57979,-74.11221
40.577435,-74.10779
40.581882,-74.102615
40.5788,-74.08663
40.5795,-74.107765
40.5728,-74.09344
40.576645,-74.08369
40.5767,-74.08375
40.586895,-74.092094
40.5791,-74.10744
40.577656,-74.08109
40.573395,-74.10167
40.5738,-74.09464
40.57248,-74.0908
40.574623,-74.10162
40.593327,-74.08103
40.574272,-74.09314
40.59291,-74.08943
40.57419,-74.09303
40.579105,-74.107445
40.51344,-74.247345
40.51411,-74.19515
40.502464,-74.237785
40.51141,-74.23309
40.50725,-74.245995
40.510143,-74.25049
40.50972,-74.24377
40.501457,-74.23434
40.513985,-74.24074
40.50733,-74.25472
40.50519,-74.24818
40.510876,-74.25182
40.51328,-74.23931
40.5017,-74.2377
40.50029,-74.24454
40.5017,-74.23772
40.51278,-74.24869
40.50453,-74.24921
40.504665,-74.241196
40.513058,-74.24117
40.512398,-74.23625
40.504223,-74.25094
40.504704,-74.223495
40.51996,-74.2124
40.504868,-74.23744
40.502464,-74.237785
40.503757,-74.251045
40.50721,-74.25328
40.507366,-74.231735
40.507366,-74.231735
40.5145,-74.195435
40.511646,-74.24602
40.510765,-74.23922
40.509712,-74.24163
40.520123,-74.19608
40.50179,-74.24797
40.511814,-74.24797
40.51891,-74.20062
40.499523,-74.24011
40.502457,-74.23778
40.618095,-74.12075
40.60029,-74.12356
40.615685,-74.121155
40.608948,-74.13344
40.611546,-74.13539
40.59927,-74.13715
40.605923,-74.15995
40.618298,-74.13718
40.599415,-74.12841
40.616367,-74.13698
40.602768,-74.11672
40.61846,-74.13815
40.619175,-74.13848
40.6143,-74.145004
40.6096,-74.12859
40.605324,-74.12252
40.618523,-74.140495
40.602943,-74.13825
40.610294,-74.13566
40.606167,-74.12996
40.618027,-74.15632
40.61956,-74.15509
40.60895,-74.1338
40.61984,-74.15266
40.61687,-74.11897
40.616318,-74.12201
40.601215,-74.129944
40.602818,-74.1222
40.60075,-74.132065
40.599133,-74.13366
40.608997,-74.16029
40.617584,-74.12799
40.601624,-74.132904
40.60223,-74.13479
40.610645,-74.15031
40.621235,-74.1371
40.60013,-74.125534
40.616936,-74.137794
40.60574,-74.12026
40.60013,-74.134995
40.600845,-74.13249
40.59031,-74.07868
40.5795,-74.107765
40.591,-74.10389
40.588314,-74.085846
40.583073,-74.09309
40.59356,-74.09589
40.572964,-74.11232
40.574272,-74.10469
40.57389,-74.10341
40.586205,-74.088844
40.57426,-74.10468
40.572044,-74.094086
40.572487,-74.10075
40.57357,-74.09309
40.59457,-74.06855
40.595592,-74.07226
40.593327,-74.0838
40.57176,-74.10943
40.590546,-74.09573
40.59457,-74.06855
40.58056,-74.087135
40.575752,-74.09436
40.59306,-74.08375
40.575195,-74.109505
40.576954,-74.10173
40.574677,-74.11393
40.591076,-74.08351
40.581757,-74.1064
40.581203,-74.103745
40.587856,-74.097946
40.579803,-74.08744
40.574203,-74.09602
40.5788,-74.07931
40.586433,-74.08748
40.59231,-74.068665
40.59334,-74.073456
40.59275,-74.09494
40.58361,-74.105
40.573654,-74.112175
40.589153,-74.1004
40.576942,-74.09647
40.58491,-74.09731
40.593864,-74.092735
40.580906,-74.08716
40.574474,-74.08977
40.5843,-74.09117
40.574623,-74.10163
40.583168,-74.093994
40.58689,-74.09242
40.58616,-74.08774
40.57116,-74.11385
40.591503,-74.08093
40.5795,-74.107765
40.581013,-74.08736
40.579914,-74.08766
40.585106,-74.095924
40.585106,-74.095924
40.584736,-74.08976
40.587288,-74.08791
40.580246,-74.11033
40.581085,-74.10578
40.574223,-74.09642
40.582256,-74.08694
40.5891,-74.10069
40.58489,-74.10092
40.584778,-74.10591
40.588696,-74.074
40.57823,-74.09315
40.582855,-74.09456
40.60256,-74.13446
40.605038,-74.11988
40.61508,-74.13168
40.61491,-74.134735
40.607372,-74.14706
40.598904,-74.13821
40.59934,-74.13652
40.607445,-74.147125
40.61618,-74.15037
40.61791,-74.129395
40.60251,-74.13447
40.60834,-74.14027
40.618862,-74.130066
40.617184,-74.13934
40.601192,-74.12122
40.61152,-74.12936
40.61678,-74.12864
40.615562,-74.14371
40.616245,-74.15073
40.603497,-74.12938
40.607414,-74.147125
40.617527,-74.11618
40.616844,-74.1477
40.605026,-74.11987
40.61011,-74.131805
40.598995,-74.12869
40.615387,-74.128044
40.61796,-74.134674
40.603764,-74.123856
40.61814,-74.14066
40.607254,-74.11696
40.61622,-74.14262
40.60118,-74.12539
40.617676,-74.11748
40.616783,-74.11995
40.615353,-74.132355
40.599945,-74.12694
40.59894,-74.12783
40.61369,-74.15189
40.613102,-74.13443
40.610718,-74.14238
40.612385,-74.15113
40.618156,-74.12446
40.609886,-74.13445
40.600624,-74.13653
40.61348,-74.12496
40.60103,-74.128654
40.606533,-74.14681
40.61517,-74.151375
40.618603,-74.1298
40.60613,-74.13857
40.604286,-74.120094
40.613167,-74.13386
40.610756,-74.147675
40.621384,-74.12955
40.615,-74.137375
40.614677,-74.118195
40.61812,-74.13742
40.603123,-74.12365
40.60448,-74.160484
40.612484,-74.14638
40.61245,-74.123726
40.615616,-74.145004
40.619514,-74.15285
40.619003,-74.1377
40.609,-74.13567
40.606136,-74.13563
40.60049,-74.13388
40.613926,-74.14242
40.6148,-74.152245
40.61313,-74.1295
40.618774,-74.15181
40.612614,-74.14851
40.599422,-74.1284
40.60075,-74.132065
40.61466,-74.151634
40.60467,-74.13528
40.618156,-74.12971
40.60315,-74.12523
40.611973,-74.11579
40.602142,-74.13205
40.604877,-74.138084
40.618034,-74.15633
40.61456,-74.13402
40.6181,-74.14842
40.61401,-74.1172
40.62015,-74.151985
40.60079,-74.11815
40.612385,-74.15113
40.61779,-74.14918
40.61354,-74.12982
40.61164,-74.145134
40.604668,-74.14228
40.61697,-74.12248
40.620358,-74.1481
40.609364,-74.131905
40.59852,-74.12476
40.611004,-74.12932
40.62091,-74.1253
40.602993,-74.11858
40.59936,-74.12876
40.62115,-74.14507
40.608807,-74.13472
40.619343,-74.11903
40.62095,-74.12537
40.607403,-74.13365
40.615185,-74.151505
40.609516,-74.156525
40.601616,-74.1329
40.600967,-74.12901
40.610992,-74.139015
40.601055,-74.13308
40.611084,-74.1393
40.60395,-74.12772
40.61873,-74.14134
40.61731,-74.12715
40.611324,-74.13539
40.61611,-74.12437
40.61956,-74.155106
40.613167,-74.13762
40.59931,-74.13659
40.60367,-74.11859
40.619267,-74.120514
40.61369,-74.15189
40.606712,-74.11467
40.617737,-74.14051
40.614746,-74.1396
40.604034,-74.13467
40.61652,-74.15064
40.6046,-74.12829
40.619522,-74.15287
40.609325,-74.11469
40.617416,-74.12391
40.609528,-74.15653
40.61653,-74.14746
40.61295,-74.14047
40.609592,-74.125046
40.606724,-74.144684
40.613907,-74.13304
40.601616,-74.118324
40.618305,-74.15685
40.620956,-74.13326
40.6126,-74.116196
40.601074,-74.13806
40.616646,-74.14461
40.618687,-74.16034
40.614918,-74.14566
40.60683,-74.12731
40.617126,-74.15047
40.60327,-74.129
40.606403,-74.138214
40.62103,-74.146996
40.609978,-74.13256
40.614456,-74.15921
40.618084,-74.13509
40.613625,-74.130516
40.61258,-74.13379
40.605564,-74.116066
40.6006,-74.130394
40.61055,-74.12381
40.602665,-74.12806
40.611855,-74.1507
40.60991,-74.11709
40.618073,-74.14358
40.615723,-74.156006
40.5988,-74.137054
40.613724,-74.159996
40.603188,-74.12401
40.571148,-74.14213
40.581085,-74.16111
40.594673,-74.160194
40.571445,-74.12666
40.571404,-74.13502
40.589336,-74.15963
40.58928,-74.14506
40.573566,-74.13676
40.580708,-74.160225
40.589745,-74.149506
40.59306,-74.15966
40.59181,-74.14965
40.583008,-74.15805
40.58667,-74.15474
40.572853,-74.12353
40.57143,-74.12568
40.583,-74.15804
40.587933,-74.152756
40.572533,-74.12929
40.5775,-74.11811
40.58582,-74.16078
40.58076,-74.154945
40.589684,-74.15584
40.586433,-74.15113
40.57552,-74.12491
40.590584,-74.14814
40.575356,-74.1166
40.57708,-74.12516
40.590286,-74.1503
40.590584,-74.14814
40.57399,-74.1434
40.591133,-74.15014
40.577927,-74.16111
40.591457,-74.15266
40.580925,-74.13186
40.586685,-74.15162
40.57351,-74.12466
40.59457,-74.1547
40.578007,-74.1605
40.571323,-74.12795
40.585155,-74.15402
40.594673,-74.160194
40.586315,-74.14963
40.581085,-74.16111
40.593063,-74.159676
40.581097,-74.16112
40.577133,-74.15986
40.5812,-74.15757
40.583,-74.15806
40.591553,-74.15398
40.586113,-74.14671
40.593063,-74.15968
40.584606,-74.14901
40.58888,-74.15383
40.591827,-74.15594
40.5711,-74.12667
40.59181,-74.14965
40.594273,-74.15519
40.5765,-74.117294
40.57687,-74.125725
40.58627,-74.14769
40.578075,-74.122
40.57939,-74.1328
40.578365,-74.12213
40.57737,-74.1256
40.59012,-74.155075
40.590214,-74.14725
40.591805,-74.1555
40.58374,-74.16005
40.571815,-74.1351
40.575275,-74.1265
40.573334,-74.11852
40.591827,-74.15502
40.580463,-74.15692
40.588257,-74.15528
40.59045,-74.15212
40.589077,-74.15054
40.577206,-74.119446
40.583008,-74.15805
40.58174,-74.156456
40.59034,-74.15809
40.57588,-74.12658
40.591137,-74.15013
40.59137,-74.15513
40.581413,-74.15606
40.571316,-74.11951
40.577667,-74.11836
40.571922,-74.13421
40.584465,-74.15846
40.571224,-74.13412
40.572407,-74.12216
40.58071,-74.16022
40.586025,-74.14812
40.590584,-74.14814
40.578655,-74.122505
40.590576,-74.14815
40.589504,-74.15722
40.57655,-74.12516
40.574562,-74.12605
40.588814,-74.149864
40.58607,-74.16053
40.578007,-74.1605
40.579613,-74.156204
40.578014,-74.16052
40.572918,-74.12899
40.57946,-74.11876
40.580822,-74.12723
40.593185,-74.151794
40.5807,-74.16021
40.59181,-74.14965
40.590275,-74.15238
40.581245,-74.15833
40.59003,-74.15328
40.57342,-74.13754
40.584007,-74.14923
40.593067,-74.15968
40.582035,-74.13249
40.571983,-74.11513
40.594673,-74.160194
40.572018,-74.12613
40.583538,-74.15967
40.588436,-74.15364
40.595657,-74.15925
40.57621,-74.1158
40.572044,-74.12519
40.592422,-74.15177
40.59092,-74.16101
40.577984,-74.12664
40.585514,-74.15045
40.57258,-74.129364
40.579006,-74.15848
40.58642,-74.14702
40.5807,-74.16021
40.59307,-74.159676
40.572536,-74.13636
40.58046,-74.156906
40.579006,-74.15848
40.57161,-74.13332
40.59307,-74.159676
40.59058,-74.148155
40.57754,-74.126045
40.591892,-74.15142
40.571518,-74.12583
40.59307,-74.15967
40.590584,-74.14814
40.581192,-74.157555
40.59112,-74.15944
40.578297,-74.15779
40.577503,-74.1259
40.58094,-74.134125
40.591892,-74.15588
40.57133,-74.141884
40.590576,-74.14813
40.59181,-74.14965
40.586864,-74.147514
40.58795,-74.15065
40.581196,-74.157555
40.594677,-74.16021
40.591457,-74.160034
40.581413,-74.15606
40.590576,-74.14815
40.585857,-74.16032
40.572098,-74.11758
40.589176,-74.14248
40.59058,-74.148155
40.58676,-74.16102
40.57125,-74.118095
40.583008,-74.158066
40.574165,-74.12402
40.578,-74.16049
40.585255,-74.16018
40.589508,-74.15778
40.590282,-74.15031
40.587215,-74.160286
40.571693,-74.12694
40.577637,-74.11796
40.57776,-74.11723
40.571964,-74.125046
40.59181,-74.14965
40.579556,-74.11966
40.586597,-74.15235
40.58071,-74.16022
40.571716,-74.12813
40.584312,-74.15829
40.571384,-74.132835
40.591805,-74.14966
40.588734,-74.14495
40.589294,-74.15513
40.572796,-74.13597
40.591137,-74.15013
40.57589,-74.12659
40.594673,-74.160194
40.571472,-74.11933
40.573605,-74.14421
40.57233,-74.13672
40.57273,-74.13645
40.576385,-74.12203
40.57147,-74.11787
40.59306,-74.15966
40.59327,-74.1579
40.588676,-74.14947
40.588326,-74.14952
40.578606,-74.12257
40.58046,-74.156906
40.58831,-74.1495
40.588314,-74.149506
40.577316,-74.16111
40.578297,-74.15779
40.591133,-74.15013
40.58953,-74.15498
40.583008,-74.15805
40.592014,-74.15168
40.58647,-74.14653
40.58099,-74.15282
40.57927,-74.135666
40.577507,-74.125916
40.57187,-74.12763
40.59046,-74.1474
40.59181,-74.14965
40.57899,-74.13596
40.578907,-74.12769
40.575428,-74.14298
40.591225,-74.15548
40.57961,-74.13456
40.589268,-74.146484
40.583,-74.15804
40.57885,-74.12225
40.573303,-74.135704
40.572678,-74.12176
40.58724,-74.14958
40.577133,-74.15986
40.575813,-74.13618
40.594673,-74.160194
40.581196,-74.15756
40.57223,-74.127785
40.595974,-74.15797
40.591133,-74.15014
40.57367,-74.12042
40.576584,-74.119736
40.57708,-74.116
40.588543,-74.14963
40.58854,-74.149605
40.594673,-74.160194
40.572655,-74.12637
40.583008,-74.15804
40.59374,-74.15797
40.58898,-74.15307
40.588543,-74.14963
40.57787,-74.12097
40.57351,-74.12007
40.588535,-74.149605
40.593357,-74.1521
40.590595,-74.15274
40.57618,-74.121506
40.588676,-74.14947
40.576324,-74.12134
40.59181,-74.14965
40.58717,-74.15136
40.571415,-74.11937
40.58934,-74.151375
40.57207,-74.12307
40.69211,-73.92157
40.68023,-73.906906
40.696465,-73.90432
40.67696,-73.88071
40.68052,-73.888405
40.674007,-73.90734
40.692955,-73.9202
40.696686,-73.89151
40.68023,-73.906906
40.68438,-73.92541
40.678463,-73.909256
40.688103,-73.910194
40.687466,-73.91098
40.678448,-73.894325
40.697098,-73.89569
40.68671,-73.923225
40.684177,-73.91709
40.691566,-73.90867
40.69232,-73.903244
40.687622,-73.91413
40.687656,-73.909454
40.68863,-73.91907
40.68461,-73.88335
40.68072,-73.89233
40.718033,-73.8983
40.702065,-73.90826
40.72061,-73.9061
40.705486,-73.917725
40.718338,-73.893486
40.717487,-73.88533
40.716095,-73.87981
40.716713,-73.88323
40.698032,-73.88911
40.702717,-73.92038
40.718582,-73.891685
40.707203,-73.899864
40.7131,-73.88339
40.701157,-73.916115
40.718582,-73.891685
40.711456,-73.90312
40.706017,-73.891655
40.712437,-73.90359
40.70797,-73.89714
40.702847,-73.91107
40.70681,-73.918236
40.71689,-73.90757
40.717968,-73.89841
40.70107,-73.923004
40.704796,-73.919556
40.701424,-73.88713
40.714325,-73.896706
40.69723,-73.90275
40.715237,-73.882126
40.704494,-73.88965
40.707443,-73.90549
40.69892,-73.89284
40.705086,-73.88797
40.717228,-73.88321
40.721176,-73.8923
40.703903,-73.892105
40.70277,-73.91094
40.7131,-73.88339
40.715237,-73.882126
40.702732,-73.91307
40.703632,-73.9154
40.721073,-73.88846
40.704327,-73.91047
40.71392,-73.910065
40.70868,-73.899925
40.71681,-73.88351
40.704796,-73.919556
40.721123,-73.88845
40.71787,-73.8986
40.718525,-73.893745
40.70155,-73.91765
40.719807,-73.90484
40.719616,-73.88702
40.698437,-73.902084
40.710217,-73.90698
40.702374,-73.911896
40.713017,-73.9147
40.713127,-73.90612
40.71584,-73.89765
40.715366,-73.90159
40.705364,-73.88619
40.710217,-73.90698
40.700226,-73.881256
40.720463,-73.88659
40.71733,-73.88321
40.700527,-73.92377
40.713593,-73.89569
40.700016,-73.889496
40.72222,-73.902145
40.70488,-73.89613
40.698586,-73.91466
40.70552,-73.89532
40.722218,-73.8836
40.706425,-73.89282
40.704796,-73.919556
40.721615,-73.891945
40.718292,-73.89177
40.709667,-73.898895
40.71172,-73.91946
40.72242,-73.8808
40.72196,-73.881195
40.705124,-73.88798
40.71533,-73.88576
40.72242,-73.8808
40.71573,-73.882385
40.714737,-73.902855
40.72006,-73.8933
40.720345,-73.891495
40.719044,-73.88878
40.72022,-73.89979
40.705376,-73.88714
40.704998,-73.88415
40.722343,-73.8815
40.71612,-73.786514
40.712025,-73.80803
40.710743,-73.79781
40.710743,-73.79781
40.712666,-73.78706
40.710403,-73.79886
40.711437,-73.78604
40.711437,-73.78604
40.710022,-73.79894
40.71384,-73.78857
40.712666,-73.78706
40.712666,-73.78706
40.717274,-73.79311
40.71257,-73.79469
40.710403,-73.79886
40.71138,-73.789154
40.712666,-73.78706
40.711437,-73.78604
40.71135,-73.78929
40.713303,-73.7889
40.71138,-73.789154
40.71055,-73.79784
40.712666,-73.78706
40.715267,-73.792915
40.712406,-73.79243
40.711273,-73.78777
40.713303,-73.7889
40.715267,-73.792915
40.720276,-73.808426
40.71145,-73.80811
40.71055,-73.79784
40.710423,-73.785904
40.703987,-73.920845
40.702717,-73.92038
40.701714,-73.8937
40.716183,-73.89977
40.71614,-73.89986
40.72018,-73.88855
40.705963,-73.900955
40.700443,-73.89692
40.708366,-73.912865
40.699406,-73.90479
40.704247,-73.8827
40.701145,-73.92327
40.707554,-73.91134
40.718433,-73.89393
40.718166,-73.88833
40.70523,-73.88708
40.698208,-73.89545
40.71812,-73.882484
40.712337,-73.88325
40.703827,-73.91936
40.71807,-73.88467
40.708633,-73.906654
40.705536,-73.88626
40.69823,-73.90225
40.69884,-73.92273
40.701767,-73.91622
40.717896,-73.90076
40.70014,-73.88466
40.710056,-73.9167
40.698795,-73.92017
40.705185,-73.886894
40.701885,-73.90844
40.703163,-73.879616
40.714375,-73.88065
40.700848,-73.894005
40.701714,-73.8937
40.70206,-73.90826
40.681686,-73.85234
40.684944,-73.85505
40.67721,-73.84742
40.68458,-73.86375
40.688026,-73.85643
40.688976,-73.85663
40.680428,-73.84285
40.68416,-73.86052
40.67454,-73.854034
40.689507,-73.860405
40.68735,-73.874535
40.691017,-73.85961
40.69558,-73.836555
40.68556,-73.8544
40.686707,-73.86056
40.69162,-73.85159
40.69397,-73.86509
40.696526,-73.848495
40.671974,-73.84691
40.682125,-73.86819
40.673874,-73.85027
40.695713,-73.848145
40.691586,-73.86544
40.6903,-73.859764
40.69289,-73.85748
40.67791,-73.87726
40.685608,-73.86408
40.692806,-73.840965
40.688904,-73.857475
40.67479,-73.842804
40.688198,-73.846855
40.673622,-73.84296
40.677322,-73.86541
40.695225,-73.84188
40.69346,-73.78607
40.686813,-73.79864
40.695732,-73.78893
40.68786,-73.791595
40.688095,-73.78667
40.686882,-73.79484
40.69049,-73.80344
40.690895,-73.80827
40.688164,-73.797424
40.685608,-73.78629
40.68539,-73.79206
40.685062,-73.79734
40.68634,-73.79234
40.69498,-73.78674
40.69401,-73.78701
40.69419,-73.8044
40.68754,-73.80235
40.687794,-73.80468
40.695507,-73.78754
40.687004,-73.79633
40.69179,-73.78869
40.685036,-73.795364
40.685505,-73.792534
40.685143,-73.795815
40.69237,-73.789795
40.685467,-73.797775
40.69469,-73.80586
40.696022,-73.78827
40.72094,-73.89937
40.70423,-73.90785
40.712585,-73.880775
40.71494,-73.88366
40.722412,-73.90963
40.705963,-73.893555
40.70155,-73.91765
40.721302,-73.88835
40.715847,-73.883255
40.707195,-73.917114
40.703194,-73.91067
40.698624,-73.90576
40.71618,-73.88324
40.698624,-73.90576
40.698624,-73.90576
40.715157,-73.901306
40.71592,-73.89849
40.697826,-73.90186
40.698624,-73.90576
40.698624,-73.90576
40.719387,-73.88791
40.703537,-73.909134
40.705853,-73.90191
40.71899,-73.90525
40.722153,-73.88904
40.714405,-73.88531
40.720886,-73.89979
40.700626,-73.89331
40.70248,-73.92529
40.715878,-73.87995
40.70151,-73.896255
40.70259,-73.89182
40.682365,-73.817245
40.679153,-73.81467
40.678295,-73.81508
40.676807,-73.809425
40.67707,-73.80956
40.679665,-73.81728
40.68244,-73.81629
40.679676,-73.832115
40.67782,-73.82377
40.677883,-73.82671
40.681156,-73.82692
40.683052,-73.8104
40.676445,-73.821976
40.679447,-73.8128
40.68359,-73.819824
40.678066,-73.81713
40.680824,-73.83139
40.679825,-73.82103
40.68002,-73.812775
40.67263,-73.82509
40.680935,-73.8111
40.67728,-73.811676
40.673435,-73.8258
40.6778,-73.82383
40.679745,-73.82764
40.677975,-73.817085
40.674187,-73.8191
40.680122,-73.809975
40.679543,-73.825615
40.6804,-73.79972
40.67272,-73.797104
40.67676,-73.79906
40.68356,-73.79807
40.67902,-73.80186
40.679546,-73.804924
40.683605,-73.798065
40.67416,-73.791534
40.682045,-73.79329
40.67276,-73.79756
40.68238,-73.80708
40.67367,-73.80567
40.679264,-73.80292
40.684586,-73.79654
40.68362,-73.79223
40.683346,-73.79494
40.684437,-73.78949
40.679165,-73.79449
40.68344,-73.791855
40.676674,-73.78759
40.67554,-73.79847
40.673977,-73.79107
40.579605,-74.1562
40.594387,-74.15547
40.593338,-74.15207
40.588318,-74.14876
40.578,-74.16049
40.582947,-74.15652
40.571426,-74.11434
40.578175,-74.12655
40.590454,-74.1535
40.580616,-74.15398
40.58013,-74.15415
40.57437,-74.12449
40.577686,-74.11475
40.59454,-74.15661
40.572937,-74.12456
40.583008,-74.158066
40.595383,-74.15554
40.588272,-74.15336
40.572796,-74.13597
40.588814,-74.14987
40.58463,-74.158775
40.594673,-74.160194
40.57278,-74.1334
40.58046,-74.156906
40.58046,-74.156906
40.577255,-74.12596
40.59468,-74.160194
40.583008,-74.15805
40.583073,-74.15827
40.580128,-74.15416
40.577007,-74.123405
40.583447,-74.12639
40.576584,-74.12533
40.571396,-74.13203
40.583,-74.15804
40.58956,-74.15197
40.587345,-74.149925
40.583,-74.15804
40.581093,-74.16113
40.581196,-74.15756
40.7156,-73.877556
40.71866,-73.87323
40.720776,-73.86918
40.718334,-73.87611
40.722332,-73.879295
40.71714,-73.8604
40.718987,-73.876625
40.721806,-73.86674
40.71848,-73.87839
40.713398,-73.85836
40.720295,-73.857124
40.719666,-73.87233
40.721104,-73.85932
40.718815,-73.871254
40.71347,-73.85837
40.71796,-73.85683
40.72218,-73.8561
40.713825,-73.87452
40.71495,-73.85668
40.710808,-73.86354
40.72218,-73.8561
40.721405,-73.85614
40.721405,-73.85614
40.72224,-73.85627
40.72037,-73.872604
40.72109,-73.867455
40.718723,-73.85994
40.72134,-73.86683
40.714157,-73.8719
40.716488,-73.85723
40.71904,-73.85619
40.719887,-73.86847
40.70725,-73.82917
40.708374,-73.82841
40.709534,-73.81766
40.705254,-73.83245
40.70841,-73.827644
40.702927,-73.822624
40.709606,-73.81653
40.70566,-73.82151
40.70981,-73.82895
40.69922,-73.82289
40.70729,-73.82991
40.704456,-73.8289
40.70936,-73.8285
40.709244,-73.81041
40.703037,-73.83067
40.708443,-73.814575
40.709515,-73.82769
40.705177,-73.83225
40.70936,-73.8285
40.70242,-73.81736
40.708942,-73.8159
40.69818,-73.818825
40.716698,-73.835594
40.718704,-73.84548
40.717377,-73.840744
40.721115,-73.85131
40.718918,-73.83648
40.7117,-73.85124
40.719513,-73.83883
40.712963,-73.84334
40.71236,-73.84872
40.71283,-73.834656
40.717766,-73.83857
40.717957,-73.85317
40.72159,-73.846115
40.712585,-73.8342
40.720486,-73.83684
40.72161,-73.84088
40.706703,-73.86276
40.70422,-73.86669
40.7067,-73.86297
40.708447,-73.86983
40.70538,-73.87087
40.703827,-73.872116
40.702232,-73.85622
40.702232,-73.85638
40.7052,-73.85701
40.706005,-73.86879
40.7052,-73.85701
40.70371,-73.869255
40.703377,-73.86355
40.70956,-73.87333
40.705765,-73.860275
40.704346,-73.87298
40.70414,-73.87516
40.706715,-73.87237
40.702087,-73.8791
40.702087,-73.87912
40.706593,-73.869774
40.709297,-73.87766
40.707127,-73.8716
40.70614,-73.8642
40.70545,-73.856384
40.703903,-73.8731
40.708714,-73.86226
40.709206,-73.8649
40.708637,-73.861336
40.705936,-73.86044
40.708557,-73.861275
40.709164,-73.86301
40.715878,-73.87995
40.718018,-73.88241
40.71725,-73.90105
40.700718,-73.92006
40.701385,-73.90123
40.70119,-73.91724
40.705578,-73.89419
40.71383,-73.897064
40.703648,-73.9106
40.721844,-73.900375
40.705723,-73.88445
40.701775,-73.89576
40.705795,-73.88607
40.720825,-73.90026
40.701714,-73.8937
40.709763,-73.91868
40.702045,-73.87958
40.70205,-73.879524
40.703632,-73.9154
40.720825,-73.90026
40.71483,-73.91042
40.705994,-73.884865
40.71533,-73.88137
40.701183,-73.89668
40.72043,-73.90732
40.71647,-73.88809
40.71723,-73.89987
40.719116,-73.89088
40.717735,-73.90378
40.70842,-73.91587
40.69883,-73.90313
40.717896,-73.90076
40.588394,-73.957535
40.599625,-73.93544
40.597725,-73.93509
40.672565,-73.96419
40.684326,-73.964676
40.69217,-73.964195
40.69257,-73.965195
40.685925,-73.934814
40.685696,-73.97007
40.68529,-73.96961
40.682484,-73.93944
40.681263,-73.95377
40.675278,-73.97141
40.67886,-73.96382
40.674362,-73.94029
40.68128,-73.932884
40.68731,-73.96711
40.680458,-73.94309
40.68904,-73.95697
40.675278,-73.97141
40.687244,-73.968185
40.68524,-73.95458
40.651062,-73.83918
40.66677,-73.847626
40.667088,-73.847115
40.667088,-73.847115
40.665195,-73.848564
40.65381,-73.84724
40.67112,-73.83924
40.659985,-73.84206
40.65865,-73.841736
40.66463,-73.84991
40.665974,-73.84491
40.659256,-73.84826
40.670013,-73.87625
40.664898,-73.84944
40.667625,-73.84778
40.658504,-73.84455
40.65594,-73.83328
40.653915,-73.8366
40.66677,-73.847626
40.66677,-73.847626
40.668827,-73.84737
40.65063,-73.83388
40.65529,-73.85159
40.664623,-73.842026
40.657665,-73.87704
40.666096,-73.847145
40.66614,-73.84641
40.66384,-73.849075
40.668713,-73.83907
40.653267,-73.84229
40.669636,-73.840096
40.65877,-73.84267
40.655052,-73.844505
40.651535,-73.84025
40.649975,-73.84149
40.705193,-73.83359
40.705383,-73.83465
40.70852,-73.836716
40.698326,-73.848236
40.708233,-73.85159
40.705402,-73.8346
40.70855,-73.836716
40.70852,-73.836716
40.705265,-73.83288
40.704582,-73.83265
40.69995,-73.85233
40.703594,-73.83603
40.704926,-73.83384
40.70408,-73.83587
40.69986,-73.85151
40.699738,-73.85164
40.70645,-73.83286
40.709415,-73.85123
40.709488,-73.8514
40.69986,-73.85151
40.703056,-73.83645
40.701393,-73.834366
40.70014,-73.85361
40.706936,-73.83573
40.705383,-73.83465
40.704582,-73.83265
40.66956,-73.84632
40.65389,-73.833725
40.665268,-73.849174
40.667362,-73.84579
40.665455,-73.847984
40.65767,-73.87704
40.657665,-73.87704
40.669086,-73.83965
40.66645,-73.85528
40.663857,-73.85427
40.664722,-73.84875
40.665577,-73.855515
40.660656,-73.83732
40.665268,-73.849174
40.66551,-73.85605
40.659454,-73.84479
40.668407,-73.84949
40.669876,-73.84768
40.65043,-73.835724
40.66651,-73.84296
40.661922,-73.83277
40.656322,-73.84402
40.668407,-73.84949
40.66632,-73.85033
40.667515,-73.84736
40.668556,-73.84713
40.667995,-73.84934
40.66958,-73.84128
40.666096,-73.847145
40.657665,-73.87704
40.666573,-73.846245
40.654144,-73.84443
40.666412,-73.84813
40.655224,-73.84689
40.659286,-73.8457
40.65657,-73.84218
40.66032,-73.85184
40.655518,-73.847664
40.649586,-73.84235
40.66976,-73.84039
40.66942,-73.84022
40.662495,-73.851524
40.66353,-73.85426
40.656845,-73.85293
40.651424,-73.84059
40.666573,-73.846245
40.661785,-73.84823
40.66127,-73.8481
40.665646,-73.84625
40.652832,-73.84699
40.667797,-73.84558
40.66687,-73.85007
40.662918,-73.84543
40.657944,-73.842514
40.656578,-73.84122
40.661774,-73.854965
40.660583,-73.8373
40.660957,-73.84706
40.654808,-73.841736
40.66869,-73.84856
40.663944,-73.84282
40.649616,-73.846146
40.654064,-73.83568
40.66203,-73.852135
40.66563,-73.84713
40.667027,-73.849
40.66843,-73.84883
40.65531,-73.84186
40.669876,-73.84768
40.65172,-73.84287
40.656242,-73.8362
40.667995,-73.84934
40.66632,-73.85033
40.659096,-73.84756
40.664696,-73.873314
40.654873,-73.84175
40.667625,-73.84778
40.66231,-73.868
40.656967,-73.84228
40.661865,-73.85293
40.649086,-73.838974
40.668407,-73.84949
40.656376,-73.85253
40.66659,-73.85555
40.66687,-73.85007
40.667625,-73.84778
40.662388,-73.85103
40.667027,-73.849
40.658504,-73.84455
40.659153,-73.84567
40.666306,-73.849014
40.66852,-73.87399
40.65006,-73.844765
40.661125,-73.8368
40.65763,-73.87827
40.653374,-73.84042
40.663345,-73.83797
40.663906,-73.83335
40.669724,-73.847626
40.655716,-73.85159
40.666306,-73.849014
40.65742,-73.851944
40.667515,-73.84736
40.666733,-73.849205
40.671017,-73.86672
40.668995,-73.83692
40.664898,-73.84944
40.666428,-73.84582
40.666306,-73.849014
40.669724,-73.847626
40.666733,-73.849205
40.667515,-73.85023
40.6643,-73.84838
40.661114,-73.8452
40.650375,-73.84638
40.671158,-73.84705
40.664986,-73.847466
40.666096,-73.847145
40.666306,-73.849014
40.666428,-73.84582
40.67117,-73.838875
40.667995,-73.84934
40.66645,-73.85627
40.65845,-73.85333
40.65029,-73.841446
40.670376,-73.83744
40.659817,-73.85138
40.667362,-73.84579
40.664143,-73.84752
40.64915,-73.84509
40.66687,-73.85007
40.668842,-73.84905
40.65668,-73.8346
40.66831,-73.846924
40.648655,-73.84468
40.669422,-73.84081
40.65871,-73.84135
40.658504,-73.84455
40.658504,-73.84455
40.653755,-73.83274
40.6679,-73.84665
40.66831,-73.846924
40.66683,-73.84851
40.649498,-73.84479
40.657814,-73.85419
40.666096,-73.847145
40.65132,-73.840866
40.65832,-73.853294
40.65378,-73.84499
40.66632,-73.85033
40.667027,-73.84533
40.6679,-73.84664
40.66869,-73.84856
40.652084,-73.83614
40.65618,-73.843025
40.66171,-73.855354
40.658382,-73.84536
40.663754,-73.84832
40.654415,-73.84458
40.667904,-73.848885
40.663776,-73.850334
40.655804,-73.85203
40.664513,-73.84948
40.66814,-73.84625
40.661682,-73.84126
40.654266,-73.83573
40.64922,-73.84609
40.656216,-73.84303
40.668358,-73.8463
40.663338,-73.85428
40.66831,-73.846924
40.65585,-73.85193
40.66683,-73.84851
40.65243,-73.839745
40.66422,-73.8482
40.666428,-73.84582
40.666172,-73.84996
40.668747,-73.83906
40.665684,-73.84487
40.66685,-73.842804
40.65845,-73.83277
40.65055,-73.83962
40.670437,-73.878685
40.667995,-73.84934
40.665424,-73.84646
40.657665,-73.87704
40.664303,-73.851036
40.665443,-73.86923
40.66596,-73.843796
40.65632,-73.845924
40.64931,-73.844185
40.66096,-73.878746
40.66677,-73.847626
40.652336,-73.84017
40.664127,-73.85212
40.66596,-73.843796
40.66786,-73.842964
40.66777,-73.84798
40.67009,-73.8403
40.667515,-73.84736
40.665195,-73.848564
40.663826,-73.850266
40.65683,-73.85095
40.66677,-73.847626
40.658745,-73.8408
40.666573,-73.846245
40.668026,-73.84226
40.665047,-73.8725
40.666477,-73.84921
40.671356,-73.83925
40.664436,-73.84815
40.664288,-73.84719
40.667797,-73.84558
40.657795,-73.85386
40.65879,-73.83781
40.667995,-73.84934
40.656376,-73.8334
40.66388,-73.85102
40.668934,-73.845985
40.661964,-73.836006
40.664616,-73.85141
40.664745,-73.84726
40.66153,-73.841484
40.654858,-73.84336
40.66569,-73.87728
40.664368,-73.83962
40.667625,-73.84778
40.657665,-73.87704
40.667625,-73.84778
40.670216,-73.84232
40.665436,-73.855446
40.667625,-73.84778
40.66786,-73.85071
40.667362,-73.84579
40.657665,-73.87704
40.668083,-73.84966
40.668587,-73.839874
40.66831,-73.846924
40.658924,-73.83784
40.668842,-73.84905
40.651386,-73.84088
40.665028,-73.851204
40.66632,-73.85033
40.658504,-73.84455
40.6682,-73.875916
40.66302,-73.85069
40.667103,-73.8794
40.667797,-73.84558
40.663692,-73.85437
40.669743,-73.84154
40.668842,-73.84905
40.6664,-73.85036
40.66683,-73.84851
40.667953,-73.84468
40.657665,-73.87704
40.660545,-73.85561
40.66264,-73.84462
40.669495,-73.83688
40.655914,-73.84776
40.67136,-73.867386
40.65767,-73.87704
40.6602,-73.84402
40.668358,-73.8463
40.661137,-73.83486
40.66019,-73.85078
40.66416,-73.8519
40.67119,-73.83874
40.656544,-73.84407
40.664547,-73.84922
40.65767,-73.87704
40.669765,-73.86924
40.667515,-73.84736
40.669548,-73.83686
40.662575,-73.844604
40.658253,-73.846275
40.662235,-73.833885
40.66351,-73.849106
40.668407,-73.84949
40.651505,-73.839294
40.67173,-73.862114
40.67182,-73.84102
40.653393,-73.84396
40.652912,-73.84701
40.66098,-73.84737
40.65484,-73.833824
40.652184,-73.83617
40.664825,-73.85172
40.66677,-73.847626
40.668137,-73.84432
40.65033,-73.84738
40.657665,-73.87704
40.65374,-73.82887
40.6706,-73.82281
40.668343,-73.81603
40.669865,-73.812386
40.65374,-73.82887
40.6687,-73.80599
40.67187,-73.815605
40.651825,-73.83052
40.67171,-73.82247
40.669575,-73.80356
40.671455,-73.81959
40.669643,-73.80266
40.66954,-73.79144
40.65552,-73.83227
40.670975,-73.82464
40.667633,-73.790924
40.6718,-73.79038
40.669163,-73.79887
40.67074,-73.82035
40.67196,-73.78957
40.671345,-73.8147
40.651127,-73.83183
40.66854,-73.80603
40.66749,-73.791824
40.67049,-73.8219
40.669163,-73.79887
40.67196,-73.78957
40.66822,-73.789825
40.652477,-73.8287
40.66968,-73.80356
40.652668,-73.82825
40.67052,-73.81026
40.65184,-73.83042
40.670998,-73.80638
40.650597,-73.8317
40.6544,-73.83146
40.666008,-73.81358
40.668278,-73.793434
40.670937,-73.80807
40.67072,-73.80636
40.66984,-73.81818
40.666996,-73.79786
40.65143,-73.829895
40.66924,-73.81865
40.67152,-73.81568
40.666687,-73.82013
40.65163,-73.82857
40.652737,-73.82885
40.65266,-73.828285
40.668373,-73.82448
40.668324,-73.793076
40.669464,-73.79233
40.66748,-73.805275
40.669704,-73.7993
40.66748,-73.805275
40.67127,-73.80267
40.670353,-73.79859
40.657658,-73.829414
40.6701,-73.82395
40.67001,-73.79279
40.668095,-73.7944
40.652283,-73.82851
40.669285,-73.81065
40.671482,-73.79784
40.66924,-73.80678
40.6584,-73.830475
40.652573,-73.82995
40.67112,-73.8207
40.671482,-73.79784
40.671654,-73.814705
40.670204,-73.78999
40.670322,-73.819954
40.668247,-73.794945
40.665073,-73.855606
40.661144,-73.84521
40.660065,-73.85178
40.66126,-73.84428
40.667362,-73.84579
40.65092,-73.84458
40.66869,-73.84856
40.667797,-73.84558
40.656227,-73.83467
40.65767,-73.87704
40.671658,-73.840034
40.65371,-73.83339
40.66632,-73.85033
40.669876,-73.84768
40.66777,-73.84798
40.670326,-73.84233
40.649498,-73.84479
40.666374,-73.84771
40.666096,-73.847145
40.665405,-73.84461
40.65941,-73.8786
40.651768,-73.840034
40.66486,-73.84613
40.65229,-73.841934
40.666573,-73.846245
40.655983,-73.84708
40.65484,-73.84174
40.664993,-73.873535
40.657623,-73.833694
40.666733,-73.849205
40.6679,-73.84664
40.656128,-73.83586
40.664127,-73.85212
40.664726,-73.84873
40.66181,-73.85218
40.669876,-73.84768
40.66831,-73.846924
40.65681,-73.84061
40.652897,-73.84506
40.66477,-73.84817
40.661167,-73.848076
40.652714,-73.84502
40.67192,-73.8401
40.65127,-73.834625
40.66814,-73.84625
40.66843,-73.84883
40.64935,-73.84323
40.67107,-73.86826
40.65291,-73.844124
40.66869,-73.84856
40.656868,-73.85198
40.655575,-73.840866
40.65907,-73.83311
40.6515,-73.832985
40.669724,-73.847626
40.657665,-73.87704
40.6664,-73.85036
40.669243,-73.87702
40.655693,-73.83512
40.667892,-73.847664
40.66827,-73.84213
40.665478,-73.84658
40.667515,-73.84736
40.66649,-73.85553
40.666466,-73.849304
40.665195,-73.84595
40.65357,-73.84647
40.66632,-73.85033
40.66632,-73.85033
40.667892,-73.847664
40.657665,-73.87704
40.666096,-73.847145
40.668083,-73.84966
40.661804,-73.848236
40.88969,-73.86193
40.900146,-73.84335
40.902615,-73.86732
40.892094,-73.85608
40.89872,-73.873695
40.899403,-73.86224
40.889088,-73.85483
40.880524,-73.85007
40.88747,-73.8637
40.89045,-73.84026
40.890427,-73.82993
40.89937,-73.84739
40.885494,-73.8629
40.88068,-73.850746
40.890385,-73.85634
40.889946,-73.83898
40.899403,-73.86224
40.88818,-73.849396
40.889088,-73.85483
40.89937,-73.84739
40.888847,-73.833496
40.87975,-73.8527
40.893383,-73.83844
40.895725,-73.85739
40.89354,-73.8555
40.891598,-73.845345
40.88773,-73.849014
40.88056,-73.87649
40.877514,-73.85318
40.876736,-73.84251
40.89431,-73.84165
40.897854,-73.862885
40.87618,-73.86032
40.89825,-73.86298
40.88775,-73.84907
40.899372,-73.87077
40.880898,-73.876274
40.89009,-73.83718
40.5576,-73.92109
40.558678,-73.916245
40.567425,-73.891335
40.563065,-73.912346
40.567654,-73.89072
40.559704,-73.91278
40.557434,-73.9124
40.567154,-73.889336
40.67168,-73.797585
40.653896,-73.8325
40.671734,-73.789925
40.67156,-73.82156
40.66802,-73.78956
40.66495,-73.81553
40.670635,-73.80266
40.669052,-73.812614
40.67056,-73.79877
40.66993,-73.79105
40.668003,-73.79971
40.66993,-73.81911
40.667492,-73.8186
40.669228,-73.80667
40.65603,-73.82967
40.65501,-73.82978
40.667637,-73.825676
40.670605,-73.81698
40.65276,-73.83249
40.653046,-73.82917
40.66929,-73.815445
40.66928,-73.79237
40.671665,-73.816475
40.671013,-73.807526
40.659233,-73.83124
40.669407,-73.803566
40.655823,-73.83229
40.6528,-73.83079
40.650166,-73.8316
40.651424,-73.829926
40.667995,-73.844475
40.667767,-73.84798
40.65767,-73.87704
40.67019,-73.86945
40.657665,-73.87704
40.661827,-73.84824
40.65164,-73.83573
40.65763,-73.87827
40.65846,-73.85167
40.652695,-73.83534
40.65767,-73.87704
40.661793,-73.844025
40.667027,-73.84533
40.654747,-73.844574
40.666496,-73.84373
40.66658,-73.85617
40.667515,-73.85023
40.657032,-73.84271
40.649624,-73.84611
40.66382,-73.85345
40.649147,-73.843185
40.662903,-73.852715
40.665455,-73.847984
40.66713,-73.87255
40.650963,-73.835846
40.66293,-73.854416
40.665195,-73.848564
40.66683,-73.84851
40.65798,-73.84816
40.660976,-73.84516
40.668083,-73.84966
40.665714,-73.85577
40.667362,-73.84579
40.665195,-73.848564
40.66834,-73.84845
40.667027,-73.84533
40.668713,-73.83907
40.57714,-73.84766
40.589832,-73.81521
40.578148,-73.850945
40.597065,-73.79679
40.588184,-73.80533
40.580776,-73.83468
40.575653,-73.842766
40.577,-73.840294
40.576225,-73.84064
40.596844,-73.798996
40.576023,-73.840515
40.577,-73.840294
40.58764,-73.81558
40.60887,-73.817245
40.60586,-73.82021
40.572838,-73.851814
40.58368,-73.8244
40.59059,-73.7901
40.573734,-73.85725
40.573734,-73.85725
40.572838,-73.851814
40.57745,-73.848305
40.58465,-73.82418
40.605648,-73.819725
40.577904,-73.843765
40.61159,-73.8187
40.580482,-73.83175
40.59388,-73.7986
40.581104,-73.84923
40.577133,-73.84866
40.5864,-73.815575
40.58897,-73.78966
40.57714,-73.84766
40.581104,-73.84923
40.588398,-73.811646
40.578297,-73.85555
40.578423,-73.83689
40.57726,-73.83756
40.59388,-73.7986
40.58286,-73.82159
40.582634,-73.82075
40.6026,-73.8222
40.60581,-73.82042
40.604717,-73.82222
40.60331,-73.822266
40.582634,-73.82075
40.58458,-73.8136
40.60231,-73.820786
40.58897,-73.80653
40.596928,-73.794304
40.577,-73.840294
40.57414,-73.85945
40.58055,-73.83401
40.59159,-73.80245
40.588387,-73.79367
40.57652,-73.84198
40.606964,-73.81628
40.577,-73.840294
40.603813,-73.82184
40.57652,-73.84198
40.587097,-73.81486
40.584366,-73.81359
40.596874,-73.794876
40.596832,-73.79918
40.572914,-73.852844
40.5832,-73.81769
40.577286,-73.838165
40.582634,-73.82075
40.606403,-73.81853
40.595165,-73.800606
40.57563,-73.8609
40.587654,-73.815994
40.57601,-73.86013
40.575653,-73.842766
40.577137,-73.858536
40.606834,-73.81971
40.579865,-73.83814
40.577286,-73.838165
40.603775,-73.82138
40.603016,-73.82077
40.57768,-73.8487
40.58897,-73.80653
40.576836,-73.84414
40.57519,-73.85573
40.57907,-73.85502
40.596836,-73.79912
40.57719,-73.83845
40.58029,-73.829384
40.580883,-73.853035
40.573803,-73.86103
40.57182,-73.86216
40.575222,-73.86106
40.574192,-73.86302
40.58088,-73.85303
40.578423,-73.83689
40.59747,-73.8004
40.60403,-73.82242
40.584366,-73.81359
40.577442,-73.83705
40.573463,-73.86203
40.6125,-73.82036
40.57743,-73.83713
40.58944,-73.79086
40.60485,-73.82
40.5894,-73.807205
40.5894,-73.807205
40.61218,-73.81938
40.580235,-73.85077
40.608315,-73.81899
40.576656,-73.840065
40.58944,-73.79086
40.595165,-73.80058
40.589703,-73.80682
40.60555,-73.819885
40.57174,-73.86479
40.593044,-73.79281
40.58822,-73.80513
40.591465,-73.79821
40.589703,-73.80682
40.605766,-73.81971
40.60442,-73.81992
40.589058,-73.79091
40.57679,-73.83966
40.59413,-73.79808
40.578423,-73.83689
40.58468,-73.82064
40.576767,-73.839676
40.576946,-73.84473
40.57695,-73.84844
40.577576,-73.83743
40.589573,-73.7923
40.578423,-73.83689
40.606995,-73.81968
40.607212,-73.820595
40.57176,-73.86272
40.57182,-73.86216
40.592575,-73.7999
40.611324,-73.8186
40.582123,-73.82134
40.571556,-73.860634
40.578423,-73.83689
40.575043,-73.86194
40.571556,-73.860634
40.574364,-73.85663
40.58912,-73.81741
40.591564,-73.79871
40.608425,-73.81637
40.589703,-73.80682
40.576023,-73.840515
40.589233,-73.8133
40.60028,-73.81918
40.582123,-73.821335
40.589703,-73.80682
40.57621,-73.840454
40.588566,-73.81166
40.57128,-73.85925
40.578423,-73.83689
40.576492,-73.84492
40.571545,-73.85304
40.583546,-73.817245
40.585316,-73.81973
40.59559,-73.79574
40.58917,-73.81471
40.577152,-73.85102
40.574272,-73.8611
40.596355,-73.80086
40.573498,-73.86408
40.597065,-73.79679
40.58518,-73.81444
40.58064,-73.84239
40.609352,-73.81814
40.588184,-73.80533
40.578423,-73.83689
40.588184,-73.80533
40.591297,-73.80205
40.583305,-73.81714
40.60509,-73.82036
40.57668,-73.85797
40.596344,-73.80067
40.60181,-73.821304
40.605206,-73.82161
40.577454,-73.840164
40.58536,-73.8227
40.604435,-73.81992
40.574604,-73.854805
40.612297,-73.81926
40.57606,-73.86089
40.60692,-73.820435
40.605114,-73.82062
40.578564,-73.84375
40.576195,-73.84278
40.58212,-73.82136
40.578423,-73.83689
40.60794,-73.818054
40.57564,-73.843445
40.585323,-73.81496
40.57414,-73.85355
40.577286,-73.838165
40.591232,-73.801544
40.577286,-73.838165
40.575653,-73.842766
40.577927,-73.83672
40.580257,-73.846695
40.583305,-73.81714
40.589703,-73.80682
40.571445,-73.86403
40.576767,-73.839676
40.589104,-73.791405
40.57484,-73.86326
40.588387,-73.79367
40.574825,-73.86337
40.5894,-73.807205
40.597088,-73.794815
40.590126,-73.813034
40.576767,-73.839676
40.58992,-73.79091
40.60904,-73.81773
40.59616,-73.799065
40.576538,-73.849625
40.5809,-73.83912
40.57571,-73.85603
40.5746,-73.8623
40.578423,-73.83689
40.57652,-73.84198
40.577576,-73.83743
40.577168,-73.85771
40.576225,-73.84064
40.576023,-73.840515
40.591503,-73.80118
40.57962,-73.841805
40.611095,-73.81956
40.611057,-73.819626
40.598194,-73.79703
40.589703,-73.80682
40.584763,-73.82423
40.58826,-73.79346
40.89666,-73.84194
40.89684,-73.84641
40.87662,-73.843445
40.88577,-73.85844
40.897854,-73.862885
40.88042,-73.83612
40.90084,-73.86238
40.901318,-73.867584
40.902737,-73.85055
40.898945,-73.86346
40.899357,-73.87178
40.89872,-73.873695
40.90246,-73.85031
40.90082,-73.84052
40.88001,-73.8439
40.8905,-73.8318
40.880417,-73.865715
40.882378,-73.860405
40.894302,-73.85117
40.888634,-73.83295
40.890553,-73.86057
40.882587,-73.86365
40.90084,-73.86238
40.880417,-73.865715
40.8789,-73.85514
40.886814,-73.863014
40.89872,-73.873695
40.89872,-73.873695
40.883873,-73.864075
40.883873,-73.864075
40.875645,-73.84598
40.88249,-73.84779
40.896618,-73.85197
40.90009,-73.84707
40.88213,-73.85992
40.88135,-73.877686
40.89872,-73.873695
40.89872,-73.873695
40.87585,-73.87658
40.875885,-73.87437
40.87932,-73.86175
40.88059,-73.852646
40.887566,-73.85111
40.882416,-73.839
40.881115,-73.845314
40.896366,-73.847694
40.90198,-73.86696
40.89712,-73.87337
40.88626,-73.83506
40.88293,-73.86644
40.883087,-73.848015
40.88845,-73.8487
40.892254,-73.85654
40.90084,-73.86238
40.88851,-73.858284
40.87746,-73.84426
40.89438,-73.85216
40.890633,-73.851746
40.89638,-73.85301
40.89969,-73.84659
40.88046,-73.85215
40.895226,-73.84419
40.90084,-73.86238
40.87676,-73.85552
40.887943,-73.86408
40.879436,-73.87753
40.87932,-73.87766
40.878197,-73.87057
40.90084,-73.86238
40.89749,-73.852036
40.892254,-73.85654
40.876106,-73.8422
40.877254,-73.86336
40.880898,-73.876274
40.89872,-73.873695
40.85282,-73.78929
40.860413,-73.82635
40.85708,-73.79012
40.860104,-73.82581
40.856075,-73.79082
40.851723,-73.78813
40.855183,-73.829994
40.855183,-73.829994
40.851368,-73.82953
40.8527,-73.82916
40.8579,-73.789696
40.853863,-73.82944
40.851078,-73.832306
40.8523,-73.788536
40.850952,-73.78663
40.8527,-73.82916
40.855183,-73.829994
40.8527,-73.82916
40.861282,-73.82583
40.85495,-73.79081
40.849586,-73.78566
40.850693,-73.831436
40.855183,-73.829994
40.86055,-73.82506
40.858063,-73.78974
40.855183,-73.829994
40.8575,-73.78987
40.8509,-73.83142
40.860962,-73.82428
40.8527,-73.82916
40.854675,-73.79062
40.8527,-73.82916
40.859177,-73.83235
40.84899,-73.786446
40.85052,-73.78574
40.855183,-73.829994
40.850315,-73.83091
40.85374,-73.828835
40.85181,-73.787186
40.57652,-73.84198
40.575653,-73.842766
40.590706,-73.80999
40.584282,-73.817535
40.607746,-73.81752
40.5948,-73.79409
40.574493,-73.8632
40.596664,-73.79621
40.60525,-73.82214
40.578693,-73.85578
40.57399,-73.85543
40.583305,-73.81714
40.58049,-73.849884
40.57679,-73.83966
40.57483,-73.860435
40.585266,-73.8228
40.571842,-73.85879
40.582294,-73.821175
40.606396,-73.81889
40.604553,-73.82051
40.575653,-73.842766
40.58822,-73.80513
40.571842,-73.85879
40.573196,-73.857925
40.59709,-73.79474
40.594097,-73.79893
40.578423,-73.83689
40.58897,-73.80653
40.60314,-73.8222
40.909897,-73.90412
40.90821,-73.905495
40.91171,-73.90227
40.902325,-73.88853
40.904762,-73.90519
40.902325,-73.88853
40.903053,-73.9074
40.90821,-73.905495
40.902725,-73.90675
40.90821,-73.905495
40.904762,-73.90519
40.906563,-73.90659
40.906563,-73.90659
40.906563,-73.90659
40.909164,-73.9056
40.904762,-73.90519
40.9052,-73.9061
40.89993,-73.90902
40.902325,-73.88853
40.906563,-73.90659
40.902058,-73.900055
40.909164,-73.9056
40.902058,-73.900055
40.9079,-73.900764
40.906826,-73.89967
40.911327,-73.8993
40.90821,-73.905495
40.912746,-73.90212
40.906563,-73.90659
40.83611,-73.85893
40.84057,-73.85886
40.833107,-73.86591
40.83861,-73.85652
40.82344,-73.87072
40.83611,-73.85893
40.83861,-73.85652
40.837673,-73.86199
40.841007,-73.85467
40.843903,-73.853516
40.842293,-73.8342
40.838852,-73.85737
40.8408,-73.85497
40.84659,-73.85326
40.83861,-73.85652
40.83984,-73.86165
40.841496,-73.846886
40.838257,-73.870384
40.833363,-73.84756
40.841904,-73.85608
40.84845,-73.86018
40.836708,-73.86502
40.841095,-73.85922
40.892826,-73.842415
40.90084,-73.86238
40.880096,-73.84409
40.876076,-73.86888
40.88979,-73.83017
40.88614,-73.84968
40.892704,-73.84104
40.89618,-73.84326
40.876823,-73.87409
40.876713,-73.874054
40.90084,-73.86238
40.8752,-73.83685
40.89872,-73.873695
40.88885,-73.85516
40.89501,-73.84991
40.896553,-73.85384
40.900635,-73.86662
40.893757,-73.84656
40.881996,-73.84101
40.902702,-73.843544
40.90084,-73.86238
40.90084,-73.86238
40.89872,-73.873695
40.88645,-73.85026
40.89872,-73.873695
40.89788,-73.86647
40.88833,-73.84828
40.89767,-73.84474
40.876614,-73.860374
40.8939,-73.84853
40.89872,-73.873695
40.89222,-73.83799
40.90073,-73.865715
40.881256,-73.86626
40.900555,-73.86354
40.87701,-73.85305
40.905346,-73.84617
40.90084,-73.86238
40.864353,-73.84881
40.872517,-73.869446
40.87181,-73.84738
40.863552,-73.84601
40.870823,-73.84378
40.855663,-73.86318
40.867435,-73.85598
40.859417,-73.84434
40.855663,-73.86318
40.853184,-73.84883
40.868504,-73.86465
40.859234,-73.86907
40.850266,-73.85545
40.85533,-73.86638
40.852264,-73.86511
40.86947,-73.84536
40.868908,-73.843895
40.85151,-73.86237
40.86397,-73.83767
40.849743,-73.85571
40.864193,-73.86791
40.87059,-73.87045
40.873207,-73.846725
40.858433,-73.87054
40.87059,-73.87045
40.855804,-73.866
40.855804,-73.866
40.670853,-73.76159
40.663635,-73.77217
40.657795,-73.73965
40.664818,-73.780426
40.66564,-73.77709
40.67066,-73.7356
40.658665,-73.73929
40.667477,-73.765045
40.661507,-73.758934
40.66118,-73.741264
40.661343,-73.74954
40.657574,-73.734764
40.664913,-73.73261
40.671413,-73.74655
40.671684,-73.73684
40.66645,-73.77771
40.664463,-73.77577
40.66451,-73.76789
40.662045,-73.76431
40.66473,-73.75009
40.656555,-73.737686
40.66777,-73.73296
40.669334,-73.76933
40.661533,-73.754906
40.66426,-73.78084
40.66117,-73.755455
40.66165,-73.72876
40.65614,-73.743645
40.666767,-73.752975
40.670746,-73.778824
40.877804,-73.839615
40.892254,-73.85654
40.892094,-73.85608
40.89028,-73.85949
40.899715,-73.84509
40.89567,-73.84217
40.904266,-73.85287
40.88115,-73.87568
40.89913,-73.86256
40.89913,-73.86256
40.899372,-73.87077
40.89913,-73.86256
40.879578,-73.8536
40.885185,-73.85414
40.89913,-73.86256
40.89872,-73.873695
40.8767,-73.864204
40.888348,-73.853645
40.90154,-73.841606
40.874317,-73.85139
40.87887,-73.84185
40.90049,-73.84582
40.88056,-73.87649
40.893406,-73.837845
40.8871,-73.8612
40.89265,-73.844215
40.89872,-73.873695
40.880844,-73.862785
40.892834,-73.85632
40.8879,-73.84954
40.8882,-73.84501
40.875507,-73.87395
40.89913,-73.86256
40.88499,-73.861275
40.892017,-73.840164
40.899403,-73.86224
40.90201,-73.853195
40.88103,-73.87584
40.876713,-73.874054
40.879185,-73.83679
40.87878,-73.84599
40.895123,-73.845024
40.902996,-73.847336
40.88042,-73.83612
40.88123,-73.85474
40.87574,-73.84432
40.87483,-73.85063
40.88042,-73.83612
40.880898,-73.876274
40.896526,-73.874535
40.896545,-73.85852
40.897854,-73.862885
40.888927,-73.8554
40.878826,-73.83401
40.88056,-73.87649
40.891888,-73.85632
40.881653,-73.862724
40.88705,-73.85625
40.90178,-73.864975
40.87416,-73.84622
40.88239,-73.85464
40.875957,-73.85298
40.89193,-73.83977
40.896297,-73.85502
40.888836,-73.846725
40.899094,-73.86776
40.88161,-73.85483
40.901,-73.84176
40.87934,-73.87768
40.90084,-73.86238
40.87735,-73.85512
40.87442,-73.84071
40.90084,-73.86238
40.90084,-73.86238
40.89872,-73.873695
40.902836,-73.85253
40.879276,-73.861305
40.671066,-73.88545
40.64823,-73.94418
40.63504,-73.95024
40.648922,-73.94408
40.661545,-73.95964
40.670227,-73.92846
40.64007,-73.96571
40.64159,-73.902855
40.6422,-73.88444
40.629395,-73.97209
40.64783,-73.926346
40.64267,-73.939384
40.644226,-73.905785
40.634197,-73.951744
40.657345,-73.928734
40.659702,-73.924255
40.646606,-73.94749
40.632664,-73.90171
40.64762,-73.88681
40.665737,-73.952774
40.627987,-73.91717
40.634583,-73.96659
40.63719,-73.9712
40.64122,-73.96282
40.649384,-73.93085
40.623554,-73.96084
40.64159,-73.902855
40.666874,-73.960884
40.669025,-73.885216
40.650887,-73.95851
40.59594,-73.77685
40.603962,-73.760345
40.61306,-73.76757
40.59716,-73.77699
40.599407,-73.74152
40.594036,-73.7783
40.59572,-73.750565
40.597927,-73.75506
40.59616,-73.738525
40.598766,-73.74123
40.598976,-73.74451
40.61115,-73.76761
40.609596,-73.7446
40.61085,-73.765305
40.609463,-73.7572
40.609596,-73.7446
40.607517,-73.74724
40.597103,-73.776985
40.599663,-73.741035
40.593678,-73.75845
40.600418,-73.741325
40.609596,-73.7446
40.60308,-73.74921
40.599117,-73.77536
40.608814,-73.765434
40.594738,-73.771095
40.60582,-73.758446
40.59572,-73.750565
40.592014,-73.774376
40.600018,-73.765854
40.594337,-73.77241
40.595795,-73.74949
40.652794,-73.8325
40.670807,-73.80553
40.65286,-73.83251
40.670574,-73.82246
40.66768,-73.79232
40.66982,-73.80266
40.66963,-73.80266
40.668636,-73.80693
40.667213,-73.82369
40.65099,-73.82938
40.671352,-73.81475
40.66756,-73.82473
40.668297,-73.790634
40.671165,-73.81873
40.65099,-73.82938
40.670376,-73.80373
40.669598,-73.80356
40.66993,-73.8214
40.671032,-73.79374
40.668007,-73.790825
40.66993,-73.8214
40.667755,-73.82664
40.65399,-73.82951
40.66438,-73.81246
40.668575,-73.80265
40.669037,-73.823166
40.669052,-73.79117
40.671894,-73.824356
40.65601,-73.829735
40.669407,-73.7998
40.65185,-73.82802
40.6689,-73.79235
40.671703,-73.81469
40.70467,-73.743576
40.68789,-73.75112
40.68041,-73.75132
40.695312,-73.77275
40.707817,-73.744736
40.683083,-73.764084
40.698837,-73.73821
40.848442,-73.90745
40.82602,-73.92553
40.827652,-73.89798
40.831974,-73.92067
40.836674,-73.92453
40.832104,-73.915535
40.8302,-73.88916
40.831974,-73.92067
40.8261,-73.922386
40.83796,-73.92619
40.82517,-73.92328
40.824345,-73.89907
40.83015,-73.920135
40.825912,-73.92522
40.82602,-73.92553
40.83264,-73.887085
40.831974,-73.92067
40.82602,-73.92553
40.834377,-73.91482
40.835293,-73.909225
40.835064,-73.91442
40.83015,-73.920135
40.825283,-73.92548
40.847633,-73.88658
40.831974,-73.92067
40.834427,-73.91169
40.825188,-73.894165
40.84269,-73.92317
40.83015,-73.920135
40.834377,-73.91482
40.82815,-73.90105
40.846027,-73.92106
40.832012,-73.919136
40.835064,-73.91442
40.83015,-73.920135
40.846027,-73.92106
40.83015,-73.920135
40.831203,-73.89339
40.837536,-73.909904
40.847393,-73.89309
40.82443,-73.88741
40.82602,-73.92553
40.848442,-73.90745
40.847374,-73.914055
40.848442,-73.90745
40.835064,-73.91442
40.825714,-73.89841
40.846985,-73.89373
40.846985,-73.89373
40.847374,-73.914055
40.840187,-73.92272
40.83015,-73.920135
40.832012,-73.919136
40.83015,-73.920135
40.83104,-73.88908
40.83181,-73.91633
40.832012,-73.919136
40.831974,-73.92067
40.829338,-73.91814
40.83015,-73.920135
40.828197,-73.912674
40.847153,-73.89258
40.823414,-73.91281
40.82368,-73.91336
40.82642,-73.90842
40.8463,-73.90535
40.831974,-73.92067
40.839996,-73.883804
40.82588,-73.925156
40.83015,-73.920135
40.82855,-73.90217
40.848515,-73.88436
40.8322,-73.893036
40.838146,-73.92536
40.848442,-73.90745
40.82602,-73.92553
40.82517,-73.92328
40.83015,-73.920135
40.83015,-73.920135
40.82517,-73.92328
40.83991,-73.92276
40.84847,-73.8844
40.827652,-73.89798
40.835064,-73.91442
40.839928,-73.905
40.832012,-73.919136
40.82602,-73.92553
40.83015,-73.920135
40.83015,-73.920135
40.83015,-73.920135
40.82791,-73.88159
40.843918,-73.90883
40.829636,-73.881615
40.84607,-73.88075
40.84824,-73.8846
40.825283,-73.92548
40.827908,-73.90181
40.848328,-73.896645
40.84744,-73.890076
40.82517,-73.92328
40.82517,-73.92328
40.823753,-73.889244
40.848194,-73.884636
40.82898,-73.90199
40.841965,-73.9108
40.840237,-73.883835
40.829113,-73.889275
40.825283,-73.92548
40.83292,-73.91568
40.83015,-73.920135
40.823753,-73.889244
40.84821,-73.90403
40.83015,-73.920135
40.842525,-73.88909
40.831974,-73.92067
40.83015,-73.920135
40.839775,-73.922775
40.83015,-73.920135
40.832012,-73.919136
40.83015,-73.920135
40.83015,-73.920135
40.84702,-73.88485
40.83015,-73.920135
40.83015,-73.920135
40.824818,-73.923
40.825912,-73.92522
40.83015,-73.920135
40.82517,-73.92328
40.825283,-73.92548
40.829987,-73.90039
40.834232,-73.91178
40.825283,-73.92548
40.82557,-73.92523
40.831974,-73.92067
40.841503,-73.920845
40.84114,-73.92155
40.83015,-73.920135
40.835064,-73.91442
40.83015,-73.920135
40.83094,-73.887695
40.82517,-73.92328
40.833286,-73.89909
40.826305,-73.916466
40.838726,-73.90956
40.83015,-73.920135
40.827923,-73.89442
40.83015,-73.920135
40.84187,-73.910805
40.86428,-73.90838
40.869453,-73.90593
40.86428,-73.90838
40.872013,-73.88643
40.87255,-73.9189
40.864594,-73.90775
40.87229,-73.88649
40.869545,-73.89344
40.86951,-73.89347
40.869473,-73.89351
40.871094,-73.91527
40.87303,-73.88362
40.851353,-73.899925
40.86479,-73.90716
40.868416,-73.889404
40.867584,-73.89506
40.871883,-73.91884
40.865196,-73.907265
40.86428,-73.90838
40.851837,-73.90731
40.87097,-73.9174
40.864838,-73.886475
40.868065,-73.885155
40.867584,-73.89506
40.870632,-73.91706
40.853355,-73.911064
40.869453,-73.90593
40.863873,-73.908455
40.856007,-73.89183
40.8612,-73.89397
40.86126,-73.89392
40.86132,-73.89388
40.871094,-73.91527
40.871983,-73.91628
40.869453,-73.90593
40.849926,-73.89045
40.864994,-73.905945
40.850163,-73.89506
40.860847,-73.89998
40.868374,-73.92357
40.852497,-73.918884
40.84877,-73.8874
40.873802,-73.885155
40.861088,-73.90503
40.870174,-73.916725
40.871883,-73.91884
40.871315,-73.91576
40.87061,-73.91793
40.864296,-73.8906
40.869305,-73.88826
40.8716,-73.88264
40.867687,-73.92461
40.869453,-73.90593
40.871834,-73.91952
40.86366,-73.9198
40.869453,-73.90593
40.868057,-73.92359
40.86459,-73.90775
40.871883,-73.91884
40.869453,-73.90593
40.86158,-73.90276
40.863873,-73.908455
40.864296,-73.8906
40.869835,-73.915184
40.8683,-73.922905
40.870476,-73.88281
40.869453,-73.90593
40.868526,-73.923515
40.866558,-73.89634
40.850044,-73.890656
40.867584,-73.89506
40.87056,-73.91663
40.869453,-73.90593
40.868332,-73.883194
40.871883,-73.91884
40.865925,-73.89136
40.871315,-73.91576
40.854027,-73.89621
40.850883,-73.91975
40.871315,-73.91576
40.871246,-73.91693
40.869453,-73.90593
40.8683,-73.926094
40.871315,-73.91576
40.860847,-73.89998
40.866997,-73.92507
40.871315,-73.91576
40.871246,-73.91693
40.87171,-73.90509
40.866074,-73.88826
40.869453,-73.90593
40.870495,-73.8823
40.870773,-73.90609
40.851837,-73.89753
40.860443,-73.907425
40.853848,-73.896286
40.869453,-73.90593
40.870773,-73.90609
40.86158,-73.90276
40.86428,-73.90838
40.860847,-73.89998
40.872402,-73.885216
40.849075,-73.886116
40.86428,-73.90838
40.8664,-73.88782
40.860878,-73.900055
40.864594,-73.90775
40.872402,-73.885216
40.867584,-73.89506
40.864296,-73.8906
40.870716,-73.91637
40.86621,-73.89995
40.869453,-73.90593
40.86752,-73.88454
40.85025,-73.886734
40.871296,-73.9169
40.869534,-73.90602
40.8683,-73.922905
40.8683,-73.926094
40.860554,-73.903206
40.869453,-73.90593
40.8683,-73.926094
40.857807,-73.887665
40.87089,-73.91554
40.870476,-73.88281
40.868332,-73.883194
40.872402,-73.885216
40.870174,-73.916725
40.851517,-73.91978
40.870476,-73.88281
40.87124,-73.9179
40.868332,-73.883194
40.851284,-73.919846
40.869835,-73.915184
40.86465,-73.90821
40.868332,-73.883194
40.86183,-73.9026
40.872402,-73.885216
40.857635,-73.88452
40.870495,-73.8823
40.86479,-73.90716
40.870476,-73.88281
40.871983,-73.91628
40.86479,-73.90716
40.86158,-73.90276
40.8683,-73.922905
40.87061,-73.91793
40.87061,-73.91793
40.869453,-73.90593
40.870495,-73.8823
40.86459,-73.90775
40.8677,-73.884964
40.863953,-73.90788
40.869534,-73.90602
40.85607,-73.909004
40.87061,-73.91793
40.871296,-73.9169
40.851536,-73.88555
40.871246,-73.91693
40.8683,-73.922905
40.856415,-73.89186
40.8683,-73.922905
40.86158,-73.90276
40.871246,-73.91693
40.872402,-73.885216
40.87255,-73.9189
40.8683,-73.922905
40.867584,-73.89506
40.871983,-73.91628
40.872402,-73.885216
40.870758,-73.91803
40.867584,-73.89506
40.851475,-73.89066
40.851418,-73.8907
40.868793,-73.883415
40.865086,-73.904236
40.86546,-73.89213
40.860847,-73.89998
40.869534,-73.90602
40.867584,-73.89506
40.852573,-73.90071
40.87097,-73.9174
40.867584,-73.89506
40.863422,-73.89879
40.867584,-73.89506
40.86916,-73.888535
40.867584,-73.89506
40.863422,-73.89879
40.85469,-73.89869
40.866898,-73.88973
40.869453,-73.90593
40.860847,-73.89998
40.852657,-73.91987
40.84867,-73.89772
40.868416,-73.889404
40.86408,-73.89306
40.870174,-73.916725
40.870716,-73.91637
40.871845,-73.88695
40.860554,-73.90192
40.86433,-73.90752
40.870766,-73.91592
40.870766,-73.91592
40.87071,-73.91657
40.870476,-73.88281
40.872017,-73.898735
40.87097,-73.9174
40.85681,-73.90782
40.86465,-73.90821
40.869534,-73.90602
40.86758,-73.885994
40.867596,-73.90774
40.86433,-73.90752
40.868332,-73.883194
40.869534,-73.90602
40.867596,-73.90774
40.853848,-73.89632
40.870407,-73.916885
40.869453,-73.90593
40.86386,-73.92307
40.869534,-73.90602
40.869534,-73.90602
40.85155,-73.89101
40.869453,-73.90593
40.8683,-73.926094
40.864594,-73.90775
40.863953,-73.90788
40.869453,-73.90593
40.863953,-73.90788
40.869453,-73.90593
40.871296,-73.9169
40.86158,-73.90276
40.850136,-73.89609
40.87103,-73.91645
40.824497,-73.94401
40.834156,-73.946465
40.836082,-73.945564
40.82528,-73.94621
40.827274,-73.94903
40.8475,-73.94017
40.836082,-73.945564
40.8475,-73.94017
40.83481,-73.948105
40.83235,-73.94334
40.827965,-73.941055
40.82957,-73.94554
40.835316,-73.9465
40.824066,-73.94443
40.83244,-73.94259
40.82495,-73.95036
40.84354,-73.935455
40.82625,-73.94542
40.82719,-73.95155
40.835316,-73.9465
40.824066,-73.94443
40.83481,-73.948105
40.836082,-73.945564
40.835533,-73.94488
40.83462,-73.94727
40.82957,-73.94554
40.83462,-73.94727
40.833897,-73.93008
40.837383,-73.94562
40.836082,-73.945564
40.83462,-73.94727
40.836082,-73.945564
40.83462,-73.94727
40.847736,-73.94008
40.830597,-73.92795
40.830597,-73.92795
40.84378,-73.94302
40.833763,-73.94096
40.833763,-73.94096
40.83205,-73.949036
40.83453,-73.94703
40.847736,-73.94008
40.833763,-73.94096
40.82893,-73.94325
40.824066,-73.94443
40.828663,-73.9434
40.84378,-73.94302
40.823437,-73.94258
40.830597,-73.92795
40.83518,-73.94693
40.84378,-73.94302
40.835533,-73.94488
40.824764,-73.94015
40.82585,-73.94565
40.83518,-73.94693
40.82719,-73.95155
40.823437,-73.94258
40.833763,-73.94096
40.83462,-73.94727
40.82893,-73.94325
40.824615,-73.941414
40.83477,-73.94597
40.827766,-73.939255
40.84856,-73.930984
40.82837,-73.95044
40.836533,-73.93868
40.82837,-73.95044
40.84856,-73.930984
40.82886,-73.94309
40.83477,-73.94597
40.83267,-73.94022
40.836082,-73.945564
40.829067,-73.9494
40.825237,-73.94118
40.823437,-73.94258
40.833557,-73.94426
40.836082,-73.945564
40.82545,-73.94662
40.847736,-73.94008
40.82611,-73.95236
40.82993,-73.9495
40.847736,-73.94008
40.84869,-73.89778
40.86301,-73.89185
40.87255,-73.9189
40.867584,-73.89506
40.870476,-73.88281
40.870476,-73.88281
40.87124,-73.9179
40.868416,-73.889404
40.868416,-73.889404
40.867584,-73.89506
40.870632,-73.91706
40.87103,-73.91645
40.849678,-73.92075
40.870632,-73.91706
40.87103,-73.91645
40.8522,-73.88823
40.868416,-73.889404
40.866997,-73.92507
40.867596,-73.90774
40.8716,-73.88264
40.871246,-73.91693
40.87168,-73.91782
40.871246,-73.91693
40.860847,-73.89998
40.871807,-73.903145
40.855442,-73.88535
40.86158,-73.90276
40.870476,-73.88281
40.872433,-73.91771
40.871315,-73.91576
40.872433,-73.91771
40.860847,-73.89998
40.871246,-73.91693
40.8716,-73.88264
40.8505,-73.88922
40.87168,-73.91782
40.87071,-73.91657
40.86465,-73.90821
40.871315,-73.91576
40.829,-73.95
40.824856,-73.95014
40.83481,-73.948105
40.837685,-73.94128
40.827747,-73.9509
40.84856,-73.930984
40.828598,-73.950226
40.83732,-73.94074
40.834774,-73.9393
40.834896,-73.94831
40.824615,-73.941414
40.824615,-73.941414
40.83281,-73.940216
40.83078,-73.94261
40.828316,-73.938934
40.828663,-73.9434
40.83281,-73.940216
40.833416,-73.942764
40.835533,-73.94518
40.835815,-73.9465
40.82719,-73.95155
40.825554,-73.95302
40.825554,-73.95302
40.83297,-73.94047
40.832607,-73.92768
40.82821,-73.94736
40.83462,-73.94727
40.829372,-73.94004
40.847736,-73.94008
40.82467,-73.9497
40.826427,-73.94895
40.847736,-73.94008
40.834846,-73.942375
40.841633,-73.93895
40.83682,-73.9466
40.83682,-73.9466
40.834957,-73.94872
40.83281,-73.940216
40.836082,-73.945564
40.824066,-73.94443
40.841633,-73.93895
40.817818,-73.91094
40.816692,-73.911385
40.822433,-73.91177
40.810722,-73.92422
40.82038,-73.91097
40.820503,-73.91136
40.82027,-73.894554
40.820717,-73.903206
40.822433,-73.91177
40.813988,-73.90353
40.82038,-73.910934
40.82284,-73.90291
40.817307,-73.8969
40.821438,-73.90172
40.82276,-73.90709
40.81375,-73.89929
40.82038,-73.910934
40.82038,-73.910934
40.82038,-73.910934
40.81117,-73.92049
40.818104,-73.908714
40.82061,-73.90451
40.818073,-73.88617
40.822433,-73.91177
40.821438,-73.90172
40.81228,-73.88905
40.815765,-73.90838
40.818913,-73.91226
40.814697,-73.89956
40.819504,-73.903206
40.82038,-73.91097
40.820023,-73.91034
40.820015,-73.917656
40.822433,-73.91177
40.82273,-73.90905
40.817986,-73.89622
40.824764,-73.94015
40.82993,-73.9495
40.8259,-73.95264
40.824066,-73.94443
40.827183,-73.94375
40.82625,-73.94542
40.828598,-73.950226
40.82625,-73.94542
40.832207,-73.92869
40.830696,-73.94241
40.832268,-73.92865
40.82344,-73.94337
40.823997,-73.93945
40.855618,-73.938416
40.85314,-73.93905
40.85337,-73.93559
40.8553,-73.93545
40.85314,-73.93905
40.85314,-73.93905
40.857044,-73.93727
40.8583,-73.93273
40.85314,-73.93905
40.8569,-73.936356
40.854275,-73.935036
40.855618,-73.938416
40.85337,-73.93559
40.855618,-73.938416
40.855618,-73.938416
40.855618,-73.938416
40.863937,-73.928795
40.85233,-73.93975
40.854275,-73.935036
40.85233,-73.93975
40.857803,-73.93302
40.863937,-73.928795
40.855415,-73.93889
40.85671,-73.93754
40.853676,-73.93473
40.85184,-73.94128
40.851234,-73.94011
40.85145,-73.9419
40.851234,-73.94011
40.82038,-73.910934
40.811214,-73.92059
40.81902,-73.91242
40.818966,-73.89518
40.8191,-73.887535
40.81121,-73.886284
40.815044,-73.9025
40.814903,-73.9081
40.82042,-73.90337
40.817524,-73.91063
40.817493,-73.910576
40.814903,-73.907936
40.81876,-73.9074
40.82097,-73.90617
40.821438,-73.90172
40.814697,-73.89956
40.811844,-73.92477
40.82038,-73.91097
40.81375,-73.89929
40.81997,-73.89456
40.82038,-73.910934
40.820232,-73.91254
40.81123,-73.906166
40.82038,-73.910934
40.82038,-73.910934
40.82038,-73.910934
40.801636,-73.916595
40.82244,-73.890076
40.820232,-73.91254
40.820747,-73.91009
40.820484,-73.91018
40.811146,-73.92043
40.82244,-73.890076
40.82038,-73.91097
40.822678,-73.89658
40.82038,-73.910934
40.82545,-73.94662
40.847736,-73.94008
40.83205,-73.949036
40.833557,-73.94426
40.83462,-73.94727
40.83867,-73.93699
40.82993,-73.9495
40.835815,-73.9465
40.82806,-73.93903
40.823437,-73.94258
40.828663,-73.9434
40.83725,-73.94766
40.824352,-73.94703
40.823997,-73.93945
40.82391,-73.93948
40.83696,-73.947754
40.835815,-73.9465
40.824615,-73.941414
40.83477,-73.94597
40.8242,-73.9398
40.83462,-73.94727
40.83477,-73.94597
40.823563,-73.95008
40.83477,-73.94597
40.83867,-73.93699
40.83477,-73.94597
40.827183,-73.94375
40.82527,-73.94843
40.824066,-73.94443
40.842434,-73.93788
40.833557,-73.94426
40.824764,-73.94015
40.83104,-73.94658
40.833557,-73.94426
40.833557,-73.94426
40.825928,-73.94379
40.835396,-73.94199
40.82719,-73.95155
40.827747,-73.9509
40.77346,-73.95454
40.77369,-73.95548
40.793526,-73.97024
40.78461,-73.97121
40.775963,-73.95779
40.775017,-73.95161
40.789642,-73.967255
40.793526,-73.97024
40.775246,-73.95015
40.777287,-73.947655
40.783695,-73.97298
40.783417,-73.95637
40.773174,-73.89075
40.777122,-73.91904
40.775253,-73.90618
40.77722,-73.92238
40.773197,-73.89014
40.777763,-73.90538
40.779903,-73.90961
40.781178,-73.90487
40.77524,-73.90046
40.77296,-73.88977
40.780853,-73.910675
40.773197,-73.89014
40.781178,-73.90487
40.781178,-73.90487
40.775955,-73.90777
40.7772,-73.90737
40.774673,-73.89983
40.7812,-73.908905
40.779003,-73.91861
40.778206,-73.91364
40.77858,-73.91418
40.775475,-73.90929
40.78153,-73.913506
40.695267,-73.996864
40.687157,-73.995575
40.695034,-73.99324
40.69651,-73.99179
40.68842,-73.981415
40.690807,-73.99001
40.68953,-73.986465
40.689445,-73.99605
40.69207,-73.98021
40.692474,-73.98507
40.68845,-73.9873
40.68522,-73.9788
40.69708,-73.98836
40.687847,-73.99481
40.67745,-73.997696
40.68233,-73.997536
40.682182,-74.00369
40.677166,-73.99776
40.682655,-74.00143
40.68286,-74.001495
40.68233,-73.997536
40.682655,-74.00143
40.674477,-73.9986
40.684063,-74.003555
40.677376,-73.99705
40.68191,-73.99808
40.68172,-74.0035
40.675667,-73.99892
40.679123,-74.00156
40.683357,-74.00317
40.68291,-74.00426
40.682076,-73.99812
40.680717,-74.0025
40.680588,-74.00266
40.684002,-74.00287
40.67874,-74.01143
40.67727,-74.00034
40.680717,-74.0025
40.675903,-73.99873
40.678516,-74.011154
40.675903,-73.99873
40.680588,-74.00266
40.675667,-73.99892
40.677166,-73.99776
40.683643,-74.00387
40.681297,-73.99937
40.677166,-73.99776
40.676804,-73.99908
40.68407,-73.99703
40.68382,-73.999855
40.68109,-74.01012
40.674625,-73.999435
40.677322,-74.00028
40.710457,-73.991234
40.715595,-73.9936
40.715393,-73.986435
40.71232,-73.99301
40.715393,-73.986435
40.714645,-73.98544
40.71546,-73.996826
40.710457,-73.991234
40.712917,-73.97816
40.715057,-73.98183
40.72115,-73.99341
40.72122,-73.97895
40.71555,-73.988365
40.720024,-73.99165
40.713478,-73.979416
40.714905,-73.987595
40.71477,-73.98055
40.714912,-73.98759
40.710457,-73.991234
40.722103,-73.99608
40.720024,-73.99165
40.722034,-73.98762
40.720894,-73.978424
40.71887,-73.99134
40.710457,-73.991234
40.716576,-74.01613
40.71007,-74.017006
40.709854,-74.01789
40.717712,-74.002815
40.717167,-74.00248
40.718643,-73.997925
40.71378,-74.00462
40.71274,-73.99936
40.718643,-73.997925
40.710068,-74.01785
40.71382,-74.00837
40.71674,-74.009415
40.717712,-74.002815
40.71517,-74.01092
40.71007,-74.017006
40.713737,-74.00001
40.718647,-74.002975
40.709854,-74.01789
40.716576,-74.01613
40.716576,-74.01613
40.719345,-74.00359
40.71274,-73.99936
40.716576,-74.01613
40.709965,-74.004135
40.711395,-74.005905
40.713512,-73.999535
40.71253,-73.99985
40.713512,-73.999535
40.719067,-74.008415
40.719067,-74.008415
40.711178,-74.008125
40.721737,-73.9981
40.71865,-74.002975
40.709965,-74.004135
40.715206,-74.00913
40.70592,-74.010765
40.709164,-74.01293
40.708374,-74.01679
40.70839,-74.01777
40.706837,-74.00832
40.708614,-74.00348
40.70653,-74.01086
40.705185,-74.00789
40.705273,-74.01023
40.706184,-74.01561
40.709755,-74.0085
40.706116,-74.011734
40.708614,-74.00348
40.706837,-74.00832
40.709034,-74.004684
40.70773,-74.009735
40.70929,-74.01613
40.70907,-74.00982
40.706184,-74.01561
40.70592,-74.010765
40.707764,-74.01499
40.70592,-74.010765
40.708828,-74.01657
40.708103,-74.016975
40.709522,-74.00243
40.705185,-74.00789
40.70983,-74.00951
40.812756,-73.82697
40.81513,-73.80242
40.816433,-73.810326
40.81749,-73.82224
40.80995,-73.80218
40.814785,-73.80092
40.814754,-73.82387
40.816296,-73.79994
40.822178,-73.80648
40.81906,-73.80576
40.812195,-73.80677
40.81897,-73.80592
40.815125,-73.801796
40.81866,-73.81297
40.81769,-73.8189
40.81866,-73.81297
40.819454,-73.8193
40.818436,-73.82075
40.81441,-73.81846
40.820637,-73.81897
40.820248,-73.821434
40.819195,-73.8213
40.81367,-73.82324
40.81906,-73.80576
40.815186,-73.81605
40.814644,-73.81631
40.80988,-73.80264
40.798668,-73.81949
40.81263,-73.80741
40.81944,-73.81889
40.803417,-73.967766
40.82271,-73.94273
40.815548,-73.9416
40.799824,-73.966934
40.81517,-73.93684
40.801777,-73.965096
40.819633,-73.95247
40.80912,-73.95147
40.812893,-73.9449
40.822964,-73.926735
40.8117,-73.96209
40.81118,-73.9451
40.81429,-73.96096
40.80439,-73.967964
40.79875,-73.93618
40.80403,-73.937836
40.8073,-73.96666
40.803417,-73.967766
40.804638,-73.95656
40.81118,-73.9451
40.802914,-73.96811
40.81429,-73.96096
40.804237,-73.96759
40.817883,-73.938644
40.80892,-73.95361
40.80439,-73.967964
40.8117,-73.96209
40.805904,-73.853645
40.812607,-73.85968
40.81611,-73.84875
40.82315,-73.8478
40.815063,-73.85055
40.805904,-73.853645
40.820747,-73.847374
40.82294,-73.86072
40.814808,-73.86294
40.815918,-73.85816
40.815807,-73.85759
40.805904,-73.853645
40.821247,-73.87598
40.805904,-73.853645
40.821247,-73.87598
40.820683,-73.8731
40.818157,-73.852554
40.805656,-73.85058
40.820976,-73.845695
40.806145,-73.852356
40.821598,-73.87332
40.82268,-73.84592
40.82261,-73.86095
40.821247,-73.87598
40.80857,-73.85114
40.816124,-73.863365
40.813904,-73.85997
40.821598,-73.87332
40.821247,-73.87598
40.822685,-73.8612
40.821598,-73.87332
40.821247,-73.87598
40.752827,-73.89164
40.767036,-73.958824
40.76879,-73.93461
40.76986,-73.95934
40.76367,-73.96462
40.77144,-73.95139
40.76876,-73.95718
40.76151,-73.9609
40.74646,-73.90034
40.77207,-73.957726
40.76784,-73.95762
40.74194,-73.905655
40.77181,-73.96707
40.754467,-73.966965
40.770878,-73.96677
40.759224,-73.95261
40.766212,-73.959915
40.75013,-73.97057
40.76425,-73.960655
40.76896,-73.95604
40.733902,-73.95547
40.75745,-73.9617
40.76697,-73.95496
40.760338,-73.96104
40.758987,-73.96413
40.77067,-73.952225
40.76244,-73.96259
40.754948,-73.827
40.75483,-73.82338
40.756126,-73.830246
40.756622,-73.82554
40.757874,-73.813576
40.752018,-73.831116
40.75637,-73.82315
40.754356,-73.82163
40.75483,-73.82674
40.75291,-73.821045
40.757114,-73.82857
40.753242,-73.82538
40.756668,-73.82947
40.75295,-73.82199
40.75613,-73.830246
40.755295,-73.831985
40.76,-73.82244
40.75291,-73.821045
40.769855,-73.81887
40.761208,-73.82771
40.762596,-73.828415
40.761925,-73.82003
40.76219,-73.82278
40.765152,-73.822075
40.76319,-73.81732
40.76623,-73.82423
40.762398,-73.82268
40.76644,-73.824036
40.76962,-73.83053
40.764626,-73.81737
40.76545,-73.81811
40.763428,-73.81289
40.77964,-73.84423
40.789894,-73.84025
40.789104,-73.841545
40.790154,-73.84291
40.77666,-73.846115
40.775005,-73.845116
40.786415,-73.84806
40.78429,-73.84189
40.79063,-73.845505
40.784077,-73.84936
40.793922,-73.84645
40.789635,-73.844955
40.791786,-73.84281
40.786415,-73.84806
40.79247,-73.83933
40.785885,-73.832886
40.7864,-73.84633
40.77622,-73.84658
40.788773,-73.85439
40.77976,-73.84346
40.783432,-73.84252
40.790813,-73.851036
40.78424,-73.84306
40.781834,-73.8446
40.79178,-73.84281
40.794334,-73.846405
40.792694,-73.84626
40.794144,-73.84663
40.793465,-73.846664
40.788765,-73.84587
40.794155,-73.845856
40.767338,-73.865875
40.755188,-73.83363
40.763714,-73.87067
40.75562,-73.87765
40.754807,-73.877495
40.75366,-73.856735
40.754807,-73.877495
40.75837,-73.87791
40.75266,-73.876366
40.748055,-73.86172
40.75266,-73.876366
40.752293,-73.877655
40.752247,-73.87846
40.751595,-73.87896
40.75719,-73.86936
40.75201,-73.86055
40.75614,-73.83274
40.75614,-73.83274
40.75614,-73.83274
40.75753,-73.87938
40.757793,-73.87696
40.760277,-73.833916
40.75753,-73.87938
40.751736,-73.83489
40.756332,-73.87618
40.752537,-73.87758
40.758503,-73.877846
40.757202,-73.87808
40.753716,-73.87934
40.757084,-73.835594
40.755035,-73.87771
40.752678,-73.878685
40.756138,-73.837685
40.757107,-73.85603
40.75837,-73.87924
40.755783,-73.876076
40.756332,-73.87618
40.763958,-73.832596
40.757965,-73.86447
40.763958,-73.832596
40.75275,-73.87678
40.76255,-73.87878
40.760277,-73.833916
40.755337,-73.875046
40.75492,-73.87656
40.757347,-73.855606
40.75796,-73.87756
40.758442,-73.87715
40.75654,-73.83745
40.755054,-73.833595
40.757336,-73.83421
40.75257,-73.87849
40.755234,-73.875984
40.755882,-73.875145
40.756382,-73.879135
40.755714,-73.876724
40.75275,-73.87678
40.757347,-73.855606
40.757114,-73.87646
40.750626,-73.87158
40.755234,-73.875984
40.75226,-73.87766
40.760277,-73.833916
40.751736,-73.83489
40.763447,-73.87233
40.760277,-73.833916
40.748,-73.86902
40.760277,-73.833916
40.754543,-73.87881
40.75861,-73.874405
40.752033,-73.85923
40.755226,-73.833626
40.74773,-73.8755
40.749645,-73.86654
40.757084,-73.835594
40.752537,-73.878815
40.757793,-73.87696
40.755272,-73.87569
40.763374,-73.86959
40.766544,-73.83285
40.76108,-73.83315
40.76108,-73.83315
40.756138,-73.837685
40.75634,-73.87792
40.751736,-73.83489
40.752026,-73.879166
40.757008,-73.87738
40.754517,-73.87459
40.760586,-73.86712
40.752106,-73.86592
40.754402,-73.877106
40.765892,-73.866554
40.757294,-73.87687
40.755234,-73.875984
40.76459,-73.83336
40.755714,-73.876724
40.75196,-73.863754
40.75442,-73.87427
40.75654,-73.83745
40.758396,-73.87762
40.755905,-73.836685
40.75507,-73.8329
40.75562,-73.87765
40.75381,-73.85507
40.754402,-73.877106
40.76108,-73.83315
40.75275,-73.87678
40.760174,-73.83302
40.755283,-73.873764
40.75254,-73.86517
40.757347,-73.855606
40.751785,-73.855255
40.757526,-73.83435
40.755905,-73.836685
40.75233,-73.860085
40.75654,-73.83745
40.756382,-73.879135
40.75514,-73.87691
40.756313,-73.87697
40.75266,-73.876366
40.753025,-73.8705
40.75257,-73.87849
40.76469,-73.86911
40.75216,-73.85933
40.759495,-73.83347
40.755436,-73.873955
40.760727,-73.87874
40.760532,-73.876816
40.753677,-73.85656
40.755272,-73.87569
40.7659,-73.87293
40.756004,-73.87583
40.76387,-73.87678
40.75572,-73.83266
40.756382,-73.879135
40.757046,-73.87929
40.76387,-73.87678
40.75837,-73.87791
40.755917,-73.83696
40.76547,-73.868744
40.756332,-73.87618
40.757084,-73.835594
40.766163,-73.874725
40.75654,-73.83745
40.75572,-73.83266
40.759933,-73.871895
40.754402,-73.877106
40.757805,-73.834404
40.752903,-73.875206
40.75654,-73.83745
40.75624,-73.833275
40.760555,-73.86069
40.75275,-73.87678
40.75734,-73.876495
40.75643,-73.87525
40.752808,-73.87742
40.75996,-73.867004
40.752163,-73.87859
40.75711,-73.85601
40.760277,-73.833916
40.75216,-73.87159
40.757347,-73.855606
40.750446,-73.85555
40.753677,-73.85656
40.75237,-73.87909
40.770763,-73.83267
40.75562,-73.87765
40.756077,-73.87345
40.763416,-73.87155
40.763474,-73.8725
40.75769,-73.87789
40.757137,-73.87727
40.755047,-73.83435
40.756783,-73.83324
40.753613,-73.879326
40.756138,-73.837685
40.760277,-73.833916
40.758442,-73.87715
40.763966,-73.86236
40.755047,-73.83435
40.75567,-73.862434
40.75204,-73.869
40.75614,-73.83274
40.757793,-73.87696
40.757915,-73.87793
40.755283,-73.873764
40.754326,-73.879074
40.758297,-73.83429
40.75796,-73.87756
40.758442,-73.87715
40.75123,-73.86109
40.755466,-73.8773
40.75581,-73.877686
40.75286,-73.87682
40.75196,-73.863754
40.748207,-73.85936
40.755234,-73.875984
40.757824,-73.85731
40.754402,-73.877106
40.757805,-73.834404
40.754887,-73.83283
40.750607,-73.85428
40.757347,-73.855606
40.752293,-73.877655
40.760174,-73.83302
40.75643,-73.87525
40.754402,-73.877106
40.7676,-73.87508
40.757908,-73.872375
40.770763,-73.83267
40.767376,-73.872284
40.755783,-73.876076
40.756332,-73.87618
40.753822,-73.86092
40.757294,-73.87687
40.755684,-73.87701
40.755657,-73.875435
40.759785,-73.87274
40.760277,-73.833916
40.760277,-73.833916
40.75216,-73.85933
40.765545,-73.87377
40.757805,-73.834404
40.757084,-73.835594
40.755054,-73.833595
40.76471,-73.86844
40.754402,-73.877106
40.754887,-73.83283
40.755047,-73.83435
40.757694,-73.875336
40.755283,-73.873764
40.757725,-73.87752
40.75514,-73.87691
40.755684,-73.87701
40.76366,-73.86214
40.7579,-73.86859
40.765762,-73.87775
40.770237,-73.87587
40.754585,-73.86506
40.75645,-73.87368
40.756588,-73.87719
40.756138,-73.837685
40.752293,-73.877655
40.757946,-73.87056
40.75237,-73.87909
40.757805,-73.834404
40.756588,-73.87719
40.74945,-73.877914
40.7655,-73.8692
40.755714,-73.876724
40.751163,-73.86206
40.770763,-73.83267
40.750317,-73.85695
40.75429,-73.864815
40.75362,-73.879036
40.755886,-73.87689
40.758423,-73.87064
40.757805,-73.834404
40.755524,-73.87317
40.750114,-73.865395
40.75728,-73.856094
40.751736,-73.83489
40.760555,-73.86069
40.760017,-73.87576
40.75654,-73.83745
40.760277,-73.833916
40.76454,-73.86827
40.764263,-73.86869
40.75216,-73.85933
40.757725,-73.87752
40.75347,-73.85343
40.755917,-73.83696
40.760277,-73.833916
40.754807,-73.877495
40.7536,-73.87919
40.754807,-73.877495
40.761166,-73.861496
40.76066,-73.8608
40.764454,-73.873405
40.75654,-73.83745
40.76416,-73.86255
40.753654,-73.85509
40.751026,-73.86134
40.757805,-73.834404
40.74945,-73.877914
40.75216,-73.87159
40.753258,-73.864426
40.75392,-73.86121
40.757294,-73.87687
40.76031,-73.87406
40.760075,-73.873695
40.74918,-73.87947
40.75257,-73.87849
40.753517,-73.86349
40.754543,-73.87881
40.767075,-73.87498
40.757805,-73.834404
40.76454,-73.86827
40.747704,-73.87454
40.753925,-73.8729
40.75643,-73.83314
40.755802,-73.87519
40.75257,-73.87849
40.754402,-73.877106
40.756237,-73.877106
40.755466,-73.8773
40.752377,-73.87906
40.756138,-73.837685
40.757946,-73.87647
40.760277,-73.833916
40.75295,-73.85746
40.75581,-73.877686
40.757725,-73.87752
40.757763,-73.87644
40.75437,-73.86496
40.75429,-73.87708
40.754517,-73.87459
40.76019,-73.87688
40.75514,-73.87691
40.752846,-73.858284
40.770763,-73.83267
40.756332,-73.83261
40.762238,-73.86733
40.756004,-73.87583
40.75682,-73.87924
40.767418,-73.86906
40.754402,-73.877106
40.723446,-73.84473
40.723396,-73.84686
40.72772,-73.84715
40.734608,-73.85026
40.733868,-73.84649
40.726784,-73.85264
40.724365,-73.8389
40.728603,-73.849525
40.725136,-73.85123
40.728603,-73.8505
40.728603,-73.849525
40.726704,-73.85576
40.728603,-73.8505
40.726974,-73.8495
40.725418,-73.85348
40.727905,-73.853096
40.728687,-73.84977
40.728603,-73.8505
40.729057,-73.84782
40.728237,-73.85135
40.727413,-73.846985
40.72962,-73.84788
40.729366,-73.84919
40.74678,-73.87389
40.738297,-73.87708
40.738262,-73.87671
40.7469,-73.871086
40.738297,-73.87708
40.73752,-73.858185
40.736557,-73.85886
40.737602,-73.85692
40.737465,-73.85759
40.742832,-73.879456
40.737633,-73.868996
40.737465,-73.85759
40.736557,-73.85886
40.740894,-73.858604
40.738297,-73.87708
40.73657,-73.87063
40.737465,-73.85759
40.747475,-73.8745
40.738884,-73.87612
40.746704,-73.876785
40.736202,-73.87136
40.735126,-73.87794
40.738434,-73.861465
40.73657,-73.87063
40.73826,-73.878586
40.738884,-73.87612
40.73603,-73.86837
40.738396,-73.87836
40.736732,-73.86895
40.73847,-73.87877
40.74483,-73.86588
40.73839,-73.878395
40.733845,-73.86188
40.724483,-73.86966
40.72802,-73.86995
40.733448,-73.86199
40.733448,-73.86199
40.724613,-73.86991
40.73018,-73.856705
40.734097,-73.86232
40.731003,-73.85739
40.729595,-73.86332
40.733448,-73.86199
40.72584,-73.8585
40.72665,-73.87416
40.731358,-73.86746
40.73118,-73.85808
40.733448,-73.86199
40.731358,-73.86746
40.73338,-73.86214
40.724045,-73.8607
40.730206,-73.871864
40.72658,-73.859344
40.72914,-73.86461
40.727116,-73.85864
40.732235,-73.858894
40.727352,-73.82563
40.728737,-73.817245
40.728146,-73.82914
40.73493,-73.8219
40.729145,-73.81745
40.728146,-73.82914
40.72524,-73.82191
40.728455,-73.81674
40.733807,-73.81785
40.73352,-73.81532
40.723,-73.81268
40.727898,-73.81715
40.72843,-73.825645
40.730953,-73.821175
40.73352,-73.81532
40.728867,-73.81662
40.728195,-73.80961
40.731773,-73.819214
40.732105,-73.818855
40.728737,-73.817245
40.722935,-73.82276
40.728943,-73.81972
40.723694,-73.80307
40.729137,-73.80057
40.73003,-73.79966
40.7255,-73.79043
40.727993,-73.80035
40.727097,-73.78864
40.726933,-73.79923
40.73394,-73.78884
40.729748,-73.79044
40.72984,-73.79048
40.72249,-73.79871
40.734867,-73.802895
40.73469,-73.79179
40.73225,-73.80402
40.72928,-73.79968
40.728874,-73.78939
40.731106,-73.786125
40.72843,-73.80101
40.726467,-73.79546
40.73257,-73.79077
40.72978,-73.80691
40.72649,-73.79817
40.7269,-73.80104
40.728836,-73.803894
40.729443,-73.80059
40.73468,-73.78977
40.732655,-73.7926
40.727974,-73.80035
40.73134,-73.801735
40.730232,-73.78996
40.74264,-73.818245
40.7472,-73.815865
40.741608,-73.81623
40.742115,-73.81774
40.73972,-73.82797
40.745296,-73.8311
40.74097,-73.82655
40.741238,-73.81978
40.739758,-73.820885
40.746075,-73.83097
40.7432,-73.81616
40.742683,-73.821754
40.746956,-73.83035
40.745003,-73.815994
40.73763,-73.81113
40.745823,-73.81592
40.74491,-73.82422
40.741943,-73.814926
40.74239,-73.81395
40.73948,-73.81194
40.74737,-73.82864
40.74737,-73.82864
40.741943,-73.814926
40.74141,-73.82029
40.73913,-73.8206
40.742165,-73.81647
40.74181,-73.817726
40.73759,-73.82813
40.743748,-73.83148
40.74224,-73.82887
40.73696,-73.80947
40.740032,-73.82252
40.740883,-73.81283
40.662117,-73.9799
40.671474,-73.98128
40.670685,-73.979485
40.670174,-73.98013
40.668163,-73.974266
40.668438,-73.9908
40.670803,-73.98669
40.661,-73.99541
40.662037,-73.98148
40.666233,-73.993065
40.664093,-73.9819
40.66458,-73.9829
40.661354,-73.98112
40.671814,-73.97495
40.661438,-73.98018
40.66182,-73.97938
40.737137,-74.00704
40.73168,-73.99284
40.744762,-73.979225
40.74581,-73.99913
40.74541,-73.97799
40.76409,-73.99538
40.744007,-73.998085
40.748585,-73.97648
40.744247,-73.97888
40.760284,-73.99539
40.742493,-73.97852
40.737865,-73.98434
40.72753,-73.99017
40.73569,-73.99641
40.736217,-73.98363
40.640675,-73.97412
40.64466,-73.986465
40.641605,-73.99047
40.6459,-73.97393
40.6431,-73.97716
40.639927,-73.973885
40.6459,-73.97393
40.646687,-73.974045
40.6459,-73.97393
40.64324,-73.97644
40.643486,-73.98832
40.64441,-73.973656
40.64293,-73.97471
40.64293,-73.97471
40.63506,-73.98719
40.64375,-73.97483
40.646564,-73.97519
40.646687,-73.974045
40.642838,-73.976814
40.64293,-73.97471
40.64406,-73.9886
40.6431,-73.97716
40.64293,-73.97471
40.646027,-73.98149
40.64002,-73.98951
40.646027,-73.98149
40.64293,-73.97471
40.637993,-73.98843
40.642715,-73.99381
40.64329,-73.97689
40.64441,-73.973656
40.63851,-73.9908
40.64324,-73.97644
40.6424,-73.97457
40.643154,-73.97777
40.6424,-73.97457
40.757706,-73.876755
40.75725,-73.87743
40.757957,-73.855865
40.757797,-73.8572
40.75238,-73.86415
40.756393,-73.876045
40.755917,-73.83696
40.75209,-73.87934
40.76413,-73.867874
40.770035,-73.8767
40.763474,-73.868126
40.755234,-73.875984
40.756382,-73.879135
40.755917,-73.83696
40.75445,-73.87396
40.75725,-73.87743
40.754356,-73.876335
40.76379,-73.86566
40.758396,-73.87762
40.75758,-73.86878
40.74945,-73.877914
40.764072,-73.867035
40.76552,-73.86879
40.757946,-73.87647
40.75514,-73.87691
40.750824,-73.87403
40.750317,-73.85695
40.760555,-73.86069
40.760498,-73.86109
40.75711,-73.85601
40.757805,-73.834404
40.641582,-73.987366
40.64093,-73.99539
40.646687,-73.974045
40.64293,-73.97471
40.6424,-73.97457
40.64441,-73.973656
40.64293,-73.97471
40.64339,-73.97598
40.643238,-73.97644
40.646687,-73.974045
40.641155,-73.985054
40.64339,-73.97598
40.64527,-73.97616
40.643295,-73.9769
40.643295,-73.9769
40.64293,-73.97471
40.63571,-73.99278
40.644634,-73.982475
40.64316,-73.977844
40.6431,-73.97716
40.639927,-73.973885
40.646687,-73.974045
40.634995,-73.99403
40.639927,-73.973885
40.635548,-73.990425
40.644634,-73.982475
40.646687,-73.974045
40.641773,-73.97446
40.64339,-73.97598
40.639168,-73.975
40.641003,-73.984795
40.641773,-73.97446
40.646687,-73.974045
40.64339,-73.97598
40.642452,-73.98271
40.63554,-73.99402
40.643238,-73.97644
40.643295,-73.9769
40.646687,-73.974045
40.642754,-73.99388
40.649593,-74.00899
40.647243,-74.005264
40.647785,-74.00076
40.64738,-73.99851
40.647785,-74.00076
40.648792,-74.002365
40.647243,-74.005264
40.649418,-74.00901
40.650475,-74.00741
40.648823,-74.00032
40.64802,-74.00013
40.647762,-73.99915
40.648052,-74.00054
40.649616,-74.00389
40.654278,-74.00692
40.64733,-74.0054
40.649616,-74.00389
40.64733,-74.0054
40.649593,-74.00899
40.647392,-74.00754
40.65448,-74.0
40.655586,-74.007
40.649864,-74.00415
40.64941,-74.0034
40.64974,-74.00419
40.64946,-74.00348
40.649864,-74.00415
40.648792,-74.002365
40.654884,-74.0004
40.648792,-74.002365
40.64707,-74.004974
40.64753,-73.998764
40.647728,-74.01516
40.64957,-74.00392
40.65041,-74.00202
40.644638,-73.998764
40.642933,-74.007774
40.64601,-74.01888
40.641163,-74.01672
40.63975,-74.01863
40.645332,-74.01688
40.646263,-74.0012
40.64061,-74.00484
40.636425,-74.00303
40.646263,-74.0012
40.63947,-74.01199
40.645634,-74.000725
40.63684,-73.99699
40.64303,-74.00733
40.640385,-74.00203
40.64408,-73.99851
40.642372,-74.00199
40.636604,-74.00576
40.645058,-74.002884
40.64532,-74.01427
40.64506,-74.00289
40.645153,-73.99912
40.641163,-74.01672
40.646507,-73.998505
40.640434,-74.00663
40.63761,-74.01053
40.646507,-73.998505
40.641163,-74.01672
40.641163,-74.01672
40.641163,-74.01672
40.645287,-74.014305
40.639877,-74.00119
40.6422,-74.002174
40.65042,-74.0075
40.64941,-74.0034
40.65474,-74.00443
40.647316,-73.99841
40.649593,-74.00899
40.647316,-73.99841
40.649418,-74.00901
40.649418,-74.00901
40.629246,-74.13856
40.635376,-74.121056
40.623283,-74.13659
40.639824,-74.11465
40.630535,-74.13325
40.63029,-74.120674
40.630947,-74.157745
40.63563,-74.15334
40.622063,-74.15806
40.6335,-74.118546
40.62678,-74.13637
40.634834,-74.14145
40.626884,-74.14362
40.6319,-74.15836
40.636925,-74.122696
40.629356,-74.13533
40.62995,-74.16013
40.637894,-74.13673
40.632607,-74.156906
40.63611,-74.1577
40.637257,-74.129875
40.62209,-74.125755
40.63053,-74.14741
40.627697,-74.15156
40.624344,-74.16006
40.63583,-74.15576
40.63018,-74.12963
40.633217,-74.15172
40.627995,-74.134346
40.621994,-74.14988
40.63672,-74.13063
40.622437,-74.12841
40.6379,-74.13308
40.634933,-74.12499
40.624397,-74.11854
40.63168,-74.15291
40.639275,-74.13563
40.627064,-74.127686
40.637383,-74.122505
40.632126,-74.156784
40.638405,-73.99968
40.64044,-74.00363
40.64617,-73.99955
40.646214,-73.99951
40.644524,-73.99699
40.640198,-74.001724
40.641163,-74.01672
40.644543,-73.999275
40.634117,-74.020226
40.642216,-74.00356
40.634224,-74.0009
40.64243,-74.00634
40.63418,-74.00766
40.637997,-74.009575
40.637997,-74.009575
40.642933,-74.007774
40.642372,-74.00199
40.645977,-74.01899
40.634163,-74.00323
40.644955,-74.019585
40.6459,-74.01872
40.638474,-74.010445
40.638706,-74.017365
40.751846,-73.86369
40.756687,-73.85774
40.75837,-73.87791
40.75728,-73.856094
40.760277,-73.833916
40.760292,-73.83287
40.76645,-73.87204
40.752415,-73.87867
40.754887,-73.83283
40.7557,-73.8736
40.758038,-73.85627
40.747704,-73.87454
40.76484,-73.87899
40.755047,-73.83435
40.75275,-73.87678
40.757957,-73.855865
40.758038,-73.85627
40.75728,-73.856094
40.754402,-73.877106
40.755684,-73.87701
40.76265,-73.87815
40.754402,-73.877106
40.753227,-73.861275
40.758297,-73.83429
40.760277,-73.833916
40.760555,-73.86069
40.75614,-73.83274
40.754807,-73.877495
40.757797,-73.8572
40.626316,-74.15857
40.633774,-74.13815
40.623955,-74.124214
40.624126,-74.1429
40.6261,-74.12678
40.62951,-74.15345
40.62713,-74.14933
40.625584,-74.15907
40.635258,-74.15731
40.63711,-74.132866
40.625862,-74.14516
40.633038,-74.15176
40.628483,-74.125244
40.62864,-74.15425
40.629997,-74.159
40.631157,-74.16087
40.634388,-74.14623
40.623665,-74.15269
40.639683,-74.12045
40.63321,-74.13248
40.627674,-74.15103
40.628704,-74.12165
40.62348,-74.12807
40.630886,-74.142235
40.62925,-74.13092
40.637447,-74.11464
40.622437,-74.16098
40.630325,-74.12229
40.628353,-74.12314
40.62817,-74.160706
40.624176,-74.15969
40.62545,-74.15971
40.62377,-74.11431
40.637028,-74.13743
40.627457,-74.15614
40.627422,-74.156746
40.63149,-74.15555
40.63241,-74.159134
40.6312,-74.13314
40.625443,-74.159706
40.62869,-74.12496
40.626766,-74.14067
40.636303,-74.16111
40.637512,-74.12943
40.62904,-74.15
40.63737,-74.14315
40.625164,-74.14145
40.63351,-74.15125
40.628735,-74.15515
40.63236,-74.15785
40.62814,-74.11561
40.625816,-74.134224
40.63792,-74.12991
40.628345,-74.12313
40.63616,-74.12029
40.62992,-74.141785
40.62912,-74.1577
40.62362,-74.135376
40.62378,-74.14169
40.639683,-74.136444
40.63153,-74.13289
40.630493,-74.120964
40.628754,-74.12046
40.625065,-74.131744
40.630295,-74.12999
40.62304,-74.157715
40.62536,-74.15947
40.623615,-74.13539
40.634907,-74.12218
40.632164,-74.11481
40.627895,-74.12178
40.623833,-74.13175
40.623158,-74.13248
40.63691,-74.125824
40.63115,-74.13035
40.638447,-74.132065
40.621983,-74.158066
40.6285,-74.1401
40.636585,-74.125786
40.62962,-74.131836
40.635666,-74.15231
40.636497,-74.13478
40.630886,-74.142235
40.629185,-74.11905
40.628708,-74.14954
40.635147,-74.157776
40.626076,-74.159096
40.63655,-74.135765
40.628647,-74.14954
40.631977,-74.15877
40.62407,-74.15632
40.631058,-74.15447
40.632774,-74.11428
40.627617,-74.13569
40.627834,-74.15239
40.624336,-74.12928
40.632244,-74.15425
40.63545,-74.15237
40.631577,-74.12193
40.62765,-74.15716
40.62228,-74.14129
40.62566,-74.15074
40.62627,-74.11742
40.625725,-74.14257
40.630154,-74.116714
40.634064,-74.13092
40.6275,-74.137184
40.636547,-74.13549
40.622482,-74.14185
40.631115,-74.11854
40.628582,-74.13834
40.62184,-74.14079
40.634636,-74.15414
40.633125,-74.138405
40.629726,-74.1194
40.626026,-74.13376
40.625694,-74.13379
40.6313,-74.14927
40.62529,-74.12825
40.631226,-74.14845
40.631298,-74.158676
40.630646,-74.1152
40.63187,-74.142975
40.62334,-74.15984
40.637585,-74.14557
40.625065,-74.154755
40.6295,-74.15575
40.627678,-74.12817
40.62434,-74.14285
40.624454,-74.127426
40.622463,-74.1278
40.625515,-74.14262
40.629753,-74.132225
40.630733,-74.160645
40.6266,-74.14416
40.63337,-74.14192
40.63458,-74.12237
40.62369,-74.15826
40.630642,-74.115204
40.63115,-74.14218
40.6272,-74.14377
40.633892,-74.14635
40.627304,-74.13948
40.6364,-74.154144
40.6257,-74.12874
40.62183,-74.140785
40.633827,-74.152596
40.63414,-74.145676
40.63567,-74.153725
40.630013,-74.1434
40.635376,-74.14607
40.62163,-74.12643
40.62158,-74.14046
40.624985,-74.13546
40.62503,-74.13539
40.638504,-74.11435
40.62843,-74.151344
40.6342,-74.11873
40.627415,-74.11614
40.629234,-74.15349
40.628925,-74.1583
40.638058,-74.13493
40.623283,-74.159645
40.638023,-74.11605
40.632675,-74.14146
40.624073,-74.141655
40.630814,-74.12108
40.634605,-74.12279
40.629612,-74.13361
40.623764,-74.13401
40.63635,-74.13881
40.624462,-74.15937
40.635376,-74.14607
40.622166,-74.13442
40.635963,-74.132965
40.62791,-74.13475
40.629196,-74.16015
40.622883,-74.13876
40.62729,-74.13674
40.63776,-74.12412
40.634327,-74.122574
40.63699,-74.129074
40.6312,-74.13314
40.62253,-74.14126
40.63805,-74.14029
40.63114,-74.13628
40.62479,-74.12514
40.62158,-74.127075
40.631134,-74.13627
40.632683,-74.15907
40.63011,-74.13377
40.629223,-74.12458
40.63418,-74.118904
40.62554,-74.14271
40.6277,-74.12294
40.630077,-74.15276
40.63469,-74.12268
40.63013,-74.158295
40.627342,-74.119286
40.635788,-74.146904
40.628403,-74.13147
40.627003,-74.160164
40.62872,-74.11932
40.63228,-74.10209
40.62702,-74.1103
40.626343,-74.11322
40.628506,-74.1051
40.63934,-74.078476
40.62731,-74.08223
40.627098,-74.07526
40.638138,-74.07551
40.643482,-74.09702
40.63024,-74.084175
40.624607,-74.0945
40.640194,-74.10969
40.621616,-74.08287
40.636333,-74.08733
40.641457,-74.113045
40.63251,-74.113266
40.634415,-74.099976
40.643375,-74.08889
40.642017,-74.11138
40.633705,-74.092834
40.644855,-74.08976
40.629883,-74.09992
40.634743,-74.09421
40.6416,-74.08805
40.637974,-74.10868
40.630947,-74.111824
40.62751,-74.11177
40.64472,-74.09487
40.644947,-74.07891
40.6332,-74.10654
40.63838,-74.07932
40.62848,-74.106865
40.631905,-74.090256
40.628464,-74.08181
40.640263,-74.07419
40.63742,-74.10388
40.642838,-74.09928
40.62926,-74.1005
40.636883,-74.07892
40.638397,-74.09017
40.55047,-74.138176
40.55502,-74.13153
40.55588,-74.13874
40.56976,-74.12685
40.569855,-74.12208
40.556255,-74.12324
40.557674,-74.160164
40.5634,-74.14856
40.55315,-74.115486
40.570976,-74.12873
40.560555,-74.12846
40.55505,-74.15781
40.567505,-74.12765
40.555305,-74.14319
40.568535,-74.133354
40.56278,-74.154625
40.560566,-74.11607
40.5697,-74.11539
40.55883,-74.12099
40.552925,-74.15434
40.555508,-74.14253
40.55028,-74.154884
40.561,-74.15944
40.56286,-74.12513
40.557713,-74.12403
40.55511,-74.139
40.546688,-74.14056
40.566216,-74.121284
40.569996,-74.13241
40.558018,-74.1365
40.552914,-74.154335
40.565712,-74.15339
40.564625,-74.12187
40.565002,-74.12778
40.56025,-74.13291
40.557934,-74.15908
40.567497,-74.12765
40.567825,-74.13717
40.555363,-74.14252
40.561756,-74.15886
40.56777,-74.13704
40.56406,-74.11771
40.56474,-74.14335
40.553688,-74.13712
40.55591,-74.155785
40.55649,-74.14015
40.556187,-74.11704
40.556736,-74.15616
40.569218,-74.129684
40.548817,-74.142494
40.556355,-74.155396
40.569214,-74.1297
40.55589,-74.13874
40.56554,-74.15322
40.555603,-74.131134
40.56141,-74.12063
40.557953,-74.11756
40.556217,-74.12371
40.555286,-74.15792
40.561226,-74.1146
40.55102,-74.14862
40.560135,-74.15767
40.558453,-74.11594
40.556133,-74.14936
40.565994,-74.12988
40.5584,-74.150215
40.558872,-74.11655
40.5537,-74.14794
40.55815,-74.11604
40.568882,-74.14335
40.553596,-74.1509
40.55132,-74.14142
40.567707,-74.13426
40.565887,-74.13834
40.569992,-74.14989
40.55643,-74.16032
40.564857,-74.151306
40.54594,-74.15393
40.555965,-74.13818
40.55699,-74.115685
40.56838,-74.12938
40.559532,-74.15029
40.627525,-74.02507
40.62531,-74.029495
40.622948,-74.03037
40.634216,-74.03029
40.62311,-74.03832
40.622948,-74.03037
40.627655,-74.02616
40.638336,-74.025475
40.634426,-74.03121
40.635002,-74.03103
40.634216,-74.03029
40.63087,-74.03294
40.634815,-74.03715
40.636036,-74.03664
40.629826,-74.02991
40.634426,-74.03121
40.630333,-74.02461
40.634815,-74.03715
40.639297,-74.0353
40.635002,-74.03103
40.627655,-74.02616
40.622948,-74.03037
40.639893,-74.02969
40.63979,-74.029785
40.63431,-74.02437
40.631905,-74.03729
40.632652,-74.02233
40.627686,-74.02763
40.635002,-74.03103
40.635483,-74.02849
40.63979,-74.029785
40.634895,-74.036385
40.62369,-74.02172
40.63813,-74.03573
40.631298,-74.03611
40.62553,-74.02455
40.62444,-74.04012
40.637665,-74.031494
40.63979,-74.029785
40.63772,-74.02778
40.634113,-74.03357
40.625977,-74.03231
40.63372,-74.026535
40.631786,-74.03388
40.62878,-74.02919
40.633957,-74.03635
40.635075,-74.03175
40.634895,-74.036385
40.62839,-74.02441
40.63235,-74.02408
40.635075,-74.03175
40.629295,-74.02634
40.638184,-74.028854
40.625,-74.02541
40.627655,-74.02616
40.633957,-74.03635
40.63979,-74.029785
40.633957,-74.03635
40.631275,-74.036026
40.635002,-74.03103
40.633957,-74.03635
40.63555,-74.033325
40.63032,-74.03057
40.63267,-74.03397
40.62797,-74.0258
40.628677,-74.03041
40.628986,-74.02975
40.630066,-74.03297
40.628986,-74.02975
40.631546,-74.03086
40.631546,-74.03086
40.62624,-74.034645
40.634735,-74.031136
40.62444,-74.04012
40.6287,-74.02401
40.630905,-74.02401
40.62618,-74.02354
40.62752,-74.02632
40.624775,-73.97863
40.62545,-73.97882
40.626232,-73.977875
40.631275,-73.99285
40.622738,-73.97734
40.6215,-73.98588
40.631866,-73.9754
40.62941,-73.99309
40.630756,-73.98553
40.628326,-73.97557
40.62417,-73.97504
40.629986,-73.995544
40.626026,-73.97364
40.629063,-73.97814
40.62477,-73.98164
40.627594,-73.99084
40.62429,-73.987465
40.625793,-73.979385
40.63255,-73.99359
40.624695,-73.991165
40.63321,-73.99469
40.625874,-73.99415
40.633682,-73.9954
40.625854,-73.981
40.626232,-73.977875
40.632774,-73.99667
40.626125,-73.981476
40.631702,-73.97449
40.63255,-73.99359
40.626232,-73.977875
40.55913,-74.13172
40.546455,-74.14554
40.56227,-74.148575
40.552784,-74.135735
40.56234,-74.12204
40.5565,-74.11793
40.569347,-74.14297
40.546207,-74.1509
40.57062,-74.12133
40.55778,-74.13976
40.5646,-74.14907
40.556347,-74.141685
40.552956,-74.151276
40.56975,-74.12235
40.566135,-74.13888
40.568165,-74.12882
40.551464,-74.147896
40.562263,-74.14864
40.547043,-74.14145
40.562275,-74.148705
40.558693,-74.15025
40.556396,-74.140236
40.55626,-74.12376
40.56656,-74.11502
40.560562,-74.127014
40.564598,-74.129684
40.561176,-74.15656
40.55432,-74.11857
40.555035,-74.139824
40.55649,-74.15987
40.561184,-74.14525
40.55394,-74.14745
40.556347,-74.141685
40.566196,-74.123695
40.557835,-74.138725
40.561665,-74.14804
40.552937,-74.140045
40.5644,-74.15436
40.563747,-74.12415
40.562374,-74.12663
40.56825,-74.12798
40.55551,-74.11721
40.557636,-74.15343
40.557674,-74.160164
40.562523,-74.15451
40.562653,-74.124245
40.551956,-74.138855
40.562225,-74.14865
40.568493,-74.13595
40.565193,-74.137344
40.548084,-74.15658
40.569763,-74.12236
40.57003,-74.141
40.55934,-74.11681
40.558037,-74.12452
40.54645,-74.14183
40.548115,-74.15
40.556908,-74.15729
40.568237,-74.127975
40.566315,-74.12396
40.566605,-74.13532
40.568344,-74.13822
40.548595,-74.143364
40.55872,-74.11441
40.56785,-74.135445
40.566,-74.12012
40.569763,-74.12236
40.562252,-74.14865
40.555702,-74.14248
40.569195,-74.118164
40.566242,-74.137634
40.55998,-74.11984
40.557972,-74.12356
40.56928,-74.13304
40.564587,-74.12961
40.56792,-74.138
40.56353,-74.12333
40.57014,-74.12077
40.566616,-74.123474
40.552414,-74.14417
40.631325,-74.024666
40.62444,-74.04012
40.634426,-74.03121
40.63772,-74.02778
40.629498,-74.02522
40.631325,-74.024666
40.638214,-74.0348
40.62304,-74.03947
40.629807,-74.03318
40.62996,-74.02399
40.635075,-74.03175
40.63566,-74.02936
40.634895,-74.036385
40.628445,-74.02276
40.636036,-74.03664
40.635426,-74.0304
40.63772,-74.02778
40.630646,-74.02186
40.6307,-74.021835
40.63772,-74.02778
40.636036,-74.03664
40.636036,-74.03664
40.630646,-74.024864
40.637913,-74.03008
40.636036,-74.03664
40.632668,-74.02763
40.631992,-74.03413
40.63224,-74.030045
40.625275,-74.02935
40.62444,-74.04012
40.632812,-74.023636
40.625977,-74.03231
40.634216,-74.03029
40.623104,-74.04032
40.63224,-74.030045
40.630646,-74.024864
40.62869,-74.023285
40.632214,-74.03219
40.616917,-74.00414
40.61605,-74.01365
40.62141,-74.01796
40.620193,-74.01687
40.61694,-73.99827
40.620834,-74.014915
40.620224,-74.00846
40.615807,-74.00416
40.618786,-74.007576
40.618767,-74.01057
40.612247,-74.00827
40.61705,-73.99845
40.620228,-74.00521
40.621277,-74.018654
40.616894,-74.01313
40.616413,-74.01421
40.61841,-74.000114
40.613823,-74.00383
40.616734,-74.008705
40.619507,-74.01943
40.619747,-74.00707
40.60905,-74.003426
40.620842,-74.00889
40.614433,-74.01185
40.61832,-74.01134
40.617603,-74.019196
40.61416,-74.00016
40.609104,-74.00352
40.619457,-74.019485
40.610077,-74.005226
40.619957,-74.01648
40.61333,-74.01149
40.60964,-74.00978
40.61937,-74.010056
40.609642,-74.00978
40.617268,-73.99881
40.619957,-74.01648
40.612865,-73.99871
40.616875,-74.01589
40.620224,-74.012985
40.59946,-73.990585
40.59901,-73.993996
40.60714,-73.98574
40.599976,-73.99003
40.605473,-73.99158
40.5982,-73.9959
40.607307,-73.988686
40.5982,-73.9959
40.604084,-73.99682
40.60693,-73.987656
40.597546,-73.97995
40.60253,-73.99274
40.598648,-73.996254
40.605915,-73.9817
40.5982,-73.9959
40.608788,-73.98057
40.602444,-73.976364
40.598907,-73.99631
40.597393,-73.98182
40.605286,-73.992
40.601162,-73.97613
40.60537,-73.97969
40.59666,-73.97805
40.60195,-73.98726
40.598907,-73.99631
40.604214,-73.974
40.60116,-73.97613
40.60775,-73.98019
40.598347,-73.97363
40.60462,-73.974014
40.600376,-73.97423
40.60474,-73.97588
40.608788,-73.98057
40.59934,-73.996086
40.605015,-73.975555
40.59734,-73.98181
40.601494,-73.97719
40.619907,-74.01941
40.613617,-74.0112
40.61214,-74.007095
40.61982,-74.00302
40.616745,-74.00814
40.616463,-74.01429
40.618958,-74.0103
40.615692,-74.012
40.619324,-74.01161
40.62049,-74.00682
40.61738,-74.00768
40.616943,-74.00129
40.62141,-74.01947
40.61687,-73.99907
40.610672,-74.00397
40.617016,-74.01097
40.616055,-74.00759
40.618095,-74.005844
40.616833,-73.998085
40.62139,-74.00233
40.61956,-74.01937
40.619778,-74.012245
40.62099,-74.0074
40.62002,-74.00904
40.61207,-73.99889
40.61519,-74.008575
40.61494,-74.0148
40.621387,-74.006714
40.61615,-74.014915
40.611294,-74.00046
40.619663,-74.010544
40.61993,-74.00623
40.617786,-74.012
40.60793,-74.007286
40.605637,-74.006516
40.604443,-74.017914
40.604866,-74.0171
40.604343,-74.01762
40.60518,-74.00084
40.603935,-74.01798
40.606865,-74.005104
40.598103,-73.99825
40.60606,-74.00925
40.60369,-74.01168
40.604485,-74.01338
40.598724,-73.99806
40.60509,-74.010895
40.605038,-74.010864
40.60506,-74.01688
40.597736,-73.998634
40.605362,-74.01495
40.603207,-74.012115
40.597736,-73.998634
40.605328,-74.01489
40.605167,-74.007835
40.603203,-74.01145
40.60465,-74.01691
40.60161,-74.01057
40.60308,-74.01468
40.606903,-74.00459
40.604057,-73.99922
40.60091,-74.00839
40.602066,-74.007
40.60465,-74.01246
40.60519,-74.01513
40.604248,-74.01415
40.604424,-74.00602
40.61554,-73.99896
40.61002,-74.00586
40.614937,-74.011765
40.618073,-74.00658
40.616894,-74.01313
40.61164,-74.011284
40.619606,-74.009865
40.617867,-74.01314
40.616215,-73.997986
40.621437,-74.01023
40.620533,-74.01477
40.61984,-74.00874
40.620293,-74.01309
40.62062,-74.00852
40.616894,-74.01313
40.620987,-74.014244
40.616894,-74.01313
40.6113,-74.00985
40.616894,-74.01313
40.61982,-74.01625
40.608974,-74.008026
40.616543,-74.00457
40.617165,-74.01697
40.616894,-74.01313
40.619408,-74.00387
40.620655,-74.011604
40.61634,-74.00597
40.616894,-74.01313
40.616894,-74.01313
40.61952,-74.00972
40.60488,-74.00671
40.60201,-74.00736
40.600845,-74.008415
40.605194,-74.01007
40.604877,-74.00671
40.60878,-73.99705
40.60475,-74.01738
40.599045,-73.99843
40.605793,-74.006775
40.60313,-74.01488
40.601536,-74.00417
40.60413,-74.01797
40.60024,-73.99799
40.60386,-74.01793
40.605427,-74.014885
40.602345,-74.01015
40.605427,-74.014885
40.604694,-74.01689
40.60471,-74.016075
40.608757,-74.01545
40.6032,-74.00542
40.605232,-74.01508
40.6023,-74.0096
40.608234,-74.00483
40.605232,-74.01508
40.60509,-74.01648
40.603443,-74.01633
40.60228,-74.010216
40.60506,-74.01688
40.60235,-74.00897
40.60194,-74.01049
40.603855,-74.00777
40.602657,-73.99872
40.60219,-74.01008
40.60234,-73.99165
40.5982,-73.9959
40.5982,-73.9959
40.604343,-73.975716
40.604343,-73.975716
40.606907,-73.989426
40.60693,-73.987656
40.604057,-73.99619
40.603344,-73.97533
40.599354,-73.98445
40.60394,-73.97681
40.604374,-73.97827
40.604256,-73.98633
40.600582,-73.99045
40.60507,-73.97762
40.606766,-73.98207
40.604317,-73.9865
40.60579,-73.98271
40.60107,-73.99323
40.598907,-73.99631
40.600204,-73.98089
40.596394,-73.98258
40.60856,-73.9815
40.604916,-73.984566
40.600395,-73.97751
40.605885,-73.982834
40.606007,-73.98288
40.604073,-73.98756
40.60184,-73.99553
40.60062,-73.97552
40.60507,-73.97762
40.598907,-73.99631
40.6029,-73.97504
40.5982,-73.9959
40.60739,-73.988556
40.59819,-73.981026
40.608547,-73.97802
40.608192,-73.987755
40.598907,-73.99631
40.60756,-73.9819
40.605022,-73.97685
40.599434,-73.996284
40.601414,-73.99597
40.604504,-73.97664
40.608803,-73.97561
40.60383,-73.97853
40.598907,-73.99631
40.599266,-73.99336
40.608334,-73.97894
40.601414,-73.99597
40.601986,-73.97628
40.60852,-73.98949
40.599384,-73.97485
40.60714,-73.98574
40.605247,-73.98288
40.604576,-73.99252
40.59871,-73.98015
40.60064,-73.98081
40.5982,-73.9959
40.608788,-73.98057
40.601414,-73.99597
40.60756,-73.9819
40.6002,-73.97595
40.60184,-73.99553
40.60184,-73.99553
40.59991,-73.99526
40.598648,-73.996254
40.60805,-73.98234
40.5982,-73.9959
40.59934,-73.996086
40.600372,-73.98858
40.60481,-73.991974
40.60323,-73.97652
40.599545,-73.99307
40.6,-73.988304
40.60481,-73.991974
40.60176,-73.97923
40.59693,-73.97589
40.60756,-73.9819
40.608704,-73.976616
40.60481,-73.991974
40.607338,-73.97636
40.607548,-73.97547
40.608192,-73.987755
40.608704,-73.976616
40.60756,-73.9819
40.606785,-73.98789
40.5982,-73.9959
40.605015,-73.976845
40.59901,-73.993996
40.605797,-73.98735
40.60335,-73.98748
40.598225,-73.97366
40.596954,-73.98905
40.60714,-73.98574
40.605377,-73.97883
40.599293,-73.99137
40.6071,-73.99126
40.5982,-73.9959
40.598907,-73.99631
40.60184,-73.99553
40.597942,-73.992775
40.604656,-73.99143
40.604656,-73.99143
40.604446,-74.0024
40.601963,-74.01034
40.60246,-74.010025
40.60246,-74.010025
40.60228,-74.010216
40.601963,-74.01034
40.607025,-74.013664
40.602013,-74.00705
40.603542,-74.0154
40.6044,-74.01268
40.600594,-74.00399
40.607685,-74.01439
40.600002,-73.99911
40.600395,-74.00581
40.604473,-74.01141
40.602657,-73.99872
40.5328,-74.15776
40.537144,-74.146484
40.53716,-74.14655
40.53308,-74.16023
40.536266,-74.14973
40.544956,-74.156975
40.535652,-74.148155
40.542446,-74.14319
40.538822,-74.15324
40.53301,-74.1524
40.540813,-74.1461
40.540905,-74.14621
40.540905,-74.14621
40.54283,-74.14503
40.544113,-74.145836
40.541286,-74.15455
40.540016,-74.152664
40.535988,-74.14874
40.538044,-74.1463
40.53771,-74.15213
40.539837,-74.15355
40.539116,-74.15018
40.544456,-74.15878
40.53924,-74.15588
40.537502,-74.15571
40.541626,-74.15148
40.54063,-74.158844
40.53956,-74.149506
40.54532,-74.156364
40.54331,-74.15585
40.53554,-74.15059
40.539307,-74.146324
40.543987,-74.15773
40.538715,-74.14479
40.539497,-74.154335
40.53592,-74.15486
40.533756,-74.15011
40.533344,-74.15762
40.54179,-74.15213
40.535587,-74.15405
40.539833,-74.150024
40.5982,-73.9959
40.60481,-73.991974
40.60021,-73.98461
40.59932,-73.9964
40.600216,-73.98462
40.60481,-73.991974
40.60844,-73.98333
40.601475,-73.98015
40.600464,-73.99084
40.60481,-73.991974
40.604343,-73.97572
40.603653,-73.98301
40.5982,-73.9959
40.59901,-73.993996
40.598927,-73.993935
40.60714,-73.98574
40.60721,-73.99295
40.60541,-73.98655
40.60777,-73.99538
40.60714,-73.98574
40.60184,-73.99553
40.60184,-73.99553
40.598907,-73.99631
40.607838,-73.99247
40.60184,-73.99553
40.60185,-73.98709
40.59695,-73.99264
40.60756,-73.9819
40.604145,-73.98347
40.60021,-73.98469
40.604595,-73.996155
40.607292,-73.99157
40.606567,-73.97906
40.598648,-73.996254
40.596962,-73.99266
40.60634,-73.98806
40.598907,-73.99631
40.601685,-73.98652
40.598907,-73.99631
40.57594,-74.08623
40.581944,-74.0863
40.59141,-74.07495
40.5795,-74.107765
40.5924,-74.09079
40.57352,-74.111176
40.593796,-74.100685
40.581635,-74.1
40.575832,-74.113
40.5791,-74.10744
40.5795,-74.107765
40.579105,-74.10743
40.5815,-74.0829
40.58748,-74.10919
40.594078,-74.0889
40.5942,-74.08487
40.593414,-74.0844
40.57543,-74.094666
40.586754,-74.09308
40.591408,-74.07496
40.57994,-74.094025
40.58768,-74.11032
40.572865,-74.11002
40.59522,-74.073715
40.58766,-74.093155
40.57907,-74.1079
40.579792,-74.0987
40.585037,-74.09693
40.573658,-74.08814
40.586796,-74.09
40.582703,-74.10156
40.577206,-74.11
40.57907,-74.1079
40.571342,-74.096016
40.591232,-74.085526
40.596134,-74.07072
40.593002,-74.07966
40.581585,-74.106705
40.581,-74.09577
40.578197,-74.09308
40.594143,-74.10069
40.60952,-74.06681
40.614315,-74.031746
40.608006,-74.06575
40.608624,-74.06609
40.61439,-74.03015
40.61212,-74.035355
40.613285,-74.065216
40.61439,-74.03015
40.620045,-74.03831
40.608532,-74.05881
40.614513,-74.03695
40.605774,-74.06568
40.6131,-74.031395
40.614315,-74.031746
40.615234,-74.0375
40.620674,-74.03482
40.61572,-74.03683
40.614513,-74.03695
40.617413,-74.02369
40.614513,-74.03695
40.60739,-74.06363
40.619823,-74.03932
40.61439,-74.03015
40.611057,-74.06023
40.605335,-73.98984
40.598927,-73.993935
40.597942,-73.992775
40.606785,-73.98789
40.598907,-73.99631
40.601772,-73.98549
40.604874,-73.97588
40.598824,-73.98657
40.60597,-73.98764
40.607346,-73.98545
40.596645,-73.994125
40.604195,-73.97422
40.608532,-73.996056
40.60019,-73.98046
40.607307,-73.988686
40.60558,-73.99628
40.606445,-73.99469
40.603035,-73.9967
40.600697,-73.98375
40.606686,-73.9966
40.60558,-73.99628
40.603027,-73.977066
40.597713,-73.99555
40.60714,-73.98574
40.601414,-73.99597
40.605377,-73.97883
40.598026,-73.98848
40.601555,-73.979195
40.60481,-73.991974
40.60714,-73.98574
40.60714,-73.98574
40.598927,-73.993935
40.59901,-73.993996
40.608425,-73.97919
40.601845,-73.97626
40.605286,-73.9952
40.60481,-73.991974
40.59994,-73.98106
40.60481,-73.991974
40.585285,-73.98818
40.577686,-73.99379
40.58546,-73.974014
40.585503,-73.98806
40.59343,-73.97663
40.58851,-73.98825
40.575256,-73.97428
40.586193,-73.97405
40.57679,-74.00615
40.575256,-73.97428
40.57524,-73.9991
40.589947,-73.98995
40.57711,-73.9841
40.577503,-73.97342
40.585503,-73.98806
40.582962,-73.98836
40.593655,-73.97819
40.57721,-73.99647
40.582962,-73.98836
40.575256,-73.99993
40.586525,-73.984245
40.577427,-73.97379
40.586525,-73.984245
40.586796,-73.98439
40.59312,-73.975784
40.575256,-73.97428
40.593925,-73.99078
40.585503,-73.98806
40.578564,-74.01105
40.59547,-73.97767
40.5792,-74.00989
40.586525,-73.984245
40.58569,-73.98484
40.589,-73.991844
40.568382,-74.11353
40.563477,-74.10539
40.56982,-74.09615
40.566933,-74.103584
40.55848,-74.11056
40.563732,-74.100815
40.56587,-74.103935
40.569244,-74.09275
40.564636,-74.10486
40.56398,-74.09983
40.565434,-74.10408
40.56151,-74.11356
40.55971,-74.11261
40.562393,-74.10442
40.560974,-74.10294
40.5645,-74.09945
40.564278,-74.1052
40.561028,-74.105034
40.564484,-74.09902
40.563297,-74.1004
40.565193,-74.102165
40.560295,-74.109566
40.565193,-74.10627
40.569244,-74.09275
40.565784,-74.10311
40.565907,-74.10843
40.56334,-74.10738
40.563,-74.1098
40.565765,-74.10318
40.56286,-74.11056
40.56282,-74.104034
40.569637,-74.09209
40.562275,-74.10282
40.56208,-74.10362
40.56087,-74.10181
40.56171,-74.11391
40.569042,-74.09282
40.55898,-74.10895
40.563683,-74.10924
40.562775,-74.10408
40.56598,-74.10859
40.534714,-74.15827
40.541725,-74.15654
40.538578,-74.14279
40.53978,-74.158005
40.533157,-74.154625
40.539104,-74.15988
40.538578,-74.14279
40.537712,-74.15293
40.53273,-74.15624
40.53815,-74.15136
40.53857,-74.14279
40.535053,-74.15739
40.545467,-74.15776
40.533867,-74.15279
40.541504,-74.158585
40.53192,-74.15889
40.543392,-74.15212
40.545414,-74.15524
40.545475,-74.157776
40.54551,-74.14395
40.530403,-74.159515
40.53939,-74.143074
40.53469,-74.16044
40.54387,-74.15933
40.53865,-74.14802
40.539753,-74.15683
40.540897,-74.156395
40.52917,-74.158165
40.54007,-74.15784
40.545254,-74.1447
40.537148,-74.14647
40.534107,-74.16026
40.528206,-74.16116
40.543793,-74.15924
40.54088,-74.16024
40.535442,-74.15556
40.54502,-74.15825
40.538795,-74.15229
40.545017,-74.15826
40.540478,-74.15285
40.53932,-74.14565
40.565952,-74.108604
40.565247,-74.10325
40.56088,-74.10699
40.564735,-74.09994
40.566017,-74.10869
40.564247,-74.10273
40.56416,-74.10282
40.56398,-74.1043
40.55881,-74.1091
40.55951,-74.108246
40.562153,-74.10248
40.56182,-74.11409
40.56887,-74.1122
40.564964,-74.104546
40.563988,-74.099594
40.564716,-74.10715
40.564514,-74.10495
40.570927,-74.09637
40.569637,-74.09209
40.570312,-74.09508
40.55915,-74.11384
40.56061,-74.10137
40.564297,-74.100494
40.559544,-74.108315
40.56375,-74.09978
40.560787,-74.113884
40.56382,-74.098976
40.56293,-74.10026
40.564503,-74.106895
40.563473,-74.107994
40.569847,-74.09503
40.56116,-74.102394
40.563896,-74.109344
40.576504,-73.98984
40.577427,-73.97379
40.589466,-73.99113
40.58913,-73.991806
40.586525,-73.984245
40.586796,-73.98439
40.5909,-73.98875
40.576538,-74.004395
40.585503,-73.98806
40.577427,-73.97379
40.58003,-74.00819
40.590446,-73.973495
40.577427,-73.97379
40.590904,-73.98875
40.576584,-74.00397
40.576958,-74.007744
40.578285,-73.97376
40.592617,-73.977936
40.595684,-73.99628
40.589,-73.991844
40.590572,-73.99108
40.586525,-73.984245
40.575375,-73.974495
40.57597,-73.98884
40.57674,-74.011154
40.588562,-73.9907
40.57603,-73.9736
40.575844,-74.008644
40.589466,-73.99113
40.575375,-73.974495
40.594036,-73.9885
40.575375,-73.974495
40.5783,-73.9735
40.586525,-73.984245
40.577427,-73.97379
40.575256,-73.97428
40.579395,-73.98256
40.57939,-73.98263
40.589,-73.991844
40.575256,-73.97428
40.58719,-73.98411
40.575375,-73.974495
40.585655,-73.98832
40.59407,-73.97775
40.587116,-73.988434
40.58569,-73.98484
40.58569,-73.98484
40.58055,-74.00608
40.58552,-73.98837
40.591496,-73.99687
40.578285,-73.97376
40.585938,-73.986885
40.575375,-73.974495
40.589466,-73.99113
40.59021,-73.97556
40.592266,-73.97726
40.587116,-73.988434
40.575256,-73.97428
40.595688,-73.99704
40.586525,-73.984245
40.58023,-74.0031
40.586796,-73.98439
40.575256,-73.97428
40.595688,-73.99704
40.589,-73.991844
40.595688,-73.99704
40.595688,-73.99704
40.579006,-74.0049
40.578163,-73.985825
40.575256,-73.97428
40.586803,-73.98902
40.595688,-73.99704
40.578285,-73.97376
40.577427,-73.97379
40.586796,-73.98439
40.586525,-73.984245
40.586796,-73.98439
40.575256,-73.97428
40.59611,-73.98751
40.595688,-73.99704
40.59611,-73.98751
40.586796,-73.98439
40.578285,-73.97376
40.586796,-73.98439
40.575302,-73.99455
40.575108,-73.974495
40.578285,-73.97376
40.586796,-73.98439
40.577427,-73.97379
40.575375,-73.974495
40.586525,-73.984245
40.586525,-73.984245
40.586796,-73.98439
40.595383,-73.97765
40.588562,-73.9907
40.585503,-73.98806
40.586796,-73.98439
40.586525,-73.984245
40.586796,-73.98439
40.594715,-73.99125
40.577175,-73.99844
40.587433,-73.98831
40.588562,-73.9907
40.587357,-73.98825
40.586525,-73.984245
40.59174,-73.98715
40.575375,-73.99785
40.586796,-73.98439
40.587433,-73.98831
40.57685,-73.98947
40.575256,-73.97428
40.5774,-73.9738
40.577194,-73.9983
40.576717,-73.99268
40.588562,-73.9907
40.587357,-73.98825
40.590984,-73.98685
40.57764,-73.99421
40.577427,-73.97379
40.592747,-73.97752
40.589,-73.991844
40.585636,-73.98447
40.58637,-73.98389
40.578285,-73.97376
40.584877,-73.984505
40.585503,-73.98806
40.589466,-73.99113
40.585503,-73.98806
40.575256,-73.97428
40.576756,-73.99378
40.575855,-73.99794
40.58059,-74.00572
40.594913,-73.977936
40.5774,-73.9738
40.590363,-73.98588
40.57809,-74.006905
40.576984,-73.986275
40.580727,-74.00446
40.595688,-73.99704
40.573563,-74.00535
40.57871,-74.00317
40.575375,-73.974495
40.586525,-73.984245
40.595676,-73.9876
40.577427,-73.97379
40.577427,-73.97379
40.575256,-73.97428
40.592964,-73.98778
40.59301,-73.98786
40.586327,-73.98992
40.586796,-73.98439
40.577427,-73.97379
40.577427,-73.97379
40.578285,-73.97376
40.586796,-73.98439
40.575256,-73.97428
40.5905,-73.9921
40.589,-73.991844
40.589,-73.991844
40.589,-73.991844
40.588562,-73.9907
40.577427,-73.97379
40.58571,-74.09165
40.589294,-74.08674
40.580147,-74.08717
40.59335,-74.08038
40.584915,-74.10607
40.58256,-74.10694
40.57753,-74.11062
40.579494,-74.10775
40.591274,-74.07221
40.590607,-74.08582
40.590202,-74.073906
40.57297,-74.10921
40.579098,-74.10743
40.579807,-74.09747
40.5795,-74.10777
40.59286,-74.089485
40.58426,-74.106895
40.579678,-74.08721
40.591377,-74.084114
40.58713,-74.08962
40.574123,-74.0931
40.57343,-74.092766
40.58489,-74.10092
40.580345,-74.09765
40.582977,-74.09472
40.590004,-74.101616
40.582718,-74.10296
40.574516,-74.110535
40.595116,-74.07467
40.573727,-74.09754
40.5943,-74.07419
40.58201,-74.09231
40.57203,-74.09011
40.593254,-74.09847
40.579117,-74.09983
40.578957,-74.09895
40.595036,-74.10373
40.573814,-74.09731
40.575516,-74.090866
40.571712,-74.11426
40.593903,-74.105995
40.61717,-74.098206
40.61367,-74.08895
40.603878,-74.08822
40.601574,-74.0769
40.608494,-74.08557
40.60337,-74.07194
40.618835,-74.09491
40.616096,-74.09036
40.603374,-74.07196
40.60449,-74.10667
40.607826,-74.0924
40.60464,-74.099464
40.61245,-74.07243
40.598812,-74.09144
40.61897,-74.10702
40.602894,-74.10996
40.612755,-74.10387
40.614704,-74.07325
40.61175,-74.100525
40.617584,-74.09781
40.61476,-74.100395
40.619576,-74.0958
40.610813,-74.07454
40.607876,-74.074104
40.607975,-74.0843
40.609196,-74.07495
40.610363,-74.06899
40.620106,-74.109825
40.60249,-74.08747
40.598114,-74.09022
40.61542,-74.10157
40.60788,-74.08505
40.62011,-74.10984
40.618965,-74.10701
40.60957,-74.09639
40.614254,-74.08034
40.615868,-74.07585
40.59688,-74.08934
40.61397,-74.087616
40.620975,-74.111176
40.59828,-74.09432
40.60648,-74.0888
40.603138,-74.08099
40.615414,-74.10156
40.60656,-74.103424
40.61294,-74.07533
40.618835,-74.09491
40.60414,-74.0745
40.596607,-74.09653
40.606037,-74.087105
40.6025,-74.094315
40.597885,-74.07738
40.61394,-74.07952
40.61488,-74.089195
40.60854,-74.073456
40.60756,-74.08122
40.602833,-74.09726
40.598717,-74.09213
40.6028,-74.103775
40.610466,-74.06943
40.597836,-74.07466
40.618237,-74.08318
40.599583,-74.077484
40.61916,-74.08913
40.614864,-74.08707
40.612183,-74.072945
40.610798,-74.092995
40.59766,-74.07629
40.6095,-74.08032
40.596905,-74.074165
40.61978,-74.07888
40.59859,-74.09631
40.61559,-74.1
40.61076,-74.093575
40.604206,-74.09932
40.62047,-74.10252
40.61883,-74.0949
40.607365,-74.096756
40.60249,-74.08747
40.603416,-74.08911
40.619576,-74.0958
40.60182,-74.08536
40.601963,-74.08527
40.607426,-74.079025
40.600727,-74.090485
40.596264,-74.10407
40.61897,-74.10701
40.60938,-74.099785
40.610374,-74.07212
40.59883,-74.083405
40.61245,-74.07243
40.61973,-74.08618
40.60746,-74.08364
40.60431,-74.08471
40.607456,-74.08365
40.6178,-74.103806
40.618385,-74.07925
40.601154,-74.08469
40.62111,-74.10722
40.61157,-74.07311
40.59882,-74.09145
40.59654,-74.077675
40.60556,-74.07133
40.619633,-74.08544
40.59739,-74.110146
40.60922,-74.07324
40.620724,-74.10933
40.602074,-74.10958
40.59953,-74.09009
40.613037,-74.09849
40.60655,-74.08986
40.60815,-74.074104
40.597282,-74.09808
40.612446,-74.07307
40.61233,-74.07329
40.617588,-74.0978
40.620106,-74.109825
40.60814,-74.07409
40.620106,-74.109825
40.61534,-74.098656
40.618835,-74.09491
40.612473,-74.093094
40.611164,-74.07878
40.60009,-74.09598
40.61389,-74.085594
40.61897,-74.10701
40.59973,-74.10171
40.6038,-74.09026
40.619213,-74.08437
40.60814,-74.07409
40.606377,-74.09863
40.596306,-74.08995
40.59948,-74.0748
40.61577,-74.101845
40.6186,-74.090385
40.61378,-74.10699
40.61684,-74.07819
40.602703,-74.068436
40.597233,-74.07852
40.60017,-74.081924
40.606243,-74.10293
40.614082,-74.06774
40.59851,-74.10109
40.61897,-74.10701
40.60884,-74.08683
40.605022,-74.100006
40.60338,-74.071945
40.613037,-74.09849
40.613247,-74.085785
40.603237,-74.07019
40.608265,-74.09777
40.612816,-74.09916
40.612595,-74.10576
40.617577,-74.070984
40.60203,-74.08419
40.60882,-74.08569
40.620106,-74.109825
40.621273,-74.07816
40.597992,-74.08785
40.599144,-74.09137
40.617065,-74.07897
40.619892,-74.07333
40.615356,-74.08628
40.607933,-74.11383
40.611816,-74.09436
40.6206,-74.08368
40.600513,-74.09892
40.61671,-74.10149
40.600845,-74.07868
40.61303,-74.09848
40.61303,-74.09848
40.62016,-74.073
40.61757,-74.07426
40.608093,-74.0739
40.612186,-74.0676
40.599964,-74.10272
40.60249,-74.08747
40.60664,-74.093414
40.607697,-74.0994
40.60427,-74.075264
40.601715,-74.076935
40.60211,-74.087845
40.59716,-74.07913
40.616787,-74.101746
40.60814,-74.07409
40.59844,-74.08905
40.600204,-74.08819
40.611874,-74.104324
40.61885,-74.06932
40.59845,-74.09007
40.60255,-74.09908
40.60432,-74.090225
40.619232,-74.08446
40.59671,-74.06816
40.607178,-74.100296
40.615704,-74.08599
40.620106,-74.109825
40.609776,-74.08013
40.61891,-74.07503
40.6203,-74.07364
40.60142,-74.0959
40.60556,-74.07133
40.618572,-74.10346
40.620724,-74.110695
40.616013,-74.102036
40.616043,-74.08611
40.601856,-74.07815
40.598248,-74.09151
40.599277,-74.08776
40.61076,-74.093575
40.605343,-74.09386
40.618965,-74.10702
40.597054,-74.08928
40.596985,-74.07586
40.61336,-74.11263
40.61032,-74.06983
40.62098,-74.111176
40.597614,-74.08214
40.604225,-74.096794
40.616074,-74.088646
40.598087,-74.067986
40.612083,-74.09049
40.61834,-74.085915
40.60031,-74.0764
40.602398,-74.083405
40.61476,-74.08565
40.611923,-74.07605
40.60338,-74.071945
40.603878,-74.08822
40.615536,-74.097885
40.619305,-74.089455
40.620106,-74.109825
40.608974,-74.071785
40.602386,-74.093445
40.61897,-74.10701
40.619022,-74.08628
40.60889,-74.10191
40.60387,-74.08823
40.60061,-74.06772
40.612225,-74.10867
40.619286,-74.07992
40.604824,-74.07461
40.618744,-74.08156
40.61494,-74.106415
40.607124,-74.097084
40.609367,-74.07163
40.598255,-74.09152
40.59913,-74.09131
40.610798,-74.092995
40.616463,-74.08602
40.616203,-74.07218
40.618977,-74.107025
40.606277,-74.09365
40.603493,-74.10894
40.613033,-74.09848
40.619434,-74.07781
40.619183,-74.080086
40.61774,-74.08428
40.600216,-74.093834
40.608143,-74.0741
40.617115,-74.098236
40.609516,-74.070564
40.61551,-74.08852
40.611557,-74.08809
40.608044,-74.08272
40.60205,-74.08406
40.612823,-74.09917
40.608036,-74.08271
40.601467,-74.0971
40.604053,-74.085594
40.60235,-74.083305
40.615047,-74.09839
40.612892,-74.086815
40.60557,-74.071335
40.618973,-74.107025
40.61257,-74.06768
40.598892,-74.08324
40.60248,-74.087456
40.60587,-74.068184
40.607834,-74.0913
40.61369,-74.09612
40.617893,-74.09785
40.616592,-74.08395
40.59807,-74.07547
40.617607,-74.10256
40.59761,-74.0922
40.6012,-74.10088
40.612537,-74.09347
40.60339,-74.085724
40.605583,-74.096985
40.61076,-74.093575
40.601273,-74.09999
40.607616,-74.08313
40.6121,-74.08736
40.597767,-74.099304
40.60338,-74.071945
40.616337,-74.070274
40.61705,-74.07117
40.620106,-74.109825
40.618782,-74.08078
40.613472,-74.11202
40.607227,-74.0933
40.612644,-74.10519
40.603947,-74.08989
40.612816,-74.09916
40.615097,-74.06962
40.610794,-74.092995
40.60814,-74.07409
40.615246,-74.068535
40.61558,-74.08874
40.603004,-74.07763
40.604225,-74.09775
40.607887,-74.09942
40.597866,-74.08061
40.613953,-74.10164
40.612637,-74.10518
40.603878,-74.08822
40.6169,-74.090706
40.608116,-74.10088
40.608257,-74.09776
40.62112,-74.105865
40.597702,-74.07274
40.618935,-74.08694
40.611362,-74.08539
40.60338,-74.071945
40.6151,-74.08514
40.59672,-74.0761
40.60894,-74.09569
40.59928,-74.08414
40.615814,-74.081894
40.60316,-74.090904
40.611477,-74.10346
40.614662,-74.077515
40.604935,-74.069756
40.619057,-74.10671
40.613033,-74.09849
40.61319,-74.07864
40.598976,-74.091415
40.59767,-74.09037
40.618336,-74.09364
40.60026,-74.07177
40.60091,-74.09446
40.601097,-74.11049
40.619476,-74.08113
40.61417,-74.10375
40.59733,-74.093796
40.610023,-74.068726
40.610798,-74.093
40.612816,-74.09916
40.60053,-74.09411
40.60992,-74.07366
40.62062,-74.0821
40.60401,-74.097336
40.607677,-74.06738
40.606888,-74.09325
40.61897,-74.10701
40.618828,-74.09489
40.60693,-74.10171
40.59549,-74.07007
40.592716,-74.08547
40.571453,-74.09288
40.57689,-74.08959
40.58131,-74.113174
40.5914,-74.09075
40.592327,-74.06988
40.575897,-74.1082
40.585033,-74.09691
40.573227,-74.10905
40.5753,-74.09135
40.571934,-74.08959
40.5928,-74.08908
40.57456,-74.10194
40.57331,-74.093124
40.57911,-74.10744
40.579105,-74.107445
40.592407,-74.0731
40.576797,-74.0962
40.580193,-74.10248
40.585533,-74.10681
40.579494,-74.10775
40.59218,-74.07387
40.58865,-74.09908
40.58857,-74.109856
40.57824,-74.1142
40.578754,-74.09959
40.577953,-74.0999
40.585274,-74.10233
40.589252,-74.09147
40.573654,-74.10998
40.592644,-74.07678
40.594425,-74.07685
40.579494,-74.10775
40.591724,-74.0761
40.590946,-74.10028
40.593605,-74.088165
40.59481,-74.10752
40.595547,-74.09397
40.58113,-74.11064
40.579018,-74.087036
40.60972,-74.12714
40.620808,-74.1285
40.603683,-74.13417
40.602608,-74.13357
40.62046,-74.14595
40.604374,-74.13234
40.607754,-74.1499
40.601303,-74.157936
40.611115,-74.14619
40.602074,-74.117355
40.603592,-74.13677
40.60141,-74.13278
40.616,-74.13494
40.618725,-74.15567
40.60125,-74.13483
40.605442,-74.12723
40.60015,-74.12391
40.608414,-74.16045
40.608337,-74.114784
40.61215,-74.145515
40.61484,-74.14317
40.60465,-74.12767
40.6119,-74.14914
40.619,-74.13299
40.61904,-74.133026
40.60012,-74.13513
40.612514,-74.12152
40.601036,-74.13852
40.61225,-74.14613
40.621044,-74.14297
40.601707,-74.13925
40.60408,-74.11939
40.606705,-74.14772
40.614624,-74.124016
40.603706,-74.11749
40.613148,-74.12578
40.60947,-74.1319
40.611748,-74.159615
40.61153,-74.14707
40.611233,-74.16118
40.611687,-74.12359
40.618828,-74.09489
40.60814,-74.07409
40.598248,-74.09151
40.62026,-74.078926
40.60948,-74.06907
40.615505,-74.08384
40.610016,-74.06871
40.600742,-74.090065
40.61414,-74.099945
40.618317,-74.07613
40.617958,-74.07032
40.601406,-74.08426
40.602253,-74.08593
40.5963,-74.08994
40.618565,-74.0864
40.62011,-74.10984
40.606655,-74.08906
40.613037,-74.09849
40.596436,-74.06994
40.611,-74.0741
40.598248,-74.09151
40.614937,-74.07129
40.60289,-74.08575
40.61303,-74.09848
40.59936,-74.09542
40.608635,-74.085884
40.596424,-74.06993
40.609093,-74.083855
40.6096,-74.07129
40.600227,-74.09521
40.61153,-74.06984
40.599075,-74.09195
40.61081,-74.08779
40.61787,-74.07584
40.61749,-74.08586
40.602158,-74.09506
40.613037,-74.09459
40.61076,-74.093575
40.599342,-74.08478
40.61287,-74.08098
40.617393,-74.13457
40.61777,-74.14193
40.607132,-74.15102
40.598537,-74.11887
40.605503,-74.11835
40.6156,-74.131714
40.617302,-74.12431
40.61309,-74.115524
40.61952,-74.15285
40.60163,-74.13649
40.618008,-74.15506
40.600914,-74.11895
40.610428,-74.12774
40.618744,-74.12435
40.615845,-74.144966
40.62015,-74.151985
40.611416,-74.1489
40.611935,-74.12304
40.599304,-74.119194
40.603798,-74.12906
40.618904,-74.119286
40.615364,-74.152275
40.618034,-74.15633
40.608383,-74.15256
40.617027,-74.14888
40.60872,-74.16098
40.610287,-74.12376
40.62071,-74.14208
40.60507,-74.13525
40.598793,-74.11871
40.602295,-74.119736
40.606255,-74.146034
40.60677,-74.15899
40.615616,-74.12197
40.616634,-74.13052
40.611614,-74.1192
40.62127,-74.14235
40.60144,-74.12636
40.614235,-74.129814
40.605877,-74.13956
40.57262,-74.13488
40.58109,-74.161125
40.592014,-74.15168
40.585983,-74.14818
40.572716,-74.1233
40.584526,-74.1486
40.581196,-74.15756
40.58062,-74.126366
40.593063,-74.159676
40.59096,-74.1514
40.58684,-74.14916
40.578297,-74.15779
40.584908,-74.15992
40.577507,-74.125916
40.591118,-74.1532
40.58881,-74.149864
40.57252,-74.122955
40.576138,-74.14304
40.58881,-74.149864
40.578007,-74.1605
40.571568,-74.13361
40.588318,-74.14951
40.59468,-74.1602
40.574368,-74.13996
40.59046,-74.1474
40.594673,-74.160194
40.5899,-74.15155
40.575024,-74.130486
40.577503,-74.1259
40.589077,-74.15054
40.578247,-74.16076
40.58864,-74.15088
40.58948,-74.14756
40.5916,-74.15405
40.59306,-74.15966
40.578285,-74.15778
40.575752,-74.121796
40.58046,-74.15692
40.5795,-74.135605
40.58163,-74.15779
40.571117,-74.12354
40.679527,-73.90895
40.694363,-73.91998
40.67847,-73.90919
40.682083,-73.91215
40.693333,-73.923195
40.68943,-73.91474
40.680527,-73.91445
40.676113,-73.917274
40.683914,-73.91398
40.689384,-73.913155
40.686504,-73.9236
40.68156,-73.885376
40.6923,-73.916145
40.67979,-73.88719
40.693092,-73.918884
40.687622,-73.91413
40.682507,-73.92624
40.672523,-73.89331
40.681732,-73.8909
40.67571,-73.90987
40.69525,-73.92068
40.69189,-73.90718
40.677242,-73.88618
40.679726,-73.90725
40.697136,-73.91257
40.693333,-73.923164
40.696613,-73.90723
40.692856,-73.91021
40.677814,-73.89701
40.677814,-73.89701
40.688095,-73.919945
40.71392,-73.9463
40.715916,-73.94079
40.71574,-73.93935
40.71584,-73.93949
40.719032,-73.943825
40.716404,-73.9459
40.716736,-73.942345
40.717278,-73.943375
40.715958,-73.94558
40.7139,-73.94543
40.71504,-73.94883
40.719017,-73.94096
40.713505,-73.944786
40.610794,-74.092995
40.61897,-74.10701
40.612682,-74.09337
40.60609,-74.08718
40.60191,-74.11279
40.60338,-74.071945
40.613125,-74.10763
40.60186,-74.090256
40.61258,-74.10614
40.607655,-74.07892
40.615078,-74.0773
40.602158,-74.07405
40.601406,-74.09018
40.605286,-74.0882
40.609688,-74.08596
40.611134,-74.089584
40.610275,-74.08378
40.62113,-74.11202
40.596264,-74.07789
40.611256,-74.07523
40.61274,-74.104256
40.61831,-74.07936
40.618828,-74.09489
40.61002,-74.06737
40.619812,-74.07232
40.601017,-74.094406
40.60599,-74.08515
40.604546,-74.0954
40.610012,-74.06737
40.607777,-74.0956
40.619297,-74.07321
40.59761,-74.10325
40.61577,-74.080025
40.61485,-74.10049
40.598255,-74.09152
40.616856,-74.070915
40.612457,-74.07403
40.618294,-74.10027
40.620106,-74.109825
40.693336,-73.91228
40.692898,-73.90619
40.681164,-73.88811
40.676655,-73.90725
40.684013,-73.88347
40.683334,-73.889854
40.6863,-73.915016
40.696438,-73.89503
40.6784,-73.89069
40.693336,-73.91228
40.696358,-73.895706
40.680195,-73.91008
40.681293,-73.886635
40.674625,-73.88696
40.67385,-73.893005
40.69599,-73.92463
40.67615,-73.918015
40.677834,-73.91233
40.67432,-73.889595
40.692368,-73.9032
40.68388,-73.9208
40.689453,-73.9194
40.683975,-73.90613
40.686314,-73.913826
40.678127,-73.91976
40.693184,-73.92411
40.696774,-73.901276
40.679325,-73.8908
40.693447,-73.92634
40.687645,-73.92312
40.679188,-73.88226
40.685616,-73.90968
40.68308,-73.907455
40.682182,-73.91791
40.67411,-73.908646
40.684902,-73.92093
40.687595,-73.9136
40.681126,-73.9221
40.682278,-73.89429
40.67468,-73.905975
40.69654,-73.890495
40.68189,-73.921036
40.679005,-73.891266
40.67963,-73.90805
40.68466,-73.88318
40.68262,-73.91217
40.685497,-73.91969
40.676716,-73.912285
40.67564,-73.88962
40.676903,-73.92452
40.67542,-73.89116
40.68237,-73.92089
40.682278,-73.89211
40.687645,-73.92312
40.680527,-73.91445
40.686016,-73.92405
40.685764,-73.91216
40.679398,-73.89173
40.684994,-73.91085
40.690624,-73.90725
40.683445,-73.90751
40.68692,-73.91252
40.672997,-73.89347
40.690365,-73.91901
40.69408,-73.92405
40.686523,-73.91128
40.693447,-73.92634
40.6424,-73.97457
40.6424,-73.97457
40.642838,-73.976814
40.63651,-73.99506
40.635967,-73.98265
40.639057,-73.99321
40.63624,-73.98327
40.638893,-73.99052
40.639496,-73.98941
40.643654,-73.97678
40.643867,-73.978096
40.646687,-73.974045
40.646687,-73.974045
40.646687,-73.974045
40.646027,-73.98149
40.636803,-73.99309
40.646687,-73.974045
40.64324,-73.97644
40.639744,-73.98906
40.645058,-73.99467
40.634834,-73.99075
40.646687,-73.974045
40.63534,-73.98554
40.639145,-73.975365
40.639797,-73.97549
40.642757,-73.976814
40.638603,-73.98082
40.642838,-73.976814
40.64441,-73.973656
40.636837,-73.993324
40.63544,-73.97561
40.64245,-73.983955
40.696365,-73.89043
40.6913,-73.91361
40.677197,-73.92154
40.684177,-73.91709
40.69042,-73.91143
40.6951,-73.926125
40.697124,-73.88748
40.69158,-73.916145
40.695137,-73.88997
40.692844,-73.91328
40.69695,-73.890335
40.675232,-73.8924
40.69106,-73.91548
40.67657,-73.90881
40.695633,-73.889145
40.686817,-73.92094
40.693333,-73.923195
40.68692,-73.91252
40.68499,-73.92089
40.693333,-73.923195
40.680397,-73.891075
40.684994,-73.91085
40.693333,-73.923195
40.684307,-73.91157
40.68474,-73.922325
40.680527,-73.91445
40.675934,-73.88467
40.69525,-73.92068
40.687866,-73.90574
40.677742,-73.91889
40.690865,-73.91995
40.695683,-73.88916
40.675625,-73.88995
40.678097,-73.91194
40.691654,-73.91093
40.677814,-73.89701
40.6951,-73.91134
40.682198,-73.9249
40.69085,-73.90464
40.67453,-73.90874
40.682163,-73.892334
40.677814,-73.89701
40.68245,-73.90475
40.68692,-73.91252
40.69468,-73.89081
40.69678,-73.907524
40.685616,-73.90968
40.675667,-73.90917
40.68307,-73.89463
40.682602,-73.9254
40.688496,-73.91448
40.68767,-73.916466
40.674362,-73.8866
40.69241,-73.90315
40.676216,-73.91412
40.718,-73.9558
40.71588,-73.96102
40.71379,-73.95055
40.71844,-73.96388
40.71844,-73.96388
40.710552,-73.968155
40.710552,-73.968155
40.720238,-73.95646
40.71483,-73.95335
40.720238,-73.95646
40.71844,-73.96388
40.714832,-73.95335
40.7193,-73.96397
40.716564,-73.95184
40.71959,-73.964096
40.71844,-73.96388
40.71844,-73.96388
40.71,-73.96289
40.719597,-73.9642
40.717365,-73.96339
40.712166,-73.958405
40.717712,-73.95707
40.710873,-73.9572
40.719597,-73.9642
40.678993,-73.8827
40.693184,-73.92411
40.687485,-73.92203
40.687645,-73.92312
40.694805,-73.89139
40.68599,-73.923325
40.672653,-73.92451
40.696236,-73.901146
40.683098,-73.91706
40.684994,-73.91085
40.688766,-73.91962
40.681007,-73.89256
40.696102,-73.894485
40.69671,-73.8925
40.68166,-73.89484
40.693333,-73.923195
40.693333,-73.923195
40.69562,-73.89509
40.69692,-73.89288
40.693333,-73.923195
40.687645,-73.92312
40.680756,-73.883766
40.67863,-73.91065
40.687645,-73.92312
40.688732,-73.92432
40.693333,-73.923195
40.67955,-73.89049
40.693333,-73.923195
40.683502,-73.884315
40.709633,-73.95279
40.703587,-73.958725
40.70336,-73.9576
40.70218,-73.95132
40.709194,-73.9585
40.70317,-73.95741
40.709373,-73.96365
40.709267,-73.96164
40.697723,-73.97293
40.70982,-73.9579
40.7096,-73.96192
40.7096,-73.96192
40.699646,-73.95827
40.699646,-73.95827
40.703144,-73.95133
40.707382,-73.96365
40.700867,-73.95487
40.700867,-73.95487
40.70451,-73.955025
40.707153,-73.959236
40.70929,-73.962906
40.700233,-73.95085
40.707493,-73.96354
40.70923,-73.96929
40.701584,-73.95137
40.707436,-73.963486
40.70163,-73.952736
40.70923,-73.96929
40.705482,-73.967255
40.709633,-73.95279
40.708866,-73.94024
40.69764,-73.935455
40.69891,-73.93123
40.70806,-73.94023
40.703167,-73.94756
40.699444,-73.93461
40.697723,-73.92689
40.701023,-73.92914
40.70418,-73.94879
40.700027,-73.936554
40.703167,-73.94756
40.70655,-73.937744
40.708515,-73.940895
40.708363,-73.94183
40.703167,-73.94756
40.708866,-73.94024
40.703167,-73.94756
40.707012,-73.9491
40.70212,-73.94746
40.69904,-73.92909
40.708866,-73.94024
40.702812,-73.94657
40.703857,-73.948715
40.703167,-73.94756
40.720173,-73.81312
40.715786,-73.83176
40.71814,-73.81761
40.718506,-73.81097
40.72063,-73.81189
40.718506,-73.81097
40.718506,-73.81097
40.7184,-73.8109
40.716022,-73.831375
40.713127,-73.81909
40.713127,-73.81909
40.712402,-73.81193
40.7123,-73.81705
40.711227,-73.813126
40.719143,-73.8192
40.713127,-73.81909
40.720173,-73.81312
40.71825,-73.81804
40.713127,-73.81909
40.718464,-73.80212
40.71478,-73.785995
40.714226,-73.79256
40.710293,-73.79139
40.721897,-73.79933
40.7207,-73.79795
40.721447,-73.79827
40.72083,-73.79861
40.712475,-73.804985
40.7204,-73.79881
40.71726,-73.80253
40.715294,-73.80399
40.721615,-73.804794
40.718994,-73.80225
40.713394,-73.80854
40.71482,-73.79692
40.71482,-73.79692
40.713406,-73.80842
40.71302,-73.808304
40.718513,-73.78753
40.72064,-73.80255
40.71266,-73.79163
40.718513,-73.78753
40.710743,-73.79781
40.71544,-73.79092
40.720276,-73.808426
40.71138,-73.789154
40.716717,-73.80738
40.71266,-73.79163
40.72137,-73.78936
40.71463,-73.78851
40.71267,-73.78706
40.719234,-73.80622
40.715233,-73.80853
40.72048,-73.80846
40.710403,-73.79886
40.71886,-73.800865
40.71175,-73.8052
40.71569,-73.80393
40.719128,-73.79997
40.714825,-73.79569
40.71231,-73.78749
40.712666,-73.78706
40.71138,-73.789154
40.712666,-73.78706
40.72092,-73.78931
40.71231,-73.78749
40.712666,-73.78706
40.72149,-73.80098
40.71366,-73.79484
40.712666,-73.78706
40.712666,-73.78706
40.712666,-73.78706
40.712524,-73.79735
40.7154,-73.7947
40.712666,-73.78706
40.710293,-73.79139
40.719116,-73.802284
40.713303,-73.7889
40.717606,-73.78927
40.71267,-73.78706
40.71138,-73.789154
40.711437,-73.78604
40.710922,-73.80059
40.710403,-73.79886
40.71792,-73.80099
40.711876,-73.79278
40.717644,-73.79284
40.71162,-73.78572
40.71504,-73.805016
40.71231,-73.78749
40.712666,-73.78706
40.717045,-73.785736
40.714825,-73.79569
40.72048,-73.80846
40.71463,-73.78851
40.721806,-73.80777
40.713955,-73.80152
40.721947,-73.78696
40.71466,-73.795364
40.710197,-73.80162
40.710423,-73.785904
40.719467,-73.79908
40.7135,-73.79011
40.721184,-73.789795
40.71138,-73.789154
40.71482,-73.79692
40.7101,-73.78606
40.715755,-73.79219
40.713036,-73.884224
40.700653,-73.92615
40.71778,-73.90347
40.717583,-73.882065
40.717472,-73.90551
40.710983,-73.900856
40.705254,-73.887085
40.71618,-73.88412
40.706825,-73.90917
40.712765,-73.88262
40.703777,-73.91483
40.72124,-73.888306
40.71652,-73.881546
40.710495,-73.91549
40.70765,-73.90111
40.703793,-73.91299
40.716614,-73.88323
40.709103,-73.91884
40.71997,-73.90194
40.700325,-73.90444
40.7165,-73.91303
40.714783,-73.89815
40.70516,-73.88799
40.705475,-73.88623
40.713863,-73.8968
40.714474,-73.885056
40.699963,-73.9006
40.715843,-73.88582
40.717255,-73.90104
40.70785,-73.89762
40.700127,-73.88477
40.705704,-73.89655
40.713593,-73.89569
40.707787,-73.897575
40.715843,-73.88582
40.700417,-73.91567
40.713547,-73.89586
40.687897,-73.8665
40.678875,-73.847244
40.695885,-73.86022
40.67497,-73.87939
40.673203,-73.84232
40.682865,-73.87123
40.69462,-73.83916
40.69241,-73.86506
40.69449,-73.86178
40.68423,-73.86676
40.688473,-73.83793
40.6901,-73.861244
40.681213,-73.84345
40.697136,-73.8346
40.689423,-73.83689
40.686455,-73.83674
40.679546,-73.84471
40.683823,-73.86557
40.68171,-73.852264
40.694965,-73.86319
40.67367,-73.84054
40.673283,-73.8446
40.68672,-73.86043
40.68247,-73.84971
40.682922,-73.85601
40.69241,-73.86506
40.695374,-73.85988
40.69413,-73.84075
40.67272,-73.850494
40.692486,-73.859474
40.692677,-73.85618
40.688286,-73.8469
40.672672,-73.87691
40.689182,-73.85691
40.675404,-73.842865
40.6798,-73.8467
40.6919,-73.84081
40.688576,-73.851006
40.686417,-73.84987
40.679314,-73.83364
40.675976,-73.863754
40.683468,-73.83666
40.68446,-73.87228
40.692623,-73.8434
40.672226,-73.87908
40.690502,-73.85853
40.689674,-73.85498
40.679024,-73.832954
40.673428,-73.84238
40.68053,-73.87247
40.683662,-73.87858
40.695156,-73.860634
40.687496,-73.84774
40.687916,-73.85169
40.678795,-73.86431
40.690502,-73.85853
40.695316,-73.855255
40.688118,-73.85359
40.67328,-73.85173
40.67695,-73.842674
40.689003,-73.85779
40.68408,-73.86674
40.6899,-73.85359
40.6846,-73.8375
40.681168,-73.859055
40.681866,-73.86571
40.688267,-73.85212
40.687557,-73.92138
40.683643,-73.91881
40.67605,-73.89188
40.692314,-73.92557
40.69599,-73.92463
40.686615,-73.908134
40.678127,-73.91976
40.687645,-73.92312
40.690746,-73.913445
40.674717,-73.89149
40.673443,-73.887085
40.68181,-73.9152
40.67578,-73.89349
40.67459,-73.917946
40.69528,-73.89195
40.695972,-73.88982
40.690075,-73.917625
40.675766,-73.893585
40.681187,-73.89219
40.676617,-73.88306
40.683163,-73.88391
40.679176,-73.909584
40.682182,-73.91791
40.679886,-73.910866
40.688606,-73.914375
40.69648,-73.88756
40.686577,-73.9152
40.69654,-73.89456
40.68755,-73.91613
40.68031,-73.90898
40.72132,-73.79822
40.715347,-73.791046
40.720592,-73.80147
40.71138,-73.789154
40.717716,-73.80153
40.720592,-73.80147
40.71055,-73.79784
40.713573,-73.79019
40.710094,-73.78901
40.710403,-73.79886
40.712444,-73.80085
40.71277,-73.808174
40.712666,-73.78706
40.71231,-73.78749
40.71267,-73.78706
40.712666,-73.78706
40.712334,-73.78735
40.712666,-73.78706
40.713303,-73.7889
40.710403,-73.79886
40.72077,-73.78994
40.713303,-73.7889
40.71935,-73.802345
40.713303,-73.7889
40.711014,-73.78783
40.71478,-73.792435
40.71463,-73.78851
40.714634,-73.79647
40.710423,-73.785904
40.722042,-73.80148
40.713303,-73.80631
40.71384,-73.78857
40.711437,-73.78604
40.719776,-73.80209
40.711437,-73.78604
40.67704,-73.85182
40.677647,-73.8772
40.677395,-73.87339
40.692837,-73.8508
40.69465,-73.84516
40.682587,-73.84707
40.68924,-73.84736
40.67335,-73.84451
40.690266,-73.854454
40.68739,-73.85336
40.673832,-73.8493
40.685585,-73.833374
40.69583,-73.8631
40.695103,-73.8589
40.69249,-73.859474
40.683037,-73.86976
40.67611,-73.872635
40.67714,-73.845406
40.683674,-73.83538
40.694023,-73.864044
40.69376,-73.83984
40.69304,-73.86195
40.6857,-73.86141
40.69128,-73.84803
40.692024,-73.85527
40.685097,-73.85514
40.695972,-73.83785
40.682217,-73.83336
40.690456,-73.851944
40.69265,-73.83718
40.696247,-73.85546
40.68008,-73.86252
40.674862,-73.846405
40.672714,-73.83922
40.689644,-73.85942
40.6836,-73.87156
40.68327,-73.87271
40.67966,-73.846634
40.674923,-73.83925
40.69448,-73.85949
40.6957,-73.837715
40.673187,-73.87819
40.691624,-73.85257
40.68676,-73.84607
40.696423,-73.85063
40.689194,-73.865074
40.691425,-73.84285
40.692383,-73.85621
40.679943,-73.84282
40.69321,-73.865326
40.683056,-73.8532
40.684296,-73.84399
40.677868,-73.84967
40.68354,-73.87339
40.68358,-73.85824
40.693516,-73.84714
40.677505,-73.84659
40.696106,-73.85301
40.673214,-73.840416
40.67375,-73.85714
40.67473,-73.87215
40.694378,-73.84972
40.678032,-73.84956
40.692062,-73.86494
40.67505,-73.8495
40.696472,-73.84847
40.679707,-73.83284
40.691322,-73.83551
40.69404,-73.841064
40.68008,-73.86252
40.694485,-73.86663
40.692696,-73.84055
40.683308,-73.83609
40.69058,-73.84059
40.696957,-73.845764
40.678585,-73.84668
40.68549,-73.85436
40.69213,-73.86496
40.69309,-73.86052
40.689026,-73.85123
40.683388,-73.862144
40.67552,-73.84789
40.678413,-73.85186
40.69524,-73.85974
40.68282,-73.83435
40.68183,-73.866295
40.67372,-73.83976
40.67918,-73.87211
40.679543,-73.87248
40.682358,-73.838135
40.688934,-73.85103
40.693256,-73.85322
40.689426,-73.83559
40.67419,-73.852776
40.673504,-73.84049
40.67473,-73.87215
40.674923,-73.873505
40.686424,-73.856766
40.68875,-73.84812
40.692657,-73.83372
40.676632,-73.85886
40.672646,-73.84999
40.6784,-73.83465
40.690193,-73.85519
40.692795,-73.83408
40.679752,-73.862495
40.689667,-73.848564
40.684536,-73.8717
40.689255,-73.863235
40.68958,-73.84753
40.68996,-73.852684
40.68659,-73.834595
40.684452,-73.86599
40.68877,-73.857704
40.69617,-73.84834
40.68012,-73.86867
40.693005,-73.84988
40.679577,-73.838356
40.693558,-73.856705
40.69127,-73.85408
40.68485,-73.86409
40.683273,-73.86093
40.695515,-73.83762
40.693386,-73.85005
40.686886,-73.85917
40.67343,-73.84172
40.6766,-73.850975
40.683167,-73.83387
40.676495,-73.83262
40.675915,-73.87618
40.688404,-73.84696
40.694214,-73.83264
40.687943,-73.866516
40.68393,-73.86026
40.678764,-73.85221
40.68282,-73.863365
40.679752,-73.862495
40.68917,-73.85811
40.697033,-73.845436
40.686558,-73.85683
40.693573,-73.86295
40.688282,-73.8469
40.68901,-73.85122
40.673927,-73.85317
40.676285,-73.835625
40.690903,-73.78652
40.686337,-73.786644
40.687878,-73.79471
40.695168,-73.788445
40.69193,-73.80364
40.68798,-73.80286
40.693176,-73.78842
40.68693,-73.80469
40.68561,-73.80425
40.696526,-73.787605
40.687023,-73.808586
40.684765,-73.8054
40.68498,-73.79773
40.69144,-73.79045
40.69218,-73.803276
40.696262,-73.805855
40.685577,-73.79406
40.687195,-73.804054
40.685078,-73.793365
40.68655,-73.79535
40.684658,-73.798195
40.693394,-73.80568
40.689026,-73.808304
40.687263,-73.789024
40.69159,-73.79259
40.685696,-73.802124
40.686214,-73.792625
40.69048,-73.80766
40.68677,-73.80491
40.688675,-73.795006
40.68683,-73.79068
40.69227,-73.80098
40.690887,-73.79042
40.69628,-73.7874
40.69447,-73.7966
40.68683,-73.79068
40.68004,-73.81597
40.675785,-73.81824
40.68154,-73.82001
40.67429,-73.81776
40.680595,-73.82429
40.68092,-73.831436
40.67621,-73.81322
40.675133,-73.82505
40.676167,-73.81049
40.684444,-73.830986
40.67748,-73.823685
40.67728,-73.818695
40.676308,-73.815056
40.67714,-73.81121
40.679405,-73.81278
40.67903,-73.81952
40.680695,-73.83201
40.68199,-73.82773
40.68097,-73.830444
40.68215,-73.81552
40.684216,-73.81618
40.680275,-73.81512
40.683563,-73.81061
40.680634,-73.81388
40.67288,-73.81819
40.68153,-73.82205
40.67927,-73.818665
40.67884,-73.820206
40.67762,-73.82447
40.68353,-73.83171
40.683125,-73.82362
40.683575,-73.82183
40.676853,-73.81154
40.674297,-73.81776
40.67526,-73.81941
40.681515,-73.82955
40.68207,-73.81309
40.67505,-73.82455
40.687454,-73.7978
40.6869,-73.80372
40.688633,-73.80219
40.68943,-73.79235
40.687016,-73.78573
40.686275,-73.79482
40.685905,-73.78973
40.69446,-73.79134
40.691933,-73.78655
40.686108,-73.79111
40.69449,-73.80035
40.68736,-73.804245
40.69613,-73.78955
40.685085,-73.79539
40.694508,-73.78686
40.692635,-73.8036
40.688774,-73.78779
40.696564,-73.79065
40.69067,-73.78759
40.685818,-73.791794
40.68797,-73.80259
40.695545,-73.809006
40.693928,-73.80194
40.685085,-73.801476
40.694996,-73.78926
40.690945,-73.78647
40.684826,-73.79827
40.688587,-73.79174
40.689632,-73.79057
40.68618,-73.79189
40.686558,-73.792015
40.686905,-73.80138
40.688957,-73.80383
40.686993,-73.791565
40.690254,-73.79087
40.694027,-73.788635
40.691967,-73.79125
40.694397,-73.7883
40.687912,-73.80407
40.690388,-73.79055
40.69543,-73.78965
40.691967,-73.79125
40.68493,-73.79471
40.688553,-73.79653
40.687695,-73.79306
40.688866,-73.80338
40.688488,-73.79668
40.69083,-73.79519
40.686146,-73.79993
40.690567,-73.79215
40.692406,-73.80374
40.694714,-73.7914
40.685356,-73.80261
40.685875,-73.79632
40.68707,-73.80391
40.68653,-73.79121
40.691822,-73.80851
40.69224,-73.79032
40.6904,-73.85191
40.68137,-73.85385
40.67882,-73.86388
40.691235,-73.84801
40.686054,-73.85839
40.677444,-73.86411
40.690952,-73.844124
40.67561,-73.84212
40.68476,-73.83931
40.692177,-73.85611
40.687534,-73.85442
40.6764,-73.85162
40.67588,-73.84162
40.692806,-73.83409
40.6759,-73.84396
40.690136,-73.85261
40.679363,-73.84749
40.6765,-73.832634
40.673435,-73.87245
40.68296,-73.83442
40.694798,-73.83263
40.692406,-73.834236
40.695553,-73.83545
40.68621,-73.87726
40.691643,-73.85781
40.67802,-73.8592
40.674423,-73.8543
40.686203,-73.8741
40.680344,-73.85179
40.679752,-73.862495
40.67252,-73.875336
40.682518,-73.86358
40.681046,-73.85999
40.672127,-73.858986
40.685444,-73.85241
40.67457,-73.853386
40.681107,-73.84368
40.67835,-73.85241
40.6734,-73.83832
40.676052,-73.87262
40.69592,-73.86056
40.69231,-73.84142
40.6843,-73.83787
40.687042,-73.86272
40.693886,-73.864
40.684055,-73.85349
40.688866,-73.86565
40.68695,-73.85769
40.69648,-73.84956
40.677998,-73.87766
40.69367,-73.86636
40.694935,-73.83586
40.683586,-73.86324
40.692635,-73.856865
40.685555,-73.861534
40.677254,-73.84646
40.677174,-73.86441
40.679752,-73.862495
40.673855,-73.8424
40.69267,-73.8372
40.686787,-73.842865
40.68505,-73.84326
40.67397,-73.85403
40.684765,-73.871666
40.68713,-73.854225
40.69284,-73.845215
40.67858,-73.83296
40.693676,-73.839806
40.679188,-73.85129
40.692833,-73.84524
40.67359,-73.84242
40.68617,-73.83496
40.67929,-73.83363
40.694847,-73.85199
40.684475,-73.81527
40.674557,-73.81188
40.681816,-73.80972
40.676422,-73.8209
40.681698,-73.82293
40.680042,-73.81595
40.680763,-73.816444
40.68084,-73.8314
40.678925,-73.823456
40.67661,-73.81641
40.67273,-73.8202
40.674187,-73.8191
40.67283,-73.81228
40.681858,-73.81498
40.677807,-73.823814
40.680405,-73.81927
40.677193,-73.8157
40.683334,-73.812294
40.67645,-73.81634
40.679092,-73.82629
40.676895,-73.80947
40.679207,-73.822655
40.681606,-73.8296
40.681847,-73.809616
40.676895,-73.80947
40.682022,-73.81905
40.675045,-73.82263
40.682354,-73.81214
40.679577,-73.82657
40.681713,-73.81793
40.68022,-73.82314
40.68236,-73.78814
40.68236,-73.8078
40.67695,-73.80092
40.677906,-73.799835
40.68019,-73.80699
40.684433,-73.80516
40.67298,-73.79416
40.683582,-73.79152
40.680702,-73.79015
40.676445,-73.807594
40.68384,-73.79879
40.68384,-73.79879
40.684143,-73.805016
40.68021,-73.788666
40.679375,-73.79398
40.67948,-73.793655
40.672207,-73.80856
40.672283,-73.8044
40.674713,-73.805374
40.675312,-73.79504
40.67725,-73.79556
40.6803,-73.789055
40.67695,-73.80092
40.67641,-73.792175
40.673393,-73.80056
40.683212,-73.798485
40.680447,-73.79515
40.678806,-73.806244
40.67371,-73.804504
40.683617,-73.80429
40.683987,-73.79887
40.675304,-73.79411
40.682453,-73.790474
40.68319,-73.78797
40.683147,-73.79345
40.681355,-73.790504
40.68043,-73.787766
40.679897,-73.805855
40.682087,-73.79894
40.678616,-73.79323
40.677746,-73.80015
40.68086,-73.79048
40.67511,-73.80348
40.683388,-73.78977
40.682045,-73.8089
40.6781,-73.79895
40.67487,-73.79399
40.684353,-73.79427
40.67607,-73.79637
40.681953,-73.80395
40.673447,-73.82579
40.680637,-73.81269
40.678383,-73.8102
40.682346,-73.81437
40.679947,-73.81721
40.67766,-73.817924
40.67996,-73.82006
40.677834,-73.81201
40.676918,-73.81557
40.680195,-73.81074
40.674507,-73.81797
40.672886,-73.82211
40.68355,-73.83172
40.683132,-73.83181
40.676407,-73.81131
40.677807,-73.81901
40.676846,-73.81853
40.68276,-73.82041
40.678684,-73.81542
40.671993,-73.816536
40.68213,-73.81312
40.67641,-73.82361
40.68109,-73.83153
40.68404,-73.83079
40.683655,-73.82086
40.67985,-73.809616
40.67739,-73.82364
40.680996,-73.83011
40.67706,-73.817635
40.674618,-73.810905
40.68153,-73.82205
40.684124,-73.832
40.68253,-73.826164
40.68209,-73.80874
40.67681,-73.80631
40.674107,-73.79112
40.67983,-73.79432
40.677826,-73.80585
40.67569,-73.80749
40.683235,-73.79549
40.679337,-73.7902
40.679676,-73.80199
40.6837,-73.79697
40.68327,-73.79666
40.672207,-73.80854
40.677166,-73.80782
40.678284,-73.78803
40.67966,-73.78822
40.681854,-73.78933
40.680847,-73.78981
40.677166,-73.80782
40.679737,-73.79779
40.680206,-73.79642
40.68362,-73.790665
40.682568,-73.799095
40.68039,-73.79089
40.679462,-73.804886
40.680534,-73.79925
40.676865,-73.80434
40.675613,-73.79517
40.674816,-73.79244
40.675667,-73.794205
40.67695,-73.799644
40.674675,-73.79138
40.68397,-73.79685
40.674305,-73.7985
40.681217,-73.78963
40.675957,-73.78768
40.678955,-73.80185
40.67778,-73.789444
40.68141,-73.798996
40.67826,-73.79344
40.677372,-73.79826
40.674282,-73.79823
40.680573,-73.79912
40.675545,-73.79765
40.675705,-73.79583
40.679626,-73.794106
40.67526,-73.80063
40.67579,-73.79583
40.6835,-73.79501
40.68096,-73.79023
40.676514,-73.8052
40.677677,-73.808784
40.67236,-73.80253
40.673912,-73.793396
40.682045,-73.79329
40.679443,-73.802284
40.67909,-73.80097
40.67895,-73.79244
40.675125,-73.80349
40.67954,-73.78897
40.680477,-73.793526
40.68427,-73.796
40.676636,-73.800865
40.676,-73.793976
40.679974,-73.78991
40.683292,-73.79352
40.681442,-73.7884
40.67812,-73.7993
40.674545,-73.79369
40.683563,-73.805115
40.680115,-73.79267
40.681538,-73.793655
40.682587,-73.80326
40.678604,-73.793594
40.681522,-73.794655
40.67431,-73.80742
40.684116,-73.79832
40.678326,-73.79748
40.68288,-73.7957
40.674335,-73.7926
40.67639,-73.79555
40.679745,-73.801994
40.673157,-73.79542
40.675102,-73.79158
40.682766,-73.787186
40.68134,-73.800026
40.67848,-73.78923
40.679638,-73.80232
40.679077,-73.8004
40.67629,-73.8071
40.674202,-73.803604
40.67681,-73.7904
40.680164,-73.791435
40.67934,-73.807594
40.676453,-73.80517
40.68065,-73.787834
40.68099,-73.79138
40.682816,-73.79148
40.684258,-73.798386
40.676697,-73.79735
40.67443,-73.79524
40.68449,-73.7968
40.673077,-73.8027
40.677692,-73.80014
40.68201,-73.800354
40.682346,-73.79544
40.682743,-73.79524
40.682102,-73.79733
40.67841,-73.79313
40.67783,-73.80585
40.684177,-73.79034
40.676258,-73.808266
40.68214,-73.798965
40.67545,-73.79182
40.678204,-73.79403
40.683495,-73.79801
40.68425,-73.789185
40.67235,-73.80838
40.676964,-73.79746
40.68449,-73.791214
40.682423,-73.79448
40.676918,-73.78782
40.67829,-73.79065
40.67892,-73.802185
40.674168,-73.79115
40.677486,-73.79406
40.684464,-73.79128
40.675503,-73.79161
40.680916,-73.808365
40.68289,-73.796326
40.67892,-73.802185
40.683624,-73.79869
40.682808,-73.79073
40.675217,-73.787544
40.675346,-73.79615
40.682186,-73.7911
40.679863,-73.80584
40.682495,-73.794205
40.677055,-73.80184
40.679432,-73.801025
40.674263,-73.798096
40.672733,-73.79543
40.709778,-73.81869
40.708763,-73.82858
40.705,-73.824135
40.70961,-73.81653
40.70752,-73.81846
40.708374,-73.82841
40.707943,-73.827354
40.698326,-73.83108
40.70752,-73.81846
40.702534,-73.83103
40.7097,-73.8306
40.70981,-73.82895
40.70577,-73.824776
40.70981,-73.82895
40.708736,-73.81692
40.70397,-73.82632
40.708775,-73.82866
40.70936,-73.8285
40.70752,-73.81846
40.709606,-73.81653
40.70573,-73.827385
40.70972,-73.82864
40.702637,-73.831856
40.70896,-73.81663
40.701237,-73.8246
40.70084,-73.8263
40.70221,-73.82938
40.7051,-73.82382
40.705,-73.824135
40.7051,-73.82382
40.698273,-73.832275
40.7051,-73.82382
40.702984,-73.83088
40.703026,-73.81882
40.70255,-73.83172
40.704914,-73.829094
40.718395,-73.87091
40.71842,-73.85653
40.71317,-73.8565
40.720867,-73.85912
40.7185,-73.86091
40.720997,-73.859314
40.72219,-73.866554
40.719,-73.87696
40.718765,-73.87245
40.719833,-73.86394
40.721405,-73.85614
40.715294,-73.85832
40.720997,-73.859314
40.717083,-73.87833
40.720524,-73.87007
40.71517,-73.85825
40.715294,-73.85832
40.7209,-73.87373
40.721054,-73.85932
40.718304,-73.87825
40.722305,-73.856064
40.717453,-73.861755
40.714382,-73.8564
40.720867,-73.85912
40.722305,-73.856064
40.71823,-73.8793
40.715973,-73.87322
40.722256,-73.86854
40.7171,-73.87821
40.720295,-73.857124
40.717915,-73.87906
40.719624,-73.862206
40.718708,-73.87081
40.71257,-73.87206
40.721405,-73.85614
40.713947,-73.87453
40.70936,-73.8285
40.70934,-73.828674
40.705254,-73.83245
40.70725,-73.82917
40.707294,-73.82991
40.709778,-73.81869
40.707558,-73.81624
40.70125,-73.809814
40.709778,-73.81869
40.709274,-73.82761
40.709778,-73.81869
40.708942,-73.8159
40.70981,-73.82895
40.708237,-73.82745
40.70758,-73.8301
40.70227,-73.824745
40.704865,-73.8214
40.70606,-73.83148
40.708942,-73.8159
40.7051,-73.82382
40.706345,-73.81487
40.70302,-73.83123
40.70503,-73.81163
40.708553,-73.827805
40.70853,-73.81653
40.706123,-73.81529
40.708584,-73.82798
40.699192,-73.82298
40.70518,-73.83225
40.708843,-73.813065
40.70125,-73.80981
40.70934,-73.828674
40.708275,-73.8287
40.704865,-73.8214
40.70754,-73.827415
40.718746,-73.877525
40.721405,-73.85614
40.71879,-73.87942
40.718037,-73.85969
40.710873,-73.860886
40.720295,-73.857124
40.712624,-73.85852
40.72194,-73.87121
40.71657,-73.8735
40.715717,-73.85634
40.712284,-73.87668
40.71075,-73.86153
40.72219,-73.866554
40.7132,-73.85641
40.7222,-73.8666
40.714115,-73.878204
40.722263,-73.87257
40.718925,-73.87874
40.722057,-73.863464
40.72218,-73.8561
40.716488,-73.85723
40.714157,-73.8719
40.710682,-73.863266
40.718227,-73.8573
40.720295,-73.857124
40.715538,-73.87871
40.70994,-73.8615
40.720867,-73.85912
40.71867,-73.87527
40.720875,-73.85903
40.680477,-73.79945
40.684174,-73.79634
40.674297,-73.79418
40.6817,-73.795135
40.681057,-73.79122
40.67801,-73.799286
40.679966,-73.80133
40.676373,-73.799904
40.681446,-73.795
40.6801,-73.79045
40.68001,-73.78898
40.67627,-73.80709
40.67576,-73.788475
40.678078,-73.80696
40.68452,-73.80421
40.6824,-73.80216
40.679897,-73.805855
40.680756,-73.79848
40.681683,-73.795204
40.67704,-73.794846
40.682835,-73.79067
40.68366,-73.80228
40.682735,-73.79625
40.67225,-73.797
40.682117,-73.78939
40.68275,-73.79061
40.684326,-73.79642
40.675674,-73.795204
40.67552,-73.79883
40.682804,-73.78934
40.68278,-73.796135
40.677013,-73.80877
40.677864,-73.80164
40.680477,-73.79945
40.67674,-73.804276
40.707436,-73.818535
40.70752,-73.81846
40.704865,-73.8214
40.699562,-73.83242
40.699623,-73.8119
40.708275,-73.8287
40.706604,-73.83189
40.70725,-73.82917
40.708374,-73.82841
40.707043,-73.827126
40.708775,-73.829056
40.709778,-73.81869
40.709778,-73.81869
40.710514,-73.87204
40.71308,-73.85666
40.71339,-73.85686
40.7197,-73.85917
40.71308,-73.85666
40.720997,-73.859314
40.721844,-73.87113
40.71977,-73.87389
40.71442,-73.85637
40.719524,-73.87038
40.719086,-73.87292
40.716747,-73.877205
40.71977,-73.87389
40.721584,-73.86081
40.716747,-73.877205
40.71269,-73.85914
40.721977,-73.8669
40.714157,-73.8719
40.714565,-73.87873
40.721977,-73.8669
40.72224,-73.85627
40.72224,-73.85627
40.714157,-73.8719
40.709934,-73.87801
40.71719,-73.87628
40.71384,-73.874344
40.719933,-73.869255
40.7111,-73.87429
40.71517,-73.85825
40.71648,-73.877205
40.72218,-73.8561
40.721405,-73.85614
40.72224,-73.85627
40.721405,-73.85614
40.72224,-73.85627
40.718777,-73.85956
40.716488,-73.85723
40.71302,-73.85831
40.702938,-73.81278
40.703304,-73.82841
40.708008,-73.83168
40.7097,-73.8306
40.70624,-73.82624
40.70606,-73.83148
40.700565,-73.823654
40.70725,-73.82917
40.697704,-73.80928
40.709778,-73.81869
40.70712,-73.81395
40.705254,-73.83245
40.703728,-73.82842
40.708374,-73.82841
40.709778,-73.81869
40.705112,-73.82169
40.69972,-73.82605
40.704994,-73.822716
40.70777,-73.831604
40.70896,-73.81663
40.70871,-73.827194
40.708237,-73.82745
40.70761,-73.83149
40.70725,-73.82917
40.708553,-73.827805
40.708775,-73.829056
40.705112,-73.82169
40.70729,-73.82991
40.70686,-73.8269
40.70098,-73.810196
40.701275,-73.81397
40.706078,-73.815254
40.703407,-73.82747
40.70125,-73.80981
40.70265,-73.83207
40.698143,-73.82246
40.722374,-73.84054
40.720646,-73.83642
40.718018,-73.839935
40.71676,-73.835724
40.719654,-73.83945
40.716698,-73.835594
40.722225,-73.84234
40.717785,-73.839294
40.722374,-73.84054
40.7205,-73.836
40.71652,-73.832726
40.722374,-73.84054
40.720043,-73.839905
40.720783,-73.84077
40.721664,-73.84051
40.718918,-73.83648
40.71692,-73.83291
40.720905,-73.8391
40.721478,-73.8465
40.72016,-73.85342
40.72016,-73.85342
40.721626,-73.85411
40.719215,-73.84627
40.71922,-73.84568
40.72159,-73.846115
40.719166,-73.84627
40.721783,-73.85539
40.719166,-73.84627
40.720104,-73.85476
40.72219,-73.849144
40.719185,-73.84506
40.71762,-73.854454
40.722153,-73.84926
40.721783,-73.85539
40.721478,-73.8465
40.7222,-73.8557
40.71962,-73.84621
40.72219,-73.849144
40.71882,-73.84505
40.72219,-73.849144
40.720078,-73.85251
40.71962,-73.84621
40.719414,-73.84526
40.718704,-73.84548
40.722134,-73.84919
40.665455,-73.847984
40.664303,-73.851036
40.67118,-73.838806
40.663692,-73.85437
40.668083,-73.84966
40.66614,-73.84641
40.66614,-73.84641
40.655006,-73.85248
40.668407,-73.84949
40.657665,-73.87704
40.654774,-73.84173
40.66842,-73.84466
40.6623,-73.85287
40.664303,-73.851036
40.663174,-73.84314
40.669724,-73.847626
40.666096,-73.847145
40.65083,-73.843605
40.65075,-73.84359
40.667515,-73.85023
40.667904,-73.848885
40.66392,-73.84299
40.659286,-73.84599
40.660656,-73.855644
40.66326,-73.83294
40.666927,-73.87711
40.666096,-73.847145
40.66594,-73.84811
40.655224,-73.84689
40.66806,-73.8497
40.6664,-73.85036
40.661724,-73.85495
40.663692,-73.85437
40.662003,-73.844315
40.657665,-73.87704
40.65316,-73.83352
40.662495,-73.851524
40.66683,-73.84851
40.70845,-73.86122
40.70609,-73.8743
40.70604,-73.86605
40.705734,-73.863205
40.701225,-73.87788
40.70559,-73.86411
40.706066,-73.856575
40.706676,-73.864265
40.70895,-73.860245
40.709785,-73.8639
40.709503,-73.86398
40.70938,-73.864044
40.70879,-73.87706
40.701138,-73.8785
40.702084,-73.87915
40.70537,-73.877945
40.703598,-73.87494
40.7053,-73.86801
40.70558,-73.86346
40.7056,-73.863335
40.70527,-73.87176
40.703327,-73.874825
40.706486,-73.859406
40.70375,-73.87401
40.704712,-73.87709
40.70668,-73.86417
40.704453,-73.87143
40.704746,-73.86211
40.704247,-73.87229
40.704155,-73.85632
40.705746,-73.878784
40.706066,-73.868805
40.70211,-73.8581
40.709347,-73.861046
40.61683,-73.919136
40.616837,-73.91906
40.6162,-73.919136
40.621086,-73.91573
40.61793,-73.915726
40.614166,-73.90076
40.611935,-73.90828
40.61549,-73.919426
40.61124,-73.925224
40.621002,-73.90836
40.61328,-73.901764
40.618984,-73.91491
40.621307,-73.92461
40.620445,-73.92053
40.61848,-73.92359
40.615242,-73.898926
40.610115,-73.92471
40.617664,-73.91836
40.613693,-73.91978
40.60821,-73.903
40.617397,-73.92021
40.6118,-73.922585
40.617332,-73.92505
40.614925,-73.91735
40.6187,-73.914116
40.60597,-73.91156
40.60794,-73.92229
40.616756,-73.899666
40.60779,-73.90457
40.70551,-73.85647
40.708344,-73.8704
40.707012,-73.87433
40.704,-73.85954
40.70255,-73.873314
40.703632,-73.86661
40.70604,-73.86694
40.70813,-73.87717
40.708733,-73.86222
40.701584,-73.87688
40.706104,-73.8623
40.708897,-73.86191
40.706066,-73.856575
40.70906,-73.86321
40.70697,-73.86262
40.705925,-73.87392
40.70664,-73.867004
40.703995,-73.86666
40.703873,-73.8752
40.705425,-73.85635
40.709274,-73.87776
40.708385,-73.86245
40.70595,-73.87493
40.705307,-73.87177
40.709385,-73.86487
40.703487,-73.869225
40.70396,-73.86182
40.705986,-73.86604
40.70125,-73.87882
40.703148,-73.86037
40.703484,-73.876205
40.685127,-73.81694
40.686268,-73.81649
40.6966,-73.83024
40.68769,-73.82251
40.68997,-73.81196
40.690636,-73.818855
40.686356,-73.81289
40.688816,-73.8096
40.68607,-73.811295
40.686184,-73.811584
40.692684,-73.83115
40.696915,-73.82786
40.69293,-73.824394
40.684883,-73.82918
40.686474,-73.82527
40.689545,-73.81636
40.687317,-73.82141
40.684757,-73.82911
40.687576,-73.817345
40.691807,-73.811195
40.691383,-73.8183
40.68811,-73.81664
40.691673,-73.81993
40.6883,-73.83184
40.688663,-73.82634
40.68711,-73.829346
40.690434,-73.818436
40.694206,-73.8203
40.599094,-73.95995
40.597973,-73.93182
40.6161,-73.95297
40.615536,-73.949265
40.6121,-73.93252
40.609592,-73.9283
40.60404,-73.93667
40.610325,-73.938545
40.60116,-73.9504
40.6201,-73.9705
40.612797,-73.94648
40.608315,-73.93401
40.62052,-73.932175
40.61161,-73.93508
40.612385,-73.93338
40.60332,-73.95773
40.61171,-73.92781
40.61524,-73.95927
40.601738,-73.95278
40.601612,-73.94139
40.61536,-73.96953
40.596832,-73.93461
40.603146,-73.94793
40.60007,-73.93479
40.68529,-73.96961
40.69523,-73.95697
40.694958,-73.967896
40.685123,-73.97077
40.69302,-73.96761
40.685112,-73.97107
40.684734,-73.95986
40.694664,-73.967834
40.694958,-73.967896
40.69257,-73.965195
40.687244,-73.968185
40.69216,-73.96839
40.69257,-73.965195
40.69257,-73.965195
40.69302,-73.96761
40.691814,-73.96904
40.690434,-73.96596
40.68614,-73.955734
40.69216,-73.96839
40.691784,-73.96822
40.69645,-73.95573
40.692127,-73.97014
40.69257,-73.965195
40.687103,-73.96737
40.687763,-73.966896
40.685627,-73.95963
40.678146,-73.93958
40.680305,-73.94387
40.677784,-73.92683
40.677887,-73.92718
40.673466,-73.93096
40.67285,-73.93045
40.67557,-73.94966
40.683983,-73.93621
40.679203,-73.93745
40.67312,-73.949554
40.684193,-73.933586
40.674953,-73.942856
40.683308,-73.941185
40.67461,-73.94483
40.67461,-73.94483
40.67461,-73.94483
40.680855,-73.92748
40.67283,-73.931015
40.675232,-73.9296
40.680954,-73.926735
40.6721,-73.94707
40.679478,-73.94242
40.6721,-73.94707
40.680725,-73.94928
40.683952,-73.92651
40.681324,-73.94552
40.67329,-73.92711
40.6721,-73.94707
40.673306,-73.92739
40.588543,-73.956894
40.578156,-73.95349
40.578365,-73.97337
40.578156,-73.95349
40.58657,-73.94952
40.58719,-73.957466
40.575863,-73.955536
40.575863,-73.955536
40.585445,-73.950356
40.593056,-73.949684
40.580105,-73.964584
40.578365,-73.97337
40.588104,-73.94276
40.58552,-73.96686
40.580482,-73.94524
40.577927,-73.97196
40.58657,-73.94952
40.57491,-73.966736
40.69913,-73.85163
40.699726,-73.851555
40.69995,-73.83666
40.6978,-73.839775
40.70601,-73.832985
40.703278,-73.83716
40.70014,-73.85361
40.69913,-73.85163
40.704582,-73.83265
40.706352,-73.83311
40.69995,-73.85233
40.704823,-73.8344
40.70014,-73.85361
40.704823,-73.8344
40.70962,-73.85215
40.70971,-73.84755
40.69995,-73.85233
40.705383,-73.83465
40.705402,-73.8346
40.70454,-73.83586
40.7069,-73.83564
40.70971,-73.84755
40.706005,-73.85495
40.70454,-73.83586
40.699566,-73.85121
40.698326,-73.848236
40.70863,-73.84536
40.704098,-73.83566
40.70054,-73.8337
40.704926,-73.83384
40.69851,-73.84531
40.705017,-73.83561
40.699986,-73.85293
40.705402,-73.8346
40.705246,-73.83398
40.70651,-73.85473
40.705917,-73.83595
40.70651,-73.85473
40.705402,-73.8346
40.707043,-73.83594
40.705402,-73.8346
40.704582,-73.8357
40.704136,-73.83486
40.70852,-73.836716
40.699608,-73.85156
40.707043,-73.83594
40.708984,-73.83359
40.69946,-73.85266
40.702934,-73.83348
40.70899,-73.85167
40.706127,-73.83605
40.69986,-73.85151
40.699253,-73.852905
40.704582,-73.83265
40.705402,-73.8346
40.699383,-73.83438
40.705383,-73.834656
40.69995,-73.85233
40.70852,-73.836716
40.69953,-73.833435
40.699608,-73.85156
40.70866,-73.85043
40.70331,-73.834335
40.697426,-73.83634
40.70701,-73.83418
40.699696,-73.85338
40.70344,-73.8331
40.70014,-73.85361
40.697952,-73.83869
40.70651,-73.85473
40.7069,-73.83564
40.705997,-73.83297
40.703594,-73.83603
40.7089,-73.833145
40.705128,-73.85591
40.704926,-73.83384
40.70855,-73.836716
40.70855,-73.836716
40.704823,-73.8344
40.70408,-73.83587
40.704823,-73.8344
40.69731,-73.833405
40.704582,-73.8357
40.698586,-73.85247
40.698406,-73.846886
40.704098,-73.83567
40.70325,-73.85462
40.707947,-73.8368
40.705246,-73.83398
40.704098,-73.83567
40.704823,-73.8344
40.70651,-73.85473
40.705402,-73.8346
40.705193,-73.83359
40.70841,-73.85139
40.69977,-73.85194
40.703594,-73.83603
40.705402,-73.8346
40.709095,-73.84839
40.700085,-73.83572
40.707893,-73.836525
40.705402,-73.8346
40.708614,-73.84542
40.69995,-73.85233
40.6978,-73.839775
40.703594,-73.83603
40.70753,-73.83445
40.698586,-73.85247
40.705383,-73.83465
40.69995,-73.85233
40.705246,-73.83398
40.70977,-73.84401
40.699986,-73.85293
40.709656,-73.84583
40.699986,-73.85293
40.6996,-73.85315
40.706005,-73.85495
40.69986,-73.85151
40.705402,-73.8346
40.683804,-73.96318
40.681683,-73.95507
40.68305,-73.966095
40.683804,-73.96318
40.675278,-73.97141
40.673256,-73.952354
40.672565,-73.96419
40.680637,-73.971504
40.6733,-73.9717
40.68142,-73.96408
40.673256,-73.952354
40.68236,-73.967415
40.6733,-73.9717
40.6733,-73.9717
40.682735,-73.96185
40.674507,-73.96582
40.677265,-73.97014
40.6733,-73.9717
40.67986,-73.96468
40.67671,-73.970184
40.67266,-73.96472
40.707893,-73.836525
40.705246,-73.83398
40.707043,-73.83594
40.703594,-73.83603
40.704582,-73.83265
40.706997,-73.83596
40.697582,-73.83751
40.699608,-73.85156
40.705265,-73.83288
40.70014,-73.85361
40.6975,-73.83847
40.705402,-73.8346
40.69849,-73.84539
40.69986,-73.85151
40.69946,-73.85266
40.705265,-73.83288
40.698666,-73.85238
40.707043,-73.83594
40.70852,-73.836716
40.70852,-73.836716
40.700157,-73.84274
40.700134,-73.852325
40.6993,-73.8514
40.70601,-73.832985
40.703594,-73.83603
40.704582,-73.8357
40.700134,-73.852325
40.706352,-73.83311
40.698757,-73.84287
40.708496,-73.849464
40.69947,-73.83621
40.70436,-73.83348
40.70762,-73.83362
40.56144,-73.91528
40.56293,-73.91355
40.559692,-73.91057
40.55828,-73.91675
40.566956,-73.8876
40.556454,-73.92352
40.55645,-73.92352
40.557228,-73.925575
40.557426,-73.91805
40.556793,-73.92291
40.56105,-73.91975
40.56381,-73.914345
40.558434,-73.91948
40.556854,-73.911575
40.562336,-73.91166
40.55739,-73.91702
40.557415,-73.92012
40.557434,-73.92551
40.56701,-73.88851
40.56612,-73.88865
40.56155,-73.91063
40.560024,-73.91175
40.561424,-73.91044
40.55846,-73.91066
40.55897,-73.912285
40.55838,-73.91123
40.557484,-73.91198
40.557312,-73.915504
40.562893,-73.91529
40.55735,-73.92938
40.557854,-73.91583
40.56644,-73.88847
40.55836,-73.92189
40.556404,-73.92887
40.556805,-73.927986
40.556973,-73.91715
40.55702,-73.925644
40.558174,-73.91885
40.558704,-73.910576
40.70981,-73.84484
40.704323,-73.83698
40.6985,-73.851585
40.698586,-73.85247
40.705265,-73.83288
40.7049,-73.83608
40.69852,-73.84526
40.700676,-73.83502
40.70344,-73.8331
40.70958,-73.85118
40.70651,-73.85473
40.70981,-73.84484
40.704926,-73.83384
40.70911,-73.84648
40.706005,-73.85495
40.70014,-73.85361
40.70973,-73.844864
40.699608,-73.85156
40.70344,-73.8331
40.707043,-73.83594
40.705265,-73.83288
40.69893,-73.84016
40.70408,-73.83587
40.70344,-73.8331
40.704926,-73.83384
40.6978,-73.839775
40.705383,-73.83465
40.705265,-73.83288
40.70344,-73.8331
40.705265,-73.83288
40.704823,-73.8344
40.699253,-73.852905
40.699253,-73.852905
40.70651,-73.85473
40.70796,-73.83714
40.708675,-73.845634
40.697945,-73.83372
40.706005,-73.85495
40.66687,-73.85007
40.66239,-73.84163
40.655983,-73.846794
40.667625,-73.84778
40.665195,-73.848564
40.65099,-73.84364
40.666428,-73.84582
40.651997,-73.84009
40.668083,-73.84966
40.65056,-73.839584
40.661625,-73.84246
40.6531,-73.83609
40.667797,-73.84558
40.667362,-73.84579
40.66834,-73.84845
40.666374,-73.84771
40.657215,-73.84042
40.662956,-73.852264
40.66464,-73.84894
40.66116,-73.84205
40.667625,-73.84778
40.667625,-73.84778
40.667362,-73.84579
40.650867,-73.83916
40.658955,-73.852196
40.664124,-73.85112
40.661858,-73.854385
40.66167,-73.855896
40.66034,-73.850815
40.66463,-73.84991
40.669724,-73.847626
40.667164,-73.87298
40.667625,-73.84778
40.665497,-73.84491
40.658028,-73.851234
40.657665,-73.87704
40.667515,-73.84736
40.900333,-73.9078
40.90836,-73.904015
40.904705,-73.90669
40.90248,-73.90628
40.906467,-73.89671
40.91171,-73.90227
40.912746,-73.90212
40.91171,-73.902275
40.91056,-73.90184
40.906563,-73.90659
40.91268,-73.90212
40.912746,-73.90212
40.906563,-73.90659
40.908524,-73.90397
40.906467,-73.89671
40.90561,-73.9055
40.906467,-73.89671
40.909164,-73.9056
40.904953,-73.90637
40.905807,-73.90005
40.90821,-73.905495
40.90821,-73.905495
40.906563,-73.90659
40.90454,-73.900604
40.902946,-73.89925
40.90821,-73.905495
40.905807,-73.90005
40.903873,-73.89805
40.909164,-73.9056
40.904427,-73.90415
40.90504,-73.89828
40.90821,-73.905495
40.906467,-73.89671
40.906563,-73.90659
40.909164,-73.9056
40.909966,-73.89764
40.90772,-73.897766
40.90561,-73.9055
40.90951,-73.90028
40.906563,-73.90659
40.902763,-73.908646
40.855316,-73.78881
40.855183,-73.829994
40.855415,-73.82873
40.849796,-73.8319
40.854744,-73.789154
40.855183,-73.829994
40.84985,-73.78585
40.8527,-73.82916
40.8527,-73.82916
40.855415,-73.82873
40.912746,-73.90212
40.90273,-73.90722
40.906563,-73.90659
40.910404,-73.89818
40.902782,-73.90674
40.909164,-73.9056
40.904587,-73.89761
40.90821,-73.905495
40.906563,-73.90659
40.905807,-73.90005
40.90821,-73.905495
40.909164,-73.9056
40.906563,-73.90659
40.90821,-73.905495
40.909164,-73.9056
40.90821,-73.905495
40.912746,-73.90212
40.906563,-73.90659
40.90561,-73.9055
40.909164,-73.9056
40.906563,-73.90659
40.90273,-73.90722
40.908398,-73.89678
40.91171,-73.90227
40.90821,-73.905495
40.909164,-73.9056
40.908398,-73.89678
40.90821,-73.905495
40.91171,-73.90227
40.905235,-73.90611
40.90267,-73.90678
40.909164,-73.9056
40.90806,-73.89841
40.906563,-73.90659
40.909164,-73.9056
40.90273,-73.90722
40.906563,-73.90659
40.902325,-73.88853
40.90053,-73.90773
40.90821,-73.905495
40.584282,-73.817535
40.576225,-73.84064
40.596146,-73.79579
40.597973,-73.8199
40.57653,-73.86036
40.579372,-73.85111
40.589703,-73.80682
40.580963,-73.84642
40.604507,-73.82169
40.5905,-73.79063
40.571854,-73.859825
40.595108,-73.79358
40.582653,-73.82185
40.586246,-73.81355
40.589703,-73.80682
40.589935,-73.81284
40.57302,-73.86335
40.60591,-73.82167
40.603905,-73.820305
40.59736,-73.797935
40.590878,-73.80991
40.589703,-73.80682
40.582634,-73.82075
40.582634,-73.82075
40.59749,-73.79494
40.583794,-73.81737
40.57202,-73.85626
40.584366,-73.81359
40.596672,-73.79522
40.583794,-73.81737
40.841904,-73.85608
40.84057,-73.85886
40.838753,-73.86255
40.84057,-73.85886
40.837673,-73.86199
40.84057,-73.85883
40.84057,-73.85886
40.83611,-73.85893
40.83611,-73.85893
40.836285,-73.862335
40.839535,-73.86114
40.83635,-73.85946
40.82512,-73.85372
40.83861,-73.85652
40.84794,-73.866035
40.84057,-73.85886
40.840225,-73.85961
40.84617,-73.83285
40.840878,-73.86192
40.84544,-73.846565
40.837673,-73.86199
40.839565,-73.85939
40.839806,-73.85927
40.838875,-73.85801
40.839695,-73.86003
40.839695,-73.86003
40.84098,-73.84548
40.847675,-73.854546
40.840225,-73.85961
40.837673,-73.86199
40.840034,-73.85804
40.834087,-73.8614
40.83614,-73.85951
40.837673,-73.86199
40.83077,-73.86501
40.82994,-73.8586
40.84057,-73.85886
40.841053,-73.852425
40.83861,-73.85652
40.84057,-73.85883
40.846775,-73.85231
40.83659,-73.84592
40.845486,-73.855
40.825985,-73.84727
40.8411,-73.854034
40.84057,-73.85886
40.846344,-73.85416
40.84763,-73.8341
40.84057,-73.85886
40.827328,-73.870804
40.838753,-73.86255
40.834087,-73.8614
40.835968,-73.865326
40.83015,-73.86253
40.84057,-73.85886
40.847176,-73.86612
40.834087,-73.8614
40.84057,-73.85886
40.83861,-73.85652
40.835968,-73.865326
40.829872,-73.87918
40.840034,-73.85804
40.8411,-73.854034
40.82553,-73.84512
40.83601,-73.867256
40.833294,-73.85025
40.84057,-73.85886
40.832207,-73.85263
40.847282,-73.85641
40.848503,-73.860245
40.82535,-73.84862
40.834087,-73.8614
40.834248,-73.86049
40.84057,-73.85886
40.837353,-73.8585
40.835716,-73.85598
40.83601,-73.867256
40.84038,-73.87004
40.90591,-73.89669
40.90585,-73.89819
40.90857,-73.89693
40.906563,-73.90659
40.84057,-73.85886
40.84057,-73.85886
40.84057,-73.85886
40.84057,-73.85886
40.83861,-73.85652
40.84057,-73.85886
40.84057,-73.85886
40.84617,-73.83285
40.839878,-73.857994
40.83611,-73.85893
40.83861,-73.85652
40.84057,-73.85886
40.83861,-73.85652
40.837513,-73.85499
40.84057,-73.85886
40.842327,-73.84722
40.834396,-73.85917
40.83611,-73.85893
40.84057,-73.85886
40.84057,-73.85886
40.839966,-73.85941
40.837673,-73.86199
40.834087,-73.8614
40.84057,-73.85886
40.837673,-73.86199
40.83611,-73.85893
40.84076,-73.85817
40.83861,-73.85652
40.845238,-73.861145
40.823692,-73.86112
40.84242,-73.85148
40.840054,-73.835526
40.84125,-73.855606
40.83861,-73.85652
40.83611,-73.85893
40.832066,-73.85971
40.836708,-73.86502
40.83302,-73.85097
40.84057,-73.85886
40.84239,-73.851654
40.834087,-73.8614
40.83611,-73.85893
40.834988,-73.859085
40.83409,-73.8614
40.84109,-73.857414
40.82424,-73.85088
40.83819,-73.86118
40.837673,-73.86199
40.8411,-73.854034
40.839535,-73.86114
40.83861,-73.85652
40.836704,-73.85622
40.83861,-73.85652
40.84057,-73.85886
40.836723,-73.84722
40.83971,-73.86175
40.84057,-73.85886
40.84705,-73.848625
40.845856,-73.86032
40.83292,-73.850746
40.83861,-73.85652
40.84617,-73.83285
40.837673,-73.86199
40.8411,-73.854034
40.84606,-73.8574
40.82862,-73.84955
40.844982,-73.85089
40.839535,-73.86114
40.84057,-73.85886
40.84057,-73.85886
40.83861,-73.85652
40.82715,-73.85718
40.840343,-73.8591
40.84562,-73.8329
40.83861,-73.85652
40.837673,-73.86199
40.83559,-73.85659
40.84057,-73.85886
40.82542,-73.847885
40.837673,-73.86199
40.83984,-73.86165
40.830532,-73.878006
40.841793,-73.8567
40.837254,-73.865234
40.832066,-73.85971
40.84057,-73.85886
40.828667,-73.860214
40.836708,-73.86502
40.837254,-73.865234
40.84057,-73.85886
40.834534,-73.86068
40.839535,-73.86114
40.837254,-73.865234
40.837254,-73.865234
40.840225,-73.85961
40.84234,-73.86579
40.835968,-73.865326
40.840187,-73.86284
40.83861,-73.85652
40.84057,-73.85886
40.84585,-73.8604
40.837254,-73.865234
40.83635,-73.85946
40.828228,-73.849304
40.837673,-73.86199
40.83861,-73.85652
40.84057,-73.85886
40.84076,-73.85817
40.83993,-73.85944
40.840878,-73.86192
40.846264,-73.86393
40.84057,-73.85886
40.839695,-73.86003
40.84057,-73.85886
40.83611,-73.85893
40.83611,-73.85893
40.83861,-73.85652
40.843533,-73.86976
40.907646,-73.9017
40.909164,-73.9056
40.90821,-73.905495
40.909164,-73.9056
40.90267,-73.90678
40.90312,-73.90036
40.90341,-73.900536
40.908512,-73.89828
40.908398,-73.89678
40.908398,-73.89678
40.90312,-73.90036
40.91171,-73.90227
40.905308,-73.90648
40.902325,-73.88853
40.91171,-73.90227
40.90312,-73.90036
40.90273,-73.90722
40.90492,-73.90609
40.902325,-73.88853
40.90341,-73.900536
40.909164,-73.9056
40.90821,-73.905495
40.90969,-73.90207
40.909164,-73.9056
40.902325,-73.88853
40.90312,-73.90036
40.90341,-73.900536
40.90821,-73.905495
40.904697,-73.89861
40.906467,-73.89671
40.904816,-73.90579
40.90312,-73.90036
40.90341,-73.900536
40.906563,-73.90659
40.906563,-73.90659
40.906563,-73.90659
40.906563,-73.90659
40.909164,-73.9056
40.90657,-73.896866
40.8385,-73.86268
40.837353,-73.8585
40.83861,-73.85652
40.84057,-73.85886
40.83775,-73.83712
40.8385,-73.86268
40.83861,-73.85652
40.837254,-73.865234
40.83611,-73.85893
40.84057,-73.85886
40.8411,-73.854034
40.837254,-73.865234
40.837254,-73.865234
40.847183,-73.8559
40.841095,-73.85922
40.848038,-73.83534
40.82785,-73.85207
40.84057,-73.85886
40.83861,-73.85652
40.838608,-73.8565
40.84057,-73.85886
40.84018,-73.84979
40.831184,-73.85827
40.83498,-73.85896
40.832066,-73.85971
40.8408,-73.85497
40.829597,-73.86326
40.835976,-73.86145
40.843018,-73.867584
40.832066,-73.85971
40.845146,-73.86762
40.837673,-73.86199
40.8371,-73.8618
40.83861,-73.85652
40.83861,-73.85652
40.837673,-73.86199
40.837673,-73.86199
40.840034,-73.85804
40.838924,-73.83697
40.832066,-73.85971
40.824047,-73.85293
40.84057,-73.85886
40.84057,-73.85886
40.83861,-73.85652
40.83861,-73.85652
40.84088,-73.85725
40.839695,-73.86003
40.83861,-73.85652
40.84057,-73.85886
40.844574,-73.853195
40.834087,-73.8614
40.843586,-73.851295
40.83611,-73.85893
40.841076,-73.85145
40.835606,-73.84839
40.839966,-73.85941
40.836914,-73.85122
40.834824,-73.86065
40.83928,-73.833855
40.84109,-73.857414
40.82539,-73.84835
40.838615,-73.83445
40.83611,-73.85893
40.83861,-73.85652
40.834534,-73.86068
40.835968,-73.865326
40.845222,-73.84661
40.847927,-73.84659
40.839695,-73.86003
40.83649,-73.86537
40.83362,-73.87228
40.833286,-73.84782
40.837673,-73.86199
40.83861,-73.85652
40.828056,-73.8539
40.832966,-73.84791
40.837673,-73.86199
40.84191,-73.8562
40.83611,-73.85893
40.87353,-73.846275
40.85533,-73.86638
40.86839,-73.86262
40.853138,-73.863625
40.851612,-73.86521
40.860268,-73.869804
40.86839,-73.86262
40.86758,-73.86276
40.87219,-73.83571
40.864822,-73.862854
40.87246,-73.84772
40.868504,-73.854385
40.869724,-73.86013
40.86106,-73.86992
40.85912,-73.84861
40.85507,-73.85858
40.852264,-73.86511
40.86453,-73.85654
40.85616,-73.86937
40.86544,-73.84196
40.87271,-73.86918
40.86509,-73.85144
40.866547,-73.85314
40.848835,-73.86116
40.85034,-73.856186
40.851547,-73.856026
40.873665,-73.86895
40.858433,-73.87054
40.86106,-73.86992
40.86363,-73.84014
40.862564,-73.84511
40.85616,-73.86937
40.85351,-73.865005
40.868668,-73.83556
40.856094,-73.86898
40.86257,-73.845245
40.858433,-73.87054
40.86106,-73.86992
40.86106,-73.86992
40.84057,-73.85886
40.834087,-73.8614
40.83861,-73.85652
40.84057,-73.85883
40.84057,-73.85886
40.82918,-73.83269
40.83861,-73.85652
40.83861,-73.85652
40.837017,-73.83444
40.846355,-73.86489
40.834534,-73.86068
40.840973,-73.84563
40.836292,-73.856064
40.834248,-73.86049
40.84109,-73.857414
40.83611,-73.85893
40.83861,-73.85652
40.840343,-73.8591
40.842213,-73.866005
40.84057,-73.85886
40.837673,-73.86199
40.83611,-73.85893
40.827347,-73.87764
40.83861,-73.85652
40.844864,-73.85082
40.8361,-73.857346
40.824177,-73.84975
40.83861,-73.85652
40.836918,-73.857056
40.83611,-73.85893
40.839058,-73.86007
40.838753,-73.86255
40.83709,-73.86047
40.84623,-73.86003
40.837997,-73.85883
40.84057,-73.85886
40.84057,-73.85886
40.83861,-73.85652
40.83984,-73.86165
40.840225,-73.85961
40.839687,-73.85985
40.83478,-73.8604
40.84071,-73.8582
40.84859,-73.8481
40.83861,-73.85652
40.84057,-73.85886
40.84057,-73.85883
40.83819,-73.86118
40.8411,-73.854034
40.84057,-73.85886
40.84057,-73.85886
40.84057,-73.85886
40.841904,-73.85608
40.824062,-73.84573
40.83611,-73.85893
40.83861,-73.85652
40.837673,-73.86199
40.83611,-73.85893
40.83861,-73.85652
40.83993,-73.85944
40.847794,-73.8468
40.835133,-73.85817
40.84057,-73.85886
40.832066,-73.85971
40.839058,-73.86007
40.845226,-73.85548
40.83969,-73.85837
40.840973,-73.84563
40.83611,-73.85893
40.84088,-73.85725
40.844513,-73.86801
40.83984,-73.86165
40.843327,-73.84473
40.82633,-73.85006
40.83861,-73.85652
40.84076,-73.85817
40.84057,-73.85886
40.83861,-73.85652
40.84057,-73.85886
40.83022,-73.86186
40.83611,-73.85893
40.83611,-73.85893
40.83861,-73.85652
40.84057,-73.85886
40.845,-73.85747
40.834087,-73.8614
40.8411,-73.854034
40.84396,-73.869286
40.84331,-73.86873
40.84057,-73.85886
40.835865,-73.85176
40.834534,-73.86068
40.837673,-73.86199
40.837673,-73.86199
40.83861,-73.85652
40.838108,-73.85231
40.84529,-73.86445
40.84057,-73.85886
40.84057,-73.85886
40.844196,-73.834946
40.832363,-73.854996
40.837673,-73.86199
40.829514,-73.85611
40.836292,-73.856064
40.83861,-73.85652
40.841103,-73.854034
40.832912,-73.850945
40.840034,-73.85804
40.83611,-73.85893
40.83587,-73.851746
40.84057,-73.85886
40.835712,-73.85033
40.837673,-73.86199
40.84057,-73.85886
40.839817,-73.83274
40.832947,-73.85066
40.837673,-73.86199
40.836918,-73.857056
40.83611,-73.85893
40.834087,-73.8614
40.84057,-73.85883
40.841908,-73.83312
40.84076,-73.85817
40.840973,-73.84563
40.58653,-73.92399
40.588436,-73.92484
40.58653,-73.92399
40.587936,-73.92509
40.590843,-73.9262
40.589684,-73.92372
40.589798,-73.92489
40.586002,-73.92484
40.58814,-73.92128
40.58795,-73.92569
40.58907,-73.92512
40.59015,-73.923
40.592583,-73.925446
40.592136,-73.92469
40.587166,-73.92444
40.58891,-73.92452
40.58785,-73.922195
40.590527,-73.92295
40.59244,-73.92632
40.588146,-73.9215
40.59135,-73.92542
40.58817,-73.925354
40.5891,-73.92391
40.593006,-73.92591
40.593006,-73.92591
40.587036,-73.92561
40.586266,-73.922134
40.59031,-73.92616
40.586845,-73.918785
40.58759,-73.92415
40.586212,-73.92263
40.58947,-73.92275
40.860268,-73.869804
40.85335,-73.86551
40.86426,-73.841034
40.86599,-73.865105
40.86839,-73.86262
40.851616,-73.85873
40.85335,-73.86551
40.861984,-73.85423
40.85335,-73.86551
40.863262,-73.84751
40.873592,-73.85776
40.861168,-73.84693
40.866467,-73.85258
40.857796,-73.870674
40.8491,-73.84784
40.866512,-73.8561
40.8553,-73.86938
40.857796,-73.870674
40.869743,-73.85533
40.857796,-73.870674
40.853443,-73.86549
40.860268,-73.869804
40.862396,-73.84846
40.863525,-73.84051
40.86217,-73.83455
40.86615,-73.855034
40.865314,-73.837265
40.855797,-73.86636
40.855797,-73.86636
40.853394,-73.84855
40.86004,-73.851616
40.858433,-73.87054
40.860268,-73.869804
40.86057,-73.84245
40.863255,-73.84051
40.868565,-73.86295
40.852966,-73.84979
40.86492,-73.84881
40.86106,-73.86992
40.87337,-73.850876
40.678963,-73.87132
40.69285,-73.854515
40.68599,-73.86073
40.673565,-73.84051
40.686638,-73.870255
40.673702,-73.83975
40.683567,-73.86662
40.681396,-73.83959
40.68014,-73.835045
40.696426,-73.849556
40.673855,-73.849304
40.69162,-73.85159
40.68677,-73.86692
40.681145,-73.85905
40.673813,-73.8493
40.685482,-73.845436
40.67765,-73.852234
40.69377,-73.857025
40.6857,-73.861565
40.687843,-73.851654
40.69259,-73.83715
40.690945,-73.86017
40.68851,-73.85473
40.683273,-73.86278
40.676777,-73.858864
40.69083,-73.83309
40.67685,-73.8745
40.68815,-73.85181
40.689568,-73.85997
40.67908,-73.850266
40.67414,-73.85004
40.691685,-73.851776
40.691326,-73.855034
40.6771,-73.84804
40.687206,-73.8372
40.692364,-73.85541
40.679752,-73.862495
40.869102,-73.85639
40.84952,-73.85449
40.869102,-73.85639
40.85274,-73.848366
40.85335,-73.86551
40.873596,-73.862595
40.860268,-73.869804
40.863495,-73.85996
40.869156,-73.856026
40.868587,-73.84033
40.865925,-73.846504
40.855663,-73.86318
40.850822,-73.852615
40.864605,-73.84655
40.85351,-73.865005
40.853138,-73.863625
40.869484,-73.86577
40.871086,-73.84918
40.86106,-73.86992
40.866665,-73.85314
40.854877,-73.86926
40.86839,-73.86262
40.858433,-73.87054
40.864395,-73.84562
40.850697,-73.8345
40.864952,-73.86086
40.86486,-73.8509
40.866543,-73.85126
40.873093,-73.83673
40.854877,-73.86926
40.86745,-73.85621
40.867577,-73.83695
40.85275,-73.867035
40.86473,-73.85262
40.85533,-73.86638
40.853397,-73.86532
40.85533,-73.86638
40.8635,-73.85267
40.8679,-73.836525
40.859234,-73.86907
40.86537,-73.84046
40.866158,-73.84554
40.859234,-73.86907
40.865925,-73.865105
40.861156,-73.844
40.87287,-73.85965
40.85858,-73.836
40.859592,-73.83463
40.85928,-73.8337
40.866978,-73.841324
40.85616,-73.86937
40.862103,-73.85715
40.86336,-73.85324
40.85402,-73.85015
40.856316,-73.86598
40.859234,-73.86907
40.86493,-73.85226
40.85275,-73.867035
40.865158,-73.854
40.85216,-73.849785
40.855274,-73.85608
40.864254,-73.854515
40.85141,-73.85307
40.86793,-73.85611
40.85616,-73.86937
40.854965,-73.85794
40.873264,-73.83621
40.870827,-73.8475
40.87352,-73.85812
40.86568,-73.85426
40.86106,-73.86992
40.857796,-73.870674
40.86106,-73.86992
40.856094,-73.86898
40.85616,-73.86937
40.867226,-73.85739
40.85344,-73.84849
40.870724,-73.8627
40.85616,-73.86937
40.8602,-73.86528
40.86303,-73.84052
40.85134,-73.85432
40.861305,-73.84702
40.85533,-73.86638
40.864784,-73.84104
40.873524,-73.85776
40.86881,-73.84968
40.871807,-73.83753
40.872547,-73.8386
40.86907,-73.83575
40.863934,-73.84846
40.862072,-73.84699
40.862446,-73.839325
40.866573,-73.846855
40.86907,-73.83575
40.858795,-73.84066
40.852276,-73.865616
40.854565,-73.84961
40.861065,-73.8425
40.86783,-73.85127
40.872543,-73.83683
40.864193,-73.86791
40.860268,-73.869804
40.85351,-73.865005
40.853443,-73.86549
40.860607,-73.83554
40.868286,-73.86324
40.864193,-73.86791
40.855663,-73.86318
40.857796,-73.870674
40.859234,-73.86907
40.87326,-73.85711
40.854877,-73.86926
40.859234,-73.86907
40.852238,-73.83346
40.855663,-73.86318
40.85536,-73.84195
40.850082,-73.86141
40.869606,-73.83927
40.868565,-73.86295
40.85822,-73.839745
40.885754,-73.913956
40.87845,-73.91858
40.882572,-73.91713
40.88908,-73.90329
40.87964,-73.92039
40.876717,-73.90012
40.883003,-73.91113
40.87908,-73.91845
40.87845,-73.91858
40.667606,-73.760826
40.65993,-73.73843
40.665066,-73.761375
40.65814,-73.73016
40.671856,-73.72882
40.66969,-73.76877
40.669647,-73.76879
40.65781,-73.74504
40.66295,-73.78035
40.66501,-73.7614
40.654705,-73.7423
40.6706,-73.77202
40.66959,-73.74054
40.667492,-73.759995
40.670937,-73.75976
40.663242,-73.76779
40.656166,-73.74631
40.662685,-73.74771
40.66416,-73.75012
40.65741,-73.75238
40.664986,-73.77277
40.654713,-73.74385
40.66867,-73.76434
40.65592,-73.74377
40.67026,-73.74062
40.670273,-73.772224
40.670773,-73.77992
40.635517,-73.74139
40.656578,-73.74381
40.670593,-73.74063
40.663963,-73.77237
40.663765,-73.756035
40.661407,-73.73381
40.67126,-73.74126
40.66742,-73.7473
40.670124,-73.75482
40.67035,-73.76297
40.660553,-73.74171
40.662155,-73.76529
40.66778,-73.76694
40.669308,-73.74976
40.663982,-73.72899
40.659954,-73.74753
40.671818,-73.773285
40.66426,-73.75449
40.670616,-73.760735
40.66137,-73.77016
40.662548,-73.766716
40.658905,-73.72904
40.670807,-73.76675
40.67035,-73.76297
40.668392,-73.764626
40.65812,-73.73566
40.668774,-73.74497
40.66929,-73.77566
40.668335,-73.775536
40.660934,-73.734726
40.663982,-73.72883
40.66997,-73.77153
40.669033,-73.748375
40.67034,-73.76417
40.659145,-73.72654
40.6551,-73.733154
40.67078,-73.78223
40.668102,-73.77647
40.67078,-73.78223
40.671776,-73.77811
40.661,-73.73299
40.861774,-73.855545
40.86422,-73.84786
40.85616,-73.86937
40.851456,-73.8492
40.861206,-73.8468
40.86411,-73.837654
40.866344,-73.86566
40.86594,-73.84405
40.867226,-73.85739
40.859364,-73.847084
40.854607,-73.85061
40.85351,-73.865005
40.864193,-73.86791
40.864193,-73.86791
40.856316,-73.86598
40.856316,-73.86598
40.8689,-73.86506
40.855347,-73.85489
40.86036,-73.84763
40.851597,-73.86526
40.86483,-73.84303
40.861576,-73.83869
40.84907,-73.84892
40.864384,-73.84047
40.869057,-73.84055
40.855663,-73.86318
40.860268,-73.869804
40.860268,-73.869804
40.852226,-73.865105
40.86425,-73.84142
40.869812,-73.84767
40.854877,-73.86926
40.85646,-73.8612
40.862583,-73.86332
40.854877,-73.86926
40.86988,-73.86214
40.85335,-73.851006
40.664845,-73.78001
40.66225,-73.756454
40.66866,-73.729416
40.670605,-73.7346
40.667316,-73.73442
40.65646,-73.74092
40.652393,-73.73032
40.670326,-73.76406
40.668686,-73.76974
40.66282,-73.73112
40.664043,-73.74576
40.67074,-73.76674
40.669926,-73.7516
40.662178,-73.74591
40.661144,-73.738716
40.66372,-73.77977
40.671097,-73.744576
40.657738,-73.74994
40.667027,-73.737076
40.66995,-73.73896
40.661148,-73.741196
40.667747,-73.745575
40.66685,-73.72948
40.663143,-73.763756
40.669086,-73.75962
40.668667,-73.749374
40.657207,-73.7525
40.653286,-73.74591
40.65812,-73.72943
40.66955,-73.74771
40.6505,-73.736855
40.671093,-73.78234
40.66827,-73.7288
40.668625,-73.76165
40.667744,-73.75009
40.65338,-73.72668
40.669216,-73.75519
40.65401,-73.74424
40.67197,-73.74724
40.668987,-73.768585
40.671707,-73.73109
40.669365,-73.73325
40.66808,-73.78003
40.659393,-73.73851
40.666653,-73.77796
40.654022,-73.747574
40.67004,-73.73815
40.664692,-73.77695
40.6703,-73.73355
40.657276,-73.73728
40.66254,-73.75927
40.67061,-73.74488
40.670864,-73.75418
40.660904,-73.75832
40.669903,-73.76401
40.66768,-73.733185
40.664295,-73.73899
40.669495,-73.74774
40.66943,-73.77386
40.66985,-73.771164
40.65142,-73.731155
40.67155,-73.78049
40.65329,-73.74531
40.664986,-73.73331
40.667336,-73.75466
40.664207,-73.780876
40.661015,-73.75724
40.669357,-73.7562
40.66782,-73.768196
40.66159,-73.75022
40.668556,-73.730606
40.667744,-73.75009
40.655956,-73.7406
40.667805,-73.762115
40.66908,-73.7395
40.659897,-73.72874
40.66927,-73.732285
40.671207,-73.738495
40.66867,-73.74681
40.655773,-73.732735
40.663033,-73.739876
40.670803,-73.730385
40.662247,-73.75523
40.658134,-73.73002
40.669266,-73.771225
40.66909,-73.76703
40.636345,-73.7415
40.662704,-73.74636
40.65364,-73.74716
40.65003,-73.73588
40.667667,-73.75532
40.657555,-73.732895
40.669468,-73.776024
40.669437,-73.76666
40.670074,-73.738884
40.664505,-73.7747
40.670033,-73.746086
40.66337,-73.738754
40.667747,-73.74169
40.667828,-73.748116
40.66473,-73.7697
40.63538,-73.74228
40.669197,-73.76791
40.668613,-73.77684
40.66941,-73.75571
40.66756,-73.7353
40.65666,-73.74056
40.661934,-73.77067
40.663906,-73.780045
40.658287,-73.736565
40.669933,-73.76425
40.66834,-73.7768
40.66719,-73.73702
40.66729,-73.763626
40.663452,-73.75786
40.656666,-73.740776
40.669033,-73.75963
40.652515,-73.741
40.670666,-73.76762
40.66503,-73.76213
40.65444,-73.73726
40.668427,-73.75294
40.67129,-73.73421
40.670666,-73.76762
40.655476,-73.74653
40.665005,-73.779884
40.65814,-73.74
40.65401,-73.744194
40.666744,-73.73508
40.659973,-73.738205
40.66999,-73.767006
40.666744,-73.73508
40.664944,-73.779274
40.65401,-73.744194
40.6715,-73.76808
40.662476,-73.74047
40.656555,-73.7376
40.652817,-73.72752
40.66805,-73.74641
40.661407,-73.73381
40.651608,-73.73722
40.671097,-73.74136
40.65673,-73.73607
40.664314,-73.77975
40.66845,-73.77
40.668083,-73.72852
40.66,-73.73859
40.67079,-73.73553
40.659878,-73.73971
40.656685,-73.73187
40.66953,-73.74235
40.659935,-73.74218
40.66212,-73.75751
40.6707,-73.73523
40.663036,-73.772316
40.66804,-73.74592
40.66839,-73.75296
40.66803,-73.74636
40.665737,-73.77717
40.668007,-73.72931
40.668427,-73.76476
40.66261,-73.73891
40.654495,-73.73887
40.659184,-73.75228
40.652905,-73.73107
40.669018,-73.72965
40.65516,-73.73542
40.666027,-73.77748
40.655174,-73.72757
40.663822,-73.77969
40.663647,-73.7813
40.703537,-73.7523
40.69909,-73.76059
40.70328,-73.747345
40.716827,-73.74512
40.711945,-73.77825
40.70617,-73.76959
40.704712,-73.74397
40.71159,-73.775314
40.69836,-73.77826
40.699085,-73.76582
40.709312,-73.76718
40.70921,-73.753975
40.711704,-73.742355
40.708374,-73.744354
40.721638,-73.76074
40.708694,-73.75769
40.71298,-73.74129
40.717052,-73.7565
40.710808,-73.75838
40.71979,-73.75198
40.705677,-73.73929
40.705727,-73.74693
40.71858,-73.76199
40.648922,-73.94408
40.650135,-73.93824
40.661545,-73.95964
40.658546,-73.949554
40.651886,-73.93293
40.650146,-73.94787
40.662285,-73.92959
40.668736,-73.95135
40.65361,-73.9733
40.661053,-73.93922
40.65953,-73.95195
40.64996,-73.95274
40.669785,-73.97302
40.669483,-73.92976
40.66103,-73.95558
40.65247,-73.95803
40.656384,-73.95775
40.656384,-73.95775
40.648865,-73.94496
40.659138,-73.94756
40.667244,-73.941
40.664223,-73.95477
40.664692,-73.949196
40.65401,-73.74413
40.66265,-73.7582
40.66318,-73.771904
40.661922,-73.76349
40.66571,-73.77823
40.670696,-73.76615
40.665028,-73.77663
40.65755,-73.732895
40.65487,-73.74697
40.660667,-73.75647
40.66771,-73.73146
40.669212,-73.74792
40.661564,-73.7589
40.6681,-73.78389
40.671394,-73.76668
40.669144,-73.76248
40.671528,-73.746796
40.6581,-73.7376
40.67075,-73.76168
40.6529,-73.73087
40.66437,-73.751015
40.669266,-73.775116
40.667797,-73.73069
40.659164,-73.75016
40.660854,-73.74053
40.66326,-73.75468
40.658447,-73.757904
40.669308,-73.75508
40.661835,-73.76353
40.66342,-73.766884
40.6666,-73.730865
40.65444,-73.73727
40.66886,-73.77134
40.670834,-73.75013
40.66793,-73.74334
40.594242,-73.76328
40.59439,-73.774345
40.609596,-73.7446
40.60308,-73.74921
40.609596,-73.7446
40.598495,-73.7391
40.597027,-73.76042
40.597046,-73.7603
40.60428,-73.74782
40.604313,-73.74758
40.593113,-73.78356
40.60785,-73.76728
40.605362,-73.75796
40.605362,-73.75796
40.61063,-73.74769
40.59534,-73.763145
40.6001,-73.738556
40.60486,-73.7578
40.59468,-73.75984
40.608353,-73.75992
40.599426,-73.760345
40.60848,-73.75755
40.607,-73.76468
40.59827,-73.759995
40.60655,-73.75357
40.611504,-73.765976
40.602695,-73.75483
40.594364,-73.772224
40.604267,-73.74801
40.59923,-73.7516
40.596447,-73.770096
40.59644,-73.73902
40.594704,-73.77619
40.598324,-73.74348
40.613056,-73.76636
40.60566,-73.74336
40.605297,-73.76901
40.598724,-73.7504
40.59971,-73.76082
40.59998,-73.74136
40.598175,-73.75887
40.60188,-73.75976
40.595524,-73.75939
40.595795,-73.74949
40.59385,-73.76384
40.59893,-73.76028
40.608063,-73.7434
40.59947,-73.74828
40.596554,-73.76808
40.604267,-73.74801
40.597755,-73.762184
40.60188,-73.75886
40.59488,-73.77274
40.602318,-73.76137
40.605446,-73.75834
40.59569,-73.74016
40.595753,-73.74018
40.609596,-73.7446
40.60486,-73.7578
40.604267,-73.74801
40.607998,-73.74577
40.609596,-73.7446
40.609596,-73.7446
40.59538,-73.74007
40.609295,-73.748856
40.603573,-73.74255
40.595825,-73.74345
40.603535,-73.76932
40.60428,-73.74782
40.598312,-73.74591
40.595463,-73.74935
40.595825,-73.74345
40.595894,-73.7606
40.60602,-73.7652
40.59331,-73.75799
40.597927,-73.75506
40.60265,-73.76011
40.62438,-73.94424
40.636646,-73.96014
40.63271,-73.94846
40.64006,-73.95101
40.630707,-73.94403
40.64122,-73.96282
40.64006,-73.95101
40.636227,-73.938705
40.633698,-73.9527
40.634197,-73.951744
40.63504,-73.95024
40.635006,-73.9437
40.632618,-73.9644
40.635796,-73.960655
40.64425,-73.94915
40.6386,-73.97023
40.641354,-73.95114
40.626205,-73.946045
40.622246,-73.931786
40.64618,-73.95128
40.63594,-73.95987
40.628384,-73.97205
40.64435,-73.9486
40.64299,-73.95682
40.63444,-73.95112
40.709846,-73.73365
40.72029,-73.73049
40.70771,-73.73667
40.708706,-73.72911
40.70167,-73.73134
40.703053,-73.72867
40.720158,-73.73144
40.70758,-73.735176
40.703205,-73.73531
40.701107,-73.72899
40.698685,-73.73829
40.718433,-73.73624
40.699677,-73.73269
40.7207,-73.73464
40.714474,-73.73458
40.703556,-73.737366
40.722183,-73.73378
40.714375,-73.73742
40.70168,-73.73158
40.71043,-73.73362
40.702602,-73.73858
40.70313,-73.7314
40.70159,-73.72871
40.713406,-73.73676
40.704308,-73.72933
40.714878,-73.73048
40.70265,-73.73263
40.7066,-73.7316
40.704296,-73.72898
40.706924,-73.730705
40.71571,-73.7367
40.704296,-73.72898
40.720627,-73.72973
40.700493,-73.737366
40.542694,-74.17593
40.546574,-74.21345
40.585045,-74.16188
40.520966,-74.211044
40.550858,-74.19251
40.539867,-74.210785
40.530533,-74.18926
40.82993,-73.9495
40.827747,-73.9509
40.835316,-73.9465
40.83462,-73.94727
40.828995,-73.94728
40.824066,-73.94443
40.826015,-73.938515
40.832684,-73.94413
40.847736,-73.94008
40.823437,-73.94258
40.83244,-73.94259
40.829453,-73.94721
40.84513,-73.93964
40.841633,-73.93896
40.823437,-73.94258
40.82881,-73.94762
40.824066,-73.94443
40.83562,-73.94219
40.83205,-73.949036
40.835533,-73.94488
40.847736,-73.94008
40.82831,-73.949524
40.83479,-73.94331
40.826485,-73.94016
40.82423,-73.9479
40.829067,-73.9494
40.83479,-73.94331
40.830456,-73.9457
40.829067,-73.9494
40.847736,-73.94008
40.83104,-73.94658
40.82528,-73.94621
40.831474,-73.947365
40.83682,-73.9466
40.829952,-73.9457
40.847736,-73.94008
40.824856,-73.95014
40.847736,-73.94008
40.8242,-73.9398
40.837383,-73.94562
40.857426,-73.88279
40.870632,-73.91706
40.863873,-73.908455
40.869453,-73.90593
40.868416,-73.889404
40.86459,-73.90775
40.864697,-73.89184
40.870975,-73.9174
40.871883,-73.91884
40.852386,-73.91508
40.871246,-73.91693
40.871315,-73.91576
40.871296,-73.9169
40.867588,-73.92366
40.870632,-73.91706
40.85741,-73.88433
40.868416,-73.889404
40.857456,-73.88429
40.87255,-73.9189
40.86465,-73.90821
40.871315,-73.91576
40.87255,-73.9189
40.863422,-73.89879
40.85737,-73.88437
40.865128,-73.90682
40.869453,-73.90593
40.863873,-73.908455
40.866753,-73.888084
40.871315,-73.91576
40.869453,-73.90593
40.86386,-73.92307
40.870174,-73.916725
40.871296,-73.9169
40.864647,-73.90821
40.863422,-73.89879
40.872402,-73.885216
40.860847,-73.89998
40.860847,-73.89998
40.596474,-73.77059
40.608627,-73.75622
40.593857,-73.75809
40.5958,-73.73854
40.598595,-73.7389
40.59572,-73.750565
40.59708,-73.77782
40.597122,-73.77815
40.593678,-73.75845
40.595795,-73.74949
40.609596,-73.7446
40.599514,-73.748344
40.596863,-73.77729
40.612377,-73.770515
40.60336,-73.76089
40.598534,-73.74882
40.596302,-73.76367
40.59362,-73.7582
40.611813,-73.76649
40.597004,-73.77781
40.602226,-73.76061
40.600983,-73.76689
40.61209,-73.766754
40.599934,-73.74579
40.609596,-73.7446
40.595493,-73.75037
40.608074,-73.75031
40.599007,-73.758064
40.607502,-73.75966
40.60428,-73.74782
40.595795,-73.74949
40.606552,-73.76319
40.609417,-73.75672
40.60428,-73.74782
40.613075,-73.76653
40.6055,-73.7584
40.609596,-73.7446
40.609802,-73.75953
40.850376,-73.83329
40.849716,-73.85992
40.854504,-73.855515
40.87075,-73.86307
40.869,-73.853065
40.8539,-73.86323
40.853138,-73.863625
40.864193,-73.86791
40.850945,-73.85447
40.851727,-73.848785
40.864193,-73.86791
40.870922,-73.87033
40.869175,-73.85212
40.855682,-73.85058
40.864193,-73.86791
40.860424,-73.84857
40.864925,-73.84107
40.854877,-73.86926
40.851955,-73.853065
40.860268,-73.869804
40.85616,-73.86937
40.851772,-73.83439
40.854877,-73.86926
40.853077,-73.84875
40.85259,-73.86318
40.871567,-73.85391
40.859234,-73.86907
40.85118,-73.86167
40.860268,-73.869804
40.860832,-73.863014
40.85275,-73.867035
40.859238,-73.84959
40.869236,-73.85303
40.868286,-73.86324
40.85275,-73.867035
40.86256,-73.85715
40.857212,-73.850235
40.85529,-73.85769
40.86656,-73.85162
40.866436,-73.84135
40.86158,-73.90276
40.86183,-73.9026
40.869453,-73.90593
40.867584,-73.89506
40.868332,-73.883194
40.8659,-73.89172
40.871834,-73.91952
40.85559,-73.89007
40.871883,-73.91884
40.871315,-73.91576
40.86397,-73.92301
40.871834,-73.91952
40.84882,-73.90534
40.870174,-73.916725
40.86663,-73.89899
40.868332,-73.883194
40.868332,-73.883194
40.866707,-73.898926
40.870937,-73.91832
40.87255,-73.9189
40.855442,-73.90736
40.869835,-73.915184
40.85217,-73.900795
40.871883,-73.91884
40.871094,-73.91527
40.8683,-73.926094
40.86359,-73.89082
40.869453,-73.90593
40.863953,-73.90788
40.8716,-73.88264
40.867584,-73.89506
40.858204,-73.901024
40.8716,-73.88264
40.867584,-73.89506
40.848953,-73.922554
40.863953,-73.90788
40.8683,-73.926094
40.869534,-73.90602
40.867584,-73.89506
40.868008,-73.92182
40.85314,-73.93905
40.851025,-73.94067
40.85559,-73.937744
40.85107,-73.941086
40.857788,-73.934425
40.85337,-73.93559
40.857788,-73.934425
40.85314,-73.93905
40.851234,-73.94011
40.85404,-73.939316
40.85337,-73.93559
40.85559,-73.937744
40.85314,-73.93905
40.863937,-73.928795
40.85314,-73.93905
40.856285,-73.9348
40.85314,-73.93905
40.864017,-73.92742
40.857456,-73.93594
40.856285,-73.9348
40.85314,-73.93905
40.863976,-73.92771
40.856285,-73.9348
40.857788,-73.934425
40.85314,-73.93905
40.85314,-73.93905
40.856285,-73.9348
40.85314,-73.93905
40.85314,-73.93905
40.859062,-73.932335
40.866352,-73.92968
40.8569,-73.936356
40.85145,-73.9419
40.858055,-73.932175
40.857788,-73.934425
40.8569,-73.936356
40.85509,-73.934074
40.864017,-73.92742
40.856285,-73.9348
40.85775,-73.93288
40.85559,-73.937744
40.791546,-73.96709
40.79353,-73.97024
40.785618,-73.956924
40.788605,-73.97012
40.787346,-73.95371
40.788605,-73.97012
40.787994,-73.95445
40.788605,-73.97012
40.793365,-73.97045
40.787346,-73.95371
40.789825,-73.9677
40.787994,-73.95445
40.791973,-73.96921
40.79353,-73.97024
40.793804,-73.97134
40.787346,-73.95371
40.788605,-73.97012
40.791546,-73.96709
40.79367,-73.96555
40.79367,-73.96555
40.793804,-73.97134
40.788605,-73.97012
40.788605,-73.97012
40.791527,-73.96891
40.795612,-73.97333
40.788303,-73.97135
40.795986,-73.97229
40.791126,-73.97
40.85184,-73.94128
40.85867,-73.93221
40.855167,-73.93424
40.863937,-73.928795
40.85184,-73.94128
40.85337,-73.93559
40.85031,-73.93514
40.854275,-73.935036
40.85184,-73.94128
40.8553,-73.93545
40.855167,-73.93424
40.85145,-73.9419
40.8511,-73.9416
40.857788,-73.934425
40.85348,-73.93656
40.851086,-73.941505
40.85509,-73.934074
40.85444,-73.937805
40.8569,-73.936356
40.85314,-73.93905
40.857788,-73.934425
40.854897,-73.93819
40.854275,-73.935036
40.85109,-73.941505
40.8569,-73.936356
40.85314,-73.93905
40.8553,-73.93545
40.8583,-73.93273
40.857456,-73.93594
40.857788,-73.934425
40.853474,-73.93605
40.85775,-73.93288
40.85163,-73.93622
40.85337,-73.93559
40.86787,-73.92648
40.8569,-73.936356
40.85314,-73.93905
40.851498,-73.93643
40.852596,-73.93529
40.85453,-73.938934
40.851234,-73.94011
40.858215,-73.93421
40.851173,-73.93407
40.855618,-73.938416
40.851025,-73.94067
40.85314,-73.93905
40.855618,-73.938416
40.854275,-73.935036
40.85004,-73.93941
40.858055,-73.932175
40.857044,-73.93727
40.85314,-73.93905
40.85026,-73.93889
40.85941,-73.92901
40.82611,-73.95236
40.82495,-73.95036
40.82512,-73.94882
40.836082,-73.945564
40.831726,-73.94072
40.836082,-73.945564
40.836082,-73.945564
40.826485,-73.94016
40.837006,-73.944725
40.836533,-73.93868
40.845837,-73.93297
40.836082,-73.945564
40.828995,-73.94729
40.84378,-73.94302
40.83867,-73.93699
40.824497,-73.94401
40.84378,-73.94302
40.82906,-73.943565
40.827183,-73.94375
40.8242,-73.93979
40.837006,-73.944725
40.83518,-73.94693
40.831585,-73.93084
40.8259,-73.95264
40.831726,-73.94072
40.8242,-73.93979
40.832687,-73.92762
40.829372,-73.94004
40.823917,-73.9418
40.824856,-73.95014
40.824615,-73.941414
40.8242,-73.93979
40.846184,-73.939384
40.829,-73.95
40.824615,-73.941414
40.838436,-73.93755
40.83267,-73.94022
40.835815,-73.9465
40.835316,-73.9465
40.824615,-73.941414
40.85031,-73.93514
40.851025,-73.94067
40.85891,-73.93229
40.857044,-73.93727
40.850594,-73.93526
40.85851,-73.93193
40.853676,-73.93473
40.850594,-73.93526
40.85348,-73.93656
40.85404,-73.939316
40.854275,-73.935036
40.85109,-73.941505
40.85509,-73.934074
40.854275,-73.935036
40.85184,-73.94128
40.85775,-73.93288
40.85314,-73.93905
40.857788,-73.934425
40.85026,-73.93889
40.85509,-73.934074
40.85026,-73.93889
40.850014,-73.93754
40.853474,-73.93605
40.85775,-73.93288
40.85314,-73.93905
40.855415,-73.938896
40.85348,-73.93656
40.855362,-73.938774
40.857788,-73.934425
40.851498,-73.93643
40.858055,-73.932175
40.857788,-73.934425
40.857788,-73.934425
40.85867,-73.93221
40.854897,-73.93819
40.85184,-73.94128
40.85184,-73.94128
40.8553,-73.93545
40.858055,-73.932175
40.85337,-73.93559
40.8569,-73.936356
40.82038,-73.91097
40.817585,-73.90893
40.82244,-73.890076
40.82244,-73.890076
40.81041,-73.90571
40.82038,-73.910934
40.82038,-73.910934
40.820232,-73.91254
40.816086,-73.90383
40.814903,-73.9081
40.78868,-73.94719
40.791275,-73.94867
40.798027,-73.93481
40.788597,-73.94117
40.78868,-73.94719
40.797966,-73.94897
40.7886,-73.9413
40.790806,-73.94632
40.79554,-73.94945
40.7947,-73.94357
40.78868,-73.94719
40.79389,-73.9386
40.78868,-73.94719
40.7947,-73.94357
40.794704,-73.9436
40.79629,-73.949036
40.787514,-73.948044
40.79629,-73.949036
40.79613,-73.934204
40.853474,-73.93605
40.86787,-73.92648
40.85444,-73.937805
40.858055,-73.932175
40.852596,-73.93529
40.858055,-73.932175
40.85559,-73.937744
40.858055,-73.932175
40.85004,-73.93941
40.855618,-73.938416
40.85109,-73.941505
40.858055,-73.932175
40.85337,-73.93559
40.853317,-73.93975
40.853317,-73.93975
40.859062,-73.932335
40.85509,-73.934074
40.85867,-73.93221
40.857044,-73.93727
40.857456,-73.93594
40.85891,-73.93229
40.857456,-73.93594
40.85031,-73.93514
40.85314,-73.93905
40.851498,-73.93643
40.85026,-73.93889
40.85314,-73.93905
40.855618,-73.938416
40.853317,-73.93975
40.853676,-73.93473
40.855415,-73.938896
40.85314,-73.93905
40.85867,-73.93221
40.866825,-73.930305
40.85867,-73.93221
40.854275,-73.935036
40.852757,-73.93992
40.854275,-73.935036
40.855362,-73.938774
40.857788,-73.934425
40.777046,-73.914024
40.781178,-73.90487
40.781986,-73.91629
40.780674,-73.908295
40.781178,-73.90487
40.775345,-73.908516
40.77619,-73.91737
40.775898,-73.908775
40.7799,-73.90924
40.77694,-73.9075
40.77971,-73.90907
40.778008,-73.90464
40.7785,-73.91406
40.781178,-73.90487
40.781178,-73.90487
40.776516,-73.90802
40.78006,-73.90904
40.781178,-73.90487
40.780754,-73.908195
40.774876,-73.89959
40.773106,-73.90159
40.78169,-73.90965
40.776028,-73.90814
40.774113,-73.91251
40.775898,-73.908775
40.77977,-73.90939
40.781178,-73.90487
40.77974,-73.90771
40.781178,-73.90487
40.696552,-73.98727
40.688416,-73.981415
40.687954,-73.994804
40.69422,-73.9961
40.68579,-73.99044
40.69321,-73.99403
40.691776,-73.991516
40.691517,-73.9906
40.689445,-73.99605
40.690136,-73.98311
40.690285,-73.99022
40.696358,-73.99237
40.689445,-73.99605
40.690285,-73.99022
40.692696,-73.97956
40.697086,-73.9945
40.68842,-73.981415
40.68898,-73.99437
40.69165,-73.98573
40.690136,-73.98311
40.687485,-73.9815
40.69278,-73.99336
40.692783,-73.97886
40.68522,-73.9788
40.696594,-73.988396
40.69223,-73.981346
40.692474,-73.98507
40.68979,-73.98496
40.686035,-73.98144
40.689137,-73.99457
40.695675,-73.99143
40.69381,-73.99451
40.69381,-73.99451
40.69676,-73.99583
40.697144,-73.99564
40.691406,-73.99558
40.691517,-73.9906
40.692474,-73.98507
40.687084,-73.98255
40.690136,-73.98311
40.69381,-73.99451
40.68979,-73.98496
40.68953,-73.986465
40.695965,-73.9936
40.686546,-73.992355
40.68491,-73.97854
40.695553,-73.9921
40.691505,-73.99558
40.68856,-73.99047
40.687843,-73.97406
40.687996,-73.9945
40.691517,-73.9906
40.69505,-73.983574
40.69381,-73.99451
40.697086,-73.9945
40.691517,-73.9906
40.69278,-73.99336
40.687084,-73.98255
40.687553,-73.97398
40.687836,-73.991425
40.692112,-73.97833
40.691517,-73.9906
40.693424,-73.982704
40.691517,-73.9906
40.691505,-73.99558
40.687553,-73.97398
40.687485,-73.9815
40.692696,-73.97956
40.692474,-73.98507
40.691906,-73.992966
40.69207,-73.98021
40.687553,-73.97398
40.69316,-73.99318
40.687553,-73.97398
40.696636,-73.99548
40.687847,-73.99481
40.69381,-73.99451
40.69676,-73.99583
40.69381,-73.99451
40.69381,-73.99451
40.694107,-73.99568
40.68522,-73.9788
40.686195,-73.99501
40.692696,-73.97956
40.689766,-73.9896
40.687954,-73.994804
40.69381,-73.99451
40.686195,-73.99501
40.691776,-73.991516
40.687553,-73.97398
40.693424,-73.982704
40.69223,-73.981346
40.69718,-73.99659
40.686443,-73.98427
40.687553,-73.97398
40.68979,-73.98496
40.692474,-73.98507
40.68979,-73.98496
40.691776,-73.991516
40.68979,-73.98496
40.696594,-73.988396
40.69583,-73.99199
40.69207,-73.98021
40.69207,-73.98021
40.684895,-73.98143
40.695377,-73.995575
40.68491,-73.97854
40.69718,-73.99659
40.69207,-73.98021
40.69583,-73.99199
40.695377,-73.995575
40.689423,-73.98809
40.69456,-73.98269
40.687847,-73.99481
40.684593,-73.99159
40.69456,-73.98269
40.69165,-73.98573
40.697094,-73.9879
40.68768,-73.98533
40.687553,-73.97398
40.69165,-73.98573
40.697094,-73.9879
40.68842,-73.981415
40.69647,-73.99513
40.692112,-73.99153
40.696358,-73.99237
40.692875,-73.99673
40.69505,-73.983574
40.690166,-73.994995
40.696594,-73.988396
40.69562,-73.98869
40.69159,-73.99315
40.68979,-73.98496
40.69583,-73.99199
40.692696,-73.97956
40.693424,-73.982704
40.687553,-73.97398
40.69165,-73.98573
40.69505,-73.983574
40.6924,-73.978806
40.697094,-73.9879
40.69103,-73.99628
40.689766,-73.9896
40.69159,-73.99315
40.684593,-73.99159
40.687553,-73.97398
40.692474,-73.98507
40.69505,-73.983574
40.689342,-73.97434
40.692474,-73.98507
40.692783,-73.97886
40.69676,-73.99583
40.690136,-73.98311
40.695965,-73.9936
40.69223,-73.981346
40.68979,-73.98496
40.69056,-73.99349
40.69505,-73.983574
40.685394,-73.982315
40.69712,-73.996216
40.691517,-73.9906
40.69591,-73.99646
40.688416,-73.978584
40.69505,-73.983574
40.69054,-73.99088
40.69712,-73.996216
40.69431,-73.99574
40.68693,-73.983406
40.69505,-73.983574
40.695553,-73.9921
40.69319,-73.9827
40.692474,-73.98507
40.696358,-73.99237
40.68678,-73.99545
40.690136,-73.98311
40.695553,-73.9921
40.696358,-73.99237
40.691517,-73.9906
40.69583,-73.99199
40.690136,-73.98311
40.697086,-73.9945
40.688774,-73.995285
40.695377,-73.995575
40.690285,-73.99022
40.696373,-73.992325
40.697025,-73.992935
40.692696,-73.97956
40.687485,-73.9815
40.6924,-73.978806
40.69223,-73.981346
40.6867,-73.98351
40.692112,-73.97833
40.69431,-73.99574
40.68953,-73.986465
40.69583,-73.99199
40.69304,-73.978516
40.6867,-73.98351
40.68842,-73.981415
40.688786,-73.97425
40.69207,-73.98021
40.691776,-73.991516
40.686466,-73.99025
40.690807,-73.99001
40.693462,-73.98289
40.692696,-73.97956
40.69054,-73.99088
40.696594,-73.988396
40.692696,-73.97956
40.688786,-73.97425
40.691517,-73.9906
40.692474,-73.98507
40.69505,-73.983574
40.692696,-73.97956
40.68953,-73.986465
40.697094,-73.9879
40.696987,-73.99668
40.69278,-73.99336
40.68842,-73.981415
40.690807,-73.99001
40.688416,-73.978584
40.69304,-73.978516
40.688416,-73.981415
40.686577,-73.98949
40.690304,-73.99111
40.68499,-73.97895
40.692474,-73.98507
40.77722,-73.92238
40.7815,-73.913
40.774845,-73.90495
40.77346,-73.89864
40.774166,-73.907104
40.7772,-73.90737
40.77694,-73.9075
40.781178,-73.90487
40.781178,-73.90487
40.77631,-73.908264
40.781437,-73.913124
40.7772,-73.90737
40.776722,-73.90777
40.7777,-73.91293
40.781178,-73.90487
40.781178,-73.90487
40.7757,-73.90902
40.776028,-73.90814
40.772945,-73.891594
40.776363,-73.907265
40.773235,-73.91424
40.775826,-73.90078
40.774387,-73.925255
40.773033,-73.89915
40.782063,-73.918846
40.774723,-73.906425
40.781178,-73.90487
40.775898,-73.908775
40.781178,-73.90487
40.773766,-73.90043
40.781178,-73.90487
40.77864,-73.9159
40.687595,-73.99905
40.688522,-73.99711
40.692986,-73.99978
40.689487,-73.99832
40.687595,-73.99905
40.686993,-74.000496
40.69295,-74.00068
40.68876,-73.99848
40.687,-73.998474
40.687454,-73.99884
40.687,-73.99848
40.687553,-73.99914
40.686993,-74.000496
40.695766,-73.997
40.688076,-73.99891
40.69459,-73.99709
40.695766,-73.997
40.695766,-73.997
40.693653,-74.000275
40.687553,-73.99914
40.694725,-73.99842
40.692986,-73.99978
40.694386,-73.99839
40.694546,-73.99692
40.694386,-73.99839
40.686993,-74.000496
40.694546,-73.99692
40.694386,-73.99839
40.686993,-74.000496
40.694584,-73.99748
40.692986,-73.99978
40.692986,-73.99978
40.686993,-74.000496
40.695766,-73.997
40.686993,-74.000496
40.692986,-73.99978
40.68876,-73.99848
40.692093,-73.99771
40.687553,-73.99914
40.688416,-73.981415
40.68522,-73.9788
40.69565,-73.99369
40.686768,-73.985085
40.68979,-73.98496
40.68979,-73.98496
40.69613,-73.99227
40.69613,-73.99227
40.68979,-73.98496
40.68979,-73.98496
40.697166,-73.98379
40.696552,-73.98727
40.687847,-73.99481
40.68979,-73.98496
40.68979,-73.98496
40.688416,-73.978584
40.687855,-73.99207
40.686768,-73.985085
40.696594,-73.988396
40.68842,-73.981415
40.687996,-73.9945
40.690807,-73.99001
40.684696,-73.99625
40.69613,-73.99227
40.68979,-73.98496
40.692474,-73.98507
40.689564,-73.99499
40.689766,-73.9896
40.689564,-73.99499
40.69304,-73.978516
40.68979,-73.98496
40.6961,-73.99527
40.690304,-73.99111
40.693718,-73.99419
40.693424,-73.982704
40.688416,-73.978584
40.69505,-73.983574
40.693718,-73.99419
40.687855,-73.99207
40.690807,-73.99001
40.68109,-74.01012
40.67595,-73.99973
40.675667,-73.99892
40.682865,-74.00488
40.681213,-74.00169
40.68122,-73.99909
40.677418,-74.00128
40.683975,-74.000694
40.680855,-74.00175
40.6778,-74.00147
40.674828,-73.999214
40.68291,-74.00426
40.6816,-74.00307
40.68407,-73.99703
40.68309,-73.9996
40.68338,-74.00399
40.6816,-74.00307
40.678696,-73.99966
40.677418,-74.00128
40.675667,-73.99892
40.677456,-74.00021
40.68109,-74.01012
40.675667,-73.99892
40.695553,-73.9921
40.68979,-73.98496
40.690304,-73.99111
40.69553,-73.99375
40.684654,-73.99165
40.69647,-73.99513
40.68979,-73.98496
40.693424,-73.982704
40.68979,-73.98496
40.695553,-73.9921
40.69278,-73.99336
40.68979,-73.98496
40.68577,-73.990654
40.692448,-73.985214
40.690285,-73.99022
40.68842,-73.981415
40.68979,-73.98496
40.687996,-73.9945
40.72216,-73.98438
40.714314,-73.98006
40.714214,-73.99159
40.71571,-73.98484
40.715363,-73.98244
40.713215,-73.97915
40.715214,-73.98513
40.715393,-73.986435
40.71571,-73.98484
40.72228,-73.98052
40.714314,-73.98006
40.71194,-73.99404
40.718895,-73.987404
40.717564,-73.98363
40.715363,-73.98244
40.715363,-73.98244
40.71884,-73.98733
40.714912,-73.98759
40.710457,-73.991234
40.71311,-73.97784
40.717255,-73.99024
40.713215,-73.97915
40.715374,-73.98647
40.715363,-73.98244
40.710457,-73.991234
40.7126,-73.978
40.715363,-73.98244
40.710457,-73.991234
40.714314,-73.98006
40.7214,-73.994
40.713478,-73.979416
40.712917,-73.97816
40.711086,-73.98141
40.715214,-73.98513
40.715393,-73.986435
40.72115,-73.99341
40.71884,-73.98733
40.71311,-73.97784
40.618614,-74.15803
40.618965,-74.12853
40.616604,-74.13478
40.61531,-74.13655
40.613087,-74.16036
40.61979,-74.144424
40.606983,-74.14887
40.600746,-74.13208
40.618298,-74.1443
40.59728,-74.13496
40.60843,-74.12466
40.61667,-74.13914
40.606167,-74.11939
40.60857,-74.137856
40.60208,-74.13351
40.61971,-74.13907
40.610962,-74.14622
40.601303,-74.155655
40.619507,-74.13756
40.60627,-74.11597
40.620243,-74.12537
40.612114,-74.12984
40.610615,-74.13578
40.615784,-74.1339
40.603745,-74.12751
40.60678,-74.13732
40.61779,-74.14918
40.61793,-74.15979
40.615753,-74.13384
40.61385,-74.12575
40.609932,-74.14278
40.60733,-74.13682
40.60656,-74.13917
40.601917,-74.127945
40.617943,-74.15854
40.608776,-74.14118
40.610466,-74.14909
40.610565,-74.14084
40.607414,-74.1274
40.601624,-74.132904
40.608795,-74.15672
40.72228,-73.98052
40.714905,-73.987595
40.721436,-73.98967
40.722115,-73.9961
40.710457,-73.991234
40.72115,-73.99341
40.715057,-73.98183
40.72209,-73.97752
40.721703,-73.982445
40.721436,-73.98967
40.721012,-73.98573
40.72154,-73.98327
40.715755,-73.98814
40.716255,-73.98774
40.72115,-73.99341
40.715965,-73.98801
40.72228,-73.98052
40.715965,-73.98801
40.71311,-73.97784
40.7126,-73.978
40.718895,-73.987404
40.71311,-73.97784
40.71884,-73.98733
40.711163,-73.98747
40.713215,-73.97915
40.715214,-73.98513
40.71571,-73.98484
40.714912,-73.98759
40.721268,-73.98424
40.71546,-73.996826
40.71477,-73.98055
40.714855,-73.993935
40.718933,-73.992195
40.714912,-73.98759
40.71846,-73.986084
40.71311,-73.97784
40.714912,-73.98759
40.721268,-73.98424
40.720024,-73.99165
40.715393,-73.986435
40.71477,-73.98055
40.715057,-73.98183
40.711086,-73.98141
40.71361,-73.989555
40.720024,-73.99165
40.714657,-73.98541
40.720024,-73.99165
40.714188,-73.99156
40.720024,-73.99165
40.711086,-73.98141
40.7126,-73.978
40.715363,-73.98244
40.71311,-73.97784
40.715965,-73.98801
40.714188,-73.99156
40.72062,-73.97953
40.71555,-73.98837
40.713104,-73.97922
40.714314,-73.98006
40.715363,-73.98244
40.714314,-73.98006
40.7153,-73.9826
40.718987,-73.985855
40.72232,-73.98775
40.722115,-73.9961
40.72115,-73.99341
40.713894,-73.978905
40.714905,-73.987595
40.714912,-73.98759
40.715363,-73.98244
40.72115,-73.99341
40.72054,-73.97933
40.718967,-73.99233
40.71546,-73.996826
40.710457,-73.991234
40.713764,-73.989075
40.72115,-73.9788
40.715057,-73.98183
40.713104,-73.97922
40.713894,-73.978905
40.714645,-73.98544
40.715057,-73.98183
40.7126,-73.978
40.714325,-73.97838
40.715363,-73.98244
40.713215,-73.97915
40.710457,-73.991234
40.711086,-73.98141
40.710457,-73.991234
40.715385,-73.98645
40.712917,-73.97816
40.7126,-73.978
40.715755,-73.98814
40.710457,-73.991234
40.71571,-73.98484
40.719337,-73.98467
40.710457,-73.991234
40.721832,-73.983284
40.715965,-73.98801
40.720608,-73.98401
40.710457,-73.991234
40.715057,-73.98183
40.710457,-73.991234
40.710457,-73.991234
40.710457,-73.991234
40.715214,-73.98513
40.72242,-73.99401
40.710457,-73.991234
40.72115,-73.99341
40.710457,-73.991234
40.710457,-73.991234
40.715374,-73.98647
40.710457,-73.991234
40.71759,-73.98729
40.714912,-73.98759
40.710457,-73.991234
40.715374,-73.98647
40.711555,-73.99616
40.716587,-73.98988
40.721634,-73.992805
40.714314,-73.98006
40.72232,-73.98775
40.717445,-73.992966
40.71311,-73.97784
40.710457,-73.991234
40.715965,-73.98801
40.71361,-73.989555
40.710457,-73.991234
40.71477,-73.98055
40.71311,-73.97784
40.714314,-73.98006
40.715363,-73.98244
40.715275,-73.99379
40.71759,-73.98729
40.71546,-73.996826
40.722397,-73.98585
40.715393,-73.986435
40.715057,-73.98183
40.712917,-73.97816
40.720024,-73.99165
40.714325,-73.97838
40.720383,-73.98315
40.714905,-73.987595
40.72229,-73.9797
40.711086,-73.98141
40.7126,-73.978
40.710457,-73.991234
40.720024,-73.99165
40.713886,-73.979004
40.710457,-73.991234
40.7154,-73.9881
40.712734,-73.9948
40.71311,-73.97784
40.714333,-73.99115
40.710457,-73.991234
40.716503,-73.99132
40.71477,-73.98055
40.714314,-73.98006
40.71555,-73.988365
40.715965,-73.98801
40.717842,-73.99151
40.713104,-73.97922
40.714912,-73.98759
40.715057,-73.98183
40.71271,-73.99553
40.714314,-73.98006
40.721436,-73.98967
40.721703,-73.982445
40.722153,-73.99591
40.714645,-73.98544
40.715057,-73.98183
40.72101,-73.988144
40.716507,-73.991325
40.720825,-73.983894
40.72209,-73.97752
40.710457,-73.991234
40.719315,-73.9952
40.72018,-73.996635
40.72101,-73.988144
40.71758,-73.9899
40.719448,-73.98556
40.72115,-73.99341
40.71477,-73.98055
40.710457,-73.991234
40.72209,-73.97752
40.715385,-73.98645
40.721012,-73.98573
40.712917,-73.97816
40.72101,-73.988144
40.672096,-73.97413
40.680935,-73.980255
40.67844,-73.980934
40.67771,-73.97466
40.67427,-73.973526
40.67427,-73.973526
40.672905,-73.986115
40.672745,-73.97577
40.678055,-73.97375
40.672905,-73.986115
40.671978,-73.98801
40.68419,-73.98252
40.681656,-73.980606
40.678062,-73.979965
40.68419,-73.98252
40.677364,-73.97812
40.672066,-73.98242
40.672066,-73.98242
40.68419,-73.98252
40.678337,-73.98088
40.674675,-73.977455
40.67771,-73.97466
40.67732,-73.97932
40.681297,-73.98075
40.6813,-73.9812
40.677074,-73.97704
40.67732,-73.97932
40.68392,-73.99012
40.709965,-74.004135
40.71487,-74.00706
40.71394,-74.00697
40.716576,-74.01613
40.716576,-74.01613
40.717716,-74.002815
40.717842,-74.003685
40.7101,-74.006935
40.716576,-74.01613
40.716064,-74.01081
40.71253,-73.99985
40.71007,-74.017006
40.71728,-74.00422
40.712776,-74.005974
40.716576,-74.01613
40.71274,-73.99936
40.709965,-74.004135
40.716637,-74.00487
40.710255,-74.003914
40.711395,-74.005905
40.716576,-74.01613
40.717712,-74.002815
40.709866,-74.0162
40.716106,-74.01627
40.710068,-74.01785
40.71517,-74.01092
40.716106,-74.01627
40.716038,-74.00989
40.709854,-74.01789
40.710217,-74.00807
40.7113,-74.0074
40.716576,-74.01613
40.709866,-74.0162
40.716038,-74.00989
40.709866,-74.0162
40.71007,-74.017006
40.7165,-74.0123
40.710068,-74.01785
40.711308,-74.00624
40.719524,-74.009
40.713867,-73.989525
40.714645,-73.98544
40.72135,-73.99624
40.720604,-73.98401
40.713104,-73.97922
40.71759,-73.98729
40.710457,-73.991234
40.715385,-73.98645
40.71311,-73.97784
40.713886,-73.979004
40.722294,-73.98468
40.714905,-73.987595
40.712734,-73.9948
40.717484,-73.9833
40.720135,-73.98793
40.714325,-73.97838
40.710457,-73.991234
40.71281,-73.99476
40.713867,-73.989525
40.716415,-73.98532
40.716263,-73.98498
40.713867,-73.989525
40.715565,-73.99044
40.720104,-73.98405
40.721268,-73.98424
40.710457,-73.991234
40.721634,-73.992805
40.716587,-73.98988
40.720604,-73.98401
40.711086,-73.98141
40.710457,-73.991234
40.714314,-73.98006
40.7153,-73.9826
40.714905,-73.987595
40.721012,-73.98573
40.715363,-73.98244
40.713478,-73.979416
40.711086,-73.98141
40.710457,-73.991234
40.714878,-73.98539
40.714657,-73.98541
40.713894,-73.978905
40.718895,-73.987404
40.715385,-73.98645
40.714325,-73.97838
40.71555,-73.988365
40.7126,-73.978
40.710457,-73.991234
40.714325,-73.97838
40.710457,-73.991234
40.710457,-73.991234
40.710457,-73.991234
40.715385,-73.98645
40.71546,-73.996826
40.721348,-73.99624
40.72054,-73.97933
40.715363,-73.98244
40.710457,-73.991234
40.71584,-73.9901
40.72154,-73.98327
40.710457,-73.991234
40.72115,-73.99341
40.715363,-73.98244
40.71311,-73.97784
40.714657,-73.98541
40.710457,-73.991234
40.71546,-73.996826
40.710457,-73.991234
40.712917,-73.97816
40.71864,-73.98702
40.715057,-73.98183
40.715755,-73.98813
40.713886,-73.979004
40.722443,-73.97728
40.71492,-73.98757
40.714325,-73.97838
40.714325,-73.97838
40.713646,-73.98899
40.717564,-73.98363
40.715755,-73.98814
40.71555,-73.98837
40.71661,-74.00759
40.71274,-73.99936
40.722164,-74.00854
40.715206,-74.00913
40.721836,-74.01116
40.722164,-74.00854
40.71661,-74.00759
40.716637,-74.00487
40.717564,-73.996956
40.710068,-74.01785
40.71639,-74.01065
40.71578,-74.0103
40.715843,-74.00803
40.717712,-74.002815
40.71253,-73.99985
40.716038,-74.00989
40.711143,-74.00696
40.710068,-74.01785
40.712776,-74.005974
40.709965,-74.004135
40.716812,-74.00354
40.71517,-74.01092
40.710068,-74.01785
40.716576,-74.01613
40.71253,-73.99985
40.713737,-74.00001
40.709965,-74.004135
40.716576,-74.01613
40.71638,-74.00709
40.716576,-74.01613
40.709866,-74.0162
40.71598,-74.007675
40.716576,-74.01613
40.709866,-74.0162
40.714615,-74.00636
40.709965,-74.004135
40.716576,-74.01613
40.710068,-74.01785
40.71815,-73.99868
40.719067,-74.008415
40.716576,-74.01613
40.71517,-74.01092
40.715843,-74.00803
40.713737,-74.00001
40.70985,-74.01789
40.719704,-73.99885
40.71517,-74.010925
40.716576,-74.01613
40.716637,-74.00487
40.7165,-74.0123
40.716576,-74.01613
40.713512,-73.999535
40.71427,-74.00597
40.719395,-74.00757
40.716576,-74.01613
40.709866,-74.0162
40.721737,-73.9981
40.71496,-74.007256
40.716576,-74.01613
40.716576,-74.01613
40.716576,-74.01613
40.70985,-74.01789
40.717716,-74.002815
40.719337,-73.99798
40.71496,-74.007256
40.716576,-74.01613
40.721737,-73.9981
40.67727,-74.00034
40.68381,-74.00448
40.676357,-74.0116
40.68202,-73.99791
40.68407,-73.99703
40.677063,-73.9974
40.675667,-73.99892
40.682354,-73.99762
40.675667,-73.99892
40.677063,-73.9974
40.682236,-73.99883
40.67555,-74.011955
40.68191,-73.99808
40.68291,-74.00426
40.68122,-73.99909
40.67725,-74.01482
40.682102,-74.004295
40.676334,-74.013306
40.677418,-74.00608
40.677467,-74.00606
40.68376,-73.99929
40.68434,-74.00367
40.67725,-74.01482
40.680717,-74.0025
40.676437,-74.012115
40.683765,-74.00411
40.682713,-74.000336
40.68452,-74.00158
40.68286,-74.001495
40.679165,-74.00901
40.68381,-74.00448
40.677063,-73.9974
40.676388,-74.00017
40.682713,-74.000336
40.674763,-74.01154
40.683,-73.997536
40.675667,-73.99892
40.675667,-73.99892
40.677933,-74.016205
40.713676,-74.007324
40.709866,-74.0162
40.710217,-74.00807
40.713737,-74.00001
40.71657,-74.01052
40.718296,-74.007645
40.710068,-74.01785
40.71775,-74.00627
40.71436,-73.99928
40.717712,-74.002815
40.70985,-74.01789
40.709866,-74.0162
40.71227,-74.000404
40.713737,-74.00001
40.710068,-74.01785
40.719692,-74.00801
40.716576,-74.01613
40.717712,-74.002815
40.716576,-74.01613
40.719692,-74.00801
40.71698,-74.003395
40.709965,-74.004135
40.716637,-74.00487
40.71253,-73.99985
40.713512,-73.999535
40.716576,-74.01613
40.716362,-74.01047
40.710068,-74.009766
40.713512,-73.999535
40.714268,-74.00695
40.71382,-74.00837
40.716576,-74.01613
40.71494,-74.01013
40.716576,-74.01613
40.716576,-74.01613
40.713776,-74.01293
40.714615,-74.00636
40.716576,-74.01613
40.713776,-74.01293
40.715965,-74.00831
40.716576,-74.01613
40.7101,-74.006935
40.716576,-74.01613
40.711464,-74.007034
40.71637,-74.00339
40.714,-74.005135
40.713737,-74.00001
40.716576,-74.01613
40.717842,-74.003685
40.714615,-74.00636
40.71405,-74.01288
40.71405,-74.01288
40.71253,-73.99985
40.72084,-74.00256
40.716637,-74.00487
40.709866,-74.0162
40.713676,-74.007324
40.709965,-74.004135
40.721767,-73.99842
40.722416,-74.00166
40.719524,-74.009
40.713676,-74.007324
40.709866,-74.0162
40.716637,-74.00487
40.717842,-74.003685
40.713676,-74.007324
40.713737,-74.00001
40.72147,-74.008675
40.720104,-74.00358
40.71563,-74.012115
40.716434,-74.01626
40.709866,-74.0162
40.714268,-74.00696
40.716576,-74.01613
40.719566,-74.00836
40.716576,-74.01613
40.709866,-74.0162
40.711464,-74.007034
40.716434,-74.0072
40.716812,-74.00354
40.715954,-74.008354
40.709522,-74.00243
40.70974,-74.00662
40.70828,-74.00683
40.705185,-74.00789
40.708916,-74.001724
40.705185,-74.00789
40.709526,-74.00243
40.709034,-74.004684
40.709034,-74.004684
40.70517,-74.008484
40.709526,-74.00243
40.70517,-74.008484
40.705185,-74.00789
40.708015,-74.00591
40.708015,-74.00591
40.709034,-74.004684
40.70904,-74.0017
40.709007,-74.00727
40.708015,-74.00591
40.70911,-74.00635
40.705185,-74.00789
40.697685,-73.9969
40.697685,-73.9969
40.697685,-73.9969
40.697685,-73.9969
40.70003,-73.999016
40.70003,-73.999016
40.81877,-73.813866
40.81225,-73.82383
40.81965,-73.81468
40.815006,-73.80067
40.810043,-73.80554
40.815834,-73.81589
40.81897,-73.80592
40.813526,-73.80776
40.817375,-73.819725
40.81455,-73.82543
40.81174,-73.80436
40.81621,-73.81945
40.811726,-73.804375
40.81491,-73.81544
40.81906,-73.80576
40.816566,-73.80069
40.81897,-73.80592
40.822067,-73.806145
40.81981,-73.82158
40.815205,-73.81559
40.81325,-73.80847
40.820244,-73.80938
40.82263,-73.80952
40.81208,-73.928085
40.81517,-73.93684
40.822163,-73.94362
40.812893,-73.9449
40.81636,-73.945465
40.81629,-73.94037
40.817883,-73.938644
40.823227,-73.94356
40.81949,-73.94477
40.8163,-73.94782
40.819225,-73.94478
40.81956,-73.940994
40.81636,-73.945465
40.812893,-73.9449
40.8163,-73.94782
40.81449,-73.94842
40.815407,-73.944664
40.8179,-73.94226
40.811047,-73.949814
40.817947,-73.94507
40.8163,-73.94782
40.81824,-73.94569
40.81517,-73.93684
40.811707,-73.94215
40.816795,-73.94228
40.81629,-73.94037
40.809673,-73.80273
40.80995,-73.80218
40.8109,-73.803665
40.819992,-73.81869
40.81516,-73.82578
40.81375,-73.80771
40.815685,-73.81976
40.817757,-73.81894
40.82176,-73.8202
40.81906,-73.80576
40.798527,-73.818665
40.82176,-73.8202
40.79839,-73.81837
40.81424,-73.82011
40.82086,-73.81795
40.82015,-73.809586
40.81906,-73.80576
40.817535,-73.81314
40.817535,-73.81193
40.809708,-73.80189
40.814182,-73.812355
40.816998,-73.8195
40.812588,-73.80862
40.817,-73.8195
40.817535,-73.81314
40.81622,-73.808495
40.815586,-73.82294
40.81361,-73.82379
40.816223,-73.80125
40.815266,-73.80215
40.811157,-73.80707
40.817436,-73.81549
40.814674,-73.82021
40.81729,-73.82222
40.81345,-73.80128
40.81361,-73.82379
40.812164,-73.807526
40.813656,-73.82406
40.81599,-73.81891
40.82212,-73.80752
40.81534,-73.80203
40.817257,-73.81179
40.81092,-73.80683
40.815334,-73.82098
40.813686,-73.81011
40.813606,-73.80964
40.816162,-73.81841
40.799168,-73.82009
40.816414,-73.81058
40.81429,-73.82527
40.816154,-73.82004
40.812828,-73.80719
40.810947,-73.80562
40.81906,-73.80576
40.81741,-73.81231
40.813656,-73.82406
40.809837,-73.80303
40.820026,-73.821304
40.81693,-73.820885
40.816322,-73.82259
40.809727,-73.80269
40.81225,-73.82383
40.815563,-73.82505
40.8099,-73.80288
40.81642,-73.810455
40.814484,-73.81667
40.816307,-73.82219
40.816353,-73.82222
40.82027,-73.80813
40.814354,-73.8203
40.81556,-73.82504
40.818386,-73.821754
40.81604,-73.80094
40.81377,-73.812256
40.816635,-73.81703
40.79868,-73.818504
40.818977,-73.80507
40.817307,-73.81181
40.81706,-73.80233
40.816605,-73.818665
40.81329,-73.809654
40.820137,-73.809044
40.8101,-73.805626
40.822567,-73.809
40.810757,-73.80665
40.820957,-73.80742
40.812435,-73.80697
40.81225,-73.82383
40.821198,-73.82138
40.81131,-73.80553
40.81696,-73.80947
40.79841,-73.81678
40.817226,-73.80725
40.81241,-73.80749
40.82091,-73.80817
40.81387,-73.81092
40.82176,-73.808044
40.81897,-73.80592
40.810955,-73.80602
40.813305,-73.82705
40.805904,-73.853645
40.805904,-73.853645
40.808422,-73.854744
40.80981,-73.857994
40.82148,-73.85455
40.81969,-73.86286
40.806145,-73.852356
40.809116,-73.85782
40.81654,-73.85963
40.815582,-73.84801
40.80797,-73.85421
40.80797,-73.85421
40.805225,-73.85269
40.806145,-73.852356
40.80869,-73.8569
40.810402,-73.85778
40.816776,-73.846664
40.80713,-73.854195
40.820324,-73.875755
40.820145,-73.866196
40.81372,-73.86184
40.81478,-73.860176
40.805904,-73.853645
40.82213,-73.84975
40.805904,-73.853645
40.805904,-73.853645
40.814762,-73.861565
40.810165,-73.85086
40.810173,-73.85869
40.80797,-73.85421
40.8223,-73.84692
40.822598,-73.86096
40.805656,-73.85058
40.821598,-73.87332
40.821247,-73.87598
40.807617,-73.85077
40.822037,-73.87812
40.80629,-73.85623
40.806145,-73.852356
40.805904,-73.853645
40.806145,-73.852356
40.81028,-73.85872
40.822598,-73.86096
40.81496,-73.84786
40.814945,-73.8576
40.81623,-73.85072
40.821777,-73.85267
40.820324,-73.875755
40.805904,-73.853645
40.822105,-73.848045
40.820324,-73.875755
40.822598,-73.86096
40.808147,-73.85683
40.80797,-73.85421
40.809376,-73.857
40.80826,-73.85775
40.822598,-73.86096
40.81025,-73.85823
40.805656,-73.85058
40.805225,-73.85269
40.806873,-73.85495
40.805904,-73.853645
40.81635,-73.857666
40.810265,-73.85473
40.805225,-73.85269
40.806145,-73.852356
40.82151,-73.847466
40.805225,-73.85269
40.807907,-73.85158
40.821598,-73.87332
40.80831,-73.85046
40.800232,-73.95668
40.805794,-73.967155
40.80439,-73.967964
40.802914,-73.96811
40.805794,-73.967155
40.808105,-73.95169
40.808567,-73.95565
40.79839,-73.97131
40.801025,-73.959335
40.8073,-73.96666
40.80553,-73.96732
40.79871,-73.96787
40.80553,-73.96732
40.805794,-73.967155
40.79839,-73.97131
40.800697,-73.95916
40.801228,-73.95922
40.802814,-73.96672
40.80745,-73.95012
40.80891,-73.96523
40.802814,-73.96672
40.79902,-73.959984
40.805206,-73.9669
40.82294,-73.86072
40.821598,-73.87332
40.822598,-73.86096
40.807426,-73.85622
40.823006,-73.85506
40.81138,-73.85939
40.80797,-73.85421
40.816357,-73.84985
40.82302,-73.854935
40.805904,-73.853645
40.80797,-73.85421
40.82058,-73.87322
40.820683,-73.8731
40.806793,-73.855255
40.805656,-73.85058
40.808006,-73.8509
40.81516,-73.84635
40.816402,-73.84603
40.814976,-73.84848
40.821346,-73.87583
40.811867,-73.85533
40.821247,-73.87598
40.821598,-73.87332
40.806953,-73.85612
40.805904,-73.853645
40.821598,-73.87332
40.812073,-73.85364
40.806145,-73.852356
40.812515,-73.85774
40.75819,-73.87961
40.772526,-73.89051
40.750553,-73.88652
40.74822,-73.91097
40.765167,-73.91065
40.772614,-73.89044
40.753998,-73.88115
40.7669,-73.92465
40.748672,-73.879524
40.75357,-73.88027
40.74885,-73.91105
40.74986,-73.89298
40.749397,-73.87966
40.769585,-73.89172
40.760788,-73.88443
40.74986,-73.89298
40.765068,-73.92559
40.76829,-73.91237
40.752766,-73.89227
40.753338,-73.88606
40.74946,-73.91715
40.750656,-73.89382
40.753998,-73.88115
40.76287,-73.88007
40.7572,-73.90534
40.7542,-73.88592
40.763042,-73.9061
40.772438,-73.88935
40.7516,-73.88646
40.769123,-73.92389
40.75158,-73.88327
40.751034,-73.88726
40.759052,-73.90537
40.74868,-73.78706
40.753597,-73.786446
40.75056,-73.789566
40.757362,-73.80874
40.75018,-73.791466
40.756714,-73.79911
40.75727,-73.78589
40.756756,-73.798164
40.754696,-73.80069
40.749596,-73.78681
40.75816,-73.80211
40.75727,-73.78589
40.75322,-73.80616
40.749123,-73.79507
40.756958,-73.793594
40.751015,-73.8046
40.750427,-73.79089
40.755867,-73.788925
40.75525,-73.79231
40.758842,-73.80826
40.75404,-73.797585
40.759785,-73.78805
40.758816,-73.78608
40.75886,-73.79886
40.75632,-73.80897
40.74837,-73.793526
40.749584,-73.78759
40.753635,-73.78587
40.748886,-73.794044
40.748806,-73.792656
40.751015,-73.79078
40.76021,-73.791824
40.760204,-73.8005
40.75295,-73.82199
40.751232,-73.821365
40.751232,-73.821365
40.751232,-73.821365
40.75213,-73.82135
40.751232,-73.821365
40.752335,-73.826324
40.751232,-73.821365
40.753845,-73.82618
40.753326,-73.82636
40.751232,-73.821365
40.748714,-73.829994
40.753326,-73.826485
40.753242,-73.82538
40.751232,-73.821365
40.751232,-73.821365
40.752518,-73.82353
40.753326,-73.82636
40.751232,-73.821365
40.752483,-73.823326
40.751232,-73.821365
40.751232,-73.821365
40.75278,-73.830246
40.7502,-73.8227
40.75278,-73.830246
40.751232,-73.821365
40.7738,-73.8311
40.7925,-73.80075
40.780468,-73.79512
40.784447,-73.82278
40.77334,-73.82618
40.794476,-73.79573
40.779083,-73.815414
40.79374,-73.797066
40.7855,-73.8109
40.791744,-73.8222
40.775814,-73.803764
40.780807,-73.79332
40.77464,-73.82683
40.793545,-73.79598
40.757893,-73.823135
40.758068,-73.82561
40.755993,-73.8293
40.75474,-73.82266
40.75637,-73.82315
40.758068,-73.82561
40.76876,-73.95718
40.75568,-73.968216
40.76244,-73.9626
40.76784,-73.96306
40.77197,-73.94832
40.771637,-73.9483
40.755344,-73.96285
40.7581,-73.86241
40.757008,-73.87739
40.755707,-73.875916
40.74945,-73.877914
40.75559,-73.86699
40.756783,-73.83324
40.758442,-73.877365
40.750893,-73.8613
40.75634,-73.87792
40.757084,-73.835594
40.755905,-73.836685
40.754543,-73.87881
40.763958,-73.832596
40.765804,-73.87819
40.757946,-73.86523
40.755882,-73.875145
40.757008,-73.87738
40.760277,-73.833916
40.764633,-73.87172
40.763958,-73.832596
40.764496,-73.868225
40.755684,-73.87701
40.760277,-73.833916
40.751358,-73.8684
40.75837,-73.87924
40.765614,-73.86742
40.76518,-73.87371
40.762302,-73.8687
40.757797,-73.8572
40.743313,-73.92328
40.74466,-73.91827
40.741844,-73.88354
40.745075,-73.92319
40.742775,-73.8844
40.74121,-73.881676
40.74245,-73.880035
40.74169,-73.901886
40.742,-73.88331
40.7412,-73.88222
40.741676,-73.88339
40.73167,-73.89363
40.73606,-73.88033
40.73246,-73.886185
40.746346,-73.88301
40.74534,-73.88119
40.74708,-73.91203
40.737953,-73.92242
40.747055,-73.91126
40.745262,-73.88083
40.74245,-73.880035
40.742943,-73.88429
40.74388,-73.89402
40.733242,-73.88899
40.74697,-73.910545
40.7441,-73.89794
40.747055,-73.91126
40.747288,-73.91293
40.743694,-73.880875
40.74697,-73.910545
40.746143,-73.9073
40.73753,-73.926315
40.77696,-73.848
40.787613,-73.84401
40.786358,-73.8456
40.788612,-73.84468
40.78604,-73.849556
40.784634,-73.85632
40.787243,-73.83282
40.79511,-73.84755
40.7859,-73.848595
40.793926,-73.846245
40.791733,-73.84966
40.792698,-73.84639
40.78381,-73.85667
40.77935,-73.84452
40.79304,-73.84652
40.792507,-73.84857
40.786034,-73.83458
40.77466,-73.84574
40.78654,-73.85242
40.784695,-73.8515
40.785793,-73.851295
40.776215,-73.84871
40.793777,-73.843895
40.7859,-73.84861
40.77631,-73.84153
40.79304,-73.84652
40.78594,-73.84132
40.785923,-73.84023
40.776592,-73.84688
40.791412,-73.85074
40.784824,-73.84767
40.77928,-73.841805
40.7828,-73.84468
40.759396,-73.81995
40.759113,-73.817314
40.760162,-73.82034
40.756958,-73.81985
40.760105,-73.82031
40.75935,-73.8198
40.75819,-73.82012
40.75913,-73.81879
40.75453,-73.82074
40.759026,-73.819496
40.75507,-73.809135
40.75805,-73.8132
40.75462,-73.82065
40.75832,-73.81945
40.759026,-73.819496
40.759026,-73.819496
40.758728,-73.81829
40.758728,-73.8183
40.75552,-73.819466
40.759758,-73.81999
40.759113,-73.817314
40.754097,-73.82009
40.759205,-73.82037
40.754097,-73.82009
40.75904,-73.81236
40.759644,-73.81326
40.759674,-73.81947
40.754097,-73.82009
40.759758,-73.81999
40.75868,-73.81874
40.759186,-73.817894
40.75611,-73.8105
40.759026,-73.819496
40.75812,-73.81453
40.758766,-73.81943
40.759907,-73.81959
40.759907,-73.81959
40.759674,-73.81947
40.77761,-73.84445
40.7914,-73.83897
40.787243,-73.85052
40.782276,-73.844986
40.78284,-73.84441
40.788597,-73.84997
40.77641,-73.84234
40.792416,-73.84845
40.78407,-73.84307
40.78088,-73.84144
40.79361,-73.846306
40.77948,-73.84578
40.7875,-73.84949
40.794334,-73.846405
40.79082,-73.84514
40.792892,-73.8451
40.787434,-73.849495
40.78995,-73.846275
40.788998,-73.843925
40.7766,-73.84869
40.77608,-73.845985
40.788387,-73.83848
40.775475,-73.84578
40.78674,-73.8521
40.788612,-73.84944
40.79247,-73.83933
40.78674,-73.8521
40.776535,-73.848694
40.79066,-73.852264
40.779175,-73.846214
40.779,-73.845436
40.777245,-73.84639
40.78804,-73.850815
40.788708,-73.84909
40.77076,-73.82073
40.766666,-73.81573
40.771355,-73.8122
40.772873,-73.812836
40.772366,-73.81292
40.769463,-73.81492
40.77135,-73.82066
40.76904,-73.80912
40.771866,-73.80913
40.7703,-73.8186
40.766666,-73.81573
40.77004,-73.81646
40.768494,-73.81267
40.766705,-73.81142
40.766884,-73.81813
40.76842,-73.811676
40.76836,-73.81083
40.772003,-73.81541
40.77243,-73.81171
40.77242,-73.81156
40.766876,-73.81043
40.772343,-73.81059
40.77045,-73.80952
40.76707,-73.813995
40.770836,-73.8118
40.76867,-73.81899
40.77214,-73.81944
40.769676,-73.81436
40.769726,-73.81072
40.768772,-73.816185
40.770725,-73.820175
40.76993,-73.81345
40.769665,-73.80988
40.747696,-73.813545
40.751408,-73.81265
40.74954,-73.81393
40.74961,-73.81187
40.75105,-73.81875
40.753693,-73.81906
40.748413,-73.81592
40.748413,-73.81592
40.75295,-73.82064
40.749756,-73.81221
40.750378,-73.815475
40.75283,-73.80943
40.75077,-73.81413
40.750664,-73.81687
40.750908,-73.81666
40.750553,-73.809814
40.751175,-73.818985
40.75296,-73.81825
40.75117,-73.818985
40.753487,-73.80992
40.75352,-73.819885
40.753193,-73.819824
40.75295,-73.82064
40.753647,-73.82077
40.753452,-73.82017
40.753296,-73.811165
40.75399,-73.81771
40.75142,-73.81653
40.75117,-73.818985
40.748234,-73.81611
40.752083,-73.81442
40.75287,-73.82037
40.75105,-73.81875
40.753567,-73.815025
40.75182,-73.80921
40.753647,-73.82077
40.773632,-73.847855
40.788174,-73.85082
40.785988,-73.84207
40.77665,-73.84807
40.79361,-73.846306
40.79357,-73.845
40.784588,-73.842316
40.786015,-73.851654
40.774597,-73.84375
40.791664,-73.83894
40.777443,-73.84011
40.79063,-73.848724
40.77547,-73.84567
40.793434,-73.84238
40.79128,-73.850624
40.785774,-73.851295
40.785557,-73.84464
40.790257,-73.853195
40.790108,-73.851654
40.77638,-73.84853
40.77821,-73.84705
40.792984,-73.839806
40.776196,-73.847755
40.788708,-73.849976
40.786533,-73.8423
40.790195,-73.85314
40.78873,-73.84738
40.79259,-73.84353
40.79247,-73.83933
40.753925,-73.86081
40.757824,-73.85731
40.760277,-73.833916
40.752903,-73.875206
40.768486,-73.873314
40.75949,-73.87467
40.757084,-73.835594
40.756138,-73.837685
40.757805,-73.834404
40.759895,-73.876015
40.75009,-73.86546
40.759644,-73.87665
40.75514,-73.87691
40.757797,-73.8572
40.751736,-73.83489
40.757805,-73.834404
40.756138,-73.837685
40.757797,-73.8572
40.75654,-73.83745
40.75654,-73.83745
40.758038,-73.85627
40.756237,-73.877106
40.755783,-73.876076
40.770237,-73.87587
40.767593,-73.87107
40.76108,-73.83315
40.735683,-73.84911
40.735683,-73.84911
40.735683,-73.84911
40.735523,-73.85072
40.744095,-73.83295
40.736015,-73.84942
40.736015,-73.84942
40.735588,-73.84904
40.73595,-73.84926
40.735588,-73.84904
40.7369,-73.84845
40.73595,-73.84926
40.735588,-73.84904
40.74075,-73.85363
40.73885,-73.855225
40.73833,-73.85243
40.735588,-73.84904
40.73871,-73.85278
40.73595,-73.84926
40.735683,-73.84911
40.736015,-73.84942
40.735588,-73.84904
40.743107,-73.84845
40.737747,-73.84746
40.73775,-73.84746
40.735523,-73.85072
40.73576,-73.85151
40.735523,-73.85072
40.739494,-73.8535
40.73885,-73.855225
40.73871,-73.85278
40.769753,-73.830086
40.768112,-73.82277
40.76854,-73.83009
40.772915,-73.825134
40.769485,-73.827675
40.76858,-73.82711
40.769688,-73.82917
40.769753,-73.830086
40.769302,-73.82881
40.76858,-73.82711
40.76858,-73.82711
40.76769,-73.82562
40.766727,-73.82642
40.76858,-73.82711
40.771107,-73.83132
40.769688,-73.82917
40.77009,-73.83132
40.767178,-73.825386
40.769135,-73.82698
40.7676,-73.8278
40.769135,-73.82698
40.767937,-73.8278
40.76858,-73.82711
40.770863,-73.82787
40.768932,-73.8293
40.772064,-73.82436
40.77015,-73.82881
40.77071,-73.82862
40.770367,-73.829994
40.769753,-73.830086
40.7676,-73.8278
40.764526,-73.831985
40.764572,-73.82553
40.762035,-73.82209
40.763836,-73.82768
40.763836,-73.82768
40.762398,-73.82268
40.762398,-73.82268
40.72304,-73.877625
40.72702,-73.85727
40.732662,-73.860405
40.73303,-73.85721
40.724117,-73.87734
40.72645,-73.85938
40.727722,-73.85863
40.731167,-73.85684
40.73043,-73.87895
40.72249,-73.857635
40.734467,-73.86013
40.73096,-73.85625
40.73241,-73.86132
40.731167,-73.85684
40.729053,-73.86372
40.733643,-73.85926
40.734436,-73.85904
40.723236,-73.862785
40.725903,-73.86007
40.730145,-73.85979
40.72718,-73.86104
40.726055,-73.85614
40.72975,-73.86342
40.72778,-73.85935
40.734436,-73.85904
40.732662,-73.860405
40.730145,-73.85979
40.728542,-73.87284
40.734436,-73.85904
40.734436,-73.85904
40.72271,-73.85757
40.72365,-73.862785
40.733578,-73.85903
40.727436,-73.86835
40.731606,-73.876144
40.726704,-73.874626
40.73084,-73.856804
40.731377,-73.86777
40.733124,-73.876816
40.724373,-73.87492
40.725903,-73.86007
40.733086,-73.87437
40.7335,-73.8592
40.731373,-73.86036
40.724747,-73.87235
40.73183,-73.8578
40.731827,-73.87627
40.726456,-73.85939
40.73391,-73.86034
40.730408,-73.85683
40.725075,-73.874054
40.72752,-73.85891
40.731358,-73.86746
40.727585,-73.86067
40.732235,-73.858894
40.72645,-73.85938
40.72721,-73.86312
40.723278,-73.87371
40.73227,-73.85988
40.73287,-73.86034
40.733337,-73.858734
40.723656,-73.87732
40.727055,-73.86275
40.73029,-73.8585
40.734097,-73.86232
40.734436,-73.85904
40.734623,-73.86533
40.733578,-73.85903
40.72328,-73.87338
40.724243,-73.878586
40.73062,-73.85779
40.730408,-73.85683
40.731865,-73.857895
40.723415,-73.87569
40.726696,-73.86631
40.72316,-73.86745
40.731373,-73.86036
40.725903,-73.86007
40.72345,-73.85622
40.72313,-73.85771
40.734436,-73.85904
40.72273,-73.87737
40.725693,-73.85886
40.726017,-73.858864
40.72794,-73.85914
40.73129,-73.85773
40.734097,-73.86232
40.723686,-73.87642
40.72798,-73.86985
40.733627,-73.859604
40.733845,-73.86188
40.723675,-73.87513
40.725903,-73.86007
40.730015,-73.857254
40.730938,-73.85672
40.72313,-73.85771
40.732967,-73.85857
40.730076,-73.85794
40.733627,-73.859604
40.723087,-73.87652
40.72563,-73.87277
40.726467,-73.87607
40.726547,-73.86074
40.732967,-73.85857
40.722885,-73.86694
40.73029,-73.85811
40.73018,-73.856705
40.727707,-73.86065
40.730625,-73.85779
40.73012,-73.85978
40.729366,-73.86954
40.73241,-73.86132
40.728287,-73.867805
40.72568,-73.85726
40.7285,-73.87381
40.735027,-73.866165
40.72721,-73.86312
40.732967,-73.85857
40.728848,-73.86198
40.73184,-73.859634
40.734467,-73.86013
40.727707,-73.86065
40.72436,-73.86105
40.726913,-73.868904
40.72822,-73.87327
40.729946,-73.86462
40.73026,-73.86578
40.731007,-73.85739
40.72645,-73.85938
40.724483,-73.86966
40.73182,-73.86889
40.7306,-73.86668
40.72986,-73.86439
40.72313,-73.85753
40.725475,-73.856705
40.72985,-73.857796
40.733047,-73.86121
40.722794,-73.87629
40.73184,-73.859634
40.72902,-73.86142
40.730633,-73.85694
40.72642,-73.86741
40.733643,-73.85926
40.73187,-73.85711
40.726177,-73.85799
40.7306,-73.86668
40.727364,-73.873
40.7306,-73.86668
40.733845,-73.86188
40.733685,-73.86023
40.733448,-73.86199
40.728935,-73.86221
40.734463,-73.8654
40.728954,-73.86156
40.73501,-73.8781
40.73241,-73.86132
40.72612,-73.85924
40.724342,-73.877525
40.72645,-73.85938
40.7306,-73.86668
40.72689,-73.869255
40.727364,-73.873
40.723064,-73.8765
40.722687,-73.87815
40.72291,-73.87528
40.732967,-73.85857
40.73241,-73.86132
40.730206,-73.871864
40.723156,-73.86965
40.733448,-73.86199
40.733578,-73.85903
40.732216,-73.866974
40.730377,-73.87281
40.72408,-73.85821
40.73338,-73.86214
40.732155,-73.85858
40.726173,-73.87482
40.723156,-73.85632
40.73091,-73.86082
40.72365,-73.862785
40.728508,-73.86845
40.726574,-73.87318
40.73187,-73.85711
40.72842,-73.86011
40.733845,-73.86188
40.73184,-73.859634
40.72895,-73.86156
40.72985,-73.857796
40.73183,-73.8578
40.72804,-73.87
40.728046,-73.86955
40.72345,-73.85622
40.734463,-73.8654
40.733448,-73.86199
40.728973,-73.86382
40.732235,-73.858894
40.733578,-73.85903
40.732967,-73.85857
40.73184,-73.859634
40.731007,-73.85739
40.723885,-73.87496
40.734303,-73.85996
40.733627,-73.859604
40.72895,-73.86156
40.734436,-73.85904
40.72906,-73.86438
40.72679,-73.85881
40.726532,-73.860695
40.73183,-73.8578
40.733448,-73.86199
40.72645,-73.85938
40.726387,-73.86148
40.79082,-73.8487
40.789,-73.84282
40.787647,-73.84697
40.790257,-73.85168
40.790257,-73.853195
40.793728,-73.84392
40.785088,-73.84839
40.79415,-73.846405
40.79248,-73.84848
40.791275,-73.84752
40.7827,-73.84575
40.774174,-73.84471
40.7926,-73.848114
40.792465,-73.83983
40.793575,-73.843956
40.774193,-73.845245
40.776527,-73.845955
40.791683,-73.84637
40.777473,-73.839554
40.785065,-73.85674
40.790318,-73.85196
40.781303,-73.8426
40.79335,-73.8447
40.733643,-73.85926
40.732662,-73.860405
40.73184,-73.859634
40.730026,-73.86876
40.73183,-73.8578
40.730843,-73.85789
40.731182,-73.86787
40.72648,-73.85763
40.72546,-73.86802
40.732235,-73.858894
40.73137,-73.856155
40.728672,-73.867645
40.73129,-73.85773
40.73451,-73.8595
40.732967,-73.85857
40.726673,-73.86054
40.726387,-73.86148
40.732967,-73.85857
40.73451,-73.8595
40.734436,-73.85904
40.7306,-73.86668
40.73197,-73.857895
40.731182,-73.86787
40.72914,-73.87731
40.734436,-73.85904
40.72631,-73.85951
40.733643,-73.85926
40.72994,-73.8589
40.725906,-73.85755
40.725906,-73.85755
40.72895,-73.86156
40.725536,-73.85964
40.733627,-73.859604
40.731167,-73.85684
40.733322,-73.85747
40.72546,-73.86688
40.731167,-73.86759
40.731182,-73.85762
40.73612,-73.868645
40.74561,-73.862495
40.73815,-73.862335
40.736732,-73.86895
40.738884,-73.87612
40.737602,-73.85692
40.74536,-73.86289
40.738136,-73.8582
40.73847,-73.87877
40.738853,-73.86053
40.738434,-73.861465
40.74075,-73.871666
40.73527,-73.86573
40.7456,-73.874306
40.735207,-73.8666
40.74089,-73.87872
40.739178,-73.87447
40.736557,-73.85886
40.738804,-73.87838
40.73527,-73.86573
40.738277,-73.86171
40.736282,-73.865845
40.74622,-73.87081
40.74547,-73.857796
40.737885,-73.87062
40.73581,-73.86608
40.745617,-73.86248
40.737366,-73.87892
40.738804,-73.87838
40.73609,-73.86555
40.738106,-73.87464
40.73659,-73.873276
40.737366,-73.87892
40.73612,-73.868645
40.739017,-73.87052
40.737465,-73.85759
40.730465,-73.832855
40.731228,-73.84423
40.729534,-73.842995
40.729298,-73.84302
40.726192,-73.85399
40.72335,-73.844864
40.723442,-73.847115
40.726974,-73.8495
40.726616,-73.84635
40.724667,-73.85168
40.728535,-73.85138
40.723396,-73.84686
40.727047,-73.84978
40.724392,-73.854126
40.728603,-73.8505
40.727905,-73.853096
40.727936,-73.849396
40.72601,-73.87642
40.731865,-73.857895
40.731865,-73.857895
40.7302,-73.8582
40.730335,-73.87041
40.734097,-73.86232
40.734837,-73.85968
40.733643,-73.85926
40.733944,-73.86037
40.733627,-73.859604
40.729576,-73.86361
40.734837,-73.85968
40.72601,-73.87642
40.727173,-73.858536
40.72985,-73.857796
40.724236,-73.87743
40.72902,-73.86142
40.724678,-73.872925
40.730186,-73.858795
40.724285,-73.876076
40.728848,-73.86198
40.733845,-73.86188
40.730583,-73.86693
40.729652,-73.85844
40.732235,-73.858894
40.72963,-73.85816
40.73451,-73.8595
40.72784,-73.86969
40.72313,-73.85771
40.7306,-73.86668
40.728935,-73.86221
40.731586,-73.87617
40.726547,-73.87652
40.74527,-73.78575
40.737064,-73.78992
40.74697,-73.78756
40.742016,-73.80715
40.741673,-73.79356
40.744133,-73.79265
40.74725,-73.802315
40.742657,-73.795586
40.744907,-73.78625
40.747375,-73.80104
40.743458,-73.788956
40.746925,-73.80067
40.739365,-73.80559
40.74725,-73.78972
40.744087,-73.79226
40.74729,-73.80198
40.744717,-73.793564
40.739887,-73.79461
40.73865,-73.79818
40.7443,-73.7921
40.74224,-73.790375
40.745636,-73.787926
40.74754,-73.79505
40.74417,-73.7923
40.741222,-73.79133
40.740246,-73.79635
40.74696,-73.79045
40.72246,-73.840614
40.72246,-73.840614
40.7284,-73.8409
40.72246,-73.840614
40.72246,-73.840614
40.72246,-73.840614
40.722713,-73.84226
40.72246,-73.840614
40.72246,-73.840614
40.72246,-73.840614
40.72246,-73.840614
40.722717,-73.84226
40.722717,-73.84226
40.724586,-73.84423
40.72416,-73.83879
40.72246,-73.840614
40.724712,-73.84122
40.725307,-73.84179
40.722713,-73.84226
40.722713,-73.84226
40.72246,-73.840614
40.722588,-73.84249
40.72246,-73.840614
40.722588,-73.84249
40.722713,-73.84226
40.723152,-73.841324
40.722713,-73.84226
40.72246,-73.840614
40.72246,-73.840614
40.72246,-73.840614
40.735092,-73.86594
40.737865,-73.8731
40.738277,-73.86171
40.738934,-73.87729
40.738804,-73.87838
40.735207,-73.8666
40.738693,-73.8704
40.744385,-73.856766
40.738335,-73.85808
40.73662,-73.87528
40.738934,-73.87729
40.73815,-73.862335
40.73657,-73.87063
40.738804,-73.87838
40.73847,-73.87877
40.73903,-73.87785
40.73815,-73.862335
40.738297,-73.87708
40.74203,-73.87949
40.740116,-73.857925
40.73716,-73.87939
40.73716,-73.87939
40.738262,-73.87671
40.738297,-73.87708
40.735207,-73.8666
40.74447,-73.85672
40.738106,-73.87464
40.738297,-73.87708
40.738735,-73.86744
40.73777,-73.859116
40.738804,-73.87838
40.742744,-73.8727
40.740246,-73.874916
40.738297,-73.87708
40.73677,-73.87853
40.738884,-73.87612
40.738262,-73.87671
40.73612,-73.868645
40.737465,-73.85759
40.737362,-73.87891
40.738857,-73.86053
40.745804,-73.877464
40.735096,-73.86594
40.739784,-73.87906
40.73566,-73.87794
40.73754,-73.856415
40.738884,-73.87612
40.737602,-73.85692
40.737053,-73.857185
40.745804,-73.877464
40.74146,-73.8606
40.74522,-73.87325
40.745457,-73.87324
40.740894,-73.858604
40.735287,-73.866554
40.73826,-73.878586
40.741707,-73.860435
40.735813,-73.86608
40.737778,-73.87359
40.737778,-73.87359
40.74522,-73.87325
40.739784,-73.87906
40.738804,-73.87838
40.738136,-73.8582
40.73581,-73.86608
40.738804,-73.87838
40.738335,-73.85808
40.74325,-73.86131
40.73603,-73.86837
40.738853,-73.86053
40.73701,-73.85909
40.735092,-73.86594
40.74203,-73.87949
40.740517,-73.86924
40.738453,-73.86624
40.73603,-73.86837
40.736607,-73.869026
40.740776,-73.86829
40.741592,-73.86156
40.73903,-73.87785
40.73657,-73.87063
40.739613,-73.85618
40.741074,-73.87848
40.738136,-73.8582
40.738335,-73.85808
40.73826,-73.878586
40.73659,-73.873276
40.73668,-73.87219
40.736607,-73.869026
40.737602,-73.85692
40.736443,-73.858315
40.738884,-73.87795
40.73903,-73.87785
40.740894,-73.858604
40.740288,-73.868866
40.738804,-73.87838
40.73657,-73.87063
40.738853,-73.86053
40.737465,-73.85759
40.73352,-73.81532
40.727543,-73.82496
40.731632,-73.82506
40.72927,-73.81674
40.73352,-73.81532
40.7257,-73.81142
40.724586,-73.82358
40.730812,-73.83009
40.73493,-73.8219
40.727703,-73.82552
40.728737,-73.817245
40.73352,-73.81532
40.730618,-73.829575
40.733585,-73.82215
40.728737,-73.817245
40.728638,-73.82365
40.73037,-73.82658
40.73352,-73.81532
40.734653,-73.82253
40.731647,-73.82712
40.728207,-73.83073
40.728825,-73.81963
40.733658,-73.815285
40.72932,-73.8186
40.729084,-73.831825
40.727898,-73.81715
40.72668,-73.826294
40.727898,-73.81715
40.733456,-73.81627
40.73095,-73.818794
40.729904,-73.829124
40.72919,-73.830414
40.728245,-73.82938
40.730297,-73.81741
40.72676,-73.82946
40.738277,-73.86171
40.73754,-73.856415
40.746235,-73.87069
40.73657,-73.87063
40.735207,-73.8666
40.73777,-73.859116
40.736862,-73.872505
40.736782,-73.872185
40.73866,-73.87849
40.741978,-73.86118
40.737713,-73.85649
40.73847,-73.87877
40.746796,-73.874466
40.73815,-73.862335
40.737778,-73.87359
40.736557,-73.85885
40.73581,-73.86608
40.735504,-73.86582
40.738884,-73.87795
40.74602,-73.87797
40.73903,-73.87785
40.746803,-73.87462
40.73847,-73.87877
40.746803,-73.87462
40.735207,-73.8666
40.738136,-73.8582
40.735096,-73.86594
40.738136,-73.8582
40.738335,-73.85808
40.752,-73.85259
40.748173,-73.867836
40.75734,-73.83421
40.756332,-73.83261
40.752026,-73.879166
40.762478,-73.87522
40.757755,-73.83498
40.755714,-73.876724
40.760544,-73.876816
40.755905,-73.87676
40.76613,-73.87298
40.75238,-73.86415
40.76403,-73.871666
40.755905,-73.87676
40.770763,-73.83267
40.756138,-73.837685
40.757046,-73.87929
40.759586,-73.86489
40.75551,-73.87295
40.760277,-73.833916
40.75656,-73.87749
40.757725,-73.87752
40.750088,-73.868286
40.750244,-73.85245
40.75656,-73.87749
40.755054,-73.833595
40.76327,-73.87246
40.74992,-73.86563
40.765823,-73.87776
40.756332,-73.87618
40.757973,-73.85678
40.754402,-73.877106
40.755783,-73.876076
40.757755,-73.87942
40.75873,-73.8639
40.754887,-73.83283
40.72994,-73.848946
40.731792,-73.85281
40.73199,-73.8515
40.734596,-73.85538
40.73072,-73.84993
40.731125,-73.84896
40.73199,-73.8515
40.730556,-73.84733
40.73082,-73.85053
40.730618,-73.84817
40.73117,-73.844826
40.730186,-73.85045
40.732315,-73.855515
40.73408,-73.847595
40.730465,-73.852356
40.733356,-73.8537
40.73499,-73.85065
40.73199,-73.8515
40.730465,-73.852356
40.729057,-73.84782
40.732674,-73.84792
40.73126,-73.84903
40.733356,-73.8537
40.73199,-73.854095
40.732815,-73.85047
40.73082,-73.85053
40.737465,-73.85759
40.74602,-73.87797
40.736782,-73.872185
40.738045,-73.8657
40.74274,-73.8688
40.73842,-73.859505
40.73657,-73.87063
40.742065,-73.87855
40.742897,-73.86906
40.738804,-73.87838
40.73727,-73.87625
40.738884,-73.87612
40.74213,-73.87413
40.738136,-73.8582
40.738335,-73.85808
40.746796,-73.874466
40.747475,-73.8745
40.74545,-73.871155
40.73662,-73.87528
40.738537,-73.87435
40.74602,-73.87797
40.74089,-73.87872
40.73847,-73.87877
40.738804,-73.87838
40.73826,-73.878586
40.74671,-73.87487
40.74203,-73.87949
40.738277,-73.86171
40.73662,-73.87528
40.739784,-73.87906
40.738136,-73.8582
40.735207,-73.8666
40.736607,-73.869026
40.74534,-73.85825
40.73796,-73.859276
40.73866,-73.87849
40.739178,-73.87447
40.738297,-73.87708
40.73603,-73.86837
40.74126,-73.859245
40.738262,-73.87671
40.73729,-73.858955
40.738804,-73.87838
40.73841,-73.86046
40.735207,-73.8666
40.73777,-73.859116
40.73921,-73.87083
40.73752,-73.858185
40.738464,-73.87433
40.741566,-73.869644
40.73826,-73.878586
40.73662,-73.87528
40.73662,-73.87528
40.74537,-73.87926
40.73647,-73.85834
40.738884,-73.87612
40.738262,-73.87671
40.7444,-73.8641
40.737175,-73.876465
40.735287,-73.866554
40.738884,-73.87612
40.73807,-73.86713
40.738884,-73.87795
40.7444,-73.8641
40.738262,-73.87671
40.738853,-73.86053
40.73903,-73.87785
40.738297,-73.87708
40.738827,-73.877396
40.728867,-73.81662
40.733658,-73.815285
40.73053,-73.8277
40.729145,-73.81745
40.733433,-73.81831
40.728905,-73.81985
40.730328,-73.83099
40.728226,-73.815994
40.729313,-73.82603
40.731644,-73.817055
40.731045,-73.818375
40.734005,-73.8227
40.731045,-73.818375
40.730846,-73.815735
40.72789,-73.822014
40.7265,-73.81794
40.73361,-73.815834
40.72927,-73.81674
40.732914,-73.82044
40.73351,-73.82274
40.728188,-73.80975
40.73135,-73.81803
40.731117,-73.825806
40.7235,-73.82557
40.729145,-73.81745
40.729145,-73.81745
40.730576,-73.82498
40.72381,-73.80974
40.732048,-73.82055
40.73083,-73.8174
40.722908,-73.82496
40.724663,-73.81898
40.730488,-73.832535
40.72652,-73.825836
40.734653,-73.82253
40.730396,-73.81653
40.722908,-73.82496
40.72676,-73.82946
40.727673,-73.81132
40.730373,-73.82739
40.731804,-73.816185
40.72262,-73.81654
40.72702,-73.82667
40.7294,-73.82637
40.722782,-73.81341
40.724747,-73.81965
40.730476,-73.82707
40.724617,-73.820076
40.729294,-73.818726
40.732555,-73.81745
40.731335,-73.82607
40.73352,-73.81532
40.732155,-73.81997
40.7325,-73.815186
40.732155,-73.81997
40.7325,-73.815186
40.732555,-73.81745
40.727512,-73.82744
40.72916,-73.8219
40.72676,-73.82946
40.726418,-73.82799
40.72696,-73.82279
40.73352,-73.81532
40.73372,-73.81699
40.728252,-73.82049
40.72479,-73.82223
40.724445,-73.818115
40.73493,-73.8219
40.73406,-73.82532
40.734715,-73.82328
40.728024,-73.82907
40.72975,-73.83206
40.733658,-73.815285
40.727833,-73.81586
40.730904,-73.82495
40.73008,-73.82797
40.733955,-73.81936
40.734715,-73.82328
40.7275,-73.81693
40.726833,-73.82075
40.731857,-73.81548
40.728893,-73.819885
40.72683,-73.8248
40.734715,-73.82328
40.727337,-73.81905
40.73275,-73.81671
40.73077,-73.82768
40.72835,-73.81148
40.73152,-73.8287
40.72906,-73.82322
40.73502,-73.82299
40.727936,-73.82052
40.72626,-73.82668
40.73352,-73.81532
40.72577,-73.82307
40.72445,-73.81195
40.728737,-73.817245
40.731815,-73.82092
40.72927,-73.81674
40.72676,-73.82946
40.7314,-73.82063
40.732006,-73.81899
40.733105,-73.818214
40.72676,-73.82946
40.728153,-73.820435
40.728237,-73.82047
40.733105,-73.818214
40.729218,-73.83077
40.726646,-73.80926
40.729576,-73.82722
40.727295,-73.82408
40.72676,-73.82946
40.723457,-73.8113
40.732384,-73.81572
40.73039,-73.82996
40.73009,-73.82772
40.732105,-73.818855
40.732105,-73.818855
40.73311,-73.82468
40.729572,-73.82557
40.733627,-73.81957
40.73021,-73.817566
40.728188,-73.80975
40.72743,-73.818756
40.731422,-73.81875
40.724487,-73.82684
40.727203,-73.82103
40.72676,-73.82946
40.731216,-73.81923
40.729385,-73.82902
40.7298,-73.82647
40.73366,-73.81766
40.729008,-73.83041
40.72295,-73.820755
40.728737,-73.817245
40.726624,-73.82967
40.732525,-73.82446
40.729145,-73.8284
40.729416,-73.81673
40.73329,-73.82446
40.731857,-73.81548
40.731857,-73.81548
40.73329,-73.82446
40.73253,-73.82336
40.728428,-73.82177
40.73373,-73.81709
40.72676,-73.82946
40.734715,-73.82328
40.73263,-73.817215
40.72835,-73.81148
40.732212,-73.82
40.733776,-73.81874
40.723568,-73.82522
40.724117,-73.811295
40.734715,-73.82328
40.72334,-73.8232
40.72609,-73.82032
40.732212,-73.82
40.768894,-73.806885
40.76639,-73.787994
40.762394,-73.78616
40.762505,-73.79921
40.765064,-73.806465
40.766724,-73.78765
40.769,-73.786934
40.769352,-73.80008
40.762684,-73.80716
40.766697,-73.80661
40.76768,-73.78727
40.771492,-73.806816
40.769676,-73.78996
40.768166,-73.79849
40.768055,-73.78831
40.76195,-73.791336
40.76455,-73.79074
40.76589,-73.78604
40.76299,-73.80441
40.762672,-73.795815
40.762672,-73.795815
40.761566,-73.79705
40.76589,-73.78604
40.76284,-73.8043
40.763214,-73.80469
40.769176,-73.80779
40.765526,-73.78615
40.77078,-73.80286
40.76213,-73.797424
40.76686,-73.791084
40.762535,-73.79585
40.76158,-73.79579
40.76361,-73.79854
40.7667,-73.78774
40.730003,-73.794495
40.728153,-73.79232
40.724644,-73.79075
40.730003,-73.80798
40.727943,-73.793106
40.729492,-73.80393
40.728737,-73.787094
40.729176,-73.79846
40.730316,-73.795074
40.72394,-73.78576
40.72799,-73.79944
40.725647,-73.796265
40.72949,-73.80402
40.732742,-73.79551
40.7242,-73.79872
40.72856,-73.805916
40.725643,-73.80592
40.72908,-73.80328
40.729645,-73.80649
40.728054,-73.80895
40.730152,-73.79875
40.72493,-73.8013
40.729305,-73.79153
40.724964,-73.805756
40.724983,-73.79518
40.72978,-73.80691
40.72899,-73.80726
40.72975,-73.80736
40.7271,-73.80538
40.72711,-73.79654
40.727947,-73.803825
40.727474,-73.8081
40.730587,-73.78787
40.728416,-73.80582
40.728153,-73.79232
40.73227,-73.7986
40.732742,-73.78985
40.73033,-73.80415
40.733032,-73.803024
40.732155,-73.80403
40.726086,-73.79816
40.728493,-73.786995
40.73305,-73.785805
40.72624,-73.8
40.72949,-73.792305
40.72738,-73.793755
40.729527,-73.79133
40.72637,-73.790985
40.72605,-73.79179
40.727715,-73.78763
40.731236,-73.80047
40.72696,-73.79924
40.728012,-73.78972
40.728657,-73.80369
40.724514,-73.78712
40.729557,-73.80776
40.72953,-73.798965
40.723534,-73.80069
40.729145,-73.806694
40.72828,-73.7869
40.72451,-73.78801
40.730515,-73.80224
40.731556,-73.79631
40.727253,-73.80371
40.73005,-73.80237
40.73178,-73.79498
40.729614,-73.808624
40.731087,-73.79553
40.73334,-73.79674
40.729946,-73.80825
40.74285,-73.822495
40.745903,-73.829796
40.74139,-73.81182
40.73759,-73.81077
40.745777,-73.8291
40.742012,-73.81744
40.742367,-73.8134
40.745106,-73.822876
40.739967,-73.82368
40.74686,-73.81401
40.739388,-73.829636
40.74021,-73.81762
40.739506,-73.82801
40.746758,-73.81418
40.73862,-73.83014
40.746845,-73.81344
40.746384,-73.831856
40.73963,-73.822205
40.740658,-73.82358
40.74408,-73.82928
40.741104,-73.812416
40.741516,-73.812386
40.74,-73.81061
40.74168,-73.8139
40.74383,-73.8191
40.74167,-73.81364
40.739616,-73.827354
40.7428,-73.824425
40.746834,-73.82841
40.743065,-73.821465
40.740597,-73.81786
40.743668,-73.81773
40.740948,-73.81891
40.743004,-73.82619
40.73961,-73.826866
40.742146,-73.81909
40.73365,-73.792274
40.73163,-73.80379
40.727097,-73.80018
40.726486,-73.79733
40.72687,-73.791504
40.729748,-73.78877
40.72939,-73.808205
40.734535,-73.7897
40.730873,-73.79388
40.729927,-73.79695
40.72657,-73.80171
40.727642,-73.78857
40.72856,-73.80642
40.729897,-73.80814
40.728756,-73.79589
40.726807,-73.78651
40.72978,-73.80691
40.733395,-73.79674
40.731327,-73.799576
40.73293,-73.80032
40.729984,-73.78956
40.72779,-73.78962
40.73336,-73.79674
40.732597,-73.78879
40.723846,-73.80632
40.729317,-73.808205
40.72702,-73.78929
40.729843,-73.80798
40.72519,-73.791145
40.72732,-73.80831
40.72858,-73.79586
40.72571,-73.80174
40.725227,-73.80336
40.725327,-73.7962
40.728718,-73.79686
40.73218,-73.7977
40.7317,-73.80135
40.72311,-73.80802
40.732777,-73.78986
40.72362,-73.80782
40.73205,-73.80314
40.733875,-73.788925
40.72708,-73.79159
40.733814,-73.78638
40.729824,-73.78725
40.72468,-73.796005
40.731007,-73.7984
40.73044,-73.80609
40.73396,-73.8039
40.733494,-73.79069
40.732025,-73.80042
40.724957,-73.79517
40.724968,-73.789375
40.732155,-73.791565
40.738297,-73.87708
40.74129,-73.86144
40.742832,-73.879456
40.739086,-73.8665
40.73847,-73.87877
40.73839,-73.878395
40.73727,-73.87625
40.73847,-73.87877
40.743374,-73.86144
40.744408,-73.86177
40.741344,-73.869026
40.735096,-73.86594
40.73729,-73.858955
40.747253,-73.86255
40.740982,-73.85814
40.737602,-73.85692
40.735092,-73.86594
40.73704,-73.85938
40.742313,-73.86955
40.738884,-73.87612
40.74089,-73.87872
40.73754,-73.856415
40.737053,-73.857185
40.741817,-73.86121
40.73704,-73.85938
40.737602,-73.85692
40.738136,-73.8582
40.741,-73.8788
40.7404,-73.876236
40.73826,-73.878586
40.746407,-73.87097
40.73657,-73.87063
40.738335,-73.85808
40.730473,-73.83058
40.723038,-73.82315
40.73072,-73.832184
40.72546,-73.81069
40.731438,-73.81718
40.73352,-73.81532
40.73151,-73.817276
40.734715,-73.82328
40.728024,-73.82907
40.723434,-73.81637
40.72727,-73.82019
40.73255,-73.81695
40.72469,-73.82363
40.72835,-73.81148
40.732594,-73.82047
40.731785,-73.82611
40.724575,-73.81769
40.733925,-73.819046
40.73502,-73.82299
40.73493,-73.8219
40.727028,-73.826996
40.733826,-73.81804
40.72248,-73.82247
40.722473,-73.817024
40.73271,-73.820816
40.725964,-73.825134
40.73037,-73.82658
40.728672,-73.82194
40.72566,-73.81828
40.734653,-73.82253
40.73275,-73.81671
40.724277,-73.82117
40.73156,-73.82891
40.72676,-73.82946
40.72683,-73.8248
40.730457,-73.80503
40.73465,-73.7974
40.73071,-73.787926
40.727222,-73.80405
40.73044,-73.80609
40.72405,-73.79868
40.727898,-73.805855
40.73382,-73.78911
40.726128,-73.791824
40.72592,-73.79813
40.724377,-73.800575
40.730606,-73.79535
40.722538,-73.80791
40.72247,-73.786415
40.727867,-73.804504
40.73302,-73.78799
40.73081,-73.78699
40.730606,-73.79535
40.724724,-73.79602
40.7242,-73.80235
40.73007,-73.79605
40.73007,-73.79605
40.723854,-73.802795
40.7327,-73.789825
40.729782,-73.807
40.727478,-73.80808
40.733868,-73.80391
40.730984,-73.79389
40.73503,-73.78794
40.723125,-73.80283
40.731056,-73.7861
40.723812,-73.79859
40.731,-73.79389
40.728844,-73.803825
40.723545,-73.805565
40.725334,-73.800735
40.726635,-73.80037
40.723217,-73.80298
40.64324,-73.97644
40.634727,-73.98144
40.646687,-73.974045
40.6431,-73.97716
40.634518,-73.9786
40.6424,-73.97457
40.641773,-73.97446
40.641773,-73.97446
40.64293,-73.97471
40.636726,-73.992966
40.646687,-73.974045
40.641197,-73.99456
40.641773,-73.97446
40.64339,-73.97598
40.63996,-73.97552
40.640675,-73.97412
40.64339,-73.97598
40.640675,-73.97412
40.64636,-73.97533
40.634514,-73.982666
40.64339,-73.97598
40.646687,-73.974045
40.639946,-73.97514
40.64086,-73.97524
40.63571,-73.99278
40.6424,-73.97457
40.63938,-73.99283
40.64339,-73.97598
40.638107,-73.99374
40.639927,-73.973885
40.640675,-73.97412
40.634285,-73.97395
40.644913,-73.97372
40.63654,-73.99206
40.638603,-73.98082
40.6431,-73.97716
40.643513,-73.994606
40.644913,-73.97372
40.646687,-73.974045
40.634605,-73.97602
40.63887,-73.99349
40.646687,-73.974045
40.646687,-73.974045
40.64324,-73.97644
40.639927,-73.973885
40.644077,-73.9736
40.639256,-73.995285
40.63894,-73.99627
40.64293,-73.97471
40.64324,-73.97644
40.646027,-73.98149
40.6361,-73.97994
40.646687,-73.974045
40.646687,-73.974045
40.63894,-73.99627
40.646027,-73.98149
40.634907,-73.98472
40.644634,-73.982475
40.63572,-73.989784
40.646027,-73.98149
40.646687,-73.974045
40.644184,-73.97362
40.646687,-73.974045
40.646687,-73.974045
40.634727,-73.98144
40.640675,-73.97412
40.64441,-73.973656
40.643238,-73.97644
40.6436,-73.985146
40.63915,-73.97396
40.64095,-73.975525
40.635345,-73.9886
40.63593,-73.99256
40.64339,-73.97598
40.645058,-73.99467
40.665684,-73.98483
40.66458,-73.9829
40.659485,-73.97731
40.663544,-73.984
40.667572,-73.98237
40.670746,-73.982
40.670654,-73.97941
40.659485,-73.97731
40.669315,-73.976654
40.66313,-73.98722
40.66445,-73.98153
40.660213,-73.992004
40.663754,-73.995
40.670734,-73.97606
40.666634,-73.991005
40.66887,-73.97393
40.670547,-73.97393
40.669815,-73.976555
40.671898,-73.98271
40.663467,-73.980255
40.664272,-73.9934
40.67194,-73.97463
40.665558,-73.979744
40.670727,-73.97959
40.66437,-73.98109
40.671898,-73.98271
40.665028,-73.99074
40.66887,-73.97393
40.668186,-73.99331
40.66458,-73.9829
40.669315,-73.976654
40.66116,-73.98072
40.66692,-73.98983
40.66437,-73.98109
40.665028,-73.99074
40.670727,-73.97959
40.670517,-73.98152
40.66339,-73.9801
40.660088,-73.99028
40.67047,-73.98156
40.665977,-73.989655
40.67033,-73.97348
40.669,-73.99169
40.671898,-73.98271
40.66698,-73.98732
40.669315,-73.976654
40.663666,-73.99508
40.666553,-73.987335
40.668186,-73.99331
40.6675,-73.9753
40.67049,-73.9738
40.66032,-73.98614
40.664272,-73.9934
40.660072,-73.99072
40.664227,-73.989395
40.66263,-73.986534
40.669052,-73.98278
40.671898,-73.98271
40.669052,-73.98278
40.671898,-73.98271
40.659485,-73.97731
40.66545,-73.9921
40.66682,-73.9787
40.665447,-73.9921
40.664394,-73.98887
40.663677,-73.97964
40.660072,-73.99072
40.668976,-73.99033
40.67049,-73.9738
40.667572,-73.98237
40.666233,-73.993065
40.66439,-73.9823
40.668438,-73.9908
40.66116,-73.98072
40.666897,-73.98735
40.660362,-73.99526
40.660072,-73.99072
40.662827,-73.98417
40.66741,-73.974724
40.669315,-73.976654
40.66929,-73.97665
40.664185,-73.98098
40.664272,-73.9934
40.66551,-73.97961
40.670204,-73.98614
40.668877,-73.992134
40.665867,-73.98959
40.661385,-73.995445
40.66325,-73.984245
40.67072,-73.98652
40.66249,-73.98347
40.664402,-73.98403
40.67194,-73.97463
40.66545,-73.9921
40.66577,-73.97629
40.671898,-73.98271
40.66322,-73.98423
40.67194,-73.97463
40.666714,-73.9922
40.66239,-73.991066
40.66593,-73.978714
40.659485,-73.97731
40.671898,-73.98271
40.671257,-73.992874
40.664043,-73.981445
40.66795,-73.98431
40.663525,-73.979324
40.66028,-73.97895
40.66539,-73.99227
40.663544,-73.984
40.669018,-73.97686
40.66593,-73.978714
40.66432,-73.98815
40.662037,-73.98148
40.668438,-73.9908
40.663525,-73.979324
40.668438,-73.9908
40.665367,-73.98241
40.661892,-73.9946
40.66489,-73.98389
40.666714,-73.9922
40.66857,-73.9915
40.662426,-73.99188
40.660877,-73.99141
40.661907,-73.994804
40.662037,-73.98148
40.66901,-73.97602
40.671795,-73.990555
40.661972,-73.981346
40.66629,-73.99134
40.66798,-73.99203
40.666466,-73.97569
40.661617,-73.99112
40.671463,-73.97405
40.66551,-73.97961
40.664333,-73.98405
40.662643,-73.98448
40.665535,-73.984535
40.67194,-73.97463
40.66458,-73.9829
40.670517,-73.98152
40.66409,-73.980225
40.659817,-73.99285
40.668438,-73.9908
40.667294,-73.99423
40.666126,-73.98123
40.666126,-73.98123
40.662598,-73.9905
40.664505,-73.983894
40.663486,-73.98379
40.670517,-73.98152
40.667595,-73.9818
40.663673,-73.982216
40.671814,-73.97495
40.664783,-73.98036
40.663265,-73.97878
40.66346,-73.97949
40.663177,-73.99084
40.662827,-73.98417
40.66545,-73.9921
40.6647,-73.98873
40.67008,-73.98086
40.6633,-73.97886
40.671795,-73.990555
40.668438,-73.9908
40.67079,-73.97973
40.67012,-73.98002
40.67194,-73.97463
40.67194,-73.97463
40.66434,-73.98799
40.660248,-73.99205
40.66157,-73.99123
40.67079,-73.97973
40.66629,-73.99134
40.663673,-73.982216
40.667274,-73.97501
40.669952,-73.9794
40.667274,-73.97501
40.666233,-73.993065
40.67194,-73.97463
40.66747,-73.98687
40.67194,-73.97463
40.659832,-73.98459
40.66987,-73.982735
40.668438,-73.9908
40.66357,-73.98914
40.67194,-73.97463
40.663605,-73.982285
40.663616,-73.9937
40.662037,-73.99502
40.66242,-73.98961
40.664093,-73.9819
40.665367,-73.979904
40.666874,-73.975334
40.667572,-73.98237
40.667572,-73.982376
40.65989,-73.99206
40.66545,-73.9921
40.670425,-73.97368
40.671955,-73.98219
40.660072,-73.99072
40.66346,-73.97949
40.664043,-73.97771
40.671204,-73.9892
40.663177,-73.99084
40.66184,-73.979546
40.666138,-73.97772
40.671234,-73.97884
40.671764,-73.97724
40.668625,-73.98363
40.660904,-73.9836
40.668438,-73.9908
40.670547,-73.97393
40.663486,-73.980736
40.661434,-73.98129
40.665398,-73.98846
40.671234,-73.97884
40.671654,-73.98053
40.67047,-73.975655
40.671814,-73.97495
40.671814,-73.97495
40.65943,-73.992226
40.66208,-73.98181
40.668438,-73.9908
40.668438,-73.9908
40.65989,-73.99206
40.66796,-73.99041
40.66005,-73.9848
40.666145,-73.98474
40.664337,-73.99188
40.66627,-73.98707
40.66638,-73.98698
40.659683,-73.98568
40.66551,-73.97961
40.6643,-73.9933
40.66357,-73.98914
40.668068,-73.97707
40.666443,-73.9934
40.669228,-73.99217
40.66551,-73.97961
40.66063,-73.99118
40.66638,-73.98698
40.670204,-73.98614
40.661297,-73.995895
40.661396,-73.98121
40.661938,-73.98303
40.67103,-73.985405
40.666878,-73.9809
40.66027,-73.98966
40.668438,-73.9908
40.66855,-73.977295
40.662037,-73.99502
40.66901,-73.97602
40.66545,-73.9921
40.67194,-73.97463
40.66901,-73.97602
40.67194,-73.97463
40.671955,-73.98219
40.666035,-73.98525
40.668358,-73.97625
40.66855,-73.977295
40.666016,-73.98527
40.671814,-73.97495
40.725903,-73.86007
40.726173,-73.85799
40.731773,-73.85686
40.72245,-73.878296
40.722885,-73.86694
40.72274,-73.8743
40.72313,-73.85753
40.732662,-73.860405
40.734467,-73.86013
40.732243,-73.85988
40.729736,-73.86624
40.726192,-73.8589
40.723568,-73.858215
40.73254,-73.867256
40.73187,-73.85711
40.731865,-73.857895
40.73184,-73.859634
40.728615,-73.87276
40.730145,-73.85979
40.729412,-73.87643
40.724506,-73.87464
40.730904,-73.86877
40.728294,-73.86662
40.733448,-73.86199
40.732662,-73.860405
40.732155,-73.85858
40.72834,-73.86738
40.730324,-73.86019
40.726715,-73.86117
40.72566,-73.8679
40.727722,-73.85863
40.725815,-73.86887
40.655815,-73.976295
40.648766,-73.9744
40.648228,-73.975716
40.657017,-73.97442
40.6552,-73.97379
40.658653,-73.975624
40.648914,-73.980194
40.648228,-73.975716
40.648228,-73.975716
40.655815,-73.976295
40.655815,-73.976295
40.65801,-73.983055
40.658813,-73.98275
40.649364,-73.97459
40.653625,-73.97528
40.65558,-73.97636
40.65558,-73.97636
40.651615,-73.97774
40.658813,-73.98275
40.64816,-73.98014
40.657173,-73.97451
40.657017,-73.97442
40.655815,-73.976295
40.647556,-73.97559
40.647556,-73.97559
40.65558,-73.97636
40.65521,-73.9779
40.65456,-73.97435
40.653942,-73.98078
40.631493,-74.1322
40.62423,-74.13378
40.627975,-74.15249
40.62189,-74.14897
40.632763,-74.11648
40.623573,-74.13868
40.62878,-74.13784
40.62969,-74.15957
40.62685,-74.13846
40.633385,-74.11755
40.630276,-74.12095
40.627888,-74.155266
40.63604,-74.15127
40.635666,-74.116745
40.637238,-74.12095
40.630707,-74.11473
40.6289,-74.12849
40.627457,-74.15614
40.631096,-74.13953
40.6227,-74.15969
40.623634,-74.13127
40.627457,-74.15614
40.629276,-74.1597
40.628353,-74.15716
40.635887,-74.15227
40.63643,-74.115524
40.63113,-74.13962
40.624737,-74.12399
40.626232,-74.12466
40.627895,-74.15309
40.622936,-74.12836
40.636578,-74.14665
40.629185,-74.13663
40.63796,-74.142334
40.63282,-74.157326
40.6342,-74.13156
40.63604,-74.15126
40.633396,-74.15272
40.635277,-74.11599
40.666496,-73.98814
40.661396,-73.98121
40.670425,-73.97368
40.66551,-73.97961
40.65943,-73.992226
40.668438,-73.9908
40.667274,-73.97501
40.6609,-73.994644
40.662426,-73.99188
40.668438,-73.9908
40.663486,-73.98405
40.66545,-73.9921
40.660206,-73.9788
40.662037,-73.98148
40.666767,-73.98952
40.65989,-73.99206
40.65989,-73.99206
40.662643,-73.98448
40.667713,-73.9801
40.66767,-73.99244
40.65989,-73.99206
40.65989,-73.99206
40.660915,-73.99224
40.664043,-73.97771
40.660206,-73.9788
40.66184,-73.979546
40.66361,-73.99492
40.65989,-73.99206
40.664402,-73.98403
40.663486,-73.98405
40.670635,-73.97387
40.66627,-73.98707
40.660915,-73.99224
40.667274,-73.97501
40.660686,-73.983795
40.664272,-73.9934
40.663486,-73.98405
40.6424,-73.97457
40.636684,-73.98004
40.635242,-73.989
40.64292,-73.982765
40.644634,-73.982475
40.6424,-73.97457
40.641724,-73.991585
40.64324,-73.97644
40.6447,-73.99401
40.63643,-73.99169
40.640987,-73.99112
40.644634,-73.982475
40.639927,-73.973885
40.635742,-73.99006
40.638603,-73.98082
40.644634,-73.982475
40.6419,-73.983025
40.638893,-73.99052
40.646687,-73.974045
40.635345,-73.9886
40.646687,-73.974045
40.63572,-73.989784
40.636032,-73.97559
40.639664,-73.97509
40.64339,-73.97599
40.646027,-73.98149
40.64636,-73.97533
40.639496,-73.98941
40.63506,-73.98719
40.64636,-73.97533
40.641888,-73.98788
40.64329,-73.97689
40.64339,-73.97599
40.63641,-73.97674
40.6431,-73.97716
40.64134,-73.99003
40.64608,-73.98133
40.645058,-73.99467
40.64375,-73.97483
40.634727,-73.98144
40.64339,-73.97598
40.76378,-73.97857
40.763046,-73.994095
40.760914,-73.99547
40.76181,-73.97695
40.767174,-73.98508
40.74892,-73.97379
40.762867,-73.99466
40.764507,-73.98513
40.76181,-73.97695
40.748497,-73.97854
40.760265,-73.984184
40.750603,-73.989334
40.74996,-73.97892
40.761547,-73.9827
40.761547,-73.9827
40.760193,-73.99413
40.76154,-73.99914
40.768776,-73.988434
40.76409,-73.99538
40.75167,-73.98187
40.770367,-73.98058
40.76154,-73.99914
40.75792,-73.99216
40.74804,-73.98235
40.762047,-73.99194
40.769375,-73.983955
40.767174,-73.98508
40.753662,-73.99767
40.750034,-73.9834
40.64018,-74.001465
40.644524,-73.99699
40.639473,-74.01223
40.63761,-74.01053
40.643806,-74.00023
40.641163,-74.01672
40.639473,-74.01223
40.641907,-74.00909
40.64495,-74.019585
40.639473,-74.00958
40.646378,-74.01312
40.643135,-74.01197
40.641163,-74.01672
40.645058,-74.002884
40.646008,-74.00902
40.638584,-74.005104
40.640297,-74.002815
40.644524,-73.99699
40.64605,-73.998985
40.642788,-74.008446
40.64495,-74.019585
40.5526,-74.159325
40.549416,-74.13983
40.56158,-74.1184
40.552887,-74.14521
40.570934,-74.14199
40.56226,-74.12215
40.55792,-74.15258
40.55006,-74.14177
40.56192,-74.12372
40.56059,-74.15588
40.56647,-74.13325
40.551384,-74.14136
40.55815,-74.130196
40.54848,-74.15554
40.566082,-74.115814
40.565395,-74.150246
40.551117,-74.135445
40.55774,-74.11852
40.56339,-74.14175
40.569576,-74.14346
40.558777,-74.15122
40.559605,-74.133675
40.555702,-74.14823
40.5548,-74.1547
40.55917,-74.15863
40.569447,-74.11858
40.554573,-74.1611
40.552414,-74.13943
40.555504,-74.14253
40.56276,-74.14042
40.56217,-74.14736
40.55501,-74.15742
40.56685,-74.12326
40.552322,-74.135475
40.55746,-74.11566
40.55589,-74.13875
40.571007,-74.142
40.560284,-74.11693
40.569534,-74.11873
40.56408,-74.14331
40.632076,-74.16053
40.629944,-74.13142
40.633495,-74.15474
40.636192,-74.15031
40.635162,-74.14924
40.62331,-74.12592
40.635406,-74.16052
40.637203,-74.114746
40.63311,-74.14334
40.63353,-74.14006
40.63699,-74.12482
40.63495,-74.156715
40.640865,-74.11535
40.63642,-74.12632
40.626396,-74.14899
40.629128,-74.13916
40.62817,-74.12754
40.624756,-74.13442
40.627686,-74.15395
40.627457,-74.15614
40.622025,-74.14555
40.63568,-74.13325
40.628334,-74.12629
40.63508,-74.14405
40.627457,-74.15614
40.62259,-74.15888
40.62745,-74.15614
40.631107,-74.13149
40.626183,-74.14505
40.635025,-74.148834
40.632816,-74.13289
40.630707,-74.13724
40.638905,-74.13804
40.635963,-74.14982
40.628746,-74.15296
40.635265,-74.1573
40.62405,-74.13609
40.63309,-74.159096
40.627697,-74.12294
40.62351,-74.12774
40.55881,-74.14822
40.555153,-74.13269
40.557728,-74.15801
40.558624,-74.12014
40.557014,-74.11732
40.553795,-74.137245
40.55237,-74.15382
40.569763,-74.12236
40.55998,-74.15251
40.55426,-74.13112
40.5655,-74.11572
40.555935,-74.15723
40.567955,-74.137436
40.564186,-74.15519
40.55761,-74.12589
40.569756,-74.12235
40.56591,-74.12304
40.55994,-74.1566
40.55054,-74.13694
40.54709,-74.13897
40.558598,-74.16052
40.56363,-74.148224
40.557194,-74.15875
40.555,-74.14063
40.555737,-74.13199
40.570114,-74.1514
40.554123,-74.14895
40.56689,-74.129005
40.5689,-74.118706
40.567806,-74.13253
40.551483,-74.14055
40.547085,-74.13898
40.567825,-74.132675
40.56937,-74.13463
40.564846,-74.14945
40.565105,-74.152725
40.55635,-74.1248
40.55304,-74.15813
40.568726,-74.14917
40.56232,-74.14073
40.627224,-74.1501
40.62477,-74.13007
40.633835,-74.15295
40.621845,-74.12706
40.63037,-74.1327
40.631496,-74.12254
40.62166,-74.13455
40.63084,-74.15612
40.63595,-74.12363
40.630608,-74.13766
40.627373,-74.14646
40.631836,-74.12069
40.629303,-74.13352
40.627647,-74.14779
40.62541,-74.1277
40.631184,-74.14819
40.636948,-74.126816
40.627457,-74.15614
40.62854,-74.115166
40.631023,-74.15682
40.626465,-74.14734
40.631424,-74.12168
40.63049,-74.15831
40.626045,-74.143074
40.63727,-74.13422
40.63629,-74.12584
40.629097,-74.12906
40.627796,-74.115265
40.62657,-74.15484
40.63726,-74.134766
40.627663,-74.13839
40.627728,-74.141624
40.63048,-74.15897
40.63179,-74.15313
40.63333,-74.12217
40.633488,-74.1574
40.627457,-74.15614
40.634026,-74.14049
40.630123,-73.99201
40.625854,-73.981
40.628136,-73.992325
40.627098,-73.99153
40.62338,-73.99665
40.625603,-73.98151
40.632893,-73.994965
40.63161,-73.99517
40.630512,-73.98638
40.625084,-73.99435
40.629326,-73.99655
40.629498,-73.98354
40.625854,-73.981
40.633987,-73.97906
40.622005,-73.974724
40.63301,-73.97669
40.630573,-73.987305
40.623272,-73.97646
40.628136,-73.992325
40.628284,-73.99241
40.62394,-73.97493
40.624428,-73.99072
40.624413,-73.9741
40.631138,-73.98945
40.63064,-73.98228
40.62867,-73.9834
40.634052,-73.98264
40.622437,-73.976944
40.624966,-73.97894
40.63362,-73.983185
40.632187,-73.98243
40.624092,-73.9775
40.624195,-73.98545
40.62376,-73.99507
40.630627,-73.99041
40.62488,-73.982414
40.630123,-73.99201
40.629375,-73.97507
40.626896,-73.99179
40.786263,-73.97704
40.78871,-73.98015
40.788338,-73.97544
40.790577,-73.97414
40.794502,-73.97603
40.79016,-73.97974
40.794277,-73.97552
40.788925,-73.97667
40.79083,-73.97678
40.787228,-73.98059
40.79083,-73.97678
40.78717,-73.980446
40.79016,-73.97974
40.788925,-73.97667
40.787983,-73.978294
40.79547,-73.97525
40.79125,-73.97651
40.7873,-73.979
40.79016,-73.97974
40.789,-73.978874
40.790295,-73.976425
40.79016,-73.97974
40.79016,-73.97974
40.792347,-73.97573
40.790863,-73.976006
40.78921,-73.97937
40.788864,-73.97933
40.788807,-73.9792
40.61115,-73.991806
40.62022,-73.9863
40.619057,-73.97821
40.61991,-73.99345
40.609093,-73.97578
40.619953,-73.9934
40.61141,-73.979126
40.621033,-73.98614
40.608936,-73.97477
40.61814,-73.994225
40.60959,-73.98414
40.619343,-73.98857
40.61403,-73.984406
40.612156,-73.99
40.611065,-73.97852
40.61413,-73.98155
40.60959,-73.98414
40.61514,-73.98303
40.609657,-73.97869
40.614124,-73.996635
40.61003,-73.97564
40.617207,-73.98642
40.611923,-73.97891
40.621124,-73.98686
40.60959,-73.98414
40.614967,-73.97609
40.616276,-73.98487
40.61645,-73.99144
40.614613,-73.97852
40.614113,-73.985466
40.61727,-73.98436
40.633175,-74.03164
40.628395,-74.03399
40.63235,-74.02408
40.633957,-74.03635
40.63979,-74.029785
40.62666,-74.022224
40.636276,-74.03643
40.633957,-74.03635
40.63871,-74.02807
40.629826,-74.02991
40.6312,-74.02567
40.622948,-74.03037
40.62797,-74.0258
40.628338,-74.02699
40.632652,-74.02233
40.627373,-74.026024
40.627655,-74.02616
40.63474,-74.031136
40.629257,-74.02953
40.639614,-74.029495
40.63594,-74.026306
40.630657,-74.02869
40.62797,-74.0258
40.634895,-74.036385
40.634895,-74.036385
40.621544,-74.03362
40.63224,-74.030045
40.637894,-74.02889
40.639095,-74.02933
40.625546,-74.030525
40.634735,-74.031136
40.63604,-74.03539
40.635525,-74.0313
40.631172,-74.026566
40.625,-74.02941
40.634895,-74.036385
40.634735,-74.031136
40.634735,-74.031136
40.63653,-74.03227
40.635002,-74.03103
40.629665,-74.027466
40.616833,-74.0381
40.61271,-74.064064
40.61588,-74.024895
40.61364,-74.03414
40.615185,-74.06464
40.62044,-74.03979
40.614315,-74.031746
40.62091,-74.03096
40.616344,-74.03779
40.615177,-74.03204
40.616344,-74.03779
40.612385,-74.02618
40.617233,-74.03698
40.615494,-74.03747
40.611057,-74.06024
40.617233,-74.03698
40.614315,-74.031746
40.617653,-74.03864
40.617085,-74.03826
40.61385,-74.026215
40.615494,-74.03747
40.611053,-74.06024
40.617653,-74.03864
40.613415,-74.03631
40.611053,-74.06023
40.615173,-74.06463
40.599148,-74.06638
40.615993,-74.03364
40.617313,-74.02677
40.614506,-74.03583
40.60856,-74.06171
40.618893,-74.02312
40.61375,-74.0315
40.62044,-74.03979
40.62136,-74.03408
40.615185,-74.06464
40.60036,-74.066055
40.62044,-74.03979
40.62044,-74.03979
40.604954,-74.01538
40.608585,-74.014465
40.605568,-74.004814
40.6053,-74.0169
40.59865,-73.997955
40.60165,-74.00405
40.60165,-74.00405
40.601784,-74.00164
40.60377,-74.01602
40.603786,-74.016075
40.60161,-74.01057
40.6064,-73.99855
40.608295,-73.99926
40.60805,-74.01254
40.6021,-74.006966
40.603626,-74.01718
40.6035,-74.01656
40.601963,-74.01034
40.601227,-74.00761
40.60162,-74.00715
40.598057,-73.9983
40.605675,-74.0087
40.60233,-74.00957
40.600277,-74.008316
40.60523,-74.010124
40.605892,-74.01565
40.60411,-74.015526
40.61439,-74.03015
40.615993,-74.03364
40.619728,-74.03921
40.616615,-74.02362
40.61898,-74.028755
40.612988,-74.02733
40.61874,-74.03226
40.618343,-74.03282
40.61399,-74.035576
40.613094,-74.06506
40.612988,-74.02733
40.613853,-74.033585
40.611843,-74.06378
40.609077,-74.066414
40.618103,-74.0369
40.614315,-74.031746
40.6183,-74.02364
40.618916,-74.03962
40.61399,-74.035576
40.611053,-74.06023
40.617413,-74.022934
40.618916,-74.03962
40.62047,-74.03837
40.619965,-74.03112
40.614967,-74.037186
40.618916,-74.03962
40.616833,-74.0381
40.614315,-74.031746
40.614315,-74.031746
40.618103,-74.0369
40.613415,-74.03631
40.618217,-74.03874
40.611057,-74.06023
40.620575,-74.03585
40.614967,-74.037186
40.611057,-74.06024
40.61812,-74.03654
40.614597,-74.03191
40.61876,-74.02323
40.608307,-73.98237
40.604057,-73.99619
40.598907,-73.99631
40.597004,-73.9933
40.60608,-73.98846
40.607883,-73.99348
40.5982,-73.9959
40.60733,-73.98218
40.601723,-73.974724
40.601723,-73.974724
40.6038,-73.98974
40.60773,-73.976425
40.605335,-73.98984
40.59934,-73.996086
40.59934,-73.996086
40.60352,-73.98298
40.60554,-73.996475
40.600937,-73.97517
40.60558,-73.99628
40.606434,-73.99241
40.60558,-73.99628
40.597225,-73.995895
40.5982,-73.9959
40.602898,-73.98731
40.60326,-73.975624
40.60016,-73.99609
40.60714,-73.98574
40.605335,-73.98984
40.60756,-73.9819
40.598965,-73.98446
40.59934,-73.996086
40.60259,-73.98675
40.60259,-73.98675
40.60805,-73.98234
40.599545,-73.99307
40.60714,-73.98574
40.780304,-73.98295
40.77997,-73.985596
40.776543,-73.97746
40.777077,-73.976845
40.780304,-73.98295
40.776283,-73.98937
40.779575,-73.98496
40.776104,-73.98209
40.776104,-73.98209
40.776543,-73.97746
40.625977,-74.03231
40.635406,-74.02799
40.62444,-74.04012
40.63344,-74.0257
40.63204,-74.035866
40.632214,-74.03219
40.633034,-74.02316
40.635406,-74.02799
40.635445,-74.02981
40.625977,-74.03231
40.63556,-74.02995
40.627655,-74.02616
40.62444,-74.04012
40.63566,-74.02936
40.622948,-74.03037
40.632214,-74.03219
40.629826,-74.02991
40.62622,-74.03458
40.63566,-74.02936
40.634815,-74.03715
40.629826,-74.02991
40.6266,-74.02053
40.63364,-74.0302
40.627655,-74.02616
40.622948,-74.03037
40.63364,-74.0302
40.626205,-74.02815
40.625423,-74.036354
40.636017,-74.03346
40.63056,-74.03598
40.627655,-74.02616
40.63889,-74.03577
40.610714,-74.06006
40.612446,-74.065254
40.615173,-74.06463
40.620045,-74.03831
40.620785,-74.04036
40.620045,-74.03831
40.60874,-74.06484
40.611813,-74.0349
40.617413,-74.02369
40.608807,-74.06529
40.616344,-74.03779
40.61062,-74.06552
40.617653,-74.03864
40.618702,-74.03218
40.619976,-74.03822
40.61399,-74.035576
40.62082,-74.03689
40.618702,-74.03218
40.61678,-74.024765
40.61062,-74.06552
40.61062,-74.06552
40.60866,-74.065
40.614056,-74.03218
40.614056,-74.03218
40.613026,-74.03451
40.612103,-74.0345
40.619343,-74.03986
40.612846,-74.03406
40.61341,-74.06499
40.611443,-74.0668
40.617638,-74.027504
40.6156,-74.0306
40.615993,-74.03364
40.615494,-74.03747
40.619053,-74.03382
40.61548,-74.03301
40.611053,-74.06024
40.614513,-74.03695
40.616344,-74.03779
40.58736,-73.98704
40.575375,-73.974495
40.589,-73.991844
40.58538,-73.98673
40.57493,-73.99832
40.58538,-73.98673
40.575375,-73.974495
40.5761,-73.99182
40.574875,-74.009895
40.58071,-74.0046
40.588562,-73.9907
40.586796,-73.98439
40.577427,-73.97379
40.58829,-73.9839
40.59242,-73.97472
40.586525,-73.984245
40.578285,-73.97376
40.590843,-73.97662
40.58071,-74.0046
40.575855,-74.00119
40.57521,-74.00258
40.589,-73.991844
40.577705,-74.01117
40.577427,-73.97379
40.578285,-73.97376
40.577705,-74.01117
40.589996,-73.98976
40.58822,-73.98438
40.58575,-73.983536
40.576756,-73.99378
40.586796,-73.98439
40.575256,-73.97428
40.577618,-73.99442
40.590485,-73.99098
40.60572,-74.065834
40.62044,-74.03979
40.613773,-74.06627
40.609905,-74.06002
40.614513,-74.03695
40.61518,-74.064644
40.61254,-74.03478
40.613705,-74.06441
40.616344,-74.03779
40.614315,-74.031746
40.596424,-74.062515
40.611057,-74.06024
40.60667,-74.06485
40.614967,-74.037186
40.60751,-74.064705
40.600822,-74.06602
40.61713,-74.02455
40.596325,-74.0656
40.62044,-74.03979
40.616344,-74.03779
40.616344,-74.03779
40.62044,-74.03979
40.619877,-74.03932
40.616673,-74.03527
40.619728,-74.03921
40.61998,-74.039024
40.60892,-74.06502
40.61399,-74.035576
40.620045,-74.03831
40.614967,-74.037186
40.61668,-74.027336
40.620045,-74.03831
40.618958,-74.03682
40.61447,-74.03291
40.604874,-74.06405
40.612988,-74.02733
40.617813,-74.03868
40.61735,-74.03158
40.61447,-74.03291
40.59901,-74.06671
40.612152,-74.034454
40.613747,-74.03151
40.619373,-74.02455
40.615993,-74.03364
40.616833,-74.0381
40.610615,-74.065506
40.617653,-74.03864
40.62044,-74.03979
40.597084,-74.06351
40.612343,-74.034485
40.612537,-74.03587
40.60917,-74.06123
40.612217,-74.0344
40.619343,-74.03986
40.618073,-74.03683
40.62044,-74.03979
40.610607,-74.06551
40.62044,-74.03979
40.615993,-74.03364
40.62044,-74.03979
40.613834,-74.06632
40.619823,-74.03932
40.615993,-74.03364
40.616726,-74.024284
40.61785,-74.02181
40.614365,-74.031746
40.613262,-74.03239
40.62044,-74.03979
40.619167,-74.03122
40.614315,-74.031746
40.615177,-74.03204
40.62044,-74.03979
40.616673,-74.03527
40.61998,-74.039024
40.612076,-74.034836
40.616215,-74.03575
40.608322,-74.06668
40.62044,-74.03979
40.617653,-74.03864
40.61499,-74.06594
40.612988,-74.02733
40.612434,-74.06394
40.608116,-74.06575
40.613335,-74.065254
40.619278,-74.038956
40.61439,-74.03015
40.61447,-74.03291
40.620964,-74.02478
40.618103,-74.0369
40.611057,-74.06024
40.617653,-74.03864
40.619278,-74.038956
40.61637,-74.025116
40.611053,-74.06023
40.62044,-74.03979
40.614513,-74.03695
40.618916,-74.03962
40.61474,-74.032646
40.61187,-74.06403
40.613373,-74.03426
40.619343,-74.03986
40.614513,-74.03695
40.618916,-74.03962
40.616673,-74.03527
40.617653,-74.03864
40.61251,-74.03472
40.62043,-74.02176
40.610718,-74.06006
40.599083,-74.067245
40.618553,-74.03874
40.610607,-74.06551
40.616684,-74.03519
40.613262,-74.03598
40.61364,-74.03414
40.618553,-74.03874
40.62092,-74.0292
40.62044,-74.03979
40.620045,-74.03831
40.56431,-74.1031
40.567963,-74.10534
40.5604,-74.10159
40.564217,-74.10526
40.565804,-74.10175
40.558826,-74.106995
40.56405,-74.10352
40.570934,-74.09402
40.561134,-74.10312
40.56611,-74.1018
40.570255,-74.09228
40.560497,-74.105515
40.56352,-74.10472
40.570118,-74.113525
40.56405,-74.10486
40.564987,-74.09912
40.560837,-74.102264
40.56674,-74.10603
40.57091,-74.0967
40.562096,-74.108444
40.567413,-74.105865
40.570904,-74.096695
40.565777,-74.101326
40.56505,-74.10447
40.565205,-74.10425
40.570766,-74.09685
40.559467,-74.108185
40.561222,-74.10859
40.56349,-74.10127
40.56645,-74.105156
40.56077,-74.10792
40.56089,-74.10277
40.560127,-74.110985
40.570873,-74.09674
40.56829,-74.10652
40.564716,-74.10715
40.566936,-74.10472
40.56019,-74.10965
40.568333,-74.106766
40.564716,-74.10715
40.565037,-74.10571
40.60809,-74.06135
40.612007,-74.03458
40.616673,-74.03527
40.616344,-74.03779
40.611053,-74.06023
40.61399,-74.035576
40.618313,-74.035774
40.62044,-74.03979
40.606567,-74.06298
40.61399,-74.035576
40.615177,-74.03204
40.62044,-74.03979
40.615185,-74.06464
40.611046,-74.06019
40.59753,-74.06581
40.620304,-74.03472
40.597485,-74.063225
40.62044,-74.03979
40.61399,-74.035576
40.62044,-74.03979
40.616344,-74.03779
40.62044,-74.03979
40.616344,-74.03779
40.62047,-74.03837
40.604122,-74.09693
40.620106,-74.109825
40.62011,-74.10984
40.61372,-74.07073
40.60684,-74.08889
40.598232,-74.0882
40.60938,-74.08407
40.59792,-74.0872
40.598248,-74.09151
40.603912,-74.10351
40.600117,-74.092896
40.601994,-74.091095
40.603878,-74.08822
40.615143,-74.08309
40.619534,-74.084236
40.605755,-74.0906
40.619495,-74.10025
40.62096,-74.11177
40.601814,-74.07621
40.60233,-74.07852
40.60814,-74.07409
40.60556,-74.07133
40.61624,-74.071014
40.60337,-74.07195
40.611057,-74.09057
40.612743,-74.11171
40.59872,-74.101814
40.608215,-74.082535
40.60814,-74.07408
40.61505,-74.10007
40.610962,-74.071045
40.620735,-74.11146
40.619804,-74.01229
40.613773,-74.00021
40.61785,-74.01038
40.61797,-74.005615
40.61083,-74.00294
40.617477,-74.00634
40.617317,-73.99738
40.617374,-73.999214
40.616894,-74.01313
40.62078,-74.01993
40.620426,-74.012726
40.619633,-74.01055
40.617283,-74.00903
40.61764,-74.01322
40.610287,-74.00673
40.61911,-74.01979
40.616844,-74.008896
40.618553,-74.01245
40.62025,-74.01001
40.61511,-74.012596
40.614906,-74.01474
40.619854,-74.016304
40.61492,-74.01257
40.617363,-74.01807
40.619698,-74.0077
40.612812,-74.00012
40.616734,-73.99884
40.616734,-73.99884
40.60988,-74.00478
40.62105,-74.00149
40.621014,-74.00628
40.62011,-74.010704
40.61872,-74.0084
40.617462,-73.99763
40.609684,-74.009735
40.613174,-74.03155
40.615494,-74.03747
40.611862,-74.03507
40.62044,-74.03979
40.616554,-74.02443
40.611053,-74.06024
40.60711,-74.06285
40.608402,-74.06726
40.617085,-74.03826
40.617268,-74.02675
40.61573,-74.03546
40.61485,-74.03285
40.616673,-74.03527
40.61551,-74.063835
40.617653,-74.03864
40.617233,-74.03698
40.618916,-74.03962
40.618916,-74.03962
40.617233,-74.03698
40.612343,-74.034485
40.612343,-74.034485
40.611057,-74.06024
40.61399,-74.035576
40.62044,-74.03979
40.615463,-74.03464
40.617653,-74.03864
40.615463,-74.03464
40.61946,-74.03999
40.61962,-74.028206
40.60939,-74.06385
40.614513,-74.03695
40.615463,-74.03464
40.61399,-74.035576
40.617653,-74.03864
40.619728,-74.03921
40.6142,-74.06654
40.61998,-74.039024
40.621292,-74.033936
40.611877,-74.06486
40.619728,-74.03921
40.721222,-73.94768
40.718487,-73.94573
40.721222,-73.94768
40.716984,-73.943504
40.719585,-73.94288
40.715187,-73.94727
40.71987,-73.941475
40.714207,-73.945206
40.718506,-73.945595
40.71574,-73.93935
40.714085,-73.94057
40.71591,-73.94078
40.719322,-73.94129
40.722095,-73.945564
40.714207,-73.945206
40.721195,-73.94773
40.71756,-73.94688
40.71574,-73.93935
40.721195,-73.94773
40.71574,-73.93935
40.71503,-73.94891
40.71505,-73.94982
40.71505,-73.94982
40.712246,-73.94309
40.722347,-73.93598
40.721096,-73.94738
40.711174,-73.94629
40.71505,-73.94982
40.71505,-73.94982
40.71683,-73.9439
40.72028,-73.946884
40.720142,-73.94726
40.7139,-73.94543
40.718754,-73.94259
40.71505,-73.94982
40.71815,-73.94933
40.600338,-74.12396
40.60336,-74.12757
40.6202,-74.14156
40.605057,-74.15974
40.60533,-74.13812
40.60244,-74.12887
40.621178,-74.13783
40.616943,-74.134964
40.616093,-74.145874
40.604362,-74.126915
40.60365,-74.13599
40.616306,-74.12479
40.601837,-74.13256
40.613884,-74.12523
40.60015,-74.12355
40.609974,-74.123726
40.619568,-74.1551
40.611782,-74.1375
40.599014,-74.130455
40.619736,-74.136765
40.61533,-74.161095
40.615818,-74.11964
40.613064,-74.11561
40.62052,-74.14122
40.597263,-74.13472
40.61006,-74.13893
40.616714,-74.15764
40.61726,-74.13771
40.6156,-74.136406
40.61202,-74.1479
40.601303,-74.157936
40.609093,-74.13133
40.61064,-74.15842
40.601284,-74.13901
40.61621,-74.12674
40.61722,-74.133156
40.600975,-74.13977
40.61081,-74.13551
40.618446,-74.13384
40.609634,-74.13387
40.60689,-74.148346
40.760277,-73.833916
40.753674,-73.86085
40.75266,-73.876366
40.755234,-73.875984
40.754517,-73.87459
40.765324,-73.86367
40.749577,-73.85319
40.757084,-73.835594
40.754017,-73.85434
40.75062,-73.87831
40.75645,-73.87368
40.760464,-73.878685
40.767414,-73.87504
40.757076,-73.876305
40.751232,-73.86108
40.755234,-73.875984
40.765842,-73.868774
40.747704,-73.87454
40.75734,-73.83421
40.758297,-73.83429
40.753983,-73.87326
40.760277,-73.833916
40.755337,-73.875046
40.763885,-73.871635
40.75711,-73.85601
40.754807,-73.877495
40.75132,-73.863434
40.755272,-73.87569
40.749348,-73.86467
40.751022,-73.868484
40.755272,-73.87569
40.76748,-73.87033
40.714146,-73.92895
40.722008,-73.943535
40.715588,-73.94481
40.71951,-73.9408
40.721436,-73.94877
40.715286,-73.9411
40.714146,-73.92895
40.71315,-73.94615
40.71574,-73.93935
40.71392,-73.9463
40.711456,-73.94332
40.718033,-73.94392
40.721397,-73.94308
40.712124,-73.94494
40.712063,-73.9454
40.713505,-73.944786
40.712162,-73.94523
40.721214,-73.946686
40.714005,-73.93664
40.714035,-73.94729
40.71792,-73.94421
40.716873,-73.94764
40.714905,-73.95021
40.7122,-73.95989
40.714382,-73.96257
40.720062,-73.96353
40.713505,-73.95733
40.71111,-73.95354
40.71043,-73.96636
40.71683,-73.95805
40.71111,-73.95354
40.7193,-73.96397
40.72058,-73.962456
40.71844,-73.96388
40.72008,-73.95726
40.714596,-73.959885
40.711594,-73.954185
40.71683,-73.95805
40.71766,-73.95467
40.71959,-73.964096
40.714954,-73.9653
40.71044,-73.96754
40.71111,-73.95354
40.712227,-73.95998
40.71111,-73.95354
40.72058,-73.962456
40.713367,-73.95672
40.718815,-73.951294
40.720062,-73.96353
40.71265,-73.95897
40.716827,-73.96415
40.72054,-73.95593
40.712116,-73.952225
40.714344,-73.96623
40.714596,-73.959885
40.69899,-73.95837
40.70156,-73.95284
40.707153,-73.959236
40.697384,-73.96026
40.70873,-73.95577
40.698914,-73.95986
40.69971,-73.95273
40.708828,-73.96938
40.699944,-73.95054
40.708317,-73.9634
40.69726,-73.95792
40.703705,-73.96583
40.70025,-73.95637
40.70964,-73.96299
40.70978,-73.95032
40.700737,-73.95061
40.70964,-73.96299
40.708942,-73.96766
40.69971,-73.95273
40.697323,-73.957375
40.708828,-73.96938
40.70968,-73.96369
40.707256,-73.95535
40.70982,-73.9579
40.698914,-73.95986
40.70072,-73.952415
40.70982,-73.9579
40.70891,-73.967384
40.708317,-73.9634
40.708828,-73.96938
40.699444,-73.955025
40.70574,-73.956924
40.705307,-73.9675
40.7056,-73.96761
40.7096,-73.95122
40.708023,-73.95093
40.698914,-73.95986
40.70156,-73.95304
40.70156,-73.95304
40.715668,-73.96292
40.7144,-73.958244
40.717785,-73.96021
40.70995,-73.96315
40.71844,-73.96388
40.719597,-73.9642
40.71859,-73.953606
40.719616,-73.95717
40.714596,-73.959885
40.718796,-73.952965
40.714596,-73.959885
40.716602,-73.953224
40.71844,-73.96388
40.71111,-73.95354
40.71483,-73.95335
40.71872,-73.951546
40.71859,-73.953606
40.712116,-73.96268
40.711796,-73.9587
40.71844,-73.96388
40.715668,-73.96292
40.715668,-73.96292
40.7122,-73.95989
40.713795,-73.950554
40.71301,-73.96297
40.71481,-73.951195
40.72086,-73.96109
40.720337,-73.95769
40.71714,-73.964806
40.71043,-73.96636
40.71001,-73.96301
40.71012,-73.96794
40.720062,-73.96353
40.71448,-73.96188
40.71844,-73.96388
40.714596,-73.959885
40.71092,-73.9609
40.710884,-73.81665
40.716515,-73.832016
40.722275,-73.8231
40.711227,-73.813126
40.71803,-73.81987
40.715588,-73.83112
40.71217,-73.813805
40.713127,-73.81909
40.714382,-73.83184
40.71234,-73.81893
40.722145,-73.81557
40.71534,-73.81921
40.719143,-73.816666
40.72076,-73.82337
40.722027,-73.81754
40.714237,-73.83213
40.719143,-73.816666
40.715786,-73.83176
40.718506,-73.81097
40.71191,-73.826614
40.718506,-73.81097
40.710552,-73.81621
40.714,-73.83234
40.714756,-73.81247
40.718536,-73.818634
40.7109,-73.81443
40.712875,-73.81684
40.721115,-73.825066
40.715588,-73.83112
40.718063,-73.81933
40.71217,-73.813805
40.715588,-73.83112
40.71413,-73.813416
40.713127,-73.81909
40.715424,-73.81659
40.71217,-73.813805
40.720165,-73.95773
40.711796,-73.9587
40.714596,-73.959885
40.715668,-73.96292
40.72058,-73.962456
40.711174,-73.957085
40.715668,-73.96292
40.718643,-73.959496
40.715668,-73.96292
40.716404,-73.95866
40.720337,-73.95769
40.715668,-73.96292
40.716827,-73.96415
40.716194,-73.9588
40.718575,-73.958244
40.71731,-73.95019
40.71476,-73.951416
40.71043,-73.96636
40.71844,-73.96388
40.71881,-73.95069
40.71868,-73.95207
40.71859,-73.953606
40.71302,-73.959816
40.718815,-73.951294
40.71881,-73.95069
40.72058,-73.962456
40.71476,-73.95142
40.7193,-73.96397
40.720158,-73.95804
40.71302,-73.959816
40.72054,-73.95593
40.71844,-73.96388
40.718815,-73.951294
40.71959,-73.964096
40.718815,-73.951294
40.713367,-73.95672
40.71111,-73.95354
40.71301,-73.96297
40.71926,-73.95603
40.718742,-73.95154
40.71926,-73.95603
40.704254,-73.96642
40.699944,-73.95054
40.69965,-73.953125
40.707584,-73.9635
40.698914,-73.95986
40.700676,-73.95364
40.70931,-73.96308
40.704254,-73.96642
40.70923,-73.96929
40.707554,-73.9637
40.7096,-73.95122
40.705082,-73.9524
40.7002,-73.95946
40.70982,-73.9579
40.70982,-73.9579
40.699543,-73.93012
40.697838,-73.92888
40.70805,-73.94127
40.704124,-73.92719
40.69906,-73.93055
40.70814,-73.94531
40.703037,-73.947586
40.709312,-73.947716
40.70602,-73.93269
40.700737,-73.94371
40.708195,-73.94523
40.703617,-73.94967
40.703167,-73.94756
40.703167,-73.94756
40.70761,-73.94584
40.69764,-73.935455
40.697784,-73.93616
40.708782,-73.941124
40.70405,-73.94866
40.705334,-73.93232
40.70806,-73.94023
40.70814,-73.94531
40.70868,-73.9482
40.708244,-73.94382
40.698925,-73.94091
40.703167,-73.94756
40.703167,-73.94756
40.697865,-73.935905
40.703167,-73.94756
40.699562,-73.93804
40.700737,-73.94371
40.69891,-73.93123
40.705357,-73.93218
40.7073,-73.94102
40.70806,-73.94023
40.70904,-73.94835
40.709286,-73.948
40.703552,-73.93117
40.703506,-73.931244
40.699543,-73.93012
40.71297,-73.96062
40.71448,-73.96188
40.71844,-73.96388
40.714954,-73.9653
40.714596,-73.959885
40.719597,-73.9642
40.71232,-73.95766
40.71844,-73.96388
40.711002,-73.960884
40.720238,-73.95646
40.71177,-73.96194
40.717785,-73.96021
40.71881,-73.95069
40.71995,-73.95695
40.712227,-73.95998
40.717785,-73.96021
40.720505,-73.95683
40.711372,-73.953415
40.71043,-73.96636
40.712116,-73.952225
40.71844,-73.96388
40.71492,-73.96181
40.71872,-73.951546
40.720062,-73.96353
40.720062,-73.96353
40.716827,-73.96415
40.71844,-73.96388
40.720062,-73.96353
40.719063,-73.957184
40.7193,-73.96397
40.719597,-73.9642
40.71492,-73.96181
40.71302,-73.959816
40.718033,-73.95301
40.70989,-73.964195
40.711926,-73.95086
40.71766,-73.95467
40.714596,-73.959885
40.710236,-73.83081
40.719086,-73.81845
40.712875,-73.81684
40.7184,-73.8109
40.712097,-73.82755
40.720173,-73.81312
40.71549,-73.81059
40.720657,-73.82561
40.72024,-73.81171
40.711735,-73.818855
40.71191,-73.826614
40.712765,-73.8283
40.710163,-73.818535
40.712097,-73.82755
40.710236,-73.83081
40.71962,-73.8219
40.71624,-73.815674
40.712875,-73.81684
40.717983,-73.81791
40.712875,-73.81684
40.715588,-73.83112
40.71549,-73.81059
40.717808,-73.818504
40.712635,-73.81945
40.713127,-73.81909
40.7208,-73.82338
40.716022,-73.831375
40.713127,-73.81909
40.720886,-73.82565
40.712097,-73.82755
40.71982,-73.81689
40.71895,-73.819824
40.710785,-73.83163
40.7184,-73.8109
40.721745,-73.82237
40.711224,-73.813126
40.721718,-73.82289
40.710236,-73.83081
40.718506,-73.81097
40.713913,-73.81343
40.7183,-73.81942
40.715786,-73.83176
40.712482,-73.80999
40.720318,-73.81944
40.71217,-73.813805
40.713913,-73.81343
40.712097,-73.82755
40.71259,-73.82713
40.712097,-73.82755
40.712482,-73.80999
40.711304,-73.82678
40.7108,-73.810036
40.7109,-73.81443
40.710693,-73.8143
40.710163,-73.818535
40.71014,-73.818695
40.713997,-73.83234
40.719906,-73.81408
40.714115,-73.81433
40.71231,-73.81853
40.717323,-73.81665
40.718365,-73.81831
40.718506,-73.81097
40.713127,-73.81909
40.710236,-73.83081
40.710087,-73.830795
40.713127,-73.81909
40.712402,-73.817055
40.718506,-73.81097
40.721596,-73.81127
40.715786,-73.83176
40.715607,-73.819145
40.718506,-73.81097
40.719906,-73.81408
40.720234,-73.81715
40.72145,-73.81532
40.711166,-73.813736
40.712982,-73.819435
40.720787,-73.82338
40.71812,-73.81914
40.71056,-73.81842
40.713127,-73.81909
40.7155,-73.80936
40.712875,-73.81684
40.71476,-73.81493
40.709835,-73.81674
40.712875,-73.81684
40.71413,-73.813416
40.717014,-73.809166
40.712513,-73.81207
40.71608,-73.81183
40.713127,-73.81909
40.712875,-73.81684
40.7219,-73.8138
40.715225,-73.80927
40.71937,-73.82351
40.713158,-73.81637
40.721523,-73.81507
40.71566,-73.81506
40.713127,-73.81909
40.721523,-73.81507
40.71191,-73.826614
40.715496,-73.80983
40.710884,-73.81665
40.71654,-73.810326
40.71814,-73.81843
40.710045,-73.815765
40.713127,-73.81909
40.713127,-73.81909
40.712097,-73.82755
40.721424,-73.81994
40.712402,-73.817055
40.712402,-73.817055
40.7123,-73.81705
40.712402,-73.817055
40.712402,-73.817055
40.71869,-73.813286
40.718506,-73.81097
40.71026,-73.81738
40.72006,-73.823944
40.721413,-73.815445
40.721447,-73.811745
40.719086,-73.81845
40.713158,-73.81637
40.719753,-73.81879
40.71818,-73.818924
40.71026,-73.81738
40.71255,-73.816025
40.717075,-73.811226
40.721138,-73.81762
40.7184,-73.8109
40.712982,-73.819435
40.71549,-73.81038
40.719383,-73.82002
40.712875,-73.81684
40.71975,-73.817116
40.710392,-73.81783
40.71705,-73.81281
40.719578,-73.81681
40.719383,-73.82002
40.718506,-73.81097
40.712097,-73.82755
40.71825,-73.81804
40.71705,-73.81281
40.713127,-73.81909
40.712097,-73.82755
40.713127,-73.81909
40.72062,-73.81836
40.719746,-73.823586
40.711227,-73.813126
40.71312,-73.81124
40.710144,-73.81705
40.712875,-73.81684
40.713127,-73.81909
40.71026,-73.81738
40.70988,-73.80914
40.72169,-73.8225
40.7184,-73.8109
40.710144,-73.81705
40.71231,-73.81853
40.711735,-73.818855
40.710247,-73.83058
40.710194,-73.816895
40.718506,-73.81097
40.718506,-73.81097
40.710194,-73.816895
40.71401,-73.81576
40.72068,-73.8179
40.71196,-73.82759
40.712517,-73.81168
40.719692,-73.81899
40.713127,-73.81909
40.714184,-73.83203
40.71795,-73.81419
40.710045,-73.815765
40.71801,-73.813705
40.720173,-73.81312
40.712513,-73.81207
40.715588,-73.83112
40.7122,-73.826546
40.72047,-73.82502
40.717487,-73.811264
40.715588,-73.83112
40.718426,-73.818115
40.718506,-73.81097
40.71231,-73.81853
40.7169,-73.8127
40.711708,-73.81733
40.713127,-73.81909
40.7109,-73.81443
40.71802,-73.818886
40.71191,-73.826614
40.713127,-73.81909
40.721336,-73.810455
40.71255,-73.816025
40.71191,-73.826614
40.713127,-73.81909
40.71331,-73.81507
40.718506,-73.81097
40.68418,-73.86675
40.68172,-73.84272
40.684956,-73.86319
40.683582,-73.83436
40.69178,-73.85626
40.68755,-73.86561
40.67652,-73.870575
40.688683,-73.86587
40.677536,-73.84979
40.6921,-73.8553
40.68055,-73.85634
40.6925,-73.83384
40.686657,-73.835884
40.689922,-73.86678
40.674583,-73.853386
40.675034,-73.85376
40.674335,-73.87448
40.67365,-73.85117
40.690426,-73.85193
40.677032,-73.85188
40.68981,-73.86681
40.688744,-73.85769
40.691452,-73.86155
40.68757,-73.85539
40.67551,-73.859
40.672134,-73.858025
40.676903,-73.87451
40.691284,-73.83549
40.682053,-73.83683
40.680946,-73.83535
40.677715,-73.8339
40.67757,-73.84662
40.68267,-73.86305
40.68191,-73.86669
40.67722,-73.84742
40.67379,-73.85412
40.674404,-73.84962
40.68891,-73.79744
40.68504,-73.79576
40.685432,-73.79457
40.694252,-73.80889
40.695995,-73.79607
40.690845,-73.808205
40.689175,-73.792946
40.68717,-73.80322
40.68969,-73.803856
40.68549,-73.79584
40.690094,-73.794716
40.686954,-73.7977
40.693264,-73.7978
40.69019,-73.79103
40.690784,-73.800186
40.694775,-73.80165
40.69349,-73.797455
40.685802,-73.79775
40.687252,-73.796844
40.691883,-73.80357
40.694344,-73.78825
40.69333,-73.799355
40.689804,-73.79129
40.692993,-73.79823
40.68516,-73.79944
40.693024,-73.79818
40.697052,-73.80696
40.68835,-73.79221
40.695686,-73.78607
40.691723,-73.802605
40.691025,-73.792175
40.68739,-73.79897
40.68466,-73.79237
40.69573,-73.78672
40.68482,-73.79427
40.696636,-73.78714
40.691975,-73.80371
40.691135,-73.80336
40.69181,-73.8463
40.694,-73.86493
40.673985,-73.841385
40.68464,-73.83925
40.684036,-73.87918
40.68646,-73.869354
40.682873,-73.83437
40.674694,-73.85242
40.674225,-73.8545
40.693523,-73.84912
40.678913,-73.86135
40.679607,-73.85167
40.678986,-73.84338
40.684475,-73.86336
40.68947,-73.85702
40.691216,-73.86243
40.690235,-73.84652
40.679226,-73.850334
40.675545,-73.84664
40.68181,-73.86667
40.67663,-73.87408
40.683247,-73.87133
40.675346,-73.87566
40.68687,-73.863625
40.67591,-73.87336
40.695198,-73.842636
40.6765,-73.83265
40.67929,-73.84364
40.676273,-73.83563
40.68266,-73.86309
40.683468,-73.8666
40.689224,-73.83448
40.688763,-73.84813
40.689472,-73.86065
40.6857,-73.87312
40.713127,-73.81909
40.71003,-73.81663
40.711662,-73.81377
40.713127,-73.81909
40.722248,-73.82295
40.71523,-73.8091
40.71818,-73.818924
40.712875,-73.81684
40.712875,-73.81684
40.711166,-73.816895
40.719906,-73.81408
40.716022,-73.831375
40.71026,-73.81738
40.7152,-73.812096
40.720486,-73.82057
40.719906,-73.81408
40.718506,-73.81097
40.720093,-73.81766
40.713158,-73.81637
40.71093,-73.81356
40.719692,-73.81899
40.718506,-73.81097
40.71946,-73.81862
40.715786,-73.83176
40.721863,-73.81551
40.7184,-73.8109
40.718506,-73.81097
40.71259,-73.82713
40.712097,-73.82755
40.71746,-73.81343
40.718506,-73.81097
40.717358,-73.8115
40.71266,-73.81582
40.7193,-73.8168
40.715786,-73.83176
40.71191,-73.826614
40.718506,-73.81097
40.716694,-73.809875
40.673046,-73.90737
40.67324,-73.89393
40.67898,-73.91778
40.686504,-73.9236
40.676662,-73.892914
40.69184,-73.91814
40.67504,-73.9055
40.695526,-73.91712
40.681824,-73.91912
40.689518,-73.91753
40.676888,-73.90543
40.69372,-73.92353
40.678127,-73.91976
40.679337,-73.91058
40.692272,-73.90329
40.69184,-73.91814
40.67901,-73.9203
40.68023,-73.906906
40.680256,-73.8924
40.695633,-73.925896
40.69243,-73.91648
40.688232,-73.91474
40.68335,-73.91886
40.691936,-73.9239
40.687656,-73.91719
40.696857,-73.89256
40.68362,-73.88154
40.67813,-73.9261
40.686733,-73.90873
40.682747,-73.889175
40.677216,-73.90914
40.69536,-73.89262
40.696102,-73.89032
40.7123,-73.78871
40.718407,-73.79873
40.71789,-73.79331
40.710293,-73.79139
40.710293,-73.79139
40.714714,-73.79362
40.71466,-73.795364
40.722305,-73.79864
40.71466,-73.795364
40.71466,-73.795364
40.710102,-73.80782
40.720158,-73.80068
40.72048,-73.80846
40.720516,-73.8034
40.71398,-73.8065
40.7141,-73.80864
40.72048,-73.80846
40.714516,-73.808975
40.72048,-73.80846
40.715233,-73.80869
40.718067,-73.80066
40.713734,-73.78947
40.712833,-73.791534
40.710403,-73.79886
40.717293,-73.78905
40.71232,-73.79725
40.71463,-73.78851
40.71133,-73.7937
40.712666,-73.78706
40.71459,-73.791985
40.715084,-73.78815
40.710323,-73.79812
40.71138,-73.789154
40.716934,-73.796455
40.71466,-73.795364
40.712833,-73.791534
40.71055,-73.797844
40.71162,-73.78572
40.71299,-73.78921
40.721615,-73.804794
40.720722,-73.80092
40.710293,-73.79139
40.713573,-73.79019
40.721508,-73.78849
40.716812,-73.788994
40.72073,-73.80054
40.712833,-73.791534
40.721394,-73.78715
40.7221,-73.80672
40.71266,-73.79163
40.716923,-73.78905
40.712666,-73.78706
40.711002,-73.80778
40.715153,-73.80594
40.714634,-73.79647
40.712666,-73.78706
40.71814,-73.793434
40.71466,-73.795364
40.71231,-73.78749
40.71231,-73.78749
40.712666,-73.78706
40.721302,-73.78949
40.71231,-73.78749
40.712666,-73.78706
40.712666,-73.78706
40.7123,-73.78871
40.71131,-73.80748
40.710285,-73.79827
40.71439,-73.79275
40.710022,-73.79894
40.71231,-73.78749
40.71266,-73.79163
40.71466,-73.795364
40.685596,-73.87308
40.68614,-73.86254
40.685215,-73.85859
40.69693,-73.84867
40.68565,-73.87309
40.68554,-73.87306
40.68285,-73.855064
40.69512,-73.86347
40.683258,-73.86527
40.690662,-73.85833
40.683823,-73.83545
40.68454,-73.87416
40.673462,-73.85281
40.676353,-73.84446
40.67577,-73.84779
40.68688,-73.86776
40.686047,-73.858894
40.68073,-73.832634
40.692715,-73.85551
40.678825,-73.8638
40.692944,-73.85085
40.677563,-73.84561
40.696823,-73.84541
40.67326,-73.87933
40.681393,-73.86932
40.686913,-73.87441
40.68495,-73.854095
40.676426,-73.873375
40.67847,-73.87873
40.6743,-73.84498
40.692924,-73.83523
40.678577,-73.83295
40.672348,-73.84175
40.67577,-73.84779
40.687813,-73.83357
40.676826,-73.8431
40.68027,-73.86261
40.701866,-73.88184
40.703156,-73.88783
40.713352,-73.88306
40.708485,-73.91948
40.71822,-73.900764
40.705254,-73.887085
40.710342,-73.90455
40.708244,-73.91491
40.69885,-73.9145
40.705555,-73.88533
40.70107,-73.923004
40.703968,-73.92578
40.720955,-73.89926
40.715893,-73.90491
40.721222,-73.8987
40.709286,-73.89751
40.698006,-73.8891
40.704044,-73.8901
40.721767,-73.89095
40.71855,-73.89887
40.710926,-73.89986
40.699825,-73.88947
40.705105,-73.90933
40.7119,-73.90017
40.69961,-73.92434
40.713547,-73.89586
40.714397,-73.88067
40.71019,-73.917435
40.69756,-73.892845
40.69971,-73.905716
40.72191,-73.883354
40.712337,-73.88325
40.70978,-73.90499
40.677303,-73.811584
40.683186,-73.80948
40.68196,-73.82207
40.675457,-73.82487
40.677773,-73.81693
40.676994,-73.82155
40.673283,-73.82539
40.683983,-73.81699
40.673416,-73.82532
40.68341,-73.82075
40.67715,-73.815674
40.686222,-73.86428
40.68764,-73.85543
40.689053,-73.85124
40.67473,-73.87215
40.68873,-73.86929
40.695274,-73.83851
40.67592,-73.840866
40.694233,-73.8504
40.69484,-73.843285
40.679764,-73.83303
40.68852,-73.868774
40.686413,-73.8744
40.694595,-73.86009
40.68458,-73.84487
40.67286,-73.86336
40.695087,-73.84926
40.681183,-73.84344
40.68844,-73.863045
40.695244,-73.838486
40.687454,-73.8415
40.679935,-73.84677
40.69325,-73.83802
40.673805,-73.85402
40.676746,-73.8706
40.686672,-73.87117
40.693237,-73.851
40.685184,-73.8506
40.68696,-73.857994
40.690685,-73.86542
40.673805,-73.85402
40.68813,-73.846825
40.677,-73.84251
40.689987,-73.83887
40.67399,-73.85219
40.70043,-73.828766
40.69919,-73.82578
40.70896,-73.81663
40.707882,-73.81254
40.707436,-73.818535
40.70936,-73.8285
40.704666,-73.83112
40.706028,-73.831985
40.70841,-73.827644
40.707558,-73.829506
40.708202,-73.828804
40.706028,-73.831985
40.70412,-73.83141
40.7097,-73.8306
40.700882,-73.817924
40.70604,-73.832016
40.707943,-73.827354
40.70841,-73.827644
40.707436,-73.818535
40.70303,-73.8273
40.7051,-73.82382
40.709534,-73.81766
40.707436,-73.818535
40.705,-73.824135
40.700836,-73.8263
40.70098,-73.810196
40.709778,-73.81869
40.7056,-73.83044
40.708275,-73.8287
40.701683,-73.81837
40.709534,-73.81766
40.708855,-73.81292
40.709778,-73.81869
40.70982,-73.81817
40.698765,-73.821014
40.720608,-73.86666
40.71339,-73.85686
40.72224,-73.85627
40.715294,-73.85832
40.721386,-73.870415
40.72224,-73.85627
40.71909,-73.87887
40.7136,-73.87779
40.721645,-73.86124
40.716156,-73.87907
40.72224,-73.85627
40.721405,-73.85614
40.720295,-73.857124
40.71847,-73.86101
40.719604,-73.85817
40.720867,-73.85912
40.71654,-73.856316
40.720295,-73.857124
40.721977,-73.8669
40.717857,-73.87571
40.7135,-73.85696
40.718357,-73.873856
40.71794,-73.87436
40.722145,-73.86677
40.720478,-73.856445
40.718277,-73.87404
40.720295,-73.857124
40.71946,-73.86307
40.713066,-73.85804
40.722305,-73.856064
40.712643,-73.86088
40.72131,-73.870575
40.709858,-73.874695
40.721977,-73.8669
40.719406,-73.860176
40.719807,-73.859184
40.71653,-73.87504
40.721806,-73.86674
40.721977,-73.8669
40.71986,-73.8639
40.722305,-73.856064
40.72224,-73.85627
40.719856,-73.871735
40.722145,-73.86677
40.72204,-73.86345
40.716393,-73.87322
40.713127,-73.85651
40.72219,-73.866554
40.716583,-73.85961
40.720295,-73.857124
40.721977,-73.8669
40.721405,-73.85614
40.720295,-73.857124
40.720295,-73.857124
40.721188,-73.85622
40.719357,-73.874214
40.712547,-73.85926
40.71705,-73.86067
40.71758,-73.85654
40.721977,-73.8669
40.718994,-73.86185
40.718994,-73.86185
40.720474,-73.87003
40.68357,-73.81058
40.67625,-73.82493
40.681046,-73.82233
40.677944,-73.8278
40.67351,-73.81823
40.683765,-73.82964
40.678364,-73.83198
40.67781,-73.8238
40.680695,-73.83132
40.680832,-73.82561
40.680176,-73.82017
40.68303,-73.81656
40.680832,-73.82561
40.68353,-73.82081
40.6779,-73.81705
40.68136,-73.829475
40.68291,-73.80934
40.677834,-73.823715
40.673336,-73.82486
40.68429,-73.81202
40.679813,-73.82372
40.67449,-73.82143
40.68314,-73.82363
40.680126,-73.81105
40.678802,-73.80933
40.67461,-73.817665
40.68177,-73.83049
40.68201,-73.81406
40.67461,-73.817665
40.6733,-73.82391
40.676575,-73.823845
40.68149,-73.82954
40.68153,-73.83241
40.68123,-73.829414
40.71677,-73.83342
40.720043,-73.839905
40.720043,-73.839905
40.717766,-73.83857
40.720013,-73.836075
40.71735,-73.8409
40.71676,-73.835724
40.72185,-73.8436
40.720043,-73.839905
40.718674,-73.84013
40.721485,-73.84113
40.71735,-73.8409
40.718094,-73.84246
40.72161,-73.84088
40.720646,-73.83642
40.71817,-73.838165
40.720623,-73.83664
40.720486,-73.83684
40.71858,-73.838615
40.71652,-73.832726
40.72067,-73.84038
40.72185,-73.8436
40.71652,-73.832726
40.71714,-73.8332
40.71652,-73.832726
40.720043,-73.839905
40.718643,-73.83888
40.717785,-73.839294
40.716526,-73.83687
40.720043,-73.839905
40.722122,-73.83916
40.718628,-73.84161
40.718094,-73.84246
40.71778,-73.83955
40.71639,-73.837715
40.721756,-73.84626
40.719414,-73.84526
40.71625,-73.84509
40.721214,-73.85157
40.719215,-73.84627
40.72159,-73.846115
40.722153,-73.84926
40.72159,-73.846115
40.721756,-73.84626
40.719215,-73.84627
40.72219,-73.849144
40.72159,-73.846115
40.721478,-73.8465
40.72159,-73.846115
40.722153,-73.84926
40.722153,-73.84926
40.719185,-73.84506
40.721264,-73.85542
40.721264,-73.85542
40.722263,-73.85567
40.72219,-73.849144
40.721004,-73.85138
40.717396,-73.8495
40.72219,-73.849144
40.722153,-73.84926
40.72219,-73.849144
40.71736,-73.85595
40.72109,-73.850945
40.71867,-73.85299
40.722153,-73.84926
40.717796,-73.85161
40.718704,-73.84548
40.718533,-73.84535
40.721134,-73.8558
40.71728,-73.85352
40.72219,-73.849144
40.72219,-73.849144
40.72159,-73.846115
40.71882,-73.84505
40.71651,-73.83483
40.719296,-73.841515
40.720737,-73.83778
40.71651,-73.83483
40.722374,-73.84054
40.720905,-73.839096
40.7207,-73.83793
40.71639,-73.837715
40.719296,-73.841515
40.721485,-73.84113
40.71723,-73.83272
40.71705,-73.83271
40.719296,-73.841515
40.71858,-73.838615
40.71651,-73.83483
40.719296,-73.841515
40.719296,-73.841515
40.71676,-73.835724
40.719296,-73.841515
40.71677,-73.83342
40.716526,-73.83687
40.71639,-73.837715
40.716793,-73.83498
40.71629,-73.837776
40.719654,-73.83945
40.720486,-73.83684
40.720486,-73.83684
40.717857,-73.84013
40.720905,-73.839096
40.720737,-73.83778
40.716427,-73.83779
40.721794,-73.8407
40.722122,-73.83916
40.71666,-73.834785
40.717915,-73.84004
40.720043,-73.839905
40.72185,-73.8436
40.720043,-73.839905
40.721924,-73.84077
40.717785,-73.839294
40.720043,-73.839905
40.718918,-73.83648
40.719654,-73.83945
40.72185,-73.8436
40.720043,-73.839905
40.71807,-73.84351
40.721485,-73.84113
40.721485,-73.84113
40.72232,-73.83974
40.722225,-73.84234
40.720623,-73.83664
40.72161,-73.84088
40.721924,-73.84077
40.718918,-73.83648
40.722225,-73.84234
40.719296,-73.841515
40.718903,-73.83932
40.716526,-73.83687
40.717636,-73.83659
40.72161,-73.84088
40.718918,-73.83648
40.71651,-73.83483
40.719654,-73.83945
40.71889,-73.84158
40.717785,-73.839294
40.71889,-73.84158
40.718918,-73.83648
40.719296,-73.841515
40.719296,-73.841515
40.72193,-73.84025
40.71651,-73.83483
40.722122,-73.83916
40.72158,-73.84297
40.72158,-73.84297
40.717857,-73.84013
40.718918,-73.83648
40.720646,-73.83642
40.718918,-73.83648
40.717766,-73.83857
40.72088,-73.839424
40.718056,-73.84287
40.717575,-73.83837
40.71725,-73.83282
40.718,-73.83957
40.720486,-73.83684
40.717754,-73.8386
40.71826,-73.83453
40.718292,-73.834854
40.720043,-73.839905
40.71807,-73.842415
40.72171,-73.842964
40.720043,-73.839905
40.72167,-73.84318
40.720646,-73.83642
40.722122,-73.83916
40.71852,-73.83523
40.716793,-73.83498
40.718903,-73.83932
40.71819,-73.834694
40.718838,-73.841484
40.71852,-73.83523
40.717766,-73.83857
40.721954,-73.84017
40.72185,-73.8436
40.721233,-73.83874
40.72214,-73.8435
40.720318,-73.84315
40.71735,-73.8409
40.717377,-73.840744
40.718895,-73.84419
40.70125,-73.809814
40.704205,-73.82351
40.70265,-73.83207
40.697346,-73.829544
40.707943,-73.827354
40.7067,-73.83052
40.707733,-73.82744
40.69944,-73.83212
40.699207,-73.81612
40.70125,-73.80981
40.705254,-73.83245
40.706028,-73.831985
40.7097,-73.8306
40.7051,-73.82382
40.70841,-73.827644
40.705574,-73.82169
40.70841,-73.827644
40.70896,-73.81663
40.70982,-73.81817
40.706158,-73.82615
40.70125,-73.80981
40.70599,-73.82627
40.709534,-73.81766
40.70649,-73.811806
40.70606,-73.83148
40.705147,-73.82275
40.69826,-73.83105
40.704414,-73.83162
40.7051,-73.8146
40.708584,-73.82798
40.708942,-73.8159
40.70926,-73.81631
40.70729,-73.82991
40.705254,-73.83245
40.720646,-73.83642
40.72232,-73.83974
40.720043,-73.839905
40.72171,-73.842964
40.720486,-73.83684
40.722374,-73.84054
40.721523,-73.83645
40.721924,-73.84077
40.717457,-73.84132
40.720646,-73.83642
40.717915,-73.84004
40.720013,-73.836075
40.716526,-73.83687
40.71727,-73.833595
40.718918,-73.83648
40.722374,-73.84054
40.721256,-73.84122
40.71858,-73.8392
40.72049,-73.83657
40.72152,-73.83645
40.719936,-73.83567
40.720013,-73.836075
40.716988,-73.838554
40.720013,-73.836075
40.721233,-73.83874
40.71735,-73.8409
40.718895,-73.84419
40.72158,-73.84297
40.721233,-73.83874
40.71727,-73.833595
40.719936,-73.83567
40.720737,-73.83778
40.7217,-73.84075
40.716988,-73.838554
40.71735,-73.8409
40.720734,-73.839676
40.718094,-73.84246
40.718674,-73.84013
40.71705,-73.83271
40.718838,-73.841484
40.71629,-73.837776
40.718838,-73.841484
40.720783,-73.84077
40.718094,-73.84246
40.71705,-73.83271
40.71723,-73.83272
40.7207,-73.83793
40.71615,-73.839485
40.717785,-73.839294
40.721264,-73.84027
40.722374,-73.84054
40.716793,-73.83498
40.71677,-73.83342
40.721348,-73.84036
40.720734,-73.839676
40.720905,-73.839096
40.71705,-73.83271
40.71723,-73.83272
40.72161,-73.84088
40.71976,-73.84367
40.71676,-73.835724
40.71677,-73.83342
40.720013,-73.836075
40.720013,-73.836075
40.721584,-73.84188
40.718918,-73.83648
40.718895,-73.84419
40.717766,-73.83857
40.720043,-73.839905
40.71677,-73.83342
40.722122,-73.83916
40.720318,-73.84315
40.71677,-73.83342
40.719032,-73.95565
40.71844,-73.96388
40.712166,-73.958405
40.718258,-73.952774
40.718815,-73.951294
40.72058,-73.962456
40.719597,-73.9642
40.718033,-73.95301
40.719063,-73.957184
40.719597,-73.9642
40.716347,-73.951675
40.71122,-73.95832
40.71874,-73.952736
40.71859,-73.953606
40.720062,-73.96353
40.71844,-73.96388
40.711987,-73.965034
40.712025,-73.96183
40.71368,-73.961525
40.71492,-73.96181
40.718575,-73.958244
40.713745,-73.961555
40.71012,-73.96794
40.71926,-73.95603
40.71859,-73.953606
40.712734,-73.96269
40.71844,-73.96388
40.71492,-73.96181
40.711666,-73.95703
40.71043,-73.96636
40.71844,-73.96388
40.71844,-73.96388
40.71301,-73.96297
40.71844,-73.96388
40.714348,-73.835365
40.712418,-73.83397
40.71598,-73.83924
40.71195,-73.83589
40.71185,-73.83533
40.714348,-73.835365
40.712273,-73.835495
40.71258,-73.84229
40.712418,-73.83397
40.712585,-73.8342
40.71283,-73.834656
40.71477,-73.837204
40.712418,-73.83397
40.712418,-73.83397
40.71314,-73.834175
40.709854,-73.84399
40.712418,-73.83397
40.714634,-73.835686
40.712585,-73.8342
40.71431,-73.83533
40.71422,-73.83504
40.71283,-73.834656
40.71295,-73.83524
40.712585,-73.8342
40.71283,-73.834656
40.71283,-73.834656
40.714634,-73.835686
40.714634,-73.835686
40.710938,-73.842545
40.712936,-73.83435
40.714634,-73.835686
40.71283,-73.834656
40.714634,-73.835686
40.721138,-73.853905
40.718025,-73.85336
40.721138,-73.853905
40.718117,-73.855835
40.719215,-73.84627
40.71769,-73.853134
40.72219,-73.849144
40.718903,-73.84617
40.721474,-73.855705
40.717636,-73.85435
40.719185,-73.84506
40.721783,-73.85285
40.722153,-73.84926
40.722153,-73.84926
40.719166,-73.84627
40.72219,-73.849144
40.72219,-73.849144
40.719215,-73.84627
40.719166,-73.84627
40.721115,-73.85131
40.721916,-73.852806
40.721626,-73.85411
40.71845,-73.852394
40.719185,-73.84506
40.717445,-73.8518
40.71761,-73.85436
40.719215,-73.84627
40.721783,-73.85539
40.719166,-73.84627
40.719215,-73.84627
40.718704,-73.84548
40.719215,-73.84627
40.72067,-73.84632
40.718563,-73.85055
40.72219,-73.849144
40.719185,-73.84506
40.718998,-73.85457
40.72109,-73.850945
40.72083,-73.850525
40.720394,-73.8558
40.71962,-73.84621
40.721756,-73.84626
40.72109,-73.850945
40.71962,-73.84621
40.722153,-73.84926
40.722153,-73.84926
40.71823,-73.85547
40.721783,-73.85539
40.71962,-73.84621
40.72219,-73.849144
40.71922,-73.84568
40.72159,-73.846115
40.72159,-73.846115
40.722153,-73.84926
40.71962,-73.84621
40.720688,-73.853516
40.721756,-73.84626
40.719334,-73.84567
40.718704,-73.84548
40.72159,-73.846115
40.716484,-73.84491
40.71686,-73.85457
40.72051,-73.85368
40.718533,-73.84535
40.721756,-73.84626
40.721756,-73.84626
40.72219,-73.849144
40.72159,-73.846115
40.72159,-73.846115
40.69127,-73.927734
40.692097,-73.93006
40.692772,-73.93371
40.68905,-73.93656
40.689194,-73.92922
40.6855,-73.92874
40.688747,-73.946175
40.693974,-73.93324
40.689423,-73.93126
40.689102,-73.93358
40.693954,-73.94572
40.68782,-73.92807
40.687214,-73.93753
40.687756,-73.928665
40.696915,-73.926865
40.689373,-73.931694
40.68526,-73.9349
40.69294,-73.933235
40.687828,-73.92802
40.693653,-73.942535
40.691227,-73.93513
40.686134,-73.93
40.690098,-73.93439
40.69127,-73.927734
40.693687,-73.926544
40.60959,-73.92583
40.62126,-73.91064
40.60695,-73.90653
40.60597,-73.91156
40.608784,-73.92569
40.616383,-73.90275
40.61412,-73.921684
40.621346,-73.90828
40.61417,-73.92325
40.60905,-73.91076
40.618958,-73.91194
40.617287,-73.90179
40.6071,-73.90537
40.606655,-73.91396
40.61781,-73.92416
40.611874,-73.90562
40.61364,-73.91925
40.60699,-73.92539
40.61135,-73.90697
40.6213,-73.924675
40.612133,-73.90548
40.611286,-73.92528
40.61297,-73.90722
40.620525,-73.92091
40.613777,-73.91863
40.61895,-73.91439
40.613777,-73.91863
40.60373,-73.91122
40.606762,-73.91523
40.62124,-73.91534
40.61628,-73.91914
40.618645,-73.904465
40.693905,-73.82322
40.694714,-73.81834
40.693012,-73.811905
40.691692,-73.823296
40.69558,-73.81666
40.692566,-73.819496
40.690098,-73.81031
40.69407,-73.82023
40.69261,-73.82492
40.688786,-73.83015
40.693024,-73.824905
40.68931,-73.81059
40.69356,-73.81566
40.68825,-73.81479
40.68957,-73.81501
40.69096,-73.82568
40.691715,-73.81668
40.689163,-73.82323
40.69175,-73.811424
40.69085,-73.82835
40.686085,-73.82466
40.69177,-73.81135
40.692997,-73.81529
40.69116,-73.815445
40.690346,-73.83187
40.69219,-73.819
40.68741,-73.82118
40.690395,-73.81841
40.693127,-73.83026
40.68714,-73.82936
40.685455,-73.82477
40.686844,-73.83087
40.68941,-73.81536
40.696465,-73.83017
40.692993,-73.825005
40.691296,-73.81455
40.68524,-73.814255
40.695164,-73.818565
40.69084,-73.817215
40.60676,-73.90312
40.614372,-73.92173
40.615658,-73.92041
40.621445,-73.91131
40.613995,-73.92229
40.61709,-73.915184
40.616287,-73.924934
40.60613,-73.90299
40.613995,-73.92229
40.60852,-73.92241
40.60726,-73.91391
40.61852,-73.91439
40.6101,-73.909676
40.605892,-73.91465
40.61632,-73.9253
40.612183,-73.9089
40.61552,-73.9035
40.621372,-73.92344
40.621166,-73.91815
40.621254,-73.922935
40.615456,-73.910965
40.620537,-73.90369
40.620537,-73.90369
40.62059,-73.919975
40.61227,-73.90702
40.613937,-73.91827
40.61402,-73.91966
40.607224,-73.90676
40.619534,-73.92152
40.61899,-73.91444
40.606903,-73.91592
40.610294,-73.914215
40.617672,-73.9159
40.607533,-73.908295
40.685852,-73.82671
40.689465,-73.821014
40.687645,-73.80967
40.69254,-73.82488
40.69563,-73.81475
40.692554,-73.83108
40.6875,-73.82663
40.691257,-73.8155
40.68465,-73.81326
40.696064,-73.81732
40.69016,-73.83193
40.687363,-73.818054
40.692062,-73.81396
40.694233,-73.81406
40.69342,-73.83132
40.69209,-73.81382
40.69557,-73.815094
40.68878,-73.83017
40.69299,-73.81532
40.694183,-73.81403
40.69272,-73.83116
40.687153,-73.83145
40.693874,-73.82726
40.685272,-73.82751
40.693726,-73.81574
40.692406,-73.81159
40.691174,-73.8217
40.685547,-73.8144
40.693783,-73.81034
40.690514,-73.83009
40.684937,-73.81873
40.685333,-73.81893
40.618618,-73.9165
40.62136,-73.91604
40.619766,-73.901985
40.618664,-73.91161
40.609898,-73.90352
40.617615,-73.92312
40.613945,-73.919174
40.614246,-73.91975
40.621113,-73.9143
40.61287,-73.90855
40.621273,-73.91594
40.617756,-73.914375
40.60683,-73.92522
40.61385,-73.919945
40.62111,-73.91426
40.60794,-73.906525
40.6143,-73.90212
40.61468,-73.90735
40.614246,-73.91975
40.613945,-73.919174
40.61566,-73.9112
40.60682,-73.90655
40.608856,-73.912926
40.610207,-73.91065
40.61737,-73.91311
40.684753,-73.81864
40.695625,-73.829704
40.684654,-73.82016
40.684826,-73.817726
40.688755,-73.82068
40.695415,-73.8165
40.689552,-73.81276
40.690414,-73.81509
40.693146,-73.82756
40.690964,-73.819405
40.68919,-73.81152
40.695404,-73.82628
40.68951,-73.81274
40.69045,-73.831924
40.69492,-73.81058
40.68694,-73.8103
40.686005,-73.81146
40.686005,-73.81146
40.691578,-73.81661
40.692932,-73.81277
40.691895,-73.81913
40.687733,-73.81646
40.686344,-73.81942
40.687588,-73.81905
40.686047,-73.8249
40.693882,-73.82723
40.69172,-73.83031
40.692707,-73.811745
40.691925,-73.81678
40.69509,-73.8097
40.692707,-73.811745
40.609726,-73.92354
40.621464,-73.91559
40.614704,-73.90136
40.618244,-73.91115
40.61228,-73.90623
40.620625,-73.90794
40.619087,-73.90746
40.604534,-73.909706
40.618683,-73.90815
40.613308,-73.90227
40.61879,-73.905045
40.621246,-73.91408
40.620625,-73.90794
40.61902,-73.90494
40.614777,-73.9122
40.606197,-73.91121
40.61914,-73.907524
40.607742,-73.90901
40.60793,-73.90279
40.61752,-73.92543
40.60919,-73.90776
40.61531,-73.90278
40.618935,-73.905205
40.62039,-73.921906
40.61868,-73.91883
40.620712,-73.910545
40.621204,-73.90583
40.60903,-73.91076
40.617874,-73.91874
40.610966,-73.91127
40.617367,-73.92311
40.61584,-73.8997
40.614273,-73.91864
40.720055,-73.85462
40.72219,-73.849144
40.722153,-73.84926
40.71882,-73.84505
40.720108,-73.8526
40.72109,-73.850945
40.72219,-73.849144
40.719414,-73.84526
40.721214,-73.85157
40.72219,-73.849144
40.71882,-73.84505
40.719166,-73.84627
40.72219,-73.849144
40.72219,-73.849144
40.72139,-73.84492
40.72131,-73.84501
40.72167,-73.853645
40.721783,-73.85539
40.72219,-73.849144
40.72167,-73.853645
40.722153,-73.84926
40.721783,-73.85539
40.72167,-73.853645
40.72186,-73.85589
40.721478,-73.8465
40.72131,-73.84501
40.71962,-73.84621
40.72167,-73.853645
40.722153,-73.84926
40.71962,-73.84621
40.721336,-73.85595
40.72219,-73.849144
40.721405,-73.852486
40.71752,-73.849846
40.721474,-73.855705
40.613567,-73.95129
40.6201,-73.9705
40.615005,-73.95122
40.611618,-73.965706
40.612934,-73.9622
40.611618,-73.965706
40.614033,-73.9581
40.61155,-73.95656
40.6211,-73.96923
40.6211,-73.96923
40.616688,-73.95658
40.6211,-73.96923
40.61328,-73.950806
40.61152,-73.95718
40.6211,-73.96923
40.6211,-73.96923
40.613426,-73.95945
40.610943,-73.96088
40.610943,-73.96088
40.61211,-73.96892
40.610943,-73.96088
40.611618,-73.965706
40.61211,-73.96892
40.611477,-73.9546
40.62088,-73.95383
40.611618,-73.965706
40.614937,-73.95974
40.619267,-73.95084
40.61609,-73.96483
40.620113,-73.95514
40.614918,-73.95358
40.61155,-73.95656
40.713142,-73.94604
40.722008,-73.943535
40.718185,-73.941414
40.711967,-73.94976
40.721195,-73.94773
40.715637,-73.94549
40.718185,-73.941414
40.714447,-73.94079
40.721096,-73.94738
40.71668,-73.945915
40.72014,-73.94726
40.711926,-73.94537
40.718857,-73.94878
40.713505,-73.944786
40.718895,-73.94153
40.714447,-73.94079
40.712257,-73.943375
40.714367,-73.94353
40.710293,-73.94796
40.712063,-73.9454
40.711926,-73.94537
40.61171,-73.92781
40.61932,-73.93234
40.61015,-73.92969
40.619102,-73.94375
40.609505,-73.92942
40.611275,-73.938385
40.610138,-73.93636
40.61693,-73.933754
40.61443,-73.94793
40.610138,-73.93636
40.61443,-73.94793
40.61255,-73.93782
40.616783,-73.93738
40.61101,-73.93563
40.61394,-73.93692
40.61313,-73.94463
40.617344,-73.943825
40.609318,-73.93684
40.61313,-73.94463
40.619274,-73.94143
40.611416,-73.93978
40.612976,-73.927155
40.609116,-73.928986
40.614517,-73.93624
40.61173,-73.93569
40.685547,-73.96083
40.69217,-73.964195
40.68881,-73.95208
40.691452,-73.958916
40.687965,-73.960205
40.69217,-73.964195
40.690567,-73.96583
40.691452,-73.958916
40.691814,-73.96904
40.687763,-73.966896
40.69257,-73.965195
40.691784,-73.96822
40.691814,-73.96904
40.689793,-73.96281
40.688564,-73.96076
40.69257,-73.965195
40.68802,-73.95899
40.69217,-73.964195
40.688564,-73.96076
40.689793,-73.96281
40.69216,-73.96839
40.691814,-73.96904
40.69217,-73.964195
40.686844,-73.95367
40.694572,-73.970436
40.693874,-73.96433
40.68736,-73.966675
40.684853,-73.9699
40.686962,-73.95263
40.694664,-73.967834
40.693874,-73.96433
40.691814,-73.96904
40.693447,-73.97228
40.694664,-73.967834
40.68727,-73.95718
40.691086,-73.95801
40.685547,-73.96083
40.68731,-73.96711
40.607166,-73.91551
40.621124,-73.90664
40.61413,-73.9223
40.615322,-73.92036
40.615482,-73.900665
40.615425,-73.923256
40.61792,-73.91618
40.61951,-73.9218
40.617428,-73.917465
40.618824,-73.90508
40.615005,-73.91822
40.61516,-73.90942
40.615005,-73.91822
40.608704,-73.90711
40.61838,-73.90486
40.614906,-73.92573
40.618416,-73.914085
40.608425,-73.907166
40.618565,-73.902725
40.613544,-73.92037
40.619823,-73.90657
40.60844,-73.90832
40.614857,-73.91881
40.61456,-73.91989
40.617256,-73.91421
40.606674,-73.90443
40.61413,-73.9223
40.61841,-73.91133
40.618202,-73.9111
40.621002,-73.92002
40.612698,-73.909065
40.61633,-73.926254
40.719215,-73.84627
40.719166,-73.84627
40.72167,-73.853645
40.721264,-73.85542
40.722153,-73.84926
40.721474,-73.855705
40.71922,-73.84568
40.71922,-73.84568
40.721485,-73.84663
40.722317,-73.85497
40.718063,-73.85133
40.719166,-73.84627
40.72219,-73.849144
40.71773,-73.85042
40.722153,-73.84926
40.719185,-73.84506
40.716843,-73.85516
40.721584,-73.85466
40.71962,-73.84621
40.719185,-73.84506
40.716843,-73.85516
40.717384,-73.84947
40.72219,-73.849144
40.71962,-73.84621
40.718216,-73.85025
40.716705,-73.84964
40.719185,-73.84506
40.71882,-73.84505
40.72159,-73.846115
40.72149,-73.853546
40.718216,-73.85025
40.71907,-73.85409
40.72219,-73.849144
40.718704,-73.84548
40.71882,-73.84505
40.69216,-73.96839
40.693874,-73.96433
40.68709,-73.96756
40.690567,-73.96583
40.687225,-73.966965
40.68482,-73.96661
40.685627,-73.96157
40.68986,-73.965775
40.69432,-73.96869
40.687225,-73.966965
40.691513,-73.95682
40.69217,-73.964195
40.685547,-73.96083
40.69339,-73.96854
40.6858,-73.96098
40.691513,-73.95682
40.68711,-73.95804
40.688564,-73.96076
40.69217,-73.964195
40.691612,-73.954315
40.69672,-73.96787
40.685696,-73.96393
40.68671,-73.957306
40.69217,-73.964195
40.693516,-73.96857
40.685627,-73.95963
40.686344,-73.9673
40.690567,-73.96583
40.687767,-73.95871
40.69217,-73.964195
40.69257,-73.965195
40.69257,-73.965195
40.68704,-73.96097
40.68557,-73.96864
40.693966,-73.968636
40.689453,-73.95302
40.691467,-73.95886
40.692047,-73.96842
40.69029,-73.95653
40.69217,-73.964195
40.68849,-73.96734
40.690567,-73.96583
40.691814,-73.96904
40.687763,-73.966896
40.690567,-73.96583
40.685547,-73.96083
40.694958,-73.967896
40.694958,-73.967896
40.690838,-73.9717
40.69257,-73.965195
40.687103,-73.96737
40.687794,-73.95849
40.687103,-73.96737
40.691277,-73.972626
40.69255,-73.95504
40.69442,-73.96942
40.69442,-73.96942
40.685825,-73.951836
40.68731,-73.96711
40.6949,-73.955505
40.69257,-73.965195
40.686317,-73.97109
40.686485,-73.96981
40.685696,-73.96393
40.69217,-73.964195
40.68904,-73.966515
40.687225,-73.966965
40.697144,-73.95789
40.687103,-73.96737
40.692394,-73.96906
40.691814,-73.96904
40.685654,-73.96193
40.687103,-73.96737
40.685375,-73.95615
40.690025,-73.96776
40.69364,-73.9726
40.690567,-73.96583
40.691814,-73.96904
40.693787,-73.96487
40.69216,-73.96839
40.69217,-73.964195
40.68734,-73.956635
40.688393,-73.962234
40.68904,-73.966515
40.693966,-73.968636
40.69224,-73.96813
40.689995,-73.95236
40.69224,-73.96813
40.69171,-73.968285
40.68558,-73.95161
40.68467,-73.95985
40.68818,-73.96163
40.68776,-73.97194
40.68788,-73.95746
40.69216,-73.96839
40.69271,-73.96847
40.690567,-73.96583
40.691814,-73.96904
40.686344,-73.96049
40.6946,-73.96783
40.69224,-73.96813
40.68731,-73.96711
40.68725,-73.968185
40.691814,-73.96904
40.69217,-73.964195
40.691814,-73.96904
40.69217,-73.964195
40.687244,-73.968185
40.695423,-73.955475
40.69207,-73.96023
40.69217,-73.964195
40.68881,-73.95208
40.687244,-73.968185
40.69224,-73.96813
40.69094,-73.957596
40.687103,-73.96737
40.685974,-73.95791
40.690567,-73.96583
40.69404,-73.96285
40.6949,-73.955505
40.686737,-73.95055
40.687054,-73.95832
40.692047,-73.96842
40.694225,-73.9694
40.69442,-73.96942
40.6947,-73.96982
40.69217,-73.964195
40.693874,-73.96433
40.693874,-73.96433
40.687244,-73.968185
40.685547,-73.96083
40.69442,-73.96942
40.687103,-73.96737
40.69217,-73.964195
40.693874,-73.96433
40.6949,-73.955505
40.687225,-73.966965
40.68704,-73.95846
40.68711,-73.95804
40.69224,-73.96813
40.687103,-73.96737
40.688477,-73.95902
40.69217,-73.964195
40.691814,-73.96904
40.69224,-73.96813
40.69045,-73.95132
40.687244,-73.968185
40.69224,-73.96813
40.689793,-73.96281
40.687897,-73.97309
40.687244,-73.968185
40.692944,-73.96827
40.69217,-73.964195
40.691814,-73.96904
40.691814,-73.96904
40.687103,-73.96737
40.68904,-73.95697
40.689453,-73.95302
40.692047,-73.96842
40.691814,-73.96904
40.688477,-73.95902
40.687325,-73.95849
40.684628,-73.96962
40.692303,-73.9573
40.687244,-73.968185
40.68704,-73.95846
40.687244,-73.968185
40.68788,-73.95746
40.69216,-73.96839
40.688126,-73.96818
40.687244,-73.968185
40.685696,-73.97007
40.691452,-73.958916
40.686302,-73.95476
40.69224,-73.96813
40.68731,-73.96711
40.68467,-73.95985
40.687206,-73.960175
40.685547,-73.96083
40.687542,-73.95414
40.69257,-73.965195
40.689083,-73.953735
40.685825,-73.951836
40.691814,-73.96904
40.69448,-73.966415
40.69257,-73.965195
40.68731,-73.96711
40.68983,-73.97242
40.691814,-73.96904
40.690567,-73.96583
40.69452,-73.96835
40.69224,-73.96813
40.685547,-73.96864
40.68711,-73.95804
40.69257,-73.965195
40.687805,-73.958374
40.69394,-73.96374
40.68482,-73.96661
40.692047,-73.96842
40.687794,-73.95849
40.620823,-73.923836
40.618385,-73.9167
40.615856,-73.90216
40.61745,-73.9231
40.613716,-73.92225
40.621265,-73.90695
40.613716,-73.92225
40.61348,-73.9203
40.61821,-73.91474
40.606865,-73.91508
40.615574,-73.903564
40.61847,-73.90432
40.60682,-73.90655
40.61591,-73.90222
40.616264,-73.91821
40.616924,-73.90459
40.6106,-73.90948
40.614597,-73.92209
40.61431,-73.9179
40.616505,-73.91729
40.61434,-73.91085
40.60903,-73.91372
40.620373,-73.92479
40.60628,-73.91454
40.60456,-73.9113
40.621155,-73.92004
40.620583,-73.90289
40.619102,-73.902565
40.610085,-73.91392
40.621292,-73.90747
40.614292,-73.91968
40.618183,-73.91363
40.614902,-73.92281
40.61432,-73.91828
40.613945,-73.919174
40.616093,-73.91856
40.6721,-73.94707
40.67393,-73.93167
40.679314,-73.93951
40.674946,-73.94019
40.683308,-73.941185
40.67934,-73.94001
40.678406,-73.9351
40.6721,-73.94707
40.68442,-73.9316
40.68124,-73.94624
40.67721,-73.94583
40.68052,-73.947945
40.6721,-73.94707
40.677013,-73.94815
40.67721,-73.94583
40.6721,-73.94707
40.684265,-73.937004
40.682755,-73.94345
40.682755,-73.94345
40.67216,-73.93626
40.6721,-73.94707
40.673798,-73.926704
40.676586,-73.94913
40.682755,-73.94345
40.68393,-73.92901
40.68007,-73.94807
40.683228,-73.929115
40.675797,-73.94004
40.673122,-73.94771
40.684277,-73.9499
40.680725,-73.94928
40.67379,-73.92901
40.6721,-73.94707
40.68239,-73.93624
40.6721,-73.94707
40.683308,-73.941185
40.6721,-73.94707
40.68028,-73.93258
40.687763,-73.966896
40.691082,-73.95763
40.685547,-73.96083
40.69404,-73.96285
40.686913,-73.95654
40.693787,-73.96487
40.685547,-73.96083
40.687244,-73.968185
40.602177,-73.953835
40.598927,-73.953285
40.601044,-73.96433
40.601044,-73.96433
40.607784,-73.95547
40.60416,-73.95935
40.599457,-73.96055
40.601044,-73.96433
40.604748,-73.969345
40.60474,-73.969406
40.601852,-73.95377
40.60219,-73.97084
40.601044,-73.96433
40.60042,-73.96009
40.603687,-73.952225
40.60165,-73.9716
40.602127,-73.97078
40.60424,-73.96027
40.605938,-73.95841
40.606586,-73.9605
40.60486,-73.96398
40.607674,-73.95032
40.60379,-73.95318
40.603687,-73.952225
40.606182,-73.97006
40.601578,-73.9634
40.602165,-73.971115
40.607784,-73.95547
40.607784,-73.95547
40.59873,-73.95966
40.60332,-73.95773
40.60219,-73.97084
40.60182,-73.97106
40.604527,-73.965904
40.60745,-73.97134
40.69302,-73.96761
40.689827,-73.972496
40.685112,-73.97107
40.69217,-73.964195
40.685547,-73.96083
40.6946,-73.96783
40.69339,-73.96854
40.69257,-73.965195
40.685123,-73.97077
40.687225,-73.966965
40.68731,-73.96711
40.69302,-73.96761
40.691452,-73.958916
40.684628,-73.96962
40.68506,-73.96554
40.693787,-73.96487
40.692127,-73.97014
40.691784,-73.96822
40.691784,-73.96822
40.687225,-73.966965
40.69124,-73.955795
40.686485,-73.966866
40.692467,-73.95448
40.693787,-73.96487
40.68751,-73.97187
40.68828,-73.9673
40.693787,-73.96487
40.69282,-73.97247
40.691082,-73.95763
40.69637,-73.9728
40.692944,-73.96827
40.693787,-73.96487
40.69638,-73.95571
40.69094,-73.957596
40.693787,-73.96487
40.687103,-73.96737
40.687244,-73.968185
40.693787,-73.96487
40.575466,-73.96664
40.5754,-73.96267
40.57575,-73.967926
40.578403,-73.97196
40.5774,-73.95718
40.579216,-73.97132
40.577442,-73.9564
40.575863,-73.95721
40.57948,-73.97014
40.5754,-73.96268
40.576748,-73.972786
40.5822,-73.95765
40.578365,-73.97337
40.575302,-73.96803
40.577442,-73.9564
40.57639,-73.96435
40.578365,-73.97337
40.577538,-73.95869
40.578365,-73.97337
40.578365,-73.97337
40.902325,-73.88853
40.905277,-73.90321
40.905346,-73.89666
40.906563,-73.90659
40.906563,-73.90659
40.90821,-73.905495
40.910393,-73.8991
40.906563,-73.90659
40.90821,-73.905495
40.904762,-73.90519
40.909958,-73.89922
40.9052,-73.9061
40.907265,-73.89893
40.905346,-73.89666
40.90821,-73.905495
40.906563,-73.90659
40.906563,-73.90659
40.903767,-73.89769
40.902325,-73.88853
40.906563,-73.90659
40.907295,-73.90857
40.906563,-73.90659
40.90685,-73.897255
40.902325,-73.88853
40.902058,-73.900055
40.902058,-73.900055
40.902058,-73.900055
40.906693,-73.906364
40.902058,-73.900055
40.902058,-73.900055
40.902058,-73.900055
40.902058,-73.900055
40.902058,-73.900055
40.90341,-73.900536
40.904762,-73.90519
40.902058,-73.900055
40.904556,-73.905945
40.90341,-73.900536
40.909164,-73.9056
40.904762,-73.90519
40.909164,-73.9056
40.587006,-73.940155
40.58657,-73.94952
40.58657,-73.94952
40.58391,-73.94238
40.58657,-73.94952
40.585052,-73.93831
40.584213,-73.939125
40.590424,-73.93595
40.58629,-73.9424
40.587383,-73.94875
40.59598,-73.94904
40.588924,-73.94338
40.587383,-73.94875
40.583942,-73.94208
40.586334,-73.945
40.59037,-73.93658
40.59165,-73.94285
40.589195,-73.94096
40.58657,-73.94952
40.5927,-73.93925
40.586334,-73.945
40.58933,-73.949905
40.586334,-73.945
40.586506,-73.94506
40.58449,-73.93147
40.58933,-73.949905
40.58556,-73.94656
40.587692,-73.926575
40.67886,-73.96382
40.676525,-73.96216
40.679893,-73.96391
40.67449,-73.96405
40.68147,-73.97233
40.67383,-73.9536
40.674503,-73.97286
40.676525,-73.96216
40.68144,-73.97225
40.67468,-73.95256
40.672966,-73.96052
40.67471,-73.96738
40.683765,-73.95685
40.675056,-73.96889
40.67355,-73.964096
40.67266,-73.96472
40.67616,-73.96036
40.672966,-73.96052
40.672523,-73.95697
40.672966,-73.96052
40.67886,-73.96382
40.678356,-73.96832
40.67456,-73.96777
40.678356,-73.96832
40.68401,-73.95763
40.672638,-73.97144
40.67886,-73.96382
40.675556,-73.96925
40.67567,-73.97087
40.682446,-73.95903
40.677643,-73.96108
40.67886,-73.96382
40.681877,-73.96417
40.676483,-73.96892
40.676228,-73.97292
40.673775,-73.95616
40.67886,-73.96382
40.673462,-73.97222
40.673122,-73.97144
40.674427,-73.96854
40.677265,-73.97014
40.677265,-73.97014
40.6758,-73.97022
40.674427,-73.96854
40.67886,-73.96382
40.678158,-73.96317
40.673492,-73.95929
40.67456,-73.96777
40.67226,-73.95099
40.67567,-73.97088
40.682774,-73.95646
40.67225,-73.9631
40.6758,-73.97022
40.673237,-73.96705
40.672024,-73.97269
40.676525,-73.96216
40.67886,-73.96382
40.683395,-73.95422
40.67456,-73.96777
40.67521,-73.967285
40.683384,-73.95444
40.67671,-73.970184
40.675186,-73.96867
40.681767,-73.95388
40.676018,-73.95092
40.67456,-73.96777
40.672565,-73.96419
40.673462,-73.97222
40.67854,-73.96284
40.682533,-73.958435
40.682735,-73.96185
40.673237,-73.96705
40.67521,-73.967285
40.681877,-73.96417
40.681046,-73.954025
40.672966,-73.96052
40.67671,-73.970184
40.68311,-73.96601
40.677128,-73.962906
40.67808,-73.96535
40.681873,-73.96417
40.675243,-73.97334
40.681877,-73.96417
40.67671,-73.970184
40.684128,-73.9667
40.672565,-73.96419
40.682446,-73.95903
40.68314,-73.959595
40.673164,-73.96669
40.674885,-73.96804
40.675533,-73.95089
40.67445,-73.97196
40.67886,-73.96382
40.67707,-73.96477
40.67886,-73.96382
40.678104,-73.96301
40.677586,-73.9719
40.673855,-73.9505
40.673462,-73.97222
40.674046,-73.96366
40.67567,-73.97087
40.675556,-73.96925
40.680046,-73.96394
40.67503,-73.97226
40.68073,-73.97174
40.67277,-73.972534
40.681877,-73.96417
40.682446,-73.95903
40.67279,-73.97182
40.675827,-73.95713
40.677727,-73.96853
40.67986,-73.96468
40.682484,-73.963165
40.67886,-73.96382
40.67335,-73.97337
40.673775,-73.95616
40.67279,-73.97182
40.67456,-73.96777
40.673542,-73.96842
40.67886,-73.96382
40.677265,-73.97014
40.678356,-73.96832
40.67456,-73.96777
40.675465,-73.971954
40.67662,-73.969505
40.676075,-73.97254
40.683777,-73.95674
40.677727,-73.96853
40.678356,-73.9652
40.674168,-73.97177
40.678696,-73.97041
40.684326,-73.964676
40.673462,-73.97222
40.675533,-73.95089
40.680305,-73.9697
40.675556,-73.96925
40.676865,-73.96384
40.677456,-73.96857
40.67662,-73.969505
40.682446,-73.95903
40.67456,-73.96777
40.676228,-73.97292
40.674427,-73.96854
40.67509,-73.95794
40.677197,-73.96981
40.675995,-73.96224
40.676132,-73.95572
40.676487,-73.96892
40.674183,-73.96252
40.6758,-73.97022
40.682735,-73.96185
40.67335,-73.97337
40.674664,-73.9725
40.681038,-73.96165
40.675148,-73.96041
40.674885,-73.96804
40.680714,-73.96825
40.67708,-73.973366
40.67257,-73.97127
40.684338,-73.96859
40.675804,-73.97022
40.67335,-73.97337
40.675243,-73.97334
40.67335,-73.97337
40.681488,-73.97297
40.680904,-73.95813
40.674664,-73.9725
40.67752,-73.95188
40.673958,-73.9532
40.67456,-73.96777
40.672092,-73.97183
40.676075,-73.97254
40.680405,-73.96399
40.6758,-73.97022
40.677357,-73.97059
40.67567,-73.97087
40.674427,-73.96854
40.67251,-73.96312
40.680878,-73.96003
40.67521,-73.967285
40.67889,-73.964485
40.67567,-73.97087
40.682835,-73.95191
40.67951,-73.96743
40.67355,-73.964096
40.67886,-73.96382
40.67274,-73.965065
40.672256,-73.95099
40.67449,-73.96405
40.67335,-73.97337
40.676365,-73.972466
40.67886,-73.96382
40.675243,-73.96845
40.67226,-73.95099
40.676365,-73.972466
40.680714,-73.96825
40.67449,-73.96405
40.67886,-73.96382
40.679893,-73.96391
40.682964,-73.96292
40.681488,-73.97297
40.67445,-73.97196
40.68236,-73.967415
40.68305,-73.966095
40.67801,-73.96537
40.675278,-73.97141
40.676624,-73.965256
40.67395,-73.96264
40.672565,-73.96419
40.67335,-73.97337
40.68069,-73.954765
40.675888,-73.95099
40.68147,-73.97233
40.67335,-73.97337
40.682735,-73.96185
40.68004,-73.9626
40.67509,-73.95794
40.676483,-73.96892
40.67522,-73.972534
40.672688,-73.96204
40.67522,-73.972534
40.682964,-73.965546
40.67248,-73.960625
40.673615,-73.9644
40.67567,-73.97087
40.67567,-73.97087
40.67671,-73.970184
40.6741,-73.9636
40.67886,-73.96382
40.672287,-73.970955
40.673756,-73.971695
40.675056,-73.96889
40.67671,-73.970184
40.684185,-73.957184
40.681877,-73.96417
40.673756,-73.971695
40.67567,-73.97087
40.675148,-73.96041
40.672565,-73.96419
40.67562,-73.950264
40.67708,-73.973366
40.67225,-73.9631
40.672215,-73.95484
40.674324,-73.96263
40.674335,-73.972725
40.67886,-73.96382
40.675243,-73.97334
40.67509,-73.95794
40.672565,-73.96419
40.673103,-73.96635
40.67225,-73.9631
40.67471,-73.96738
40.675278,-73.97141
40.681488,-73.97297
40.683266,-73.97333
40.68305,-73.966095
40.67596,-73.96209
40.6758,-73.97022
40.67308,-73.97258
40.680347,-73.944496
40.683907,-73.936134
40.677826,-73.94872
40.676556,-73.93626
40.674362,-73.94029
40.683174,-73.94649
40.675545,-73.929886
40.68251,-73.939224
40.679462,-73.94214
40.683174,-73.94649
40.684395,-73.93586
40.673824,-73.92965
40.67837,-73.94339
40.678375,-73.94346
40.673717,-73.92694
40.683983,-73.93621
40.67428,-73.94551
40.682217,-73.93772
40.672832,-73.93446
40.68272,-73.948364
40.681416,-73.94474
40.677322,-73.939514
40.683178,-73.94649
40.67567,-73.97087
40.683468,-73.9505
40.68305,-73.966095
40.673237,-73.96705
40.676132,-73.95572
40.673164,-73.96669
40.675556,-73.96925
40.683395,-73.95422
40.683804,-73.96318
40.678356,-73.9652
40.677715,-73.96304
40.67266,-73.96472
40.672565,-73.96419
40.67509,-73.95794
40.683804,-73.96318
40.67468,-73.96228
40.677265,-73.97014
40.67266,-73.96472
40.67274,-73.965065
40.682735,-73.96185
40.67266,-73.96472
40.676243,-73.95993
40.672024,-73.97269
40.6731,-73.965965
40.67266,-73.96472
40.67337,-73.971985
40.67471,-73.96738
40.67335,-73.97337
40.677265,-73.97014
40.676243,-73.95993
40.683662,-73.96315
40.67337,-73.971985
40.683662,-73.96315
40.681877,-73.96417
40.838264,-73.820496
40.829674,-73.814896
40.840164,-73.82303
40.841988,-73.82646
40.827873,-73.82043
40.83354,-73.81694
40.845566,-73.82652
40.841988,-73.82646
40.83402,-73.819984
40.8298,-73.8304
40.845566,-73.82652
40.83507,-73.829506
40.83821,-73.821915
40.837986,-73.82904
40.828793,-73.815155
40.845566,-73.82652
40.844585,-73.787186
40.829155,-73.822655
40.828083,-73.811905
40.836372,-73.81874
40.83413,-73.821594
40.845566,-73.82652
40.836525,-73.8236
40.844128,-73.83073
40.832314,-73.827225
40.83246,-73.815636
40.845207,-73.815506
40.83413,-73.821594
40.839333,-73.821045
40.835552,-73.82153
40.848488,-73.78809
40.68251,-73.95988
40.67886,-73.96382
40.673237,-73.96705
40.673103,-73.96635
40.67468,-73.96228
40.6758,-73.97022
40.674335,-73.96345
40.679794,-73.965355
40.679794,-73.965355
40.6758,-73.97022
40.672287,-73.971306
40.672405,-73.971634
40.682964,-73.965546
40.678734,-73.96423
40.676132,-73.95572
40.675056,-73.96889
40.68099,-73.95998
40.681877,-73.96417
40.67449,-73.96405
40.67405,-73.95041
40.664898,-73.84944
40.665382,-73.85584
40.65311,-73.845924
40.66951,-73.837814
40.668747,-73.83906
40.669098,-73.83968
40.664898,-73.84944
40.66704,-73.84385
40.653164,-73.83347
40.661552,-73.84569
40.657272,-73.85142
40.657818,-73.8463
40.655758,-73.849655
40.66677,-73.847626
40.666412,-73.84813
40.6579,-73.85389
40.65516,-73.85156
40.66914,-73.87007
40.671333,-73.839
40.657795,-73.83733
40.66831,-73.846924
40.666737,-73.85341
40.65767,-73.87704
40.667515,-73.84736
40.66677,-73.847626
40.669273,-73.86973
40.668842,-73.84905
40.66595,-73.84644
40.666428,-73.84582
40.65763,-73.87827
40.657665,-73.87704
40.658504,-73.84455
40.666412,-73.84813
40.668503,-73.839005
40.67405,-73.95041
40.674168,-73.97177
40.678356,-73.9652
40.68099,-73.95998
40.684452,-73.95492
40.6749,-73.9533
40.673122,-73.97144
40.67355,-73.964096
40.683395,-73.95422
40.68389,-73.95321
40.680714,-73.96825
40.682735,-73.96185
40.67708,-73.973366
40.67708,-73.973366
40.67662,-73.969505
40.67208,-73.97173
40.67756,-73.96698
40.674168,-73.97177
40.67443,-73.96854
40.681805,-73.95185
40.68305,-73.966095
40.681805,-73.95185
40.67269,-73.96345
40.674046,-73.96366
40.67274,-73.965065
40.67376,-73.96815
40.67456,-73.96777
40.673756,-73.971695
40.68305,-73.966095
40.68459,-73.95014
40.67886,-73.96382
40.67886,-73.96382
40.67756,-73.96698
40.674885,-73.96804
40.67468,-73.96228
40.682835,-73.95191
40.673756,-73.971695
40.67808,-73.96535
40.83861,-73.85652
40.839966,-73.85941
40.83611,-73.85893
40.84057,-73.85886
40.84617,-73.83285
40.828762,-73.87173
40.84763,-73.85392
40.829277,-73.85585
40.84057,-73.85886
40.83861,-73.85652
40.84081,-73.856445
40.837673,-73.86199
40.84043,-73.85458
40.84237,-73.86986
40.83861,-73.85652
40.83861,-73.85652
40.840225,-73.85961
40.83651,-73.859566
40.84057,-73.85886
40.843563,-73.855064
40.8385,-73.86268
40.837673,-73.86199
40.83722,-73.834595
40.84057,-73.85886
40.84057,-73.85886
40.837673,-73.86199
40.8466,-73.85217
40.83611,-73.85893
40.847164,-73.86092
40.831852,-73.858635
40.84057,-73.85886
40.837673,-73.86199
40.83611,-73.85893
40.84753,-73.83463
40.834534,-73.86068
40.84057,-73.85886
40.836136,-73.83266
40.83861,-73.85652
40.577885,-73.83668
40.574444,-73.86061
40.57438,-73.860695
40.60259,-73.8221
40.57209,-73.85237
40.595913,-73.79969
40.576023,-73.840515
40.576225,-73.84064
40.609093,-73.817894
40.583767,-73.82411
40.57652,-73.84198
40.58897,-73.80653
40.58964,-73.79244
40.580807,-73.8511
40.606518,-73.8188
40.577286,-73.838165
40.5894,-73.807205
40.57878,-73.85682
40.57878,-73.85682
40.579243,-73.84713
40.600124,-73.820244
40.58639,-73.8156
40.580795,-73.85108
40.575474,-73.84216
40.57652,-73.84198
40.577927,-73.83672
40.577576,-73.83743
40.5894,-73.807205
40.5935,-73.79502
40.584843,-73.814095
40.57386,-73.86331
40.57459,-73.85381
40.837677,-73.86199
40.840225,-73.85961
40.83614,-73.85951
40.84711,-73.85299
40.832066,-73.85971
40.846977,-73.86084
40.84097,-73.84542
40.84057,-73.85886
40.83709,-73.86047
40.83861,-73.85652
40.84654,-73.851456
40.83611,-73.85893
40.83611,-73.85893
40.84057,-73.85886
40.83861,-73.85652
40.84057,-73.85886
40.84057,-73.85886
40.834248,-73.86049
40.837673,-73.86199
40.8455,-73.84648
40.83861,-73.85652
40.835968,-73.865326
40.84762,-73.846664
40.834248,-73.86049
40.825947,-73.85257
40.837673,-73.86199
40.84057,-73.85886
40.827145,-73.877594
40.83861,-73.85652
40.84326,-73.834076
40.837254,-73.865234
40.83861,-73.85652
40.831905,-73.84935
40.840878,-73.86192
40.84057,-73.85886
40.84407,-73.84771
40.832066,-73.85971
40.841007,-73.85467
40.84057,-73.85886
40.840034,-73.85804
40.83861,-73.85652
40.828056,-73.85381
40.84057,-73.85886
40.828835,-73.85947
40.837353,-73.8585
40.83611,-73.85893
40.84057,-73.85886
40.837673,-73.86199
40.84057,-73.85883
40.84231,-73.833496
40.837673,-73.86199
40.83611,-73.85893
40.8457,-73.86515
40.839058,-73.86007
40.84057,-73.85886
40.843006,-73.83325
40.83861,-73.85652
40.846455,-73.83591
40.824783,-73.8497
40.838852,-73.85737
40.84151,-73.8551
40.84057,-73.85886
40.832066,-73.85971
40.836292,-73.856064
40.828526,-73.84993
40.83635,-73.85946
40.83611,-73.85893
40.84088,-73.85725
40.84057,-73.85886
40.840343,-73.8591
40.837673,-73.86199
40.83861,-73.85652
40.83861,-73.85652
40.839962,-73.86002
40.83861,-73.85652
40.825703,-73.874954
40.84057,-73.85886
40.839058,-73.86007
40.82704,-73.85811
40.839058,-73.86007
40.84057,-73.85886
40.836708,-73.86502
40.61801,-73.92298
40.618984,-73.90735
40.610207,-73.90723
40.608536,-73.91195
40.62126,-73.92489
40.617332,-73.9055
40.606827,-73.90479
40.61584,-73.8997
40.614784,-73.918915
40.614296,-73.91866
40.61959,-73.9068
40.620815,-73.90941
40.62114,-73.906815
40.615242,-73.903305
40.60903,-73.91076
40.60682,-73.90655
40.61456,-73.90072
40.61393,-73.921684
40.615944,-73.91105
40.611065,-73.907364
40.614265,-73.90162
40.613888,-73.91821
40.618153,-73.912285
40.608017,-73.926056
40.618496,-73.91266
40.62122,-73.919106
40.60992,-73.90875
40.605183,-73.91278
40.613888,-73.91821
40.621338,-73.90628
40.61314,-73.91039
40.60903,-73.91076
40.617348,-73.914314
40.613396,-73.92557
40.614124,-73.9177
40.61817,-73.916466
40.617535,-73.92311
40.620438,-73.92538
40.616962,-73.90586
40.587097,-73.91906
40.588104,-73.92332
40.59051,-73.92336
40.587276,-73.92586
40.58639,-73.918816
40.58939,-73.92172
40.58635,-73.925446
40.590027,-73.92541
40.586746,-73.923195
40.586483,-73.92047
40.58693,-73.92578
40.587795,-73.9253
40.58736,-73.92249
40.588486,-73.92239
40.588924,-73.92215
40.58641,-73.91946
40.58689,-73.92051
40.587784,-73.92161
40.58871,-73.92086
40.66688,-73.74507
40.662434,-73.762184
40.65855,-73.73103
40.670662,-73.75893
40.66919,-73.7521
40.671513,-73.73668
40.664616,-73.73232
40.6613,-73.74943
40.652546,-73.74492
40.664722,-73.776886
40.659954,-73.76643
40.669724,-73.72998
40.66382,-73.77375
40.664585,-73.75821
40.661827,-73.75673
40.659946,-73.738464
40.665253,-73.75173
40.66932,-73.76608
40.664536,-73.7438
40.661182,-73.75713
40.66122,-73.76037
40.66466,-73.75594
40.67106,-73.74356
40.65621,-73.750984
40.67105,-73.737686
40.657528,-73.73317
40.664593,-73.73777
40.666706,-73.777405
40.885544,-73.89595
40.878716,-73.902336
40.88253,-73.89506
40.87896,-73.90215
40.88605,-73.89939
40.87428,-73.88376
40.88253,-73.89506
40.87428,-73.88376
40.875195,-73.886475
40.875195,-73.886475
40.876434,-73.885216
40.878716,-73.902336
40.877937,-73.90057
40.882095,-73.89573
40.876945,-73.886215
40.87428,-73.88376
40.88071,-73.89951
40.885185,-73.896935
40.878925,-73.89879
40.880444,-73.89788
40.878925,-73.89879
40.879917,-73.89756
40.883324,-73.90272
40.878925,-73.89879
40.87771,-73.90096
40.878925,-73.89879
40.880733,-73.89693
40.879036,-73.89951
40.876434,-73.885216
40.87896,-73.90215
40.878716,-73.902336
40.882454,-73.896706
40.882454,-73.896706
40.88089,-73.896935
40.884895,-73.89614
40.878716,-73.902336
40.904816,-73.90579
40.89976,-73.9085
40.909164,-73.9056
40.910534,-73.8979
40.90591,-73.89669
40.906563,-73.90659
40.906563,-73.90659
40.90821,-73.905495
40.9052,-73.9061
40.90821,-73.905495
40.906563,-73.90659
40.90476,-73.90761
40.906467,-73.89671
40.906563,-73.90659
40.90821,-73.905495
40.90686,-73.90271
40.90821,-73.905495
40.90821,-73.905495
40.912746,-73.90212
40.90821,-73.905495
40.903477,-73.90028
40.903214,-73.90058
40.909164,-73.9056
40.906467,-73.89671
40.90492,-73.90609
40.909164,-73.9056
40.908398,-73.89678
40.90821,-73.905495
40.909164,-73.9056
40.909164,-73.9056
40.90341,-73.900536
40.90692,-73.89726
40.90585,-73.89819
40.902325,-73.88853
40.906563,-73.90659
40.906563,-73.90659
40.906563,-73.90659
40.90821,-73.905495
40.909164,-73.9056
40.90492,-73.90609
40.904556,-73.905945
40.71025,-73.75734
40.710884,-73.75007
40.720806,-73.75809
40.72116,-73.74404
40.71906,-73.76127
40.71775,-73.74355
40.711937,-73.76065
40.722237,-73.74517
40.710503,-73.74444
40.721504,-73.74562
40.712082,-73.75517
40.719284,-73.75694
40.718033,-73.76158
40.721165,-73.75929
40.71544,-73.73989
40.72078,-73.750725
40.71417,-73.747635
40.712612,-73.75084
40.711224,-73.74096
40.72049,-73.759415
40.71214,-73.74233
40.713196,-73.752365
40.718998,-73.75458
40.716774,-73.758484
40.721638,-73.76074
40.71915,-73.75684
40.71203,-73.752174
40.72118,-73.76191
40.665737,-73.952774
40.66049,-73.946236
40.648865,-73.94496
40.648865,-73.94496
40.671017,-73.97312
40.65348,-73.92796
40.653828,-73.94905
40.658504,-73.96206
40.667248,-73.94766
40.66174,-73.95163
40.64852,-73.9285
40.65863,-73.959465
40.652374,-73.96181
40.66174,-73.95163
40.648827,-73.9362
40.660694,-73.93794
40.656384,-73.95775
40.651142,-73.9471
40.655994,-73.934456
40.656384,-73.95775
40.654816,-73.95854
40.64924,-73.97193
40.650555,-73.943054
40.662235,-73.943634
40.651615,-73.95663
40.66356,-73.94441
40.669895,-73.942764
40.6524,-73.96527
40.64734,-73.96901
40.669895,-73.942764
40.648003,-73.96105
40.668213,-73.93422
40.65293,-73.93665
40.658325,-73.92691
40.653236,-73.944405
40.6524,-73.96527
40.648804,-73.93658
40.66102,-73.95573
40.648922,-73.94408
40.648808,-73.94907
40.64911,-73.960045
40.665905,-73.931656
40.666874,-73.960884
40.65261,-73.94534
40.648922,-73.94408
40.669903,-73.942894
40.653145,-73.956474
40.65325,-73.97306
40.669903,-73.942894
40.652374,-73.96181
40.65158,-73.957405
40.668125,-73.94914
40.6511,-73.93067
40.66012,-73.935616
40.652927,-73.955635
40.648865,-73.94496
40.660965,-73.94487
40.667538,-73.960594
40.66313,-73.953735
40.652374,-73.96181
40.652374,-73.96181
40.648922,-73.94408
40.667217,-73.94701
40.66234,-73.94222
40.665737,-73.952774
40.649227,-73.95353
40.66846,-73.93932
40.664818,-73.93529
40.660366,-73.92794
40.6629,-73.94827
40.665737,-73.952774
40.67112,-73.97232
40.663265,-73.943306
40.664993,-73.926254
40.66999,-73.88562
40.66176,-73.90221
40.671368,-73.89607
40.66795,-73.915825
40.65242,-73.91909
40.669945,-73.90729
40.64761,-73.89086
40.669216,-73.89195
40.66098,-73.88887
40.646835,-73.89
40.656433,-73.88004
40.66771,-73.91774
40.661766,-73.90257
40.66422,-73.91585
40.66715,-73.88315
40.657135,-73.90784
40.65964,-73.90863
40.670532,-73.88198
40.66352,-73.894455
40.666367,-73.89276
40.67148,-73.89063
40.6548,-73.88379
40.665043,-73.89923
40.663197,-73.92607
40.653988,-73.88561
40.6548,-73.88379
40.66164,-73.88827
40.653774,-73.91143
40.65233,-73.91529
40.862427,-73.86239
40.849407,-73.860245
40.86044,-73.846115
40.850502,-73.85726
40.862003,-73.84699
40.865726,-73.85654
40.85194,-73.84894
40.84952,-73.86038
40.854195,-73.86313
40.86346,-73.840126
40.86837,-73.83542
40.853138,-73.863625
40.849373,-73.834305
40.853138,-73.863625
40.86839,-73.86262
40.860268,-73.869804
40.85126,-73.85127
40.86684,-73.84399
40.85059,-73.861176
40.864216,-73.839195
40.86998,-73.837166
40.852264,-73.86511
40.851166,-73.83446
40.853138,-73.863625
40.860268,-73.869804
40.863235,-73.85612
40.86786,-73.85229
40.859234,-73.86907
40.87277,-73.84852
40.859234,-73.86907
40.853397,-73.86532
40.853443,-73.86549
40.858727,-73.86671
40.853443,-73.86549
40.86063,-73.86341
40.853443,-73.86549
40.855564,-73.84949
40.864197,-73.85416
40.87356,-73.843735
40.86395,-73.86234
40.656384,-73.95775
40.671482,-73.95196
40.656384,-73.95775
40.65325,-73.97306
40.656384,-73.95775
40.653076,-73.93797
40.65265,-73.94466
40.660824,-73.95419
40.66248,-73.94442
40.647217,-73.96971
40.651,-73.92957
40.65914,-73.95125
40.655056,-73.92907
40.67019,-73.93124
40.65086,-73.931015
40.647007,-73.93211
40.66313,-73.953735
40.657692,-73.95617
40.648197,-73.944786
40.648865,-73.94496
40.653397,-73.957085
40.666874,-73.960884
40.65265,-73.94466
40.661484,-73.94363
40.657692,-73.95617
40.648865,-73.94496
40.661484,-73.94363
40.651684,-73.95779
40.648197,-73.944786
40.651627,-73.95778
40.6691,-73.95823
40.66313,-73.953735
40.649826,-73.94336
40.65078,-73.9412
40.649776,-73.93162
40.659138,-73.94756
40.648197,-73.944786
40.64823,-73.94418
40.651756,-73.95566
40.652374,-73.96181
40.658794,-73.962105
40.656384,-73.95775
40.660313,-73.94389
40.652355,-73.949425
40.649406,-73.936165
40.64924,-73.97193
40.65035,-73.944405
40.651337,-73.927734
40.6605,-73.94681
40.65928,-73.93443
40.65157,-73.95777
40.669785,-73.97302
40.65816,-73.92651
40.648197,-73.944786
40.64942,-73.96181
40.66296,-73.93664
40.65073,-73.92954
40.67021,-73.935814
40.656384,-73.95775
40.66237,-73.95401
40.648445,-73.95892
40.666874,-73.960884
40.653255,-73.97306
40.647217,-73.96971
40.651417,-73.92868
40.667538,-73.960594
40.64823,-73.94418
40.647217,-73.96971
40.65158,-73.957405
40.648197,-73.944786
40.659943,-73.962296
40.66212,-73.9585
40.660553,-73.94596
40.720715,-73.771835
40.722443,-73.76302
40.71328,-73.78428
40.711216,-73.7856
40.72123,-73.7836
40.722034,-73.76879
40.710037,-73.78099
40.72096,-73.766335
40.71535,-73.7754
40.71656,-73.76585
40.715206,-73.76483
40.721947,-73.769966
40.714783,-73.77304
40.717106,-73.77068
40.716587,-73.783516
40.718563,-73.7766
40.715237,-73.782074
40.713608,-73.77562
40.713497,-73.77554
40.722168,-73.76697
40.71231,-73.7671
40.71173,-73.77697
40.719032,-73.774574
40.719,-73.76744
40.71041,-73.78479
40.715508,-73.77078
40.709972,-73.768875
40.717667,-73.76832
40.716995,-73.77973
40.72119,-73.76612
40.72087,-73.76471
40.715694,-73.77661
40.653107,-73.96356
40.658,-73.95267
40.66256,-73.92914
40.648865,-73.94496
40.658794,-73.962105
40.655228,-73.94297
40.651474,-73.940765
40.649403,-73.9618
40.653145,-73.956474
40.661125,-73.95407
40.651688,-73.95492
40.6474,-73.95513
40.649113,-73.962265
40.648922,-73.94408
40.648922,-73.94408
40.654243,-73.95452
40.665737,-73.952774
40.658882,-73.93245
40.65073,-73.93407
40.64979,-73.938675
40.66588,-73.938324
40.648865,-73.94496
40.648922,-73.94408
40.648922,-73.94408
40.661545,-73.95964
40.649406,-73.949104
40.654846,-73.934906
40.6518,-73.93451
40.650745,-73.957016
40.648865,-73.94496
40.665737,-73.952774
40.67172,-73.96029
40.661545,-73.95964
40.670624,-73.94442
40.648197,-73.944786
40.667538,-73.960594
40.665737,-73.952774
40.647102,-73.957794
40.656384,-73.95775
40.67172,-73.96029
40.657692,-73.95617
40.67197,-73.95221
40.649574,-73.927536
40.658283,-73.94714
40.671024,-73.972115
40.64893,-73.9603
40.66304,-73.93544
40.652214,-73.944244
40.66001,-73.94423
40.66186,-73.941986
40.65983,-73.95866
40.65517,-73.95837
40.656384,-73.95775
40.65054,-73.94406
40.6691,-73.95823
40.64823,-73.94418
40.661068,-73.93952
40.648674,-73.947136
40.65925,-73.94771
40.652374,-73.96181
40.656384,-73.95775
40.65925,-73.94771
40.652374,-73.96181
40.64823,-73.94418
40.64838,-73.95948
40.662376,-73.94816
40.648487,-73.96741
40.652374,-73.96181
40.661484,-73.94363
40.660522,-73.95908
40.671017,-73.97312
40.657692,-73.95617
40.652374,-73.96181
40.87845,-73.91858
40.87908,-73.91845
40.885754,-73.913956
40.877422,-73.91809
40.878128,-73.919174
40.883102,-73.92104
40.883003,-73.91113
40.883102,-73.92104
40.885117,-73.91075
40.885754,-73.913956
40.882572,-73.91713
40.878246,-73.91704
40.877396,-73.91825
40.82602,-73.92553
40.82846,-73.92057
40.83367,-73.91254
40.82955,-73.89353
40.82701,-73.898384
40.825283,-73.92548
40.825478,-73.88989
40.83412,-73.89209
40.84114,-73.92155
40.8261,-73.922386
40.82586,-73.92238
40.83015,-73.920135
40.83015,-73.920135
40.829895,-73.896996
40.83015,-73.920135
40.829338,-73.91814
40.82517,-73.92328
40.833855,-73.88636
40.847534,-73.88664
40.848442,-73.90745
40.82517,-73.92328
40.83015,-73.920135
40.83015,-73.920135
40.83015,-73.920135
40.84093,-73.888794
40.829338,-73.91814
40.841885,-73.89232
40.836613,-73.923996
40.840607,-73.88434
40.842323,-73.92342
40.825283,-73.92548
40.831764,-73.89559
40.834496,-73.895134
40.848297,-73.88453
40.84248,-73.883064
40.825283,-73.92548
40.83015,-73.920135
40.842167,-73.88251
40.83619,-73.92432
40.65158,-73.957405
40.671165,-73.93643
40.658,-73.95267
40.648922,-73.94408
40.656013,-73.95827
40.66348,-73.93688
40.64823,-73.94418
40.66234,-73.94222
40.65054,-73.941536
40.653828,-73.94905
40.67001,-73.97282
40.66379,-73.93235
40.648922,-73.94408
40.64863,-73.96744
40.653828,-73.94905
40.64823,-73.94418
40.64863,-73.96744
40.658283,-73.94714
40.66651,-73.94342
40.671165,-73.93643
40.654102,-73.94847
40.655437,-73.93774
40.654816,-73.95854
40.6715,-73.95206
40.65292,-73.93507
40.650616,-73.961525
40.67172,-73.96029
40.647163,-73.9633
40.65997,-73.94487
40.66313,-73.953735
40.670097,-73.931244
40.648247,-73.95788
40.647163,-73.9633
40.64871,-73.969505
40.652374,-73.96181
40.662006,-73.95107
40.658264,-73.94838
40.64871,-73.969505
40.655533,-73.93793
40.66756,-73.93054
40.655533,-73.93793
40.663315,-73.93968
40.650806,-73.96311
40.66573,-73.95338
40.667336,-73.930954
40.671673,-73.97145
40.650616,-73.961525
40.651924,-73.94225
40.650616,-73.961525
40.661404,-73.9378
40.65538,-73.942055
40.671898,-73.961586
40.64924,-73.97193
40.652374,-73.96181
40.6506,-73.96395
40.665936,-73.9539
40.661434,-73.94467
40.671673,-73.97145
40.652115,-73.92963
40.654823,-73.96045
40.64924,-73.97193
40.6695,-73.95243
40.652355,-73.949425
40.656384,-73.95775
40.652374,-73.96181
40.661545,-73.95964
40.650616,-73.961525
40.661575,-73.9288
40.649536,-73.93549
40.658,-73.95267
40.648125,-73.96439
40.67183,-73.960815
40.658283,-73.94714
40.668785,-73.95228
40.659943,-73.962296
40.652374,-73.96181
40.6524,-73.96527
40.665535,-73.94193
40.647976,-73.92933
40.65361,-73.9733
40.6524,-73.96527
40.667255,-73.9609
40.665314,-73.938835
40.657604,-73.95823
40.648922,-73.94408
40.6546,-73.93141
40.659477,-73.9528
40.65889,-73.955284
40.652374,-73.96181
40.647163,-73.9633
40.655533,-73.93793
40.648922,-73.94408
40.651882,-73.964134
40.658,-73.95267
40.648922,-73.94408
40.66245,-73.93281
40.67001,-73.97282
40.666874,-73.960884
40.654587,-73.94873
40.66348,-73.93688
40.648922,-73.94408
40.653397,-73.957085
40.657314,-73.95055
40.655254,-73.92843
40.654102,-73.94847
40.667255,-73.9609
40.65158,-73.957405
40.658,-73.95267
40.671764,-73.972015
40.648922,-73.94408
40.653618,-73.943375
40.65158,-73.957405
40.659477,-73.9528
40.671165,-73.93643
40.652653,-73.94435
40.649227,-73.95353
40.65517,-73.95837
40.653397,-73.957085
40.657787,-73.955696
40.66348,-73.93688
40.65736,-73.949554
40.659588,-73.955505
40.64863,-73.96744
40.67183,-73.960815
40.659943,-73.962296
40.654587,-73.94873
40.671764,-73.972015
40.66644,-73.94862
40.658,-73.95267
40.66379,-73.93235
40.65158,-73.957405
40.65325,-73.97306
40.67001,-73.97282
40.595287,-73.73899
40.597927,-73.75506
40.601257,-73.742836
40.598465,-73.74646
40.60532,-73.761925
40.60166,-73.75139
40.59915,-73.75929
40.596592,-73.758835
40.601444,-73.74321
40.60166,-73.75139
40.596836,-73.776955
40.598057,-73.752
40.595,-73.75777
40.610657,-73.769
40.60857,-73.76866
40.624977,-73.95717
40.627075,-73.9604
40.62878,-73.95972
40.628895,-73.972015
40.628384,-73.97205
40.627934,-73.95124
40.628716,-73.96064
40.627075,-73.9604
40.62813,-73.960526
40.622826,-73.9545
40.62878,-73.95972
40.624065,-73.95164
40.628716,-73.96064
40.627937,-73.96015
40.62729,-73.97294
40.62878,-73.95972
40.628384,-73.97205
40.628666,-73.96423
40.62729,-73.97294
40.62878,-73.95972
40.628384,-73.97205
40.628384,-73.97205
40.633698,-73.9527
40.628067,-73.95323
40.633633,-73.9523
40.627525,-73.955025
40.628716,-73.96064
40.633816,-73.95159
40.630207,-73.9698
40.62544,-73.95676
40.623672,-73.96287
40.633816,-73.95159
40.700085,-73.735535
40.70583,-73.73113
40.72051,-73.73356
40.703136,-73.73331
40.70876,-73.73266
40.708687,-73.72904
40.705666,-73.73547
40.70978,-73.73647
40.703568,-73.728134
40.702446,-73.73324
40.701054,-73.73555
40.703568,-73.728134
40.703045,-73.72842
40.70107,-73.7359
40.708004,-73.73766
40.707825,-73.73706
40.698917,-73.731064
40.713245,-73.73546
40.71062,-73.73523
40.704205,-73.735115
40.699657,-73.73678
40.706455,-73.72883
40.71436,-73.73019
40.711117,-73.732994
40.70106,-73.735725
40.712547,-73.732994
40.72092,-73.73077
40.69984,-73.73158
40.703148,-73.732
40.71582,-73.73355
40.72086,-73.73512
40.70851,-73.73476
40.715473,-73.73084
40.719425,-73.73735
40.712597,-73.73419
40.703197,-73.735146
40.708164,-73.73292
40.71268,-73.73436
40.709957,-73.73407
40.707542,-73.73519
40.69757,-73.73685
40.707905,-73.737335
40.70258,-73.737885
40.69882,-73.7362
40.70088,-73.72944
40.70613,-73.73462
40.706345,-73.73498
40.69861,-73.73426
40.70739,-73.735535
40.7096,-73.73779
40.71176,-73.73266
40.7112,-73.7336
40.698456,-73.73841
40.70306,-73.729
40.700356,-73.72945
40.70322,-73.73288
40.70094,-73.733406
40.713257,-73.7381
40.70063,-73.734406
40.698956,-73.73035
40.703968,-73.73032
40.70837,-73.73067
40.70381,-73.72939
40.70194,-73.732834
40.715164,-73.73787
40.69824,-73.731415
40.70367,-73.72908
40.712685,-73.73866
40.705452,-73.735245
40.715466,-73.7309
40.638767,-73.89144
40.629932,-73.92531
40.637917,-73.92182
40.633472,-73.90285
40.63484,-73.92634
40.63953,-73.913605
40.62676,-73.901245
40.641346,-73.88868
40.64138,-73.92599
40.633247,-73.9118
40.630066,-73.903824
40.63004,-73.90628
40.62676,-73.901245
40.633247,-73.9118
40.638016,-73.89808
40.62962,-73.923904
40.62304,-73.913925
40.63817,-73.92511
40.6388,-73.89209
40.639282,-73.88638
40.64585,-73.91867
40.635048,-73.908134
40.631012,-73.88766
40.6219,-73.91319
40.645573,-73.92553
40.624104,-73.90731
40.62962,-73.923904
40.639282,-73.88638
40.63693,-73.901344
40.581715,-74.16179
40.5928,-74.18752
40.577896,-74.162285
40.592842,-74.1876
40.586037,-74.19576
40.613605,-74.1637
40.614178,-74.164314
40.595436,-74.16335
40.59745,-74.162796
40.591946,-74.18605
40.615505,-74.167725
40.605072,-74.161934
40.60424,-74.1718
40.5996,-74.167465
40.58777,-74.16284
40.59437,-74.18423
40.60737,-74.167076
40.581703,-74.16178
40.595455,-74.16277
40.59445,-74.18377
40.619118,-74.16547
40.58543,-74.16271
40.577896,-74.162285
40.621197,-74.16704
40.592182,-74.1891
40.589336,-74.18778
40.58854,-74.18695
40.59371,-74.18631
40.613186,-74.16297
40.60155,-74.16405
40.613804,-74.16202
40.616608,-74.16366
40.577896,-74.162285
40.59493,-74.18321
40.615356,-74.16582
40.581703,-74.16178
40.6691,-73.95823
40.65414,-73.92948
40.653145,-73.956474
40.6628,-73.95243
40.652374,-73.96181
40.64924,-73.97193
40.66032,-73.94715
40.652374,-73.96181
40.65517,-73.95837
40.648487,-73.96741
40.651844,-73.96437
40.667538,-73.960594
40.65542,-73.943
40.652374,-73.96181
40.64924,-73.97193
40.671646,-73.95281
40.650394,-73.93247
40.648922,-73.94408
40.667538,-73.960594
40.648922,-73.94408
40.648865,-73.94496
40.656487,-73.929306
40.656124,-73.93634
40.67172,-73.96029
40.654816,-73.95854
40.65856,-73.947655
40.6524,-73.96527
40.67095,-73.93065
40.652824,-73.9564
40.648922,-73.94408
40.650394,-73.93247
40.653606,-73.93818
40.659126,-73.96026
40.65676,-73.95163
40.66042,-73.93793
40.66313,-73.953735
40.663265,-73.943306
40.651707,-73.95463
40.873493,-73.84586
40.869484,-73.86498
40.873844,-73.846436
40.853443,-73.86549
40.854877,-73.86926
40.85533,-73.86638
40.85157,-73.851524
40.864323,-73.86638
40.86714,-73.85312
40.858433,-73.87054
40.858727,-73.86671
40.86251,-73.852646
40.872635,-73.84082
40.85533,-73.86638
40.867813,-73.854485
40.867203,-73.843735
40.87208,-73.8353
40.862038,-73.83772
40.862267,-73.84756
40.85567,-73.85841
40.8553,-73.86938
40.85205,-73.86554
40.85205,-73.86554
40.85533,-73.86638
40.855797,-73.86636
40.855797,-73.86636
40.86269,-73.86335
40.864193,-73.86791
40.861843,-73.8457
40.864067,-73.84013
40.859314,-73.85374
40.850502,-73.861145
40.873756,-73.845375
40.849667,-73.86002
40.86106,-73.86992
40.86742,-73.85207
40.864193,-73.86791
40.859234,-73.86907
40.86442,-73.846924
40.70851,-73.73459
40.70239,-73.731476
40.71187,-73.73309
40.70721,-73.73435
40.648865,-73.94496
40.66038,-73.954285
40.66313,-73.953735
40.65165,-73.92712
40.648865,-73.94496
40.652927,-73.955635
40.666874,-73.960884
40.648952,-73.933334
40.649902,-73.95144
40.65187,-73.95874
40.661983,-73.92925
40.65127,-73.94537
40.668804,-73.93976
40.6524,-73.96527
40.658283,-73.94714
40.656384,-73.95775
40.650658,-73.94407
40.64924,-73.97193
40.667377,-73.9567
40.663265,-73.943306
40.652157,-73.94939
40.658318,-73.92846
40.656384,-73.95775
40.668407,-73.93276
40.659313,-73.93633
40.65523,-73.95035
40.661217,-73.95254
40.651047,-73.95043
40.669785,-73.97302
40.64871,-73.969505
40.665264,-73.92885
40.671165,-73.93643
40.668125,-73.94914
40.660076,-73.92866
40.671814,-73.972145
40.65175,-73.953835
40.666233,-73.94497
40.669785,-73.97302
40.6691,-73.95823
40.713295,-73.73824
40.72016,-73.73141
40.705322,-73.73119
40.705666,-73.7358
40.702507,-73.735245
40.705254,-73.72907
40.700928,-73.73092
40.722176,-73.73483
40.706932,-73.73569
40.69802,-73.734566
40.703346,-73.73726
40.71573,-73.73717
40.715073,-73.737816
40.71612,-73.73116
40.70604,-73.73151
40.711826,-73.73545
40.717564,-73.7385
40.700035,-73.735565
40.701183,-73.73152
40.708084,-73.73794
40.71423,-73.73122
40.701675,-73.731544
40.71203,-73.73374
40.702545,-73.72949
40.70458,-73.73809
40.70378,-73.7283
40.72025,-73.737206
40.706482,-73.728935
40.710564,-73.73364
40.698917,-73.734795
40.72025,-73.737206
40.697666,-73.7365
40.702824,-73.73856
40.700123,-73.73552
40.699062,-73.73608
40.64347,-73.940636
40.641483,-73.930954
40.641953,-73.92876
40.63919,-73.92976
40.64574,-73.92808
40.64198,-73.94213
40.63692,-73.94149
40.64494,-73.94282
40.63808,-73.94946
40.645824,-73.94291
40.644127,-73.938866
40.640675,-73.941055
40.643322,-73.93021
40.638695,-73.94911
40.640675,-73.93571
40.639828,-73.93251
40.636112,-73.94187
40.641384,-73.937515
40.642944,-73.939415
40.64461,-73.939
40.645405,-73.94968
40.64358,-73.93891
40.641617,-73.93371
40.63799,-73.93115
40.64387,-73.93424
40.63437,-73.938065
40.643196,-73.938866
40.64557,-73.929
40.637016,-73.94298
40.64319,-73.941696
40.54388,-74.212975
40.530815,-74.191765
40.538593,-74.16623
40.556515,-74.162735
40.686604,-73.73345
40.68084,-73.73104
40.69674,-73.73852
40.679558,-73.72742
40.675484,-73.7344
40.68415,-73.730644
40.691868,-73.73271
40.672066,-73.7366
40.693092,-73.736786
40.69009,-73.72942
40.68079,-73.72688
40.68505,-73.730934
40.681713,-73.73577
40.68079,-73.72688
40.67482,-73.73831
40.696804,-73.73015
40.675484,-73.7344
40.675285,-73.734886
40.691563,-73.73088
40.67482,-73.73831
40.694088,-73.73867
40.69009,-73.72942
40.67563,-73.73153
40.693092,-73.736786
40.6802,-73.7351
40.68908,-73.730125
40.68761,-73.729904
40.682804,-73.73056
40.69387,-73.737755
40.688316,-73.7376
40.67683,-73.73529
40.691013,-73.73317
40.857788,-73.934425
40.854897,-73.93819
40.85314,-73.93905
40.864017,-73.92742
40.85337,-73.93559
40.851234,-73.94011
40.85404,-73.939316
40.85453,-73.938934
40.85145,-73.9419
40.8569,-73.936356
40.85348,-73.93656
40.85337,-73.93559
40.85109,-73.941505
40.8531,-73.93977
40.86787,-73.92648
40.852757,-73.93992
40.853474,-73.93605
40.852757,-73.93992
40.8569,-73.936356
40.859062,-73.932335
40.85184,-73.94128
40.85938,-73.932175
40.85314,-73.93905
40.85851,-73.93193
40.85314,-73.93905
40.8569,-73.936356
40.85209,-73.939735
40.851025,-73.94067
40.85891,-73.93229
40.85026,-73.93889
40.85457,-73.93544
40.851234,-73.94011
40.8531,-73.93977
40.864017,-73.92742
40.85775,-73.93288
40.853474,-73.93605
40.8553,-73.93545
40.85184,-73.94128
40.85559,-73.937744
40.863937,-73.928795
40.852596,-73.93529
40.849705,-73.94015
40.85314,-73.93905
40.85457,-73.93544
40.859055,-73.93234
40.8569,-73.936356
40.863976,-73.92771
40.849545,-73.93749
40.85509,-73.934074
40.851234,-73.94011
40.851234,-73.94011
40.853474,-73.93605
40.856445,-73.93776
40.853317,-73.93975
40.85509,-73.934074
40.853474,-73.93605
40.864017,-73.92742
40.856903,-73.93405
40.864017,-73.92742
40.864017,-73.92742
40.851234,-73.94011
40.85559,-73.937744
40.85314,-73.93905
40.857456,-73.93594
40.85775,-73.93288
40.864017,-73.92742
40.864017,-73.92742
40.851234,-73.94011
40.8569,-73.936356
40.85314,-73.93905
40.85314,-73.93905
40.85314,-73.93905
40.85314,-73.93905
40.85109,-73.941505
40.8511,-73.9416
40.85107,-73.941086
40.85348,-73.93656
40.851025,-73.94067
40.86592,-73.92887
40.858215,-73.93421
40.8569,-73.936356
40.84586,-73.89037
40.83015,-73.920135
40.829266,-73.89986
40.835575,-73.9085
40.82612,-73.91556
40.83015,-73.920135
40.828854,-73.90842
40.834377,-73.91482
40.831448,-73.89607
40.825912,-73.92522
40.839912,-73.92471
40.838066,-73.90165
40.83015,-73.920135
40.8261,-73.922386
40.82453,-73.88928
40.82453,-73.88928
40.829338,-73.91814
40.831974,-73.92067
40.8484,-73.8844
40.835064,-73.91442
40.82376,-73.88984
40.82781,-73.89795
40.8261,-73.922386
40.83251,-73.894714
40.82924,-73.91571
40.84714,-73.889305
40.83015,-73.920135
40.839016,-73.90911
40.840588,-73.88766
40.841084,-73.88835
40.829338,-73.91814
40.825283,-73.92548
40.825,-73.879585
40.829338,-73.91814
40.846573,-73.91399
40.846653,-73.913925
40.82781,-73.902466
40.848145,-73.884674
40.777317,-73.94774
40.777287,-73.947655
40.78513,-73.94797
40.7812,-73.9472
40.775932,-73.9291
40.776855,-73.947754
40.783604,-73.949875
40.77814,-73.94895
40.78136,-73.94886
40.7812,-73.9472
40.78376,-73.94862
40.776,-73.949684
40.781235,-73.94727
40.77832,-73.94598
40.779152,-73.94624
40.776325,-73.94765
40.777058,-73.94516
40.77832,-73.94598
40.781414,-73.94895
40.776012,-73.947876
40.77575,-73.94584
40.783764,-73.94862
40.777443,-73.94417
40.777058,-73.94516
40.777443,-73.94417
40.776012,-73.947876
40.776085,-73.944435
40.776,-73.949684
40.773865,-73.94657
40.777058,-73.94516
40.77575,-73.94584
40.775177,-73.94686
40.7795,-73.94901
40.77832,-73.94598
40.775177,-73.94686
40.77546,-73.94675
40.780277,-73.94728
40.85775,-73.93288
40.85314,-73.93905
40.854275,-73.935036
40.85314,-73.93905
40.856285,-73.9348
40.856285,-73.9348
40.854534,-73.938934
40.859062,-73.932335
40.8553,-73.93545
40.8544,-73.934906
40.85404,-73.939316
40.85026,-73.93889
40.85453,-73.938934
40.85163,-73.93622
40.85163,-73.93622
40.85938,-73.932175
40.85941,-73.92901
40.851086,-73.941505
40.8553,-73.93545
40.853317,-73.93975
40.856285,-73.9348
40.85671,-73.93754
40.851498,-73.93643
40.851025,-73.940674
40.85671,-73.93754
40.85314,-73.93905
40.853317,-73.93975
40.8569,-73.936356
40.85671,-73.93754
40.8553,-73.93545
40.853474,-73.93605
40.85348,-73.93656
40.863937,-73.928795
40.852596,-73.93529
40.85348,-73.93656
40.85109,-73.941505
40.859062,-73.932335
40.857044,-73.93727
40.866825,-73.930305
40.857788,-73.934425
40.68068,-73.76748
40.689953,-73.77835
40.68586,-73.77597
40.695354,-73.74726
40.68037,-73.7422
40.678017,-73.749504
40.6947,-73.775185
40.67766,-73.74371
40.69525,-73.7475
40.68068,-73.76748
40.6803,-73.742546
40.686462,-73.75342
40.678,-73.759926
40.675903,-73.749466
40.67992,-73.76865
40.684067,-73.74853
40.69705,-73.75367
40.69654,-73.739395
40.67957,-73.74163
40.630707,-73.94403
40.629833,-73.9433
40.62563,-73.94594
40.622578,-73.928566
40.632645,-73.94214
40.633633,-73.942245
40.628002,-73.934494
40.62981,-73.92751
40.63147,-73.94491
40.62236,-73.93274
40.627056,-73.94656
40.628696,-73.949486
40.62542,-73.94792
40.62551,-73.94249
40.626167,-73.93401
40.62856,-73.942215
40.630707,-73.94403
40.62286,-73.9458
40.627037,-73.93288
40.624584,-73.94685
40.626816,-73.94424
40.633083,-73.94642
40.633083,-73.94642
40.629807,-73.92655
40.626728,-73.937675
40.632942,-73.944435
40.62721,-73.93945
40.630707,-73.94403
40.62309,-73.9426
40.62769,-73.94657
40.797626,-73.948166
40.788338,-73.9475
40.789845,-73.948265
40.788338,-73.9475
40.794704,-73.9436
40.79613,-73.934204
40.79473,-73.93507
40.79464,-73.94341
40.79464,-73.94341
40.789654,-73.949425
40.79554,-73.94945
40.79554,-73.94945
40.78868,-73.94719
40.790516,-73.9472
40.795914,-73.94644
40.79473,-73.93507
40.79629,-73.949036
40.787514,-73.948044
40.7963,-73.94659
40.787514,-73.948044
40.789696,-73.94876
40.793324,-73.937775
40.7947,-73.94357
40.787514,-73.948044
40.785866,-73.943245
40.78868,-73.94719
40.794544,-73.94359
40.78868,-73.94719
40.79473,-73.93507
40.79629,-73.949036
40.787514,-73.948044
40.78868,-73.94719
40.79182,-73.940636
40.79599,-73.9328
40.7921,-73.93934
40.790516,-73.9472
40.79599,-73.9328
40.79629,-73.949036
40.79182,-73.940636
40.792915,-73.94041
40.79357,-73.93894
40.79006,-73.94845
40.79006,-73.94845
40.788338,-73.9475
40.79554,-73.94945
40.794704,-73.9436
40.79741,-73.961205
40.79741,-73.961205
40.7975,-73.95031
40.7975,-73.95031
40.79741,-73.961205
40.79701,-73.961006
40.795013,-73.95016
40.797924,-73.9517
40.79812,-73.95145
40.79701,-73.961006
40.79701,-73.961006
40.795013,-73.95016
40.79701,-73.961006
40.79701,-73.961006
40.797234,-73.96101
40.79701,-73.961006
40.79701,-73.961006
40.7975,-73.95031
40.79795,-73.951385
40.79795,-73.951385
40.79795,-73.951385
40.7975,-73.95031
40.79751,-73.96111
40.79741,-73.961205
40.69431,-73.99574
40.684868,-73.98136
40.695965,-73.9936
40.68953,-73.986465
40.690136,-73.98311
40.6881,-73.99551
40.687847,-73.99481
40.695553,-73.9921
40.69182,-73.99296
40.691517,-73.9906
40.688416,-73.978584
40.69207,-73.98021
40.69278,-73.99336
40.69316,-73.99318
40.69182,-73.99296
40.687996,-73.9945
40.695553,-73.9921
40.68842,-73.981415
40.686195,-73.99501
40.69207,-73.98021
40.692776,-73.994064
40.693424,-73.982704
40.691517,-73.9906
40.69431,-73.99574
40.685184,-73.99003
40.693424,-73.982704
40.68683,-73.99139
40.68522,-73.9788
40.691517,-73.9906
40.692726,-73.97843
40.691517,-73.9906
40.691517,-73.9906
40.694614,-73.98856
40.691776,-73.991516
40.689766,-73.9896
40.690136,-73.98311
40.68491,-73.97854
40.685253,-73.97776
40.68488,-73.98065
40.69505,-73.983574
40.688953,-73.99426
40.690285,-73.99022
40.69613,-73.99227
40.68693,-73.983406
40.693424,-73.982704
40.697086,-73.9945
40.69223,-73.981346
40.693424,-73.982704
40.68693,-73.983406
40.697144,-73.99564
40.696545,-73.99278
40.691406,-73.99558
40.688416,-73.978584
40.688877,-73.97413
40.69431,-73.99574
40.686123,-73.97364
40.692783,-73.97886
40.69381,-73.99451
40.688416,-73.981415
40.686214,-73.982254
40.690304,-73.99111
40.692474,-73.98507
40.692448,-73.985214
40.689445,-73.99605
40.68898,-73.99437
40.68887,-73.974266
40.696594,-73.988396
40.687954,-73.994804
40.694405,-73.996414
40.692474,-73.98507
40.69207,-73.98021
40.68979,-73.98496
40.68979,-73.98496
40.692474,-73.98507
40.691517,-73.9906
40.691517,-73.9906
40.691776,-73.991516
40.786835,-73.94988
40.786835,-73.94988
40.791275,-73.94867
40.79613,-73.934204
40.79613,-73.934204
40.7921,-73.93934
40.79473,-73.93507
40.79554,-73.94945
40.79554,-73.94945
40.7921,-73.93934
40.792915,-73.94041
40.78868,-73.94719
40.791275,-73.94867
40.792934,-73.940506
40.79127,-73.94867
40.78868,-73.94719
40.7947,-73.94357
40.789562,-73.94727
40.79554,-73.94945
40.7921,-73.93934
40.79629,-73.949036
40.7947,-73.94357
40.78868,-73.94719
40.794704,-73.9436
40.788338,-73.9475
40.79554,-73.94945
40.798126,-73.93504
40.789146,-73.94823
40.787514,-73.948044
40.78868,-73.94719
40.788338,-73.9475
40.792915,-73.94041
40.788597,-73.94117
40.789448,-73.948616
40.788517,-73.941246
40.792934,-73.940506
40.790516,-73.9472
40.789562,-73.941734
40.79554,-73.94945
40.78586,-73.94299
40.790176,-73.94873
40.79182,-73.940636
40.789562,-73.94727
40.79554,-73.94945
40.79182,-73.940636
40.79357,-73.93894
40.79554,-73.94945
40.7934,-73.94076
40.788338,-73.9475
40.788338,-73.9475
40.791275,-73.94867
40.79182,-73.940636
40.79179,-73.9398
40.78868,-73.94719
40.797626,-73.948166
40.788338,-73.9475
40.792282,-73.939
40.79179,-73.9398
40.791306,-73.94855
40.795753,-73.9333
40.795784,-73.9498
40.79355,-73.94473
40.787514,-73.948044
40.790176,-73.94873
40.788338,-73.9475
40.79357,-73.93894
40.7921,-73.93934
40.78868,-73.94719
40.79554,-73.94945
40.795914,-73.94644
40.788338,-73.9475
40.79554,-73.94945
40.792915,-73.94041
40.79714,-73.93347
40.787514,-73.948044
40.789562,-73.941734
40.788338,-73.9475
40.792934,-73.940506
40.786007,-73.94977
40.788338,-73.9475
40.68506,-74.00182
40.694386,-73.99839
40.695766,-73.997
40.68876,-73.99848
40.692986,-73.99978
40.6953,-73.99699
40.68491,-73.99832
40.688076,-73.99891
40.686993,-74.000496
40.68916,-73.9995
40.69502,-73.99747
40.695766,-73.997
40.695766,-73.997
40.68916,-73.9995
40.695766,-73.997
40.687553,-73.99914
40.684597,-73.9997
40.688076,-73.99891
40.689423,-74.00001
40.694386,-73.99839
40.688076,-73.99891
40.684597,-73.9997
40.695557,-73.997795
40.686382,-74.00174
40.692986,-73.99978
40.694386,-73.99839
40.69235,-73.99871
40.694386,-73.99839
40.692986,-73.99978
40.692986,-73.99978
40.694725,-73.99751
40.69459,-73.99709
40.694725,-73.99751
40.68896,-73.99743
40.68506,-74.00182
40.69459,-73.99709
40.788605,-73.97012
40.791527,-73.96891
40.788605,-73.97012
40.78949,-73.970894
40.7906,-73.97341
40.791523,-73.97288
40.785686,-73.96926
40.788605,-73.97012
40.78809,-73.96863
40.788303,-73.97135
40.788605,-73.97012
40.791527,-73.96891
40.78768,-73.970375
40.791527,-73.96891
40.78768,-73.970375
40.785774,-73.97317
40.788303,-73.97135
40.791126,-73.97
40.788605,-73.97012
40.78684,-73.972595
40.790775,-73.96937
40.78925,-73.97217
40.788605,-73.97012
40.788605,-73.97012
40.791527,-73.96891
40.788605,-73.97012
40.791527,-73.96891
40.78828,-73.96908
40.609364,-73.7545
40.59638,-73.764496
40.593678,-73.75845
40.6087,-73.75472
40.593536,-73.75885
40.610176,-73.76634
40.60552,-73.74424
40.59357,-73.759056
40.60428,-73.74782
40.604813,-73.75984
40.609768,-73.745995
40.60428,-73.74782
40.594986,-73.75829
40.613136,-73.76645
40.608837,-73.75526
40.60615,-73.75718
40.594967,-73.775375
40.606575,-73.75832
40.604267,-73.74801
40.60261,-73.746796
40.60428,-73.74782
40.60308,-73.74921
40.60585,-73.75888
40.59537,-73.74086
40.609802,-73.7587
40.59953,-73.77494
40.604904,-73.74369
40.598392,-73.77578
40.605797,-73.76571
40.603085,-73.761246
40.606846,-73.74676
40.604324,-73.7574
40.611126,-73.76938
40.61248,-73.76689
40.686855,-74.00112
40.687553,-73.99914
40.692986,-73.99978
40.695766,-73.997
40.692986,-73.99978
40.693512,-74.00018
40.694386,-73.99839
40.694386,-73.99839
40.69431,-73.99574
40.69583,-73.99199
40.697086,-73.9945
40.68979,-73.98496
40.684593,-73.99159
40.69676,-73.99583
40.6927,-73.97956
40.68953,-73.986465
40.68979,-73.98496
40.689766,-73.9896
40.68979,-73.98496
40.697094,-73.9879
40.69207,-73.98021
40.697094,-73.9879
40.69505,-73.983574
40.68953,-73.986465
40.697144,-73.99564
40.686768,-73.985085
40.69207,-73.98021
40.69278,-73.99336
40.690285,-73.99022
40.692474,-73.98507
40.691517,-73.9906
40.692474,-73.98507
40.69431,-73.99574
40.68979,-73.98496
40.69312,-73.993416
40.69316,-73.99318
40.69291,-73.99684
40.691517,-73.9906
40.69555,-73.99466
40.692146,-73.97921
40.6888,-73.98864
40.68768,-73.98533
40.692875,-73.99673
40.68979,-73.98496
40.693066,-73.99334
40.69613,-73.99227
40.690136,-73.98311
40.693066,-73.99334
40.688416,-73.978584
40.686214,-73.982254
40.68843,-73.98104
40.69223,-73.981346
40.68522,-73.9788
40.697144,-73.99564
40.68856,-73.99047
40.69431,-73.99574
40.690422,-73.990265
40.68906,-73.99357
40.693424,-73.982704
40.68979,-73.98496
40.69223,-73.981346
40.68856,-73.99047
40.693985,-73.99511
40.690136,-73.98311
40.69381,-73.99451
40.689137,-73.99457
40.69207,-73.98021
40.693424,-73.982704
40.68868,-73.97423
40.696896,-73.9948
40.69613,-73.99227
40.691517,-73.9906
40.69381,-73.99451
40.689423,-73.98809
40.695553,-73.9921
40.697144,-73.99564
40.696552,-73.98727
40.69337,-73.99476
40.690136,-73.98311
40.691517,-73.9906
40.68562,-73.99033
40.688416,-73.978584
40.69505,-73.983574
40.69223,-73.981346
40.69613,-73.99227
40.68979,-73.98496
40.687553,-73.97398
40.6888,-73.98864
40.68979,-73.98496
40.69565,-73.99369
40.687855,-73.99207
40.689766,-73.9896
40.692783,-73.97886
40.694313,-73.99574
40.697144,-73.99564
40.68906,-73.99357
40.69456,-73.98269
40.68979,-73.98496
40.68906,-73.99357
40.692112,-73.97833
40.68842,-73.981415
40.68979,-73.98496
40.69422,-73.9961
40.69555,-73.99466
40.687855,-73.99207
40.691505,-73.99558
40.69565,-73.99369
40.690285,-73.99022
40.690807,-73.99001
40.694107,-73.99568
40.69568,-73.99143
40.69712,-73.996216
40.69422,-73.9961
40.695553,-73.9921
40.68979,-73.98496
40.69505,-73.983574
40.68979,-73.98496
40.69505,-73.983574
40.69165,-73.98573
40.688416,-73.981415
40.69712,-73.996216
40.68979,-73.98496
40.692474,-73.98507
40.68842,-73.981415
40.688416,-73.978584
40.685883,-73.99182
40.687847,-73.99481
40.69708,-73.99584
40.69583,-73.99199
40.691517,-73.9906
40.68953,-73.986465
40.69304,-73.978516
40.697094,-73.9879
40.68942,-73.97538
40.690285,-73.99022
40.693424,-73.982704
40.687954,-73.994804
40.68953,-73.986465
40.6961,-73.99527
40.69422,-73.9961
40.690807,-73.99001
40.69505,-73.983574
40.695965,-73.9936
40.68522,-73.9788
40.685333,-73.99042
40.688858,-73.97463
40.69422,-73.9961
40.696594,-73.988396
40.695953,-73.99478
40.69505,-73.983574
40.69613,-73.99227
40.69278,-73.99336
40.6964,-73.99157
40.689445,-73.99605
40.6888,-73.98864
40.68522,-73.9788
40.69613,-73.99227
40.84057,-73.85883
40.8408,-73.85497
40.84057,-73.85886
40.83861,-73.85652
40.84057,-73.85886
40.825,-73.85097
40.83611,-73.85893
40.83861,-73.85652
40.83611,-73.85893
40.83861,-73.85652
40.83611,-73.85893
40.8408,-73.85497
40.82902,-73.86054
40.83611,-73.85893
40.83611,-73.85893
40.83611,-73.85893
40.84057,-73.85886
40.845608,-73.85733
40.837673,-73.86199
40.8408,-73.85497
40.839687,-73.85985
40.83611,-73.85893
40.836708,-73.86502
40.837673,-73.86199
40.83611,-73.85893
40.83861,-73.85652
40.8417,-73.84838
40.844013,-73.85044
40.836708,-73.86502
40.830933,-73.84575
40.84057,-73.85886
40.8411,-73.854034
40.82744,-73.85881
40.83255,-73.85361
40.84057,-73.85886
40.83861,-73.85652
40.839695,-73.86003
40.83984,-73.86165
40.84057,-73.85886
40.84125,-73.855606
40.720043,-73.99679
40.717255,-73.99024
40.714645,-73.98544
40.716316,-73.991554
40.72105,-73.98352
40.713886,-73.979004
40.715374,-73.98647
40.710457,-73.991234
40.715057,-73.98183
40.715076,-73.99157
40.72115,-73.99341
40.719337,-73.98467
40.714645,-73.98544
40.710457,-73.991234
40.714924,-73.98757
40.719448,-73.98556
40.717255,-73.99024
40.71311,-73.97784
40.719448,-73.98556
40.710457,-73.991234
40.7126,-73.978
40.717564,-73.98363
40.719296,-73.98718
40.713104,-73.97922
40.713104,-73.97922
40.71477,-73.98055
40.7126,-73.978
40.710457,-73.991234
40.712917,-73.97816
40.714325,-73.97838
40.71477,-73.98055
40.710457,-73.991234
40.715965,-73.98801
40.713634,-73.98928
40.677696,-73.973816
40.679077,-73.978195
40.683437,-73.98037
40.675198,-73.98422
40.68203,-73.99577
40.67961,-73.98109
40.67501,-73.97752
40.672905,-73.986115
40.673977,-73.97353
40.6759,-73.98349
40.677628,-73.976166
40.67425,-73.985054
40.681606,-73.97354
40.672314,-73.98288
40.6813,-73.9812
40.674847,-73.98359
40.678326,-73.97746
40.678356,-73.99573
40.682957,-73.9811
40.677692,-73.973816
40.683437,-73.98037
40.673737,-73.97709
40.672905,-73.986115
40.6728,-73.97778
40.6728,-73.97778
40.68061,-73.97827
40.672314,-73.98288
40.6728,-73.97778
40.67715,-73.97887
40.67714,-73.9827
40.672905,-73.986115
40.676426,-73.97981
40.67553,-73.98311
40.679127,-73.98063
40.6767,-73.98266
40.68084,-73.9801
40.680004,-73.978775
40.680004,-73.978775
40.674847,-73.98359
40.67561,-73.97504
40.676426,-73.97981
40.67341,-73.97984
40.67347,-73.98343
40.68435,-73.97421
40.67444,-73.98015
40.67785,-73.99689
40.67315,-73.97998
40.680935,-73.980255
40.6832,-73.99684
40.6826,-73.9823
40.671978,-73.98801
40.67249,-73.97395
40.67732,-73.97932
40.674698,-73.98324
40.67249,-73.97395
40.684372,-73.99408
40.683456,-73.98683
40.673992,-73.98479
40.681656,-73.980606
40.675354,-73.98406
40.67799,-73.979706
40.67249,-73.97395
40.680202,-73.97929
40.67323,-73.97499
40.682972,-73.99153
40.68296,-73.9938
40.673157,-73.97366
40.67983,-73.97533
40.673428,-73.97871
40.67961,-73.98109
40.672905,-73.986115
40.683807,-73.9866
40.68281,-73.98106
40.673286,-73.9837
40.67231,-73.98637
40.675064,-73.973495
40.682102,-73.979
40.680645,-73.980415
40.68139,-73.97953
40.683807,-73.9866
40.673992,-73.98479
40.673763,-73.98471
40.67704,-73.97939
40.679737,-73.97872
40.680244,-73.979385
40.6813,-73.9812
40.681656,-73.980606
40.67983,-73.979576
40.677902,-73.991615
40.67391,-73.976715
40.674675,-73.977455
40.67249,-73.97395
40.673157,-73.97366
40.67961,-73.98109
40.679844,-73.976074
40.673992,-73.98479
40.67542,-73.98059
40.67301,-73.982765
40.67542,-73.98059
40.674225,-73.98327
40.675396,-73.98147
40.682278,-73.99494
40.681545,-73.99327
40.676773,-73.98627
40.67793,-73.981674
40.672577,-73.97605
40.680645,-73.980415
40.684097,-73.97903
40.680645,-73.980415
40.67708,-73.98148
40.67902,-73.98138
40.67736,-73.979515
40.67301,-73.982765
40.677666,-73.99536
40.68202,-73.993935
40.678513,-73.98112
40.68435,-73.991196
40.678513,-73.98112
40.67303,-73.98637
40.67754,-73.98003
40.682877,-73.98098
40.673737,-73.97709
40.673656,-73.98221
40.683174,-73.97752
40.683174,-73.97752
40.672096,-73.97413
40.673656,-73.98221
40.679554,-73.991356
40.682877,-73.98098
40.672905,-73.986115
40.672424,-73.977806
40.675194,-73.98422
40.684097,-73.97903
40.67249,-73.97395
40.67594,-73.98274
40.681656,-73.980606
40.68307,-73.99371
40.681393,-73.97824
40.68435,-73.991196
40.67431,-73.97652
40.68435,-73.991196
40.67249,-73.97395
40.674675,-73.977455
40.673332,-73.982414
40.678394,-73.97844
40.67714,-73.9827
40.67793,-73.981674
40.673725,-73.98463
40.683563,-73.97967
40.672955,-73.9787
40.682945,-73.97808
40.674202,-73.98392
40.67793,-73.981674
40.673134,-73.982666
40.68296,-73.9938
40.674675,-73.977455
40.672153,-73.98762
40.672905,-73.986115
40.677315,-73.98132
40.672955,-73.9787
40.684093,-73.97903
40.680645,-73.980415
40.677,-73.9828
40.677822,-73.99583
40.67425,-73.985054
40.672424,-73.977806
40.68139,-73.97953
40.674675,-73.977455
40.6733,-73.97845
40.678635,-73.996376
40.674606,-73.98055
40.68209,-73.99158
40.673737,-73.97709
40.67301,-73.982765
40.676395,-73.97973
40.674606,-73.98055
40.681736,-73.97616
40.67301,-73.982765
40.676395,-73.97973
40.680645,-73.980415
40.679325,-73.97499
40.673534,-73.98357
40.677097,-73.98077
40.682865,-73.99437
40.677364,-73.97812
40.67765,-73.97451
40.677208,-73.97461
40.674606,-73.98055
40.67431,-73.97652
40.675064,-73.973495
40.6813,-73.9812
40.68209,-73.99158
40.68102,-73.9785
40.68061,-73.97827
40.677254,-73.98116
40.681107,-73.976685
40.68155,-73.97885
40.67425,-73.985054
40.677425,-73.974014
40.672096,-73.97413
40.680645,-73.980415
40.6728,-73.97778
40.680573,-73.98045
40.673237,-73.97498
40.678093,-73.993744
40.708015,-74.00591
40.708916,-74.001724
40.708614,-74.00348
40.708614,-74.00348
40.706,-74.00727
40.70659,-74.00817
40.709522,-74.00243
40.708916,-74.001724
40.708916,-74.001724
40.709034,-74.004684
40.706837,-74.00832
40.706837,-74.00832
40.70517,-74.008484
40.709755,-74.0085
40.709522,-74.00243
40.709034,-74.004684
40.708664,-74.003006
40.709755,-74.0085
40.709526,-74.00243
40.70659,-74.00817
40.708015,-74.00591
40.70939,-74.00806
40.708015,-74.00591
40.705215,-74.00853
40.705185,-74.00789
40.709034,-74.004684
40.70808,-74.00747
40.70828,-74.00683
40.705185,-74.00789
40.706913,-74.008575
40.705215,-74.00853
40.706837,-74.00832
40.709034,-74.004684
40.70974,-74.00662
40.708916,-74.001724
40.706837,-74.00832
40.708508,-74.00105
40.705185,-74.00789
40.708015,-74.00591
40.708508,-74.00105
40.705776,-74.00724
40.705185,-74.00789
40.705193,-74.007904
40.705776,-74.00724
40.7088,-74.00371
40.705185,-74.00789
40.709034,-74.004684
40.705776,-74.00724
40.709034,-74.004684
40.705776,-74.00724
40.705185,-74.00789
40.705776,-74.00724
40.70904,-74.0017
40.705185,-74.00789
40.709034,-74.004684
40.705776,-74.00724
40.705185,-74.00789
40.705185,-74.00789
40.705776,-74.00724
40.708015,-74.00591
40.706837,-74.00832
40.708824,-74.00395
40.708015,-74.00591
40.709522,-74.00243
40.706837,-74.00832
40.708015,-74.00591
40.70808,-74.00747
40.705776,-74.00724
40.706837,-74.00832
40.708923,-74.0032
40.708015,-74.00591
40.708614,-74.00348
40.708614,-74.00348
40.705193,-74.007904
40.706837,-74.00832
40.709034,-74.004684
40.708614,-74.00348
40.70974,-74.00662
40.708614,-74.00348
40.70974,-74.00662
40.706837,-74.00833
40.82271,-73.94273
40.705185,-74.00789
40.70974,-74.00662
40.708015,-74.00591
40.705185,-74.00789
40.706837,-74.00832
40.705185,-74.00789
40.705185,-74.00789
40.709522,-74.00243
40.70828,-74.00683
40.709526,-74.00243
40.706837,-74.00832
40.708015,-74.00591
40.705185,-74.00789
40.705776,-74.00724
40.708015,-74.00591
40.709522,-74.00243
40.708923,-74.0032
40.709526,-74.00243
40.708916,-74.001724
40.705776,-74.00724
40.708015,-74.00591
40.709522,-74.00243
40.709522,-74.00243
40.708824,-74.00395
40.709526,-74.00243
40.708015,-74.00591
40.705185,-74.00789
40.70808,-74.00747
40.705185,-74.00789
40.708015,-74.00591
40.708015,-74.00591
40.709553,-74.00685
40.70911,-74.00635
40.708614,-74.00348
40.705185,-74.00789
40.708015,-74.00591
40.705185,-74.00789
40.705185,-74.00789
40.708015,-74.00591
40.709526,-74.00243
40.70974,-74.00662
40.708015,-74.00591
40.70517,-74.008484
40.709522,-74.00243
40.70911,-74.00635
40.708664,-74.003006
40.709755,-74.0085
40.70854,-74.00098
40.708614,-74.00348
40.70925,-74.00361
40.70517,-74.008484
40.70517,-74.008484
40.70854,-74.00098
40.70763,-74.00281
40.708923,-74.0032
40.708614,-74.00348
40.706852,-74.00848
40.708614,-74.00348
40.70808,-74.00747
40.70808,-74.00747
40.709007,-74.00727
40.70828,-74.00683
40.709034,-74.004684
40.705185,-74.00789
40.70828,-74.00683
40.70925,-74.00361
40.708015,-74.00591
40.705185,-74.00789
40.709034,-74.004684
40.70592,-74.010765
40.709194,-74.017975
40.706116,-74.011734
40.705,-74.00962
40.708103,-74.016975
40.709194,-74.017975
40.706116,-74.011734
40.70779,-74.013885
40.705566,-74.0174
40.70768,-74.00998
40.706116,-74.011734
40.70969,-74.017235
40.70592,-74.010765
40.708374,-74.01679
40.70768,-74.00998
40.70773,-74.009735
40.708828,-74.01657
40.678055,-73.97375
40.67227,-73.98006
40.67785,-73.99689
40.682022,-73.99643
40.679382,-73.976875
40.677105,-73.99194
40.673977,-73.97353
40.680004,-73.978775
40.67341,-73.97984
40.679077,-73.978195
40.674675,-73.977455
40.683483,-73.97947
40.680645,-73.980415
40.68354,-73.984985
40.680202,-73.97929
40.68061,-73.97827
40.677105,-73.99194
40.683456,-73.98683
40.682022,-73.99643
40.683437,-73.98037
40.672096,-73.97413
40.673656,-73.98221
40.6844,-73.97374
40.673992,-73.98479
40.673157,-73.97366
40.672096,-73.97413
40.674698,-73.98324
40.67341,-73.97984
40.684093,-73.97903
40.679844,-73.976074
40.673878,-73.97873
40.673157,-73.97366
40.684357,-73.98997
40.677258,-73.97913
40.682022,-73.99643
40.680645,-73.980415
40.6728,-73.97778
40.677223,-73.97905
40.674698,-73.98324
40.79875,-73.96941
40.799683,-73.9702
40.803818,-73.95631
40.802814,-73.96672
40.801228,-73.95922
40.80079,-73.95877
40.806465,-73.9509
40.80553,-73.96732
40.798855,-73.97243
40.805923,-73.954506
40.80142,-73.95908
40.80912,-73.95147
40.80205,-73.95049
40.798855,-73.97243
40.804565,-73.96424
40.800545,-73.95921
40.80813,-73.9533
40.80122,-73.9707
40.80288,-73.9672
40.79901,-73.97069
40.802395,-73.96964
40.79938,-73.96947
40.80122,-73.9707
40.79899,-73.969635
40.798172,-73.97158
40.80369,-73.96769
40.809143,-73.95523
40.801086,-73.95846
40.802395,-73.96964
40.806465,-73.9509
40.80369,-73.96769
40.80999,-73.958336
40.798855,-73.97243
40.809143,-73.95523
40.80616,-73.966064
40.809143,-73.95523
40.806465,-73.9509
40.807297,-73.964874
40.80097,-73.96881
40.803097,-73.9648
40.80066,-73.96969
40.80529,-73.967094
40.8073,-73.96666
40.805206,-73.9669
40.798702,-73.960014
40.804237,-73.96759
40.807575,-73.96636
40.798946,-73.96758
40.808773,-73.9533
40.80553,-73.96732
40.807575,-73.96636
40.798515,-73.95174
40.80079,-73.97086
40.800697,-73.95916
40.804424,-73.96738
40.80713,-73.965576
40.804092,-73.96689
40.80002,-73.97013
40.798744,-73.97217
40.802395,-73.96964
40.804848,-73.96687
40.799816,-73.97082
40.80002,-73.97013
40.808773,-73.9533
40.810745,-73.95347
40.80553,-73.96732
40.807297,-73.964874
40.798576,-73.96185
40.80553,-73.96732
40.805016,-73.95247
40.8026,-73.96654
40.804237,-73.96759
40.801376,-73.969444
40.800697,-73.95916
40.803177,-73.96433
40.80288,-73.9672
40.80553,-73.96732
40.802315,-73.964745
40.799767,-73.968735
40.808426,-73.95301
40.803097,-73.964806
40.801777,-73.965096
40.80066,-73.96969
40.801376,-73.969444
40.801376,-73.96945
40.80063,-73.95178
40.800426,-73.97106
40.79902,-73.959984
40.801777,-73.965096
40.803177,-73.96433
40.799683,-73.9702
40.80122,-73.9707
40.80529,-73.967094
40.802986,-73.96599
40.80398,-73.965546
40.80079,-73.95877
40.80079,-73.95877
40.80079,-73.97086
40.804237,-73.96759
40.80122,-73.9707
40.80475,-73.96548
40.803806,-73.965096
40.80004,-73.959366
40.800426,-73.97106
40.800182,-73.97052
40.803097,-73.964806
40.800426,-73.97106
40.804848,-73.96687
40.80247,-73.96903
40.80398,-73.965546
40.79875,-73.96941
40.807297,-73.964874
40.800808,-73.95377
40.798855,-73.97243
40.801888,-73.953995
40.801636,-73.95418
40.804237,-73.96759
40.800426,-73.97106
40.798172,-73.97158
40.80892,-73.95361
40.803097,-73.964806
40.7991,-73.95388
40.79935,-73.97216
40.79875,-73.96941
40.804607,-73.95739
40.79938,-73.96947
40.799763,-73.97149
40.79875,-73.96941
40.804203,-73.96816
40.799435,-73.95529
40.804203,-73.96816
40.807575,-73.96636
40.80004,-73.959366
40.801697,-73.96745
40.79899,-73.95102
40.800842,-73.95746
40.803177,-73.96433
40.801086,-73.95846
40.79875,-73.96941
40.80398,-73.965546
40.80002,-73.96934
40.807575,-73.96636
40.809315,-73.95265
40.803097,-73.964806
40.80004,-73.959366
40.806164,-73.9545
40.7991,-73.95388
40.800568,-73.97065
40.799442,-73.96979
40.804565,-73.96424
40.80912,-73.95147
40.80527,-73.952255
40.80142,-73.95908
40.806465,-73.9509
40.8073,-73.96666
40.80002,-73.96934
40.798576,-73.96185
40.810745,-73.95347
40.810654,-73.95833
40.801376,-73.969444
40.807297,-73.964874
40.80713,-73.965576
40.800056,-73.96861
40.80205,-73.95049
40.801888,-73.9568
40.79871,-73.96787
40.801636,-73.95418
40.79973,-73.96135
40.80674,-73.96627
40.80553,-73.96732
40.80079,-73.95877
40.79935,-73.97216
40.798706,-73.96087
40.807003,-73.96613
40.80079,-73.95877
40.802914,-73.96811
40.80414,-73.95602
40.804848,-73.96687
40.801086,-73.95846
40.802814,-73.96672
40.800545,-73.95921
40.798283,-73.96796
40.80438,-73.96575
40.80563,-73.9531
40.80529,-73.967094
40.800426,-73.97106
40.810726,-73.9584
40.800056,-73.96861
40.799686,-73.96321
40.807575,-73.96636
40.80632,-73.95729
40.798706,-73.96087
40.810745,-73.95347
40.804848,-73.96687
40.80563,-73.9531
40.807575,-73.96636
40.79839,-73.97131
40.802734,-73.956184
40.80118,-73.956215
40.798283,-73.96796
40.79839,-73.97131
40.80674,-73.96627
40.799423,-73.95274
40.80122,-73.9707
40.800545,-73.95921
40.80079,-73.95877
40.802517,-73.953545
40.80247,-73.96903
40.801956,-73.964195
40.79875,-73.96941
40.799763,-73.97149
40.807575,-73.96636
40.802734,-73.956184
40.803684,-73.96378
40.798283,-73.96796
40.801086,-73.95846
40.801956,-73.964195
40.80079,-73.95877
40.798798,-73.95317
40.799763,-73.97149
40.80674,-73.96627
40.799816,-73.97082
40.803593,-73.96387
40.80674,-73.96627
40.807575,-73.96636
40.798855,-73.97243
40.800545,-73.95921
40.800697,-73.95916
40.806217,-73.96699
40.8073,-73.96666
40.798855,-73.97243
40.80079,-73.95877
40.801777,-73.965096
40.800358,-73.96479
40.79871,-73.96787
40.806217,-73.96699
40.798702,-73.960014
40.80079,-73.95877
40.79875,-73.96941
40.800545,-73.95921
40.80524,-73.95798
40.804123,-73.963974
40.80999,-73.958336
40.799816,-73.97082
40.804123,-73.963974
40.810745,-73.95347
40.799816,-73.97082
40.799816,-73.97082
40.800426,-73.97106
40.801086,-73.95846
40.800385,-73.95139
40.804268,-73.96549
40.80409,-73.953835
40.80122,-73.9707
40.806217,-73.96699
40.800426,-73.97106
40.801636,-73.95418
40.80016,-73.96689
40.80409,-73.953835
40.806545,-73.96697
40.803806,-73.965096
40.802315,-73.964745
40.80343,-73.96559
40.804268,-73.96549
40.79899,-73.95102
40.80475,-73.96548
40.80133,-73.97043
40.8026,-73.96654
40.806545,-73.96697
40.799763,-73.97149
40.79997,-73.95439
40.801144,-73.952194
40.800556,-73.95661
40.79901,-73.96969
40.800545,-73.95921
40.80004,-73.959366
40.808773,-73.9533
40.800426,-73.97106
40.801697,-73.96745
40.80016,-73.96689
40.804123,-73.963974
40.809998,-73.95747
40.80369,-73.96769
40.80198,-73.95223
40.808773,-73.9533
40.808464,-73.95203
40.799828,-73.95562
40.800232,-73.95668
40.808773,-73.9533
40.8026,-73.96654
40.805706,-73.95691
40.80912,-73.95147
40.798763,-73.962135
40.80079,-73.95877
40.802883,-73.956894
40.808773,-73.9533
40.800426,-73.97106
40.804855,-73.953705
40.80438,-73.96575
40.798283,-73.96796
40.801086,-73.95846
40.800232,-73.95668
40.806347,-73.95493
40.809315,-73.95265
40.8076,-73.96677
40.808872,-73.95543
40.80369,-73.96769
40.800518,-73.96525
40.807423,-73.95359
40.804203,-73.96816
40.80818,-73.95381
40.802643,-73.9674
40.79871,-73.96787
40.80233,-73.95191
40.715206,-73.85044
40.714977,-73.84938
40.713825,-73.85057
40.710915,-73.85201
40.715153,-73.84985
40.710278,-73.84968
40.71321,-73.848885
40.71186,-73.851685
40.715412,-73.8549
40.714207,-73.84943
40.715645,-73.84737
40.712532,-73.85136
40.715088,-73.85595
40.711296,-73.85015
40.712242,-73.85248
40.713932,-73.85518
40.71261,-73.852554
40.711308,-73.85233
40.71158,-73.85552
40.714996,-73.85337
40.712757,-73.84725
40.71281,-73.855064
40.710705,-73.84632
40.715973,-73.854294
40.710022,-73.84809
40.712402,-73.846
40.711678,-73.85118
40.71304,-73.85277
40.71326,-73.85554
40.712353,-73.85087
40.7151,-73.85594
40.80133,-73.97043
40.803097,-73.9648
40.799534,-73.971756
40.798916,-73.9681
40.803097,-73.964806
40.8026,-73.96654
40.80813,-73.9533
40.801777,-73.965096
40.80079,-73.95877
40.809998,-73.95747
40.801777,-73.965096
40.79875,-73.96941
40.79933,-73.95444
40.800545,-73.95921
40.800232,-73.95668
40.801086,-73.95846
40.80288,-73.9672
40.803333,-73.96897
40.800232,-73.95668
40.8021,-73.96731
40.80446,-73.95619
40.798283,-73.96796
40.80663,-73.95707
40.80175,-73.96955
40.800426,-73.97106
40.80365,-73.955055
40.8073,-73.96666
40.809998,-73.95747
40.799828,-73.961586
40.80607,-73.95659
40.801777,-73.965096
40.800953,-73.95645
40.803127,-73.968636
40.808773,-73.9533
40.804123,-73.963974
40.79901,-73.96969
40.8082,-73.956
40.799816,-73.97082
40.800426,-73.97106
40.80438,-73.96575
40.800842,-73.95746
40.8036,-73.96877
40.80414,-73.95602
40.800407,-73.95723
40.801777,-73.965096
40.800323,-73.96471
40.805794,-73.967155
40.806168,-73.95619
40.805267,-73.952255
40.804466,-73.953636
40.80111,-73.969986
40.804977,-73.967545
40.805794,-73.967155
40.806164,-73.9551
40.799683,-73.9702
40.805973,-73.95754
40.80421,-73.951805
40.8037,-73.95517
40.805794,-73.967155
40.79871,-73.96787
40.804977,-73.967545
40.805794,-73.967155
40.803967,-73.95613
40.800232,-73.966736
40.802734,-73.956184
40.79902,-73.959984
40.80111,-73.969986
40.805927,-73.95752
40.80118,-73.956215
40.800056,-73.96861
40.8021,-73.96731
40.80247,-73.96903
40.80438,-73.96575
40.805016,-73.95247
40.80122,-73.9707
40.80247,-73.96903
40.802944,-73.94449
40.800533,-73.947365
40.806435,-73.94381
40.800327,-73.94425
40.800327,-73.94425
40.802944,-73.94449
40.79856,-73.93488
40.800327,-73.94425
40.800327,-73.94425
40.80103,-73.94833
40.80764,-73.94878
40.810257,-73.93826
40.804432,-73.94063
40.803806,-73.941086
40.80236,-73.94943
40.804848,-73.94109
40.803036,-73.949394
40.80991,-73.93792
40.802944,-73.94449
40.81013,-73.93872
40.801453,-73.94341
40.801033,-73.94834
40.81013,-73.93872
40.805195,-73.941444
40.810474,-73.94351
40.80212,-73.942924
40.80212,-73.942924
40.801453,-73.94341
40.801453,-73.94341
40.771297,-73.91169
40.766964,-73.92565
40.76457,-73.92574
40.769077,-73.923775
40.764572,-73.92574
40.771484,-73.92335
40.766342,-73.92599
40.76457,-73.92574
40.765068,-73.92559
40.76755,-73.91297
40.761574,-73.9224
40.769955,-73.921524
40.76094,-73.906364
40.764572,-73.92574
40.76507,-73.92559
40.7655,-73.92579
40.767986,-73.91262
40.767986,-73.91262
40.766563,-73.92406
40.764572,-73.92574
40.77054,-73.90527
40.77059,-73.91018
40.763165,-73.92103
40.767986,-73.91262
40.802814,-73.96672
40.802914,-73.96811
40.80079,-73.97086
40.80475,-73.96548
40.799328,-73.95444
40.798843,-73.95389
40.801086,-73.95846
40.800697,-73.95916
40.805855,-73.95727
40.79871,-73.96787
40.810745,-73.95347
40.800426,-73.97106
40.80945,-73.95097
40.801743,-73.956375
40.798515,-73.95174
40.801777,-73.965096
40.80122,-73.9707
40.80475,-73.96548
40.801636,-73.95418
40.807423,-73.95359
40.80002,-73.97013
40.80002,-73.97013
40.80122,-73.9707
40.800426,-73.97106
40.799805,-73.95295
40.799274,-73.95279
40.802315,-73.96475
40.799816,-73.97082
40.800426,-73.97106
40.800697,-73.95916
40.801697,-73.96745
40.805244,-73.96664
40.80156,-73.95221
40.80343,-73.96559
40.805244,-73.96664
40.80813,-73.9533
40.8026,-73.96654
40.799652,-73.965355
40.802593,-73.95638
40.8036,-73.96877
40.755013,-73.79782
40.755806,-73.79393
40.74992,-73.80097
40.758667,-73.78744
40.75866,-73.804436
40.74921,-73.79558
40.75264,-73.78921
40.753857,-73.79285
40.757435,-73.79807
40.756477,-73.802765
40.756523,-73.8089
40.756325,-73.78672
40.759426,-73.7978
40.75611,-73.79095
40.748848,-73.79305
40.754974,-73.80784
40.75322,-73.80616
40.75146,-73.79374
40.74905,-73.80249
40.753452,-73.78831
40.759525,-73.79533
40.756157,-73.79043
40.759785,-73.78805
40.748047,-73.78726
40.755108,-73.79109
40.75322,-73.80616
40.750645,-73.78761
40.74798,-73.80001
40.748047,-73.78726
40.757988,-73.79988
40.75689,-73.79255
40.75792,-73.80177
40.755432,-73.80059
40.75461,-73.797516
40.75412,-73.78838
40.748806,-73.79594
40.75659,-73.801956
40.75351,-73.88202
40.748848,-73.88021
40.74901,-73.885124
40.75092,-73.88642
40.754425,-73.88692
40.75158,-73.88327
40.75051,-73.88175
40.748905,-73.893425
40.748604,-73.88141
40.75343,-73.88593
40.75158,-73.88327
40.75169,-73.88686
40.74894,-73.87958
40.75106,-73.88739
40.75079,-73.887344
40.751926,-73.89135
40.751144,-73.8828
40.75298,-73.885025
40.752754,-73.888794
40.75849,-73.90665
40.759052,-73.90537
40.759502,-73.91115
40.75596,-73.912575
40.760246,-73.91371
40.75792,-73.90557
40.74792,-73.91212
40.757233,-73.906525
40.758804,-73.91427
40.758854,-73.90689
40.75849,-73.90665
40.756542,-73.90715
40.756977,-73.91621
40.74778,-73.91286
40.75925,-73.90482
40.750797,-73.9086
40.74946,-73.91715
40.757732,-73.915596
40.7487,-73.91759
40.758327,-73.90703
40.758854,-73.907265
40.748646,-73.91665
40.75886,-73.91436
40.758804,-73.91427
40.74792,-73.91212
40.74792,-73.91212
40.74796,-73.91839
40.754623,-73.90694
40.759308,-73.90552
40.759308,-73.90552
40.75501,-73.907906
40.758022,-73.90723
40.801086,-73.95846
40.79839,-73.97131
40.799816,-73.97082
40.802734,-73.956184
40.79875,-73.96941
40.798855,-73.97243
40.799763,-73.97149
40.804638,-73.95656
40.80315,-73.95505
40.799763,-73.97149
40.800323,-73.96471
40.79839,-73.97131
40.805206,-73.9669
40.799442,-73.96979
40.80414,-73.95602
40.800426,-73.97106
40.79997,-73.96016
40.80079,-73.97086
40.80663,-73.95707
40.80398,-73.965546
40.80475,-73.96548
40.79997,-73.96016
40.80079,-73.95877
40.800697,-73.95916
40.79938,-73.96947
40.80156,-73.95221
40.75356,-73.82112
40.748016,-73.827255
40.75213,-73.82135
40.753242,-73.82538
40.753796,-73.82094
40.751232,-73.821365
40.753387,-73.83248
40.752483,-73.823326
40.75341,-73.82497
40.753845,-73.82618
40.753326,-73.82636
40.751427,-73.8218
40.75295,-73.82199
40.751232,-73.821365
40.7531,-73.825806
40.753326,-73.82636
40.753464,-73.82849
40.753242,-73.825386
40.751526,-73.82806
40.75272,-73.82139
40.74951,-73.82864
40.753952,-73.83149
40.753815,-73.82864
40.753326,-73.82636
40.751232,-73.821365
40.751232,-73.821365
40.751232,-73.821365
40.75318,-73.82808
40.75318,-73.82808
40.75318,-73.82808
40.75318,-73.82808
40.751232,-73.821365
40.751232,-73.821365
40.751232,-73.821365
40.751232,-73.821365
40.751232,-73.821365
40.751232,-73.821365
40.733635,-73.953674
40.732655,-73.961
40.73955,-73.92705
40.747585,-73.94611
40.746403,-73.97334
40.741707,-73.95525
40.745895,-73.94623
40.743134,-73.958405
40.73266,-73.961
40.742973,-73.95798
40.745045,-73.97161
40.746403,-73.97334
40.7423,-73.951
40.745247,-73.93722
40.746037,-73.941895
40.74316,-73.95711
40.74526,-73.94459
40.745045,-73.97161
40.72842,-73.95478
40.732483,-73.954956
40.745293,-73.9445
40.746037,-73.941895
40.745895,-73.94623
40.72842,-73.95478
40.731876,-73.96095
40.742336,-73.95727
40.727135,-73.943146
40.75827,-73.805504
40.754086,-73.78976
40.754578,-73.80826
40.75714,-73.80697
40.751434,-73.79313
40.760063,-73.80657
40.74783,-73.80192
40.751434,-73.79313
40.74884,-73.79291
40.7549,-73.79784
40.749287,-73.788345
40.75646,-73.786736
40.751045,-73.80779
40.748383,-73.79379
40.757126,-73.786804
40.75219,-73.79414
40.757042,-73.799065
40.747913,-73.80002
40.759785,-73.78805
40.752975,-73.785805
40.75862,-73.78744
40.751163,-73.79085
40.750507,-73.78954
40.759785,-73.78805
40.74935,-73.7946
40.755302,-73.791374
40.75698,-73.800385
40.755875,-73.80393
40.7543,-73.8064
40.755463,-73.78982
40.74958,-73.795685
40.749203,-73.790306
40.756916,-73.78621
40.75464,-73.803535
40.749264,-73.79565
40.75031,-73.79381
40.756725,-73.786514
40.75191,-73.804184
40.75405,-73.80136
40.748028,-73.79009
40.806217,-73.96699
40.79994,-73.95886
40.800232,-73.95668
40.804157,-73.965225
40.8026,-73.96654
40.801434,-73.954865
40.80674,-73.96627
40.8073,-73.96666
40.800697,-73.95916
40.79875,-73.96941
40.80288,-73.9672
40.79875,-73.96941
40.80604,-73.95628
40.8073,-73.96666
40.799423,-73.95274
40.79875,-73.96941
40.798664,-73.96077
40.800056,-73.96861
40.802914,-73.96811
40.80837,-73.95347
40.79974,-73.95919
40.799763,-73.97149
40.80563,-73.9531
40.801697,-73.96745
40.804848,-73.96687
40.802734,-73.956184
40.80674,-73.96627
40.80674,-73.96627
40.803806,-73.965096
40.802914,-73.96811
40.80818,-73.95109
40.809998,-73.95747
40.802395,-73.96964
40.80563,-73.9531
40.798664,-73.96077
40.800426,-73.97106
40.802395,-73.96964
40.80891,-73.96523
40.802395,-73.96964
40.801086,-73.95846
40.799778,-73.961464
40.809143,-73.95523
40.79899,-73.969635
40.798515,-73.95174
40.806465,-73.9509
40.804424,-73.96738
40.80079,-73.97086
40.802643,-73.9674
40.805668,-73.95988
40.80156,-73.95221
40.798172,-73.97158
40.79899,-73.95102
40.804237,-73.96759
40.801743,-73.956375
40.808773,-73.9533
40.80233,-73.95191
40.7988,-73.96844
40.799767,-73.968735
40.80438,-73.96575
40.80205,-73.95049
40.80079,-73.95877
40.804977,-73.967545
40.807003,-73.96613
40.804237,-73.96759
40.799816,-73.97082
40.79901,-73.96969
40.808773,-73.9533
40.80079,-73.95877
40.800056,-73.96861
40.799767,-73.968735
40.80674,-73.96627
40.805794,-73.967155
40.80438,-73.96575
40.80521,-73.9669
40.799885,-73.95976
40.80175,-73.96955
40.800545,-73.95921
40.79901,-73.97069
40.800232,-73.95669
40.805206,-73.9669
40.751427,-73.8218
40.753975,-73.82855
40.753326,-73.82636
40.752953,-73.832115
40.753815,-73.82864
40.753815,-73.82864
40.75273,-73.82682
40.75244,-73.83141
40.751232,-73.821365
40.751232,-73.821365
40.751232,-73.821365
40.751236,-73.82169
40.752804,-73.82824
40.753242,-73.82538
40.751232,-73.821365
40.751232,-73.821365
40.751232,-73.821365
40.75291,-73.821045
40.753326,-73.82636
40.751232,-73.821365
40.751232,-73.821365
40.753242,-73.82538
40.7502,-73.8227
40.752335,-73.826324
40.751232,-73.821365
40.751232,-73.821365
40.751232,-73.821365
40.751232,-73.821365
40.752186,-73.82539
40.75295,-73.82199
40.75295,-73.82199
40.753464,-73.82849
40.791126,-73.839264
40.79347,-73.846664
40.784718,-73.85087
40.790257,-73.853195
40.7736,-73.84695
40.78997,-73.84277
40.78136,-73.84805
40.7936,-73.84646
40.78136,-73.84805
40.79038,-73.84433
40.785725,-73.84789
40.77597,-73.84872
40.776985,-73.84092
40.794533,-73.84697
40.77704,-73.84104
40.78408,-73.84927
40.790318,-73.85196
40.790634,-73.84315
40.784943,-73.84665
40.7848,-73.846016
40.782284,-73.8442
40.776318,-73.84775
40.78933,-73.84974
40.77921,-73.84399
40.784588,-73.842316
40.77591,-73.84873
40.784763,-73.85172
40.775784,-73.842285
40.77422,-73.84589
40.7769,-73.84867
40.790768,-73.83885
40.788223,-73.85172
40.788322,-73.841
