listing_id,latitude,longitude
0,40.82466,-73.852806
1,40.66363,-73.849434
2,40.705246,-73.83398
3,40.757084,-73.835594
4,40.753643,-73.855125
5,40.70506,-73.8341
6,40.904922,-73.90666
7,40.79497,-73.94343
8,40.76124,-73.82771
9,40.811234,-73.85012
10,40.84057,-73.85886
11,40.84057,-73.85886
12,40.843784,-73.82162
13,40.893307,-73.90233
14,40.65378,-73.97401
15,40.58569,-73.95617
16,40.65066,-73.91172
17,40.72753,-73.99017
18,40.74852,-73.9734
19,40.765625,-73.977486
20,40.767174,-73.98508
21,40.756363,-73.964806
22,40.780834,-73.9107
23,40.764534,-73.86622
24,40.69605,-73.88851
25,40.750904,-73.78817
26,40.787476,-73.785805
27,40.730007,-73.79695
28,40.724297,-73.72864
29,40.768703,-73.730095
30,40.69522,-73.84195
31,40.706844,-73.76381
32,40.705173,-73.7587
33,40.70304,-73.72822
34,40.66683,-73.84851
35,40.686893,-73.79728
36,40.683743,-73.746445
37,40.68018,-73.75068
38,40.676723,-73.7481
39,40.543964,-74.15268
40,40.539856,-74.1666
41,40.673534,-73.98357
42,40.693516,-73.96857
43,40.701817,-73.986916
44,40.70981,-73.82895
45,40.691517,-73.9906
46,40.698486,-73.99188
47,40.687256,-73.97939
48,40.712513,-73.81207
49,40.61883,-74.0949
50,40.61185,-74.03496
51,40.599625,-73.93544
52,40.6929,-73.95467
53,40.575768,-73.95696
54,40.60519,-74.01514
55,40.56976,-74.12235
56,40.59647,-73.986694
57,40.5982,-73.9959
58,40.711536,-73.84755
59,40.62981,-73.92751
60,40.63224,-74.030045
61,40.714657,-73.98541
62,40.69807,-73.84826
63,40.679512,-73.90907
64,40.642365,-73.98866
65,40.6384,-73.981834
66,40.631004,-73.962456
67,40.613754,-73.94514
68,40.633106,-73.932205
69,40.789406,-73.97868
70,40.800426,-73.97106
71,40.85348,-73.93656
72,40.76086,-73.82551
73,40.77588,-73.98167
74,40.76154,-73.99914
75,40.730743,-73.85564
76,40.763058,-73.96213
77,40.74393,-73.97568
78,40.747353,-73.99613
79,40.799816,-73.97082
80,40.773243,-73.95331
81,40.73547,-74.00801
82,40.731285,-73.99108
83,40.86961,-73.84082
84,40.906563,-73.90659
85,40.74193,-74.00243
86,40.756985,-73.96247
87,40.741474,-73.75684
88,40.75992,-73.76544
89,40.749252,-73.76625
90,40.777367,-73.74835
91,40.72846,-73.74084
92,40.788357,-73.779495
93,40.75596,-73.732956
94,40.733215,-73.72389
95,40.75239,-73.73689
96,40.783607,-73.776215
97,40.759632,-73.71948
98,40.768066,-73.78388
99,40.754406,-73.760735
100,40.764427,-73.730354
101,40.74579,-73.71018
102,40.746807,-73.716805
103,40.765755,-73.72587
104,40.749493,-73.70229
105,40.751133,-73.72326
106,40.767895,-73.76446
107,40.725986,-73.739174
108,40.75669,-73.72075
109,40.734287,-73.719666
110,40.78401,-73.77487
111,40.76993,-73.73776
112,40.723988,-73.73848
113,40.78401,-73.77487
114,40.74116,-73.75571
115,40.750645,-73.72117
116,40.741474,-73.75685
117,40.527702,-74.18736
118,40.549812,-74.213005
119,40.55652,-74.16272
120,40.55322,-74.17375
121,40.535446,-74.18185
122,40.538437,-74.17737
123,40.537216,-74.17407
124,40.546253,-74.220505
125,40.53962,-74.1809
126,40.555473,-74.16187
127,40.547546,-74.188286
128,40.53845,-74.167595
129,40.554214,-74.1808
130,40.5489,-74.215164
131,40.550938,-74.21467
132,40.634365,-74.165886
133,40.545776,-74.21691
134,40.539127,-74.19741
135,40.63906,-74.16472
136,40.576744,-74.162895
137,40.523144,-74.219635
138,40.580326,-74.1623
139,40.528954,-74.20953
140,40.622284,-74.16476
141,40.544373,-74.21206
142,40.52766,-74.177086
143,40.53409,-74.1785
144,40.533424,-74.19446
145,40.623062,-74.162865
146,40.550343,-74.173294
147,40.539497,-74.17281
148,40.526592,-74.20697
149,40.623238,-74.16667
150,40.636623,-74.16171
151,40.54958,-74.18589
152,40.534725,-74.23736
153,40.63532,-74.16658
154,40.52985,-74.22067
155,40.58483,-74.16181
156,40.549816,-74.213005
157,40.627987,-73.91717
158,40.672417,-73.7449
159,40.66595,-73.76673
160,40.712547,-73.734215
161,40.707615,-73.73634
162,40.6976,-73.738846
163,40.66838,-73.73278
164,40.60506,-73.76274
165,40.69157,-73.784035
166,40.706318,-73.768684
167,40.67302,-73.74862
168,40.701466,-73.76358
169,40.60782,-73.7601
170,40.657707,-73.75145
171,40.696922,-73.75781
172,40.70317,-73.74054
173,40.691727,-73.7511
174,40.68487,-73.73207
175,40.6007,-73.739365
176,40.598522,-73.75758
177,40.59366,-73.76033
178,40.71798,-73.75598
179,40.6938,-73.75911
180,40.708775,-73.73806
181,40.6785,-73.783005
182,40.72121,-73.75411
183,40.682083,-73.73368
184,40.67072,-73.74377
185,40.66044,-73.75147
186,40.66507,-73.779755
187,40.694298,-73.784035
188,40.710995,-73.75961
189,40.69387,-73.73878
190,40.69104,-73.73923
191,40.839962,-73.78516
192,40.846226,-73.78266
193,40.846264,-73.78267
194,40.846268,-73.78267
195,40.84748,-73.78251
196,40.838425,-73.78488
197,40.840637,-73.78327
198,40.846264,-73.78267
199,40.84219,-73.78529
200,40.84748,-73.78251
201,40.84624,-73.7833
202,40.84619,-73.7832
203,40.840862,-73.785164
204,40.840054,-73.7829
205,40.84611,-73.78344
206,40.846226,-73.78266
207,40.846226,-73.78266
208,40.850643,-73.785545
209,40.84748,-73.78251
210,40.84321,-73.78561
211,40.849617,-73.78518
212,40.84531,-73.78297
213,40.847538,-73.78456
214,40.84032,-73.78458
215,40.83956,-73.78539
216,40.839684,-73.782555
217,40.840137,-73.78421
218,40.84726,-73.785484
219,40.851536,-73.78478
220,40.851574,-73.78472
221,40.84748,-73.78251
222,40.846054,-73.78372
223,40.71232,-73.99301
224,40.645058,-73.99467
225,40.644848,-74.07879
226,40.681656,-73.980606
227,40.690136,-73.98311
228,40.634895,-74.036385
229,40.705044,-74.00812
230,40.705273,-74.01023
231,40.62797,-74.0258
232,40.69497,-73.99686
233,40.681656,-73.980606
234,40.69023,-73.99563
235,40.70985,-74.01789
236,40.67394,-73.97761
237,40.664276,-73.98795
238,40.63783,-74.03374
239,40.706467,-74.01713
240,40.63887,-73.99349
241,40.686214,-73.982254
242,40.719448,-73.98556
243,40.697716,-73.99497
244,40.713104,-73.97922
245,40.635075,-74.03175
246,40.63145,-74.01417
247,40.629387,-74.01284
248,40.630253,-74.100685
249,40.687553,-73.97398
250,40.698486,-73.99188
251,40.69023,-73.99563
252,40.63224,-74.030045
253,40.69651,-73.99179
254,40.556488,-74.150604
255,40.61958,-74.0958
256,40.575256,-73.97428
257,40.618973,-74.12281
258,40.600613,-74.12621
259,40.61229,-74.064186
260,40.602116,-74.08787
261,40.59021,-74.07282
262,40.558548,-74.13082
263,40.53373,-74.15501
264,40.62044,-74.03979
265,40.62044,-74.03979
266,40.60325,-74.07775
267,40.58699,-74.09738
268,40.53499,-74.15412
269,40.61399,-74.035576
270,40.61466,-74.151634
271,40.61523,-73.983154
272,40.589443,-73.98487
273,40.607056,-74.14501
274,40.61384,-74.14702
275,40.58505,-74.09122
276,40.620045,-74.03831
277,40.598648,-73.996254
278,40.557682,-74.16018
279,40.582245,-74.15964
280,40.57766,-74.119
281,40.610985,-74.064186
282,40.592625,-74.097916
283,40.566143,-74.12359
284,40.617622,-74.038826
285,40.567356,-74.133514
286,40.49961,-74.23954
287,40.5144,-74.19454
288,40.51355,-74.241684
289,40.511284,-74.243744
290,40.49989,-74.2444
291,40.518833,-74.19643
292,40.50304,-74.23064
293,40.508312,-74.24495
294,40.51128,-74.24375
295,40.518955,-74.19589
296,40.511444,-74.243195
297,40.50495,-74.247116
298,40.50896,-74.25028
299,40.509678,-74.23667
300,40.50136,-74.24361
301,40.504383,-74.24888
302,40.50539,-74.24564
303,40.508022,-74.24024
304,40.503307,-74.24237
305,40.504135,-74.23837
306,40.512638,-74.24848
307,40.514057,-74.20429
308,40.507206,-74.25271
309,40.514,-74.19583
310,40.519222,-74.195335
311,40.51094,-74.23212
312,40.505875,-74.23856
313,40.514805,-74.20208
314,40.502144,-74.23788
315,40.504482,-74.23904
316,40.511986,-74.24699
317,40.5087,-74.24967
318,40.5144,-74.23871
319,40.507168,-74.23666
320,40.515064,-74.211365
321,40.509235,-74.22428
322,40.509148,-74.24937
323,40.50541,-74.24214
324,40.50584,-74.24266
325,40.504524,-74.23065
326,40.514706,-74.23512
327,40.716465,-73.837326
328,40.721806,-73.82127
329,40.67989,-73.84675
330,40.691406,-73.8324
331,40.714108,-73.80382
332,40.678593,-73.79907
333,40.673656,-73.79663
334,40.721447,-73.948654
335,40.699062,-73.95791
336,40.720318,-73.84315
337,40.636646,-73.96014
338,40.663647,-73.852036
339,40.704823,-73.8344
340,40.67084,-73.893906
341,40.71844,-73.96388
342,40.665737,-73.952774
343,40.67666,-73.96969
344,40.699512,-73.83524
345,40.649353,-73.92751
346,40.72213,-73.88792
347,40.889603,-73.9174
348,40.89896,-73.871704
349,40.830353,-73.84776
350,40.825596,-73.89717
351,40.909164,-73.9056
352,40.883102,-73.92104
353,40.87255,-73.9189
354,40.904873,-73.90636
355,40.876587,-73.85757
356,40.88075,-73.83398
357,40.879375,-73.91369
358,40.823437,-73.94258
359,40.88549,-73.85464
360,40.89913,-73.86256
361,40.82517,-73.92328
362,40.908398,-73.89678
363,40.83611,-73.85893
364,40.836292,-73.856064
365,40.85457,-73.93544
366,40.824066,-73.94443
367,40.879013,-73.91611
368,40.82517,-73.92328
369,40.88558,-73.908325
370,40.82517,-73.92328
371,40.83861,-73.85652
372,40.85918,-73.836044
373,40.860184,-73.83182
374,40.84687,-73.78689
375,40.833748,-73.853615
376,40.837536,-73.86975
377,40.83611,-73.85893
378,40.76784,-73.96306
379,40.788338,-73.9475
380,40.76692,-73.95926
381,40.727978,-73.84963
382,40.747795,-73.94432
383,40.75136,-73.940704
384,40.75105,-73.81875
385,40.783684,-73.95434
386,40.80529,-73.967094
387,40.755123,-73.96427
388,40.76879,-73.93461
389,40.772785,-73.78982
390,40.81479,-73.82453
391,40.758026,-73.872406
392,40.741985,-73.87434
393,40.735806,-73.920166
394,40.788937,-73.79523
395,40.751232,-73.821365
396,40.635002,-74.03103
397,40.63558,-73.99048
398,40.667282,-73.98178
399,40.64916,-73.980446
400,40.634705,-73.99355
401,40.65264,-73.9758
402,40.63708,-73.98239
403,40.62175,-74.0295
404,40.631763,-74.01448
405,40.635075,-74.03175
406,40.629387,-74.01284
407,40.659485,-73.97731
408,40.633495,-74.0198
409,40.635002,-74.03103
410,40.660446,-73.99239
411,40.635967,-73.98265
412,40.664684,-73.99319
413,40.64142,-74.01222
414,40.63701,-74.01097
415,40.63646,-74.00308
416,40.665684,-73.98483
417,40.659485,-73.97731
418,40.64476,-74.00416
419,40.633327,-74.077225
420,40.63811,-74.073975
421,40.621643,-74.10796
422,40.64485,-74.0788
423,40.630253,-74.100685
424,40.63282,-74.152374
425,40.6219,-74.13311
426,40.631527,-74.08564
427,40.63819,-74.1358
428,40.636265,-74.15862
429,40.633846,-74.12231
430,40.640907,-74.10865
431,40.635273,-74.08565
432,40.631535,-74.08563
433,40.642414,-74.099106
434,40.63497,-74.11374
435,40.633415,-74.139786
436,40.628822,-74.08466
437,40.629128,-74.133736
438,40.627766,-74.13689
439,40.62665,-74.15096
440,40.638206,-74.08571
441,40.63752,-74.140236
442,40.633545,-74.077705
443,40.632763,-74.11648
444,40.63418,-74.11075
445,40.628983,-74.1244
446,40.628456,-74.15581
447,40.644848,-74.07877
448,40.621994,-74.14988
449,40.629616,-74.1161
450,40.63148,-74.133675
451,40.635796,-74.115486
452,40.638664,-74.10854
453,40.63541,-74.09581
454,40.637848,-74.093506
455,40.626076,-74.159096
456,40.630062,-74.12605
457,40.63598,-74.13123
458,40.635033,-74.16957
459,40.629868,-74.16421
460,40.63681,-74.16213
461,40.635715,-74.169624
462,40.63608,-74.17148
463,40.635113,-74.168945
464,40.63998,-74.16631
465,40.630646,-74.165634
466,40.63715,-74.16271
467,40.62238,-74.16549
468,40.623745,-74.16147
469,40.63681,-74.16215
470,40.631298,-74.16144
471,40.636734,-74.1715
472,40.630054,-74.16433
473,40.62259,-74.16707
474,40.63603,-74.166466
475,40.630363,-74.16147
476,40.635033,-74.16957
477,40.63006,-74.16475
478,40.63965,-74.16533
479,40.631878,-74.16555
480,40.63712,-74.16803
481,40.621567,-74.16652
482,40.63818,-74.16574
483,40.636005,-74.16396
484,40.635033,-74.16957
485,40.62156,-74.16651
486,40.621567,-74.16652
487,40.635033,-74.16957
488,40.6277,-74.17902
489,40.635033,-74.16957
490,40.560684,-74.1013
491,40.56562,-74.12463
492,40.56218,-74.10505
493,40.5579,-74.13313
494,40.552917,-74.138245
495,40.56576,-74.137024
496,40.55689,-74.12328
497,40.564117,-74.0992
498,40.535854,-74.150314
499,40.560337,-74.156235
500,40.535336,-74.15327
501,40.556187,-74.15296
502,40.56083,-74.107056
503,40.563557,-74.1379
504,40.5401,-74.15336
505,40.55363,-74.15909
506,40.570034,-74.12329
507,40.56107,-74.102196
508,40.568295,-74.141975
509,40.561836,-74.109314
510,40.552753,-74.143684
511,40.536213,-74.15345
512,40.567577,-74.13541
513,40.54718,-74.14292
514,40.552,-74.147446
515,40.545563,-74.153564
516,40.557625,-74.13748
517,40.55763,-74.137474
518,40.56405,-74.13968
519,40.552235,-74.14626
520,40.53909,-74.1611
521,40.557682,-74.16018
522,40.61801,-74.03198
523,40.588562,-73.9907
524,40.61711,-73.98627
525,40.613632,-73.99995
526,40.60016,-73.99609
527,40.60481,-73.991974
528,40.59744,-73.979935
529,40.619377,-73.99323
530,40.617992,-74.02301
531,40.610447,-74.01208
532,40.616833,-74.0381
533,40.577084,-74.003426
534,40.613235,-74.0363
535,40.598648,-73.996254
536,40.589005,-73.991844
537,40.618916,-74.03962
538,40.602264,-73.9803
539,40.618916,-74.03962
540,40.619568,-73.978035
541,40.600513,-73.99977
542,40.61787,-74.023834
543,40.597393,-74.06632
544,40.61613,-74.12454
545,40.618835,-74.09491
546,40.599728,-74.101105
547,40.5916,-74.10335
548,40.585903,-74.14696
549,40.590553,-74.09576
550,40.582172,-74.10786
551,40.577812,-74.13642
552,40.58911,-74.0912
553,40.619537,-74.15297
554,40.586437,-74.09823
555,40.5791,-74.107445
556,40.6183,-74.11619
557,40.612904,-74.10808
558,40.618874,-74.0783
559,40.57424,-74.094696
560,40.57248,-74.09375
561,40.579098,-74.10743
562,40.60814,-74.07409
563,40.620464,-74.10999
564,40.608242,-74.14347
565,40.617313,-74.15133
566,40.594402,-74.07668
567,40.590614,-74.08367
568,40.590527,-74.07359
569,40.510468,-74.23846
570,40.5045,-74.22926
571,40.51853,-74.20003
572,40.508896,-74.230125
573,40.504086,-74.23902
574,40.519245,-74.197464
575,40.51869,-74.22466
576,40.501797,-74.248924
577,40.5134,-74.19592
578,40.517143,-74.21018
579,40.51595,-74.19762
580,40.518467,-74.22403
581,40.518425,-74.22374
582,40.512062,-74.25123
583,40.514317,-74.24487
584,40.50797,-74.24982
585,40.50869,-74.230156
586,40.509247,-74.23879
587,40.51086,-74.24038
588,40.51431,-74.244865
589,40.51714,-74.21012
590,40.517292,-74.20747
591,40.5177,-74.20707
592,40.513206,-74.24456
593,40.510105,-74.242966
594,40.504982,-74.2458
595,40.504974,-74.23953
596,40.519417,-74.200516
597,40.5099,-74.22458
598,40.502903,-74.24067
599,40.501373,-74.24934
600,40.510483,-74.23722
601,40.510586,-74.23969
602,40.513493,-74.24983
603,40.5071,-74.25275
604,40.508472,-74.24196
605,40.50493,-74.223495
606,40.517155,-74.23843
607,40.501217,-74.24165
608,40.518574,-74.20492
609,40.519897,-74.207565
610,40.51366,-74.23238
611,40.517067,-74.23302
612,40.518406,-74.20917
613,40.514854,-74.245865
614,40.5112,-74.250496
615,40.52006,-74.21245
616,40.514748,-74.24352
617,40.503162,-74.23981
618,40.51495,-74.23431
619,40.5017,-74.2377
620,40.505154,-74.250656
621,40.51349,-74.23639
622,40.512966,-74.24466
623,40.509132,-74.22364
624,40.504963,-74.239525
625,40.499462,-74.24009
626,40.518906,-74.20611
627,40.511707,-74.24486
628,40.519688,-74.19917
629,40.512573,-74.2423
630,40.513084,-74.20576
631,40.512936,-74.23321
632,40.50316,-74.241356
633,40.509457,-74.25107
634,40.514576,-74.24053
635,40.517223,-74.19538
636,40.513184,-74.2501
637,40.514706,-74.23512
638,40.51415,-74.23258
639,40.51336,-74.24285
640,40.502857,-74.23809
641,40.511997,-74.225494
642,40.511883,-74.24061
643,40.51097,-74.2462
644,40.51941,-74.20413
645,40.514545,-74.23281
646,40.513412,-74.240715
647,40.52047,-74.17811
648,40.5082,-74.24903
649,40.508778,-74.24131
650,40.499382,-74.24006
651,40.513367,-74.23694
652,40.515114,-74.24331
653,40.5048,-74.23075
654,40.50981,-74.2426
655,40.511566,-74.25055
656,40.4998,-74.23827
657,40.511635,-74.23894
658,40.4993,-74.23943
659,40.510876,-74.2504
660,40.502464,-74.237785
661,40.510456,-74.24553
662,40.51465,-74.24286
663,40.513603,-74.201485
664,40.514294,-74.20443
665,40.514645,-74.24287
666,40.51545,-74.20399
667,40.510647,-74.237854
668,40.5017,-74.2377
669,40.51388,-74.23596
670,40.5063,-74.24025
671,40.513374,-74.20267
672,40.507584,-74.22349
673,40.504253,-74.25287
674,40.516174,-74.24392
675,40.695335,-73.94748
676,40.716652,-73.96873
677,40.68094,-73.9602
678,40.681263,-73.95377
679,40.710205,-73.9052
680,40.69216,-73.96839
681,40.72093,-73.899475
682,40.714046,-73.93775
683,40.691353,-73.94185
684,40.68308,-73.907455
685,40.69257,-73.965195
686,40.69561,-73.945114
687,40.7215,-73.91233
688,40.696735,-73.899536
689,40.71485,-73.90204
690,40.70538,-73.88619
691,40.691452,-73.958916
692,40.703243,-73.94691
693,40.67567,-73.97087
694,40.71574,-73.93935
695,40.72054,-73.95591
696,40.720062,-73.96353
697,40.69216,-73.96839
698,40.6944,-73.938194
699,40.71844,-73.96388
700,40.691353,-73.94185
701,40.70182,-73.89492
702,40.705597,-73.89247
703,40.71043,-73.96636
704,40.69441,-73.95959
705,40.68928,-73.93303
706,40.682304,-73.8942
707,40.718426,-73.87507
708,40.68727,-73.86555
709,40.688263,-73.8503
710,40.68355,-73.79403
711,40.71283,-73.834656
712,40.719715,-73.82286
713,40.714825,-73.79569
714,40.72167,-73.853645
715,40.70959,-73.85118
716,40.71905,-73.794914
717,40.71152,-73.81079
718,40.686092,-73.7999
719,40.703594,-73.83603
720,40.709778,-73.81869
721,40.71185,-73.83533
722,40.7191,-73.8378
723,40.712097,-73.82755
724,40.720776,-73.86918
725,40.718983,-73.85603
726,40.7184,-73.8109
727,40.669724,-73.80356
728,40.657665,-73.87704
729,40.66975,-73.84079
730,40.66909,-73.870056
731,40.6599,-73.85274
732,40.655327,-73.849556
733,40.66614,-73.84641
734,40.671043,-73.807526
735,40.671143,-73.810074
736,40.668797,-73.80034
737,40.66224,-73.84739
738,40.655914,-73.844864
739,40.670925,-73.80358
740,40.666103,-73.81642
741,40.656723,-73.85093
742,40.666412,-73.84813
743,40.66392,-73.84301
744,40.667515,-73.85023
745,40.663857,-73.8481
746,40.66834,-73.84845
747,40.66053,-73.84572
748,40.658913,-73.8495
749,40.66464,-73.84894
750,40.65597,-73.843925
751,40.66677,-73.847626
752,40.657665,-73.87704
753,40.65558,-73.84866
754,40.668407,-73.84949
755,40.66683,-73.84851
756,40.670193,-73.80481
757,40.668358,-73.8463
758,40.66053,-73.84572
759,40.65282,-73.830666
760,40.66814,-73.84625
761,40.66831,-73.846924
762,40.662556,-73.84747
763,40.61777,-73.911095
764,40.61323,-73.93358
765,40.57574,-73.957466
766,40.57575,-73.967926
767,40.578423,-73.83689
768,40.57663,-73.956345
769,40.572823,-73.857704
770,40.58449,-73.93147
771,40.58809,-73.940865
772,40.606117,-73.91133
773,40.61013,-73.91566
774,40.588203,-73.958
775,40.61215,-73.956184
776,40.598724,-73.94957
777,40.590668,-73.94651
778,40.598217,-73.93227
779,40.615196,-73.94681
780,40.621174,-73.955956
781,40.611618,-73.965706
782,40.58687,-73.94866
783,40.60332,-73.95773
784,40.576393,-73.96152
785,40.579216,-73.97132
786,40.57663,-73.956345
787,40.588184,-73.80533
788,40.598022,-73.93484
789,40.60775,-73.92454
790,40.597862,-73.931915
791,40.58821,-73.961815
792,40.586636,-73.93328
793,40.6201,-73.9705
794,40.585068,-73.96149
795,40.57575,-73.967926
796,40.577473,-73.84548
797,40.580105,-73.964584
798,40.601143,-73.93214
799,40.874054,-73.85023
800,40.885685,-73.84939
801,40.880028,-73.85234
802,40.890007,-73.844666
803,40.887726,-73.81811
804,40.892033,-73.84365
805,40.878044,-73.87435
806,40.88196,-73.85442
807,40.89671,-73.84634
808,40.89872,-73.873695
809,40.87627,-73.84423
810,40.883907,-73.855125
811,40.87398,-73.86589
812,40.880867,-73.83506
813,40.8774,-73.85405
814,40.89872,-73.873695
815,40.87413,-73.857704
816,40.892006,-73.845505
817,40.895454,-73.84775
818,40.892063,-73.84881
819,40.89666,-73.842545
820,40.888683,-73.84461
821,40.88684,-73.84882
822,40.885517,-73.852486
823,40.876972,-73.85293
824,40.901398,-73.867615
825,40.88717,-73.83305
826,40.89692,-73.84931
827,40.896637,-73.8467
828,40.879227,-73.87766
829,40.88115,-73.87568
830,40.875584,-73.845955
831,40.8851,-73.853836
832,40.897488,-73.870094
833,40.87921,-73.85606
834,40.85941,-73.92901
835,40.825012,-73.8936
836,40.82517,-73.92328
837,40.85246,-73.885956
838,40.848442,-73.90745
839,40.855618,-73.938416
840,40.863422,-73.89879
841,40.836254,-73.9084
842,40.825237,-73.94118
843,40.824055,-73.95574
844,40.871983,-73.91628
845,40.85559,-73.937744
846,40.857788,-73.934425
847,40.831726,-73.94072
848,40.848442,-73.90745
849,40.863422,-73.89879
850,40.87255,-73.9189
851,40.85238,-73.885635
852,40.870766,-73.91592
853,40.860847,-73.89998
854,40.82846,-73.92057
855,40.85867,-73.93221
856,40.85404,-73.939316
857,40.83015,-73.920135
858,40.825283,-73.92548
859,40.863976,-73.92771
860,40.852196,-73.91869
861,40.85559,-73.937744
862,40.846985,-73.893906
863,40.86787,-73.92648
864,40.83015,-73.920135
865,40.84378,-73.94302
866,40.78136,-73.94886
867,40.80205,-73.95049
868,40.776356,-73.95838
869,40.797157,-73.96495
870,40.780743,-73.960075
871,40.78461,-73.97121
872,40.82031,-73.90662
873,40.773342,-73.95447
874,40.81592,-73.94249
875,40.780952,-73.95753
876,40.78236,-73.952736
877,40.791973,-73.96691
878,40.794735,-73.962814
879,40.81671,-73.94205
880,40.79967,-73.9546
881,40.782387,-73.956825
882,40.794735,-73.962814
883,40.823044,-73.94249
884,40.793526,-73.97024
885,40.778934,-73.952156
886,40.783695,-73.97298
887,40.773342,-73.95447
888,40.77814,-73.94895
889,40.79318,-73.96446
890,40.796253,-73.97207
891,40.782013,-73.95067
892,40.776314,-73.94534
893,40.796974,-73.97173
894,40.804855,-73.953705
895,40.811626,-73.95342
896,40.818447,-73.91068
897,40.779503,-73.95633
898,40.697426,-73.99213
899,40.71657,-74.01052
900,40.706913,-74.008575
901,40.688416,-73.978584
902,40.692986,-73.99978
903,40.703457,-73.98435
904,40.698067,-73.98785
905,40.71007,-74.017006
906,40.690807,-73.99001
907,40.681625,-74.00046
908,40.6978,-73.987854
909,40.705185,-74.00789
910,40.69764,-73.98724
911,40.685394,-73.982315
912,40.692986,-73.99978
913,40.677223,-73.98109
914,40.756485,-73.793205
915,40.738663,-73.79677
916,40.73361,-73.815834
917,40.73198,-73.819084
918,40.73129,-73.85773
919,40.725906,-73.85755
920,40.73657,-73.87063
921,40.725418,-73.85348
922,40.730015,-73.857254
923,40.76634,-73.82599
924,40.772907,-73.80872
925,40.76855,-73.815834
926,40.728867,-73.81662
927,40.76108,-73.83315
928,40.73842,-73.859505
929,40.75495,-73.8245
930,40.764835,-73.878525
931,40.7308,-73.84905
932,40.77266,-73.80013
933,40.72691,-73.825516
934,40.660446,-73.99239
935,40.649364,-73.97459
936,40.668438,-73.9908
937,40.669548,-73.991776
938,40.66769,-73.98525
939,40.669315,-73.976654
940,40.671272,-73.99291
941,40.668438,-73.9908
942,40.65456,-73.97435
943,40.64983,-74.003494
944,40.660915,-73.99224
945,40.649048,-73.97949
946,40.649048,-73.97949
947,40.654846,-74.00184
948,40.665615,-73.97953
949,40.651524,-73.977715
950,40.664337,-73.99188
951,40.649048,-73.97949
952,40.64771,-74.01078
953,40.6647,-73.98873
954,40.669315,-73.976654
955,40.670174,-73.98013
956,40.661438,-73.98018
957,40.66843,-73.977394
958,40.650795,-73.97436
959,40.648914,-73.980194
960,40.64183,-73.982254
961,40.64476,-74.00416
962,40.64329,-73.97689
963,40.646027,-73.98149
964,40.629612,-74.01263
965,40.630123,-73.99201
966,40.63034,-73.98656
967,40.62889,-74.00367
968,40.631138,-73.98945
969,40.636066,-73.99338
970,40.637783,-74.01985
971,40.6431,-73.97716
972,40.643295,-73.9769
973,40.62222,-74.01995
974,40.624863,-73.990845
975,40.63967,-73.99482
976,40.638393,-73.99363
977,40.644913,-73.97372
978,40.630104,-74.009445
979,40.62532,-74.01666
980,40.628967,-73.99165
981,40.641598,-73.99197
982,40.78047,-73.98644
983,40.786583,-73.97902
984,40.734394,-74.00063
985,40.74581,-73.99913
986,40.737705,-74.005035
987,40.742023,-73.98616
988,40.790844,-73.97494
989,40.764458,-73.97635
990,40.743164,-73.99576
991,40.774673,-73.982635
992,40.78074,-73.98511
993,40.750034,-73.9834
994,40.777187,-73.98727
995,40.78675,-73.975296
996,40.736477,-73.99797
997,40.745476,-73.98838
998,40.74541,-73.97799
999,40.779335,-73.98066
1000,40.76409,-73.99538
1001,40.748493,-73.97854
1002,40.744984,-74.00692
1003,40.777687,-73.97673
1004,40.765575,-73.97865
1005,40.738487,-73.98003
1006,40.776608,-73.987785
1007,40.7462,-73.97853
1008,40.788895,-73.97862
1009,40.738907,-74.001144
1010,40.781048,-73.98082
1011,40.776104,-73.98209
1012,40.647915,-74.08527
1013,40.64696,-74.08317
1014,40.647907,-74.085266
1015,40.647907,-74.085266
1016,40.647907,-74.085266
1017,40.647907,-74.085266
1018,40.647915,-74.08528
1019,40.647907,-74.085266
1020,40.647907,-74.085266
1021,40.622097,-74.163284
1022,40.63998,-74.166954
1023,40.64051,-74.16877
1024,40.639843,-74.16938
1025,40.629154,-74.1625
1026,40.629654,-74.162445
1027,40.62353,-74.166534
1028,40.640564,-74.16903
1029,40.622097,-74.163284
1030,40.622097,-74.163284
1031,40.637028,-74.16268
1032,40.63567,-74.16689
1033,40.627693,-74.17901
1034,40.635033,-74.16957
1035,40.624413,-74.110344
1036,40.63324,-74.09645
1037,40.624718,-74.09115
1038,40.641068,-74.112526
1039,40.629456,-74.10231
1040,40.641518,-74.09636
1041,40.64397,-74.083305
1042,40.63153,-74.085625
1043,40.62573,-74.09083
1044,40.631866,-74.10991
1045,40.631523,-74.085625
1046,40.624706,-74.10471
1047,40.63894,-74.08247
1048,40.639572,-74.09087
1049,40.630127,-74.08536
1050,40.64485,-74.07879
1051,40.639385,-74.1103
1052,40.637386,-74.09306
1053,40.62327,-74.09185
1054,40.645756,-74.08918
1055,40.566246,-74.1391
1056,40.555195,-74.132095
1057,40.568058,-74.129074
1058,40.56971,-74.13937
1059,40.557358,-74.14503
1060,40.558712,-74.15151
1061,40.568527,-74.132545
1062,40.55998,-74.11984
1063,40.54629,-74.1399
1064,40.548077,-74.15657
1065,40.565697,-74.13991
1066,40.556347,-74.141685
1067,40.554012,-74.14614
1068,40.56526,-74.122185
1069,40.56143,-74.16023
1070,40.63278,-74.032265
1071,40.635674,-74.026695
1072,40.627884,-74.0339
1073,40.62955,-74.0321
1074,40.635674,-74.026695
1075,40.63707,-74.027695
1076,40.622948,-74.03037
1077,40.628986,-74.02975
1078,40.631386,-74.03768
1079,40.634895,-74.036385
1080,40.63783,-74.03374
1081,40.63566,-74.02936
1082,40.635376,-74.03574
1083,40.621872,-74.02337
1084,40.63364,-74.0302
1085,40.638058,-74.03583
1086,40.628986,-74.02975
1087,40.625977,-74.03231
1088,40.636276,-74.03643
1089,40.62769,-74.02369
1090,40.63693,-74.03163
1091,40.625977,-74.03231
1092,40.632427,-74.03241
1093,40.63224,-74.030045
1094,40.632214,-74.03219
1095,40.63566,-74.02936
1096,40.632214,-74.03219
1097,40.623104,-74.04032
1098,40.626377,-74.02258
1099,40.62755,-74.035805
1100,40.60714,-73.98574
1101,40.62132,-74.01479
1102,40.611076,-74.00954
1103,40.61152,-73.97424
1104,40.607983,-73.97811
1105,40.60481,-73.991974
1106,40.5982,-73.9959
1107,40.60969,-74.00743
1108,40.60272,-74.0126
1109,40.61492,-74.01257
1110,40.59642,-73.9866
1111,40.609932,-74.01064
1112,40.61711,-73.98627
1113,40.59901,-73.993996
1114,40.602345,-74.01015
1115,40.610443,-73.97789
1116,40.60481,-73.991974
1117,40.600193,-73.99357
1118,40.54556,-74.15357
1119,40.545467,-74.15776
1120,40.542053,-74.14832
1121,40.538578,-74.14279
1122,40.545467,-74.15776
1123,40.54478,-74.14142
1124,40.54294,-74.14706
1125,40.53905,-74.150604
1126,40.532482,-74.152306
1127,40.545475,-74.157776
1128,40.538452,-74.14776
1129,40.543972,-74.14846
1130,40.5446,-74.15446
1131,40.536015,-74.15399
1132,40.545723,-74.15565
1133,40.545097,-74.15536
1134,40.54396,-74.158745
1135,40.544147,-74.14936
1136,40.542854,-74.143425
1137,40.54453,-74.14494
1138,40.538578,-74.14279
1139,40.53417,-74.15755
1140,40.544933,-74.14517
1141,40.543938,-74.14977
1142,40.544186,-74.1497
1143,40.53857,-74.14278
1144,40.53949,-74.153885
1145,40.5441,-74.15551
1146,40.53982,-74.15245
1147,40.539955,-74.15819
1148,40.53927,-74.14557
1149,40.54407,-74.15761
1150,40.593502,-74.065865
1151,40.59416,-74.06414
1152,40.593754,-74.06437
1153,40.594658,-74.06538
1154,40.595478,-74.06615
1155,40.596123,-74.065575
1156,40.591373,-74.06583
1157,40.59472,-74.06412
1158,40.594654,-74.065384
1159,40.595165,-74.064514
1160,40.59453,-74.06451
1161,40.594425,-74.06389
1162,40.592125,-74.06724
1163,40.590992,-74.066284
1164,40.596195,-74.06429
1165,40.591927,-74.06706
1166,40.59493,-74.06565
1167,40.594555,-74.06369
1168,40.593266,-74.066956
1169,40.59316,-74.06631
1170,40.59247,-74.06546
1171,40.596245,-74.066734
1172,40.574043,-74.090004
1173,40.595448,-74.08486
1174,40.58208,-74.100655
1175,40.57712,-74.09568
1176,40.57972,-74.08494
1177,40.59251,-74.09289
1178,40.58712,-74.095436
1179,40.57916,-74.099106
1180,40.573696,-74.09918
1181,40.584984,-74.10731
1182,40.587887,-74.08713
1183,40.574715,-74.10155
1184,40.591843,-74.07205
1185,40.58479,-74.101036
1186,40.595074,-74.097176
1187,40.583008,-74.09485
1188,40.57604,-74.09477
1189,40.57907,-74.1079
1190,40.590137,-74.0734
1191,40.574055,-74.09687
1192,40.574127,-74.09675
1193,40.59507,-74.071625
1194,40.57972,-74.08494
1195,40.585037,-74.09693
1196,40.514473,-74.19559
1197,40.508823,-74.24208
1198,40.506226,-74.23123
1199,40.51936,-74.195045
1200,40.50219,-74.23908
1201,40.510384,-74.24647
1202,40.513454,-74.195145
1203,40.5117,-74.22535
1204,40.51933,-74.195114
1205,40.5192,-74.20821
1206,40.50909,-74.23696
1207,40.508667,-74.246475
1208,40.514263,-74.24113
1209,40.50473,-74.22973
1210,40.508053,-74.2422
1211,40.508083,-74.245346
1212,40.514008,-74.20629
1213,40.507397,-74.25274
1214,40.510437,-74.23944
1215,40.513344,-74.24711
1216,40.51919,-74.2082
1217,40.518505,-74.20429
1218,40.500473,-74.23689
1219,40.508,-74.22409
1220,40.515865,-74.231476
1221,40.505646,-74.24601
1222,40.5021,-74.24866
1223,40.50474,-74.23966
1224,40.510086,-74.248795
1225,40.510204,-74.242
1226,40.504944,-74.23007
1227,40.51391,-74.23215
1228,40.5031,-74.24326
1229,40.509197,-74.229256
1230,40.510815,-74.242226
1231,40.511864,-74.24343
1232,40.505108,-74.223495
1233,40.501232,-74.23913
1234,40.51243,-74.24828
1235,40.512653,-74.23998
1236,40.505077,-74.22355
1237,40.617558,-74.11582
1238,40.618134,-74.130295
1239,40.60754,-74.15096
1240,40.601303,-74.155655
1241,40.600742,-74.13206
1242,40.614098,-74.13568
1243,40.61741,-74.14751
1244,40.616512,-74.12856
1245,40.609554,-74.13536
1246,40.603985,-74.12301
1247,40.617867,-74.138
1248,40.611633,-74.14735
1249,40.61475,-74.1173
1250,40.615673,-74.14307
1251,40.60729,-74.13158
1252,40.60112,-74.13652
1253,40.610096,-74.13208
1254,40.615753,-74.137344
1255,40.61144,-74.135414
1256,40.60075,-74.132065
1257,40.61507,-74.154434
1258,40.600426,-74.123085
1259,40.611412,-74.1339
1260,40.60255,-74.13265
1261,40.602047,-74.12183
1262,40.604652,-74.15989
1263,40.60406,-74.13505
1264,40.618378,-74.127556
1265,40.601635,-74.13614
1266,40.61249,-74.13396
1267,40.60195,-74.1288
1268,40.5807,-74.13222
1269,40.575134,-74.12398
1270,40.571064,-74.13791
1271,40.58657,-74.14802
1272,40.5886,-74.15081
1273,40.571423,-74.12343
1274,40.590584,-74.14814
1275,40.57348,-74.125565
1276,40.58046,-74.15692
1277,40.59468,-74.1602
1278,40.58857,-74.1547
1279,40.579292,-74.11968
1280,40.591076,-74.15936
1281,40.577465,-74.116135
1282,40.57725,-74.136955
1283,40.59468,-74.1602
1284,40.59468,-74.1602
1285,40.577602,-74.131035
1286,40.581097,-74.16112
1287,40.590584,-74.14814
1288,40.583008,-74.15805
1289,40.583008,-74.15805
1290,40.589554,-74.15091
1291,40.592014,-74.15168
1292,40.583748,-74.15948
1293,40.59565,-74.15924
1294,40.575314,-74.130264
1295,40.59201,-74.15167
1296,40.571594,-74.13701
1297,40.583,-74.15804
1298,40.57124,-74.126915
1299,40.573914,-74.11857
1300,40.59306,-74.15966
1301,40.58076,-74.154945
1302,40.583,-74.15804
1303,40.70923,-73.96929
1304,40.7195,-73.941414
1305,40.708225,-73.94399
1306,40.716602,-73.953224
1307,40.712177,-73.96245
1308,40.70989,-73.964195
1309,40.71592,-73.94577
1310,40.706985,-73.96513
1311,40.70923,-73.96929
1312,40.72054,-73.95593
1313,40.698914,-73.95986
1314,40.71574,-73.93935
1315,40.7078,-73.96163
1316,40.71187,-73.951805
1317,40.72146,-73.94854
1318,40.710854,-73.94963
1319,40.698048,-73.93455
1320,40.71117,-73.94629
1321,40.71815,-73.94933
1322,40.69886,-73.95616
1323,40.69886,-73.95616
1324,40.69888,-73.95861
1325,40.70997,-73.963326
1326,40.72163,-73.91226
1327,40.69919,-73.91659
1328,40.706608,-73.90839
1329,40.717327,-73.89205
1330,40.7158,-73.883255
1331,40.71351,-73.88146
1332,40.718456,-73.90664
1333,40.72144,-73.90555
1334,40.72114,-73.899475
1335,40.72173,-73.88726
1336,40.699043,-73.91233
1337,40.71603,-73.88505
1338,40.71754,-73.887566
1339,40.71376,-73.88014
1340,40.72173,-73.88726
1341,40.713223,-73.91459
1342,40.71551,-73.882385
1343,40.718548,-73.89888
1344,40.71982,-73.887184
1345,40.71403,-73.886665
1346,40.70373,-73.89981
1347,40.713448,-73.88659
1348,40.700146,-73.88136
1349,40.697964,-73.90031
1350,40.705444,-73.91765
1351,40.705402,-73.91758
1352,40.70107,-73.923004
1353,40.71466,-73.911575
1354,40.71966,-73.892494
1355,40.711613,-73.79335
1356,40.707436,-73.818535
1357,40.70125,-73.80981
1358,40.719906,-73.81408
1359,40.721703,-73.81606
1360,40.710114,-73.78893
1361,40.705177,-73.83225
1362,40.71266,-73.81582
1363,40.718506,-73.81097
1364,40.719517,-73.80103
1365,40.706272,-73.825836
1366,40.71932,-73.81903
1367,40.707436,-73.818535
1368,40.7184,-73.8109
1369,40.719925,-73.824135
1370,40.715786,-73.83176
1371,40.720688,-73.82261
1372,40.7184,-73.8109
1373,40.718452,-73.81778
1374,40.70028,-73.79244
1375,40.709606,-73.81653
1376,40.70521,-73.79046
1377,40.71102,-73.81464
1378,40.70723,-73.83234
1379,40.71264,-73.82822
1380,40.720436,-73.82221
1381,40.718452,-73.81778
1382,40.689507,-73.82222
1383,40.692863,-73.78958
1384,40.69301,-73.82495
1385,40.678505,-73.83023
1386,40.679806,-73.82375
1387,40.672016,-73.807076
1388,40.67586,-73.80518
1389,40.690235,-73.796265
1390,40.688065,-73.792175
1391,40.679832,-73.78987
1392,40.692284,-73.80731
1393,40.686893,-73.79728
1394,40.687515,-73.8096
1395,40.671974,-73.80763
1396,40.687878,-73.81831
1397,40.695152,-73.79244
1398,40.680016,-73.823006
1399,40.69404,-73.78978
1400,40.68597,-73.824036
1401,40.68169,-73.78851
1402,40.6799,-73.789894
1403,40.675674,-73.82243
1404,40.682415,-73.8071
1405,40.677254,-73.81473
1406,40.675674,-73.79272
1407,40.68442,-73.79441
1408,40.68092,-73.78852
1409,40.68801,-73.78672
1410,40.68537,-73.815285
1411,40.69408,-73.79901
1412,40.684566,-73.79453
1413,40.685543,-73.818214
1414,40.72159,-73.846115
1415,40.704582,-73.83265
1416,40.71283,-73.834656
1417,40.718723,-73.85467
1418,40.72002,-73.84026
1419,40.718918,-73.83648
1420,40.718678,-73.86016
1421,40.712936,-73.83435
1422,40.716488,-73.85723
1423,40.71735,-73.8409
1424,40.71858,-73.838615
1425,40.721783,-73.85539
1426,40.721924,-73.84077
1427,40.7207,-73.83793
1428,40.719296,-73.841515
1429,40.720043,-73.839905
1430,40.718723,-73.83912
1431,40.70908,-73.835884
1432,40.709534,-73.8512
1433,40.719513,-73.83883
1434,40.719543,-73.87039
1435,40.666412,-73.84813
1436,40.660862,-73.84719
1437,40.665855,-73.84356
1438,40.654274,-73.85
1439,40.65962,-73.84578
1440,40.667995,-73.84934
1441,40.66767,-73.82566
1442,40.669807,-73.79138
1443,40.671204,-73.7892
1444,40.6689,-73.82722
1445,40.67091,-73.79111
1446,40.655216,-73.829544
1447,40.667717,-73.80776
1448,40.661247,-73.83174
1449,40.67088,-73.80358
1450,40.6598,-73.83234
1451,40.669514,-73.80356
1452,40.66816,-73.802345
1453,40.670193,-73.82392
1454,40.6689,-73.80514
1455,40.668304,-73.804955
1456,40.67139,-73.80267
1457,40.651424,-73.82991
1458,40.668575,-73.80034
1459,40.670803,-73.82228
1460,40.656532,-73.82963
1461,40.67012,-73.799194
1462,40.656532,-73.82963
1463,40.67073,-73.80645
1464,40.668102,-73.79045
1465,40.670956,-73.824646
1466,40.671494,-73.82159
1467,40.671337,-73.81466
1468,40.665318,-73.812836
1469,40.67165,-73.79247
1470,40.66732,-73.792656
1471,40.67142,-73.81415
1472,40.670883,-73.82414
1473,40.570183,-73.862816
1474,40.57011,-73.86385
1475,40.56813,-73.86369
1476,40.570732,-73.86154
1477,40.57094,-73.86166
1478,40.570957,-73.86167
1479,40.55758,-73.92007
1480,40.561386,-73.9152
1481,40.555397,-73.92513
1482,40.557926,-73.91841
1483,40.556873,-73.92912
1484,40.559948,-73.92245
1485,40.563683,-73.91173
1486,40.5558,-73.92955
1487,40.5677,-73.8925
1488,40.56193,-73.91248
1489,40.561375,-73.91283
1490,40.55782,-73.92424
1491,40.554367,-73.928795
1492,40.555485,-73.92518
1493,40.561993,-73.91262
1494,40.555176,-73.92602
1495,40.562138,-73.9126
1496,40.557163,-73.910736
1497,40.567383,-73.88862
1498,40.558018,-73.9189
1499,40.560204,-73.914825
1500,40.554478,-73.92786
1501,40.557156,-73.91546
1502,40.557194,-73.92608
1503,40.55482,-73.92694
1504,40.56744,-73.893295
1505,40.560318,-73.91281
1506,40.558456,-73.916756
1507,40.55951,-73.91479
1508,40.556007,-73.92866
1509,40.562737,-73.91128
1510,40.561844,-73.912636
1511,40.55802,-73.9189
1512,40.55636,-73.92536
1513,40.557343,-73.92014
1514,40.556915,-73.9213
1515,40.5639,-73.91252
1516,40.55542,-73.92514
1517,40.55736,-73.924385
1518,40.55803,-73.92148
1519,40.644665,-73.86823
1520,40.644665,-73.86823
1521,40.644665,-73.86823
1522,40.644665,-73.86823
1523,40.644665,-73.86823
1524,40.644665,-73.86823
1525,40.644665,-73.86823
1526,40.644665,-73.86823
1527,40.644665,-73.86823
1528,40.644665,-73.86823
1529,40.644665,-73.86823
1530,40.576225,-73.84064
1531,40.575706,-73.8521
1532,40.575653,-73.842766
1533,40.575474,-73.84216
1534,40.57564,-73.843445
1535,40.588184,-73.80533
1536,40.59151,-73.80221
1537,40.57497,-73.86288
1538,40.578423,-73.83689
1539,40.604202,-73.819954
1540,40.576656,-73.840065
1541,40.594784,-73.795654
1542,40.60537,-73.8214
1543,40.58096,-73.84643
1544,40.602962,-73.81998
1545,40.590107,-73.812614
1546,40.605843,-73.82079
1547,40.584686,-73.81385
1548,40.605827,-73.820694
1549,40.579643,-73.85279
1550,40.596916,-73.79524
1551,40.584686,-73.81385
1552,40.58824,-73.816414
1553,40.57567,-73.85404
1554,40.59697,-73.79488
1555,40.57567,-73.85404
1556,40.574615,-73.85343
1557,40.589703,-73.80682
1558,40.575653,-73.842766
1559,40.596973,-73.79668
1560,40.578148,-73.850945
1561,40.88042,-73.83612
1562,40.88735,-73.80929
1563,40.888557,-73.84901
1564,40.87733,-73.85494
1565,40.89945,-73.849686
1566,40.885715,-73.82545
1567,40.887264,-73.80934
1568,40.892174,-73.8459
1569,40.90562,-73.85243
1570,40.89913,-73.86256
1571,40.899536,-73.87022
1572,40.881256,-73.841125
1573,40.894558,-73.85502
1574,40.900238,-73.856094
1575,40.88047,-73.844894
1576,40.88362,-73.839165
1577,40.89963,-73.84729
1578,40.887806,-73.85067
1579,40.890884,-73.83749
1580,40.875732,-73.85384
1581,40.88934,-73.839745
1582,40.893604,-73.83792
1583,40.89473,-73.844
1584,40.88056,-73.87649
1585,40.90084,-73.86238
1586,40.89913,-73.86256
1587,40.897575,-73.871895
1588,40.899586,-73.85557
1589,40.896034,-73.84741
1590,40.889103,-73.81922
1591,40.89504,-73.84412
1592,40.899364,-73.87169
1593,40.888863,-73.862946
1594,40.892452,-73.84892
1595,40.896988,-73.87028
1596,40.89151,-73.857216
1597,40.88186,-73.84513
1598,40.900097,-73.85579
1599,40.899403,-73.86224
1600,40.887447,-73.8628
1601,40.835716,-73.85598
1602,40.84057,-73.85886
1603,40.84222,-73.84779
1604,40.838856,-73.82786
1605,40.830376,-73.82908
1606,40.84732,-73.79048
1607,40.829826,-73.8788
1608,40.853123,-73.85742
1609,40.862045,-73.84512
1610,40.870743,-73.87032
1611,40.87294,-73.869026
1612,40.871216,-73.8416
1613,40.864193,-73.86791
1614,40.85335,-73.86551
1615,40.836292,-73.856064
1616,40.8591,-73.84112
1617,40.83944,-73.849625
1618,40.853397,-73.86532
1619,40.85191,-73.85458
1620,40.864193,-73.86791
1621,40.851406,-73.84916
1622,40.829674,-73.814896
1623,40.83861,-73.85652
1624,40.84687,-73.78689
1625,40.83611,-73.85893
1626,40.828243,-73.82146
1627,40.87873,-73.84008
1628,40.896572,-73.84763
1629,40.879528,-73.87751
1630,40.87845,-73.84053
1631,40.900227,-73.866585
1632,40.886868,-73.861946
1633,40.897648,-73.86473
1634,40.892494,-73.840355
1635,40.876198,-73.86045
1636,40.89872,-73.873695
1637,40.875935,-73.85291
1638,40.891357,-73.849106
1639,40.89872,-73.873695
1640,40.882168,-73.861755
1641,40.897083,-73.873886
1642,40.899757,-73.8636
1643,40.87612,-73.84512
1644,40.876003,-73.842125
1645,40.886578,-73.83523
1646,40.88042,-73.83612
1647,40.8979,-73.866295
1648,40.87955,-73.8487
1649,40.89891,-73.850945
1650,40.902946,-73.84462
1651,40.87466,-73.85367
1652,40.893047,-73.839615
1653,40.896133,-73.851295
1654,40.888885,-73.8467
1655,40.88765,-73.835266
1656,40.874077,-73.85967
1657,40.882236,-73.83997
1658,40.898582,-73.84509
1659,40.903564,-73.85342
1660,40.90084,-73.86238
1661,40.902683,-73.86767
1662,40.886375,-73.85932
1663,40.89099,-73.84799
1664,40.898945,-73.84468
1665,40.87553,-73.84481
1666,40.890484,-73.83272
1667,40.876713,-73.874054
1668,40.880955,-73.827805
1669,40.90084,-73.86238
1670,40.880898,-73.876274
1671,40.881798,-73.850624
1672,40.90084,-73.86238
1673,40.882473,-73.854904
1674,40.892258,-73.85955
1675,40.881016,-73.8592
1676,40.891197,-73.83986
1677,40.88042,-73.83612
1678,40.89762,-73.871475
1679,40.894524,-73.84871
1680,40.876713,-73.874054
1681,40.883102,-73.85803
1682,40.875183,-73.83633
1683,40.875603,-73.84426
1684,40.90084,-73.86238
1685,40.90589,-73.8465
1686,40.899372,-73.87077
1687,40.88949,-73.84076
1688,40.879234,-73.87773
1689,40.874275,-73.87599
1690,40.879227,-73.87766
1691,40.88042,-73.83612
1692,40.886475,-73.85073
1693,40.880898,-73.876274
1694,40.888737,-73.85112
1695,40.878155,-73.87141
1696,40.87642,-73.87505
1697,40.897854,-73.862885
1698,40.87642,-73.87505
1699,40.879227,-73.87766
1700,40.88056,-73.87649
1701,40.8807,-73.85302
1702,40.879044,-73.846146
1703,40.877056,-73.8421
1704,40.89032,-73.82997
1705,40.897854,-73.862885
1706,40.904636,-73.89817
1707,40.88558,-73.908325
1708,40.889927,-73.91102
1709,40.879013,-73.91611
1710,40.88761,-73.90997
1711,40.885117,-73.91075
1712,40.88908,-73.90329
1713,40.885117,-73.91075
1714,40.874893,-73.90418
1715,40.8924,-73.9091
1716,40.88761,-73.90997
1717,40.8856,-73.9083
1718,40.876762,-73.91773
1719,40.889904,-73.917305
1720,40.909164,-73.9056
1721,40.88018,-73.91693
1722,40.906563,-73.90659
1723,40.90561,-73.9055
1724,40.878246,-73.91704
1725,40.882572,-73.91713
1726,40.883102,-73.92104
1727,40.885117,-73.91075
1728,40.879013,-73.91611
1729,40.874893,-73.90418
1730,40.90821,-73.905495
1731,40.889603,-73.9174
1732,40.886448,-73.91161
1733,40.911983,-73.902
1734,40.893456,-73.84419
1735,40.89142,-73.83797
1736,40.88019,-73.85529
1737,40.876495,-73.861275
1738,40.88042,-73.83612
1739,40.893147,-73.8582
1740,40.89872,-73.873695
1741,40.90084,-73.86238
1742,40.87896,-73.87881
1743,40.879776,-73.85954
1744,40.88042,-73.83612
1745,40.888206,-73.85707
1746,40.901585,-73.85701
1747,40.884262,-73.85266
1748,40.895187,-73.84199
1749,40.89552,-73.85106
1750,40.89913,-73.86256
1751,40.90084,-73.86238
1752,40.904858,-73.854095
1753,40.88042,-73.83612
1754,40.888508,-73.84318
1755,40.876915,-73.87437
1756,40.876423,-73.87486
1757,40.897312,-73.849464
1758,40.898376,-73.8647
1759,40.87632,-73.87499
1760,40.89599,-73.85028
1761,40.880165,-73.852715
1762,40.89915,-73.87013
1763,40.88747,-73.85758
1764,40.898376,-73.8647
1765,40.892963,-73.844475
1766,40.88821,-73.85836
1767,40.875202,-73.87875
1768,40.87642,-73.87505
1769,40.879436,-73.87753
1770,40.899403,-73.86224
1771,40.89179,-73.842575
1772,40.878296,-73.86034
1773,40.89913,-73.86256
1774,40.88393,-73.85521
1775,40.87585,-73.87658
1776,40.87585,-73.87658
1777,40.898895,-73.8434
1778,40.899403,-73.86224
1779,40.90084,-73.86238
1780,40.8818,-73.8567
1781,40.90084,-73.86238
1782,40.89913,-73.86256
1783,40.881508,-73.85823
1784,40.87585,-73.87658
1785,40.899403,-73.86224
1786,40.876427,-73.87486
1787,40.893227,-73.84982
1788,40.87585,-73.87658
1789,40.8901,-73.848724
1790,40.89615,-73.84417
1791,40.878075,-73.85399
1792,40.875774,-73.87684
1793,40.89833,-73.84499
1794,40.87932,-73.87766
1795,40.88054,-73.855095
1796,40.88708,-73.84963
1797,40.876614,-73.860374
1798,40.880898,-73.876274
1799,40.89913,-73.86256
1800,40.88497,-73.856
1801,40.904064,-73.84406
1802,40.899403,-73.86224
1803,40.89913,-73.86256
1804,40.876415,-73.86001
1805,40.88056,-73.87649
1806,40.876614,-73.860374
1807,40.897533,-73.84763
1808,40.8882,-73.8599
1809,40.90089,-73.84545
1810,40.87501,-73.85748
1811,40.879436,-73.87753
1812,40.897793,-73.863365
1813,40.714165,-73.76215
1814,40.699024,-73.75848
1815,40.683334,-73.72838
1816,40.696404,-73.754074
1817,40.892094,-73.85608
1818,40.88103,-73.87584
1819,40.901253,-73.86725
1820,40.88889,-73.81832
1821,40.892075,-73.84496
1822,40.897205,-73.868904
1823,40.89974,-73.86466
1824,40.89872,-73.873695
1825,40.88057,-73.85097
1826,40.90004,-73.855835
1827,40.876614,-73.860374
1828,40.892605,-73.841
1829,40.899403,-73.86224
1830,40.874992,-73.85472
1831,40.897884,-73.86903
1832,40.874012,-73.84551
1833,40.905777,-73.85337
1834,40.878986,-73.83886
1835,40.886597,-73.85849
1836,40.873913,-73.848526
1837,40.89591,-73.84548
1838,40.89478,-73.844025
1839,40.887466,-73.85602
1840,40.880016,-73.85539
1841,40.87609,-73.844124
1842,40.90084,-73.86238
1843,40.887157,-73.83051
1844,40.8767,-73.864204
1845,40.879906,-73.8531
1846,40.897854,-73.862885
1847,40.888855,-73.83359
1848,40.879227,-73.87766
1849,40.885162,-73.85035
1850,40.897854,-73.862885
1851,40.89913,-73.86256
1852,40.878345,-73.858154
1853,40.88042,-73.83612
1854,40.876595,-73.87427
1855,40.885986,-73.86439
1856,40.87559,-73.856
1857,40.8764,-73.86087
1858,40.88042,-73.83612
1859,40.880898,-73.876274
1860,40.904427,-73.84528
1861,40.87492,-73.87398
1862,40.89872,-73.873695
1863,40.897972,-73.86554
1864,40.891373,-73.85739
1865,40.878616,-73.860405
1866,40.879524,-73.87751
1867,40.891724,-73.84226
1868,40.899857,-73.867905
1869,40.89329,-73.849846
1870,40.88005,-73.86107
1871,40.87934,-73.87768
1872,40.848328,-73.896645
1873,40.83165,-73.88727
1874,40.825283,-73.92548
1875,40.829964,-73.896965
1876,40.848442,-73.90745
1877,40.83015,-73.920135
1878,40.82517,-73.92328
1879,40.835304,-73.91221
1880,40.83464,-73.890816
1881,40.848377,-73.884476
1882,40.848442,-73.90745
1883,40.831005,-73.8897
1884,40.83015,-73.920135
1885,40.848007,-73.884346
1886,40.827805,-73.89779
1887,40.83015,-73.920135
1888,40.848442,-73.90745
1889,40.848442,-73.90745
1890,40.827587,-73.90201
1891,40.836613,-73.923996
1892,40.82517,-73.92328
1893,40.831684,-73.89326
1894,40.844334,-73.8858
1895,40.82485,-73.92302
1896,40.82517,-73.92328
1897,40.871983,-73.91628
1898,40.869453,-73.90593
1899,40.860847,-73.89998
1900,40.868416,-73.889404
1901,40.870476,-73.88281
1902,40.868332,-73.883194
1903,40.870155,-73.90095
1904,40.864357,-73.900734
1905,40.865128,-73.90682
1906,40.868332,-73.883194
1907,40.86158,-73.90276
1908,40.871094,-73.91527
1909,40.86513,-73.90682
1910,40.871094,-73.91527
1911,40.868416,-73.889404
1912,40.856667,-73.89168
1913,40.869453,-73.90593
1914,40.869453,-73.90593
1915,40.86158,-73.90276
1916,40.870564,-73.91661
1917,40.851826,-73.9009
1918,40.87061,-73.91793
1919,40.8683,-73.922905
1920,40.869453,-73.90593
1921,40.87255,-73.9189
1922,40.87168,-73.91782
1923,40.863323,-73.89307
1924,40.872433,-73.91771
1925,40.86158,-73.90276
1926,40.87168,-73.91782
1927,40.872433,-73.91771
1928,40.828613,-73.94714
1929,40.841633,-73.93896
1930,40.83462,-73.94727
1931,40.82886,-73.94309
1932,40.83244,-73.94259
1933,40.827747,-73.9509
1934,40.833557,-73.94426
1935,40.829372,-73.94004
1936,40.83477,-73.94597
1937,40.832806,-73.940216
1938,40.835533,-73.94488
1939,40.83462,-73.94727
1940,40.83238,-73.92734
1941,40.845646,-73.94174
1942,40.83238,-73.92734
1943,40.82474,-73.94464
1944,40.845646,-73.94174
1945,40.83479,-73.94331
1946,40.845646,-73.94174
1947,40.82585,-73.94565
1948,40.83518,-73.94693
1949,40.824066,-73.94443
1950,40.8475,-73.94017
1951,40.831688,-73.93132
1952,40.845646,-73.94174
1953,40.824856,-73.95014
1954,40.8475,-73.94017
1955,40.825264,-73.940956
1956,40.83462,-73.94727
1957,40.83479,-73.94331
1958,40.835815,-73.9465
1959,40.835316,-73.9465
1960,40.82585,-73.94565
1961,40.828163,-73.94225
1962,40.828106,-73.94244
1963,40.810688,-73.91038
1964,40.82042,-73.90337
1965,40.82039,-73.89416
1966,40.80538,-73.92239
1967,40.807762,-73.918236
1968,40.818226,-73.90864
1969,40.822433,-73.91177
1970,40.811783,-73.920525
1971,40.813507,-73.88938
1972,40.811333,-73.92355
1973,40.821217,-73.90641
1974,40.81866,-73.90166
1975,40.822433,-73.91177
1976,40.81964,-73.90671
1977,40.82038,-73.91097
1978,40.811153,-73.92508
1979,40.82038,-73.910934
1980,40.816406,-73.91052
1981,40.820705,-73.91131
1982,40.82038,-73.910934
1983,40.818233,-73.903206
1984,40.818233,-73.903206
1985,40.82104,-73.9128
1986,40.82031,-73.90662
1987,40.81676,-73.91097
1988,40.822433,-73.91177
1989,40.821438,-73.90172
1990,40.815006,-73.92457
1991,40.819435,-73.88844
1992,40.820232,-73.91254
1993,40.81585,-73.908485
1994,40.81244,-73.91962
1995,40.82038,-73.910934
1996,40.819565,-73.90673
1997,40.822433,-73.91177
1998,40.67249,-73.97395
1999,40.687855,-73.99207
2000,40.69431,-73.99574
2001,40.687878,-73.994576
2002,40.69456,-73.98269
2003,40.693474,-73.99189
2004,40.681656,-73.980606
2005,40.69456,-73.98269
2006,40.687878,-73.994576
2007,40.693424,-73.982704
2008,40.687607,-73.99227
2009,40.686394,-73.98076
2010,40.688416,-73.981415
2011,40.697025,-73.992935
2012,40.677395,-73.99223
2013,40.672905,-73.986115
2014,40.682034,-73.981926
2015,40.68591,-73.98983
2016,40.637848,-74.16785
2017,40.62316,-74.163704
2018,40.636242,-74.16325
2019,40.638554,-74.16771
2020,40.621567,-74.16652
2021,40.639263,-74.16927
2022,40.621567,-74.16652
2023,40.627693,-74.17901
2024,40.62272,-74.16567
2025,40.640015,-74.170654
2026,40.63964,-74.16532
2027,40.63682,-74.16475
2028,40.635033,-74.16957
2029,40.635117,-74.16915
2030,40.627323,-74.16797
2031,40.624065,-74.16509
2032,40.637398,-74.17152
2033,40.635696,-74.16217
2034,40.628815,-74.16507
2035,40.635033,-74.16957
2036,40.628895,-74.16502
2037,40.63233,-74.16879
2038,40.635735,-74.16984
2039,40.63503,-74.169586
2040,40.63054,-74.16565
2041,40.622097,-74.163284
2042,40.6246,-74.1657
2043,40.631165,-74.16603
2044,40.623245,-74.166756
2045,40.62924,-74.164665
2046,40.639046,-74.1657
2047,40.634064,-74.16187
2048,40.638794,-74.16571
2049,40.638435,-74.17153
2050,40.632374,-74.16918
2051,40.635033,-74.16957
2052,40.63964,-74.16532
2053,40.636833,-74.16575
2054,40.637173,-74.16212
2055,40.64082,-74.16904
2056,40.708015,-74.00591
2057,40.70779,-74.013885
2058,40.69764,-73.98724
2059,40.70985,-74.01789
2060,40.721268,-73.98424
2061,40.71271,-73.99553
2062,40.69809,-73.9944
2063,40.70828,-74.00683
2064,40.700024,-73.9933
2065,40.708614,-74.00348
2066,40.710457,-73.991234
2067,40.717716,-74.002815
2068,40.71311,-73.97784
2069,40.706184,-74.01561
2070,40.717445,-73.992966
2071,40.70911,-74.00635
2072,40.71555,-73.988365
2073,40.70808,-74.00747
2074,40.719296,-73.98718
2075,40.70922,-74.013756
2076,40.783356,-73.79357
2077,40.774727,-73.79056
2078,40.787476,-73.785805
2079,40.780243,-73.80341
2080,40.821712,-73.85315
2081,40.818336,-73.81281
2082,40.816383,-73.84561
2083,40.7953,-73.823715
2084,40.773148,-73.80287
2085,40.81062,-73.85825
2086,40.821598,-73.87332
2087,40.785248,-73.85569
2088,40.78737,-73.83017
2089,40.776066,-73.79019
2090,40.775963,-73.80823
2091,40.77334,-73.82618
2092,40.77633,-73.7888
2093,40.77414,-73.785774
2094,40.79072,-73.80265
2095,40.787075,-73.80492
2096,40.81906,-73.80576
2097,40.78725,-73.85052
2098,40.793243,-73.79905
2099,40.77472,-73.8257
2100,40.773808,-73.82612
2101,40.766884,-73.83064
2102,40.76121,-73.82312
2103,40.762398,-73.82268
2104,40.75483,-73.82674
2105,40.753098,-73.82831
2106,40.766018,-73.821
2107,40.754868,-73.82484
2108,40.755993,-73.8293
2109,40.75503,-73.822624
2110,40.770367,-73.829994
2111,40.754868,-73.82484
2112,40.754868,-73.82484
2113,40.762398,-73.82268
2114,40.764572,-73.82553
2115,40.758392,-73.822975
2116,40.760868,-73.81973
2117,40.75483,-73.82674
2118,40.748173,-73.867836
2119,40.756332,-73.83261
2120,40.768093,-73.87602
2121,40.762638,-73.87525
2122,40.75721,-73.87781
2123,40.75216,-73.87159
2124,40.76765,-73.86939
2125,40.755917,-73.83696
2126,40.755783,-73.876076
2127,40.752785,-73.867065
2128,40.762535,-73.87523
2129,40.76108,-73.83315
2130,40.754017,-73.85434
2131,40.754807,-73.877495
2132,40.756332,-73.87618
2133,40.755234,-73.875984
2134,40.757915,-73.87793
2135,40.763004,-73.87485
2136,40.75836,-73.87156
2137,40.7579,-73.834526
2138,40.75837,-73.87924
2139,40.764404,-73.86399
2140,40.754517,-73.87459
2141,40.733627,-73.859604
2142,40.730698,-73.85157
2143,40.729107,-73.852585
2144,40.723396,-73.84686
2145,40.737473,-73.876205
2146,40.72907,-73.86374
2147,40.725418,-73.85348
2148,40.730244,-73.85737
2149,40.7306,-73.86668
2150,40.727455,-73.86128
2151,40.735405,-73.85435
2152,40.723568,-73.858215
2153,40.730465,-73.852356
2154,40.724686,-73.8486
2155,40.724663,-73.85167
2156,40.732235,-73.858894
2157,40.730408,-73.85683
2158,40.725895,-73.853676
2159,40.730015,-73.857254
2160,40.74594,-73.85373
2161,40.72896,-73.866264
2162,40.728935,-73.86221
2163,40.73847,-73.87877
2164,40.72335,-73.844864
2165,40.725048,-73.85408
2166,40.73443,-73.86622
2167,40.659695,-74.0008
2168,40.666294,-73.99712
2169,40.72386,-73.80274
2170,40.741673,-73.82559
2171,40.735497,-73.802
2172,40.739647,-73.82798
2173,40.74094,-73.824425
2174,40.72797,-73.80985
2175,40.74176,-73.82527
2176,40.723732,-73.8063
2177,40.733032,-73.80305
2178,40.73331,-73.8244
2179,40.7341,-73.78831
2180,40.72836,-73.829834
2181,40.74626,-73.824005
2182,40.74628,-73.82414
2183,40.72927,-73.81674
2184,40.74465,-73.793564
2185,40.73215,-73.786896
2186,40.73911,-73.79102
2187,40.72978,-73.80691
2188,40.729355,-73.808205
2189,40.739532,-73.79163
2190,40.735474,-73.80109
2191,40.728226,-73.815994
2192,40.737526,-73.80367
2193,40.747543,-73.79914
2194,40.747684,-73.799286
2195,40.73017,-73.821075
2196,40.73532,-73.79929
2197,40.726288,-73.79638
2198,40.728695,-73.83085
2199,40.646687,-73.974045
2200,40.64285,-73.993454
2201,40.6431,-73.97716
2202,40.641773,-73.97446
2203,40.641773,-73.97446
2204,40.64293,-73.97471
2205,40.64636,-73.97533
2206,40.646687,-73.974045
2207,40.63509,-73.99118
2208,40.6384,-73.981834
2209,40.63509,-73.99118
2210,40.63423,-73.97406
2211,40.64441,-73.973656
2212,40.64339,-73.97598
2213,40.64339,-73.97599
2214,40.634727,-73.98144
2215,40.64293,-73.97471
2216,40.638393,-73.976166
2217,40.64293,-73.97471
2218,40.64293,-73.97471
2219,40.6459,-73.97393
2220,40.6459,-73.97393
2221,40.63534,-73.98554
2222,40.65448,-74.0
2223,40.64733,-74.0054
2224,40.65664,-73.999016
2225,40.649593,-74.00899
2226,40.64946,-74.00348
2227,40.64751,-74.000244
2228,40.653667,-74.00463
2229,40.64742,-74.00034
2230,40.647556,-74.000786
2231,40.65682,-74.00231
2232,40.64751,-74.000244
2233,40.648876,-74.0025
2234,40.647243,-74.005264
2235,40.655617,-74.0016
2236,40.65666,-73.99865
2237,40.647243,-74.005264
2238,40.647556,-74.000786
2239,40.64751,-74.000244
2240,40.647247,-74.005264
2241,40.647243,-74.005264
2242,40.6508,-74.0072
2243,40.64742,-74.00034
2244,40.64974,-74.00419
2245,40.65448,-74.0
2246,40.658062,-74.00157
2247,40.6506,-74.00931
2248,40.648792,-74.002365
2249,40.648792,-74.002365
2250,40.64703,-74.00074
2251,40.655693,-74.00173
2252,40.64772,-74.00084
2253,40.649593,-74.00899
2254,40.649185,-74.00695
2255,40.655643,-74.00164
2256,40.634117,-74.020226
2257,40.646507,-73.998505
2258,40.636414,-73.99697
2259,40.646515,-73.99853
2260,40.646214,-73.99951
2261,40.644543,-74.00439
2262,40.644524,-73.99699
2263,40.636158,-74.00955
2264,40.639877,-74.00119
2265,40.644238,-74.00365
2266,40.64335,-74.00786
2267,40.636604,-74.00576
2268,40.646027,-74.00619
2269,40.63809,-74.017975
2270,40.63433,-74.001076
2271,40.64618,-73.99951
2272,40.63701,-74.01097
2273,40.63761,-74.01053
2274,40.63622,-74.002686
2275,40.636604,-74.00576
2276,40.634777,-74.00776
2277,40.64601,-74.01888
2278,40.64618,-73.99951
2279,40.63887,-74.00499
2280,40.646214,-73.99951
2281,40.646618,-74.011925
2282,40.641163,-74.01672
2283,40.64039,-74.01563
2284,40.637997,-74.009575
2285,40.641163,-74.01672
2286,40.63935,-74.00787
2287,40.642933,-74.007774
2288,40.642227,-73.99694
2289,40.640198,-74.001724
2290,40.642162,-74.00348
2291,40.63116,-74.14874
2292,40.623535,-74.13372
2293,40.63144,-74.128746
2294,40.63189,-74.12134
2295,40.629932,-74.13648
2296,40.63033,-74.13277
2297,40.624943,-74.130066
2298,40.637917,-74.13542
2299,40.63113,-74.14068
2300,40.627186,-74.144485
2301,40.63472,-74.141106
2302,40.62615,-74.1328
2303,40.625263,-74.133766
2304,40.632874,-74.12087
2305,40.6293,-74.12181
2306,40.632244,-74.15439
2307,40.623642,-74.15953
2308,40.633022,-74.15477
2309,40.62607,-74.124626
2310,40.627518,-74.15474
2311,40.627777,-74.13055
2312,40.777077,-73.976845
2313,40.782475,-73.97747
2314,40.776104,-73.98209
2315,40.791187,-73.97346
2316,40.779457,-73.98432
2317,40.786583,-73.97902
2318,40.774876,-73.98323
2319,40.777077,-73.976845
2320,40.788895,-73.97862
2321,40.794502,-73.97603
2322,40.778084,-73.97661
2323,40.782406,-73.97927
2324,40.777077,-73.976845
2325,40.777157,-73.98088
2326,40.77905,-73.98538
2327,40.776546,-73.98598
2328,40.776546,-73.98598
2329,40.777077,-73.976845
2330,40.783733,-73.97465
2331,40.776104,-73.98209
2332,40.796055,-73.973625
2333,40.796253,-73.97411
2334,40.777157,-73.98088
2335,40.777077,-73.976845
2336,40.77476,-73.98408
2337,40.77792,-73.97602
2338,40.63014,-74.086105
2339,40.63813,-74.0755
2340,40.62435,-74.078476
2341,40.631573,-74.08581
2342,40.637997,-74.09157
2343,40.6327,-74.108986
2344,40.629856,-74.10437
2345,40.629192,-74.10832
2346,40.635475,-74.08201
2347,40.640263,-74.07419
2348,40.62729,-74.10089
2349,40.63153,-74.08565
2350,40.639263,-74.07406
2351,40.642815,-74.091675
2352,40.62636,-74.1038
2353,40.64138,-74.08499
2354,40.640144,-74.08394
2355,40.63758,-74.09313
2356,40.63179,-74.085365
2357,40.62165,-74.10719
2358,40.64414,-74.08988
2359,40.642277,-74.106895
2360,40.637573,-74.093124
2361,40.632767,-74.083595
2362,40.63912,-74.08619
2363,40.640263,-74.074196
2364,40.626343,-74.10458
2365,40.62679,-74.1139
2366,40.633484,-74.09031
2367,40.645306,-74.08961
2368,40.639225,-74.091644
2369,40.63849,-74.093575
2370,40.62878,-74.08132
2371,40.638115,-74.07395
2372,40.638046,-74.10309
2373,40.63479,-74.10197
2374,40.632965,-74.10232
2375,40.64025,-74.07418
2376,40.637585,-74.080605
2377,40.639843,-74.08078
2378,40.62536,-74.082466
2379,40.63785,-74.10396
2380,40.63809,-74.07424
2381,40.640568,-74.09423
2382,40.6422,-74.11194
2383,40.63368,-74.095726
2384,40.62716,-74.08137
2385,40.634148,-74.0822
2386,40.627422,-74.07636
2387,40.644855,-74.07878
2388,40.6433,-74.10794
2389,40.642155,-74.1064
2390,40.62311,-74.09028
2391,40.631523,-74.085625
2392,40.62596,-74.10332
2393,40.638027,-74.08694
2394,40.63804,-74.086876
2395,40.641453,-74.087494
2396,40.631805,-74.089325
2397,40.638557,-74.08527
2398,40.63064,-74.09966
2399,40.62977,-74.08553
2400,40.642376,-74.094345
2401,40.627846,-74.108086
2402,40.62367,-74.10911
2403,40.62585,-74.08266
2404,40.62474,-74.10281
2405,40.626102,-74.10067
2406,40.636093,-74.07922
2407,40.635307,-74.08906
2408,40.634804,-74.08364
2409,40.633736,-74.099724
2410,40.627514,-74.10721
2411,40.627583,-74.07643
2412,40.641518,-74.09636
2413,40.633923,-74.08234
2414,40.631523,-74.085625
2415,40.63153,-74.08565
2416,40.631695,-74.11414
2417,40.631733,-74.106514
2418,40.625065,-74.084435
2419,40.631527,-74.08564
2420,40.63889,-74.10909
2421,40.624912,-74.076515
2422,40.638733,-74.08682
2423,40.64485,-74.07879
2424,40.623383,-74.090004
2425,40.626507,-74.10311
2426,40.638817,-74.09074
2427,40.62464,-74.1084
2428,40.638973,-74.073944
2429,40.63571,-74.08821
2430,40.638973,-74.073944
2431,40.640907,-74.10865
2432,40.638268,-74.08534
2433,40.64195,-74.09492
2434,40.63866,-74.10357
2435,40.643784,-74.08254
2436,40.624752,-74.1104
2437,40.62414,-74.09139
2438,40.64412,-74.0886
2439,40.63926,-74.07405
2440,40.631573,-74.08581
2441,40.630222,-74.104355
2442,40.62836,-74.112976
2443,40.642715,-74.10922
2444,40.633587,-74.10974
2445,40.642467,-74.11235
2446,40.628136,-74.1094
2447,40.637863,-74.10644
2448,40.62375,-74.07833
2449,40.63959,-74.096825
2450,40.64025,-74.07418
2451,40.6271,-74.10385
2452,40.626564,-74.10652
2453,40.64019,-74.11046
2454,40.624325,-74.10923
2455,40.624794,-74.08399
2456,40.631218,-74.104126
2457,40.638573,-74.087746
2458,40.634907,-74.10287
2459,40.642735,-74.112045
2460,40.62708,-74.11149
2461,40.630074,-74.07738
2462,40.639458,-74.10583
2463,40.637146,-74.076935
2464,40.627777,-74.11026
2465,40.64019,-74.11176
2466,40.641445,-74.10687
2467,40.62557,-74.10436
2468,40.624462,-74.10666
2469,40.631626,-74.11023
2470,40.639606,-74.08033
2471,40.626987,-74.0817
2472,40.635315,-74.10081
2473,40.641422,-74.079994
2474,40.644947,-74.0789
2475,40.633877,-74.10566
2476,40.624844,-74.10758
2477,40.642258,-74.107086
2478,40.626812,-74.09603
2479,40.63095,-74.08731
2480,40.62319,-74.09243
2481,40.632343,-74.0978
2482,40.631916,-74.078
2483,40.634403,-74.07891
2484,40.64197,-74.114044
2485,40.633366,-74.08402
2486,40.62557,-74.10436
2487,40.62301,-74.10676
2488,40.62791,-74.10899
2489,40.629658,-74.10877
2490,40.64421,-74.09112
2491,40.629635,-74.10058
2492,40.63082,-74.10069
2493,40.630245,-74.10068
2494,40.629364,-74.08716
2495,40.63713,-74.08734
2496,40.622955,-74.1049
2497,40.628613,-74.08094
2498,40.626118,-74.10814
2499,40.632153,-74.080635
2500,40.641422,-74.07999
2501,40.62695,-74.07908
2502,40.63199,-74.09376
2503,40.62426,-74.104706
2504,40.626923,-74.10882
2505,40.633873,-74.10609
2506,40.629147,-74.10783
2507,40.632496,-74.09841
2508,40.621933,-74.07299
2509,40.62672,-74.10992
2510,40.63928,-74.09675
2511,40.62636,-74.07655
2512,40.63687,-74.11234
2513,40.632313,-74.101814
2514,40.63162,-74.07689
2515,40.627327,-74.10717
2516,40.64309,-74.106514
2517,40.62444,-74.10874
2518,40.642754,-74.09226
2519,40.627254,-74.107506
2520,40.625313,-74.08111
2521,40.644848,-74.07879
2522,40.638115,-74.073975
2523,40.629875,-74.0999
2524,40.62988,-74.099915
2525,40.63332,-74.07633
2526,40.64368,-74.09161
2527,40.63093,-74.1133
2528,40.624187,-74.1109
2529,40.63292,-74.08458
2530,40.638485,-74.07402
2531,40.625904,-74.07496
2532,40.640263,-74.07419
2533,40.64151,-74.11127
2534,40.643448,-74.09348
2535,40.63279,-74.09883
2536,40.62908,-74.08103
2537,40.637608,-74.092926
2538,40.62779,-74.11013
2539,40.642643,-74.11092
2540,40.644234,-74.08477
2541,40.634193,-74.08362
2542,40.633224,-74.0882
2543,40.62754,-74.084946
2544,40.63921,-74.07843
2545,40.64302,-74.10771
2546,40.63658,-74.10775
2547,40.626705,-74.105255
2548,40.641193,-74.111206
2549,40.64142,-74.079994
2550,40.631145,-74.10857
2551,40.633385,-74.092926
2552,40.621647,-74.10993
2553,40.629173,-74.10922
2554,40.629124,-74.1105
2555,40.627533,-74.11069
2556,40.638126,-74.075485
2557,40.623463,-74.10908
2558,40.63574,-74.107574
2559,40.63251,-74.082825
2560,40.626617,-74.08937
2561,40.62596,-74.10332
2562,40.64232,-74.10973
2563,40.634148,-74.082664
2564,40.63982,-74.086075
2565,40.638306,-74.087234
2566,40.64138,-74.10743
2567,40.64147,-74.08001
2568,40.628757,-74.104164
2569,40.624004,-74.08953
2570,40.641415,-74.07999
2571,40.639008,-74.10141
2572,40.64235,-74.110085
2573,40.64268,-74.109535
2574,40.643787,-74.096794
2575,40.63975,-74.10057
2576,40.638973,-74.073944
2577,40.626457,-74.075264
2578,40.631935,-74.08528
2579,40.62992,-74.084366
2580,40.632507,-74.08283
2581,40.626144,-74.1105
2582,40.640263,-74.07419
2583,40.64669,-74.08713
2584,40.642605,-74.09993
2585,40.635796,-74.087524
2586,40.637497,-74.08229
2587,40.6321,-74.10135
2588,40.632355,-74.08312
2589,40.641068,-74.10714
2590,40.63277,-74.10171
2591,40.625633,-74.10805
2592,40.621643,-74.07874
2593,40.634785,-74.10195
2594,40.624992,-74.111435
2595,40.63704,-74.10373
2596,40.63636,-74.08571
2597,40.636284,-74.08714
2598,40.63341,-74.079216
2599,40.64485,-74.07879
2600,40.638477,-74.10112
2601,40.636272,-74.087135
2602,40.624332,-74.08125
2603,40.640907,-74.10865
2604,40.62905,-74.110115
2605,40.644676,-74.08087
2606,40.64202,-74.08146
2607,40.633507,-74.10161
2608,40.640175,-74.11184
2609,40.640263,-74.07419
2610,40.64444,-74.097885
2611,40.62214,-74.08334
2612,40.622524,-74.092735
2613,40.631527,-74.08564
2614,40.63623,-74.08706
2615,40.635864,-74.08985
2616,40.641716,-74.11074
2617,40.63277,-74.1111
2618,40.644947,-74.0789
2619,40.632366,-74.09082
2620,40.640263,-74.07419
2621,40.640903,-74.10863
2622,40.632046,-74.09101
2623,40.632946,-74.07709
2624,40.634785,-74.10195
2625,40.644848,-74.07877
2626,40.635223,-74.07741
2627,40.62238,-74.08328
2628,40.644844,-74.07877
2629,40.63413,-74.07635
2630,40.640213,-74.09199
2631,40.623608,-74.07663
2632,40.643833,-74.08875
2633,40.629776,-74.100044
2634,40.632206,-74.1011
2635,40.640263,-74.0742
2636,40.63812,-74.07397
2637,40.63924,-74.09038
2638,40.640903,-74.10863
2639,40.641525,-74.079
2640,40.627697,-74.08597
2641,40.639507,-74.08347
2642,40.644947,-74.0789
2643,40.64047,-74.09165
2644,40.62412,-74.0916
2645,40.622803,-74.08448
2646,40.64025,-74.077835
2647,40.63778,-74.08587
2648,40.623535,-74.10941
2649,40.631523,-74.085625
2650,40.631992,-74.10222
2651,40.622894,-74.10929
2652,40.635464,-74.10299
2653,40.639008,-74.08059
2654,40.638405,-74.07495
2655,40.6283,-74.083
2656,40.643456,-74.08898
2657,40.640022,-74.08882
2658,40.62811,-74.112816
2659,40.639534,-74.1092
2660,40.633205,-74.07801
2661,40.63811,-74.07397
2662,40.625763,-74.07979
2663,40.641422,-74.08001
2664,40.644844,-74.07877
2665,40.63395,-74.09095
2666,40.63441,-74.09996
2667,40.62988,-74.09991
2668,40.635033,-74.07855
2669,40.63131,-74.08559
2670,40.638134,-74.092094
2671,40.556046,-74.13545
2672,40.556866,-74.135574
2673,40.557964,-74.15708
2674,40.56543,-74.12893
2675,40.561317,-74.12353
2676,40.555824,-74.15718
2677,40.55065,-74.15649
2678,40.55248,-74.134705
2679,40.551132,-74.15603
2680,40.566853,-74.15106
2681,40.563564,-74.1526
2682,40.55259,-74.137856
2683,40.555996,-74.14798
2684,40.566,-74.15297
2685,40.555885,-74.138756
2686,40.549004,-74.15642
2687,40.564632,-74.12571
2688,40.55157,-74.13469
2689,40.547825,-74.15885
2690,40.56138,-74.147934
2691,40.559692,-74.149956
2692,40.54808,-74.156586
2693,40.563187,-74.131676
2694,40.552357,-74.14476
2695,40.56129,-74.120026
2696,40.54616,-74.15105
2697,40.55498,-74.146996
2698,40.556496,-74.15408
2699,40.56036,-74.14879
2700,40.548084,-74.15658
2701,40.569218,-74.123
2702,40.565334,-74.153404
2703,40.554634,-74.131065
2704,40.568752,-74.13208
2705,40.56316,-74.14883
2706,40.56953,-74.12645
2707,40.54817,-74.14549
2708,40.548958,-74.15651
2709,40.55162,-74.13471
2710,40.55661,-74.14696
2711,40.570194,-74.15147
2712,40.57051,-74.11656
2713,40.55763,-74.137474
2714,40.55418,-74.155
2715,40.567017,-74.13402
2716,40.560844,-74.14938
2717,40.560787,-74.14891
2718,40.556293,-74.155365
2719,40.56886,-74.13284
2720,40.557796,-74.14195
2721,40.555637,-74.15868
2722,40.556614,-74.14721
2723,40.557625,-74.13748
2724,40.557774,-74.139755
2725,40.550507,-74.15825
2726,40.549664,-74.15622
2727,40.55783,-74.12565
2728,40.566208,-74.12128
2729,40.560547,-74.128456
2730,40.56628,-74.11934
2731,40.569817,-74.12537
2732,40.548126,-74.14222
2733,40.552925,-74.15434
2734,40.559334,-74.114395
2735,40.566013,-74.15298
2736,40.54633,-74.15502
2737,40.553284,-74.15702
2738,40.554333,-74.1595
2739,40.54917,-74.15529
2740,40.551792,-74.153244
2741,40.564617,-74.12188
2742,40.56467,-74.14117
2743,40.55099,-74.13712
2744,40.556606,-74.1472
2745,40.54632,-74.155014
2746,40.565884,-74.11545
2747,40.566,-74.12748
2748,40.554775,-74.15633
2749,40.5561,-74.15004
2750,40.554665,-74.160416
2751,40.569546,-74.13804
2752,40.564987,-74.15171
2753,40.564644,-74.124374
2754,40.564228,-74.13837
2755,40.553455,-74.13412
2756,40.570107,-74.140335
2757,40.5566,-74.150185
2758,40.556637,-74.150055
2759,40.55391,-74.15447
2760,40.555702,-74.13503
2761,40.56922,-74.14259
2762,40.557774,-74.139755
2763,40.55849,-74.14244
2764,40.56446,-74.15358
2765,40.568913,-74.1384
2766,40.569763,-74.12236
2767,40.55802,-74.14181
2768,40.56498,-74.151405
2769,40.56916,-74.11499
2770,40.567245,-74.13451
2771,40.56485,-74.15192
2772,40.55113,-74.142555
2773,40.567074,-74.12036
2774,40.551197,-74.13736
2775,40.546883,-74.14556
2776,40.559864,-74.121086
2777,40.55903,-74.15319
2778,40.570698,-74.14097
2779,40.55741,-74.11572
2780,40.570286,-74.12618
2781,40.569218,-74.123
2782,40.55393,-74.13616
2783,40.558064,-74.14411
2784,40.56237,-74.13131
2785,40.552177,-74.14519
2786,40.556465,-74.124084
2787,40.547,-74.13992
2788,40.5518,-74.15281
2789,40.56833,-74.12245
2790,40.558464,-74.121376
2791,40.56045,-74.12449
2792,40.560745,-74.13426
2793,40.555733,-74.15572
2794,40.554737,-74.154625
2795,40.570194,-74.15147
2796,40.55898,-74.1497
2797,40.556923,-74.134224
2798,40.554745,-74.154594
2799,40.568367,-74.140625
2800,40.55816,-74.14495
2801,40.56665,-74.12144
2802,40.570724,-74.13471
2803,40.562225,-74.15384
2804,40.552353,-74.14077
2805,40.560844,-74.15835
2806,40.555374,-74.15756
2807,40.56871,-74.15022
2808,40.555878,-74.13874
2809,40.56889,-74.12296
2810,40.55998,-74.160995
2811,40.55187,-74.1415
2812,40.56871,-74.141426
2813,40.558834,-74.158485
2814,40.557774,-74.139755
2815,40.555836,-74.131874
2816,40.564224,-74.15402
2817,40.564823,-74.124596
2818,40.558243,-74.15151
2819,40.56262,-74.12972
2820,40.547813,-74.14056
2821,40.55718,-74.12529
2822,40.56514,-74.14007
2823,40.55627,-74.15134
2824,40.560036,-74.124725
2825,40.55341,-74.154274
2826,40.562614,-74.12973
2827,40.562893,-74.147
2828,40.562992,-74.12649
2829,40.55123,-74.142624
2830,40.566708,-74.15086
2831,40.556347,-74.141685
2832,40.554287,-74.13914
2833,40.567066,-74.132416
2834,40.55007,-74.14933
2835,40.562237,-74.132416
2836,40.560925,-74.159424
2837,40.56665,-74.11853
2838,40.564987,-74.13757
2839,40.552895,-74.159164
2840,40.570023,-74.14199
2841,40.557568,-74.14753
2842,40.569218,-74.123
2843,40.555534,-74.156654
2844,40.549618,-74.1391
2845,40.55551,-74.13304
2846,40.555855,-74.13154
2847,40.55609,-74.15003
2848,40.553402,-74.14999
2849,40.561577,-74.129166
2850,40.558613,-74.16033
2851,40.54708,-74.13897
2852,40.551704,-74.157
2853,40.556202,-74.13564
2854,40.552357,-74.14476
2855,40.549896,-74.15616
2856,40.56948,-74.11679
2857,40.562714,-74.13184
2858,40.5592,-74.12636
2859,40.559402,-74.157715
2860,40.56501,-74.12785
2861,40.549896,-74.156166
2862,40.565884,-74.13652
2863,40.548084,-74.15658
2864,40.5569,-74.145615
2865,40.551876,-74.14841
2866,40.565533,-74.12377
2867,40.557205,-74.115265
2868,40.570984,-74.12094
2869,40.568493,-74.13751
2870,40.547913,-74.154
2871,40.55949,-74.11713
2872,40.569653,-74.11996
2873,40.54848,-74.157455
2874,40.552,-74.147446
2875,40.561646,-74.15733
2876,40.558216,-74.11599
2877,40.552086,-74.153854
2878,40.55972,-74.127716
2879,40.55072,-74.155846
2880,40.558445,-74.12647
2881,40.552372,-74.15383
2882,40.556396,-74.117744
2883,40.56977,-74.11452
2884,40.552544,-74.1378
2885,40.55623,-74.11839
2886,40.552624,-74.15284
2887,40.5652,-74.1196
2888,40.560226,-74.15576
2889,40.559017,-74.14962
2890,40.565857,-74.13369
2891,40.559288,-74.12647
2892,40.570637,-74.13916
2893,40.55536,-74.11781
2894,40.562626,-74.13172
2895,40.558765,-74.13521
2896,40.55274,-74.15637
2897,40.569504,-74.13307
2898,40.55804,-74.12801
2899,40.56875,-74.12643
2900,40.557846,-74.143326
2901,40.56545,-74.116264
2902,40.5545,-74.14263
2903,40.55797,-74.158714
2904,40.55949,-74.15449
2905,40.57007,-74.134346
2906,40.563416,-74.15591
2907,40.565197,-74.119606
2908,40.55778,-74.13976
2909,40.56759,-74.140686
2910,40.57062,-74.11759
2911,40.56379,-74.139824
2912,40.564617,-74.14077
2913,40.56984,-74.12921
2914,40.56772,-74.13411
2915,40.564445,-74.155
2916,40.636272,-74.10201
2917,40.63387,-74.109406
2918,40.62507,-74.07728
2919,40.623005,-74.106766
2920,40.631535,-74.08563
2921,40.64026,-74.0742
2922,40.63711,-74.0926
2923,40.63576,-74.08592
2924,40.631096,-74.10976
2925,40.62593,-74.10163
2926,40.63814,-74.08747
2927,40.6294,-74.099434
2928,40.6338,-74.10671
2929,40.642044,-74.081345
2930,40.63335,-74.09892
2931,40.62818,-74.1102
2932,40.628685,-74.102516
2933,40.63251,-74.09879
2934,40.64483,-74.08986
2935,40.621647,-74.08833
2936,40.639675,-74.087814
2937,40.63348,-74.10119
2938,40.633167,-74.08237
2939,40.636814,-74.08814
2940,40.62566,-74.081314
2941,40.63809,-74.07424
2942,40.644455,-74.0819
2943,40.63337,-74.09697
2944,40.632786,-74.10805
2945,40.641796,-74.0906
2946,40.637207,-74.09287
2947,40.63153,-74.08565
2948,40.639202,-74.10819
2949,40.626038,-74.112335
2950,40.638138,-74.07549
2951,40.638374,-74.086494
2952,40.63004,-74.108475
2953,40.62838,-74.08176
2954,40.62986,-74.09998
2955,40.641415,-74.07999
2956,40.62163,-74.106544
2957,40.559616,-74.15885
2958,40.56844,-74.128716
2959,40.56355,-74.14221
2960,40.569763,-74.12236
2961,40.55928,-74.15357
2962,40.549057,-74.15442
2963,40.564137,-74.129555
2964,40.555885,-74.138756
2965,40.56976,-74.12237
2966,40.56842,-74.12965
2967,40.557816,-74.12331
2968,40.549053,-74.154434
2969,40.552,-74.147446
2970,40.55199,-74.14743
2971,40.569305,-74.128876
2972,40.56548,-74.12008
2973,40.561203,-74.148224
2974,40.556347,-74.141685
2975,40.569054,-74.13495
2976,40.56562,-74.13779
2977,40.55127,-74.15571
2978,40.552357,-74.14476
2979,40.548584,-74.1422
2980,40.564842,-74.11741
2981,40.548477,-74.14235
2982,40.56828,-74.13064
2983,40.56839,-74.138336
2984,40.557068,-74.11849
2985,40.54684,-74.14326
2986,40.552635,-74.151634
2987,40.549355,-74.14444
2988,40.54669,-74.14181
2989,40.561436,-74.12303
2990,40.558987,-74.11961
2991,40.566284,-74.153046
2992,40.55522,-74.15652
2993,40.5582,-74.11728
2994,40.551727,-74.15493
2995,40.552986,-74.15139
2996,40.569218,-74.123
2997,40.556793,-74.12314
2998,40.56327,-74.13006
2999,40.563786,-74.12929
3000,40.551777,-74.14413
3001,40.55185,-74.14884
3002,40.565773,-74.12828
3003,40.567787,-74.13357
3004,40.555668,-74.1604
3005,40.56403,-74.149734
3006,40.557064,-74.14978
3007,40.55707,-74.124466
3008,40.54784,-74.14303
3009,40.5484,-74.15134
3010,40.555508,-74.14254
3011,40.565563,-74.13285
3012,40.570683,-74.13449
3013,40.56975,-74.12421
3014,40.552925,-74.15434
3015,40.56969,-74.118996
3016,40.562,-74.15788
3017,40.556023,-74.13358
3018,40.55855,-74.14988
3019,40.55604,-74.14706
3020,40.569515,-74.12368
3021,40.56179,-74.12748
3022,40.555683,-74.160164
3023,40.560013,-74.160805
3024,40.550823,-74.142944
3025,40.55316,-74.15695
3026,40.552,-74.147446
3027,40.550617,-74.14796
3028,40.569756,-74.15002
3029,40.55307,-74.15782
3030,40.558296,-74.11595
3031,40.556263,-74.149414
3032,40.567474,-74.13626
3033,40.55121,-74.15411
3034,40.54708,-74.13897
3035,40.552925,-74.15434
3036,40.569763,-74.12236
3037,40.565098,-74.14987
3038,40.633682,-74.03176
3039,40.632675,-74.03182
3040,40.629498,-74.02522
3041,40.625977,-74.03231
3042,40.625977,-74.03231
3043,40.63019,-74.02861
3044,40.624912,-74.04046
3045,40.625977,-74.03231
3046,40.627655,-74.02616
3047,40.63979,-74.029785
3048,40.632652,-74.02233
3049,40.629498,-74.02522
3050,40.631325,-74.024666
3051,40.62478,-74.03902
3052,40.634815,-74.03715
3053,40.621773,-74.03438
3054,40.63273,-74.03204
3055,40.624355,-74.03916
3056,40.63273,-74.03204
3057,40.636036,-74.03664
3058,40.621773,-74.03797
3059,40.623,-74.021515
3060,40.635204,-74.03203
3061,40.62492,-74.04047
3062,40.633957,-74.03635
3063,40.636276,-74.03643
3064,40.635372,-74.02574
3065,40.638214,-74.0348
3066,40.633957,-74.03635
3067,40.636036,-74.03664
3068,40.621773,-74.03794
3069,40.635075,-74.03175
3070,40.638214,-74.0348
3071,40.632214,-74.03219
3072,40.628754,-74.02199
3073,40.632214,-74.03219
3074,40.625977,-74.03231
3075,40.635307,-74.02652
3076,40.634216,-74.03029
3077,40.62797,-74.0258
3078,40.623104,-74.04032
3079,40.63423,-74.02633
3080,40.635002,-74.03103
3081,40.63253,-74.03214
3082,40.629433,-74.02299
3083,40.633553,-74.02522
3084,40.631798,-74.026955
3085,40.624172,-74.02103
3086,40.6225,-74.039085
3087,40.635075,-74.03175
3088,40.62499,-74.02086
3089,40.634735,-74.031136
3090,40.62359,-74.03594
3091,40.635075,-74.03175
3092,40.626827,-74.02403
3093,40.626095,-74.02768
3094,40.634735,-74.031136
3095,40.62303,-74.039406
3096,40.630646,-74.024864
3097,40.630646,-74.024864
3098,40.622925,-74.03631
3099,40.622467,-74.03964
3100,40.636036,-74.03664
3101,40.622395,-74.03116
3102,40.63333,-74.03326
3103,40.63315,-74.032646
3104,40.62303,-74.039406
3105,40.634735,-74.031136
3106,40.62797,-74.0258
3107,40.62444,-74.04012
3108,40.632675,-74.03182
3109,40.62444,-74.04012
3110,40.637173,-74.03396
3111,40.63262,-74.03647
3112,40.623055,-73.976425
3113,40.624126,-73.9866
3114,40.626125,-73.981476
3115,40.62428,-73.98593
3116,40.629726,-73.97866
3117,40.627098,-73.99153
3118,40.63009,-73.988014
3119,40.632774,-73.99667
3120,40.62825,-73.98799
3121,40.625793,-73.979385
3122,40.62564,-73.97913
3123,40.629063,-73.97814
3124,40.630356,-73.97545
3125,40.630627,-73.99041
3126,40.622604,-73.97422
3127,40.629063,-73.97814
3128,40.629498,-73.98354
3129,40.623528,-73.97814
3130,40.626125,-73.981476
3131,40.628136,-73.992325
3132,40.62677,-73.98175
3133,40.631897,-73.99042
3134,40.6332,-73.9805
3135,40.629498,-73.98354
3136,40.625603,-73.98151
3137,40.630627,-73.99041
3138,40.629814,-73.99282
3139,40.632774,-73.99667
3140,40.6318,-73.98724
3141,40.623768,-73.975494
3142,40.631317,-73.984
3143,40.62876,-74.03511
3144,40.636745,-74.02731
3145,40.625896,-74.023766
3146,40.635075,-74.03175
3147,40.629826,-74.02991
3148,40.629826,-74.02991
3149,40.636276,-74.03643
3150,40.6279,-74.0251
3151,40.628986,-74.02975
3152,40.634293,-74.03065
3153,40.6279,-74.0251
3154,40.636036,-74.03664
3155,40.62328,-74.03902
3156,40.632214,-74.03219
3157,40.633957,-74.03635
3158,40.62997,-74.03051
3159,40.63473,-74.02087
3160,40.636036,-74.03664
3161,40.63372,-74.026535
3162,40.62956,-74.02887
3163,40.629368,-74.02302
3164,40.63178,-74.0302
3165,40.631752,-74.026764
3166,40.63766,-74.03301
3167,40.634735,-74.031136
3168,40.63438,-74.031
3169,40.635662,-74.02346
3170,40.63431,-74.02437
3171,40.63341,-74.03061
3172,40.62797,-74.0258
3173,40.63889,-74.03577
3174,40.634216,-74.03029
3175,40.632652,-74.02233
3176,40.637306,-74.02874
3177,40.627655,-74.02616
3178,40.635906,-74.03057
3179,40.621723,-74.02716
3180,40.632652,-74.02233
3181,40.634426,-74.03121
3182,40.634735,-74.031136
3183,40.630646,-74.024864
3184,40.631325,-74.024666
3185,40.627373,-74.026024
3186,40.62444,-74.04012
3187,40.638947,-74.02884
3188,40.635075,-74.03175
3189,40.636784,-74.02784
3190,40.623104,-74.04032
3191,40.631546,-74.03086
3192,40.630783,-74.03908
3193,40.63235,-74.02408
3194,40.633327,-74.02736
3195,40.63235,-74.02408
3196,40.63406,-74.02409
3197,40.631325,-74.024666
3198,40.629856,-74.02665
3199,40.631325,-74.024666
3200,40.630646,-74.024864
3201,40.635002,-74.03103
3202,40.631546,-74.03086
3203,40.62444,-74.04012
3204,40.639297,-74.0353
3205,40.62794,-74.03251
3206,40.626785,-74.030045
3207,40.639297,-74.0353
3208,40.639297,-74.0353
3209,40.62696,-74.02204
3210,40.63372,-74.026535
3211,40.63678,-74.0273
3212,40.62512,-74.0241
3213,40.634426,-74.03121
3214,40.62696,-74.02204
3215,40.62303,-74.039406
3216,40.632957,-74.02154
3217,40.63235,-74.02408
3218,40.631065,-74.02825
3219,40.634296,-74.03065
3220,40.636276,-74.03643
3221,40.626133,-74.03031
3222,40.62455,-74.03684
3223,40.635002,-74.03266
3224,40.630043,-74.03584
3225,40.622902,-74.0299
3226,40.631325,-74.024666
3227,40.62839,-74.02724
3228,40.634895,-74.036385
3229,40.639297,-74.0353
3230,40.632214,-74.03219
3231,40.633762,-74.0321
3232,40.632652,-74.02233
3233,40.63566,-74.02936
3234,40.63107,-74.03516
3235,40.622513,-74.038315
3236,40.629498,-74.02522
3237,40.622948,-74.03037
3238,40.636036,-74.03664
3239,40.62286,-74.02802
3240,40.635075,-74.03175
3241,40.636036,-74.03664
3242,40.63359,-74.02659
3243,40.623894,-74.031525
3244,40.639297,-74.0353
3245,40.63364,-74.0302
3246,40.627655,-74.02616
3247,40.63566,-74.02936
3248,40.630646,-74.024864
3249,40.63564,-74.02931
3250,40.62341,-74.03958
3251,40.635075,-74.03175
3252,40.62554,-74.03843
3253,40.632214,-74.03219
3254,40.6355,-74.028786
3255,40.63204,-74.035866
3256,40.63364,-74.0302
3257,40.635075,-74.03175
3258,40.633865,-74.02241
3259,40.63062,-74.028435
3260,40.631603,-74.03776
3261,40.61492,-74.01257
3262,40.61709,-73.99793
3263,40.615646,-74.00111
3264,40.614086,-73.999565
3265,40.61995,-74.01346
3266,40.618164,-74.01108
3267,40.60898,-73.99906
3268,40.618366,-73.99762
3269,40.619385,-74.01597
3270,40.62139,-74.01131
3271,40.618073,-74.010925
3272,40.613895,-74.005516
3273,40.615288,-73.999825
3274,40.618103,-74.01098
3275,40.612,-74.00683
3276,40.61549,-74.008156
3277,40.611767,-74.00633
3278,40.617416,-74.00149
3279,40.616318,-74.007675
3280,40.619587,-74.00432
3281,40.61686,-73.99813
3282,40.614548,-74.00509
3283,40.60899,-74.004944
3284,40.6094,-74.01119
3285,40.617023,-73.9984
3286,40.619694,-74.01001
3287,40.617023,-73.9984
3288,40.600513,-73.99977
3289,40.60272,-74.0126
3290,40.600513,-73.99977
3291,40.604378,-74.015976
3292,40.59713,-73.99719
3293,40.600483,-73.99991
3294,40.603706,-74.01417
3295,40.6082,-74.004776
3296,40.602882,-74.01174
3297,40.60116,-74.00787
3298,40.60207,-74.006996
3299,40.59758,-73.9987
3300,40.60204,-74.00703
3301,40.60394,-74.01393
3302,40.6033,-74.014465
3303,40.606876,-73.99784
3304,40.605644,-74.00958
3305,40.604782,-74.009254
3306,40.604782,-74.009254
3307,40.602882,-74.01174
3308,40.603718,-74.01329
3309,40.60031,-74.00838
3310,40.60344,-74.003876
3311,40.597736,-73.998634
3312,40.603523,-74.00383
3313,40.597736,-73.998634
3314,40.608585,-74.014465
3315,40.6027,-74.01311
3316,40.597736,-73.998634
3317,40.608585,-74.014465
3318,40.60763,-73.99967
3319,40.600197,-73.99356
3320,40.6002,-73.993546
3321,40.606785,-73.98789
3322,40.59647,-73.99383
3323,40.6075,-73.97697
3324,40.60842,-73.98391
3325,40.604736,-73.97588
3326,40.60481,-73.991974
3327,40.5982,-73.9959
3328,40.60267,-73.991455
3329,40.6075,-73.97697
3330,40.601414,-73.99597
3331,40.60267,-73.991455
3332,40.5982,-73.9959
3333,40.601414,-73.99597
3334,40.60714,-73.98574
3335,40.602295,-73.99338
3336,40.605217,-73.98345
3337,40.605022,-73.97685
3338,40.607567,-73.9751
3339,40.53857,-74.14278
3340,40.535126,-74.15036
3341,40.537853,-74.161095
3342,40.538162,-74.15709
3343,40.54406,-74.15883
3344,40.537426,-74.154045
3345,40.535397,-74.15033
3346,40.539497,-74.14661
3347,40.54131,-74.14869
3348,40.529114,-74.16084
3349,40.545544,-74.1499
3350,40.545467,-74.15776
3351,40.5413,-74.148674
3352,40.540936,-74.15533
3353,40.536007,-74.158195
3354,40.535484,-74.15501
3355,40.541763,-74.15839
3356,40.538,-74.14844
3357,40.54406,-74.15502
3358,40.53842,-74.15073
3359,40.539787,-74.1463
3360,40.544544,-74.158844
3361,40.543705,-74.15805
3362,40.536247,-74.156204
3363,40.54092,-74.156876
3364,40.543114,-74.151726
3365,40.536167,-74.15087
3366,40.543465,-74.14931
3367,40.544243,-74.14338
3368,40.538494,-74.14833
3369,40.541325,-74.14827
3370,40.53378,-74.15066
3371,40.542458,-74.153885
3372,40.53636,-74.15371
3373,40.53366,-74.159966
3374,40.54084,-74.15973
3375,40.540565,-74.15937
3376,40.535786,-74.15875
3377,40.52935,-74.16055
3378,40.536503,-74.15589
3379,40.538704,-74.15311
3380,40.538578,-74.14279
3381,40.531265,-74.15773
3382,40.543255,-74.14906
3383,40.545174,-74.158394
3384,40.538303,-74.15499
3385,40.538334,-74.153114
3386,40.537315,-74.14617
3387,40.54256,-74.14539
3388,40.536102,-74.14893
3389,40.540783,-74.16016
3390,40.536766,-74.15385
3391,40.534466,-74.150536
3392,40.529606,-74.15945
3393,40.54547,-74.157776
3394,40.53991,-74.14647
3395,40.543034,-74.152885
3396,40.545753,-74.14089
3397,40.53964,-74.1451
3398,40.535263,-74.150604
3399,40.544865,-74.147865
3400,40.53844,-74.15624
3401,40.541477,-74.15698
3402,40.54484,-74.15512
3403,40.541656,-74.15757
3404,40.532997,-74.16097
3405,40.543537,-74.14789
3406,40.530457,-74.16107
3407,40.54285,-74.15426
3408,40.537067,-74.15436
3409,40.538578,-74.14279
3410,40.541656,-74.15757
3411,40.541,-74.16109
3412,40.536896,-74.15911
3413,40.538692,-74.16031
3414,40.537807,-74.15268
3415,40.53745,-74.15353
3416,40.533566,-74.15226
3417,40.54547,-74.15777
3418,40.53768,-74.15394
3419,40.535767,-74.153564
3420,40.54507,-74.1426
3421,40.537453,-74.14561
3422,40.542812,-74.14469
3423,40.537346,-74.14752
3424,40.540592,-74.144424
3425,40.53569,-74.15538
3426,40.588562,-73.9907
3427,40.592747,-73.97752
3428,40.590263,-73.97565
3429,40.577305,-73.997314
3430,40.59396,-73.976715
3431,40.576828,-73.995964
3432,40.58553,-73.98717
3433,40.577427,-73.97379
3434,40.587227,-73.987175
3435,40.58727,-73.98713
3436,40.590572,-73.99108
3437,40.59223,-73.99114
3438,40.58853,-73.989494
3439,40.57763,-73.9739
3440,40.589466,-73.99113
3441,40.589466,-73.99113
3442,40.5793,-74.00224
3443,40.585426,-73.983475
3444,40.585426,-73.983475
3445,40.57477,-74.00893
3446,40.577427,-73.97379
3447,40.589005,-73.991844
3448,40.58763,-73.98675
3449,40.575443,-74.00154
3450,40.576736,-73.993126
3451,40.575256,-73.97428
3452,40.592407,-73.99157
3453,40.58763,-73.98675
3454,40.593014,-73.97415
3455,40.562645,-74.10056
3456,40.558468,-74.10742
3457,40.56994,-74.09607
3458,40.562813,-74.10339
3459,40.56094,-74.11188
3460,40.56065,-74.113144
3461,40.560368,-74.10726
3462,40.56469,-74.101135
3463,40.57083,-74.09678
3464,40.560593,-74.11126
3465,40.56193,-74.103745
3466,40.563232,-74.09934
3467,40.570606,-74.09466
3468,40.55822,-74.11363
3469,40.562645,-74.09973
3470,40.559624,-74.112434
3471,40.563393,-74.09975
3472,40.565536,-74.10368
3473,40.56311,-74.10057
3474,40.562122,-74.10403
3475,40.55946,-74.11073
3476,40.56309,-74.10003
3477,40.563583,-74.10223
3478,40.563095,-74.10379
3479,40.558903,-74.10969
3480,40.563904,-74.09874
3481,40.564312,-74.10073
3482,40.56422,-74.1076
3483,40.565422,-74.10209
3484,40.56062,-74.106064
3485,40.558666,-74.10777
3486,40.560383,-74.110886
3487,40.56334,-74.10049
3488,40.569824,-74.112335
3489,40.542717,-74.15863
3490,40.54202,-74.150475
3491,40.536404,-74.16048
3492,40.545467,-74.15776
3493,40.544006,-74.15724
3494,40.535927,-74.14995
3495,40.539715,-74.1462
3496,40.545612,-74.15247
3497,40.544544,-74.15931
3498,40.538975,-74.15382
3499,40.54238,-74.15337
3500,40.53004,-74.157486
3501,40.542778,-74.15532
3502,40.54088,-74.14468
3503,40.533676,-74.151726
3504,40.538788,-74.14297
3505,40.53138,-74.1573
3506,40.538025,-74.15626
3507,40.535294,-74.14934
3508,40.53015,-74.1588
3509,40.54046,-74.15952
3510,40.536896,-74.15312
3511,40.536488,-74.153366
3512,40.54285,-74.15497
3513,40.531967,-74.161156
3514,40.537663,-74.1486
3515,40.538982,-74.15338
3516,40.537663,-74.145775
3517,40.537636,-74.14575
3518,40.542007,-74.145065
3519,40.545166,-74.14143
3520,40.54516,-74.141426
3521,40.542305,-74.15554
3522,40.541275,-74.1464
3523,40.52964,-74.15989
3524,40.538578,-74.14279
3525,40.54516,-74.141426
3526,40.54271,-74.1575
3527,40.539635,-74.15856
3528,40.53889,-74.15375
3529,40.538857,-74.155525
3530,40.591343,-74.084045
3531,40.57356,-74.091415
3532,40.5791,-74.107445
3533,40.594063,-74.07612
3534,40.592567,-74.07727
3535,40.573112,-74.10015
3536,40.580128,-74.09438
3537,40.582653,-74.10373
3538,40.57406,-74.10327
3539,40.580544,-74.104774
3540,40.587826,-74.10556
3541,40.58946,-74.07873
3542,40.584038,-74.10152
3543,40.594597,-74.07121
3544,40.579086,-74.09408
3545,40.595024,-74.07711
3546,40.57342,-74.089485
3547,40.59247,-74.073
3548,40.573967,-74.09898
3549,40.58087,-74.09592
3550,40.590614,-74.074036
3551,40.592,-74.07481
3552,40.59046,-74.097115
3553,40.593044,-74.07694
3554,40.57716,-74.101944
3555,40.583145,-74.10577
3556,40.58861,-74.07367
3557,40.588215,-74.097466
3558,40.59199,-74.0748
3559,40.593754,-74.09687
3560,40.59263,-74.07064
3561,40.587406,-74.08788
3562,40.595036,-74.09361
3563,40.575386,-74.10966
3564,40.58564,-74.09665
3565,40.576958,-74.113976
3566,40.59138,-74.094864
3567,40.576805,-74.11354
3568,40.59288,-74.10458
3569,40.576042,-74.10845
3570,40.593246,-74.09527
3571,40.58341,-74.10118
3572,40.581444,-74.08719
3573,40.57197,-74.096375
3574,40.59509,-74.07024
3575,40.59009,-74.09082
3576,40.574406,-74.09299
3577,40.57362,-74.08973
3578,40.572662,-74.11272
3579,40.577137,-74.11299
3580,40.58369,-74.09237
3581,40.577927,-74.092545
3582,40.59367,-74.07171
3583,40.589832,-74.098175
3584,40.591846,-74.088234
3585,40.581043,-74.111244
3586,40.592888,-74.09521
3587,40.58927,-74.077705
3588,40.580917,-74.112305
3589,40.585236,-74.09073
3590,40.592613,-74.06992
3591,40.57945,-74.0948
3592,40.57124,-74.09861
3593,40.5846,-74.09726
3594,40.591915,-74.097534
3595,40.581055,-74.09517
3596,40.59016,-74.076
3597,40.574375,-74.109634
3598,40.586605,-74.0928
3599,40.580666,-74.08669
3600,40.593613,-74.09436
3601,40.58892,-74.07702
3602,40.579967,-74.09472
3603,40.573486,-74.11332
3604,40.583984,-74.10635
3605,40.57981,-74.107796
3606,40.578587,-74.11423
3607,40.572807,-74.10046
3608,40.572178,-74.09756
3609,40.572033,-74.09543
3610,40.581703,-74.10009
3611,40.57842,-74.10078
3612,40.613808,-74.10101
3613,40.6091,-74.08429
3614,40.619907,-74.08173
3615,40.61614,-74.07233
3616,40.598186,-74.07572
3617,40.606373,-74.08765
3618,40.612125,-74.07709
3619,40.619072,-74.10069
3620,40.60793,-74.100845
3621,40.606625,-74.09948
3622,40.615875,-74.07713
3623,40.616047,-74.08246
3624,40.609226,-74.073265
3625,40.62138,-74.11181
3626,40.618984,-74.0996
3627,40.61975,-74.08609
3628,40.610012,-74.07649
3629,40.603416,-74.08911
3630,40.610687,-74.07445
3631,40.612823,-74.09917
3632,40.615105,-74.079185
3633,40.617573,-74.0758
3634,40.597286,-74.09216
3635,40.615948,-74.07675
3636,40.60357,-74.082535
3637,40.60552,-74.087944
3638,40.598984,-74.09092
3639,40.620106,-74.109825
3640,40.61431,-74.07974
3641,40.59994,-74.09444
3642,40.61248,-74.08124
3643,40.57323,-74.090645
3644,40.57911,-74.09833
3645,40.58602,-74.095474
3646,40.590645,-74.07626
3647,40.590645,-74.07626
3648,40.5906,-74.07919
3649,40.593918,-74.0719
3650,40.592335,-74.06835
3651,40.58468,-74.0976
3652,40.577328,-74.09658
3653,40.572502,-74.09132
3654,40.5774,-74.10394
3655,40.58767,-74.08668
3656,40.581932,-74.10676
3657,40.579494,-74.10775
3658,40.594105,-74.070915
3659,40.57565,-74.10936
3660,40.590546,-74.09573
3661,40.576424,-74.10714
3662,40.580605,-74.10681
3663,40.57886,-74.10452
3664,40.591404,-74.08352
3665,40.59045,-74.07182
3666,40.591824,-74.10911
3667,40.580383,-74.11107
3668,40.5959,-74.08339
3669,40.595592,-74.07747
3670,40.571255,-74.11006
3671,40.58086,-74.095146
3672,40.57282,-74.0928
3673,40.5795,-74.111046
3674,40.579765,-74.08848
3675,40.58957,-74.10038
3676,40.573677,-74.0937
3677,40.581055,-74.09517
3678,40.584892,-74.10092
3679,40.58391,-74.111374
3680,40.581295,-74.0879
3681,40.576912,-74.09576
3682,40.587757,-74.097176
3683,40.580196,-74.10186
3684,40.573437,-74.10318
3685,40.574226,-74.089325
3686,40.58468,-74.0976
3687,40.59257,-74.093
3688,40.58775,-74.09717
3689,40.58085,-74.08862
3690,40.575405,-74.11315
3691,40.592464,-74.081566
3692,40.574944,-74.1107
3693,40.57494,-74.09403
3694,40.595634,-74.07749
3695,40.58337,-74.10046
3696,40.57528,-74.10639
3697,40.576744,-74.08872
3698,40.595158,-74.10383
3699,40.5712,-74.11331
3700,40.587738,-74.09961
3701,40.572308,-74.09592
3702,40.592285,-74.082275
3703,40.579494,-74.10775
3704,40.595226,-74.06983
3705,40.593742,-74.0985
3706,40.57137,-74.098045
3707,40.58479,-74.09712
3708,40.580265,-74.08023
3709,40.587524,-74.09671
3710,40.574432,-74.0897
3711,40.573414,-74.09215
3712,40.58951,-74.07649
3713,40.58364,-74.100845
3714,40.57917,-74.10323
3715,40.57339,-74.103226
3716,40.577,-74.09624
3717,40.57459,-74.09672
3718,40.58817,-74.09753
3719,40.576622,-74.095825
3720,40.579773,-74.10772
3721,40.580105,-74.087296
3722,40.58364,-74.100845
3723,40.58686,-74.090126
3724,40.577335,-74.09848
3725,40.595676,-74.093315
3726,40.57532,-74.09577
3727,40.595123,-74.09269
3728,40.5795,-74.107765
3729,40.579773,-74.10772
3730,40.576645,-74.097435
3731,40.592567,-74.077675
3732,40.58639,-74.089264
3733,40.576366,-74.09559
3734,40.588387,-74.11054
3735,40.591736,-74.07786
3736,40.573128,-74.112
3737,40.579865,-74.09824
3738,40.582867,-74.0953
3739,40.595688,-74.09824
3740,40.58307,-74.10294
3741,40.579098,-74.10743
3742,40.579773,-74.10772
3743,40.579494,-74.10775
3744,40.573875,-74.09342
3745,40.58839,-74.073425
3746,40.572453,-74.09038
3747,40.573986,-74.095604
3748,40.57907,-74.1079
3749,40.593616,-74.08058
3750,40.578953,-74.10364
3751,40.592167,-74.08475
3752,40.595654,-74.10314
3753,40.592415,-74.0734
3754,40.579548,-74.09391
3755,40.59192,-74.07515
3756,40.575226,-74.09045
3757,40.591064,-74.08011
3758,40.57255,-74.09141
3759,40.59024,-74.093346
3760,40.59001,-74.090645
3761,40.573868,-74.093414
3762,40.575947,-74.09591
3763,40.59552,-74.07115
3764,40.592163,-74.08476
3765,40.608677,-74.117516
3766,40.615196,-74.151596
3767,40.620953,-74.13435
3768,40.61956,-74.15509
3769,40.603626,-74.1262
3770,40.62014,-74.15961
3771,40.615417,-74.1328
3772,40.60532,-74.12652
3773,40.602764,-74.13269
3774,40.602688,-74.120125
3775,40.616955,-74.12652
3776,40.605335,-74.120575
3777,40.60602,-74.13957
3778,40.6003,-74.13035
3779,40.59772,-74.134476
3780,40.602757,-74.11727
3781,40.60208,-74.13351
3782,40.614517,-74.13679
3783,40.61701,-74.13751
3784,40.60574,-74.14331
3785,40.60957,-74.12515
3786,40.61466,-74.151634
3787,40.617306,-74.12181
3788,40.616295,-74.12575
3789,40.608578,-74.13434
3790,40.617912,-74.13755
3791,40.612312,-74.12024
3792,40.61111,-74.13701
3793,40.61393,-74.14592
3794,40.61604,-74.127884
3795,40.610645,-74.13649
3796,40.608837,-74.14069
3797,40.61464,-74.11662
3798,40.618008,-74.12175
3799,40.615314,-74.1415
3800,40.611546,-74.134476
3801,40.619507,-74.12001
3802,40.618526,-74.12051
3803,40.609753,-74.12964
3804,40.609516,-74.156525
3805,40.616344,-74.11835
3806,40.619534,-74.12702
3807,40.61459,-74.1341
3808,40.61455,-74.15973
3809,40.60807,-74.151024
3810,40.606415,-74.11502
3811,40.61833,-74.139946
3812,40.61859,-74.15207
3813,40.61267,-74.15953
3814,40.60372,-74.116844
3815,40.618916,-74.15371
3816,40.61748,-74.13482
3817,40.614914,-74.13306
3818,40.619396,-74.14779
3819,40.602074,-74.1335
3820,40.614414,-74.146194
3821,40.60605,-74.11971
3822,40.616028,-74.14654
3823,40.602863,-74.132164
3824,40.61466,-74.151634
3825,40.614853,-74.134
3826,40.61905,-74.14452
3827,40.605316,-74.12967
3828,40.603672,-74.13798
3829,40.610733,-74.1405
3830,40.619568,-74.1551
3831,40.61327,-74.14494
3832,40.6196,-74.143524
3833,40.618683,-74.14965
3834,40.617928,-74.12264
3835,40.619793,-74.13864
3836,40.607513,-74.12741
3837,40.60274,-74.11826
3838,40.614353,-74.15979
3839,40.618393,-74.1557
3840,40.61658,-74.138664
3841,40.60205,-74.11759
3842,40.604317,-74.1384
3843,40.61697,-74.126335
3844,40.61666,-74.126595
3845,40.60743,-74.1333
3846,40.61597,-74.14105
3847,40.617428,-74.13049
3848,40.60865,-74.13283
3849,40.604,-74.14228
3850,40.609165,-74.13345
3851,40.621243,-74.13224
3852,40.59955,-74.12967
3853,40.61742,-74.1305
3854,40.606075,-74.12838
3855,40.612328,-74.1608
3856,40.61422,-74.15893
3857,40.619568,-74.1551
3858,40.601616,-74.1329
3859,40.611187,-74.11836
3860,40.61368,-74.151886
3861,40.617146,-74.14292
3862,40.607468,-74.12945
3863,40.6072,-74.15958
3864,40.605583,-74.11581
3865,40.61451,-74.12658
3866,40.608814,-74.131805
3867,40.598698,-74.13754
3868,40.599873,-74.13387
3869,40.600334,-74.13824
3870,40.60978,-74.11697
3871,40.601337,-74.11852
3872,40.61627,-74.146904
3873,40.614082,-74.1149
3874,40.61466,-74.151634
3875,40.61673,-74.13501
3876,40.60238,-74.11665
3877,40.620323,-74.14861
3878,40.62121,-74.12449
3879,40.60135,-74.12124
3880,40.602528,-74.129196
3881,40.617897,-74.148834
3882,40.617542,-74.118095
3883,40.615314,-74.11803
3884,40.60075,-74.132065
3885,40.60168,-74.139694
3886,40.612045,-74.14356
3887,40.604076,-74.11954
3888,40.599148,-74.119194
3889,40.613186,-74.149445
3890,40.60129,-74.139015
3891,40.610184,-74.1376
3892,40.61878,-74.124916
3893,40.60494,-74.12345
3894,40.614395,-74.147995
3895,40.616,-74.149826
3896,40.62142,-74.13916
3897,40.620457,-74.127525
3898,40.605595,-74.14555
3899,40.619522,-74.15287
3900,40.611046,-74.13901
3901,40.616707,-74.116936
3902,40.617706,-74.13804
3903,40.616787,-74.145676
3904,40.61724,-74.138985
3905,40.602333,-74.12036
3906,40.60555,-74.121574
3907,40.605476,-74.13524
3908,40.61108,-74.12841
3909,40.612385,-74.15113
3910,40.603455,-74.11677
3911,40.601486,-74.13615
3912,40.61604,-74.1289
3913,40.616302,-74.13443
3914,40.61718,-74.13463
3915,40.60954,-74.13572
3916,40.615776,-74.14366
3917,40.616432,-74.11898
3918,40.61093,-74.12386
3919,40.608063,-74.125916
3920,40.604935,-74.12054
3921,40.601646,-74.13298
3922,40.602695,-74.119705
3923,40.610443,-74.13284
3924,40.607857,-74.11803
3925,40.611588,-74.12098
3926,40.609715,-74.13351
3927,40.57458,-74.09672
3928,40.579662,-74.09857
3929,40.594543,-74.09817
3930,40.580334,-74.08036
3931,40.571384,-74.09913
3932,40.579773,-74.10772
3933,40.57342,-74.11018
3934,40.5743,-74.104744
3935,40.579914,-74.08693
3936,40.571167,-74.095345
3937,40.592293,-74.09519
3938,40.57907,-74.1079
3939,40.593163,-74.08127
3940,40.583202,-74.09334
3941,40.595722,-74.06956
3942,40.58106,-74.087456
3943,40.58468,-74.0976
3944,40.591988,-74.07379
3945,40.579494,-74.10775
3946,40.590546,-74.09573
3947,40.59427,-74.09019
3948,40.57979,-74.11221
3949,40.577435,-74.10779
3950,40.581882,-74.102615
3951,40.5788,-74.08663
3952,40.5795,-74.107765
3953,40.5728,-74.09344
3954,40.576645,-74.08369
3955,40.5767,-74.08375
3956,40.586895,-74.092094
3957,40.5791,-74.10744
3958,40.577656,-74.08109
3959,40.573395,-74.10167
3960,40.5738,-74.09464
3961,40.57248,-74.0908
3962,40.574623,-74.10162
3963,40.593327,-74.08103
3964,40.574272,-74.09314
3965,40.59291,-74.08943
3966,40.57419,-74.09303
3967,40.579105,-74.107445
3968,40.51344,-74.247345
3969,40.51411,-74.19515
3970,40.502464,-74.237785
3971,40.51141,-74.23309
3972,40.50725,-74.245995
3973,40.510143,-74.25049
3974,40.50972,-74.24377
3975,40.501457,-74.23434
3976,40.513985,-74.24074
3977,40.50733,-74.25472
3978,40.50519,-74.24818
3979,40.510876,-74.25182
3980,40.51328,-74.23931
3981,40.5017,-74.2377
3982,40.50029,-74.24454
3983,40.5017,-74.23772
3984,40.51278,-74.24869
3985,40.50453,-74.24921
3986,40.504665,-74.241196
3987,40.513058,-74.24117
3988,40.512398,-74.23625
3989,40.504223,-74.25094
3990,40.504704,-74.223495
3991,40.51996,-74.2124
3992,40.504868,-74.23744
3993,40.502464,-74.237785
3994,40.503757,-74.251045
3995,40.50721,-74.25328
3996,40.507366,-74.231735
3997,40.507366,-74.231735
3998,40.508778,-74.24857
3999,40.5145,-74.195435
4000,40.511646,-74.24602
4001,40.510765,-74.23922
4002,40.509712,-74.24163
4003,40.520123,-74.19608
4004,40.50179,-74.24797
4005,40.511814,-74.24797
4006,40.51891,-74.20062
4007,40.499523,-74.24011
4008,40.502457,-74.23778
4009,40.618095,-74.12075
4010,40.60029,-74.12356
4011,40.615685,-74.121155
4012,40.608948,-74.13344
4013,40.611546,-74.13539
4014,40.59927,-74.13715
4015,40.605923,-74.15995
4016,40.618298,-74.13718
4017,40.599415,-74.12841
4018,40.616367,-74.13698
4019,40.602768,-74.11672
4020,40.61846,-74.13815
4021,40.619175,-74.13848
4022,40.6143,-74.145004
4023,40.6096,-74.12859
4024,40.605324,-74.12252
4025,40.618523,-74.140495
4026,40.602943,-74.13825
4027,40.610294,-74.13566
4028,40.606167,-74.12996
4029,40.618027,-74.15632
4030,40.61956,-74.15509
4031,40.60895,-74.1338
4032,40.61984,-74.15266
4033,40.61687,-74.11897
4034,40.616318,-74.12201
4035,40.601215,-74.129944
4036,40.602818,-74.1222
4037,40.60075,-74.132065
4038,40.599133,-74.13366
4039,40.608997,-74.16029
4040,40.617584,-74.12799
4041,40.601624,-74.132904
4042,40.60223,-74.13479
4043,40.610645,-74.15031
4044,40.621235,-74.1371
4045,40.60013,-74.125534
4046,40.616936,-74.137794
4047,40.60574,-74.12026
4048,40.60013,-74.134995
4049,40.600845,-74.13249
4050,40.59031,-74.07868
4051,40.5795,-74.107765
4052,40.591,-74.10389
4053,40.588314,-74.085846
4054,40.583073,-74.09309
4055,40.59356,-74.09589
4056,40.572964,-74.11232
4057,40.574272,-74.10469
4058,40.57389,-74.10341
4059,40.586205,-74.088844
4060,40.57426,-74.10468
4061,40.572044,-74.094086
4062,40.572487,-74.10075
4063,40.57357,-74.09309
4064,40.59457,-74.06855
4065,40.595592,-74.07226
4066,40.593327,-74.0838
4067,40.57176,-74.10943
4068,40.590546,-74.09573
4069,40.59457,-74.06855
4070,40.58056,-74.087135
4071,40.575752,-74.09436
4072,40.59306,-74.08375
4073,40.575195,-74.109505
4074,40.576954,-74.10173
4075,40.574677,-74.11393
4076,40.591076,-74.08351
4077,40.581757,-74.1064
4078,40.581203,-74.103745
4079,40.587856,-74.097946
4080,40.579803,-74.08744
4081,40.574203,-74.09602
4082,40.5788,-74.07931
4083,40.586433,-74.08748
4084,40.59231,-74.068665
4085,40.59334,-74.073456
4086,40.59275,-74.09494
4087,40.58361,-74.105
4088,40.573654,-74.112175
4089,40.589153,-74.1004
4090,40.576942,-74.09647
4091,40.58491,-74.09731
4092,40.593864,-74.092735
4093,40.580906,-74.08716
4094,40.574474,-74.08977
4095,40.5843,-74.09117
4096,40.574623,-74.10163
4097,40.583168,-74.093994
4098,40.58689,-74.09242
4099,40.58616,-74.08774
4100,40.57116,-74.11385
4101,40.591503,-74.08093
4102,40.5795,-74.107765
4103,40.581013,-74.08736
4104,40.579914,-74.08766
4105,40.585106,-74.095924
4106,40.585106,-74.095924
4107,40.584736,-74.08976
4108,40.587288,-74.08791
4109,40.580246,-74.11033
4110,40.581085,-74.10578
4111,40.574223,-74.09642
4112,40.582256,-74.08694
4113,40.5891,-74.10069
4114,40.58489,-74.10092
4115,40.584778,-74.10591
4116,40.588696,-74.074
4117,40.57823,-74.09315
4118,40.582855,-74.09456
4119,40.60256,-74.13446
4120,40.605038,-74.11988
4121,40.61508,-74.13168
4122,40.61491,-74.134735
4123,40.607372,-74.14706
4124,40.598904,-74.13821
4125,40.59934,-74.13652
4126,40.607445,-74.147125
4127,40.61618,-74.15037
4128,40.61791,-74.129395
4129,40.60251,-74.13447
4130,40.60834,-74.14027
4131,40.618862,-74.130066
4132,40.617184,-74.13934
4133,40.601192,-74.12122
4134,40.61152,-74.12936
4135,40.61678,-74.12864
4136,40.615562,-74.14371
4137,40.616245,-74.15073
4138,40.603497,-74.12938
4139,40.607414,-74.147125
4140,40.617527,-74.11618
4141,40.616844,-74.1477
4142,40.605026,-74.11987
4143,40.61011,-74.131805
4144,40.598995,-74.12869
4145,40.615387,-74.128044
4146,40.61796,-74.134674
4147,40.603764,-74.123856
4148,40.61814,-74.14066
4149,40.607254,-74.11696
4150,40.61622,-74.14262
4151,40.60118,-74.12539
4152,40.617676,-74.11748
4153,40.616783,-74.11995
4154,40.615353,-74.132355
4155,40.599945,-74.12694
4156,40.59894,-74.12783
4157,40.61369,-74.15189
4158,40.613102,-74.13443
4159,40.610718,-74.14238
4160,40.612385,-74.15113
4161,40.60372,-74.12776
4162,40.618156,-74.12446
4163,40.609886,-74.13445
4164,40.600624,-74.13653
4165,40.61348,-74.12496
4166,40.60103,-74.128654
4167,40.606533,-74.14681
4168,40.61517,-74.151375
4169,40.618603,-74.1298
4170,40.60613,-74.13857
4171,40.604286,-74.120094
4172,40.613167,-74.13386
4173,40.610756,-74.147675
4174,40.621384,-74.12955
4175,40.615,-74.137375
4176,40.614677,-74.118195
4177,40.61812,-74.13742
4178,40.603123,-74.12365
4179,40.60448,-74.160484
4180,40.612484,-74.14638
4181,40.61245,-74.123726
4182,40.615616,-74.145004
4183,40.619514,-74.15285
4184,40.619003,-74.1377
4185,40.609,-74.13567
4186,40.606136,-74.13563
4187,40.60049,-74.13388
4188,40.613926,-74.14242
4189,40.6148,-74.152245
4190,40.61313,-74.1295
4191,40.618774,-74.15181
4192,40.612614,-74.14851
4193,40.599422,-74.1284
4194,40.60075,-74.132065
4195,40.61466,-74.151634
4196,40.60467,-74.13528
4197,40.618156,-74.12971
4198,40.60315,-74.12523
4199,40.611973,-74.11579
4200,40.602142,-74.13205
4201,40.604877,-74.138084
4202,40.618034,-74.15633
4203,40.61456,-74.13402
4204,40.6181,-74.14842
4205,40.61401,-74.1172
4206,40.62015,-74.151985
4207,40.60079,-74.11815
4208,40.612385,-74.15113
4209,40.61779,-74.14918
4210,40.61354,-74.12982
4211,40.61164,-74.145134
4212,40.604668,-74.14228
4213,40.61697,-74.12248
4214,40.620358,-74.1481
4215,40.609364,-74.131905
4216,40.59852,-74.12476
4217,40.611004,-74.12932
4218,40.62091,-74.1253
4219,40.602993,-74.11858
4220,40.59936,-74.12876
4221,40.62115,-74.14507
4222,40.608807,-74.13472
4223,40.619343,-74.11903
4224,40.62095,-74.12537
4225,40.607403,-74.13365
4226,40.615185,-74.151505
4227,40.609516,-74.156525
4228,40.601616,-74.1329
4229,40.600967,-74.12901
4230,40.610867,-74.13928
4231,40.610992,-74.139015
4232,40.601055,-74.13308
4233,40.611084,-74.1393
4234,40.60395,-74.12772
4235,40.61873,-74.14134
4236,40.61731,-74.12715
4237,40.611324,-74.13539
4238,40.61611,-74.12437
4239,40.61956,-74.155106
4240,40.613167,-74.13762
4241,40.59931,-74.13659
4242,40.60367,-74.11859
4243,40.619267,-74.120514
4244,40.61369,-74.15189
4245,40.606712,-74.11467
4246,40.617737,-74.14051
4247,40.614746,-74.1396
4248,40.604034,-74.13467
4249,40.61652,-74.15064
4250,40.6046,-74.12829
4251,40.619522,-74.15287
4252,40.609325,-74.11469
4253,40.617416,-74.12391
4254,40.609528,-74.15653
4255,40.61653,-74.14746
4256,40.61295,-74.14047
4257,40.609592,-74.125046
4258,40.606724,-74.144684
4259,40.613907,-74.13304
4260,40.601616,-74.118324
4261,40.618305,-74.15685
4262,40.620956,-74.13326
4263,40.6126,-74.116196
4264,40.601074,-74.13806
4265,40.616646,-74.14461
4266,40.618687,-74.16034
4267,40.614918,-74.14566
4268,40.60683,-74.12731
4269,40.617126,-74.15047
4270,40.60327,-74.129
4271,40.606403,-74.138214
4272,40.62103,-74.146996
4273,40.609978,-74.13256
4274,40.614456,-74.15921
4275,40.618084,-74.13509
4276,40.613625,-74.130516
4277,40.61258,-74.13379
4278,40.605564,-74.116066
4279,40.6006,-74.130394
4280,40.61055,-74.12381
4281,40.602665,-74.12806
4282,40.611855,-74.1507
4283,40.60991,-74.11709
4284,40.618073,-74.14358
4285,40.615723,-74.156006
4286,40.5988,-74.137054
4287,40.613724,-74.159996
4288,40.603188,-74.12401
4289,40.571148,-74.14213
4290,40.581085,-74.16111
4291,40.594673,-74.160194
4292,40.571445,-74.12666
4293,40.571404,-74.13502
4294,40.589336,-74.15963
4295,40.58928,-74.14506
4296,40.573566,-74.13676
4297,40.580708,-74.160225
4298,40.572227,-74.13409
4299,40.589745,-74.149506
4300,40.59306,-74.15966
4301,40.587063,-74.1558
4302,40.59181,-74.14965
4303,40.583008,-74.15805
4304,40.58667,-74.15474
4305,40.572853,-74.12353
4306,40.57143,-74.12568
4307,40.583,-74.15804
4308,40.587933,-74.152756
4309,40.572533,-74.12929
4310,40.5775,-74.11811
4311,40.58582,-74.16078
4312,40.58076,-74.154945
4313,40.589684,-74.15584
4314,40.586433,-74.15113
4315,40.57552,-74.12491
4316,40.590584,-74.14814
4317,40.575356,-74.1166
4318,40.57708,-74.12516
4319,40.590286,-74.1503
4320,40.590584,-74.14814
4321,40.57399,-74.1434
4322,40.591133,-74.15014
4323,40.577927,-74.16111
4324,40.591457,-74.15266
4325,40.580925,-74.13186
4326,40.586685,-74.15162
4327,40.57351,-74.12466
4328,40.59457,-74.1547
4329,40.578007,-74.1605
4330,40.571323,-74.12795
4331,40.585155,-74.15402
4332,40.594673,-74.160194
4333,40.586315,-74.14963
4334,40.581085,-74.16111
4335,40.593063,-74.159676
4336,40.581097,-74.16112
4337,40.577133,-74.15986
4338,40.5812,-74.15757
4339,40.583,-74.15806
4340,40.591553,-74.15398
4341,40.586113,-74.14671
4342,40.593063,-74.15968
4343,40.584606,-74.14901
4344,40.58888,-74.15383
4345,40.591827,-74.15594
4346,40.5711,-74.12667
4347,40.59181,-74.14965
4348,40.594273,-74.15519
4349,40.5765,-74.117294
4350,40.57687,-74.125725
4351,40.58627,-74.14769
4352,40.578075,-74.122
4353,40.57939,-74.1328
4354,40.578365,-74.12213
4355,40.57737,-74.1256
4356,40.59012,-74.155075
4357,40.590214,-74.14725
4358,40.591805,-74.1555
4359,40.58374,-74.16005
4360,40.571815,-74.1351
4361,40.575275,-74.1265
4362,40.573334,-74.11852
4363,40.591827,-74.15502
4364,40.580463,-74.15692
4365,40.588257,-74.15528
4366,40.59045,-74.15212
4367,40.589077,-74.15054
4368,40.577206,-74.119446
4369,40.583008,-74.15805
4370,40.58174,-74.156456
4371,40.59034,-74.15809
4372,40.57588,-74.12658
4373,40.591137,-74.15013
4374,40.59137,-74.15513
4375,40.581413,-74.15606
4376,40.571316,-74.11951
4377,40.577667,-74.11836
4378,40.571922,-74.13421
4379,40.584465,-74.15846
4380,40.571224,-74.13412
4381,40.572407,-74.12216
4382,40.58071,-74.16022
4383,40.586025,-74.14812
4384,40.590584,-74.14814
4385,40.578655,-74.122505
4386,40.590576,-74.14815
4387,40.589504,-74.15722
4388,40.57655,-74.12516
4389,40.574562,-74.12605
4390,40.588814,-74.149864
4391,40.58607,-74.16053
4392,40.578007,-74.1605
4393,40.579613,-74.156204
4394,40.578014,-74.16052
4395,40.572918,-74.12899
4396,40.57946,-74.11876
4397,40.580822,-74.12723
4398,40.593185,-74.151794
4399,40.5807,-74.16021
4400,40.59181,-74.14965
4401,40.590275,-74.15238
4402,40.581245,-74.15833
4403,40.59003,-74.15328
4404,40.57342,-74.13754
4405,40.584007,-74.14923
4406,40.593067,-74.15968
4407,40.582035,-74.13249
4408,40.571983,-74.11513
4409,40.594673,-74.160194
4410,40.572018,-74.12613
4411,40.583538,-74.15967
4412,40.588436,-74.15364
4413,40.595657,-74.15925
4414,40.57621,-74.1158
4415,40.572044,-74.12519
4416,40.592422,-74.15177
4417,40.59092,-74.16101
4418,40.577984,-74.12664
4419,40.585514,-74.15045
4420,40.57258,-74.129364
4421,40.579006,-74.15848
4422,40.58642,-74.14702
4423,40.5807,-74.16021
4424,40.59307,-74.159676
4425,40.572536,-74.13636
4426,40.58046,-74.156906
4427,40.579006,-74.15848
4428,40.57161,-74.13332
4429,40.59307,-74.159676
4430,40.59058,-74.148155
4431,40.57754,-74.126045
4432,40.591892,-74.15142
4433,40.571518,-74.12583
4434,40.59307,-74.15967
4435,40.590584,-74.14814
4436,40.581192,-74.157555
4437,40.59112,-74.15944
4438,40.578297,-74.15779
4439,40.577503,-74.1259
4440,40.58094,-74.134125
4441,40.591892,-74.15588
4442,40.57133,-74.141884
4443,40.590576,-74.14813
4444,40.59181,-74.14965
4445,40.586864,-74.147514
4446,40.58795,-74.15065
4447,40.581196,-74.157555
4448,40.594677,-74.16021
4449,40.591457,-74.160034
4450,40.581413,-74.15606
4451,40.590576,-74.14815
4452,40.585857,-74.16032
4453,40.572098,-74.11758
4454,40.589176,-74.14248
4455,40.59058,-74.148155
4456,40.58676,-74.16102
4457,40.57125,-74.118095
4458,40.583008,-74.158066
4459,40.574165,-74.12402
4460,40.578,-74.16049
4461,40.585255,-74.16018
4462,40.589508,-74.15778
4463,40.590282,-74.15031
4464,40.587215,-74.160286
4465,40.571693,-74.12694
4466,40.577637,-74.11796
4467,40.57776,-74.11723
4468,40.571964,-74.125046
4469,40.59181,-74.14965
4470,40.579556,-74.11966
4471,40.586597,-74.15235
4472,40.58071,-74.16022
4473,40.571716,-74.12813
4474,40.584312,-74.15829
4475,40.571384,-74.132835
4476,40.591805,-74.14966
4477,40.588734,-74.14495
4478,40.589294,-74.15513
4479,40.572796,-74.13597
4480,40.591137,-74.15013
4481,40.57589,-74.12659
4482,40.594673,-74.160194
4483,40.571472,-74.11933
4484,40.573605,-74.14421
4485,40.57233,-74.13672
4486,40.57273,-74.13645
4487,40.576385,-74.12203
4488,40.57147,-74.11787
4489,40.59306,-74.15966
4490,40.59327,-74.1579
4491,40.588676,-74.14947
4492,40.588326,-74.14952
4493,40.578606,-74.12257
4494,40.58046,-74.156906
4495,40.58831,-74.1495
4496,40.588314,-74.149506
4497,40.577316,-74.16111
4498,40.578297,-74.15779
4499,40.591133,-74.15013
4500,40.58953,-74.15498
4501,40.583008,-74.15805
4502,40.592014,-74.15168
4503,40.58647,-74.14653
4504,40.58099,-74.15282
4505,40.57927,-74.135666
4506,40.577507,-74.125916
4507,40.57187,-74.12763
4508,40.59046,-74.1474
4509,40.59181,-74.14965
4510,40.57899,-74.13596
4511,40.578907,-74.12769
4512,40.575428,-74.14298
4513,40.591225,-74.15548
4514,40.57961,-74.13456
4515,40.589268,-74.146484
4516,40.583,-74.15804
4517,40.57885,-74.12225
4518,40.573303,-74.135704
4519,40.572678,-74.12176
4520,40.58724,-74.14958
4521,40.577133,-74.15986
4522,40.575813,-74.13618
4523,40.594673,-74.160194
4524,40.581196,-74.15756
4525,40.57223,-74.127785
4526,40.595974,-74.15797
4527,40.591133,-74.15014
4528,40.57367,-74.12042
4529,40.576584,-74.119736
4530,40.57708,-74.116
4531,40.588543,-74.14963
4532,40.58854,-74.149605
4533,40.594673,-74.160194
4534,40.572655,-74.12637
4535,40.583008,-74.15804
4536,40.59374,-74.15797
4537,40.58898,-74.15307
4538,40.588543,-74.14963
4539,40.57787,-74.12097
4540,40.57351,-74.12007
4541,40.588535,-74.149605
4542,40.593357,-74.1521
4543,40.590595,-74.15274
4544,40.57618,-74.121506
4545,40.588676,-74.14947
4546,40.576324,-74.12134
4547,40.59181,-74.14965
4548,40.58717,-74.15136
4549,40.571415,-74.11937
4550,40.58934,-74.151375
4551,40.57207,-74.12307
4552,40.69211,-73.92157
4553,40.68023,-73.906906
4554,40.696465,-73.90432
4555,40.67696,-73.88071
4556,40.68052,-73.888405
4557,40.674007,-73.90734
4558,40.692955,-73.9202
4559,40.696686,-73.89151
4560,40.68023,-73.906906
4561,40.68438,-73.92541
4562,40.678463,-73.909256
4563,40.688103,-73.910194
4564,40.687466,-73.91098
4565,40.678448,-73.894325
4566,40.697098,-73.89569
4567,40.68671,-73.923225
4568,40.684177,-73.91709
4569,40.691566,-73.90867
4570,40.69232,-73.903244
4571,40.687622,-73.91413
4572,40.687656,-73.909454
4573,40.68863,-73.91907
4574,40.68461,-73.88335
4575,40.68072,-73.89233
4576,40.718033,-73.8983
4577,40.702065,-73.90826
4578,40.72061,-73.9061
4579,40.705486,-73.917725
4580,40.718338,-73.893486
4581,40.717487,-73.88533
4582,40.716095,-73.87981
4583,40.716713,-73.88323
4584,40.698032,-73.88911
4585,40.702717,-73.92038
4586,40.718582,-73.891685
4587,40.707203,-73.899864
4588,40.7131,-73.88339
4589,40.701157,-73.916115
4590,40.718582,-73.891685
4591,40.711456,-73.90312
4592,40.706017,-73.891655
4593,40.712437,-73.90359
4594,40.70797,-73.89714
4595,40.702847,-73.91107
4596,40.71445,-73.880714
4597,40.70681,-73.918236
4598,40.71689,-73.90757
4599,40.717968,-73.89841
4600,40.70107,-73.923004
4601,40.704796,-73.919556
4602,40.701424,-73.88713
4603,40.714325,-73.896706
4604,40.69723,-73.90275
4605,40.715237,-73.882126
4606,40.704494,-73.88965
4607,40.707443,-73.90549
4608,40.69892,-73.89284
4609,40.705086,-73.88797
4610,40.717228,-73.88321
4611,40.721176,-73.8923
4612,40.703903,-73.892105
4613,40.70277,-73.91094
4614,40.7131,-73.88339
4615,40.715237,-73.882126
4616,40.702732,-73.91307
4617,40.703632,-73.9154
4618,40.721073,-73.88846
4619,40.704327,-73.91047
4620,40.71392,-73.910065
4621,40.70868,-73.899925
4622,40.71681,-73.88351
4623,40.704796,-73.919556
4624,40.721123,-73.88845
4625,40.71787,-73.8986
4626,40.718525,-73.893745
4627,40.70155,-73.91765
4628,40.719807,-73.90484
4629,40.719616,-73.88702
4630,40.698437,-73.902084
4631,40.710217,-73.90698
4632,40.702374,-73.911896
4633,40.713017,-73.9147
4634,40.713127,-73.90612
4635,40.71584,-73.89765
4636,40.715366,-73.90159
4637,40.705364,-73.88619
4638,40.710217,-73.90698
4639,40.700226,-73.881256
4640,40.720463,-73.88659
4641,40.71733,-73.88321
4642,40.700527,-73.92377
4643,40.713593,-73.89569
4644,40.700016,-73.889496
4645,40.72222,-73.902145
4646,40.70488,-73.89613
4647,40.698586,-73.91466
4648,40.70552,-73.89532
4649,40.71021,-73.9052
4650,40.722218,-73.8836
4651,40.706425,-73.89282
4652,40.704796,-73.919556
4653,40.721615,-73.891945
4654,40.718292,-73.89177
4655,40.709667,-73.898895
4656,40.71172,-73.91946
4657,40.72242,-73.8808
4658,40.72196,-73.881195
4659,40.705124,-73.88798
4660,40.71533,-73.88576
4661,40.72242,-73.8808
4662,40.71573,-73.882385
4663,40.714737,-73.902855
4664,40.72006,-73.8933
4665,40.720345,-73.891495
4666,40.719044,-73.88878
4667,40.72022,-73.89979
4668,40.705376,-73.88714
4669,40.704998,-73.88415
4670,40.722343,-73.8815
4671,40.713108,-73.90585
4672,40.71612,-73.786514
4673,40.712025,-73.80803
4674,40.710743,-73.79781
4675,40.710743,-73.79781
4676,40.712666,-73.78706
4677,40.710403,-73.79886
4678,40.711437,-73.78604
4679,40.711437,-73.78604
4680,40.710022,-73.79894
4681,40.71384,-73.78857
4682,40.712666,-73.78706
4683,40.712666,-73.78706
4684,40.717274,-73.79311
4685,40.71257,-73.79469
4686,40.710403,-73.79886
4687,40.71138,-73.789154
4688,40.712666,-73.78706
4689,40.711437,-73.78604
4690,40.71135,-73.78929
4691,40.713303,-73.7889
4692,40.71138,-73.789154
4693,40.71055,-73.79784
4694,40.712666,-73.78706
4695,40.715267,-73.792915
4696,40.712406,-73.79243
4697,40.711273,-73.78777
4698,40.713303,-73.7889
4699,40.715267,-73.792915
4700,40.720276,-73.808426
4701,40.71145,-73.80811
4702,40.71055,-73.79784
4703,40.710423,-73.785904
4704,40.703987,-73.920845
4705,40.702717,-73.92038
4706,40.701714,-73.8937
4707,40.716183,-73.89977
4708,40.71614,-73.89986
4709,40.72018,-73.88855
4710,40.705963,-73.900955
4711,40.700443,-73.89692
4712,40.708366,-73.912865
4713,40.699406,-73.90479
4714,40.704247,-73.8827
4715,40.701145,-73.92327
4716,40.707554,-73.91134
4717,40.718433,-73.89393
4718,40.718166,-73.88833
4719,40.70523,-73.88708
4720,40.698208,-73.89545
4721,40.71812,-73.882484
4722,40.712337,-73.88325
4723,40.703827,-73.91936
4724,40.71807,-73.88467
4725,40.708633,-73.906654
4726,40.705536,-73.88626
4727,40.69823,-73.90225
4728,40.69884,-73.92273
4729,40.701767,-73.91622
4730,40.717896,-73.90076
4731,40.70014,-73.88466
4732,40.710056,-73.9167
4733,40.698795,-73.92017
4734,40.705185,-73.886894
4735,40.701885,-73.90844
4736,40.703163,-73.879616
4737,40.714375,-73.88065
4738,40.700848,-73.894005
4739,40.701714,-73.8937
4740,40.70206,-73.90826
4741,40.681686,-73.85234
4742,40.684944,-73.85505
4743,40.67721,-73.84742
4744,40.68458,-73.86375
4745,40.688026,-73.85643
4746,40.688976,-73.85663
4747,40.680428,-73.84285
4748,40.68416,-73.86052
4749,40.67454,-73.854034
4750,40.689507,-73.860405
4751,40.68735,-73.874535
4752,40.691017,-73.85961
4753,40.69558,-73.836555
4754,40.68556,-73.8544
4755,40.686707,-73.86056
4756,40.69162,-73.85159
4757,40.69397,-73.86509
4758,40.696526,-73.848495
4759,40.671974,-73.84691
4760,40.682125,-73.86819
4761,40.673874,-73.85027
4762,40.695713,-73.848145
4763,40.691586,-73.86544
4764,40.6903,-73.859764
4765,40.69289,-73.85748
4766,40.67791,-73.87726
4767,40.685608,-73.86408
4768,40.692806,-73.840965
4769,40.688904,-73.857475
4770,40.67479,-73.842804
4771,40.688198,-73.846855
4772,40.673622,-73.84296
4773,40.677322,-73.86541
4774,40.695225,-73.84188
4775,40.69346,-73.78607
4776,40.686813,-73.79864
4777,40.695732,-73.78893
4778,40.68786,-73.791595
4779,40.688095,-73.78667
4780,40.686882,-73.79484
4781,40.69049,-73.80344
4782,40.690895,-73.80827
4783,40.688164,-73.797424
4784,40.685608,-73.78629
4785,40.68539,-73.79206
4786,40.685062,-73.79734
4787,40.68634,-73.79234
4788,40.69498,-73.78674
4789,40.69401,-73.78701
4790,40.69419,-73.8044
4791,40.68754,-73.80235
4792,40.687794,-73.80468
4793,40.695507,-73.78754
4794,40.687004,-73.79633
4795,40.69179,-73.78869
4796,40.685036,-73.795364
4797,40.685505,-73.792534
4798,40.685143,-73.795815
4799,40.69237,-73.789795
4800,40.685467,-73.797775
4801,40.69469,-73.80586
4802,40.696022,-73.78827
4803,40.72094,-73.89937
4804,40.70423,-73.90785
4805,40.712585,-73.880775
4806,40.71494,-73.88366
4807,40.722412,-73.90963
4808,40.705963,-73.893555
4809,40.70155,-73.91765
4810,40.721302,-73.88835
4811,40.715847,-73.883255
4812,40.707195,-73.917114
4813,40.703194,-73.91067
4814,40.698624,-73.90576
4815,40.71618,-73.88324
4816,40.698624,-73.90576
4817,40.698624,-73.90576
4818,40.715157,-73.901306
4819,40.71592,-73.89849
4820,40.697826,-73.90186
4821,40.698624,-73.90576
4822,40.698624,-73.90576
4823,40.719387,-73.88791
4824,40.703537,-73.909134
4825,40.705853,-73.90191
4826,40.71899,-73.90525
4827,40.722153,-73.88904
4828,40.714405,-73.88531
4829,40.720886,-73.89979
4830,40.700626,-73.89331
4831,40.70248,-73.92529
4832,40.715878,-73.87995
4833,40.70151,-73.896255
4834,40.70259,-73.89182
4835,40.682365,-73.817245
4836,40.679153,-73.81467
4837,40.678295,-73.81508
4838,40.676807,-73.809425
4839,40.675964,-73.825005
4840,40.67707,-73.80956
4841,40.679665,-73.81728
4842,40.68244,-73.81629
4843,40.679676,-73.832115
4844,40.67782,-73.82377
4845,40.677883,-73.82671
4846,40.681156,-73.82692
4847,40.683052,-73.8104
4848,40.676445,-73.821976
4849,40.679447,-73.8128
4850,40.68359,-73.819824
4851,40.678066,-73.81713
4852,40.680824,-73.83139
4853,40.679825,-73.82103
4854,40.68002,-73.812775
4855,40.67263,-73.82509
4856,40.680935,-73.8111
4857,40.67728,-73.811676
4858,40.673435,-73.8258
4859,40.6778,-73.82383
4860,40.679745,-73.82764
4861,40.677975,-73.817085
4862,40.674187,-73.8191
4863,40.680122,-73.809975
4864,40.679543,-73.825615
4865,40.6804,-73.79972
4866,40.67272,-73.797104
4867,40.67676,-73.79906
4868,40.68356,-73.79807
4869,40.67902,-73.80186
4870,40.679546,-73.804924
4871,40.683605,-73.798065
4872,40.67416,-73.791534
4873,40.682045,-73.79329
4874,40.67276,-73.79756
4875,40.68238,-73.80708
4876,40.67367,-73.80567
4877,40.679264,-73.80292
4878,40.684586,-73.79654
4879,40.68362,-73.79223
4880,40.683346,-73.79494
4881,40.684437,-73.78949
4882,40.679165,-73.79449
4883,40.68344,-73.791855
4884,40.676674,-73.78759
4885,40.67554,-73.79847
4886,40.673977,-73.79107
4887,40.579605,-74.1562
4888,40.594387,-74.15547
4889,40.593338,-74.15207
4890,40.588318,-74.14876
4891,40.578,-74.16049
4892,40.582947,-74.15652
4893,40.571426,-74.11434
4894,40.578175,-74.12655
4895,40.590454,-74.1535
4896,40.580616,-74.15398
4897,40.58013,-74.15415
4898,40.57437,-74.12449
4899,40.577686,-74.11475
4900,40.59454,-74.15661
4901,40.572937,-74.12456
4902,40.583008,-74.158066
4903,40.595383,-74.15554
4904,40.588272,-74.15336
4905,40.572796,-74.13597
4906,40.588814,-74.14987
4907,40.58463,-74.158775
4908,40.594673,-74.160194
4909,40.57278,-74.1334
4910,40.58046,-74.156906
4911,40.58046,-74.156906
4912,40.577255,-74.12596
4913,40.59468,-74.160194
4914,40.583008,-74.15805
4915,40.583073,-74.15827
4916,40.580128,-74.15416
4917,40.577007,-74.123405
4918,40.583447,-74.12639
4919,40.576584,-74.12533
4920,40.571396,-74.13203
4921,40.583,-74.15804
4922,40.58956,-74.15197
4923,40.587345,-74.149925
4924,40.583,-74.15804
4925,40.581093,-74.16113
4926,40.581196,-74.15756
4927,40.7156,-73.877556
4928,40.71866,-73.87323
4929,40.720776,-73.86918
4930,40.718334,-73.87611
4931,40.722332,-73.879295
4932,40.71714,-73.8604
4933,40.718987,-73.876625
4934,40.721806,-73.86674
4935,40.71848,-73.87839
4936,40.713398,-73.85836
4937,40.720295,-73.857124
4938,40.719666,-73.87233
4939,40.721104,-73.85932
4940,40.718815,-73.871254
4941,40.71347,-73.85837
4942,40.71796,-73.85683
4943,40.72218,-73.8561
4944,40.713825,-73.87452
4945,40.71495,-73.85668
4946,40.710808,-73.86354
4947,40.72218,-73.8561
4948,40.721405,-73.85614
4949,40.721405,-73.85614
4950,40.72224,-73.85627
4951,40.72037,-73.872604
4952,40.72109,-73.867455
4953,40.718723,-73.85994
4954,40.72134,-73.86683
4955,40.714157,-73.8719
4956,40.716488,-73.85723
4957,40.71904,-73.85619
4958,40.719887,-73.86847
4959,40.70725,-73.82917
4960,40.708374,-73.82841
4961,40.709534,-73.81766
4962,40.705254,-73.83245
4963,40.70841,-73.827644
4964,40.702927,-73.822624
4965,40.709606,-73.81653
4966,40.70566,-73.82151
4967,40.70981,-73.82895
4968,40.69922,-73.82289
4969,40.70729,-73.82991
4970,40.704456,-73.8289
4971,40.70936,-73.8285
4972,40.709244,-73.81041
4973,40.703037,-73.83067
4974,40.708443,-73.814575
4975,40.709515,-73.82769
4976,40.705177,-73.83225
4977,40.70936,-73.8285
4978,40.70242,-73.81736
4979,40.708942,-73.8159
4980,40.69818,-73.818825
4981,40.716698,-73.835594
4982,40.718704,-73.84548
4983,40.717377,-73.840744
4984,40.721115,-73.85131
4985,40.718918,-73.83648
4986,40.7117,-73.85124
4987,40.719513,-73.83883
4988,40.712963,-73.84334
4989,40.71236,-73.84872
4990,40.71283,-73.834656
4991,40.717766,-73.83857
4992,40.717957,-73.85317
4993,40.72159,-73.846115
4994,40.712585,-73.8342
4995,40.720486,-73.83684
4996,40.72161,-73.84088
4997,40.706703,-73.86276
4998,40.70422,-73.86669
4999,40.7067,-73.86297
5000,40.708447,-73.86983
5001,40.70538,-73.87087
5002,40.703827,-73.872116
5003,40.702232,-73.85622
5004,40.702232,-73.85638
5005,40.7052,-73.85701
5006,40.706005,-73.86879
5007,40.7052,-73.85701
5008,40.70371,-73.869255
5009,40.703377,-73.86355
5010,40.70956,-73.87333
5011,40.705765,-73.860275
5012,40.704346,-73.87298
5013,40.70414,-73.87516
5014,40.706715,-73.87237
5015,40.702087,-73.8791
5016,40.702087,-73.87912
5017,40.706593,-73.869774
5018,40.709297,-73.87766
5019,40.707127,-73.8716
5020,40.70614,-73.8642
5021,40.70545,-73.856384
5022,40.703903,-73.8731
5023,40.708714,-73.86226
5024,40.709206,-73.8649
5025,40.708637,-73.861336
5026,40.705936,-73.86044
5027,40.708557,-73.861275
5028,40.709164,-73.86301
5029,40.715878,-73.87995
5030,40.718018,-73.88241
5031,40.71725,-73.90105
5032,40.700718,-73.92006
5033,40.701385,-73.90123
5034,40.70119,-73.91724
5035,40.705578,-73.89419
5036,40.71383,-73.897064
5037,40.703648,-73.9106
5038,40.721844,-73.900375
5039,40.705723,-73.88445
5040,40.701775,-73.89576
5041,40.705795,-73.88607
5042,40.720825,-73.90026
5043,40.701714,-73.8937
5044,40.709763,-73.91868
5045,40.702045,-73.87958
5046,40.70205,-73.879524
5047,40.703632,-73.9154
5048,40.720825,-73.90026
5049,40.71483,-73.91042
5050,40.705994,-73.884865
5051,40.71533,-73.88137
5052,40.701183,-73.89668
5053,40.72043,-73.90732
5054,40.71647,-73.88809
5055,40.71723,-73.89987
5056,40.719116,-73.89088
5057,40.717735,-73.90378
5058,40.70842,-73.91587
5059,40.69883,-73.90313
5060,40.717896,-73.90076
5061,40.588394,-73.957535
5062,40.599625,-73.93544
5063,40.597725,-73.93509
5064,40.672565,-73.96419
5065,40.684326,-73.964676
5066,40.69217,-73.964195
5067,40.69257,-73.965195
5068,40.685925,-73.934814
5069,40.685696,-73.97007
5070,40.68529,-73.96961
5071,40.682484,-73.93944
5072,40.681263,-73.95377
5073,40.675278,-73.97141
5074,40.67886,-73.96382
5075,40.674362,-73.94029
5076,40.68128,-73.932884
5077,40.68731,-73.96711
5078,40.680458,-73.94309
5079,40.68904,-73.95697
5080,40.675278,-73.97141
5081,40.687244,-73.968185
5082,40.68524,-73.95458
5083,40.651062,-73.83918
5084,40.66677,-73.847626
5085,40.667088,-73.847115
5086,40.667088,-73.847115
5087,40.665195,-73.848564
5088,40.65381,-73.84724
5089,40.67112,-73.83924
5090,40.659985,-73.84206
5091,40.65865,-73.841736
5092,40.66463,-73.84991
5093,40.665974,-73.84491
5094,40.659256,-73.84826
5095,40.670013,-73.87625
5096,40.664898,-73.84944
5097,40.667625,-73.84778
5098,40.658504,-73.84455
5099,40.65594,-73.83328
5100,40.653915,-73.8366
5101,40.66677,-73.847626
5102,40.66677,-73.847626
5103,40.668827,-73.84737
5104,40.65063,-73.83388
5105,40.65529,-73.85159
5106,40.664623,-73.842026
5107,40.657665,-73.87704
5108,40.666096,-73.847145
5109,40.66614,-73.84641
5110,40.66384,-73.849075
5111,40.668713,-73.83907
5112,40.653267,-73.84229
5113,40.669636,-73.840096
5114,40.65877,-73.84267
5115,40.655052,-73.844505
5116,40.651535,-73.84025
5117,40.649975,-73.84149
5118,40.705193,-73.83359
5119,40.705383,-73.83465
5120,40.70852,-73.836716
5121,40.698326,-73.848236
5122,40.708233,-73.85159
5123,40.705402,-73.8346
5124,40.70855,-73.836716
5125,40.70852,-73.836716
5126,40.705265,-73.83288
5127,40.704582,-73.83265
5128,40.69995,-73.85233
5129,40.703594,-73.83603
5130,40.704926,-73.83384
5131,40.70408,-73.83587
5132,40.69986,-73.85151
5133,40.699738,-73.85164
5134,40.70645,-73.83286
5135,40.709415,-73.85123
5136,40.709488,-73.8514
5137,40.69986,-73.85151
5138,40.703056,-73.83645
5139,40.701393,-73.834366
5140,40.70014,-73.85361
5141,40.706936,-73.83573
5142,40.705383,-73.83465
5143,40.704582,-73.83265
5144,40.66956,-73.84632
5145,40.65389,-73.833725
5146,40.665268,-73.849174
5147,40.667362,-73.84579
5148,40.665455,-73.847984
5149,40.65767,-73.87704
5150,40.657665,-73.87704
5151,40.669086,-73.83965
5152,40.66645,-73.85528
5153,40.663857,-73.85427
5154,40.664722,-73.84875
5155,40.665577,-73.855515
5156,40.660656,-73.83732
5157,40.665268,-73.849174
5158,40.66551,-73.85605
5159,40.659454,-73.84479
5160,40.668407,-73.84949
5161,40.669876,-73.84768
5162,40.65043,-73.835724
5163,40.66651,-73.84296
5164,40.661922,-73.83277
5165,40.656322,-73.84402
5166,40.668407,-73.84949
5167,40.66632,-73.85033
5168,40.667515,-73.84736
5169,40.668556,-73.84713
5170,40.667995,-73.84934
5171,40.66958,-73.84128
5172,40.666096,-73.847145
5173,40.657665,-73.87704
5174,40.666573,-73.846245
5175,40.654144,-73.84443
5176,40.666412,-73.84813
5177,40.655224,-73.84689
5178,40.659286,-73.8457
5179,40.65657,-73.84218
5180,40.66032,-73.85184
5181,40.655518,-73.847664
5182,40.649586,-73.84235
5183,40.66976,-73.84039
5184,40.66942,-73.84022
5185,40.662495,-73.851524
5186,40.66353,-73.85426
5187,40.656845,-73.85293
5188,40.651424,-73.84059
5189,40.666573,-73.846245
5190,40.661785,-73.84823
5191,40.66127,-73.8481
5192,40.665646,-73.84625
5193,40.652832,-73.84699
5194,40.667797,-73.84558
5195,40.66687,-73.85007
5196,40.662918,-73.84543
5197,40.657944,-73.842514
5198,40.656578,-73.84122
5199,40.661774,-73.854965
5200,40.660583,-73.8373
5201,40.660957,-73.84706
5202,40.654808,-73.841736
5203,40.66869,-73.84856
5204,40.663944,-73.84282
5205,40.649616,-73.846146
5206,40.654064,-73.83568
5207,40.66203,-73.852135
5208,40.66563,-73.84713
5209,40.667027,-73.849
5210,40.66843,-73.84883
5211,40.65531,-73.84186
5212,40.669876,-73.84768
5213,40.65172,-73.84287
5214,40.656242,-73.8362
5215,40.667995,-73.84934
5216,40.66632,-73.85033
5217,40.659096,-73.84756
5218,40.664696,-73.873314
5219,40.654873,-73.84175
5220,40.667625,-73.84778
5221,40.66231,-73.868
5222,40.656967,-73.84228
5223,40.661865,-73.85293
5224,40.649086,-73.838974
5225,40.668407,-73.84949
5226,40.656376,-73.85253
5227,40.66659,-73.85555
5228,40.66687,-73.85007
5229,40.667625,-73.84778
5230,40.662388,-73.85103
5231,40.667027,-73.849
5232,40.658504,-73.84455
5233,40.659153,-73.84567
5234,40.666306,-73.849014
5235,40.66852,-73.87399
5236,40.65006,-73.844765
5237,40.661125,-73.8368
5238,40.65763,-73.87827
5239,40.653374,-73.84042
5240,40.663345,-73.83797
5241,40.663906,-73.83335
5242,40.669724,-73.847626
5243,40.655716,-73.85159
5244,40.666306,-73.849014
5245,40.65742,-73.851944
5246,40.667515,-73.84736
5247,40.666733,-73.849205
5248,40.671017,-73.86672
5249,40.668995,-73.83692
5250,40.664898,-73.84944
5251,40.666428,-73.84582
5252,40.666306,-73.849014
5253,40.669724,-73.847626
5254,40.666733,-73.849205
5255,40.667515,-73.85023
5256,40.6643,-73.84838
5257,40.661114,-73.8452
5258,40.650375,-73.84638
5259,40.671158,-73.84705
5260,40.664986,-73.847466
5261,40.666096,-73.847145
5262,40.666306,-73.849014
5263,40.666428,-73.84582
5264,40.67117,-73.838875
5265,40.667995,-73.84934
5266,40.66645,-73.85627
5267,40.65845,-73.85333
5268,40.65029,-73.841446
5269,40.670376,-73.83744
5270,40.663662,-73.85193
5271,40.659817,-73.85138
5272,40.667362,-73.84579
5273,40.664143,-73.84752
5274,40.64915,-73.84509
5275,40.66687,-73.85007
5276,40.668842,-73.84905
5277,40.65668,-73.8346
5278,40.66831,-73.846924
5279,40.648655,-73.84468
5280,40.669422,-73.84081
5281,40.65871,-73.84135
5282,40.658504,-73.84455
5283,40.658504,-73.84455
5284,40.653755,-73.83274
5285,40.6679,-73.84665
5286,40.66831,-73.846924
5287,40.66683,-73.84851
5288,40.649498,-73.84479
5289,40.657814,-73.85419
5290,40.666096,-73.847145
5291,40.65132,-73.840866
5292,40.65832,-73.853294
5293,40.65378,-73.84499
5294,40.66632,-73.85033
5295,40.667027,-73.84533
5296,40.6679,-73.84664
5297,40.66869,-73.84856
5298,40.652084,-73.83614
5299,40.65618,-73.843025
5300,40.66171,-73.855354
5301,40.658382,-73.84536
5302,40.663754,-73.84832
5303,40.654415,-73.84458
5304,40.667904,-73.848885
5305,40.663776,-73.850334
5306,40.655804,-73.85203
5307,40.664513,-73.84948
5308,40.66814,-73.84625
5309,40.661682,-73.84126
5310,40.654266,-73.83573
5311,40.64922,-73.84609
5312,40.656216,-73.84303
5313,40.668358,-73.8463
5314,40.663338,-73.85428
5315,40.66831,-73.846924
5316,40.65585,-73.85193
5317,40.66683,-73.84851
5318,40.65243,-73.839745
5319,40.66422,-73.8482
5320,40.666428,-73.84582
5321,40.666172,-73.84996
5322,40.668747,-73.83906
5323,40.665684,-73.84487
5324,40.66685,-73.842804
5325,40.65845,-73.83277
5326,40.65055,-73.83962
5327,40.670437,-73.878685
5328,40.667995,-73.84934
5329,40.665424,-73.84646
5330,40.657665,-73.87704
5331,40.664303,-73.851036
5332,40.665443,-73.86923
5333,40.66596,-73.843796
5334,40.65632,-73.845924
5335,40.64931,-73.844185
5336,40.66096,-73.878746
5337,40.66677,-73.847626
5338,40.652336,-73.84017
5339,40.664127,-73.85212
5340,40.66596,-73.843796
5341,40.66786,-73.842964
5342,40.66777,-73.84798
5343,40.67009,-73.8403
5344,40.667515,-73.84736
5345,40.665195,-73.848564
5346,40.663826,-73.850266
5347,40.65683,-73.85095
5348,40.66677,-73.847626
5349,40.658745,-73.8408
5350,40.666573,-73.846245
5351,40.668026,-73.84226
5352,40.665047,-73.8725
5353,40.666477,-73.84921
5354,40.671356,-73.83925
5355,40.664436,-73.84815
5356,40.664288,-73.84719
5357,40.667797,-73.84558
5358,40.657795,-73.85386
5359,40.65879,-73.83781
5360,40.667995,-73.84934
5361,40.656376,-73.8334
5362,40.66388,-73.85102
5363,40.668934,-73.845985
5364,40.661964,-73.836006
5365,40.664616,-73.85141
5366,40.664745,-73.84726
5367,40.66153,-73.841484
5368,40.654858,-73.84336
5369,40.66569,-73.87728
5370,40.664368,-73.83962
5371,40.667625,-73.84778
5372,40.657665,-73.87704
5373,40.667625,-73.84778
5374,40.670216,-73.84232
5375,40.665436,-73.855446
5376,40.667625,-73.84778
5377,40.66786,-73.85071
5378,40.667362,-73.84579
5379,40.657665,-73.87704
5380,40.668083,-73.84966
5381,40.668587,-73.839874
5382,40.66831,-73.846924
5383,40.658924,-73.83784
5384,40.668842,-73.84905
5385,40.651386,-73.84088
5386,40.665028,-73.851204
5387,40.66632,-73.85033
5388,40.658504,-73.84455
5389,40.6682,-73.875916
5390,40.66302,-73.85069
5391,40.667103,-73.8794
5392,40.667797,-73.84558
5393,40.663692,-73.85437
5394,40.669743,-73.84154
5395,40.668842,-73.84905
5396,40.6664,-73.85036
5397,40.66683,-73.84851
5398,40.667953,-73.84468
5399,40.657665,-73.87704
5400,40.660545,-73.85561
5401,40.66264,-73.84462
5402,40.669495,-73.83688
5403,40.655914,-73.84776
5404,40.67136,-73.867386
5405,40.65767,-73.87704
5406,40.6602,-73.84402
5407,40.668358,-73.8463
5408,40.661137,-73.83486
5409,40.66019,-73.85078
5410,40.66416,-73.8519
5411,40.67119,-73.83874
5412,40.656544,-73.84407
5413,40.664547,-73.84922
5414,40.65767,-73.87704
5415,40.669765,-73.86924
5416,40.667515,-73.84736
5417,40.669548,-73.83686
5418,40.662575,-73.844604
5419,40.658253,-73.846275
5420,40.662235,-73.833885
5421,40.66351,-73.849106
5422,40.668407,-73.84949
5423,40.651505,-73.839294
5424,40.67173,-73.862114
5425,40.67182,-73.84102
5426,40.653393,-73.84396
5427,40.652912,-73.84701
5428,40.66098,-73.84737
5429,40.65484,-73.833824
5430,40.652184,-73.83617
5431,40.664825,-73.85172
5432,40.66677,-73.847626
5433,40.668137,-73.84432
5434,40.65033,-73.84738
5435,40.657665,-73.87704
5436,40.65374,-73.82887
5437,40.6706,-73.82281
5438,40.668343,-73.81603
5439,40.669865,-73.812386
5440,40.65374,-73.82887
5441,40.6687,-73.80599
5442,40.67187,-73.815605
5443,40.651825,-73.83052
5444,40.67171,-73.82247
5445,40.669575,-73.80356
5446,40.671455,-73.81959
5447,40.669643,-73.80266
5448,40.66954,-73.79144
5449,40.65552,-73.83227
5450,40.670975,-73.82464
5451,40.667633,-73.790924
5452,40.6718,-73.79038
5453,40.669163,-73.79887
5454,40.67074,-73.82035
5455,40.67196,-73.78957
5456,40.671345,-73.8147
5457,40.651127,-73.83183
5458,40.66854,-73.80603
5459,40.66749,-73.791824
5460,40.67049,-73.8219
5461,40.669163,-73.79887
5462,40.67196,-73.78957
5463,40.66822,-73.789825
5464,40.652477,-73.8287
5465,40.66968,-73.80356
5466,40.652668,-73.82825
5467,40.67052,-73.81026
5468,40.65184,-73.83042
5469,40.670998,-73.80638
5470,40.650597,-73.8317
5471,40.6544,-73.83146
5472,40.666008,-73.81358
5473,40.668278,-73.793434
5474,40.670937,-73.80807
5475,40.67072,-73.80636
5476,40.66984,-73.81818
5477,40.666996,-73.79786
5478,40.65143,-73.829895
5479,40.66924,-73.81865
5480,40.67152,-73.81568
5481,40.666687,-73.82013
5482,40.65163,-73.82857
5483,40.652737,-73.82885
5484,40.65266,-73.828285
5485,40.668373,-73.82448
5486,40.668324,-73.793076
5487,40.669464,-73.79233
5488,40.66748,-73.805275
5489,40.669704,-73.7993
5490,40.66748,-73.805275
5491,40.67127,-73.80267
5492,40.670353,-73.79859
5493,40.657658,-73.829414
5494,40.6701,-73.82395
5495,40.67001,-73.79279
5496,40.668095,-73.7944
5497,40.652283,-73.82851
5498,40.669285,-73.81065
5499,40.671482,-73.79784
5500,40.66924,-73.80678
5501,40.6584,-73.830475
5502,40.652573,-73.82995
5503,40.67112,-73.8207
5504,40.671482,-73.79784
5505,40.671654,-73.814705
5506,40.670204,-73.78999
5507,40.670322,-73.819954
5508,40.668247,-73.794945
5509,40.665073,-73.855606
5510,40.661144,-73.84521
5511,40.660065,-73.85178
5512,40.66126,-73.84428
5513,40.667362,-73.84579
5514,40.65092,-73.84458
5515,40.66869,-73.84856
5516,40.667797,-73.84558
5517,40.656227,-73.83467
5518,40.65767,-73.87704
5519,40.671658,-73.840034
5520,40.65371,-73.83339
5521,40.66632,-73.85033
5522,40.669876,-73.84768
5523,40.66777,-73.84798
5524,40.670326,-73.84233
5525,40.649498,-73.84479
5526,40.666374,-73.84771
5527,40.666096,-73.847145
5528,40.665405,-73.84461
5529,40.65941,-73.8786
5530,40.651768,-73.840034
5531,40.66486,-73.84613
5532,40.65229,-73.841934
5533,40.666573,-73.846245
5534,40.655983,-73.84708
5535,40.65484,-73.84174
5536,40.664993,-73.873535
5537,40.657623,-73.833694
5538,40.666733,-73.849205
5539,40.6679,-73.84664
5540,40.656128,-73.83586
5541,40.664127,-73.85212
5542,40.664726,-73.84873
5543,40.66181,-73.85218
5544,40.669876,-73.84768
5545,40.66831,-73.846924
5546,40.65681,-73.84061
5547,40.652897,-73.84506
5548,40.66477,-73.84817
5549,40.661167,-73.848076
5550,40.652714,-73.84502
5551,40.652794,-73.84664
5552,40.67192,-73.8401
5553,40.65127,-73.834625
5554,40.66814,-73.84625
5555,40.66843,-73.84883
5556,40.64935,-73.84323
5557,40.67107,-73.86826
5558,40.65291,-73.844124
5559,40.66869,-73.84856
5560,40.656868,-73.85198
5561,40.655575,-73.840866
5562,40.65907,-73.83311
5563,40.6515,-73.832985
5564,40.669724,-73.847626
5565,40.657665,-73.87704
5566,40.6664,-73.85036
5567,40.669243,-73.87702
5568,40.655693,-73.83512
5569,40.667892,-73.847664
5570,40.66827,-73.84213
5571,40.665478,-73.84658
5572,40.667515,-73.84736
5573,40.66649,-73.85553
5574,40.666466,-73.849304
5575,40.665195,-73.84595
5576,40.65357,-73.84647
5577,40.66632,-73.85033
5578,40.66632,-73.85033
5579,40.667892,-73.847664
5580,40.657665,-73.87704
5581,40.666096,-73.847145
5582,40.668083,-73.84966
5583,40.661804,-73.848236
5584,40.88969,-73.86193
5585,40.900146,-73.84335
5586,40.902615,-73.86732
5587,40.892094,-73.85608
5588,40.89872,-73.873695
5589,40.899403,-73.86224
5590,40.889088,-73.85483
5591,40.880524,-73.85007
5592,40.88747,-73.8637
5593,40.89045,-73.84026
5594,40.890427,-73.82993
5595,40.89937,-73.84739
5596,40.885494,-73.8629
5597,40.88068,-73.850746
5598,40.890385,-73.85634
5599,40.889946,-73.83898
5600,40.899403,-73.86224
5601,40.88818,-73.849396
5602,40.889088,-73.85483
5603,40.89937,-73.84739
5604,40.888847,-73.833496
5605,40.87975,-73.8527
5606,40.893383,-73.83844
5607,40.895725,-73.85739
5608,40.89354,-73.8555
5609,40.891598,-73.845345
5610,40.88773,-73.849014
5611,40.88056,-73.87649
5612,40.877514,-73.85318
5613,40.876736,-73.84251
5614,40.89431,-73.84165
5615,40.897854,-73.862885
5616,40.87618,-73.86032
5617,40.89825,-73.86298
5618,40.88775,-73.84907
5619,40.899372,-73.87077
5620,40.880898,-73.876274
5621,40.89009,-73.83718
5622,40.5576,-73.92109
5623,40.558678,-73.916245
5624,40.567425,-73.891335
5625,40.563065,-73.912346
5626,40.567654,-73.89072
5627,40.559704,-73.91278
5628,40.557434,-73.9124
5629,40.567154,-73.889336
5630,40.67168,-73.797585
5631,40.653896,-73.8325
5632,40.671734,-73.789925
5633,40.67156,-73.82156
5634,40.66802,-73.78956
5635,40.66495,-73.81553
5636,40.670635,-73.80266
5637,40.669052,-73.812614
5638,40.67056,-73.79877
5639,40.66993,-73.79105
5640,40.668003,-73.79971
5641,40.66993,-73.81911
5642,40.667492,-73.8186
5643,40.669228,-73.80667
5644,40.65603,-73.82967
5645,40.65501,-73.82978
5646,40.667637,-73.825676
5647,40.670605,-73.81698
5648,40.65276,-73.83249
5649,40.653046,-73.82917
5650,40.66929,-73.815445
5651,40.66928,-73.79237
5652,40.671665,-73.816475
5653,40.671013,-73.807526
5654,40.659233,-73.83124
5655,40.669407,-73.803566
5656,40.655823,-73.83229
5657,40.6528,-73.83079
5658,40.650166,-73.8316
5659,40.651424,-73.829926
5660,40.667995,-73.844475
5661,40.667767,-73.84798
5662,40.65767,-73.87704
5663,40.67019,-73.86945
5664,40.657665,-73.87704
5665,40.661827,-73.84824
5666,40.65164,-73.83573
5667,40.65763,-73.87827
5668,40.65846,-73.85167
5669,40.652695,-73.83534
5670,40.65767,-73.87704
5671,40.661793,-73.844025
5672,40.667027,-73.84533
5673,40.654747,-73.844574
5674,40.666496,-73.84373
5675,40.66658,-73.85617
5676,40.667515,-73.85023
5677,40.657032,-73.84271
5678,40.649624,-73.84611
5679,40.66382,-73.85345
5680,40.649147,-73.843185
5681,40.662903,-73.852715
5682,40.665455,-73.847984
5683,40.66713,-73.87255
5684,40.650963,-73.835846
5685,40.66293,-73.854416
5686,40.665195,-73.848564
5687,40.66683,-73.84851
5688,40.65798,-73.84816
5689,40.660976,-73.84516
5690,40.668083,-73.84966
5691,40.665714,-73.85577
5692,40.667362,-73.84579
5693,40.665195,-73.848564
5694,40.66834,-73.84845
5695,40.667027,-73.84533
5696,40.668713,-73.83907
5697,40.57714,-73.84766
5698,40.589832,-73.81521
5699,40.578148,-73.850945
5700,40.597065,-73.79679
5701,40.588184,-73.80533
5702,40.580776,-73.83468
5703,40.575653,-73.842766
5704,40.577,-73.840294
5705,40.576225,-73.84064
5706,40.596844,-73.798996
5707,40.576023,-73.840515
5708,40.577,-73.840294
5709,40.58764,-73.81558
5710,40.60887,-73.817245
5711,40.60586,-73.82021
5712,40.572838,-73.851814
5713,40.58368,-73.8244
5714,40.59059,-73.7901
5715,40.573734,-73.85725
5716,40.573734,-73.85725
5717,40.572838,-73.851814
5718,40.57745,-73.848305
5719,40.58465,-73.82418
5720,40.605648,-73.819725
5721,40.577904,-73.843765
5722,40.61159,-73.8187
5723,40.580482,-73.83175
5724,40.59388,-73.7986
5725,40.581104,-73.84923
5726,40.577133,-73.84866
5727,40.5864,-73.815575
5728,40.58897,-73.78966
5729,40.57714,-73.84766
5730,40.581104,-73.84923
5731,40.588398,-73.811646
5732,40.578297,-73.85555
5733,40.578423,-73.83689
5734,40.57726,-73.83756
5735,40.59388,-73.7986
5736,40.58286,-73.82159
5737,40.582634,-73.82075
5738,40.6026,-73.8222
5739,40.60581,-73.82042
5740,40.604717,-73.82222
5741,40.60331,-73.822266
5742,40.582634,-73.82075
5743,40.58458,-73.8136
5744,40.60231,-73.820786
5745,40.58897,-73.80653
5746,40.596928,-73.794304
5747,40.577,-73.840294
5748,40.57414,-73.85945
5749,40.58055,-73.83401
5750,40.59159,-73.80245
5751,40.588387,-73.79367
5752,40.57652,-73.84198
5753,40.606964,-73.81628
5754,40.577,-73.840294
5755,40.603813,-73.82184
5756,40.57652,-73.84198
5757,40.587097,-73.81486
5758,40.584366,-73.81359
5759,40.596874,-73.794876
5760,40.596832,-73.79918
5761,40.572914,-73.852844
5762,40.5832,-73.81769
5763,40.577286,-73.838165
5764,40.582634,-73.82075
5765,40.606403,-73.81853
5766,40.595165,-73.800606
5767,40.57563,-73.8609
5768,40.587654,-73.815994
5769,40.57601,-73.86013
5770,40.575653,-73.842766
5771,40.577137,-73.858536
5772,40.606834,-73.81971
5773,40.579865,-73.83814
5774,40.577286,-73.838165
5775,40.603775,-73.82138
5776,40.603016,-73.82077
5777,40.57768,-73.8487
5778,40.58897,-73.80653
5779,40.576836,-73.84414
5780,40.57519,-73.85573
5781,40.57907,-73.85502
5782,40.596836,-73.79912
5783,40.57719,-73.83845
5784,40.58029,-73.829384
5785,40.580883,-73.853035
5786,40.573803,-73.86103
5787,40.57182,-73.86216
5788,40.575222,-73.86106
5789,40.574192,-73.86302
5790,40.58088,-73.85303
5791,40.578423,-73.83689
5792,40.59747,-73.8004
5793,40.60403,-73.82242
5794,40.584366,-73.81359
5795,40.577442,-73.83705
5796,40.573463,-73.86203
5797,40.6125,-73.82036
5798,40.57743,-73.83713
5799,40.58944,-73.79086
5800,40.60485,-73.82
5801,40.5894,-73.807205
5802,40.5894,-73.807205
5803,40.61218,-73.81938
5804,40.580235,-73.85077
5805,40.608315,-73.81899
5806,40.576656,-73.840065
5807,40.58944,-73.79086
5808,40.595165,-73.80058
5809,40.589703,-73.80682
5810,40.60555,-73.819885
5811,40.57174,-73.86479
5812,40.593044,-73.79281
5813,40.58822,-73.80513
5814,40.591465,-73.79821
5815,40.589703,-73.80682
5816,40.605766,-73.81971
5817,40.60442,-73.81992
5818,40.589058,-73.79091
5819,40.57679,-73.83966
5820,40.59413,-73.79808
5821,40.578423,-73.83689
5822,40.58468,-73.82064
5823,40.576767,-73.839676
5824,40.576946,-73.84473
5825,40.57695,-73.84844
5826,40.577576,-73.83743
5827,40.589573,-73.7923
5828,40.578423,-73.83689
5829,40.606995,-73.81968
5830,40.607212,-73.820595
5831,40.57176,-73.86272
5832,40.57182,-73.86216
5833,40.592575,-73.7999
5834,40.611324,-73.8186
5835,40.582123,-73.82134
5836,40.571556,-73.860634
5837,40.578423,-73.83689
5838,40.575043,-73.86194
5839,40.571556,-73.860634
5840,40.574364,-73.85663
5841,40.58912,-73.81741
5842,40.591564,-73.79871
5843,40.608425,-73.81637
5844,40.589703,-73.80682
5845,40.576023,-73.840515
5846,40.589233,-73.8133
5847,40.60028,-73.81918
5848,40.582123,-73.821335
5849,40.589703,-73.80682
5850,40.57621,-73.840454
5851,40.588566,-73.81166
5852,40.57128,-73.85925
5853,40.578423,-73.83689
5854,40.576492,-73.84492
5855,40.571545,-73.85304
5856,40.583546,-73.817245
5857,40.585316,-73.81973
5858,40.59559,-73.79574
5859,40.58917,-73.81471
5860,40.577152,-73.85102
5861,40.574272,-73.8611
5862,40.596355,-73.80086
5863,40.573498,-73.86408
5864,40.597065,-73.79679
5865,40.58518,-73.81444
5866,40.58064,-73.84239
5867,40.609352,-73.81814
5868,40.588184,-73.80533
5869,40.578423,-73.83689
5870,40.588184,-73.80533
5871,40.591297,-73.80205
5872,40.583305,-73.81714
5873,40.60509,-73.82036
5874,40.57668,-73.85797
5875,40.596344,-73.80067
5876,40.60181,-73.821304
5877,40.605206,-73.82161
5878,40.577454,-73.840164
5879,40.58536,-73.8227
5880,40.604435,-73.81992
5881,40.574604,-73.854805
5882,40.612297,-73.81926
5883,40.57606,-73.86089
5884,40.60692,-73.820435
5885,40.605114,-73.82062
5886,40.578564,-73.84375
5887,40.576195,-73.84278
5888,40.58212,-73.82136
5889,40.578423,-73.83689
5890,40.60794,-73.818054
5891,40.57564,-73.843445
5892,40.585323,-73.81496
5893,40.57414,-73.85355
5894,40.577286,-73.838165
5895,40.591232,-73.801544
5896,40.577286,-73.838165
5897,40.575653,-73.842766
5898,40.577927,-73.83672
5899,40.580257,-73.846695
5900,40.583305,-73.81714
5901,40.589703,-73.80682
5902,40.571445,-73.86403
5903,40.576767,-73.839676
5904,40.589104,-73.791405
5905,40.57484,-73.86326
5906,40.588387,-73.79367
5907,40.574825,-73.86337
5908,40.5894,-73.807205
5909,40.597088,-73.794815
5910,40.590126,-73.813034
5911,40.576767,-73.839676
5912,40.58992,-73.79091
5913,40.60904,-73.81773
5914,40.59616,-73.799065
5915,40.576538,-73.849625
5916,40.5809,-73.83912
5917,40.57571,-73.85603
5918,40.5746,-73.8623
5919,40.578423,-73.83689
5920,40.57652,-73.84198
5921,40.577576,-73.83743
5922,40.577168,-73.85771
5923,40.576225,-73.84064
5924,40.576023,-73.840515
5925,40.591503,-73.80118
5926,40.57962,-73.841805
5927,40.611095,-73.81956
5928,40.611057,-73.819626
5929,40.598194,-73.79703
5930,40.589703,-73.80682
5931,40.584763,-73.82423
5932,40.58826,-73.79346
5933,40.89666,-73.84194
5934,40.89684,-73.84641
5935,40.87662,-73.843445
5936,40.88577,-73.85844
5937,40.897854,-73.862885
5938,40.88042,-73.83612
5939,40.90084,-73.86238
5940,40.901318,-73.867584
5941,40.902737,-73.85055
5942,40.898945,-73.86346
5943,40.899357,-73.87178
5944,40.89872,-73.873695
5945,40.90246,-73.85031
5946,40.90082,-73.84052
5947,40.88001,-73.8439
5948,40.8905,-73.8318
5949,40.880417,-73.865715
5950,40.882378,-73.860405
5951,40.894302,-73.85117
5952,40.888634,-73.83295
5953,40.890553,-73.86057
5954,40.882587,-73.86365
5955,40.90084,-73.86238
5956,40.87632,-73.858345
5957,40.880417,-73.865715
5958,40.8789,-73.85514
5959,40.886814,-73.863014
5960,40.89872,-73.873695
5961,40.89872,-73.873695
5962,40.883873,-73.864075
5963,40.883873,-73.864075
5964,40.875645,-73.84598
5965,40.88249,-73.84779
5966,40.882812,-73.847404
5967,40.896618,-73.85197
5968,40.90009,-73.84707
5969,40.88213,-73.85992
5970,40.88135,-73.877686
5971,40.89872,-73.873695
5972,40.89872,-73.873695
5973,40.87585,-73.87658
5974,40.875885,-73.87437
5975,40.87932,-73.86175
5976,40.88059,-73.852646
5977,40.887566,-73.85111
5978,40.882416,-73.839
5979,40.881115,-73.845314
5980,40.896366,-73.847694
5981,40.90198,-73.86696
5982,40.89712,-73.87337
5983,40.88626,-73.83506
5984,40.88293,-73.86644
5985,40.883087,-73.848015
5986,40.88845,-73.8487
5987,40.892254,-73.85654
5988,40.90084,-73.86238
5989,40.88851,-73.858284
5990,40.87746,-73.84426
5991,40.89438,-73.85216
5992,40.890633,-73.851746
5993,40.89638,-73.85301
5994,40.89969,-73.84659
5995,40.88046,-73.85215
5996,40.895226,-73.84419
5997,40.90084,-73.86238
5998,40.87676,-73.85552
5999,40.887943,-73.86408
6000,40.879436,-73.87753
6001,40.87932,-73.87766
6002,40.878197,-73.87057
6003,40.90084,-73.86238
6004,40.89749,-73.852036
6005,40.892254,-73.85654
6006,40.876106,-73.8422
6007,40.877254,-73.86336
6008,40.880898,-73.876274
6009,40.89872,-73.873695
6010,40.85282,-73.78929
6011,40.860413,-73.82635
6012,40.85708,-73.79012
6013,40.860104,-73.82581
6014,40.856075,-73.79082
6015,40.851723,-73.78813
6016,40.855183,-73.829994
6017,40.855183,-73.829994
6018,40.851368,-73.82953
6019,40.8527,-73.82916
6020,40.8579,-73.789696
6021,40.853863,-73.82944
6022,40.851078,-73.832306
6023,40.8523,-73.788536
6024,40.850952,-73.78663
6025,40.8527,-73.82916
6026,40.855183,-73.829994
6027,40.8527,-73.82916
6028,40.861282,-73.82583
6029,40.85495,-73.79081
6030,40.849586,-73.78566
6031,40.850693,-73.831436
6032,40.855183,-73.829994
6033,40.86055,-73.82506
6034,40.858063,-73.78974
6035,40.855183,-73.829994
6036,40.8575,-73.78987
6037,40.8509,-73.83142
6038,40.860962,-73.82428
6039,40.8527,-73.82916
6040,40.854675,-73.79062
6041,40.8527,-73.82916
6042,40.859177,-73.83235
6043,40.84899,-73.786446
6044,40.85052,-73.78574
6045,40.855183,-73.829994
6046,40.850315,-73.83091
6047,40.85374,-73.828835
6048,40.85181,-73.787186
6049,40.57652,-73.84198
6050,40.575653,-73.842766
6051,40.590706,-73.80999
6052,40.584282,-73.817535
6053,40.607746,-73.81752
6054,40.5948,-73.79409
6055,40.574493,-73.8632
6056,40.596664,-73.79621
6057,40.60525,-73.82214
6058,40.578693,-73.85578
6059,40.57399,-73.85543
6060,40.583305,-73.81714
6061,40.58049,-73.849884
6062,40.57679,-73.83966
6063,40.57483,-73.860435
6064,40.585266,-73.8228
6065,40.571842,-73.85879
6066,40.582294,-73.821175
6067,40.606396,-73.81889
6068,40.604553,-73.82051
6069,40.575653,-73.842766
6070,40.58822,-73.80513
6071,40.571842,-73.85879
6072,40.573196,-73.857925
6073,40.59709,-73.79474
6074,40.594097,-73.79893
6075,40.578423,-73.83689
6076,40.58897,-73.80653
6077,40.60314,-73.8222
6078,40.909897,-73.90412
6079,40.90821,-73.905495
6080,40.91171,-73.90227
6081,40.902325,-73.88853
6082,40.904762,-73.90519
6083,40.902325,-73.88853
6084,40.903053,-73.9074
6085,40.90821,-73.905495
6086,40.902725,-73.90675
6087,40.90821,-73.905495
6088,40.904762,-73.90519
6089,40.906563,-73.90659
6090,40.906563,-73.90659
6091,40.906563,-73.90659
6092,40.909164,-73.9056
6093,40.904762,-73.90519
6094,40.9052,-73.9061
6095,40.89993,-73.90902
6096,40.902325,-73.88853
6097,40.906563,-73.90659
6098,40.902058,-73.900055
6099,40.909164,-73.9056
6100,40.902058,-73.900055
6101,40.9079,-73.900764
6102,40.906826,-73.89967
6103,40.911327,-73.8993
6104,40.90821,-73.905495
6105,40.912746,-73.90212
6106,40.906563,-73.90659
6107,40.83611,-73.85893
6108,40.84057,-73.85886
6109,40.833107,-73.86591
6110,40.83861,-73.85652
6111,40.82344,-73.87072
6112,40.83611,-73.85893
6113,40.83861,-73.85652
6114,40.837673,-73.86199
6115,40.841007,-73.85467
6116,40.843903,-73.853516
6117,40.842293,-73.8342
6118,40.838852,-73.85737
6119,40.8408,-73.85497
6120,40.84659,-73.85326
6121,40.83861,-73.85652
6122,40.83984,-73.86165
6123,40.841496,-73.846886
6124,40.838257,-73.870384
6125,40.833363,-73.84756
6126,40.841904,-73.85608
6127,40.84845,-73.86018
6128,40.836708,-73.86502
6129,40.841095,-73.85922
6130,40.892826,-73.842415
6131,40.90084,-73.86238
6132,40.880096,-73.84409
6133,40.876076,-73.86888
6134,40.88979,-73.83017
6135,40.88614,-73.84968
6136,40.892704,-73.84104
6137,40.89618,-73.84326
6138,40.876823,-73.87409
6139,40.876713,-73.874054
6140,40.90084,-73.86238
6141,40.8752,-73.83685
6142,40.89872,-73.873695
6143,40.88885,-73.85516
6144,40.89501,-73.84991
6145,40.896553,-73.85384
6146,40.900635,-73.86662
6147,40.893757,-73.84656
6148,40.881996,-73.84101
6149,40.902702,-73.843544
6150,40.90084,-73.86238
6151,40.90084,-73.86238
6152,40.89872,-73.873695
6153,40.88645,-73.85026
6154,40.89872,-73.873695
6155,40.89788,-73.86647
6156,40.88833,-73.84828
6157,40.89767,-73.84474
6158,40.876614,-73.860374
6159,40.8939,-73.84853
6160,40.89872,-73.873695
6161,40.89222,-73.83799
6162,40.90073,-73.865715
6163,40.881256,-73.86626
6164,40.900555,-73.86354
6165,40.87701,-73.85305
6166,40.905346,-73.84617
6167,40.90084,-73.86238
6168,40.864353,-73.84881
6169,40.872517,-73.869446
6170,40.87181,-73.84738
6171,40.863552,-73.84601
6172,40.870823,-73.84378
6173,40.855663,-73.86318
6174,40.867435,-73.85598
6175,40.859417,-73.84434
6176,40.855663,-73.86318
6177,40.853184,-73.84883
6178,40.868504,-73.86465
6179,40.859234,-73.86907
6180,40.850266,-73.85545
6181,40.85533,-73.86638
6182,40.852264,-73.86511
6183,40.86947,-73.84536
6184,40.868908,-73.843895
6185,40.85151,-73.86237
6186,40.86397,-73.83767
6187,40.849743,-73.85571
6188,40.864193,-73.86791
6189,40.87059,-73.87045
6190,40.873207,-73.846725
6191,40.858433,-73.87054
6192,40.87059,-73.87045
6193,40.855804,-73.866
6194,40.855804,-73.866
6195,40.670853,-73.76159
6196,40.663635,-73.77217
6197,40.657795,-73.73965
6198,40.664818,-73.780426
6199,40.66564,-73.77709
6200,40.67066,-73.7356
6201,40.658665,-73.73929
6202,40.667477,-73.765045
6203,40.661507,-73.758934
6204,40.66118,-73.741264
6205,40.661343,-73.74954
6206,40.657574,-73.734764
6207,40.664913,-73.73261
6208,40.671413,-73.74655
6209,40.671684,-73.73684
6210,40.66645,-73.77771
6211,40.664463,-73.77577
6212,40.66451,-73.76789
6213,40.662045,-73.76431
6214,40.66473,-73.75009
6215,40.656555,-73.737686
6216,40.66777,-73.73296
6217,40.669334,-73.76933
6218,40.661533,-73.754906
6219,40.66426,-73.78084
6220,40.66117,-73.755455
6221,40.66165,-73.72876
6222,40.65614,-73.743645
6223,40.666767,-73.752975
6224,40.670746,-73.778824
6225,40.877804,-73.839615
6226,40.892254,-73.85654
6227,40.892094,-73.85608
6228,40.89028,-73.85949
6229,40.899715,-73.84509
6230,40.89567,-73.84217
6231,40.904266,-73.85287
6232,40.88115,-73.87568
6233,40.89913,-73.86256
6234,40.89913,-73.86256
6235,40.899372,-73.87077
6236,40.89913,-73.86256
6237,40.879578,-73.8536
6238,40.885185,-73.85414
6239,40.89913,-73.86256
6240,40.89872,-73.873695
6241,40.8767,-73.864204
6242,40.888348,-73.853645
6243,40.90154,-73.841606
6244,40.874317,-73.85139
6245,40.87887,-73.84185
6246,40.90049,-73.84582
6247,40.88056,-73.87649
6248,40.893406,-73.837845
6249,40.8871,-73.8612
6250,40.89265,-73.844215
6251,40.89872,-73.873695
6252,40.880844,-73.862785
6253,40.892834,-73.85632
6254,40.8879,-73.84954
6255,40.8882,-73.84501
6256,40.875507,-73.87395
6257,40.89913,-73.86256
6258,40.88499,-73.861275
6259,40.892017,-73.840164
6260,40.899403,-73.86224
6261,40.90201,-73.853195
6262,40.88103,-73.87584
6263,40.876713,-73.874054
6264,40.879185,-73.83679
6265,40.87878,-73.84599
6266,40.895123,-73.845024
6267,40.902996,-73.847336
6268,40.88042,-73.83612
6269,40.88123,-73.85474
6270,40.87574,-73.84432
6271,40.87483,-73.85063
6272,40.88042,-73.83612
6273,40.880898,-73.876274
6274,40.896526,-73.874535
6275,40.896545,-73.85852
6276,40.897854,-73.862885
6277,40.888927,-73.8554
6278,40.878826,-73.83401
6279,40.88056,-73.87649
6280,40.891888,-73.85632
6281,40.881653,-73.862724
6282,40.88705,-73.85625
6283,40.90178,-73.864975
6284,40.87416,-73.84622
6285,40.88239,-73.85464
6286,40.875957,-73.85298
6287,40.89193,-73.83977
6288,40.896297,-73.85502
6289,40.888836,-73.846725
6290,40.899094,-73.86776
6291,40.88161,-73.85483
6292,40.901,-73.84176
6293,40.87934,-73.87768
6294,40.90084,-73.86238
6295,40.87735,-73.85512
6296,40.87442,-73.84071
6297,40.90084,-73.86238
6298,40.90084,-73.86238
6299,40.89872,-73.873695
6300,40.902836,-73.85253
6301,40.879276,-73.861305
6302,40.671066,-73.88545
6303,40.64823,-73.94418
6304,40.63504,-73.95024
6305,40.648922,-73.94408
6306,40.661545,-73.95964
6307,40.670227,-73.92846
6308,40.64007,-73.96571
6309,40.64159,-73.902855
6310,40.6422,-73.88444
6311,40.629395,-73.97209
6312,40.64783,-73.926346
6313,40.64267,-73.939384
6314,40.644226,-73.905785
6315,40.634197,-73.951744
6316,40.657345,-73.928734
6317,40.659702,-73.924255
6318,40.646606,-73.94749
6319,40.632664,-73.90171
6320,40.64762,-73.88681
6321,40.665737,-73.952774
6322,40.627987,-73.91717
6323,40.634583,-73.96659
6324,40.63719,-73.9712
6325,40.64122,-73.96282
6326,40.649384,-73.93085
6327,40.623554,-73.96084
6328,40.64159,-73.902855
6329,40.666874,-73.960884
6330,40.669025,-73.885216
6331,40.650887,-73.95851
6332,40.59594,-73.77685
6333,40.603962,-73.760345
6334,40.61306,-73.76757
6335,40.59716,-73.77699
6336,40.599407,-73.74152
6337,40.594036,-73.7783
6338,40.59572,-73.750565
6339,40.597927,-73.75506
6340,40.59616,-73.738525
6341,40.598766,-73.74123
6342,40.598976,-73.74451
6343,40.61115,-73.76761
6344,40.609596,-73.7446
6345,40.61085,-73.765305
6346,40.609463,-73.7572
6347,40.609596,-73.7446
6348,40.607517,-73.74724
6349,40.597103,-73.776985
6350,40.599663,-73.741035
6351,40.593678,-73.75845
6352,40.600418,-73.741325
6353,40.609596,-73.7446
6354,40.60308,-73.74921
6355,40.599117,-73.77536
6356,40.608814,-73.765434
6357,40.594738,-73.771095
6358,40.60582,-73.758446
6359,40.59572,-73.750565
6360,40.592014,-73.774376
6361,40.600018,-73.765854
6362,40.594337,-73.77241
6363,40.595795,-73.74949
6364,40.652794,-73.8325
6365,40.670807,-73.80553
6366,40.65286,-73.83251
6367,40.670574,-73.82246
6368,40.66768,-73.79232
6369,40.66982,-73.80266
6370,40.66963,-73.80266
6371,40.668636,-73.80693
6372,40.667213,-73.82369
6373,40.65099,-73.82938
6374,40.671352,-73.81475
6375,40.66756,-73.82473
6376,40.668297,-73.790634
6377,40.671165,-73.81873
6378,40.65099,-73.82938
6379,40.670376,-73.80373
6380,40.669598,-73.80356
6381,40.66993,-73.8214
6382,40.65414,-73.830734
6383,40.671032,-73.79374
6384,40.668007,-73.790825
6385,40.66993,-73.8214
6386,40.667755,-73.82664
6387,40.65399,-73.82951
6388,40.66438,-73.81246
6389,40.668575,-73.80265
6390,40.669037,-73.823166
6391,40.669052,-73.79117
6392,40.671894,-73.824356
6393,40.65601,-73.829735
6394,40.669407,-73.7998
6395,40.65185,-73.82802
6396,40.6689,-73.79235
6397,40.671703,-73.81469
6398,40.70467,-73.743576
6399,40.68789,-73.75112
6400,40.68041,-73.75132
6401,40.695312,-73.77275
6402,40.707817,-73.744736
6403,40.683083,-73.764084
6404,40.698837,-73.73821
6405,40.848442,-73.90745
6406,40.82602,-73.92553
6407,40.827652,-73.89798
6408,40.831974,-73.92067
6409,40.836674,-73.92453
6410,40.832104,-73.915535
6411,40.8302,-73.88916
6412,40.831974,-73.92067
6413,40.8261,-73.922386
6414,40.83796,-73.92619
6415,40.82517,-73.92328
6416,40.824345,-73.89907
6417,40.83015,-73.920135
6418,40.825912,-73.92522
6419,40.82602,-73.92553
6420,40.83264,-73.887085
6421,40.831974,-73.92067
6422,40.82602,-73.92553
6423,40.834377,-73.91482
6424,40.835293,-73.909225
6425,40.835064,-73.91442
6426,40.83015,-73.920135
6427,40.825283,-73.92548
6428,40.847633,-73.88658
6429,40.831974,-73.92067
6430,40.834427,-73.91169
6431,40.825188,-73.894165
6432,40.84269,-73.92317
6433,40.83015,-73.920135
6434,40.834377,-73.91482
6435,40.82815,-73.90105
6436,40.846027,-73.92106
6437,40.832012,-73.919136
6438,40.835064,-73.91442
6439,40.83015,-73.920135
6440,40.846027,-73.92106
6441,40.83015,-73.920135
6442,40.831203,-73.89339
6443,40.837536,-73.909904
6444,40.847393,-73.89309
6445,40.82443,-73.88741
6446,40.82602,-73.92553
6447,40.848442,-73.90745
6448,40.847374,-73.914055
6449,40.848442,-73.90745
6450,40.835064,-73.91442
6451,40.825714,-73.89841
6452,40.846985,-73.89373
6453,40.846985,-73.89373
6454,40.847374,-73.914055
6455,40.840187,-73.92272
6456,40.83015,-73.920135
6457,40.832012,-73.919136
6458,40.83015,-73.920135
6459,40.83104,-73.88908
6460,40.83181,-73.91633
6461,40.832012,-73.919136
6462,40.831974,-73.92067
6463,40.829338,-73.91814
6464,40.83015,-73.920135
6465,40.828197,-73.912674
6466,40.847153,-73.89258
6467,40.823414,-73.91281
6468,40.82368,-73.91336
6469,40.82642,-73.90842
6470,40.8463,-73.90535
6471,40.831974,-73.92067
6472,40.839996,-73.883804
6473,40.82588,-73.925156
6474,40.83015,-73.920135
6475,40.82855,-73.90217
6476,40.848515,-73.88436
6477,40.8322,-73.893036
6478,40.838146,-73.92536
6479,40.848442,-73.90745
6480,40.82602,-73.92553
6481,40.82517,-73.92328
6482,40.83015,-73.920135
6483,40.83015,-73.920135
6484,40.82517,-73.92328
6485,40.83991,-73.92276
6486,40.84847,-73.8844
6487,40.827652,-73.89798
6488,40.835064,-73.91442
6489,40.839928,-73.905
6490,40.832012,-73.919136
6491,40.82602,-73.92553
6492,40.83015,-73.920135
6493,40.83015,-73.920135
6494,40.83015,-73.920135
6495,40.82791,-73.88159
6496,40.843918,-73.90883
6497,40.829636,-73.881615
6498,40.84607,-73.88075
6499,40.84824,-73.8846
6500,40.825283,-73.92548
6501,40.827908,-73.90181
6502,40.848328,-73.896645
6503,40.84744,-73.890076
6504,40.82517,-73.92328
6505,40.82517,-73.92328
6506,40.823753,-73.889244
6507,40.848194,-73.884636
6508,40.82898,-73.90199
6509,40.841965,-73.9108
6510,40.840237,-73.883835
6511,40.829113,-73.889275
6512,40.825283,-73.92548
6513,40.83292,-73.91568
6514,40.83015,-73.920135
6515,40.823753,-73.889244
6516,40.84821,-73.90403
6517,40.83015,-73.920135
6518,40.842525,-73.88909
6519,40.831974,-73.92067
6520,40.83015,-73.920135
6521,40.839775,-73.922775
6522,40.83015,-73.920135
6523,40.832012,-73.919136
6524,40.83015,-73.920135
6525,40.83015,-73.920135
6526,40.84702,-73.88485
6527,40.83015,-73.920135
6528,40.83015,-73.920135
6529,40.824818,-73.923
6530,40.825912,-73.92522
6531,40.83015,-73.920135
6532,40.82517,-73.92328
6533,40.825283,-73.92548
6534,40.829987,-73.90039
6535,40.834232,-73.91178
6536,40.825283,-73.92548
6537,40.82557,-73.92523
6538,40.831974,-73.92067
6539,40.841503,-73.920845
6540,40.84114,-73.92155
6541,40.83015,-73.920135
6542,40.82376,-73.88984
6543,40.835064,-73.91442
6544,40.83015,-73.920135
6545,40.83094,-73.887695
6546,40.82517,-73.92328
6547,40.833286,-73.89909
6548,40.826305,-73.916466
6549,40.838726,-73.90956
6550,40.83015,-73.920135
6551,40.827923,-73.89442
6552,40.83015,-73.920135
6553,40.84187,-73.910805
6554,40.86428,-73.90838
6555,40.869453,-73.90593
6556,40.86428,-73.90838
6557,40.872013,-73.88643
6558,40.87255,-73.9189
6559,40.864594,-73.90775
6560,40.87229,-73.88649
6561,40.869545,-73.89344
6562,40.86951,-73.89347
6563,40.869473,-73.89351
6564,40.871094,-73.91527
6565,40.87303,-73.88362
6566,40.851353,-73.899925
6567,40.86479,-73.90716
6568,40.868416,-73.889404
6569,40.867584,-73.89506
6570,40.871883,-73.91884
6571,40.865196,-73.907265
6572,40.86428,-73.90838
6573,40.851837,-73.90731
6574,40.87097,-73.9174
6575,40.864838,-73.886475
6576,40.868065,-73.885155
6577,40.867584,-73.89506
6578,40.870632,-73.91706
6579,40.853355,-73.911064
6580,40.869453,-73.90593
6581,40.863873,-73.908455
6582,40.856007,-73.89183
6583,40.8612,-73.89397
6584,40.86126,-73.89392
6585,40.86132,-73.89388
6586,40.871094,-73.91527
6587,40.871983,-73.91628
6588,40.869453,-73.90593
6589,40.849926,-73.89045
6590,40.864994,-73.905945
6591,40.850163,-73.89506
6592,40.860847,-73.89998
6593,40.868374,-73.92357
6594,40.852497,-73.918884
6595,40.84877,-73.8874
6596,40.873802,-73.885155
6597,40.861088,-73.90503
6598,40.870174,-73.916725
6599,40.871883,-73.91884
6600,40.871315,-73.91576
6601,40.87061,-73.91793
6602,40.864296,-73.8906
6603,40.869305,-73.88826
6604,40.8716,-73.88264
6605,40.867687,-73.92461
6606,40.869453,-73.90593
6607,40.871834,-73.91952
6608,40.86366,-73.9198
6609,40.869453,-73.90593
6610,40.868057,-73.92359
6611,40.86459,-73.90775
6612,40.871883,-73.91884
6613,40.869453,-73.90593
6614,40.86158,-73.90276
6615,40.863873,-73.908455
6616,40.864296,-73.8906
6617,40.869835,-73.915184
6618,40.8683,-73.922905
6619,40.870476,-73.88281
6620,40.869453,-73.90593
6621,40.868526,-73.923515
6622,40.866558,-73.89634
6623,40.850044,-73.890656
6624,40.867584,-73.89506
6625,40.87056,-73.91663
6626,40.869453,-73.90593
6627,40.868332,-73.883194
6628,40.871883,-73.91884
6629,40.865925,-73.89136
6630,40.871315,-73.91576
6631,40.854027,-73.89621
6632,40.850883,-73.91975
6633,40.871315,-73.91576
6634,40.871246,-73.91693
6635,40.869453,-73.90593
6636,40.8683,-73.926094
6637,40.871315,-73.91576
6638,40.860847,-73.89998
6639,40.866997,-73.92507
6640,40.871315,-73.91576
6641,40.871246,-73.91693
6642,40.87171,-73.90509
6643,40.866074,-73.88826
6644,40.869453,-73.90593
6645,40.870495,-73.8823
6646,40.870773,-73.90609
6647,40.851837,-73.89753
6648,40.860443,-73.907425
6649,40.853848,-73.896286
6650,40.869453,-73.90593
6651,40.870773,-73.90609
6652,40.86158,-73.90276
6653,40.86428,-73.90838
6654,40.860847,-73.89998
6655,40.872402,-73.885216
6656,40.849075,-73.886116
6657,40.86428,-73.90838
6658,40.8664,-73.88782
6659,40.860878,-73.900055
6660,40.864594,-73.90775
6661,40.872402,-73.885216
6662,40.867584,-73.89506
6663,40.864296,-73.8906
6664,40.870716,-73.91637
6665,40.86621,-73.89995
6666,40.869453,-73.90593
6667,40.86752,-73.88454
6668,40.85025,-73.886734
6669,40.871296,-73.9169
6670,40.869534,-73.90602
6671,40.8683,-73.922905
6672,40.8683,-73.926094
6673,40.860554,-73.903206
6674,40.869453,-73.90593
6675,40.8683,-73.926094
6676,40.857807,-73.887665
6677,40.87089,-73.91554
6678,40.85066,-73.895325
6679,40.870476,-73.88281
6680,40.868332,-73.883194
6681,40.872402,-73.885216
6682,40.870174,-73.916725
6683,40.851517,-73.91978
6684,40.870476,-73.88281
6685,40.87124,-73.9179
6686,40.868332,-73.883194
6687,40.851284,-73.919846
6688,40.869835,-73.915184
6689,40.86465,-73.90821
6690,40.868332,-73.883194
6691,40.86183,-73.9026
6692,40.872402,-73.885216
6693,40.857635,-73.88452
6694,40.870495,-73.8823
6695,40.86479,-73.90716
6696,40.870476,-73.88281
6697,40.871983,-73.91628
6698,40.86479,-73.90716
6699,40.86158,-73.90276
6700,40.8683,-73.922905
6701,40.87061,-73.91793
6702,40.87061,-73.91793
6703,40.869453,-73.90593
6704,40.870495,-73.8823
6705,40.86459,-73.90775
6706,40.8677,-73.884964
6707,40.863953,-73.90788
6708,40.869534,-73.90602
6709,40.85607,-73.909004
6710,40.87061,-73.91793
6711,40.871296,-73.9169
6712,40.851536,-73.88555
6713,40.871246,-73.91693
6714,40.8683,-73.922905
6715,40.856415,-73.89186
6716,40.8683,-73.922905
6717,40.86158,-73.90276
6718,40.871246,-73.91693
6719,40.872402,-73.885216
6720,40.87255,-73.9189
6721,40.8683,-73.922905
6722,40.867584,-73.89506
6723,40.871983,-73.91628
6724,40.872402,-73.885216
6725,40.870758,-73.91803
6726,40.867584,-73.89506
6727,40.851475,-73.89066
6728,40.851418,-73.8907
6729,40.868793,-73.883415
6730,40.865086,-73.904236
6731,40.86546,-73.89213
6732,40.860847,-73.89998
6733,40.869534,-73.90602
6734,40.867584,-73.89506
6735,40.852573,-73.90071
6736,40.87097,-73.9174
6737,40.867584,-73.89506
6738,40.863422,-73.89879
6739,40.867584,-73.89506
6740,40.86916,-73.888535
6741,40.867584,-73.89506
6742,40.863422,-73.89879
6743,40.85469,-73.89869
6744,40.866898,-73.88973
6745,40.869453,-73.90593
6746,40.860847,-73.89998
6747,40.852657,-73.91987
6748,40.84867,-73.89772
6749,40.868416,-73.889404
6750,40.86408,-73.89306
6751,40.870174,-73.916725
6752,40.870716,-73.91637
6753,40.871845,-73.88695
6754,40.860554,-73.90192
6755,40.86433,-73.90752
6756,40.870766,-73.91592
6757,40.870766,-73.91592
6758,40.87071,-73.91657
6759,40.870476,-73.88281
6760,40.872017,-73.898735
6761,40.87097,-73.9174
6762,40.85681,-73.90782
6763,40.86465,-73.90821
6764,40.869534,-73.90602
6765,40.86758,-73.885994
6766,40.867596,-73.90774
6767,40.86433,-73.90752
6768,40.868332,-73.883194
6769,40.869534,-73.90602
6770,40.867596,-73.90774
6771,40.853848,-73.89632
6772,40.864838,-73.886475
6773,40.870407,-73.916885
6774,40.869453,-73.90593
6775,40.86386,-73.92307
6776,40.869534,-73.90602
6777,40.869534,-73.90602
6778,40.85155,-73.89101
6779,40.869453,-73.90593
6780,40.8683,-73.926094
6781,40.864594,-73.90775
6782,40.863953,-73.90788
6783,40.869453,-73.90593
6784,40.863953,-73.90788
6785,40.869453,-73.90593
6786,40.871296,-73.9169
6787,40.86158,-73.90276
6788,40.850136,-73.89609
6789,40.87103,-73.91645
6790,40.824497,-73.94401
6791,40.834156,-73.946465
6792,40.836082,-73.945564
6793,40.82528,-73.94621
6794,40.827274,-73.94903
6795,40.8475,-73.94017
6796,40.836082,-73.945564
6797,40.8475,-73.94017
6798,40.83481,-73.948105
6799,40.83235,-73.94334
6800,40.827965,-73.941055
6801,40.82957,-73.94554
6802,40.835316,-73.9465
6803,40.824066,-73.94443
6804,40.83244,-73.94259
6805,40.82495,-73.95036
6806,40.84354,-73.935455
6807,40.82625,-73.94542
6808,40.82719,-73.95155
6809,40.835316,-73.9465
6810,40.824066,-73.94443
6811,40.83481,-73.948105
6812,40.836082,-73.945564
6813,40.835533,-73.94488
6814,40.83462,-73.94727
6815,40.82957,-73.94554
6816,40.83462,-73.94727
6817,40.833897,-73.93008
6818,40.837383,-73.94562
6819,40.836082,-73.945564
6820,40.83462,-73.94727
6821,40.836082,-73.945564
6822,40.83462,-73.94727
6823,40.847736,-73.94008
6824,40.830597,-73.92795
6825,40.830597,-73.92795
6826,40.84378,-73.94302
6827,40.833763,-73.94096
6828,40.833763,-73.94096
6829,40.83205,-73.949036
6830,40.83453,-73.94703
6831,40.847736,-73.94008
6832,40.833763,-73.94096
6833,40.82893,-73.94325
6834,40.824066,-73.94443
6835,40.828663,-73.9434
6836,40.84378,-73.94302
6837,40.823437,-73.94258
6838,40.830597,-73.92795
6839,40.83518,-73.94693
6840,40.84378,-73.94302
6841,40.835533,-73.94488
6842,40.824764,-73.94015
6843,40.82585,-73.94565
6844,40.83518,-73.94693
6845,40.82719,-73.95155
6846,40.823437,-73.94258
6847,40.833763,-73.94096
6848,40.83462,-73.94727
6849,40.82893,-73.94325
6850,40.824615,-73.941414
6851,40.83477,-73.94597
6852,40.827766,-73.939255
6853,40.84856,-73.930984
6854,40.82837,-73.95044
6855,40.836533,-73.93868
6856,40.82837,-73.95044
6857,40.84856,-73.930984
6858,40.82886,-73.94309
6859,40.83477,-73.94597
6860,40.83267,-73.94022
6861,40.836082,-73.945564
6862,40.829067,-73.9494
6863,40.825237,-73.94118
6864,40.823437,-73.94258
6865,40.833557,-73.94426
6866,40.836082,-73.945564
6867,40.82545,-73.94662
6868,40.847736,-73.94008
6869,40.82611,-73.95236
6870,40.82993,-73.9495
6871,40.847736,-73.94008
6872,40.84869,-73.89778
6873,40.86301,-73.89185
6874,40.87255,-73.9189
6875,40.867584,-73.89506
6876,40.870476,-73.88281
6877,40.870476,-73.88281
6878,40.87124,-73.9179
6879,40.868416,-73.889404
6880,40.868416,-73.889404
6881,40.867584,-73.89506
6882,40.870632,-73.91706
6883,40.87103,-73.91645
6884,40.849678,-73.92075
6885,40.870632,-73.91706
6886,40.87103,-73.91645
6887,40.8522,-73.88823
6888,40.868416,-73.889404
6889,40.866997,-73.92507
6890,40.867596,-73.90774
6891,40.8716,-73.88264
6892,40.871246,-73.91693
6893,40.87168,-73.91782
6894,40.871246,-73.91693
6895,40.860847,-73.89998
6896,40.871807,-73.903145
6897,40.855442,-73.88535
6898,40.86158,-73.90276
6899,40.870476,-73.88281
6900,40.872433,-73.91771
6901,40.871315,-73.91576
6902,40.872433,-73.91771
6903,40.860847,-73.89998
6904,40.871246,-73.91693
6905,40.8716,-73.88264
6906,40.8505,-73.88922
6907,40.87168,-73.91782
6908,40.87071,-73.91657
6909,40.86465,-73.90821
6910,40.871315,-73.91576
6911,40.829,-73.95
6912,40.824856,-73.95014
6913,40.83481,-73.948105
6914,40.837685,-73.94128
6915,40.827747,-73.9509
6916,40.84856,-73.930984
6917,40.828598,-73.950226
6918,40.83732,-73.94074
6919,40.834774,-73.9393
6920,40.834896,-73.94831
6921,40.824615,-73.941414
6922,40.824615,-73.941414
6923,40.83281,-73.940216
6924,40.83078,-73.94261
6925,40.828316,-73.938934
6926,40.828663,-73.9434
6927,40.83281,-73.940216
6928,40.833416,-73.942764
6929,40.835533,-73.94518
6930,40.835815,-73.9465
6931,40.82719,-73.95155
6932,40.825554,-73.95302
6933,40.825554,-73.95302
6934,40.83297,-73.94047
6935,40.832607,-73.92768
6936,40.82821,-73.94736
6937,40.83462,-73.94727
6938,40.829372,-73.94004
6939,40.847736,-73.94008
6940,40.82467,-73.9497
6941,40.826427,-73.94895
6942,40.847736,-73.94008
6943,40.834846,-73.942375
6944,40.841633,-73.93895
6945,40.83682,-73.9466
6946,40.83682,-73.9466
6947,40.834957,-73.94872
6948,40.83281,-73.940216
6949,40.836082,-73.945564
6950,40.824066,-73.94443
6951,40.841633,-73.93895
6952,40.817818,-73.91094
6953,40.816692,-73.911385
6954,40.822433,-73.91177
6955,40.810722,-73.92422
6956,40.82038,-73.91097
6957,40.820503,-73.91136
6958,40.82027,-73.894554
6959,40.820717,-73.903206
6960,40.822433,-73.91177
6961,40.813988,-73.90353
6962,40.82038,-73.910934
6963,40.82284,-73.90291
6964,40.817307,-73.8969
6965,40.821438,-73.90172
6966,40.82276,-73.90709
6967,40.81375,-73.89929
6968,40.82038,-73.910934
6969,40.82038,-73.910934
6970,40.82038,-73.910934
6971,40.81117,-73.92049
6972,40.818104,-73.908714
6973,40.82061,-73.90451
6974,40.818073,-73.88617
6975,40.822433,-73.91177
6976,40.821438,-73.90172
6977,40.81228,-73.88905
6978,40.815765,-73.90838
6979,40.818913,-73.91226
6980,40.814697,-73.89956
6981,40.819504,-73.903206
6982,40.82038,-73.91097
6983,40.820023,-73.91034
6984,40.820015,-73.917656
6985,40.822433,-73.91177
6986,40.82273,-73.90905
6987,40.817986,-73.89622
6988,40.824764,-73.94015
6989,40.82993,-73.9495
6990,40.8259,-73.95264
6991,40.824066,-73.94443
6992,40.827183,-73.94375
6993,40.82625,-73.94542
6994,40.828598,-73.950226
6995,40.82625,-73.94542
6996,40.832207,-73.92869
6997,40.830696,-73.94241
6998,40.832268,-73.92865
6999,40.82344,-73.94337
7000,40.823997,-73.93945
7001,40.855618,-73.938416
7002,40.85314,-73.93905
7003,40.85337,-73.93559
7004,40.8553,-73.93545
7005,40.85314,-73.93905
7006,40.85314,-73.93905
7007,40.857044,-73.93727
7008,40.8583,-73.93273
7009,40.85314,-73.93905
7010,40.8569,-73.936356
7011,40.854275,-73.935036
7012,40.855618,-73.938416
7013,40.85337,-73.93559
7014,40.855618,-73.938416
7015,40.855618,-73.938416
7016,40.855618,-73.938416
7017,40.863937,-73.928795
7018,40.85233,-73.93975
7019,40.854275,-73.935036
7020,40.85233,-73.93975
7021,40.857803,-73.93302
7022,40.863937,-73.928795
7023,40.855415,-73.93889
7024,40.85671,-73.93754
7025,40.853676,-73.93473
7026,40.85184,-73.94128
7027,40.851234,-73.94011
7028,40.85145,-73.9419
7029,40.851234,-73.94011
7030,40.82038,-73.910934
7031,40.811214,-73.92059
7032,40.81902,-73.91242
7033,40.818966,-73.89518
7034,40.8191,-73.887535
7035,40.81121,-73.886284
7036,40.815044,-73.9025
7037,40.814903,-73.9081
7038,40.82042,-73.90337
7039,40.817524,-73.91063
7040,40.817493,-73.910576
7041,40.814903,-73.907936
7042,40.81876,-73.9074
7043,40.82097,-73.90617
7044,40.821438,-73.90172
7045,40.814697,-73.89956
7046,40.811844,-73.92477
7047,40.82038,-73.91097
7048,40.81375,-73.89929
7049,40.81997,-73.89456
7050,40.82038,-73.910934
7051,40.820232,-73.91254
7052,40.81123,-73.906166
7053,40.82038,-73.910934
7054,40.82038,-73.910934
7055,40.82038,-73.910934
7056,40.801636,-73.916595
7057,40.82244,-73.890076
7058,40.820232,-73.91254
7059,40.820747,-73.91009
7060,40.820484,-73.91018
7061,40.811146,-73.92043
7062,40.82244,-73.890076
7063,40.82038,-73.91097
7064,40.822678,-73.89658
7065,40.82038,-73.910934
7066,40.82545,-73.94662
7067,40.847736,-73.94008
7068,40.83205,-73.949036
7069,40.833557,-73.94426
7070,40.83462,-73.94727
7071,40.83867,-73.93699
7072,40.82993,-73.9495
7073,40.835815,-73.9465
7074,40.82806,-73.93903
7075,40.823437,-73.94258
7076,40.828663,-73.9434
7077,40.83725,-73.94766
7078,40.824352,-73.94703
7079,40.823997,-73.93945
7080,40.82391,-73.93948
7081,40.83696,-73.947754
7082,40.835815,-73.9465
7083,40.824615,-73.941414
7084,40.83477,-73.94597
7085,40.8242,-73.9398
7086,40.83462,-73.94727
7087,40.83477,-73.94597
7088,40.823563,-73.95008
7089,40.83477,-73.94597
7090,40.83867,-73.93699
7091,40.83477,-73.94597
7092,40.827183,-73.94375
7093,40.82527,-73.94843
7094,40.824066,-73.94443
7095,40.842434,-73.93788
7096,40.833557,-73.94426
7097,40.824764,-73.94015
7098,40.83104,-73.94658
7099,40.833557,-73.94426
7100,40.833557,-73.94426
7101,40.825928,-73.94379
7102,40.835396,-73.94199
7103,40.82719,-73.95155
7104,40.827747,-73.9509
7105,40.77346,-73.95454
7106,40.77369,-73.95548
7107,40.793526,-73.97024
7108,40.78461,-73.97121
7109,40.775963,-73.95779
7110,40.775017,-73.95161
7111,40.789642,-73.967255
7112,40.793526,-73.97024
7113,40.775246,-73.95015
7114,40.777287,-73.947655
7115,40.783695,-73.97298
7116,40.783417,-73.95637
7117,40.773174,-73.89075
7118,40.777122,-73.91904
7119,40.775253,-73.90618
7120,40.77722,-73.92238
7121,40.773197,-73.89014
7122,40.777763,-73.90538
7123,40.779903,-73.90961
7124,40.781178,-73.90487
7125,40.77524,-73.90046
7126,40.77296,-73.88977
7127,40.780853,-73.910675
7128,40.773197,-73.89014
7129,40.781178,-73.90487
7130,40.781178,-73.90487
7131,40.775955,-73.90777
7132,40.7772,-73.90737
7133,40.774673,-73.89983
7134,40.7812,-73.908905
7135,40.779003,-73.91861
7136,40.778206,-73.91364
7137,40.77858,-73.91418
7138,40.775475,-73.90929
7139,40.78153,-73.913506
7140,40.695267,-73.996864
7141,40.687157,-73.995575
7142,40.695034,-73.99324
7143,40.69651,-73.99179
7144,40.68842,-73.981415
7145,40.690807,-73.99001
7146,40.68953,-73.986465
7147,40.689445,-73.99605
7148,40.69207,-73.98021
7149,40.692474,-73.98507
7150,40.68845,-73.9873
7151,40.68522,-73.9788
7152,40.69708,-73.98836
7153,40.687847,-73.99481
7154,40.67745,-73.997696
7155,40.68233,-73.997536
7156,40.682182,-74.00369
7157,40.677166,-73.99776
7158,40.682655,-74.00143
7159,40.68286,-74.001495
7160,40.68233,-73.997536
7161,40.682655,-74.00143
7162,40.674477,-73.9986
7163,40.684063,-74.003555
7164,40.677376,-73.99705
7165,40.68191,-73.99808
7166,40.68172,-74.0035
7167,40.675667,-73.99892
7168,40.679123,-74.00156
7169,40.683357,-74.00317
7170,40.68291,-74.00426
7171,40.682076,-73.99812
7172,40.680717,-74.0025
7173,40.680588,-74.00266
7174,40.684002,-74.00287
7175,40.67874,-74.01143
7176,40.67727,-74.00034
7177,40.680717,-74.0025
7178,40.675903,-73.99873
7179,40.678516,-74.011154
7180,40.675903,-73.99873
7181,40.680588,-74.00266
7182,40.675667,-73.99892
7183,40.677166,-73.99776
7184,40.683643,-74.00387
7185,40.681297,-73.99937
7186,40.677166,-73.99776
7187,40.676804,-73.99908
7188,40.68407,-73.99703
7189,40.68382,-73.999855
7190,40.68109,-74.01012
7191,40.674625,-73.999435
7192,40.677322,-74.00028
7193,40.710457,-73.991234
7194,40.715595,-73.9936
7195,40.715393,-73.986435
7196,40.71232,-73.99301
7197,40.715393,-73.986435
7198,40.714645,-73.98544
7199,40.71546,-73.996826
7200,40.710457,-73.991234
7201,40.712917,-73.97816
7202,40.715057,-73.98183
7203,40.72115,-73.99341
7204,40.72122,-73.97895
7205,40.71555,-73.988365
7206,40.720024,-73.99165
7207,40.713478,-73.979416
7208,40.714905,-73.987595
7209,40.71477,-73.98055
7210,40.714912,-73.98759
7211,40.710457,-73.991234
7212,40.722103,-73.99608
7213,40.720024,-73.99165
7214,40.722034,-73.98762
7215,40.720894,-73.978424
7216,40.71887,-73.99134
7217,40.710457,-73.991234
7218,40.716576,-74.01613
7219,40.71007,-74.017006
7220,40.709854,-74.01789
7221,40.717712,-74.002815
7222,40.717167,-74.00248
7223,40.718643,-73.997925
7224,40.71378,-74.00462
7225,40.71274,-73.99936
7226,40.718643,-73.997925
7227,40.710068,-74.01785
7228,40.71382,-74.00837
7229,40.71674,-74.009415
7230,40.717712,-74.002815
7231,40.71517,-74.01092
7232,40.71007,-74.017006
7233,40.713737,-74.00001
7234,40.718647,-74.002975
7235,40.709854,-74.01789
7236,40.716576,-74.01613
7237,40.716576,-74.01613
7238,40.719345,-74.00359
7239,40.71274,-73.99936
7240,40.716576,-74.01613
7241,40.709965,-74.004135
7242,40.711395,-74.005905
7243,40.713512,-73.999535
7244,40.71253,-73.99985
7245,40.713512,-73.999535
7246,40.719067,-74.008415
7247,40.719067,-74.008415
7248,40.711178,-74.008125
7249,40.721737,-73.9981
7250,40.71865,-74.002975
7251,40.709965,-74.004135
7252,40.715206,-74.00913
7253,40.70592,-74.010765
7254,40.709164,-74.01293
7255,40.708374,-74.01679
7256,40.70839,-74.01777
7257,40.706837,-74.00832
7258,40.708614,-74.00348
7259,40.70653,-74.01086
7260,40.705185,-74.00789
7261,40.705273,-74.01023
7262,40.706184,-74.01561
7263,40.709755,-74.0085
7264,40.706116,-74.011734
7265,40.708614,-74.00348
7266,40.706837,-74.00832
7267,40.709034,-74.004684
7268,40.70773,-74.009735
7269,40.70929,-74.01613
7270,40.70907,-74.00982
7271,40.706184,-74.01561
7272,40.70592,-74.010765
7273,40.707764,-74.01499
7274,40.70592,-74.010765
7275,40.708828,-74.01657
7276,40.708103,-74.016975
7277,40.709522,-74.00243
7278,40.705185,-74.00789
7279,40.70983,-74.00951
7280,40.812756,-73.82697
7281,40.81513,-73.80242
7282,40.816433,-73.810326
7283,40.81749,-73.82224
7284,40.80995,-73.80218
7285,40.814785,-73.80092
7286,40.814754,-73.82387
7287,40.816296,-73.79994
7288,40.822178,-73.80648
7289,40.81906,-73.80576
7290,40.812195,-73.80677
7291,40.81897,-73.80592
7292,40.815125,-73.801796
7293,40.81866,-73.81297
7294,40.81769,-73.8189
7295,40.81866,-73.81297
7296,40.819454,-73.8193
7297,40.818436,-73.82075
7298,40.81441,-73.81846
7299,40.820637,-73.81897
7300,40.820248,-73.821434
7301,40.819195,-73.8213
7302,40.81367,-73.82324
7303,40.81906,-73.80576
7304,40.815186,-73.81605
7305,40.814644,-73.81631
7306,40.80988,-73.80264
7307,40.798668,-73.81949
7308,40.81263,-73.80741
7309,40.81944,-73.81889
7310,40.803417,-73.967766
7311,40.82271,-73.94273
7312,40.815548,-73.9416
7313,40.799824,-73.966934
7314,40.81517,-73.93684
7315,40.801777,-73.965096
7316,40.819633,-73.95247
7317,40.80912,-73.95147
7318,40.812893,-73.9449
7319,40.822964,-73.926735
7320,40.8117,-73.96209
7321,40.81118,-73.9451
7322,40.81429,-73.96096
7323,40.80439,-73.967964
7324,40.79875,-73.93618
7325,40.80403,-73.937836
7326,40.8073,-73.96666
7327,40.803417,-73.967766
7328,40.804638,-73.95656
7329,40.81118,-73.9451
7330,40.802914,-73.96811
7331,40.81429,-73.96096
7332,40.804237,-73.96759
7333,40.817883,-73.938644
7334,40.80892,-73.95361
7335,40.80439,-73.967964
7336,40.8117,-73.96209
7337,40.805904,-73.853645
7338,40.812607,-73.85968
7339,40.81611,-73.84875
7340,40.82315,-73.8478
7341,40.815063,-73.85055
7342,40.805904,-73.853645
7343,40.820747,-73.847374
7344,40.82294,-73.86072
7345,40.814808,-73.86294
7346,40.815918,-73.85816
7347,40.815807,-73.85759
7348,40.805904,-73.853645
7349,40.821247,-73.87598
7350,40.805904,-73.853645
7351,40.821247,-73.87598
7352,40.820683,-73.8731
7353,40.818157,-73.852554
7354,40.805656,-73.85058
7355,40.820976,-73.845695
7356,40.806145,-73.852356
7357,40.821598,-73.87332
7358,40.82268,-73.84592
7359,40.82261,-73.86095
7360,40.821247,-73.87598
7361,40.80857,-73.85114
7362,40.816124,-73.863365
7363,40.813904,-73.85997
7364,40.821598,-73.87332
7365,40.821247,-73.87598
7366,40.822685,-73.8612
7367,40.821598,-73.87332
7368,40.821247,-73.87598
7369,40.752827,-73.89164
7370,40.767036,-73.958824
7371,40.76879,-73.93461
7372,40.76986,-73.95934
7373,40.76367,-73.96462
7374,40.77144,-73.95139
7375,40.76876,-73.95718
7376,40.76151,-73.9609
7377,40.74646,-73.90034
7378,40.77207,-73.957726
7379,40.76784,-73.95762
7380,40.74194,-73.905655
7381,40.77181,-73.96707
7382,40.754467,-73.966965
7383,40.770878,-73.96677
7384,40.759224,-73.95261
7385,40.766212,-73.959915
7386,40.75013,-73.97057
7387,40.76425,-73.960655
7388,40.76896,-73.95604
7389,40.733902,-73.95547
7390,40.75745,-73.9617
7391,40.76697,-73.95496
7392,40.760338,-73.96104
7393,40.758987,-73.96413
7394,40.77067,-73.952225
7395,40.76244,-73.96259
7396,40.754948,-73.827
7397,40.75483,-73.82338
7398,40.756126,-73.830246
7399,40.756622,-73.82554
7400,40.757874,-73.813576
7401,40.752018,-73.831116
7402,40.75637,-73.82315
7403,40.754356,-73.82163
7404,40.75483,-73.82674
7405,40.75291,-73.821045
7406,40.757114,-73.82857
7407,40.753242,-73.82538
7408,40.756668,-73.82947
7409,40.75295,-73.82199
7410,40.75613,-73.830246
7411,40.755295,-73.831985
7412,40.76,-73.82244
7413,40.75291,-73.821045
7414,40.769855,-73.81887
7415,40.761208,-73.82771
7416,40.762596,-73.828415
7417,40.761925,-73.82003
7418,40.76219,-73.82278
7419,40.765152,-73.822075
7420,40.76319,-73.81732
7421,40.76623,-73.82423
7422,40.762398,-73.82268
7423,40.76644,-73.824036
7424,40.76962,-73.83053
7425,40.764626,-73.81737
7426,40.76545,-73.81811
7427,40.763428,-73.81289
7428,40.77964,-73.84423
7429,40.789894,-73.84025
7430,40.789104,-73.841545
7431,40.790154,-73.84291
7432,40.77666,-73.846115
7433,40.775005,-73.845116
7434,40.786415,-73.84806
7435,40.78429,-73.84189
7436,40.79063,-73.845505
7437,40.784077,-73.84936
7438,40.793922,-73.84645
7439,40.789635,-73.844955
7440,40.791786,-73.84281
7441,40.786415,-73.84806
7442,40.79247,-73.83933
7443,40.785885,-73.832886
7444,40.7864,-73.84633
7445,40.77622,-73.84658
7446,40.788773,-73.85439
7447,40.77976,-73.84346
7448,40.783432,-73.84252
7449,40.790813,-73.851036
7450,40.78424,-73.84306
7451,40.781834,-73.8446
7452,40.79178,-73.84281
7453,40.794334,-73.846405
7454,40.792694,-73.84626
7455,40.794144,-73.84663
7456,40.793465,-73.846664
7457,40.788765,-73.84587
7458,40.794155,-73.845856
7459,40.767338,-73.865875
7460,40.755188,-73.83363
7461,40.763714,-73.87067
7462,40.75562,-73.87765
7463,40.754807,-73.877495
7464,40.75366,-73.856735
7465,40.754807,-73.877495
7466,40.75837,-73.87791
7467,40.75266,-73.876366
7468,40.748055,-73.86172
7469,40.75266,-73.876366
7470,40.752293,-73.877655
7471,40.752247,-73.87846
7472,40.751595,-73.87896
7473,40.75719,-73.86936
7474,40.75201,-73.86055
7475,40.75614,-73.83274
7476,40.75614,-73.83274
7477,40.75614,-73.83274
7478,40.75753,-73.87938
7479,40.757793,-73.87696
7480,40.760277,-73.833916
7481,40.75753,-73.87938
7482,40.751736,-73.83489
7483,40.756332,-73.87618
7484,40.752537,-73.87758
7485,40.758503,-73.877846
7486,40.757202,-73.87808
7487,40.753716,-73.87934
7488,40.757084,-73.835594
7489,40.755035,-73.87771
7490,40.752678,-73.878685
7491,40.756138,-73.837685
7492,40.757107,-73.85603
7493,40.75837,-73.87924
7494,40.755783,-73.876076
7495,40.756332,-73.87618
7496,40.763958,-73.832596
7497,40.757965,-73.86447
7498,40.763958,-73.832596
7499,40.75275,-73.87678
7500,40.76255,-73.87878
7501,40.760277,-73.833916
7502,40.755337,-73.875046
7503,40.75492,-73.87656
7504,40.757347,-73.855606
7505,40.75796,-73.87756
7506,40.758442,-73.87715
7507,40.75654,-73.83745
7508,40.755054,-73.833595
7509,40.757336,-73.83421
7510,40.75257,-73.87849
7511,40.755234,-73.875984
7512,40.755882,-73.875145
7513,40.7617,-73.87031
7514,40.756382,-73.879135
7515,40.755714,-73.876724
7516,40.75275,-73.87678
7517,40.757347,-73.855606
7518,40.757114,-73.87646
7519,40.750626,-73.87158
7520,40.755234,-73.875984
7521,40.75226,-73.87766
7522,40.760277,-73.833916
7523,40.751736,-73.83489
7524,40.763447,-73.87233
7525,40.760277,-73.833916
7526,40.748,-73.86902
7527,40.760277,-73.833916
7528,40.754543,-73.87881
7529,40.75861,-73.874405
7530,40.752033,-73.85923
7531,40.755226,-73.833626
7532,40.74773,-73.8755
7533,40.749645,-73.86654
7534,40.757084,-73.835594
7535,40.752537,-73.878815
7536,40.757793,-73.87696
7537,40.755272,-73.87569
7538,40.763374,-73.86959
7539,40.766544,-73.83285
7540,40.76108,-73.83315
7541,40.76108,-73.83315
7542,40.756138,-73.837685
7543,40.75634,-73.87792
7544,40.751736,-73.83489
7545,40.752026,-73.879166
7546,40.76382,-73.86906
7547,40.757008,-73.87738
7548,40.754517,-73.87459
7549,40.760586,-73.86712
7550,40.752106,-73.86592
7551,40.754402,-73.877106
7552,40.765892,-73.866554
7553,40.757294,-73.87687
7554,40.755234,-73.875984
7555,40.76459,-73.83336
7556,40.755714,-73.876724
7557,40.75196,-73.863754
7558,40.75442,-73.87427
7559,40.75654,-73.83745
7560,40.758396,-73.87762
7561,40.755905,-73.836685
7562,40.75507,-73.8329
7563,40.75562,-73.87765
7564,40.75381,-73.85507
7565,40.754402,-73.877106
7566,40.76108,-73.83315
7567,40.75275,-73.87678
7568,40.760174,-73.83302
7569,40.755283,-73.873764
7570,40.75254,-73.86517
7571,40.757347,-73.855606
7572,40.751785,-73.855255
7573,40.757526,-73.83435
7574,40.755905,-73.836685
7575,40.75233,-73.860085
7576,40.75654,-73.83745
7577,40.756382,-73.879135
7578,40.75514,-73.87691
7579,40.756313,-73.87697
7580,40.75266,-73.876366
7581,40.753025,-73.8705
7582,40.75257,-73.87849
7583,40.76469,-73.86911
7584,40.75216,-73.85933
7585,40.759495,-73.83347
7586,40.755436,-73.873955
7587,40.760727,-73.87874
7588,40.760532,-73.876816
7589,40.753677,-73.85656
7590,40.755272,-73.87569
7591,40.7659,-73.87293
7592,40.756004,-73.87583
7593,40.76387,-73.87678
7594,40.75572,-73.83266
7595,40.756382,-73.879135
7596,40.757046,-73.87929
7597,40.76387,-73.87678
7598,40.75837,-73.87791
7599,40.755917,-73.83696
7600,40.76547,-73.868744
7601,40.756332,-73.87618
7602,40.757084,-73.835594
7603,40.766163,-73.874725
7604,40.75654,-73.83745
7605,40.75572,-73.83266
7606,40.759933,-73.871895
7607,40.754402,-73.877106
7608,40.757805,-73.834404
7609,40.752903,-73.875206
7610,40.75654,-73.83745
7611,40.75624,-73.833275
7612,40.760555,-73.86069
7613,40.75275,-73.87678
7614,40.75734,-73.876495
7615,40.75643,-73.87525
7616,40.752808,-73.87742
7617,40.75996,-73.867004
7618,40.752163,-73.87859
7619,40.75711,-73.85601
7620,40.760277,-73.833916
7621,40.75216,-73.87159
7622,40.757347,-73.855606
7623,40.750446,-73.85555
7624,40.753677,-73.85656
7625,40.75237,-73.87909
7626,40.770763,-73.83267
7627,40.75562,-73.87765
7628,40.756077,-73.87345
7629,40.763416,-73.87155
7630,40.763474,-73.8725
7631,40.75769,-73.87789
7632,40.757137,-73.87727
7633,40.755047,-73.83435
7634,40.756783,-73.83324
7635,40.753613,-73.879326
7636,40.756138,-73.837685
7637,40.760277,-73.833916
7638,40.758442,-73.87715
7639,40.763966,-73.86236
7640,40.755047,-73.83435
7641,40.75567,-73.862434
7642,40.75204,-73.869
7643,40.75614,-73.83274
7644,40.757793,-73.87696
7645,40.757915,-73.87793
7646,40.755283,-73.873764
7647,40.754326,-73.879074
7648,40.758297,-73.83429
7649,40.75796,-73.87756
7650,40.758442,-73.87715
7651,40.75123,-73.86109
7652,40.755466,-73.8773
7653,40.75581,-73.877686
7654,40.75286,-73.87682
7655,40.75196,-73.863754
7656,40.748207,-73.85936
7657,40.755234,-73.875984
7658,40.757824,-73.85731
7659,40.754402,-73.877106
7660,40.757805,-73.834404
7661,40.754887,-73.83283
7662,40.750607,-73.85428
7663,40.757347,-73.855606
7664,40.752293,-73.877655
7665,40.760174,-73.83302
7666,40.75643,-73.87525
7667,40.754402,-73.877106
7668,40.7676,-73.87508
7669,40.757908,-73.872375
7670,40.770763,-73.83267
7671,40.767376,-73.872284
7672,40.755783,-73.876076
7673,40.756332,-73.87618
7674,40.753822,-73.86092
7675,40.757294,-73.87687
7676,40.755684,-73.87701
7677,40.755657,-73.875435
7678,40.759785,-73.87274
7679,40.760277,-73.833916
7680,40.760277,-73.833916
7681,40.75216,-73.85933
7682,40.765545,-73.87377
7683,40.757805,-73.834404
7684,40.757084,-73.835594
7685,40.755054,-73.833595
7686,40.76471,-73.86844
7687,40.754402,-73.877106
7688,40.754887,-73.83283
7689,40.755047,-73.83435
7690,40.757694,-73.875336
7691,40.755283,-73.873764
7692,40.757725,-73.87752
7693,40.75514,-73.87691
7694,40.755684,-73.87701
7695,40.76366,-73.86214
7696,40.7579,-73.86859
7697,40.765762,-73.87775
7698,40.770237,-73.87587
7699,40.754585,-73.86506
7700,40.75645,-73.87368
7701,40.756588,-73.87719
7702,40.756138,-73.837685
7703,40.752293,-73.877655
7704,40.757946,-73.87056
7705,40.75237,-73.87909
7706,40.757805,-73.834404
7707,40.756588,-73.87719
7708,40.74945,-73.877914
7709,40.7655,-73.8692
7710,40.755714,-73.876724
7711,40.751163,-73.86206
7712,40.770763,-73.83267
7713,40.750317,-73.85695
7714,40.75429,-73.864815
7715,40.75362,-73.879036
7716,40.755886,-73.87689
7717,40.758423,-73.87064
7718,40.757805,-73.834404
7719,40.755524,-73.87317
7720,40.750114,-73.865395
7721,40.75728,-73.856094
7722,40.751736,-73.83489
7723,40.760555,-73.86069
7724,40.760017,-73.87576
7725,40.75654,-73.83745
7726,40.760277,-73.833916
7727,40.76454,-73.86827
7728,40.764263,-73.86869
7729,40.75216,-73.85933
7730,40.757725,-73.87752
7731,40.75347,-73.85343
7732,40.755917,-73.83696
7733,40.760277,-73.833916
7734,40.754807,-73.877495
7735,40.7536,-73.87919
7736,40.754807,-73.877495
7737,40.761166,-73.861496
7738,40.76066,-73.8608
7739,40.764454,-73.873405
7740,40.75654,-73.83745
7741,40.76416,-73.86255
7742,40.753654,-73.85509
7743,40.751026,-73.86134
7744,40.757805,-73.834404
7745,40.74945,-73.877914
7746,40.75216,-73.87159
7747,40.753258,-73.864426
7748,40.75392,-73.86121
7749,40.757294,-73.87687
7750,40.76031,-73.87406
7751,40.760075,-73.873695
7752,40.74918,-73.87947
7753,40.75257,-73.87849
7754,40.753517,-73.86349
7755,40.754543,-73.87881
7756,40.767075,-73.87498
7757,40.757805,-73.834404
7758,40.76454,-73.86827
7759,40.747704,-73.87454
7760,40.753925,-73.8729
7761,40.75643,-73.83314
7762,40.755802,-73.87519
7763,40.75257,-73.87849
7764,40.754402,-73.877106
7765,40.766052,-73.86917
7766,40.756237,-73.877106
7767,40.755466,-73.8773
7768,40.752377,-73.87906
7769,40.756138,-73.837685
7770,40.757946,-73.87647
7771,40.760277,-73.833916
7772,40.75295,-73.85746
7773,40.751804,-73.83445
7774,40.75581,-73.877686
7775,40.757725,-73.87752
7776,40.757763,-73.87644
7777,40.75437,-73.86496
7778,40.75429,-73.87708
7779,40.754517,-73.87459
7780,40.751804,-73.83445
7781,40.76019,-73.87688
7782,40.75514,-73.87691
7783,40.752846,-73.858284
7784,40.770763,-73.83267
7785,40.756332,-73.83261
7786,40.762238,-73.86733
7787,40.756004,-73.87583
7788,40.75682,-73.87924
7789,40.767418,-73.86906
7790,40.754402,-73.877106
7791,40.723446,-73.84473
7792,40.723396,-73.84686
7793,40.72772,-73.84715
7794,40.734608,-73.85026
7795,40.733868,-73.84649
7796,40.726784,-73.85264
7797,40.724365,-73.8389
7798,40.728603,-73.849525
7799,40.725136,-73.85123
7800,40.728603,-73.8505
7801,40.728603,-73.849525
7802,40.726704,-73.85576
7803,40.728603,-73.8505
7804,40.726974,-73.8495
7805,40.725418,-73.85348
7806,40.727905,-73.853096
7807,40.728687,-73.84977
7808,40.728603,-73.8505
7809,40.729057,-73.84782
7810,40.728237,-73.85135
7811,40.727413,-73.846985
7812,40.72962,-73.84788
7813,40.729366,-73.84919
7814,40.74678,-73.87389
7815,40.738297,-73.87708
7816,40.738262,-73.87671
7817,40.7469,-73.871086
7818,40.738297,-73.87708
7819,40.73752,-73.858185
7820,40.736557,-73.85886
7821,40.737602,-73.85692
7822,40.737465,-73.85759
7823,40.742832,-73.879456
7824,40.737633,-73.868996
7825,40.737465,-73.85759
7826,40.736557,-73.85886
7827,40.740894,-73.858604
7828,40.738297,-73.87708
7829,40.73657,-73.87063
7830,40.737465,-73.85759
7831,40.747475,-73.8745
7832,40.738884,-73.87612
7833,40.746704,-73.876785
7834,40.736202,-73.87136
7835,40.735126,-73.87794
7836,40.738434,-73.861465
7837,40.73657,-73.87063
7838,40.73826,-73.878586
7839,40.738884,-73.87612
7840,40.73603,-73.86837
7841,40.738396,-73.87836
7842,40.736732,-73.86895
7843,40.73847,-73.87877
7844,40.74483,-73.86588
7845,40.73839,-73.878395
7846,40.733845,-73.86188
7847,40.724483,-73.86966
7848,40.72802,-73.86995
7849,40.733448,-73.86199
7850,40.733448,-73.86199
7851,40.724613,-73.86991
7852,40.73018,-73.856705
7853,40.734097,-73.86232
7854,40.731003,-73.85739
7855,40.729595,-73.86332
7856,40.733448,-73.86199
7857,40.72584,-73.8585
7858,40.72665,-73.87416
7859,40.731358,-73.86746
7860,40.73118,-73.85808
7861,40.733448,-73.86199
7862,40.731358,-73.86746
7863,40.73338,-73.86214
7864,40.724045,-73.8607
7865,40.730206,-73.871864
7866,40.72658,-73.859344
7867,40.72914,-73.86461
7868,40.727116,-73.85864
7869,40.732235,-73.858894
7870,40.727352,-73.82563
7871,40.728737,-73.817245
7872,40.728146,-73.82914
7873,40.73493,-73.8219
7874,40.729145,-73.81745
7875,40.728146,-73.82914
7876,40.72524,-73.82191
7877,40.728455,-73.81674
7878,40.733807,-73.81785
7879,40.73352,-73.81532
7880,40.723,-73.81268
7881,40.727898,-73.81715
7882,40.72843,-73.825645
7883,40.730953,-73.821175
7884,40.73352,-73.81532
7885,40.728867,-73.81662
7886,40.728195,-73.80961
7887,40.731773,-73.819214
7888,40.732105,-73.818855
7889,40.728737,-73.817245
7890,40.722935,-73.82276
7891,40.728943,-73.81972
7892,40.723694,-73.80307
7893,40.729137,-73.80057
7894,40.73003,-73.79966
7895,40.7255,-73.79043
7896,40.727993,-73.80035
7897,40.727097,-73.78864
7898,40.726933,-73.79923
7899,40.73394,-73.78884
7900,40.729748,-73.79044
7901,40.72984,-73.79048
7902,40.72249,-73.79871
7903,40.734867,-73.802895
7904,40.73469,-73.79179
7905,40.73225,-73.80402
7906,40.72928,-73.79968
7907,40.728874,-73.78939
7908,40.731106,-73.786125
7909,40.72843,-73.80101
7910,40.726467,-73.79546
7911,40.73257,-73.79077
7912,40.72978,-73.80691
7913,40.72649,-73.79817
7914,40.7269,-73.80104
7915,40.728836,-73.803894
7916,40.729443,-73.80059
7917,40.73468,-73.78977
7918,40.732655,-73.7926
7919,40.727974,-73.80035
7920,40.73134,-73.801735
7921,40.730232,-73.78996
7922,40.74264,-73.818245
7923,40.7472,-73.815865
7924,40.741608,-73.81623
7925,40.742115,-73.81774
7926,40.73972,-73.82797
7927,40.745296,-73.8311
7928,40.74097,-73.82655
7929,40.741238,-73.81978
7930,40.739758,-73.820885
7931,40.746075,-73.83097
7932,40.7432,-73.81616
7933,40.742683,-73.821754
7934,40.746956,-73.83035
7935,40.745003,-73.815994
7936,40.73763,-73.81113
7937,40.745823,-73.81592
7938,40.74491,-73.82422
7939,40.741943,-73.814926
7940,40.74239,-73.81395
7941,40.73948,-73.81194
7942,40.74737,-73.82864
7943,40.74737,-73.82864
7944,40.741943,-73.814926
7945,40.74141,-73.82029
7946,40.73913,-73.8206
7947,40.742165,-73.81647
7948,40.74181,-73.817726
7949,40.73759,-73.82813
7950,40.743748,-73.83148
7951,40.74224,-73.82887
7952,40.73696,-73.80947
7953,40.740032,-73.82252
7954,40.740883,-73.81283
7955,40.662117,-73.9799
7956,40.671474,-73.98128
7957,40.670685,-73.979485
7958,40.670174,-73.98013
7959,40.668163,-73.974266
7960,40.668438,-73.9908
7961,40.670803,-73.98669
7962,40.661,-73.99541
7963,40.662037,-73.98148
7964,40.666233,-73.993065
7965,40.664093,-73.9819
7966,40.66458,-73.9829
7967,40.661354,-73.98112
7968,40.671814,-73.97495
7969,40.661438,-73.98018
7970,40.66182,-73.97938
7971,40.737137,-74.00704
7972,40.73168,-73.99284
7973,40.744762,-73.979225
7974,40.74581,-73.99913
7975,40.74541,-73.97799
7976,40.76409,-73.99538
7977,40.744007,-73.998085
7978,40.748585,-73.97648
7979,40.744247,-73.97888
7980,40.760284,-73.99539
7981,40.742493,-73.97852
7982,40.737865,-73.98434
7983,40.72753,-73.99017
7984,40.73569,-73.99641
7985,40.736217,-73.98363
7986,40.640675,-73.97412
7987,40.64466,-73.986465
7988,40.641605,-73.99047
7989,40.6459,-73.97393
7990,40.6431,-73.97716
7991,40.639927,-73.973885
7992,40.6459,-73.97393
7993,40.646687,-73.974045
7994,40.6459,-73.97393
7995,40.64324,-73.97644
7996,40.643486,-73.98832
7997,40.64441,-73.973656
7998,40.64293,-73.97471
7999,40.64293,-73.97471
8000,40.63506,-73.98719
8001,40.64375,-73.97483
8002,40.646564,-73.97519
8003,40.646687,-73.974045
8004,40.642838,-73.976814
8005,40.64293,-73.97471
8006,40.64406,-73.9886
8007,40.6431,-73.97716
8008,40.64293,-73.97471
8009,40.646027,-73.98149
8010,40.64002,-73.98951
8011,40.646027,-73.98149
8012,40.64293,-73.97471
8013,40.637993,-73.98843
8014,40.642715,-73.99381
8015,40.64329,-73.97689
8016,40.64441,-73.973656
8017,40.63851,-73.9908
8018,40.64324,-73.97644
8019,40.6424,-73.97457
8020,40.643154,-73.97777
8021,40.6424,-73.97457
8022,40.757706,-73.876755
8023,40.75725,-73.87743
8024,40.757957,-73.855865
8025,40.757797,-73.8572
8026,40.75238,-73.86415
8027,40.756393,-73.876045
8028,40.755917,-73.83696
8029,40.75209,-73.87934
8030,40.76413,-73.867874
8031,40.770035,-73.8767
8032,40.763474,-73.868126
8033,40.755234,-73.875984
8034,40.756382,-73.879135
8035,40.755917,-73.83696
8036,40.75445,-73.87396
8037,40.75725,-73.87743
8038,40.754356,-73.876335
8039,40.76379,-73.86566
8040,40.758396,-73.87762
8041,40.75758,-73.86878
8042,40.74945,-73.877914
8043,40.764072,-73.867035
8044,40.76552,-73.86879
8045,40.757946,-73.87647
8046,40.75514,-73.87691
8047,40.750824,-73.87403
8048,40.750317,-73.85695
8049,40.760555,-73.86069
8050,40.760498,-73.86109
8051,40.75711,-73.85601
8052,40.757805,-73.834404
8053,40.641582,-73.987366
8054,40.64093,-73.99539
8055,40.646687,-73.974045
8056,40.64293,-73.97471
8057,40.6424,-73.97457
8058,40.64441,-73.973656
8059,40.64293,-73.97471
8060,40.64339,-73.97598
8061,40.643238,-73.97644
8062,40.646687,-73.974045
8063,40.641155,-73.985054
8064,40.64339,-73.97598
8065,40.64527,-73.97616
8066,40.643295,-73.9769
8067,40.643295,-73.9769
8068,40.64293,-73.97471
8069,40.63571,-73.99278
8070,40.644634,-73.982475
8071,40.64316,-73.977844
8072,40.6431,-73.97716
8073,40.639927,-73.973885
8074,40.646687,-73.974045
8075,40.634995,-73.99403
8076,40.639927,-73.973885
8077,40.635548,-73.990425
8078,40.644634,-73.982475
8079,40.646687,-73.974045
8080,40.641773,-73.97446
8081,40.64339,-73.97598
8082,40.639168,-73.975
8083,40.641003,-73.984795
8084,40.641773,-73.97446
8085,40.646687,-73.974045
8086,40.64339,-73.97598
8087,40.642452,-73.98271
8088,40.63554,-73.99402
8089,40.643238,-73.97644
8090,40.643295,-73.9769
8091,40.646687,-73.974045
8092,40.642754,-73.99388
8093,40.649593,-74.00899
8094,40.647243,-74.005264
8095,40.647785,-74.00076
8096,40.64738,-73.99851
8097,40.647785,-74.00076
8098,40.648792,-74.002365
8099,40.647243,-74.005264
8100,40.649418,-74.00901
8101,40.650475,-74.00741
8102,40.648823,-74.00032
8103,40.64802,-74.00013
8104,40.647762,-73.99915
8105,40.648052,-74.00054
8106,40.649616,-74.00389
8107,40.654278,-74.00692
8108,40.64733,-74.0054
8109,40.649616,-74.00389
8110,40.64733,-74.0054
8111,40.649593,-74.00899
8112,40.647392,-74.00754
8113,40.65448,-74.0
8114,40.655586,-74.007
8115,40.649864,-74.00415
8116,40.64941,-74.0034
8117,40.64974,-74.00419
8118,40.64946,-74.00348
8119,40.649864,-74.00415
8120,40.648792,-74.002365
8121,40.654884,-74.0004
8122,40.648792,-74.002365
8123,40.64707,-74.004974
8124,40.64753,-73.998764
8125,40.647728,-74.01516
8126,40.64957,-74.00392
8127,40.65041,-74.00202
8128,40.644638,-73.998764
8129,40.642933,-74.007774
8130,40.64601,-74.01888
8131,40.641163,-74.01672
8132,40.63975,-74.01863
8133,40.645332,-74.01688
8134,40.646263,-74.0012
8135,40.64061,-74.00484
8136,40.636425,-74.00303
8137,40.646263,-74.0012
8138,40.63947,-74.01199
8139,40.645634,-74.000725
8140,40.63684,-73.99699
8141,40.64303,-74.00733
8142,40.640385,-74.00203
8143,40.64408,-73.99851
8144,40.642372,-74.00199
8145,40.636604,-74.00576
8146,40.645058,-74.002884
8147,40.64532,-74.01427
8148,40.64506,-74.00289
8149,40.645153,-73.99912
8150,40.641163,-74.01672
8151,40.646507,-73.998505
8152,40.640434,-74.00663
8153,40.63761,-74.01053
8154,40.646507,-73.998505
8155,40.641163,-74.01672
8156,40.641163,-74.01672
8157,40.641163,-74.01672
8158,40.645287,-74.014305
8159,40.639877,-74.00119
8160,40.6422,-74.002174
8161,40.65042,-74.0075
8162,40.64941,-74.0034
8163,40.65474,-74.00443
8164,40.647316,-73.99841
8165,40.649593,-74.00899
8166,40.647316,-73.99841
8167,40.649418,-74.00901
8168,40.649418,-74.00901
8169,40.629246,-74.13856
8170,40.635376,-74.121056
8171,40.623283,-74.13659
8172,40.639824,-74.11465
8173,40.630535,-74.13325
8174,40.63029,-74.120674
8175,40.630947,-74.157745
8176,40.63563,-74.15334
8177,40.622063,-74.15806
8178,40.6335,-74.118546
8179,40.62678,-74.13637
8180,40.634834,-74.14145
8181,40.626884,-74.14362
8182,40.6319,-74.15836
8183,40.636925,-74.122696
8184,40.629356,-74.13533
8185,40.62995,-74.16013
8186,40.637894,-74.13673
8187,40.632607,-74.156906
8188,40.63611,-74.1577
8189,40.637257,-74.129875
8190,40.62209,-74.125755
8191,40.63053,-74.14741
8192,40.627697,-74.15156
8193,40.624344,-74.16006
8194,40.63583,-74.15576
8195,40.63018,-74.12963
8196,40.633217,-74.15172
8197,40.627995,-74.134346
8198,40.621994,-74.14988
8199,40.63672,-74.13063
8200,40.622437,-74.12841
8201,40.6379,-74.13308
8202,40.634933,-74.12499
8203,40.624397,-74.11854
8204,40.63168,-74.15291
8205,40.639275,-74.13563
8206,40.627064,-74.127686
8207,40.637383,-74.122505
8208,40.632126,-74.156784
8209,40.638405,-73.99968
8210,40.64044,-74.00363
8211,40.64617,-73.99955
8212,40.646214,-73.99951
8213,40.644524,-73.99699
8214,40.640198,-74.001724
8215,40.641163,-74.01672
8216,40.644543,-73.999275
8217,40.634117,-74.020226
8218,40.642216,-74.00356
8219,40.634224,-74.0009
8220,40.64243,-74.00634
8221,40.63418,-74.00766
8222,40.637997,-74.009575
8223,40.637997,-74.009575
8224,40.642933,-74.007774
8225,40.642372,-74.00199
8226,40.645977,-74.01899
8227,40.634163,-74.00323
8228,40.644955,-74.019585
8229,40.6459,-74.01872
8230,40.638474,-74.010445
8231,40.638706,-74.017365
8232,40.751846,-73.86369
8233,40.756687,-73.85774
8234,40.75837,-73.87791
8235,40.75728,-73.856094
8236,40.760277,-73.833916
8237,40.760292,-73.83287
8238,40.76645,-73.87204
8239,40.752415,-73.87867
8240,40.754887,-73.83283
8241,40.7557,-73.8736
8242,40.758038,-73.85627
8243,40.747704,-73.87454
8244,40.76484,-73.87899
8245,40.755047,-73.83435
8246,40.75275,-73.87678
8247,40.757957,-73.855865
8248,40.758038,-73.85627
8249,40.75728,-73.856094
8250,40.754402,-73.877106
8251,40.755684,-73.87701
8252,40.76265,-73.87815
8253,40.754402,-73.877106
8254,40.753227,-73.861275
8255,40.758297,-73.83429
8256,40.760277,-73.833916
8257,40.760555,-73.86069
8258,40.75614,-73.83274
8259,40.754807,-73.877495
8260,40.757797,-73.8572
8261,40.626316,-74.15857
8262,40.633774,-74.13815
8263,40.623955,-74.124214
8264,40.624126,-74.1429
8265,40.6261,-74.12678
8266,40.62951,-74.15345
8267,40.62713,-74.14933
8268,40.625584,-74.15907
8269,40.635258,-74.15731
8270,40.63711,-74.132866
8271,40.625862,-74.14516
8272,40.633038,-74.15176
8273,40.628483,-74.125244
8274,40.62864,-74.15425
8275,40.629997,-74.159
8276,40.631157,-74.16087
8277,40.634388,-74.14623
8278,40.623665,-74.15269
8279,40.639683,-74.12045
8280,40.63321,-74.13248
8281,40.627674,-74.15103
8282,40.628704,-74.12165
8283,40.62348,-74.12807
8284,40.630886,-74.142235
8285,40.62925,-74.13092
8286,40.637447,-74.11464
8287,40.622437,-74.16098
8288,40.630325,-74.12229
8289,40.628353,-74.12314
8290,40.62817,-74.160706
8291,40.624176,-74.15969
8292,40.62545,-74.15971
8293,40.62377,-74.11431
8294,40.637028,-74.13743
8295,40.627457,-74.15614
8296,40.627422,-74.156746
8297,40.63149,-74.15555
8298,40.63241,-74.159134
8299,40.6312,-74.13314
8300,40.625443,-74.159706
8301,40.62869,-74.12496
8302,40.626766,-74.14067
8303,40.636303,-74.16111
8304,40.637512,-74.12943
8305,40.62904,-74.15
8306,40.63737,-74.14315
8307,40.625164,-74.14145
8308,40.63351,-74.15125
8309,40.628735,-74.15515
8310,40.63236,-74.15785
8311,40.62814,-74.11561
8312,40.625816,-74.134224
8313,40.63792,-74.12991
8314,40.628345,-74.12313
8315,40.63616,-74.12029
8316,40.62992,-74.141785
8317,40.62912,-74.1577
8318,40.62362,-74.135376
8319,40.62378,-74.14169
8320,40.639683,-74.136444
8321,40.63153,-74.13289
8322,40.630493,-74.120964
8323,40.628754,-74.12046
8324,40.625065,-74.131744
8325,40.630295,-74.12999
8326,40.62304,-74.157715
8327,40.62536,-74.15947
8328,40.623615,-74.13539
8329,40.634907,-74.12218
8330,40.632164,-74.11481
8331,40.627895,-74.12178
8332,40.623833,-74.13175
8333,40.623158,-74.13248
8334,40.63691,-74.125824
8335,40.63115,-74.13035
8336,40.638447,-74.132065
8337,40.621983,-74.158066
8338,40.6285,-74.1401
8339,40.636585,-74.125786
8340,40.62962,-74.131836
8341,40.635666,-74.15231
8342,40.636497,-74.13478
8343,40.630886,-74.142235
8344,40.629185,-74.11905
8345,40.628708,-74.14954
8346,40.635147,-74.157776
8347,40.626076,-74.159096
8348,40.63655,-74.135765
8349,40.628647,-74.14954
8350,40.631977,-74.15877
8351,40.62407,-74.15632
8352,40.631058,-74.15447
8353,40.632774,-74.11428
8354,40.627617,-74.13569
8355,40.627834,-74.15239
8356,40.624336,-74.12928
8357,40.632244,-74.15425
8358,40.63545,-74.15237
8359,40.631577,-74.12193
8360,40.62765,-74.15716
8361,40.62228,-74.14129
8362,40.62566,-74.15074
8363,40.62627,-74.11742
8364,40.625725,-74.14257
8365,40.630154,-74.116714
8366,40.634064,-74.13092
8367,40.6275,-74.137184
8368,40.636547,-74.13549
8369,40.622482,-74.14185
8370,40.631115,-74.11854
8371,40.628582,-74.13834
8372,40.62184,-74.14079
8373,40.634636,-74.15414
8374,40.633125,-74.138405
8375,40.629726,-74.1194
8376,40.626026,-74.13376
8377,40.625694,-74.13379
8378,40.6313,-74.14927
8379,40.62529,-74.12825
8380,40.631226,-74.14845
8381,40.631298,-74.158676
8382,40.630646,-74.1152
8383,40.63187,-74.142975
8384,40.62334,-74.15984
8385,40.637585,-74.14557
8386,40.625065,-74.154755
8387,40.6295,-74.15575
8388,40.627678,-74.12817
8389,40.62434,-74.14285
8390,40.624454,-74.127426
8391,40.622463,-74.1278
8392,40.625515,-74.14262
8393,40.629753,-74.132225
8394,40.630733,-74.160645
8395,40.6266,-74.14416
8396,40.63337,-74.14192
8397,40.63458,-74.12237
8398,40.62369,-74.15826
8399,40.630642,-74.115204
8400,40.63115,-74.14218
8401,40.6272,-74.14377
8402,40.633892,-74.14635
8403,40.627304,-74.13948
8404,40.6364,-74.154144
8405,40.6257,-74.12874
8406,40.62183,-74.140785
8407,40.633827,-74.152596
8408,40.63414,-74.145676
8409,40.63567,-74.153725
8410,40.630013,-74.1434
8411,40.635376,-74.14607
8412,40.62163,-74.12643
8413,40.62158,-74.14046
8414,40.624985,-74.13546
8415,40.62503,-74.13539
8416,40.638504,-74.11435
8417,40.62843,-74.151344
8418,40.6342,-74.11873
8419,40.627415,-74.11614
8420,40.629234,-74.15349
8421,40.628925,-74.1583
8422,40.638058,-74.13493
8423,40.623283,-74.159645
8424,40.638023,-74.11605
8425,40.632675,-74.14146
8426,40.624073,-74.141655
8427,40.630814,-74.12108
8428,40.634605,-74.12279
8429,40.629612,-74.13361
8430,40.623764,-74.13401
8431,40.63635,-74.13881
8432,40.624462,-74.15937
8433,40.635376,-74.14607
8434,40.622166,-74.13442
8435,40.635963,-74.132965
8436,40.62791,-74.13475
8437,40.629196,-74.16015
8438,40.622883,-74.13876
8439,40.62729,-74.13674
8440,40.63776,-74.12412
8441,40.634327,-74.122574
8442,40.63699,-74.129074
8443,40.6312,-74.13314
8444,40.62253,-74.14126
8445,40.63805,-74.14029
8446,40.63114,-74.13628
8447,40.62479,-74.12514
8448,40.62158,-74.127075
8449,40.631134,-74.13627
8450,40.632683,-74.15907
8451,40.63011,-74.13377
8452,40.629223,-74.12458
8453,40.63418,-74.118904
8454,40.62554,-74.14271
8455,40.6277,-74.12294
8456,40.630077,-74.15276
8457,40.63469,-74.12268
8458,40.63013,-74.158295
8459,40.627342,-74.119286
8460,40.635788,-74.146904
8461,40.628403,-74.13147
8462,40.627003,-74.160164
8463,40.62872,-74.11932
8464,40.63228,-74.10209
8465,40.62702,-74.1103
8466,40.626343,-74.11322
8467,40.628506,-74.1051
8468,40.63934,-74.078476
8469,40.62731,-74.08223
8470,40.627098,-74.07526
8471,40.638138,-74.07551
8472,40.643482,-74.09702
8473,40.63024,-74.084175
8474,40.624607,-74.0945
8475,40.640194,-74.10969
8476,40.621616,-74.08287
8477,40.636333,-74.08733
8478,40.641457,-74.113045
8479,40.63251,-74.113266
8480,40.634415,-74.099976
8481,40.643375,-74.08889
8482,40.642017,-74.11138
8483,40.633705,-74.092834
8484,40.644855,-74.08976
8485,40.629883,-74.09992
8486,40.634743,-74.09421
8487,40.6416,-74.08805
8488,40.637974,-74.10868
8489,40.630947,-74.111824
8490,40.62751,-74.11177
8491,40.64472,-74.09487
8492,40.644947,-74.07891
8493,40.6332,-74.10654
8494,40.63838,-74.07932
8495,40.62848,-74.106865
8496,40.631905,-74.090256
8497,40.628464,-74.08181
8498,40.640263,-74.07419
8499,40.63742,-74.10388
8500,40.642838,-74.09928
8501,40.62926,-74.1005
8502,40.636883,-74.07892
8503,40.638397,-74.09017
8504,40.55047,-74.138176
8505,40.55502,-74.13153
8506,40.55588,-74.13874
8507,40.56976,-74.12685
8508,40.569855,-74.12208
8509,40.556255,-74.12324
8510,40.557674,-74.160164
8511,40.5634,-74.14856
8512,40.55315,-74.115486
8513,40.570976,-74.12873
8514,40.560555,-74.12846
8515,40.55505,-74.15781
8516,40.567505,-74.12765
8517,40.555305,-74.14319
8518,40.568535,-74.133354
8519,40.56278,-74.154625
8520,40.560566,-74.11607
8521,40.5697,-74.11539
8522,40.55883,-74.12099
8523,40.552925,-74.15434
8524,40.555508,-74.14253
8525,40.55028,-74.154884
8526,40.561,-74.15944
8527,40.56286,-74.12513
8528,40.557713,-74.12403
8529,40.55511,-74.139
8530,40.546688,-74.14056
8531,40.566216,-74.121284
8532,40.569996,-74.13241
8533,40.558018,-74.1365
8534,40.552914,-74.154335
8535,40.565712,-74.15339
8536,40.564625,-74.12187
8537,40.565002,-74.12778
8538,40.56025,-74.13291
8539,40.557934,-74.15908
8540,40.567497,-74.12765
8541,40.567825,-74.13717
8542,40.555363,-74.14252
8543,40.561756,-74.15886
8544,40.56777,-74.13704
8545,40.56406,-74.11771
8546,40.56474,-74.14335
8547,40.553688,-74.13712
8548,40.55591,-74.155785
8549,40.55649,-74.14015
8550,40.556187,-74.11704
8551,40.556736,-74.15616
8552,40.569218,-74.129684
8553,40.548817,-74.142494
8554,40.556355,-74.155396
8555,40.569214,-74.1297
8556,40.55589,-74.13874
8557,40.56554,-74.15322
8558,40.555603,-74.131134
8559,40.56141,-74.12063
8560,40.557953,-74.11756
8561,40.556217,-74.12371
8562,40.555286,-74.15792
8563,40.561226,-74.1146
8564,40.55102,-74.14862
8565,40.560135,-74.15767
8566,40.558453,-74.11594
8567,40.556133,-74.14936
8568,40.565994,-74.12988
8569,40.5584,-74.150215
8570,40.558872,-74.11655
8571,40.5537,-74.14794
8572,40.55815,-74.11604
8573,40.568882,-74.14335
8574,40.553596,-74.1509
8575,40.55132,-74.14142
8576,40.567707,-74.13426
8577,40.565887,-74.13834
8578,40.569992,-74.14989
8579,40.55643,-74.16032
8580,40.564857,-74.151306
8581,40.54594,-74.15393
8582,40.555965,-74.13818
8583,40.55699,-74.115685
8584,40.56838,-74.12938
8585,40.559532,-74.15029
8586,40.627525,-74.02507
8587,40.62531,-74.029495
8588,40.622948,-74.03037
8589,40.634216,-74.03029
8590,40.62311,-74.03832
8591,40.622948,-74.03037
8592,40.627655,-74.02616
8593,40.638336,-74.025475
8594,40.634426,-74.03121
8595,40.635002,-74.03103
8596,40.634216,-74.03029
8597,40.63087,-74.03294
8598,40.634815,-74.03715
8599,40.636036,-74.03664
8600,40.629826,-74.02991
8601,40.634426,-74.03121
8602,40.630333,-74.02461
8603,40.634815,-74.03715
8604,40.639297,-74.0353
8605,40.635002,-74.03103
8606,40.627655,-74.02616
8607,40.622948,-74.03037
8608,40.639893,-74.02969
8609,40.63979,-74.029785
8610,40.63431,-74.02437
8611,40.631905,-74.03729
8612,40.632652,-74.02233
8613,40.627686,-74.02763
8614,40.635002,-74.03103
8615,40.635483,-74.02849
8616,40.63979,-74.029785
8617,40.634895,-74.036385
8618,40.62369,-74.02172
8619,40.63813,-74.03573
8620,40.631298,-74.03611
8621,40.62553,-74.02455
8622,40.62444,-74.04012
8623,40.637665,-74.031494
8624,40.63979,-74.029785
8625,40.63772,-74.02778
8626,40.634113,-74.03357
8627,40.625977,-74.03231
8628,40.63372,-74.026535
8629,40.631786,-74.03388
8630,40.62878,-74.02919
8631,40.633957,-74.03635
8632,40.635075,-74.03175
8633,40.634895,-74.036385
8634,40.62839,-74.02441
8635,40.63235,-74.02408
8636,40.635075,-74.03175
8637,40.629295,-74.02634
8638,40.638184,-74.028854
8639,40.625,-74.02541
8640,40.627655,-74.02616
8641,40.633957,-74.03635
8642,40.63979,-74.029785
8643,40.633957,-74.03635
8644,40.631275,-74.036026
8645,40.635002,-74.03103
8646,40.633957,-74.03635
8647,40.63555,-74.033325
8648,40.63032,-74.03057
8649,40.63267,-74.03397
8650,40.62797,-74.0258
8651,40.628677,-74.03041
8652,40.628986,-74.02975
8653,40.630066,-74.03297
8654,40.628986,-74.02975
8655,40.631546,-74.03086
8656,40.631546,-74.03086
8657,40.62624,-74.034645
8658,40.634735,-74.031136
8659,40.62444,-74.04012
8660,40.6287,-74.02401
8661,40.630905,-74.02401
8662,40.62618,-74.02354
8663,40.62752,-74.02632
8664,40.624775,-73.97863
8665,40.62545,-73.97882
8666,40.626232,-73.977875
8667,40.631275,-73.99285
8668,40.622738,-73.97734
8669,40.6215,-73.98588
8670,40.631866,-73.9754
8671,40.62941,-73.99309
8672,40.630756,-73.98553
8673,40.628326,-73.97557
8674,40.62417,-73.97504
8675,40.629986,-73.995544
8676,40.626026,-73.97364
8677,40.629063,-73.97814
8678,40.62477,-73.98164
8679,40.627594,-73.99084
8680,40.62429,-73.987465
8681,40.625793,-73.979385
8682,40.63255,-73.99359
8683,40.624695,-73.991165
8684,40.63321,-73.99469
8685,40.625874,-73.99415
8686,40.633682,-73.9954
8687,40.625854,-73.981
8688,40.626232,-73.977875
8689,40.632774,-73.99667
8690,40.626125,-73.981476
8691,40.631702,-73.97449
8692,40.63255,-73.99359
8693,40.626232,-73.977875
8694,40.55913,-74.13172
8695,40.546455,-74.14554
8696,40.56227,-74.148575
8697,40.552784,-74.135735
8698,40.56234,-74.12204
8699,40.5565,-74.11793
8700,40.569347,-74.14297
8701,40.55529,-74.14726
8702,40.546207,-74.1509
8703,40.57062,-74.12133
8704,40.55778,-74.13976
8705,40.5646,-74.14907
8706,40.556347,-74.141685
8707,40.552956,-74.151276
8708,40.56975,-74.12235
8709,40.566135,-74.13888
8710,40.568165,-74.12882
8711,40.551464,-74.147896
8712,40.562263,-74.14864
8713,40.549206,-74.14314
8714,40.547043,-74.14145
8715,40.562275,-74.148705
8716,40.558693,-74.15025
8717,40.556396,-74.140236
8718,40.55626,-74.12376
8719,40.56656,-74.11502
8720,40.560562,-74.127014
8721,40.564598,-74.129684
8722,40.561176,-74.15656
8723,40.55432,-74.11857
8724,40.555035,-74.139824
8725,40.55649,-74.15987
8726,40.561184,-74.14525
8727,40.55394,-74.14745
8728,40.556347,-74.141685
8729,40.566196,-74.123695
8730,40.557835,-74.138725
8731,40.561665,-74.14804
8732,40.552937,-74.140045
8733,40.5644,-74.15436
8734,40.563747,-74.12415
8735,40.562374,-74.12663
8736,40.56825,-74.12798
8737,40.55551,-74.11721
8738,40.557636,-74.15343
8739,40.557674,-74.160164
8740,40.562523,-74.15451
8741,40.562653,-74.124245
8742,40.551956,-74.138855
8743,40.562225,-74.14865
8744,40.568493,-74.13595
8745,40.565193,-74.137344
8746,40.548084,-74.15658
8747,40.569763,-74.12236
8748,40.57003,-74.141
8749,40.55934,-74.11681
8750,40.558037,-74.12452
8751,40.54645,-74.14183
8752,40.548115,-74.15
8753,40.556908,-74.15729
8754,40.568237,-74.127975
8755,40.566315,-74.12396
8756,40.566605,-74.13532
8757,40.568344,-74.13822
8758,40.548595,-74.143364
8759,40.55872,-74.11441
8760,40.56785,-74.135445
8761,40.566,-74.12012
8762,40.569763,-74.12236
8763,40.562252,-74.14865
8764,40.555702,-74.14248
8765,40.569195,-74.118164
8766,40.566242,-74.137634
8767,40.55998,-74.11984
8768,40.557972,-74.12356
8769,40.56928,-74.13304
8770,40.564587,-74.12961
8771,40.56792,-74.138
8772,40.56353,-74.12333
8773,40.57014,-74.12077
8774,40.566616,-74.123474
8775,40.552414,-74.14417
8776,40.631325,-74.024666
8777,40.62444,-74.04012
8778,40.634426,-74.03121
8779,40.63772,-74.02778
8780,40.629498,-74.02522
8781,40.631325,-74.024666
8782,40.638214,-74.0348
8783,40.62304,-74.03947
8784,40.629807,-74.03318
8785,40.62996,-74.02399
8786,40.635075,-74.03175
8787,40.63566,-74.02936
8788,40.634895,-74.036385
8789,40.628445,-74.02276
8790,40.636036,-74.03664
8791,40.635426,-74.0304
8792,40.63772,-74.02778
8793,40.630646,-74.02186
8794,40.6307,-74.021835
8795,40.63772,-74.02778
8796,40.636036,-74.03664
8797,40.636036,-74.03664
8798,40.630646,-74.024864
8799,40.637913,-74.03008
8800,40.636036,-74.03664
8801,40.632668,-74.02763
8802,40.631992,-74.03413
8803,40.63224,-74.030045
8804,40.625275,-74.02935
8805,40.62444,-74.04012
8806,40.632812,-74.023636
8807,40.625977,-74.03231
8808,40.634216,-74.03029
8809,40.623104,-74.04032
8810,40.63224,-74.030045
8811,40.630646,-74.024864
8812,40.62869,-74.023285
8813,40.632214,-74.03219
8814,40.616917,-74.00414
8815,40.61605,-74.01365
8816,40.62141,-74.01796
8817,40.620193,-74.01687
8818,40.61694,-73.99827
8819,40.620834,-74.014915
8820,40.620224,-74.00846
8821,40.615807,-74.00416
8822,40.618786,-74.007576
8823,40.618767,-74.01057
8824,40.612247,-74.00827
8825,40.61705,-73.99845
8826,40.620228,-74.00521
8827,40.621277,-74.018654
8828,40.616894,-74.01313
8829,40.616413,-74.01421
8830,40.61841,-74.000114
8831,40.613823,-74.00383
8832,40.616734,-74.008705
8833,40.619507,-74.01943
8834,40.619747,-74.00707
8835,40.60905,-74.003426
8836,40.620842,-74.00889
8837,40.614433,-74.01185
8838,40.61832,-74.01134
8839,40.617603,-74.019196
8840,40.61416,-74.00016
8841,40.609104,-74.00352
8842,40.619457,-74.019485
8843,40.610077,-74.005226
8844,40.619957,-74.01648
8845,40.61333,-74.01149
8846,40.60964,-74.00978
8847,40.61937,-74.010056
8848,40.609642,-74.00978
8849,40.617268,-73.99881
8850,40.619957,-74.01648
8851,40.612865,-73.99871
8852,40.616875,-74.01589
8853,40.620224,-74.012985
8854,40.59946,-73.990585
8855,40.59901,-73.993996
8856,40.60714,-73.98574
8857,40.599976,-73.99003
8858,40.605473,-73.99158
8859,40.5982,-73.9959
8860,40.607307,-73.988686
8861,40.5982,-73.9959
8862,40.604084,-73.99682
8863,40.60693,-73.987656
8864,40.597546,-73.97995
8865,40.60253,-73.99274
8866,40.598648,-73.996254
8867,40.605915,-73.9817
8868,40.5982,-73.9959
8869,40.608788,-73.98057
8870,40.602444,-73.976364
8871,40.598907,-73.99631
8872,40.597393,-73.98182
8873,40.605286,-73.992
8874,40.601162,-73.97613
8875,40.60537,-73.97969
8876,40.59666,-73.97805
8877,40.60195,-73.98726
8878,40.598907,-73.99631
8879,40.604214,-73.974
8880,40.60116,-73.97613
8881,40.60775,-73.98019
8882,40.598347,-73.97363
8883,40.60462,-73.974014
8884,40.600376,-73.97423
8885,40.60474,-73.97588
8886,40.608788,-73.98057
8887,40.59934,-73.996086
8888,40.605015,-73.975555
8889,40.59734,-73.98181
8890,40.601494,-73.97719
8891,40.619907,-74.01941
8892,40.613617,-74.0112
8893,40.61214,-74.007095
8894,40.61982,-74.00302
8895,40.616745,-74.00814
8896,40.616463,-74.01429
8897,40.618958,-74.0103
8898,40.615692,-74.012
8899,40.619324,-74.01161
8900,40.62049,-74.00682
8901,40.61738,-74.00768
8902,40.616943,-74.00129
8903,40.62141,-74.01947
8904,40.61687,-73.99907
8905,40.610672,-74.00397
8906,40.617016,-74.01097
8907,40.616055,-74.00759
8908,40.618095,-74.005844
8909,40.616833,-73.998085
8910,40.62139,-74.00233
8911,40.61956,-74.01937
8912,40.619778,-74.012245
8913,40.62099,-74.0074
8914,40.62002,-74.00904
8915,40.61207,-73.99889
8916,40.61519,-74.008575
8917,40.61494,-74.0148
8918,40.621387,-74.006714
8919,40.61615,-74.014915
8920,40.611294,-74.00046
8921,40.619663,-74.010544
8922,40.61993,-74.00623
8923,40.617786,-74.012
8924,40.60793,-74.007286
8925,40.605637,-74.006516
8926,40.604443,-74.017914
8927,40.604866,-74.0171
8928,40.604343,-74.01762
8929,40.60518,-74.00084
8930,40.603935,-74.01798
8931,40.606865,-74.005104
8932,40.598103,-73.99825
8933,40.60606,-74.00925
8934,40.60369,-74.01168
8935,40.604485,-74.01338
8936,40.598724,-73.99806
8937,40.60509,-74.010895
8938,40.605038,-74.010864
8939,40.60506,-74.01688
8940,40.597736,-73.998634
8941,40.605362,-74.01495
8942,40.603207,-74.012115
8943,40.597736,-73.998634
8944,40.605328,-74.01489
8945,40.605167,-74.007835
8946,40.603203,-74.01145
8947,40.60465,-74.01691
8948,40.60161,-74.01057
8949,40.60308,-74.01468
8950,40.606903,-74.00459
8951,40.604057,-73.99922
8952,40.60091,-74.00839
8953,40.602066,-74.007
8954,40.60465,-74.01246
8955,40.60519,-74.01513
8956,40.604248,-74.01415
8957,40.604424,-74.00602
8958,40.61554,-73.99896
8959,40.61002,-74.00586
8960,40.614937,-74.011765
8961,40.618073,-74.00658
8962,40.616894,-74.01313
8963,40.61164,-74.011284
8964,40.619606,-74.009865
8965,40.617867,-74.01314
8966,40.616215,-73.997986
8967,40.621437,-74.01023
8968,40.620533,-74.01477
8969,40.61984,-74.00874
8970,40.620293,-74.01309
8971,40.62062,-74.00852
8972,40.616894,-74.01313
8973,40.620987,-74.014244
8974,40.616894,-74.01313
8975,40.6113,-74.00985
8976,40.616894,-74.01313
8977,40.61982,-74.01625
8978,40.608974,-74.008026
8979,40.616543,-74.00457
8980,40.617165,-74.01697
8981,40.616894,-74.01313
8982,40.619408,-74.00387
8983,40.620655,-74.011604
8984,40.61634,-74.00597
8985,40.616894,-74.01313
8986,40.616894,-74.01313
8987,40.61952,-74.00972
8988,40.60488,-74.00671
8989,40.60201,-74.00736
8990,40.600845,-74.008415
8991,40.605194,-74.01007
8992,40.604877,-74.00671
8993,40.60878,-73.99705
8994,40.60475,-74.01738
8995,40.599045,-73.99843
8996,40.605793,-74.006775
8997,40.60313,-74.01488
8998,40.601536,-74.00417
8999,40.60413,-74.01797
9000,40.60024,-73.99799
9001,40.60386,-74.01793
9002,40.605427,-74.014885
9003,40.602345,-74.01015
9004,40.605427,-74.014885
9005,40.604694,-74.01689
9006,40.60471,-74.016075
9007,40.608757,-74.01545
9008,40.6032,-74.00542
9009,40.605232,-74.01508
9010,40.6023,-74.0096
9011,40.608234,-74.00483
9012,40.605232,-74.01508
9013,40.60509,-74.01648
9014,40.603443,-74.01633
9015,40.60228,-74.010216
9016,40.60506,-74.01688
9017,40.60235,-74.00897
9018,40.60194,-74.01049
9019,40.603855,-74.00777
9020,40.602657,-73.99872
9021,40.60219,-74.01008
9022,40.60234,-73.99165
9023,40.5982,-73.9959
9024,40.5982,-73.9959
9025,40.604343,-73.975716
9026,40.604343,-73.975716
9027,40.606907,-73.989426
9028,40.60693,-73.987656
9029,40.604057,-73.99619
9030,40.603344,-73.97533
9031,40.599354,-73.98445
9032,40.60394,-73.97681
9033,40.604374,-73.97827
9034,40.604256,-73.98633
9035,40.600582,-73.99045
9036,40.60507,-73.97762
9037,40.606766,-73.98207
9038,40.604317,-73.9865
9039,40.60579,-73.98271
9040,40.60107,-73.99323
9041,40.598907,-73.99631
9042,40.600204,-73.98089
9043,40.596394,-73.98258
9044,40.60856,-73.9815
9045,40.604916,-73.984566
9046,40.600395,-73.97751
9047,40.605885,-73.982834
9048,40.606007,-73.98288
9049,40.604073,-73.98756
9050,40.60184,-73.99553
9051,40.60062,-73.97552
9052,40.60507,-73.97762
9053,40.598907,-73.99631
9054,40.6029,-73.97504
9055,40.5982,-73.9959
9056,40.60739,-73.988556
9057,40.59819,-73.981026
9058,40.608547,-73.97802
9059,40.608192,-73.987755
9060,40.598907,-73.99631
9061,40.60756,-73.9819
9062,40.605022,-73.97685
9063,40.599434,-73.996284
9064,40.601414,-73.99597
9065,40.604504,-73.97664
9066,40.608803,-73.97561
9067,40.60383,-73.97853
9068,40.598907,-73.99631
9069,40.599266,-73.99336
9070,40.608334,-73.97894
9071,40.601414,-73.99597
9072,40.601986,-73.97628
9073,40.60852,-73.98949
9074,40.599384,-73.97485
9075,40.60714,-73.98574
9076,40.598648,-73.996254
9077,40.605247,-73.98288
9078,40.604576,-73.99252
9079,40.59871,-73.98015
9080,40.60064,-73.98081
9081,40.5982,-73.9959
9082,40.608788,-73.98057
9083,40.601414,-73.99597
9084,40.60756,-73.9819
9085,40.6002,-73.97595
9086,40.60184,-73.99553
9087,40.60184,-73.99553
9088,40.59991,-73.99526
9089,40.598648,-73.996254
9090,40.60805,-73.98234
9091,40.5982,-73.9959
9092,40.59934,-73.996086
9093,40.600372,-73.98858
9094,40.60481,-73.991974
9095,40.60323,-73.97652
9096,40.599545,-73.99307
9097,40.6,-73.988304
9098,40.60481,-73.991974
9099,40.60176,-73.97923
9100,40.59693,-73.97589
9101,40.60756,-73.9819
9102,40.608704,-73.976616
9103,40.60481,-73.991974
9104,40.607338,-73.97636
9105,40.607548,-73.97547
9106,40.608192,-73.987755
9107,40.608704,-73.976616
9108,40.60756,-73.9819
9109,40.606785,-73.98789
9110,40.5982,-73.9959
9111,40.605015,-73.976845
9112,40.59901,-73.993996
9113,40.605797,-73.98735
9114,40.60335,-73.98748
9115,40.598225,-73.97366
9116,40.596954,-73.98905
9117,40.60714,-73.98574
9118,40.605377,-73.97883
9119,40.599293,-73.99137
9120,40.6071,-73.99126
9121,40.5982,-73.9959
9122,40.598907,-73.99631
9123,40.60184,-73.99553
9124,40.597942,-73.992775
9125,40.604656,-73.99143
9126,40.604656,-73.99143
9127,40.604446,-74.0024
9128,40.601963,-74.01034
9129,40.60246,-74.010025
9130,40.60246,-74.010025
9131,40.60228,-74.010216
9132,40.601963,-74.01034
9133,40.607025,-74.013664
9134,40.602013,-74.00705
9135,40.603542,-74.0154
9136,40.6044,-74.01268
9137,40.600594,-74.00399
9138,40.607685,-74.01439
9139,40.600002,-73.99911
9140,40.600395,-74.00581
9141,40.604473,-74.01141
9142,40.602657,-73.99872
9143,40.5328,-74.15776
9144,40.537144,-74.146484
9145,40.53716,-74.14655
9146,40.53308,-74.16023
9147,40.536266,-74.14973
9148,40.544956,-74.156975
9149,40.535652,-74.148155
9150,40.542446,-74.14319
9151,40.538822,-74.15324
9152,40.53301,-74.1524
9153,40.540813,-74.1461
9154,40.540905,-74.14621
9155,40.540905,-74.14621
9156,40.54283,-74.14503
9157,40.544113,-74.145836
9158,40.541286,-74.15455
9159,40.540016,-74.152664
9160,40.535988,-74.14874
9161,40.538044,-74.1463
9162,40.53771,-74.15213
9163,40.539837,-74.15355
9164,40.539116,-74.15018
9165,40.544456,-74.15878
9166,40.53924,-74.15588
9167,40.537502,-74.15571
9168,40.541626,-74.15148
9169,40.54063,-74.158844
9170,40.53956,-74.149506
9171,40.54532,-74.156364
9172,40.54331,-74.15585
9173,40.53554,-74.15059
9174,40.539307,-74.146324
9175,40.543987,-74.15773
9176,40.538715,-74.14479
9177,40.539497,-74.154335
9178,40.53592,-74.15486
9179,40.533756,-74.15011
9180,40.533344,-74.15762
9181,40.54179,-74.15213
9182,40.535587,-74.15405
9183,40.539833,-74.150024
9184,40.5982,-73.9959
9185,40.60481,-73.991974
9186,40.60021,-73.98461
9187,40.59932,-73.9964
9188,40.600216,-73.98462
9189,40.60481,-73.991974
9190,40.60844,-73.98333
9191,40.601475,-73.98015
9192,40.600464,-73.99084
9193,40.60481,-73.991974
9194,40.604343,-73.97572
9195,40.603653,-73.98301
9196,40.5982,-73.9959
9197,40.59901,-73.993996
9198,40.598927,-73.993935
9199,40.60714,-73.98574
9200,40.60721,-73.99295
9201,40.60541,-73.98655
9202,40.60777,-73.99538
9203,40.60714,-73.98574
9204,40.60184,-73.99553
9205,40.60184,-73.99553
9206,40.598907,-73.99631
9207,40.607838,-73.99247
9208,40.60184,-73.99553
9209,40.60185,-73.98709
9210,40.59695,-73.99264
9211,40.60756,-73.9819
9212,40.604145,-73.98347
9213,40.60021,-73.98469
9214,40.604595,-73.996155
9215,40.607292,-73.99157
9216,40.606567,-73.97906
9217,40.598648,-73.996254
9218,40.596962,-73.99266
9219,40.60634,-73.98806
9220,40.598907,-73.99631
9221,40.601685,-73.98652
9222,40.598907,-73.99631
9223,40.57594,-74.08623
9224,40.581944,-74.0863
9225,40.59141,-74.07495
9226,40.5795,-74.107765
9227,40.5924,-74.09079
9228,40.57352,-74.111176
9229,40.593796,-74.100685
9230,40.581635,-74.1
9231,40.575832,-74.113
9232,40.5791,-74.10744
9233,40.5795,-74.107765
9234,40.579105,-74.10743
9235,40.5815,-74.0829
9236,40.58748,-74.10919
9237,40.594078,-74.0889
9238,40.5942,-74.08487
9239,40.593414,-74.0844
9240,40.57543,-74.094666
9241,40.586754,-74.09308
9242,40.591408,-74.07496
9243,40.57994,-74.094025
9244,40.58768,-74.11032
9245,40.572865,-74.11002
9246,40.59522,-74.073715
9247,40.58766,-74.093155
9248,40.57907,-74.1079
9249,40.579792,-74.0987
9250,40.585037,-74.09693
9251,40.573658,-74.08814
9252,40.586796,-74.09
9253,40.582703,-74.10156
9254,40.577206,-74.11
9255,40.57907,-74.1079
9256,40.571342,-74.096016
9257,40.591232,-74.085526
9258,40.596134,-74.07072
9259,40.593002,-74.07966
9260,40.581585,-74.106705
9261,40.581,-74.09577
9262,40.578197,-74.09308
9263,40.594143,-74.10069
9264,40.60952,-74.06681
9265,40.614315,-74.031746
9266,40.608006,-74.06575
9267,40.608624,-74.06609
9268,40.61439,-74.03015
9269,40.61212,-74.035355
9270,40.613285,-74.065216
9271,40.61439,-74.03015
9272,40.620045,-74.03831
9273,40.608532,-74.05881
9274,40.614513,-74.03695
9275,40.605774,-74.06568
9276,40.6131,-74.031395
9277,40.614315,-74.031746
9278,40.615234,-74.0375
9279,40.620674,-74.03482
9280,40.61572,-74.03683
9281,40.614513,-74.03695
9282,40.617413,-74.02369
9283,40.614513,-74.03695
9284,40.60739,-74.06363
9285,40.619823,-74.03932
9286,40.61439,-74.03015
9287,40.611057,-74.06023
9288,40.605335,-73.98984
9289,40.598927,-73.993935
9290,40.597942,-73.992775
9291,40.606785,-73.98789
9292,40.598907,-73.99631
9293,40.601772,-73.98549
9294,40.604874,-73.97588
9295,40.598824,-73.98657
9296,40.60597,-73.98764
9297,40.607346,-73.98545
9298,40.596645,-73.994125
9299,40.604195,-73.97422
9300,40.608532,-73.996056
9301,40.60019,-73.98046
9302,40.607307,-73.988686
9303,40.60558,-73.99628
9304,40.606445,-73.99469
9305,40.603035,-73.9967
9306,40.600697,-73.98375
9307,40.606686,-73.9966
9308,40.60558,-73.99628
9309,40.603027,-73.977066
9310,40.597713,-73.99555
9311,40.60714,-73.98574
9312,40.601414,-73.99597
9313,40.605377,-73.97883
9314,40.598026,-73.98848
9315,40.601555,-73.979195
9316,40.60481,-73.991974
9317,40.60714,-73.98574
9318,40.60714,-73.98574
9319,40.598927,-73.993935
9320,40.59901,-73.993996
9321,40.608425,-73.97919
9322,40.601845,-73.97626
9323,40.605286,-73.9952
9324,40.60481,-73.991974
9325,40.59994,-73.98106
9326,40.60481,-73.991974
9327,40.585285,-73.98818
9328,40.577686,-73.99379
9329,40.58546,-73.974014
9330,40.585503,-73.98806
9331,40.59343,-73.97663
9332,40.58851,-73.98825
9333,40.575256,-73.97428
9334,40.586193,-73.97405
9335,40.57679,-74.00615
9336,40.575256,-73.97428
9337,40.57524,-73.9991
9338,40.589947,-73.98995
9339,40.57711,-73.9841
9340,40.577503,-73.97342
9341,40.585503,-73.98806
9342,40.582962,-73.98836
9343,40.593655,-73.97819
9344,40.57721,-73.99647
9345,40.582962,-73.98836
9346,40.575256,-73.99993
9347,40.586525,-73.984245
9348,40.577427,-73.97379
9349,40.586525,-73.984245
9350,40.586796,-73.98439
9351,40.59312,-73.975784
9352,40.575256,-73.97428
9353,40.593925,-73.99078
9354,40.585503,-73.98806
9355,40.578564,-74.01105
9356,40.59547,-73.97767
9357,40.5792,-74.00989
9358,40.586525,-73.984245
9359,40.58569,-73.98484
9360,40.589,-73.991844
9361,40.568382,-74.11353
9362,40.563477,-74.10539
9363,40.56982,-74.09615
9364,40.566933,-74.103584
9365,40.55848,-74.11056
9366,40.563732,-74.100815
9367,40.56587,-74.103935
9368,40.569244,-74.09275
9369,40.564636,-74.10486
9370,40.56398,-74.09983
9371,40.565434,-74.10408
9372,40.56151,-74.11356
9373,40.55971,-74.11261
9374,40.562393,-74.10442
9375,40.560974,-74.10294
9376,40.5645,-74.09945
9377,40.564278,-74.1052
9378,40.561028,-74.105034
9379,40.564484,-74.09902
9380,40.563297,-74.1004
9381,40.565193,-74.102165
9382,40.560295,-74.109566
9383,40.565193,-74.10627
9384,40.569244,-74.09275
9385,40.565784,-74.10311
9386,40.565907,-74.10843
9387,40.56334,-74.10738
9388,40.563,-74.1098
9389,40.565765,-74.10318
9390,40.56286,-74.11056
9391,40.56282,-74.104034
9392,40.569637,-74.09209
9393,40.562275,-74.10282
9394,40.56208,-74.10362
9395,40.56087,-74.10181
9396,40.56171,-74.11391
9397,40.569042,-74.09282
9398,40.55898,-74.10895
9399,40.563683,-74.10924
9400,40.562775,-74.10408
9401,40.56598,-74.10859
9402,40.534714,-74.15827
9403,40.541725,-74.15654
9404,40.538578,-74.14279
9405,40.53978,-74.158005
9406,40.533157,-74.154625
9407,40.539104,-74.15988
9408,40.538578,-74.14279
9409,40.537712,-74.15293
9410,40.53273,-74.15624
9411,40.53815,-74.15136
9412,40.53857,-74.14279
9413,40.535053,-74.15739
9414,40.545467,-74.15776
9415,40.533867,-74.15279
9416,40.541504,-74.158585
9417,40.53192,-74.15889
9418,40.543392,-74.15212
9419,40.545414,-74.15524
9420,40.545475,-74.157776
9421,40.54551,-74.14395
9422,40.530403,-74.159515
9423,40.53939,-74.143074
9424,40.53469,-74.16044
9425,40.54387,-74.15933
9426,40.53865,-74.14802
9427,40.539753,-74.15683
9428,40.540897,-74.156395
9429,40.52917,-74.158165
9430,40.54007,-74.15784
9431,40.545254,-74.1447
9432,40.537148,-74.14647
9433,40.534107,-74.16026
9434,40.528206,-74.16116
9435,40.543793,-74.15924
9436,40.54088,-74.16024
9437,40.535442,-74.15556
9438,40.54502,-74.15825
9439,40.538795,-74.15229
9440,40.545017,-74.15826
9441,40.540478,-74.15285
9442,40.53932,-74.14565
9443,40.565952,-74.108604
9444,40.565247,-74.10325
9445,40.56088,-74.10699
9446,40.564735,-74.09994
9447,40.566017,-74.10869
9448,40.564247,-74.10273
9449,40.56416,-74.10282
9450,40.56398,-74.1043
9451,40.55881,-74.1091
9452,40.55951,-74.108246
9453,40.562153,-74.10248
9454,40.56182,-74.11409
9455,40.56887,-74.1122
9456,40.564964,-74.104546
9457,40.563988,-74.099594
9458,40.564716,-74.10715
9459,40.564514,-74.10495
9460,40.570927,-74.09637
9461,40.569637,-74.09209
9462,40.570312,-74.09508
9463,40.55915,-74.11384
9464,40.56061,-74.10137
9465,40.564297,-74.100494
9466,40.559544,-74.108315
9467,40.56375,-74.09978
9468,40.560787,-74.113884
9469,40.56382,-74.098976
9470,40.56293,-74.10026
9471,40.564503,-74.106895
9472,40.563473,-74.107994
9473,40.569847,-74.09503
9474,40.56116,-74.102394
9475,40.563896,-74.109344
9476,40.576504,-73.98984
9477,40.577427,-73.97379
9478,40.589466,-73.99113
9479,40.58913,-73.991806
9480,40.586525,-73.984245
9481,40.586796,-73.98439
9482,40.5909,-73.98875
9483,40.576538,-74.004395
9484,40.585503,-73.98806
9485,40.577427,-73.97379
9486,40.58003,-74.00819
9487,40.590446,-73.973495
9488,40.577427,-73.97379
9489,40.590904,-73.98875
9490,40.576584,-74.00397
9491,40.576958,-74.007744
9492,40.578285,-73.97376
9493,40.592617,-73.977936
9494,40.595684,-73.99628
9495,40.589,-73.991844
9496,40.590572,-73.99108
9497,40.586525,-73.984245
9498,40.575375,-73.974495
9499,40.57597,-73.98884
9500,40.57674,-74.011154
9501,40.588562,-73.9907
9502,40.57603,-73.9736
9503,40.575844,-74.008644
9504,40.589466,-73.99113
9505,40.575375,-73.974495
9506,40.594036,-73.9885
9507,40.575375,-73.974495
9508,40.5783,-73.9735
9509,40.586525,-73.984245
9510,40.577427,-73.97379
9511,40.575256,-73.97428
9512,40.579395,-73.98256
9513,40.57939,-73.98263
9514,40.589,-73.991844
9515,40.575256,-73.97428
9516,40.58719,-73.98411
9517,40.575375,-73.974495
9518,40.585655,-73.98832
9519,40.59407,-73.97775
9520,40.587116,-73.988434
9521,40.58569,-73.98484
9522,40.58569,-73.98484
9523,40.58055,-74.00608
9524,40.58552,-73.98837
9525,40.591496,-73.99687
9526,40.578285,-73.97376
9527,40.585938,-73.986885
9528,40.575375,-73.974495
9529,40.589466,-73.99113
9530,40.59021,-73.97556
9531,40.592266,-73.97726
9532,40.587116,-73.988434
9533,40.575256,-73.97428
9534,40.595688,-73.99704
9535,40.586525,-73.984245
9536,40.58023,-74.0031
9537,40.586796,-73.98439
9538,40.575256,-73.97428
9539,40.595688,-73.99704
9540,40.589,-73.991844
9541,40.585503,-73.98806
9542,40.595688,-73.99704
9543,40.595688,-73.99704
9544,40.579006,-74.0049
9545,40.578163,-73.985825
9546,40.575256,-73.97428
9547,40.586803,-73.98902
9548,40.595688,-73.99704
9549,40.578285,-73.97376
9550,40.577427,-73.97379
9551,40.586796,-73.98439
9552,40.586525,-73.984245
9553,40.586796,-73.98439
9554,40.575256,-73.97428
9555,40.59611,-73.98751
9556,40.595688,-73.99704
9557,40.59611,-73.98751
9558,40.586796,-73.98439
9559,40.578285,-73.97376
9560,40.586796,-73.98439
9561,40.575302,-73.99455
9562,40.575108,-73.974495
9563,40.578285,-73.97376
9564,40.586796,-73.98439
9565,40.577427,-73.97379
9566,40.575375,-73.974495
9567,40.586525,-73.984245
9568,40.586525,-73.984245
9569,40.586796,-73.98439
9570,40.595383,-73.97765
9571,40.588562,-73.9907
9572,40.585503,-73.98806
9573,40.586796,-73.98439
9574,40.586525,-73.984245
9575,40.586796,-73.98439
9576,40.594715,-73.99125
9577,40.577175,-73.99844
9578,40.587433,-73.98831
9579,40.588562,-73.9907
9580,40.587357,-73.98825
9581,40.586525,-73.984245
9582,40.59174,-73.98715
9583,40.575375,-73.99785
9584,40.586796,-73.98439
9585,40.587433,-73.98831
9586,40.57685,-73.98947
9587,40.575256,-73.97428
9588,40.5774,-73.9738
9589,40.577194,-73.9983
9590,40.576717,-73.99268
9591,40.588562,-73.9907
9592,40.587357,-73.98825
9593,40.590984,-73.98685
9594,40.57764,-73.99421
9595,40.577427,-73.97379
9596,40.592747,-73.97752
9597,40.589,-73.991844
9598,40.585636,-73.98447
9599,40.58637,-73.98389
9600,40.578285,-73.97376
9601,40.584877,-73.984505
9602,40.585503,-73.98806
9603,40.589466,-73.99113
9604,40.585503,-73.98806
9605,40.575256,-73.97428
9606,40.576756,-73.99378
9607,40.575855,-73.99794
9608,40.58059,-74.00572
9609,40.594913,-73.977936
9610,40.5774,-73.9738
9611,40.590363,-73.98588
9612,40.57809,-74.006905
9613,40.576984,-73.986275
9614,40.580727,-74.00446
9615,40.595688,-73.99704
9616,40.573563,-74.00535
9617,40.57871,-74.00317
9618,40.575375,-73.974495
9619,40.586525,-73.984245
9620,40.595676,-73.9876
9621,40.577427,-73.97379
9622,40.577427,-73.97379
9623,40.575256,-73.97428
9624,40.592964,-73.98778
9625,40.59301,-73.98786
9626,40.586327,-73.98992
9627,40.586796,-73.98439
9628,40.577427,-73.97379
9629,40.577427,-73.97379
9630,40.578285,-73.97376
9631,40.586796,-73.98439
9632,40.575256,-73.97428
9633,40.5905,-73.9921
9634,40.589,-73.991844
9635,40.589,-73.991844
9636,40.589,-73.991844
9637,40.588562,-73.9907
9638,40.577427,-73.97379
9639,40.58571,-74.09165
9640,40.589294,-74.08674
9641,40.580147,-74.08717
9642,40.59335,-74.08038
9643,40.584915,-74.10607
9644,40.58256,-74.10694
9645,40.57753,-74.11062
9646,40.579494,-74.10775
9647,40.591274,-74.07221
9648,40.590607,-74.08582
9649,40.590202,-74.073906
9650,40.57297,-74.10921
9651,40.579098,-74.10743
9652,40.579807,-74.09747
9653,40.5795,-74.10777
9654,40.59286,-74.089485
9655,40.58426,-74.106895
9656,40.579678,-74.08721
9657,40.591377,-74.084114
9658,40.58713,-74.08962
9659,40.574123,-74.0931
9660,40.57343,-74.092766
9661,40.58489,-74.10092
9662,40.580345,-74.09765
9663,40.582977,-74.09472
9664,40.590004,-74.101616
9665,40.582718,-74.10296
9666,40.574516,-74.110535
9667,40.595116,-74.07467
9668,40.573727,-74.09754
9669,40.5943,-74.07419
9670,40.58201,-74.09231
9671,40.57203,-74.09011
9672,40.593254,-74.09847
9673,40.579117,-74.09983
9674,40.578957,-74.09895
9675,40.595036,-74.10373
9676,40.573814,-74.09731
9677,40.575516,-74.090866
9678,40.571712,-74.11426
9679,40.593903,-74.105995
9680,40.61717,-74.098206
9681,40.61367,-74.08895
9682,40.603878,-74.08822
9683,40.601574,-74.0769
9684,40.608494,-74.08557
9685,40.60337,-74.07194
9686,40.618835,-74.09491
9687,40.616096,-74.09036
9688,40.603374,-74.07196
9689,40.60449,-74.10667
9690,40.607826,-74.0924
9691,40.60464,-74.099464
9692,40.61245,-74.07243
9693,40.598812,-74.09144
9694,40.61897,-74.10702
9695,40.602894,-74.10996
9696,40.612755,-74.10387
9697,40.614704,-74.07325
9698,40.61175,-74.100525
9699,40.617584,-74.09781
9700,40.61476,-74.100395
9701,40.619576,-74.0958
9702,40.610813,-74.07454
9703,40.607876,-74.074104
9704,40.607975,-74.0843
9705,40.609196,-74.07495
9706,40.610363,-74.06899
9707,40.620106,-74.109825
9708,40.60249,-74.08747
9709,40.598114,-74.09022
9710,40.61542,-74.10157
9711,40.60788,-74.08505
9712,40.62011,-74.10984
9713,40.618965,-74.10701
9714,40.60957,-74.09639
9715,40.614254,-74.08034
9716,40.615868,-74.07585
9717,40.59688,-74.08934
9718,40.61397,-74.087616
9719,40.620975,-74.111176
9720,40.59828,-74.09432
9721,40.60648,-74.0888
9722,40.603138,-74.08099
9723,40.615414,-74.10156
9724,40.60656,-74.103424
9725,40.61294,-74.07533
9726,40.618835,-74.09491
9727,40.60414,-74.0745
9728,40.596607,-74.09653
9729,40.606037,-74.087105
9730,40.6025,-74.094315
9731,40.597885,-74.07738
9732,40.61394,-74.07952
9733,40.61488,-74.089195
9734,40.60854,-74.073456
9735,40.60756,-74.08122
9736,40.602833,-74.09726
9737,40.598717,-74.09213
9738,40.6028,-74.103775
9739,40.610466,-74.06943
9740,40.597836,-74.07466
9741,40.618237,-74.08318
9742,40.599583,-74.077484
9743,40.61916,-74.08913
9744,40.614864,-74.08707
9745,40.612183,-74.072945
9746,40.610798,-74.092995
9747,40.59766,-74.07629
9748,40.6095,-74.08032
9749,40.596905,-74.074165
9750,40.61978,-74.07888
9751,40.59859,-74.09631
9752,40.61559,-74.1
9753,40.61076,-74.093575
9754,40.604206,-74.09932
9755,40.62047,-74.10252
9756,40.61883,-74.0949
9757,40.607365,-74.096756
9758,40.60249,-74.08747
9759,40.603416,-74.08911
9760,40.619576,-74.0958
9761,40.60182,-74.08536
9762,40.601963,-74.08527
9763,40.607426,-74.079025
9764,40.600727,-74.090485
9765,40.596264,-74.10407
9766,40.61897,-74.10701
9767,40.60938,-74.099785
9768,40.610374,-74.07212
9769,40.59883,-74.083405
9770,40.61245,-74.07243
9771,40.61973,-74.08618
9772,40.60746,-74.08364
9773,40.60431,-74.08471
9774,40.607456,-74.08365
9775,40.6178,-74.103806
9776,40.618385,-74.07925
9777,40.601154,-74.08469
9778,40.62111,-74.10722
9779,40.61157,-74.07311
9780,40.59882,-74.09145
9781,40.59654,-74.077675
9782,40.60556,-74.07133
9783,40.619633,-74.08544
9784,40.59739,-74.110146
9785,40.60922,-74.07324
9786,40.620724,-74.10933
9787,40.602074,-74.10958
9788,40.59953,-74.09009
9789,40.613037,-74.09849
9790,40.60655,-74.08986
9791,40.60815,-74.074104
9792,40.597282,-74.09808
9793,40.612446,-74.07307
9794,40.61233,-74.07329
9795,40.617588,-74.0978
9796,40.620106,-74.109825
9797,40.60814,-74.07409
9798,40.620106,-74.109825
9799,40.61534,-74.098656
9800,40.618835,-74.09491
9801,40.612473,-74.093094
9802,40.611164,-74.07878
9803,40.60009,-74.09598
9804,40.61389,-74.085594
9805,40.61897,-74.10701
9806,40.59973,-74.10171
9807,40.6038,-74.09026
9808,40.619213,-74.08437
9809,40.60814,-74.07409
9810,40.606377,-74.09863
9811,40.596306,-74.08995
9812,40.59948,-74.0748
9813,40.61577,-74.101845
9814,40.6186,-74.090385
9815,40.61378,-74.10699
9816,40.61684,-74.07819
9817,40.602703,-74.068436
9818,40.597233,-74.07852
9819,40.60017,-74.081924
9820,40.606243,-74.10293
9821,40.614082,-74.06774
9822,40.59851,-74.10109
9823,40.61897,-74.10701
9824,40.60884,-74.08683
9825,40.605022,-74.100006
9826,40.60338,-74.071945
9827,40.613037,-74.09849
9828,40.613247,-74.085785
9829,40.603237,-74.07019
9830,40.608265,-74.09777
9831,40.612816,-74.09916
9832,40.612595,-74.10576
9833,40.617577,-74.070984
9834,40.60203,-74.08419
9835,40.60882,-74.08569
9836,40.620106,-74.109825
9837,40.621273,-74.07816
9838,40.597992,-74.08785
9839,40.599144,-74.09137
9840,40.617065,-74.07897
9841,40.619892,-74.07333
9842,40.615356,-74.08628
9843,40.607933,-74.11383
9844,40.611816,-74.09436
9845,40.6206,-74.08368
9846,40.600513,-74.09892
9847,40.61671,-74.10149
9848,40.600845,-74.07868
9849,40.61303,-74.09848
9850,40.61303,-74.09848
9851,40.62016,-74.073
9852,40.61757,-74.07426
9853,40.608093,-74.0739
9854,40.612186,-74.0676
9855,40.599964,-74.10272
9856,40.60249,-74.08747
9857,40.60664,-74.093414
9858,40.607697,-74.0994
9859,40.60427,-74.075264
9860,40.601715,-74.076935
9861,40.60211,-74.087845
9862,40.59716,-74.07913
9863,40.616787,-74.101746
9864,40.60814,-74.07409
9865,40.59844,-74.08905
9866,40.600204,-74.08819
9867,40.611874,-74.104324
9868,40.61885,-74.06932
9869,40.59845,-74.09007
9870,40.61106,-74.09175
9871,40.60255,-74.09908
9872,40.60432,-74.090225
9873,40.619232,-74.08446
9874,40.59671,-74.06816
9875,40.607178,-74.100296
9876,40.615704,-74.08599
9877,40.620106,-74.109825
9878,40.609776,-74.08013
9879,40.61891,-74.07503
9880,40.6203,-74.07364
9881,40.60142,-74.0959
9882,40.60556,-74.07133
9883,40.618572,-74.10346
9884,40.620724,-74.110695
9885,40.616013,-74.102036
9886,40.616043,-74.08611
9887,40.601856,-74.07815
9888,40.598248,-74.09151
9889,40.599277,-74.08776
9890,40.61076,-74.093575
9891,40.605343,-74.09386
9892,40.618965,-74.10702
9893,40.597054,-74.08928
9894,40.596985,-74.07586
9895,40.61336,-74.11263
9896,40.61032,-74.06983
9897,40.62098,-74.111176
9898,40.597614,-74.08214
9899,40.604225,-74.096794
9900,40.616074,-74.088646
9901,40.598087,-74.067986
9902,40.612083,-74.09049
9903,40.61834,-74.085915
9904,40.60031,-74.0764
9905,40.602398,-74.083405
9906,40.61476,-74.08565
9907,40.611923,-74.07605
9908,40.60338,-74.071945
9909,40.603878,-74.08822
9910,40.615536,-74.097885
9911,40.619305,-74.089455
9912,40.620106,-74.109825
9913,40.608974,-74.071785
9914,40.602386,-74.093445
9915,40.61897,-74.10701
9916,40.619022,-74.08628
9917,40.60889,-74.10191
9918,40.60387,-74.08823
9919,40.60061,-74.06772
9920,40.612225,-74.10867
9921,40.619286,-74.07992
9922,40.604824,-74.07461
9923,40.618744,-74.08156
9924,40.61494,-74.106415
9925,40.607124,-74.097084
9926,40.609367,-74.07163
9927,40.598255,-74.09152
9928,40.59913,-74.09131
9929,40.610798,-74.092995
9930,40.616463,-74.08602
9931,40.616203,-74.07218
9932,40.618977,-74.107025
9933,40.606277,-74.09365
9934,40.603493,-74.10894
9935,40.613033,-74.09848
9936,40.619434,-74.07781
9937,40.619183,-74.080086
9938,40.61774,-74.08428
9939,40.600216,-74.093834
9940,40.608143,-74.0741
9941,40.617115,-74.098236
9942,40.609516,-74.070564
9943,40.61551,-74.08852
9944,40.611557,-74.08809
9945,40.608044,-74.08272
9946,40.60205,-74.08406
9947,40.612823,-74.09917
9948,40.608036,-74.08271
9949,40.601467,-74.0971
9950,40.604053,-74.085594
9951,40.60235,-74.083305
9952,40.615047,-74.09839
9953,40.612892,-74.086815
9954,40.60557,-74.071335
9955,40.618973,-74.107025
9956,40.61257,-74.06768
9957,40.598892,-74.08324
9958,40.60248,-74.087456
9959,40.60587,-74.068184
9960,40.607834,-74.0913
9961,40.61369,-74.09612
9962,40.617893,-74.09785
9963,40.616592,-74.08395
9964,40.59807,-74.07547
9965,40.617607,-74.10256
9966,40.59761,-74.0922
9967,40.6012,-74.10088
9968,40.612537,-74.09347
9969,40.60339,-74.085724
9970,40.605583,-74.096985
9971,40.61076,-74.093575
9972,40.601273,-74.09999
9973,40.607616,-74.08313
9974,40.6121,-74.08736
9975,40.597767,-74.099304
9976,40.60338,-74.071945
9977,40.616337,-74.070274
9978,40.61705,-74.07117
9979,40.6089,-74.08677
9980,40.620106,-74.109825
9981,40.618782,-74.08078
9982,40.613472,-74.11202
9983,40.607227,-74.0933
9984,40.612644,-74.10519
9985,40.603947,-74.08989
9986,40.612816,-74.09916
9987,40.617687,-74.07477
9988,40.615097,-74.06962
9989,40.610794,-74.092995
9990,40.60814,-74.07409
9991,40.615246,-74.068535
9992,40.61558,-74.08874
9993,40.603004,-74.07763
9994,40.604225,-74.09775
9995,40.607887,-74.09942
9996,40.597866,-74.08061
9997,40.613953,-74.10164
9998,40.612637,-74.10518
9999,40.603878,-74.08822
10000,40.6169,-74.090706
10001,40.608116,-74.10088
10002,40.608257,-74.09776
10003,40.62112,-74.105865
10004,40.597702,-74.07274
10005,40.618935,-74.08694
10006,40.611362,-74.08539
10007,40.60338,-74.071945
10008,40.6151,-74.08514
10009,40.59672,-74.0761
10010,40.60894,-74.09569
10011,40.59928,-74.08414
10012,40.615814,-74.081894
10013,40.60316,-74.090904
10014,40.611477,-74.10346
10015,40.614662,-74.077515
10016,40.604935,-74.069756
10017,40.619057,-74.10671
10018,40.613033,-74.09849
10019,40.61319,-74.07864
10020,40.598976,-74.091415
10021,40.59767,-74.09037
10022,40.618336,-74.09364
10023,40.60026,-74.07177
10024,40.60091,-74.09446
10025,40.601097,-74.11049
10026,40.619476,-74.08113
10027,40.61417,-74.10375
10028,40.59733,-74.093796
10029,40.610023,-74.068726
10030,40.610798,-74.093
10031,40.612816,-74.09916
10032,40.60053,-74.09411
10033,40.60992,-74.07366
10034,40.62062,-74.0821
10035,40.60401,-74.097336
10036,40.607677,-74.06738
10037,40.606888,-74.09325
10038,40.61897,-74.10701
10039,40.618828,-74.09489
10040,40.60693,-74.10171
10041,40.59549,-74.07007
10042,40.592716,-74.08547
10043,40.571453,-74.09288
10044,40.57689,-74.08959
10045,40.58131,-74.113174
10046,40.5914,-74.09075
10047,40.592327,-74.06988
10048,40.575897,-74.1082
10049,40.585033,-74.09691
10050,40.573227,-74.10905
10051,40.5753,-74.09135
10052,40.571934,-74.08959
10053,40.5928,-74.08908
10054,40.57456,-74.10194
10055,40.57331,-74.093124
10056,40.57911,-74.10744
10057,40.579105,-74.107445
10058,40.592407,-74.0731
10059,40.576797,-74.0962
10060,40.580193,-74.10248
10061,40.585533,-74.10681
10062,40.579494,-74.10775
10063,40.59218,-74.07387
10064,40.58865,-74.09908
10065,40.58857,-74.109856
10066,40.57824,-74.1142
10067,40.578754,-74.09959
10068,40.577953,-74.0999
10069,40.585274,-74.10233
10070,40.589252,-74.09147
10071,40.573654,-74.10998
10072,40.592644,-74.07678
10073,40.594425,-74.07685
10074,40.579494,-74.10775
10075,40.591724,-74.0761
10076,40.590946,-74.10028
10077,40.593605,-74.088165
10078,40.59481,-74.10752
10079,40.595547,-74.09397
10080,40.58113,-74.11064
10081,40.579018,-74.087036
10082,40.60972,-74.12714
10083,40.620808,-74.1285
10084,40.603683,-74.13417
10085,40.602608,-74.13357
10086,40.62046,-74.14595
10087,40.604374,-74.13234
10088,40.607754,-74.1499
10089,40.601303,-74.157936
10090,40.611115,-74.14619
10091,40.602074,-74.117355
10092,40.603592,-74.13677
10093,40.60141,-74.13278
10094,40.616,-74.13494
10095,40.618725,-74.15567
10096,40.60125,-74.13483
10097,40.605442,-74.12723
10098,40.60015,-74.12391
10099,40.608414,-74.16045
10100,40.608337,-74.114784
10101,40.61215,-74.145515
10102,40.61484,-74.14317
10103,40.60465,-74.12767
10104,40.6119,-74.14914
10105,40.619,-74.13299
10106,40.61904,-74.133026
10107,40.60012,-74.13513
10108,40.612514,-74.12152
10109,40.601036,-74.13852
10110,40.61225,-74.14613
10111,40.621044,-74.14297
10112,40.601707,-74.13925
10113,40.60408,-74.11939
10114,40.606705,-74.14772
10115,40.614624,-74.124016
10116,40.603706,-74.11749
10117,40.613148,-74.12578
10118,40.60947,-74.1319
10119,40.611748,-74.159615
10120,40.61153,-74.14707
10121,40.611233,-74.16118
10122,40.611687,-74.12359
10123,40.618828,-74.09489
10124,40.60814,-74.07409
10125,40.598248,-74.09151
10126,40.62026,-74.078926
10127,40.60948,-74.06907
10128,40.615505,-74.08384
10129,40.610016,-74.06871
10130,40.600742,-74.090065
10131,40.61414,-74.099945
10132,40.618317,-74.07613
10133,40.617958,-74.07032
10134,40.601406,-74.08426
10135,40.602253,-74.08593
10136,40.5963,-74.08994
10137,40.618565,-74.0864
10138,40.62011,-74.10984
10139,40.606655,-74.08906
10140,40.613037,-74.09849
10141,40.596436,-74.06994
10142,40.611,-74.0741
10143,40.598248,-74.09151
10144,40.614937,-74.07129
10145,40.60289,-74.08575
10146,40.61303,-74.09848
10147,40.59936,-74.09542
10148,40.608635,-74.085884
10149,40.596424,-74.06993
10150,40.609093,-74.083855
10151,40.6096,-74.07129
10152,40.600227,-74.09521
10153,40.61153,-74.06984
10154,40.599075,-74.09195
10155,40.61081,-74.08779
10156,40.61787,-74.07584
10157,40.61749,-74.08586
10158,40.602158,-74.09506
10159,40.613037,-74.09459
10160,40.61076,-74.093575
10161,40.599342,-74.08478
10162,40.61287,-74.08098
10163,40.617393,-74.13457
10164,40.61777,-74.14193
10165,40.607132,-74.15102
10166,40.598537,-74.11887
10167,40.605503,-74.11835
10168,40.6156,-74.131714
10169,40.617302,-74.12431
10170,40.61309,-74.115524
10171,40.61952,-74.15285
10172,40.60163,-74.13649
10173,40.618008,-74.15506
10174,40.600914,-74.11895
10175,40.610428,-74.12774
10176,40.618744,-74.12435
10177,40.615845,-74.144966
10178,40.62015,-74.151985
10179,40.611416,-74.1489
10180,40.611935,-74.12304
10181,40.599304,-74.119194
10182,40.603798,-74.12906
10183,40.618904,-74.119286
10184,40.615364,-74.152275
10185,40.618034,-74.15633
10186,40.608383,-74.15256
10187,40.617027,-74.14888
10188,40.60872,-74.16098
10189,40.610287,-74.12376
10190,40.62071,-74.14208
10191,40.60507,-74.13525
10192,40.598793,-74.11871
10193,40.602295,-74.119736
10194,40.606255,-74.146034
10195,40.60677,-74.15899
10196,40.615616,-74.12197
10197,40.616634,-74.13052
10198,40.611614,-74.1192
10199,40.62127,-74.14235
10200,40.60144,-74.12636
10201,40.614235,-74.129814
10202,40.605877,-74.13956
10203,40.57262,-74.13488
10204,40.58109,-74.161125
10205,40.592014,-74.15168
10206,40.585983,-74.14818
10207,40.572716,-74.1233
10208,40.584526,-74.1486
10209,40.581196,-74.15756
10210,40.58062,-74.126366
10211,40.593063,-74.159676
10212,40.59096,-74.1514
10213,40.58684,-74.14916
10214,40.578297,-74.15779
10215,40.584908,-74.15992
10216,40.577507,-74.125916
10217,40.591118,-74.1532
10218,40.58881,-74.149864
10219,40.57252,-74.122955
10220,40.576138,-74.14304
10221,40.58881,-74.149864
10222,40.578007,-74.1605
10223,40.571568,-74.13361
10224,40.588318,-74.14951
10225,40.59468,-74.1602
10226,40.574368,-74.13996
10227,40.59046,-74.1474
10228,40.594673,-74.160194
10229,40.5899,-74.15155
10230,40.575024,-74.130486
10231,40.577503,-74.1259
10232,40.589077,-74.15054
10233,40.578247,-74.16076
10234,40.58864,-74.15088
10235,40.58948,-74.14756
10236,40.5916,-74.15405
10237,40.59306,-74.15966
10238,40.578285,-74.15778
10239,40.575752,-74.121796
10240,40.58046,-74.15692
10241,40.5795,-74.135605
10242,40.58163,-74.15779
10243,40.571117,-74.12354
10244,40.679527,-73.90895
10245,40.694363,-73.91998
10246,40.67847,-73.90919
10247,40.682083,-73.91215
10248,40.693333,-73.923195
10249,40.68943,-73.91474
10250,40.680527,-73.91445
10251,40.676113,-73.917274
10252,40.683914,-73.91398
10253,40.689384,-73.913155
10254,40.686504,-73.9236
10255,40.68156,-73.885376
10256,40.6923,-73.916145
10257,40.67979,-73.88719
10258,40.693092,-73.918884
10259,40.687622,-73.91413
10260,40.682507,-73.92624
10261,40.672523,-73.89331
10262,40.681732,-73.8909
10263,40.67571,-73.90987
10264,40.69525,-73.92068
10265,40.69189,-73.90718
10266,40.677242,-73.88618
10267,40.679726,-73.90725
10268,40.697136,-73.91257
10269,40.693333,-73.923164
10270,40.696613,-73.90723
10271,40.692856,-73.91021
10272,40.677814,-73.89701
10273,40.677814,-73.89701
10274,40.688095,-73.919945
10275,40.71392,-73.9463
10276,40.715916,-73.94079
10277,40.71574,-73.93935
10278,40.71584,-73.93949
10279,40.719032,-73.943825
10280,40.716404,-73.9459
10281,40.716736,-73.942345
10282,40.717278,-73.943375
10283,40.715958,-73.94558
10284,40.7139,-73.94543
10285,40.71504,-73.94883
10286,40.719017,-73.94096
10287,40.713505,-73.944786
10288,40.610794,-74.092995
10289,40.61897,-74.10701
10290,40.612682,-74.09337
10291,40.60609,-74.08718
10292,40.60191,-74.11279
10293,40.60338,-74.071945
10294,40.613125,-74.10763
10295,40.60186,-74.090256
10296,40.61258,-74.10614
10297,40.607655,-74.07892
10298,40.615078,-74.0773
10299,40.602158,-74.07405
10300,40.601406,-74.09018
10301,40.605286,-74.0882
10302,40.609688,-74.08596
10303,40.611134,-74.089584
10304,40.610275,-74.08378
10305,40.62113,-74.11202
10306,40.596264,-74.07789
10307,40.611256,-74.07523
10308,40.61274,-74.104256
10309,40.60912,-74.09783
10310,40.61831,-74.07936
10311,40.618828,-74.09489
10312,40.61002,-74.06737
10313,40.619812,-74.07232
10314,40.601017,-74.094406
10315,40.60599,-74.08515
10316,40.604546,-74.0954
10317,40.610012,-74.06737
10318,40.607777,-74.0956
10319,40.619297,-74.07321
10320,40.59761,-74.10325
10321,40.61577,-74.080025
10322,40.61485,-74.10049
10323,40.598255,-74.09152
10324,40.616856,-74.070915
10325,40.612457,-74.07403
10326,40.618294,-74.10027
10327,40.620106,-74.109825
10328,40.693336,-73.91228
10329,40.692898,-73.90619
10330,40.681164,-73.88811
10331,40.676655,-73.90725
10332,40.684013,-73.88347
10333,40.683334,-73.889854
10334,40.6863,-73.915016
10335,40.696438,-73.89503
10336,40.6784,-73.89069
10337,40.693336,-73.91228
10338,40.696358,-73.895706
10339,40.680195,-73.91008
10340,40.681293,-73.886635
10341,40.674625,-73.88696
10342,40.67385,-73.893005
10343,40.69599,-73.92463
10344,40.67615,-73.918015
10345,40.677834,-73.91233
10346,40.67432,-73.889595
10347,40.692368,-73.9032
10348,40.68388,-73.9208
10349,40.689453,-73.9194
10350,40.683975,-73.90613
10351,40.686314,-73.913826
10352,40.678127,-73.91976
10353,40.693184,-73.92411
10354,40.696774,-73.901276
10355,40.679325,-73.8908
10356,40.693447,-73.92634
10357,40.687645,-73.92312
10358,40.679188,-73.88226
10359,40.685616,-73.90968
10360,40.68308,-73.907455
10361,40.682182,-73.91791
10362,40.67411,-73.908646
10363,40.684902,-73.92093
10364,40.687595,-73.9136
10365,40.681126,-73.9221
10366,40.682278,-73.89429
10367,40.67468,-73.905975
10368,40.69654,-73.890495
10369,40.68189,-73.921036
10370,40.679005,-73.891266
10371,40.67963,-73.90805
10372,40.68466,-73.88318
10373,40.68262,-73.91217
10374,40.685497,-73.91969
10375,40.676716,-73.912285
10376,40.67564,-73.88962
10377,40.676903,-73.92452
10378,40.67542,-73.89116
10379,40.68237,-73.92089
10380,40.682278,-73.89211
10381,40.687645,-73.92312
10382,40.680527,-73.91445
10383,40.686016,-73.92405
10384,40.685764,-73.91216
10385,40.679398,-73.89173
10386,40.684994,-73.91085
10387,40.690624,-73.90725
10388,40.683445,-73.90751
10389,40.68692,-73.91252
10390,40.672997,-73.89347
10391,40.690365,-73.91901
10392,40.69408,-73.92405
10393,40.686523,-73.91128
10394,40.693447,-73.92634
10395,40.6424,-73.97457
10396,40.6424,-73.97457
10397,40.642838,-73.976814
10398,40.63651,-73.99506
10399,40.635967,-73.98265
10400,40.639057,-73.99321
10401,40.63624,-73.98327
10402,40.638893,-73.99052
10403,40.639496,-73.98941
10404,40.643654,-73.97678
10405,40.643867,-73.978096
10406,40.646687,-73.974045
10407,40.646687,-73.974045
10408,40.646687,-73.974045
10409,40.646027,-73.98149
10410,40.636803,-73.99309
10411,40.646687,-73.974045
10412,40.64324,-73.97644
10413,40.639744,-73.98906
10414,40.645058,-73.99467
10415,40.634834,-73.99075
10416,40.646687,-73.974045
10417,40.63534,-73.98554
10418,40.639145,-73.975365
10419,40.639797,-73.97549
10420,40.642757,-73.976814
10421,40.638603,-73.98082
10422,40.642838,-73.976814
10423,40.64441,-73.973656
10424,40.636837,-73.993324
10425,40.63544,-73.97561
10426,40.64245,-73.983955
10427,40.696365,-73.89043
10428,40.6913,-73.91361
10429,40.677197,-73.92154
10430,40.684177,-73.91709
10431,40.69042,-73.91143
10432,40.6951,-73.926125
10433,40.697124,-73.88748
10434,40.69158,-73.916145
10435,40.695137,-73.88997
10436,40.692844,-73.91328
10437,40.69695,-73.890335
10438,40.675232,-73.8924
10439,40.69106,-73.91548
10440,40.67657,-73.90881
10441,40.695633,-73.889145
10442,40.686817,-73.92094
10443,40.693333,-73.923195
10444,40.68692,-73.91252
10445,40.68499,-73.92089
10446,40.693333,-73.923195
10447,40.680397,-73.891075
10448,40.684994,-73.91085
10449,40.693333,-73.923195
10450,40.684307,-73.91157
10451,40.68474,-73.922325
10452,40.680527,-73.91445
10453,40.675934,-73.88467
10454,40.69525,-73.92068
10455,40.687866,-73.90574
10456,40.677742,-73.91889
10457,40.690865,-73.91995
10458,40.695683,-73.88916
10459,40.675625,-73.88995
10460,40.678097,-73.91194
10461,40.691654,-73.91093
10462,40.677814,-73.89701
10463,40.6951,-73.91134
10464,40.682198,-73.9249
10465,40.69085,-73.90464
10466,40.67453,-73.90874
10467,40.682163,-73.892334
10468,40.677814,-73.89701
10469,40.68245,-73.90475
10470,40.68692,-73.91252
10471,40.69468,-73.89081
10472,40.69678,-73.907524
10473,40.685616,-73.90968
10474,40.675667,-73.90917
10475,40.68307,-73.89463
10476,40.682602,-73.9254
10477,40.688496,-73.91448
10478,40.68767,-73.916466
10479,40.674362,-73.8866
10480,40.69241,-73.90315
10481,40.676216,-73.91412
10482,40.718,-73.9558
10483,40.71588,-73.96102
10484,40.71379,-73.95055
10485,40.71844,-73.96388
10486,40.71844,-73.96388
10487,40.710552,-73.968155
10488,40.710552,-73.968155
10489,40.720238,-73.95646
10490,40.71483,-73.95335
10491,40.720238,-73.95646
10492,40.71844,-73.96388
10493,40.714832,-73.95335
10494,40.7193,-73.96397
10495,40.716652,-73.96873
10496,40.716564,-73.95184
10497,40.71959,-73.964096
10498,40.71844,-73.96388
10499,40.71844,-73.96388
10500,40.71,-73.96289
10501,40.719597,-73.9642
10502,40.717365,-73.96339
10503,40.712166,-73.958405
10504,40.717712,-73.95707
10505,40.710873,-73.9572
10506,40.719597,-73.9642
10507,40.678993,-73.8827
10508,40.693184,-73.92411
10509,40.687485,-73.92203
10510,40.687645,-73.92312
10511,40.694805,-73.89139
10512,40.68599,-73.923325
10513,40.672653,-73.92451
10514,40.696236,-73.901146
10515,40.683098,-73.91706
10516,40.684994,-73.91085
10517,40.688766,-73.91962
10518,40.681007,-73.89256
10519,40.696102,-73.894485
10520,40.69671,-73.8925
10521,40.68166,-73.89484
10522,40.693333,-73.923195
10523,40.693333,-73.923195
10524,40.69562,-73.89509
10525,40.69692,-73.89288
10526,40.693333,-73.923195
10527,40.687645,-73.92312
10528,40.680756,-73.883766
10529,40.67863,-73.91065
10530,40.687645,-73.92312
10531,40.688732,-73.92432
10532,40.693333,-73.923195
10533,40.67955,-73.89049
10534,40.693333,-73.923195
10535,40.683502,-73.884315
10536,40.709633,-73.95279
10537,40.703587,-73.958725
10538,40.70336,-73.9576
10539,40.70218,-73.95132
10540,40.709194,-73.9585
10541,40.70317,-73.95741
10542,40.709373,-73.96365
10543,40.709267,-73.96164
10544,40.697723,-73.97293
10545,40.70982,-73.9579
10546,40.7096,-73.96192
10547,40.7096,-73.96192
10548,40.699646,-73.95827
10549,40.699646,-73.95827
10550,40.703144,-73.95133
10551,40.707382,-73.96365
10552,40.700867,-73.95487
10553,40.700867,-73.95487
10554,40.70451,-73.955025
10555,40.707153,-73.959236
10556,40.70929,-73.962906
10557,40.700233,-73.95085
10558,40.707493,-73.96354
10559,40.70923,-73.96929
10560,40.701584,-73.95137
10561,40.707436,-73.963486
10562,40.70163,-73.952736
10563,40.70923,-73.96929
10564,40.705482,-73.967255
10565,40.709633,-73.95279
10566,40.708866,-73.94024
10567,40.69764,-73.935455
10568,40.69891,-73.93123
10569,40.70806,-73.94023
10570,40.703167,-73.94756
10571,40.699444,-73.93461
10572,40.697723,-73.92689
10573,40.701023,-73.92914
10574,40.70418,-73.94879
10575,40.700027,-73.936554
10576,40.703167,-73.94756
10577,40.70655,-73.937744
10578,40.708515,-73.940895
10579,40.708363,-73.94183
10580,40.703167,-73.94756
10581,40.708866,-73.94024
10582,40.703167,-73.94756
10583,40.707012,-73.9491
10584,40.70212,-73.94746
10585,40.69904,-73.92909
10586,40.708866,-73.94024
10587,40.702812,-73.94657
10588,40.703857,-73.948715
10589,40.703167,-73.94756
10590,40.720173,-73.81312
10591,40.715786,-73.83176
10592,40.71814,-73.81761
10593,40.718506,-73.81097
10594,40.72063,-73.81189
10595,40.718506,-73.81097
10596,40.718506,-73.81097
10597,40.7184,-73.8109
10598,40.716022,-73.831375
10599,40.713127,-73.81909
10600,40.713127,-73.81909
10601,40.712402,-73.81193
10602,40.7123,-73.81705
10603,40.711227,-73.813126
10604,40.719143,-73.8192
10605,40.713127,-73.81909
10606,40.720173,-73.81312
10607,40.71825,-73.81804
10608,40.713127,-73.81909
10609,40.718464,-73.80212
10610,40.71478,-73.785995
10611,40.714226,-73.79256
10612,40.710293,-73.79139
10613,40.721897,-73.79933
10614,40.7207,-73.79795
10615,40.721447,-73.79827
10616,40.72083,-73.79861
10617,40.712475,-73.804985
10618,40.7204,-73.79881
10619,40.71726,-73.80253
10620,40.715294,-73.80399
10621,40.721615,-73.804794
10622,40.718994,-73.80225
10623,40.713394,-73.80854
10624,40.71482,-73.79692
10625,40.71482,-73.79692
10626,40.713406,-73.80842
10627,40.71302,-73.808304
10628,40.718513,-73.78753
10629,40.72064,-73.80255
10630,40.71266,-73.79163
10631,40.718513,-73.78753
10632,40.710743,-73.79781
10633,40.71544,-73.79092
10634,40.720276,-73.808426
10635,40.71138,-73.789154
10636,40.716717,-73.80738
10637,40.71266,-73.79163
10638,40.72137,-73.78936
10639,40.71463,-73.78851
10640,40.71267,-73.78706
10641,40.719234,-73.80622
10642,40.715233,-73.80853
10643,40.72048,-73.80846
10644,40.710403,-73.79886
10645,40.71886,-73.800865
10646,40.71175,-73.8052
10647,40.71569,-73.80393
10648,40.719128,-73.79997
10649,40.714825,-73.79569
10650,40.71231,-73.78749
10651,40.712666,-73.78706
10652,40.71138,-73.789154
10653,40.712666,-73.78706
10654,40.72092,-73.78931
10655,40.71231,-73.78749
10656,40.712666,-73.78706
10657,40.72149,-73.80098
10658,40.71366,-73.79484
10659,40.712666,-73.78706
10660,40.712666,-73.78706
10661,40.712666,-73.78706
10662,40.712524,-73.79735
10663,40.7154,-73.7947
10664,40.712666,-73.78706
10665,40.710293,-73.79139
10666,40.719116,-73.802284
10667,40.713303,-73.7889
10668,40.717606,-73.78927
10669,40.71267,-73.78706
10670,40.71138,-73.789154
10671,40.711437,-73.78604
10672,40.710922,-73.80059
10673,40.710403,-73.79886
10674,40.71792,-73.80099
10675,40.711876,-73.79278
10676,40.717644,-73.79284
10677,40.71162,-73.78572
10678,40.71504,-73.805016
10679,40.71231,-73.78749
10680,40.712666,-73.78706
10681,40.717045,-73.785736
10682,40.714825,-73.79569
10683,40.72048,-73.80846
10684,40.71463,-73.78851
10685,40.721806,-73.80777
10686,40.713955,-73.80152
10687,40.721947,-73.78696
10688,40.71466,-73.795364
10689,40.710197,-73.80162
10690,40.710423,-73.785904
10691,40.719467,-73.79908
10692,40.7135,-73.79011
10693,40.721184,-73.789795
10694,40.71138,-73.789154
10695,40.71482,-73.79692
10696,40.7101,-73.78606
10697,40.715755,-73.79219
10698,40.713036,-73.884224
10699,40.700653,-73.92615
10700,40.71778,-73.90347
10701,40.717583,-73.882065
10702,40.717472,-73.90551
10703,40.710983,-73.900856
10704,40.705254,-73.887085
10705,40.71618,-73.88412
10706,40.706825,-73.90917
10707,40.712765,-73.88262
10708,40.703777,-73.91483
10709,40.72124,-73.888306
10710,40.71652,-73.881546
10711,40.710495,-73.91549
10712,40.70765,-73.90111
10713,40.703793,-73.91299
10714,40.716614,-73.88323
10715,40.709103,-73.91884
10716,40.71997,-73.90194
10717,40.700325,-73.90444
10718,40.7165,-73.91303
10719,40.714783,-73.89815
10720,40.70516,-73.88799
10721,40.705475,-73.88623
10722,40.713863,-73.8968
10723,40.714474,-73.885056
10724,40.699963,-73.9006
10725,40.715843,-73.88582
10726,40.717255,-73.90104
10727,40.70785,-73.89762
10728,40.700127,-73.88477
10729,40.705704,-73.89655
10730,40.713593,-73.89569
10731,40.707787,-73.897575
10732,40.715843,-73.88582
10733,40.700417,-73.91567
10734,40.713547,-73.89586
10735,40.687897,-73.8665
10736,40.678875,-73.847244
10737,40.695885,-73.86022
10738,40.67497,-73.87939
10739,40.673203,-73.84232
10740,40.682865,-73.87123
10741,40.69462,-73.83916
10742,40.69241,-73.86506
10743,40.69449,-73.86178
10744,40.68423,-73.86676
10745,40.688473,-73.83793
10746,40.6901,-73.861244
10747,40.681213,-73.84345
10748,40.697136,-73.8346
10749,40.689423,-73.83689
10750,40.686455,-73.83674
10751,40.679546,-73.84471
10752,40.683823,-73.86557
10753,40.68171,-73.852264
10754,40.694965,-73.86319
10755,40.67367,-73.84054
10756,40.673283,-73.8446
10757,40.68672,-73.86043
10758,40.68247,-73.84971
10759,40.682922,-73.85601
10760,40.69241,-73.86506
10761,40.695374,-73.85988
10762,40.69413,-73.84075
10763,40.67272,-73.850494
10764,40.692486,-73.859474
10765,40.692677,-73.85618
10766,40.688286,-73.8469
10767,40.672672,-73.87691
10768,40.689182,-73.85691
10769,40.675404,-73.842865
10770,40.6798,-73.8467
10771,40.6919,-73.84081
10772,40.688576,-73.851006
10773,40.686417,-73.84987
10774,40.679314,-73.83364
10775,40.675976,-73.863754
10776,40.683468,-73.83666
10777,40.68446,-73.87228
10778,40.692623,-73.8434
10779,40.672226,-73.87908
10780,40.690502,-73.85853
10781,40.689674,-73.85498
10782,40.679024,-73.832954
10783,40.673428,-73.84238
10784,40.68053,-73.87247
10785,40.683662,-73.87858
10786,40.695156,-73.860634
10787,40.687496,-73.84774
10788,40.687916,-73.85169
10789,40.678795,-73.86431
10790,40.690502,-73.85853
10791,40.695316,-73.855255
10792,40.688118,-73.85359
10793,40.67328,-73.85173
10794,40.67695,-73.842674
10795,40.689003,-73.85779
10796,40.68408,-73.86674
10797,40.6899,-73.85359
10798,40.6846,-73.8375
10799,40.681168,-73.859055
10800,40.681866,-73.86571
10801,40.688267,-73.85212
10802,40.687557,-73.92138
10803,40.683643,-73.91881
10804,40.67605,-73.89188
10805,40.692314,-73.92557
10806,40.69599,-73.92463
10807,40.686615,-73.908134
10808,40.678127,-73.91976
10809,40.687645,-73.92312
10810,40.690746,-73.913445
10811,40.674717,-73.89149
10812,40.673443,-73.887085
10813,40.68181,-73.9152
10814,40.67578,-73.89349
10815,40.67459,-73.917946
10816,40.69528,-73.89195
10817,40.695972,-73.88982
10818,40.690075,-73.917625
10819,40.675766,-73.893585
10820,40.681187,-73.89219
10821,40.676617,-73.88306
10822,40.683163,-73.88391
10823,40.679176,-73.909584
10824,40.682182,-73.91791
10825,40.679886,-73.910866
10826,40.688606,-73.914375
10827,40.69648,-73.88756
10828,40.686577,-73.9152
10829,40.69654,-73.89456
10830,40.68755,-73.91613
10831,40.68031,-73.90898
10832,40.72132,-73.79822
10833,40.715347,-73.791046
10834,40.720592,-73.80147
10835,40.71138,-73.789154
10836,40.717716,-73.80153
10837,40.720592,-73.80147
10838,40.71055,-73.79784
10839,40.713573,-73.79019
10840,40.710094,-73.78901
10841,40.710403,-73.79886
10842,40.712444,-73.80085
10843,40.71277,-73.808174
10844,40.712666,-73.78706
10845,40.71231,-73.78749
10846,40.71267,-73.78706
10847,40.712666,-73.78706
10848,40.712334,-73.78735
10849,40.712666,-73.78706
10850,40.713303,-73.7889
10851,40.710403,-73.79886
10852,40.72077,-73.78994
10853,40.713303,-73.7889
10854,40.71935,-73.802345
10855,40.713303,-73.7889
10856,40.711014,-73.78783
10857,40.71478,-73.792435
10858,40.71463,-73.78851
10859,40.714634,-73.79647
10860,40.710423,-73.785904
10861,40.722042,-73.80148
10862,40.713303,-73.80631
10863,40.71384,-73.78857
10864,40.711437,-73.78604
10865,40.719776,-73.80209
10866,40.711437,-73.78604
10867,40.67704,-73.85182
10868,40.677647,-73.8772
10869,40.677395,-73.87339
10870,40.692837,-73.8508
10871,40.69465,-73.84516
10872,40.682587,-73.84707
10873,40.68924,-73.84736
10874,40.67335,-73.84451
10875,40.690266,-73.854454
10876,40.68739,-73.85336
10877,40.673832,-73.8493
10878,40.685585,-73.833374
10879,40.69583,-73.8631
10880,40.695103,-73.8589
10881,40.69249,-73.859474
10882,40.683037,-73.86976
10883,40.67611,-73.872635
10884,40.67714,-73.845406
10885,40.683674,-73.83538
10886,40.694023,-73.864044
10887,40.69376,-73.83984
10888,40.69304,-73.86195
10889,40.6857,-73.86141
10890,40.69128,-73.84803
10891,40.692024,-73.85527
10892,40.685097,-73.85514
10893,40.695972,-73.83785
10894,40.682217,-73.83336
10895,40.690456,-73.851944
10896,40.69265,-73.83718
10897,40.696247,-73.85546
10898,40.68008,-73.86252
10899,40.674862,-73.846405
10900,40.672714,-73.83922
10901,40.689644,-73.85942
10902,40.6836,-73.87156
10903,40.68327,-73.87271
10904,40.67966,-73.846634
10905,40.674923,-73.83925
10906,40.679115,-73.85315
10907,40.69448,-73.85949
10908,40.6957,-73.837715
10909,40.673187,-73.87819
10910,40.691624,-73.85257
10911,40.68676,-73.84607
10912,40.696423,-73.85063
10913,40.689194,-73.865074
10914,40.691425,-73.84285
10915,40.692383,-73.85621
10916,40.679943,-73.84282
10917,40.69321,-73.865326
10918,40.683056,-73.8532
10919,40.684296,-73.84399
10920,40.677868,-73.84967
10921,40.68354,-73.87339
10922,40.68358,-73.85824
10923,40.693516,-73.84714
10924,40.677505,-73.84659
10925,40.696106,-73.85301
10926,40.673214,-73.840416
10927,40.67375,-73.85714
10928,40.67473,-73.87215
10929,40.694378,-73.84972
10930,40.678032,-73.84956
10931,40.692062,-73.86494
10932,40.67505,-73.8495
10933,40.696472,-73.84847
10934,40.679707,-73.83284
10935,40.691322,-73.83551
10936,40.69404,-73.841064
10937,40.68008,-73.86252
10938,40.694485,-73.86663
10939,40.692696,-73.84055
10940,40.683308,-73.83609
10941,40.69058,-73.84059
10942,40.696957,-73.845764
10943,40.678585,-73.84668
10944,40.68549,-73.85436
10945,40.69213,-73.86496
10946,40.69309,-73.86052
10947,40.689026,-73.85123
10948,40.683388,-73.862144
10949,40.67552,-73.84789
10950,40.678413,-73.85186
10951,40.69524,-73.85974
10952,40.68282,-73.83435
10953,40.68183,-73.866295
10954,40.67372,-73.83976
10955,40.67918,-73.87211
10956,40.679543,-73.87248
10957,40.682358,-73.838135
10958,40.688934,-73.85103
10959,40.693256,-73.85322
10960,40.689426,-73.83559
10961,40.67419,-73.852776
10962,40.673504,-73.84049
10963,40.67473,-73.87215
10964,40.674923,-73.873505
10965,40.686424,-73.856766
10966,40.68875,-73.84812
10967,40.692657,-73.83372
10968,40.676632,-73.85886
10969,40.672646,-73.84999
10970,40.6784,-73.83465
10971,40.690193,-73.85519
10972,40.692795,-73.83408
10973,40.679752,-73.862495
10974,40.689667,-73.848564
10975,40.684536,-73.8717
10976,40.689255,-73.863235
10977,40.68958,-73.84753
10978,40.68996,-73.852684
10979,40.68659,-73.834595
10980,40.684452,-73.86599
10981,40.68877,-73.857704
10982,40.69617,-73.84834
10983,40.68012,-73.86867
10984,40.693005,-73.84988
10985,40.679577,-73.838356
10986,40.693558,-73.856705
10987,40.69127,-73.85408
10988,40.68485,-73.86409
10989,40.683273,-73.86093
10990,40.695515,-73.83762
10991,40.693386,-73.85005
10992,40.686886,-73.85917
10993,40.67343,-73.84172
10994,40.6766,-73.850975
10995,40.683167,-73.83387
10996,40.676495,-73.83262
10997,40.675915,-73.87618
10998,40.688404,-73.84696
10999,40.694214,-73.83264
11000,40.687943,-73.866516
11001,40.68393,-73.86026
11002,40.678764,-73.85221
11003,40.68282,-73.863365
11004,40.679752,-73.862495
11005,40.68917,-73.85811
11006,40.697033,-73.845436
11007,40.686558,-73.85683
11008,40.693573,-73.86295
11009,40.688282,-73.8469
11010,40.69145,-73.854576
11011,40.68901,-73.85122
11012,40.681038,-73.83279
11013,40.673927,-73.85317
11014,40.676285,-73.835625
11015,40.690903,-73.78652
11016,40.686337,-73.786644
11017,40.687878,-73.79471
11018,40.695168,-73.788445
11019,40.69193,-73.80364
11020,40.68798,-73.80286
11021,40.693176,-73.78842
11022,40.68693,-73.80469
11023,40.68561,-73.80425
11024,40.696526,-73.787605
11025,40.687023,-73.808586
11026,40.684765,-73.8054
11027,40.68498,-73.79773
11028,40.69144,-73.79045
11029,40.69218,-73.803276
11030,40.696262,-73.805855
11031,40.685577,-73.79406
11032,40.687195,-73.804054
11033,40.685078,-73.793365
11034,40.68655,-73.79535
11035,40.684658,-73.798195
11036,40.693394,-73.80568
11037,40.689026,-73.808304
11038,40.687263,-73.789024
11039,40.69159,-73.79259
11040,40.685696,-73.802124
11041,40.686214,-73.792625
11042,40.69048,-73.80766
11043,40.68677,-73.80491
11044,40.688675,-73.795006
11045,40.68683,-73.79068
11046,40.69227,-73.80098
11047,40.690887,-73.79042
11048,40.688572,-73.79751
11049,40.69628,-73.7874
11050,40.69447,-73.7966
11051,40.68683,-73.79068
11052,40.68004,-73.81597
11053,40.675785,-73.81824
11054,40.68154,-73.82001
11055,40.67429,-73.81776
11056,40.680595,-73.82429
11057,40.68092,-73.831436
11058,40.67621,-73.81322
11059,40.675133,-73.82505
11060,40.676167,-73.81049
11061,40.684444,-73.830986
11062,40.67748,-73.823685
11063,40.67728,-73.818695
11064,40.676308,-73.815056
11065,40.67714,-73.81121
11066,40.679405,-73.81278
11067,40.67903,-73.81952
11068,40.680695,-73.83201
11069,40.68199,-73.82773
11070,40.68097,-73.830444
11071,40.68215,-73.81552
11072,40.684216,-73.81618
11073,40.680275,-73.81512
11074,40.683563,-73.81061
11075,40.680634,-73.81388
11076,40.67288,-73.81819
11077,40.68153,-73.82205
11078,40.67927,-73.818665
11079,40.67884,-73.820206
11080,40.67762,-73.82447
11081,40.68353,-73.83171
11082,40.683125,-73.82362
11083,40.683575,-73.82183
11084,40.676853,-73.81154
11085,40.674297,-73.81776
11086,40.67526,-73.81941
11087,40.681515,-73.82955
11088,40.68207,-73.81309
11089,40.67505,-73.82455
11090,40.687454,-73.7978
11091,40.6869,-73.80372
11092,40.688633,-73.80219
11093,40.68943,-73.79235
11094,40.687016,-73.78573
11095,40.686275,-73.79482
11096,40.685905,-73.78973
11097,40.69446,-73.79134
11098,40.691933,-73.78655
11099,40.686108,-73.79111
11100,40.69449,-73.80035
11101,40.68736,-73.804245
11102,40.69613,-73.78955
11103,40.685085,-73.79539
11104,40.694508,-73.78686
11105,40.692635,-73.8036
11106,40.688774,-73.78779
11107,40.696564,-73.79065
11108,40.69067,-73.78759
11109,40.685818,-73.791794
11110,40.68797,-73.80259
11111,40.695545,-73.809006
11112,40.693928,-73.80194
11113,40.685085,-73.801476
11114,40.694996,-73.78926
11115,40.690945,-73.78647
11116,40.684826,-73.79827
11117,40.688587,-73.79174
11118,40.689632,-73.79057
11119,40.68618,-73.79189
11120,40.686558,-73.792015
11121,40.686905,-73.80138
11122,40.688957,-73.80383
11123,40.686993,-73.791565
11124,40.690254,-73.79087
11125,40.694027,-73.788635
11126,40.691967,-73.79125
11127,40.694397,-73.7883
11128,40.687912,-73.80407
11129,40.690388,-73.79055
11130,40.69543,-73.78965
11131,40.691967,-73.79125
11132,40.68493,-73.79471
11133,40.688553,-73.79653
11134,40.687695,-73.79306
11135,40.688866,-73.80338
11136,40.688488,-73.79668
11137,40.69083,-73.79519
11138,40.686146,-73.79993
11139,40.690567,-73.79215
11140,40.692406,-73.80374
11141,40.694714,-73.7914
11142,40.685356,-73.80261
11143,40.685875,-73.79632
11144,40.68707,-73.80391
11145,40.68653,-73.79121
11146,40.691822,-73.80851
11147,40.69224,-73.79032
11148,40.6904,-73.85191
11149,40.68137,-73.85385
11150,40.67882,-73.86388
11151,40.691235,-73.84801
11152,40.686054,-73.85839
11153,40.67962,-73.850525
11154,40.677444,-73.86411
11155,40.690952,-73.844124
11156,40.67561,-73.84212
11157,40.68476,-73.83931
11158,40.692177,-73.85611
11159,40.687534,-73.85442
11160,40.6764,-73.85162
11161,40.67588,-73.84162
11162,40.692806,-73.83409
11163,40.6759,-73.84396
11164,40.690136,-73.85261
11165,40.679363,-73.84749
11166,40.6765,-73.832634
11167,40.673435,-73.87245
11168,40.68296,-73.83442
11169,40.694798,-73.83263
11170,40.692406,-73.834236
11171,40.695553,-73.83545
11172,40.68621,-73.87726
11173,40.691643,-73.85781
11174,40.67802,-73.8592
11175,40.674423,-73.8543
11176,40.686203,-73.8741
11177,40.680344,-73.85179
11178,40.679752,-73.862495
11179,40.67252,-73.875336
11180,40.682518,-73.86358
11181,40.681046,-73.85999
11182,40.672127,-73.858986
11183,40.685444,-73.85241
11184,40.67457,-73.853386
11185,40.681107,-73.84368
11186,40.67835,-73.85241
11187,40.6734,-73.83832
11188,40.676052,-73.87262
11189,40.69592,-73.86056
11190,40.69231,-73.84142
11191,40.6843,-73.83787
11192,40.687042,-73.86272
11193,40.693886,-73.864
11194,40.684055,-73.85349
11195,40.688866,-73.86565
11196,40.68695,-73.85769
11197,40.69648,-73.84956
11198,40.677998,-73.87766
11199,40.69367,-73.86636
11200,40.694935,-73.83586
11201,40.683586,-73.86324
11202,40.692635,-73.856865
11203,40.685555,-73.861534
11204,40.677254,-73.84646
11205,40.677174,-73.86441
11206,40.679752,-73.862495
11207,40.673855,-73.8424
11208,40.69267,-73.8372
11209,40.686787,-73.842865
11210,40.68505,-73.84326
11211,40.67397,-73.85403
11212,40.684765,-73.871666
11213,40.68713,-73.854225
11214,40.69284,-73.845215
11215,40.67858,-73.83296
11216,40.693676,-73.839806
11217,40.679188,-73.85129
11218,40.692833,-73.84524
11219,40.67359,-73.84242
11220,40.68617,-73.83496
11221,40.67929,-73.83363
11222,40.694847,-73.85199
11223,40.684475,-73.81527
11224,40.674557,-73.81188
11225,40.67676,-73.80941
11226,40.681816,-73.80972
11227,40.676422,-73.8209
11228,40.681698,-73.82293
11229,40.680042,-73.81595
11230,40.680763,-73.816444
11231,40.68084,-73.8314
11232,40.678925,-73.823456
11233,40.67661,-73.81641
11234,40.67273,-73.8202
11235,40.674187,-73.8191
11236,40.67283,-73.81228
11237,40.681858,-73.81498
11238,40.677807,-73.823814
11239,40.680405,-73.81927
11240,40.677193,-73.8157
11241,40.683334,-73.812294
11242,40.67645,-73.81634
11243,40.679092,-73.82629
11244,40.676895,-73.80947
11245,40.679207,-73.822655
11246,40.681606,-73.8296
11247,40.681847,-73.809616
11248,40.676895,-73.80947
11249,40.682022,-73.81905
11250,40.675045,-73.82263
11251,40.682354,-73.81214
11252,40.679577,-73.82657
11253,40.681713,-73.81793
11254,40.68022,-73.82314
11255,40.68236,-73.78814
11256,40.68236,-73.8078
11257,40.67695,-73.80092
11258,40.677906,-73.799835
11259,40.68019,-73.80699
11260,40.684433,-73.80516
11261,40.67298,-73.79416
11262,40.683582,-73.79152
11263,40.680702,-73.79015
11264,40.676445,-73.807594
11265,40.68384,-73.79879
11266,40.68384,-73.79879
11267,40.684143,-73.805016
11268,40.68021,-73.788666
11269,40.679375,-73.79398
11270,40.67948,-73.793655
11271,40.672207,-73.80856
11272,40.672283,-73.8044
11273,40.674713,-73.805374
11274,40.675312,-73.79504
11275,40.67725,-73.79556
11276,40.6803,-73.789055
11277,40.67695,-73.80092
11278,40.67753,-73.80011
11279,40.67641,-73.792175
11280,40.673393,-73.80056
11281,40.683212,-73.798485
11282,40.680447,-73.79515
11283,40.678806,-73.806244
11284,40.67371,-73.804504
11285,40.683617,-73.80429
11286,40.683987,-73.79887
11287,40.675304,-73.79411
11288,40.682453,-73.790474
11289,40.68319,-73.78797
11290,40.683147,-73.79345
11291,40.681355,-73.790504
11292,40.68043,-73.787766
11293,40.679897,-73.805855
11294,40.682087,-73.79894
11295,40.678616,-73.79323
11296,40.677746,-73.80015
11297,40.68086,-73.79048
11298,40.67511,-73.80348
11299,40.683388,-73.78977
11300,40.682045,-73.8089
11301,40.680244,-73.78867
11302,40.6781,-73.79895
11303,40.67487,-73.79399
11304,40.684353,-73.79427
11305,40.67607,-73.79637
11306,40.681953,-73.80395
11307,40.673447,-73.82579
11308,40.680637,-73.81269
11309,40.678383,-73.8102
11310,40.682346,-73.81437
11311,40.679947,-73.81721
11312,40.67766,-73.817924
11313,40.67996,-73.82006
11314,40.677834,-73.81201
11315,40.676918,-73.81557
11316,40.680195,-73.81074
11317,40.674507,-73.81797
11318,40.672886,-73.82211
11319,40.68355,-73.83172
11320,40.683132,-73.83181
11321,40.676407,-73.81131
11322,40.677807,-73.81901
11323,40.676846,-73.81853
11324,40.68276,-73.82041
11325,40.678684,-73.81542
11326,40.671993,-73.816536
11327,40.68213,-73.81312
11328,40.67641,-73.82361
11329,40.68109,-73.83153
11330,40.68404,-73.83079
11331,40.683655,-73.82086
11332,40.67985,-73.809616
11333,40.67739,-73.82364
11334,40.680996,-73.83011
11335,40.67706,-73.817635
11336,40.68324,-73.8302
11337,40.674618,-73.810905
11338,40.68153,-73.82205
11339,40.684124,-73.832
11340,40.68253,-73.826164
11341,40.68209,-73.80874
11342,40.67681,-73.80631
11343,40.674107,-73.79112
11344,40.67983,-73.79432
11345,40.677826,-73.80585
11346,40.67569,-73.80749
11347,40.683235,-73.79549
11348,40.679337,-73.7902
11349,40.679676,-73.80199
11350,40.6837,-73.79697
11351,40.68327,-73.79666
11352,40.672207,-73.80854
11353,40.677166,-73.80782
11354,40.678284,-73.78803
11355,40.680565,-73.79719
11356,40.67966,-73.78822
11357,40.681854,-73.78933
11358,40.680847,-73.78981
11359,40.677166,-73.80782
11360,40.679737,-73.79779
11361,40.680206,-73.79642
11362,40.68362,-73.790665
11363,40.682568,-73.799095
11364,40.68039,-73.79089
11365,40.679462,-73.804886
11366,40.680534,-73.79925
11367,40.676865,-73.80434
11368,40.675613,-73.79517
11369,40.674816,-73.79244
11370,40.675667,-73.794205
11371,40.67695,-73.799644
11372,40.674675,-73.79138
11373,40.68397,-73.79685
11374,40.674305,-73.7985
11375,40.681217,-73.78963
11376,40.675957,-73.78768
11377,40.678955,-73.80185
11378,40.67778,-73.789444
11379,40.68141,-73.798996
11380,40.67826,-73.79344
11381,40.677372,-73.79826
11382,40.674282,-73.79823
11383,40.680573,-73.79912
11384,40.675545,-73.79765
11385,40.681103,-73.78921
11386,40.675705,-73.79583
11387,40.679626,-73.794106
11388,40.67526,-73.80063
11389,40.67579,-73.79583
11390,40.6835,-73.79501
11391,40.68096,-73.79023
11392,40.676514,-73.8052
11393,40.677677,-73.808784
11394,40.67236,-73.80253
11395,40.673912,-73.793396
11396,40.682045,-73.79329
11397,40.679443,-73.802284
11398,40.67909,-73.80097
11399,40.67895,-73.79244
11400,40.675125,-73.80349
11401,40.67954,-73.78897
11402,40.680477,-73.793526
11403,40.68427,-73.796
11404,40.676636,-73.800865
11405,40.676,-73.793976
11406,40.679974,-73.78991
11407,40.683292,-73.79352
11408,40.681442,-73.7884
11409,40.67812,-73.7993
11410,40.674545,-73.79369
11411,40.683563,-73.805115
11412,40.680115,-73.79267
11413,40.681538,-73.793655
11414,40.682587,-73.80326
11415,40.678604,-73.793594
11416,40.681522,-73.794655
11417,40.67431,-73.80742
11418,40.684116,-73.79832
11419,40.682884,-73.79371
11420,40.678326,-73.79748
11421,40.68288,-73.7957
11422,40.674335,-73.7926
11423,40.67639,-73.79555
11424,40.679745,-73.801994
11425,40.673157,-73.79542
11426,40.675102,-73.79158
11427,40.682766,-73.787186
11428,40.68134,-73.800026
11429,40.67848,-73.78923
11430,40.679638,-73.80232
11431,40.679077,-73.8004
11432,40.67629,-73.8071
11433,40.674202,-73.803604
11434,40.67681,-73.7904
11435,40.680164,-73.791435
11436,40.67934,-73.807594
11437,40.676453,-73.80517
11438,40.68065,-73.787834
11439,40.68099,-73.79138
11440,40.682816,-73.79148
11441,40.684258,-73.798386
11442,40.676697,-73.79735
11443,40.67443,-73.79524
11444,40.684258,-73.798386
11445,40.68449,-73.7968
11446,40.673077,-73.8027
11447,40.677692,-73.80014
11448,40.68101,-73.78943
11449,40.68201,-73.800354
11450,40.682346,-73.79544
11451,40.682743,-73.79524
11452,40.682102,-73.79733
11453,40.67841,-73.79313
11454,40.67783,-73.80585
11455,40.684177,-73.79034
11456,40.676258,-73.808266
11457,40.68214,-73.798965
11458,40.67545,-73.79182
11459,40.678204,-73.79403
11460,40.683495,-73.79801
11461,40.68425,-73.789185
11462,40.67235,-73.80838
11463,40.676964,-73.79746
11464,40.68449,-73.791214
11465,40.682423,-73.79448
11466,40.676918,-73.78782
11467,40.67829,-73.79065
11468,40.67892,-73.802185
11469,40.674168,-73.79115
11470,40.677486,-73.79406
11471,40.684464,-73.79128
11472,40.675503,-73.79161
11473,40.680916,-73.808365
11474,40.68289,-73.796326
11475,40.67892,-73.802185
11476,40.683624,-73.79869
11477,40.682808,-73.79073
11478,40.675217,-73.787544
11479,40.675346,-73.79615
11480,40.682186,-73.7911
11481,40.679863,-73.80584
11482,40.682495,-73.794205
11483,40.677055,-73.80184
11484,40.679432,-73.801025
11485,40.679935,-73.788956
11486,40.674263,-73.798096
11487,40.672733,-73.79543
11488,40.709778,-73.81869
11489,40.708763,-73.82858
11490,40.705,-73.824135
11491,40.70961,-73.81653
11492,40.70752,-73.81846
11493,40.708374,-73.82841
11494,40.707943,-73.827354
11495,40.698326,-73.83108
11496,40.70752,-73.81846
11497,40.702534,-73.83103
11498,40.7097,-73.8306
11499,40.70981,-73.82895
11500,40.70577,-73.824776
11501,40.70981,-73.82895
11502,40.708736,-73.81692
11503,40.70397,-73.82632
11504,40.708775,-73.82866
11505,40.70936,-73.8285
11506,40.70752,-73.81846
11507,40.709606,-73.81653
11508,40.70573,-73.827385
11509,40.70972,-73.82864
11510,40.702637,-73.831856
11511,40.70896,-73.81663
11512,40.701237,-73.8246
11513,40.70084,-73.8263
11514,40.70221,-73.82938
11515,40.7051,-73.82382
11516,40.705,-73.824135
11517,40.7051,-73.82382
11518,40.698273,-73.832275
11519,40.7051,-73.82382
11520,40.702984,-73.83088
11521,40.703026,-73.81882
11522,40.70255,-73.83172
11523,40.704914,-73.829094
11524,40.718395,-73.87091
11525,40.71842,-73.85653
11526,40.71317,-73.8565
11527,40.720867,-73.85912
11528,40.7185,-73.86091
11529,40.720997,-73.859314
11530,40.72219,-73.866554
11531,40.719,-73.87696
11532,40.718765,-73.87245
11533,40.719833,-73.86394
11534,40.721405,-73.85614
11535,40.715294,-73.85832
11536,40.720997,-73.859314
11537,40.717083,-73.87833
11538,40.720524,-73.87007
11539,40.71517,-73.85825
11540,40.715294,-73.85832
11541,40.7209,-73.87373
11542,40.721054,-73.85932
11543,40.718304,-73.87825
11544,40.722305,-73.856064
11545,40.717453,-73.861755
11546,40.714382,-73.8564
11547,40.720867,-73.85912
11548,40.722305,-73.856064
11549,40.71823,-73.8793
11550,40.715973,-73.87322
11551,40.722256,-73.86854
11552,40.717243,-73.85994
11553,40.7171,-73.87821
11554,40.720295,-73.857124
11555,40.717915,-73.87906
11556,40.719624,-73.862206
11557,40.718708,-73.87081
11558,40.71257,-73.87206
11559,40.721405,-73.85614
11560,40.713947,-73.87453
11561,40.70936,-73.8285
11562,40.70934,-73.828674
11563,40.705254,-73.83245
11564,40.70725,-73.82917
11565,40.707294,-73.82991
11566,40.709778,-73.81869
11567,40.707558,-73.81624
11568,40.70125,-73.809814
11569,40.709778,-73.81869
11570,40.709274,-73.82761
11571,40.709778,-73.81869
11572,40.708942,-73.8159
11573,40.70981,-73.82895
11574,40.708237,-73.82745
11575,40.70758,-73.8301
11576,40.70227,-73.824745
11577,40.704865,-73.8214
11578,40.70606,-73.83148
11579,40.708942,-73.8159
11580,40.7051,-73.82382
11581,40.706345,-73.81487
11582,40.70302,-73.83123
11583,40.70503,-73.81163
11584,40.708553,-73.827805
11585,40.70853,-73.81653
11586,40.706123,-73.81529
11587,40.708584,-73.82798
11588,40.699192,-73.82298
11589,40.708584,-73.82798
11590,40.70518,-73.83225
11591,40.708843,-73.813065
11592,40.70125,-73.80981
11593,40.70934,-73.828674
11594,40.708275,-73.8287
11595,40.704865,-73.8214
11596,40.70754,-73.827415
11597,40.718746,-73.877525
11598,40.721405,-73.85614
11599,40.71879,-73.87942
11600,40.718037,-73.85969
11601,40.710873,-73.860886
11602,40.720295,-73.857124
11603,40.712624,-73.85852
11604,40.72194,-73.87121
11605,40.71657,-73.8735
11606,40.715717,-73.85634
11607,40.712284,-73.87668
11608,40.71075,-73.86153
11609,40.72219,-73.866554
11610,40.7132,-73.85641
11611,40.7222,-73.8666
11612,40.714115,-73.878204
11613,40.722263,-73.87257
11614,40.718925,-73.87874
11615,40.722057,-73.863464
11616,40.72218,-73.8561
11617,40.716488,-73.85723
11618,40.714157,-73.8719
11619,40.710682,-73.863266
11620,40.718227,-73.8573
11621,40.720295,-73.857124
11622,40.715538,-73.87871
11623,40.70994,-73.8615
11624,40.720867,-73.85912
11625,40.71867,-73.87527
11626,40.720875,-73.85903
11627,40.680477,-73.79945
11628,40.684174,-73.79634
11629,40.674297,-73.79418
11630,40.6817,-73.795135
11631,40.681057,-73.79122
11632,40.67801,-73.799286
11633,40.679966,-73.80133
11634,40.676373,-73.799904
11635,40.681446,-73.795
11636,40.6801,-73.79045
11637,40.68001,-73.78898
11638,40.67627,-73.80709
11639,40.67576,-73.788475
11640,40.678078,-73.80696
11641,40.68452,-73.80421
11642,40.6824,-73.80216
11643,40.679897,-73.805855
11644,40.680756,-73.79848
11645,40.681683,-73.795204
11646,40.67704,-73.794846
11647,40.682835,-73.79067
11648,40.68366,-73.80228
11649,40.682735,-73.79625
11650,40.67225,-73.797
11651,40.682117,-73.78939
11652,40.68275,-73.79061
11653,40.684326,-73.79642
11654,40.675674,-73.795204
11655,40.67552,-73.79883
11656,40.682804,-73.78934
11657,40.68278,-73.796135
11658,40.677013,-73.80877
11659,40.677864,-73.80164
11660,40.680477,-73.79945
11661,40.67674,-73.804276
11662,40.707436,-73.818535
11663,40.70752,-73.81846
11664,40.704865,-73.8214
11665,40.699562,-73.83242
11666,40.699623,-73.8119
11667,40.708275,-73.8287
11668,40.706604,-73.83189
11669,40.70725,-73.82917
11670,40.708374,-73.82841
11671,40.707043,-73.827126
11672,40.708775,-73.829056
11673,40.709778,-73.81869
11674,40.709778,-73.81869
11675,40.710514,-73.87204
11676,40.71308,-73.85666
11677,40.71339,-73.85686
11678,40.7197,-73.85917
11679,40.71308,-73.85666
11680,40.720997,-73.859314
11681,40.721844,-73.87113
11682,40.71977,-73.87389
11683,40.71442,-73.85637
11684,40.719524,-73.87038
11685,40.719086,-73.87292
11686,40.716747,-73.877205
11687,40.71977,-73.87389
11688,40.721584,-73.86081
11689,40.716747,-73.877205
11690,40.71269,-73.85914
11691,40.721977,-73.8669
11692,40.714157,-73.8719
11693,40.714565,-73.87873
11694,40.721977,-73.8669
11695,40.72224,-73.85627
11696,40.72224,-73.85627
11697,40.714157,-73.8719
11698,40.709934,-73.87801
11699,40.71719,-73.87628
11700,40.71384,-73.874344
11701,40.719933,-73.869255
11702,40.7111,-73.87429
11703,40.71517,-73.85825
11704,40.71648,-73.877205
11705,40.72218,-73.8561
11706,40.721405,-73.85614
11707,40.72224,-73.85627
11708,40.721405,-73.85614
11709,40.72224,-73.85627
11710,40.718777,-73.85956
11711,40.716488,-73.85723
11712,40.71302,-73.85831
11713,40.702938,-73.81278
11714,40.703304,-73.82841
11715,40.708008,-73.83168
11716,40.7097,-73.8306
11717,40.70624,-73.82624
11718,40.70606,-73.83148
11719,40.700565,-73.823654
11720,40.70725,-73.82917
11721,40.697704,-73.80928
11722,40.709778,-73.81869
11723,40.70712,-73.81395
11724,40.705254,-73.83245
11725,40.703728,-73.82842
11726,40.708374,-73.82841
11727,40.709778,-73.81869
11728,40.705112,-73.82169
11729,40.69972,-73.82605
11730,40.704994,-73.822716
11731,40.70777,-73.831604
11732,40.70896,-73.81663
11733,40.70871,-73.827194
11734,40.708237,-73.82745
11735,40.70761,-73.83149
11736,40.70725,-73.82917
11737,40.708553,-73.827805
11738,40.708775,-73.829056
11739,40.705112,-73.82169
11740,40.70729,-73.82991
11741,40.70686,-73.8269
11742,40.70098,-73.810196
11743,40.701275,-73.81397
11744,40.706078,-73.815254
11745,40.703407,-73.82747
11746,40.70125,-73.80981
11747,40.70265,-73.83207
11748,40.698143,-73.82246
11749,40.722374,-73.84054
11750,40.720646,-73.83642
11751,40.718018,-73.839935
11752,40.71676,-73.835724
11753,40.719654,-73.83945
11754,40.716698,-73.835594
11755,40.722225,-73.84234
11756,40.717785,-73.839294
11757,40.722374,-73.84054
11758,40.7205,-73.836
11759,40.71652,-73.832726
11760,40.722374,-73.84054
11761,40.720043,-73.839905
11762,40.720783,-73.84077
11763,40.721664,-73.84051
11764,40.718918,-73.83648
11765,40.71692,-73.83291
11766,40.720905,-73.8391
11767,40.721478,-73.8465
11768,40.72016,-73.85342
11769,40.72016,-73.85342
11770,40.721626,-73.85411
11771,40.719215,-73.84627
11772,40.71922,-73.84568
11773,40.72159,-73.846115
11774,40.719166,-73.84627
11775,40.721783,-73.85539
11776,40.719166,-73.84627
11777,40.720104,-73.85476
11778,40.72219,-73.849144
11779,40.719185,-73.84506
11780,40.71762,-73.854454
11781,40.722153,-73.84926
11782,40.721783,-73.85539
11783,40.721478,-73.8465
11784,40.7222,-73.8557
11785,40.71962,-73.84621
11786,40.72219,-73.849144
11787,40.71882,-73.84505
11788,40.72219,-73.849144
11789,40.720078,-73.85251
11790,40.71962,-73.84621
11791,40.719414,-73.84526
11792,40.718704,-73.84548
11793,40.722134,-73.84919
11794,40.665455,-73.847984
11795,40.664303,-73.851036
11796,40.67118,-73.838806
11797,40.663692,-73.85437
11798,40.668083,-73.84966
11799,40.66614,-73.84641
11800,40.66614,-73.84641
11801,40.655006,-73.85248
11802,40.668407,-73.84949
11803,40.657665,-73.87704
11804,40.654774,-73.84173
11805,40.66842,-73.84466
11806,40.6623,-73.85287
11807,40.664303,-73.851036
11808,40.663174,-73.84314
11809,40.669724,-73.847626
11810,40.666096,-73.847145
11811,40.65083,-73.843605
11812,40.65075,-73.84359
11813,40.667515,-73.85023
11814,40.667904,-73.848885
11815,40.66392,-73.84299
11816,40.659286,-73.84599
11817,40.660656,-73.855644
11818,40.66326,-73.83294
11819,40.666927,-73.87711
11820,40.666096,-73.847145
11821,40.66594,-73.84811
11822,40.655224,-73.84689
11823,40.66806,-73.8497
11824,40.6664,-73.85036
11825,40.661724,-73.85495
11826,40.663692,-73.85437
11827,40.662003,-73.844315
11828,40.657665,-73.87704
11829,40.65316,-73.83352
11830,40.662495,-73.851524
11831,40.66683,-73.84851
11832,40.70845,-73.86122
11833,40.70609,-73.8743
11834,40.70604,-73.86605
11835,40.705734,-73.863205
11836,40.701225,-73.87788
11837,40.70559,-73.86411
11838,40.706066,-73.856575
11839,40.706676,-73.864265
11840,40.70895,-73.860245
11841,40.709785,-73.8639
11842,40.709503,-73.86398
11843,40.70938,-73.864044
11844,40.70879,-73.87706
11845,40.701138,-73.8785
11846,40.702084,-73.87915
11847,40.70537,-73.877945
11848,40.703598,-73.87494
11849,40.7053,-73.86801
11850,40.70558,-73.86346
11851,40.7056,-73.863335
11852,40.70527,-73.87176
11853,40.703327,-73.874825
11854,40.706486,-73.859406
11855,40.70375,-73.87401
11856,40.704712,-73.87709
11857,40.70668,-73.86417
11858,40.704453,-73.87143
11859,40.704746,-73.86211
11860,40.704247,-73.87229
11861,40.704155,-73.85632
11862,40.705746,-73.878784
11863,40.706066,-73.868805
11864,40.70211,-73.8581
11865,40.709347,-73.861046
11866,40.61683,-73.919136
11867,40.616837,-73.91906
11868,40.6162,-73.919136
11869,40.621086,-73.91573
11870,40.61793,-73.915726
11871,40.614166,-73.90076
11872,40.611935,-73.90828
11873,40.61549,-73.919426
11874,40.61124,-73.925224
11875,40.621002,-73.90836
11876,40.61328,-73.901764
11877,40.618984,-73.91491
11878,40.621307,-73.92461
11879,40.620445,-73.92053
11880,40.611774,-73.90377
11881,40.61848,-73.92359
11882,40.615242,-73.898926
11883,40.610115,-73.92471
11884,40.617664,-73.91836
11885,40.613693,-73.91978
11886,40.60821,-73.903
11887,40.617397,-73.92021
11888,40.6118,-73.922585
11889,40.617332,-73.92505
11890,40.614925,-73.91735
11891,40.6187,-73.914116
11892,40.60597,-73.91156
11893,40.60794,-73.92229
11894,40.616756,-73.899666
11895,40.60779,-73.90457
11896,40.70551,-73.85647
11897,40.708344,-73.8704
11898,40.707012,-73.87433
11899,40.704,-73.85954
11900,40.70255,-73.873314
11901,40.703632,-73.86661
11902,40.70604,-73.86694
11903,40.70813,-73.87717
11904,40.708733,-73.86222
11905,40.701584,-73.87688
11906,40.706104,-73.8623
11907,40.708897,-73.86191
11908,40.706066,-73.856575
11909,40.70906,-73.86321
11910,40.70697,-73.86262
11911,40.705925,-73.87392
11912,40.70664,-73.867004
11913,40.703995,-73.86666
11914,40.703873,-73.8752
11915,40.705425,-73.85635
11916,40.709274,-73.87776
11917,40.708385,-73.86245
11918,40.70595,-73.87493
11919,40.705307,-73.87177
11920,40.709385,-73.86487
11921,40.703487,-73.869225
11922,40.70396,-73.86182
11923,40.705986,-73.86604
11924,40.70125,-73.87882
11925,40.703148,-73.86037
11926,40.703484,-73.876205
11927,40.685127,-73.81694
11928,40.686268,-73.81649
11929,40.6966,-73.83024
11930,40.68769,-73.82251
11931,40.68997,-73.81196
11932,40.690636,-73.818855
11933,40.686356,-73.81289
11934,40.688816,-73.8096
11935,40.68607,-73.811295
11936,40.686184,-73.811584
11937,40.692684,-73.83115
11938,40.696915,-73.82786
11939,40.69293,-73.824394
11940,40.684883,-73.82918
11941,40.686474,-73.82527
11942,40.689545,-73.81636
11943,40.687317,-73.82141
11944,40.684757,-73.82911
11945,40.687576,-73.817345
11946,40.691807,-73.811195
11947,40.691383,-73.8183
11948,40.68811,-73.81664
11949,40.691673,-73.81993
11950,40.6883,-73.83184
11951,40.688663,-73.82634
11952,40.68711,-73.829346
11953,40.690434,-73.818436
11954,40.694206,-73.8203
11955,40.599094,-73.95995
11956,40.597973,-73.93182
11957,40.6161,-73.95297
11958,40.615536,-73.949265
11959,40.6121,-73.93252
11960,40.609592,-73.9283
11961,40.60404,-73.93667
11962,40.610325,-73.938545
11963,40.60116,-73.9504
11964,40.6201,-73.9705
11965,40.612797,-73.94648
11966,40.608315,-73.93401
11967,40.62052,-73.932175
11968,40.61161,-73.93508
11969,40.612385,-73.93338
11970,40.60332,-73.95773
11971,40.61171,-73.92781
11972,40.61524,-73.95927
11973,40.601738,-73.95278
11974,40.601612,-73.94139
11975,40.61536,-73.96953
11976,40.596832,-73.93461
11977,40.603146,-73.94793
11978,40.60007,-73.93479
11979,40.68529,-73.96961
11980,40.69523,-73.95697
11981,40.694958,-73.967896
11982,40.685123,-73.97077
11983,40.69302,-73.96761
11984,40.685112,-73.97107
11985,40.684734,-73.95986
11986,40.694664,-73.967834
11987,40.694958,-73.967896
11988,40.69257,-73.965195
11989,40.687244,-73.968185
11990,40.69216,-73.96839
11991,40.69257,-73.965195
11992,40.69257,-73.965195
11993,40.69302,-73.96761
11994,40.691814,-73.96904
11995,40.690434,-73.96596
11996,40.68614,-73.955734
11997,40.69216,-73.96839
11998,40.691784,-73.96822
11999,40.69645,-73.95573
12000,40.692127,-73.97014
12001,40.69257,-73.965195
12002,40.687103,-73.96737
12003,40.687763,-73.966896
12004,40.685627,-73.95963
12005,40.678146,-73.93958
12006,40.680305,-73.94387
12007,40.677784,-73.92683
12008,40.677887,-73.92718
12009,40.673466,-73.93096
12010,40.67285,-73.93045
12011,40.67557,-73.94966
12012,40.683983,-73.93621
12013,40.679203,-73.93745
12014,40.67312,-73.949554
12015,40.684193,-73.933586
12016,40.674953,-73.942856
12017,40.683308,-73.941185
12018,40.67461,-73.94483
12019,40.67461,-73.94483
12020,40.67461,-73.94483
12021,40.680855,-73.92748
12022,40.67283,-73.931015
12023,40.675232,-73.9296
12024,40.680954,-73.926735
12025,40.6721,-73.94707
12026,40.679478,-73.94242
12027,40.6721,-73.94707
12028,40.680725,-73.94928
12029,40.683952,-73.92651
12030,40.681324,-73.94552
12031,40.67329,-73.92711
12032,40.6721,-73.94707
12033,40.673306,-73.92739
12034,40.588543,-73.956894
12035,40.578156,-73.95349
12036,40.578365,-73.97337
12037,40.578156,-73.95349
12038,40.58657,-73.94952
12039,40.58719,-73.957466
12040,40.575863,-73.955536
12041,40.575863,-73.955536
12042,40.585445,-73.950356
12043,40.593056,-73.949684
12044,40.580105,-73.964584
12045,40.578365,-73.97337
12046,40.588104,-73.94276
12047,40.58552,-73.96686
12048,40.580482,-73.94524
12049,40.577927,-73.97196
12050,40.58657,-73.94952
12051,40.57491,-73.966736
12052,40.69913,-73.85163
12053,40.699726,-73.851555
12054,40.69995,-73.83666
12055,40.6978,-73.839775
12056,40.70601,-73.832985
12057,40.703278,-73.83716
12058,40.70014,-73.85361
12059,40.69913,-73.85163
12060,40.704582,-73.83265
12061,40.706352,-73.83311
12062,40.69995,-73.85233
12063,40.704823,-73.8344
12064,40.70014,-73.85361
12065,40.704823,-73.8344
12066,40.70962,-73.85215
12067,40.70971,-73.84755
12068,40.69995,-73.85233
12069,40.705383,-73.83465
12070,40.705402,-73.8346
12071,40.70454,-73.83586
12072,40.7069,-73.83564
12073,40.70971,-73.84755
12074,40.706005,-73.85495
12075,40.70454,-73.83586
12076,40.699566,-73.85121
12077,40.698326,-73.848236
12078,40.70863,-73.84536
12079,40.704098,-73.83566
12080,40.70054,-73.8337
12081,40.704926,-73.83384
12082,40.69851,-73.84531
12083,40.705017,-73.83561
12084,40.699986,-73.85293
12085,40.705402,-73.8346
12086,40.705246,-73.83398
12087,40.70651,-73.85473
12088,40.705917,-73.83595
12089,40.70651,-73.85473
12090,40.705402,-73.8346
12091,40.707043,-73.83594
12092,40.705402,-73.8346
12093,40.704582,-73.8357
12094,40.704136,-73.83486
12095,40.70852,-73.836716
12096,40.699608,-73.85156
12097,40.707043,-73.83594
12098,40.708984,-73.83359
12099,40.69946,-73.85266
12100,40.702934,-73.83348
12101,40.70899,-73.85167
12102,40.706127,-73.83605
12103,40.69986,-73.85151
12104,40.699253,-73.852905
12105,40.704582,-73.83265
12106,40.705402,-73.8346
12107,40.699383,-73.83438
12108,40.705383,-73.834656
12109,40.69995,-73.85233
12110,40.70852,-73.836716
12111,40.69953,-73.833435
12112,40.699608,-73.85156
12113,40.70866,-73.85043
12114,40.70331,-73.834335
12115,40.697426,-73.83634
12116,40.70701,-73.83418
12117,40.699696,-73.85338
12118,40.70344,-73.8331
12119,40.70014,-73.85361
12120,40.697952,-73.83869
12121,40.70651,-73.85473
12122,40.7069,-73.83564
12123,40.705997,-73.83297
12124,40.703594,-73.83603
12125,40.7089,-73.833145
12126,40.705128,-73.85591
12127,40.704926,-73.83384
12128,40.70855,-73.836716
12129,40.70855,-73.836716
12130,40.704823,-73.8344
12131,40.70408,-73.83587
12132,40.704823,-73.8344
12133,40.69731,-73.833405
12134,40.704582,-73.8357
12135,40.698586,-73.85247
12136,40.698406,-73.846886
12137,40.704098,-73.83567
12138,40.70325,-73.85462
12139,40.707947,-73.8368
12140,40.705246,-73.83398
12141,40.704098,-73.83567
12142,40.704823,-73.8344
12143,40.70651,-73.85473
12144,40.705402,-73.8346
12145,40.705193,-73.83359
12146,40.70841,-73.85139
12147,40.69977,-73.85194
12148,40.703594,-73.83603
12149,40.705402,-73.8346
12150,40.709095,-73.84839
12151,40.700085,-73.83572
12152,40.707893,-73.836525
12153,40.705402,-73.8346
12154,40.708614,-73.84542
12155,40.69995,-73.85233
12156,40.6978,-73.839775
12157,40.703594,-73.83603
12158,40.70753,-73.83445
12159,40.698586,-73.85247
12160,40.705383,-73.83465
12161,40.69995,-73.85233
12162,40.705246,-73.83398
12163,40.70977,-73.84401
12164,40.699986,-73.85293
12165,40.709656,-73.84583
12166,40.699986,-73.85293
12167,40.6996,-73.85315
12168,40.706005,-73.85495
12169,40.69986,-73.85151
12170,40.705402,-73.8346
12171,40.683804,-73.96318
12172,40.681683,-73.95507
12173,40.68305,-73.966095
12174,40.683804,-73.96318
12175,40.675278,-73.97141
12176,40.673256,-73.952354
12177,40.672565,-73.96419
12178,40.680637,-73.971504
12179,40.6733,-73.9717
12180,40.68142,-73.96408
12181,40.673256,-73.952354
12182,40.68236,-73.967415
12183,40.6733,-73.9717
12184,40.6733,-73.9717
12185,40.682735,-73.96185
12186,40.674507,-73.96582
12187,40.677265,-73.97014
12188,40.6733,-73.9717
12189,40.67986,-73.96468
12190,40.67671,-73.970184
12191,40.67266,-73.96472
12192,40.707893,-73.836525
12193,40.705246,-73.83398
12194,40.707043,-73.83594
12195,40.703594,-73.83603
12196,40.704582,-73.83265
12197,40.706997,-73.83596
12198,40.697582,-73.83751
12199,40.699608,-73.85156
12200,40.705265,-73.83288
12201,40.70014,-73.85361
12202,40.6975,-73.83847
12203,40.705402,-73.8346
12204,40.69849,-73.84539
12205,40.69986,-73.85151
12206,40.69946,-73.85266
12207,40.705265,-73.83288
12208,40.698666,-73.85238
12209,40.707043,-73.83594
12210,40.70852,-73.836716
12211,40.70852,-73.836716
12212,40.700157,-73.84274
12213,40.700134,-73.852325
12214,40.6993,-73.8514
12215,40.70601,-73.832985
12216,40.703594,-73.83603
12217,40.704582,-73.8357
12218,40.700134,-73.852325
12219,40.706352,-73.83311
12220,40.698757,-73.84287
12221,40.708496,-73.849464
12222,40.69947,-73.83621
12223,40.70436,-73.83348
12224,40.70762,-73.83362
12225,40.56144,-73.91528
12226,40.56293,-73.91355
12227,40.559692,-73.91057
12228,40.55828,-73.91675
12229,40.566956,-73.8876
12230,40.556454,-73.92352
12231,40.55645,-73.92352
12232,40.557228,-73.925575
12233,40.557426,-73.91805
12234,40.556793,-73.92291
12235,40.56105,-73.91975
12236,40.56381,-73.914345
12237,40.558434,-73.91948
12238,40.556854,-73.911575
12239,40.562336,-73.91166
12240,40.55739,-73.91702
12241,40.557415,-73.92012
12242,40.557434,-73.92551
12243,40.56701,-73.88851
12244,40.56612,-73.88865
12245,40.56155,-73.91063
12246,40.560024,-73.91175
12247,40.561424,-73.91044
12248,40.55846,-73.91066
12249,40.55897,-73.912285
12250,40.55838,-73.91123
12251,40.557484,-73.91198
12252,40.557312,-73.915504
12253,40.562893,-73.91529
12254,40.55735,-73.92938
12255,40.557854,-73.91583
12256,40.56644,-73.88847
12257,40.55836,-73.92189
12258,40.556404,-73.92887
12259,40.556805,-73.927986
12260,40.556973,-73.91715
12261,40.55702,-73.925644
12262,40.558174,-73.91885
12263,40.558704,-73.910576
12264,40.70981,-73.84484
12265,40.704323,-73.83698
12266,40.6985,-73.851585
12267,40.698586,-73.85247
12268,40.705265,-73.83288
12269,40.7049,-73.83608
12270,40.69852,-73.84526
12271,40.700676,-73.83502
12272,40.70344,-73.8331
12273,40.70958,-73.85118
12274,40.70651,-73.85473
12275,40.70981,-73.84484
12276,40.704926,-73.83384
12277,40.70911,-73.84648
12278,40.706005,-73.85495
12279,40.70014,-73.85361
12280,40.70973,-73.844864
12281,40.699608,-73.85156
12282,40.70344,-73.8331
12283,40.707043,-73.83594
12284,40.705265,-73.83288
12285,40.69893,-73.84016
12286,40.70408,-73.83587
12287,40.70344,-73.8331
12288,40.704926,-73.83384
12289,40.6978,-73.839775
12290,40.705383,-73.83465
12291,40.705265,-73.83288
12292,40.70344,-73.8331
12293,40.705265,-73.83288
12294,40.704823,-73.8344
12295,40.699253,-73.852905
12296,40.699253,-73.852905
12297,40.70651,-73.85473
12298,40.70796,-73.83714
12299,40.708675,-73.845634
12300,40.697945,-73.83372
12301,40.706005,-73.85495
12302,40.66687,-73.85007
12303,40.66239,-73.84163
12304,40.655983,-73.846794
12305,40.667625,-73.84778
12306,40.665195,-73.848564
12307,40.65099,-73.84364
12308,40.666428,-73.84582
12309,40.651997,-73.84009
12310,40.668083,-73.84966
12311,40.65056,-73.839584
12312,40.661625,-73.84246
12313,40.6531,-73.83609
12314,40.667797,-73.84558
12315,40.667362,-73.84579
12316,40.66834,-73.84845
12317,40.666374,-73.84771
12318,40.657215,-73.84042
12319,40.662956,-73.852264
12320,40.66464,-73.84894
12321,40.66116,-73.84205
12322,40.667625,-73.84778
12323,40.667625,-73.84778
12324,40.667362,-73.84579
12325,40.650867,-73.83916
12326,40.658955,-73.852196
12327,40.664124,-73.85112
12328,40.661858,-73.854385
12329,40.66167,-73.855896
12330,40.66034,-73.850815
12331,40.66463,-73.84991
12332,40.669724,-73.847626
12333,40.667164,-73.87298
12334,40.667625,-73.84778
12335,40.665497,-73.84491
12336,40.658028,-73.851234
12337,40.657665,-73.87704
12338,40.667515,-73.84736
12339,40.900333,-73.9078
12340,40.90836,-73.904015
12341,40.904705,-73.90669
12342,40.90248,-73.90628
12343,40.906467,-73.89671
12344,40.91171,-73.90227
12345,40.912746,-73.90212
12346,40.91171,-73.902275
12347,40.91056,-73.90184
12348,40.906563,-73.90659
12349,40.91268,-73.90212
12350,40.912746,-73.90212
12351,40.906563,-73.90659
12352,40.908524,-73.90397
12353,40.906467,-73.89671
12354,40.90561,-73.9055
12355,40.906467,-73.89671
12356,40.909164,-73.9056
12357,40.904953,-73.90637
12358,40.905807,-73.90005
12359,40.90821,-73.905495
12360,40.90821,-73.905495
12361,40.906563,-73.90659
12362,40.90454,-73.900604
12363,40.902946,-73.89925
12364,40.90821,-73.905495
12365,40.905807,-73.90005
12366,40.903873,-73.89805
12367,40.909164,-73.9056
12368,40.904427,-73.90415
12369,40.90504,-73.89828
12370,40.90821,-73.905495
12371,40.906467,-73.89671
12372,40.906563,-73.90659
12373,40.909164,-73.9056
12374,40.909966,-73.89764
12375,40.90772,-73.897766
12376,40.90561,-73.9055
12377,40.90951,-73.90028
12378,40.906563,-73.90659
12379,40.902763,-73.908646
12380,40.855316,-73.78881
12381,40.855183,-73.829994
12382,40.855415,-73.82873
12383,40.849796,-73.8319
12384,40.854744,-73.789154
12385,40.855183,-73.829994
12386,40.84985,-73.78585
12387,40.8527,-73.82916
12388,40.8527,-73.82916
12389,40.855415,-73.82873
12390,40.912746,-73.90212
12391,40.90273,-73.90722
12392,40.906563,-73.90659
12393,40.910404,-73.89818
12394,40.902782,-73.90674
12395,40.909164,-73.9056
12396,40.904587,-73.89761
12397,40.90821,-73.905495
12398,40.906563,-73.90659
12399,40.905807,-73.90005
12400,40.90821,-73.905495
12401,40.909164,-73.9056
12402,40.906563,-73.90659
12403,40.90821,-73.905495
12404,40.909164,-73.9056
12405,40.90821,-73.905495
12406,40.912746,-73.90212
12407,40.906563,-73.90659
12408,40.90561,-73.9055
12409,40.909164,-73.9056
12410,40.906563,-73.90659
12411,40.90273,-73.90722
12412,40.908398,-73.89678
12413,40.91171,-73.90227
12414,40.90821,-73.905495
12415,40.909164,-73.9056
12416,40.908398,-73.89678
12417,40.90821,-73.905495
12418,40.91171,-73.90227
12419,40.905235,-73.90611
12420,40.90267,-73.90678
12421,40.909164,-73.9056
12422,40.90806,-73.89841
12423,40.906563,-73.90659
12424,40.909164,-73.9056
12425,40.90273,-73.90722
12426,40.906563,-73.90659
12427,40.902325,-73.88853
12428,40.90053,-73.90773
12429,40.90821,-73.905495
12430,40.584282,-73.817535
12431,40.576225,-73.84064
12432,40.596146,-73.79579
12433,40.597973,-73.8199
12434,40.57653,-73.86036
12435,40.579372,-73.85111
12436,40.589703,-73.80682
12437,40.580963,-73.84642
12438,40.604507,-73.82169
12439,40.5905,-73.79063
12440,40.571854,-73.859825
12441,40.595108,-73.79358
12442,40.582653,-73.82185
12443,40.586246,-73.81355
12444,40.589703,-73.80682
12445,40.589935,-73.81284
12446,40.57302,-73.86335
12447,40.60591,-73.82167
12448,40.603905,-73.820305
12449,40.59736,-73.797935
12450,40.590878,-73.80991
12451,40.589703,-73.80682
12452,40.582634,-73.82075
12453,40.582634,-73.82075
12454,40.59749,-73.79494
12455,40.583794,-73.81737
12456,40.57202,-73.85626
12457,40.584366,-73.81359
12458,40.596672,-73.79522
12459,40.583794,-73.81737
12460,40.841904,-73.85608
12461,40.84057,-73.85886
12462,40.838753,-73.86255
12463,40.84057,-73.85886
12464,40.837673,-73.86199
12465,40.84057,-73.85883
12466,40.84057,-73.85886
12467,40.83611,-73.85893
12468,40.83611,-73.85893
12469,40.836285,-73.862335
12470,40.839535,-73.86114
12471,40.83635,-73.85946
12472,40.82512,-73.85372
12473,40.83861,-73.85652
12474,40.84794,-73.866035
12475,40.84057,-73.85886
12476,40.840225,-73.85961
12477,40.84617,-73.83285
12478,40.840878,-73.86192
12479,40.84544,-73.846565
12480,40.837673,-73.86199
12481,40.839565,-73.85939
12482,40.839806,-73.85927
12483,40.838875,-73.85801
12484,40.839695,-73.86003
12485,40.839695,-73.86003
12486,40.84098,-73.84548
12487,40.83861,-73.85652
12488,40.847675,-73.854546
12489,40.840225,-73.85961
12490,40.837673,-73.86199
12491,40.840034,-73.85804
12492,40.834087,-73.8614
12493,40.83614,-73.85951
12494,40.837673,-73.86199
12495,40.83077,-73.86501
12496,40.82994,-73.8586
12497,40.84057,-73.85886
12498,40.841053,-73.852425
12499,40.83861,-73.85652
12500,40.84057,-73.85883
12501,40.846775,-73.85231
12502,40.83659,-73.84592
12503,40.845486,-73.855
12504,40.825985,-73.84727
12505,40.8411,-73.854034
12506,40.84057,-73.85886
12507,40.846344,-73.85416
12508,40.84763,-73.8341
12509,40.84057,-73.85886
12510,40.827328,-73.870804
12511,40.838753,-73.86255
12512,40.834087,-73.8614
12513,40.835968,-73.865326
12514,40.83015,-73.86253
12515,40.84057,-73.85886
12516,40.847176,-73.86612
12517,40.834087,-73.8614
12518,40.84057,-73.85886
12519,40.83861,-73.85652
12520,40.835968,-73.865326
12521,40.829872,-73.87918
12522,40.840034,-73.85804
12523,40.8411,-73.854034
12524,40.82553,-73.84512
12525,40.83601,-73.867256
12526,40.833294,-73.85025
12527,40.84057,-73.85886
12528,40.832207,-73.85263
12529,40.847282,-73.85641
12530,40.848503,-73.860245
12531,40.82535,-73.84862
12532,40.834087,-73.8614
12533,40.834248,-73.86049
12534,40.84057,-73.85886
12535,40.837353,-73.8585
12536,40.835716,-73.85598
12537,40.83601,-73.867256
12538,40.84038,-73.87004
12539,40.90591,-73.89669
12540,40.90585,-73.89819
12541,40.90857,-73.89693
12542,40.906563,-73.90659
12543,40.84057,-73.85886
12544,40.84057,-73.85886
12545,40.84057,-73.85886
12546,40.84057,-73.85886
12547,40.83861,-73.85652
12548,40.84057,-73.85886
12549,40.84057,-73.85886
12550,40.84617,-73.83285
12551,40.839878,-73.857994
12552,40.83611,-73.85893
12553,40.83861,-73.85652
12554,40.84057,-73.85886
12555,40.83861,-73.85652
12556,40.837513,-73.85499
12557,40.84057,-73.85886
12558,40.842327,-73.84722
12559,40.834396,-73.85917
12560,40.83611,-73.85893
12561,40.84057,-73.85886
12562,40.84057,-73.85886
12563,40.839966,-73.85941
12564,40.837673,-73.86199
12565,40.834087,-73.8614
12566,40.84057,-73.85886
12567,40.837673,-73.86199
12568,40.83611,-73.85893
12569,40.84076,-73.85817
12570,40.83861,-73.85652
12571,40.845238,-73.861145
12572,40.823692,-73.86112
12573,40.84242,-73.85148
12574,40.840054,-73.835526
12575,40.84125,-73.855606
12576,40.83861,-73.85652
12577,40.83611,-73.85893
12578,40.832066,-73.85971
12579,40.836708,-73.86502
12580,40.83302,-73.85097
12581,40.84057,-73.85886
12582,40.84239,-73.851654
12583,40.834087,-73.8614
12584,40.83611,-73.85893
12585,40.834988,-73.859085
12586,40.83409,-73.8614
12587,40.84109,-73.857414
12588,40.82424,-73.85088
12589,40.83819,-73.86118
12590,40.837673,-73.86199
12591,40.8411,-73.854034
12592,40.839535,-73.86114
12593,40.83861,-73.85652
12594,40.836704,-73.85622
12595,40.83861,-73.85652
12596,40.84057,-73.85886
12597,40.836723,-73.84722
12598,40.83971,-73.86175
12599,40.84057,-73.85886
12600,40.84705,-73.848625
12601,40.845856,-73.86032
12602,40.83292,-73.850746
12603,40.83861,-73.85652
12604,40.84617,-73.83285
12605,40.837673,-73.86199
12606,40.8411,-73.854034
12607,40.84606,-73.8574
12608,40.82862,-73.84955
12609,40.844982,-73.85089
12610,40.839535,-73.86114
12611,40.84057,-73.85886
12612,40.84057,-73.85886
12613,40.83861,-73.85652
12614,40.82715,-73.85718
12615,40.840343,-73.8591
12616,40.84562,-73.8329
12617,40.83861,-73.85652
12618,40.837673,-73.86199
12619,40.83559,-73.85659
12620,40.84057,-73.85886
12621,40.82542,-73.847885
12622,40.837673,-73.86199
12623,40.83984,-73.86165
12624,40.830532,-73.878006
12625,40.840878,-73.86192
12626,40.841793,-73.8567
12627,40.837254,-73.865234
12628,40.832066,-73.85971
12629,40.84057,-73.85886
12630,40.828667,-73.860214
12631,40.836708,-73.86502
12632,40.837254,-73.865234
12633,40.84057,-73.85886
12634,40.834534,-73.86068
12635,40.839535,-73.86114
12636,40.837254,-73.865234
12637,40.837254,-73.865234
12638,40.840225,-73.85961
12639,40.84234,-73.86579
12640,40.835968,-73.865326
12641,40.840187,-73.86284
12642,40.83861,-73.85652
12643,40.84057,-73.85886
12644,40.84585,-73.8604
12645,40.837254,-73.865234
12646,40.83635,-73.85946
12647,40.828228,-73.849304
12648,40.837673,-73.86199
12649,40.83861,-73.85652
12650,40.84057,-73.85886
12651,40.84076,-73.85817
12652,40.83993,-73.85944
12653,40.840878,-73.86192
12654,40.846264,-73.86393
12655,40.84057,-73.85886
12656,40.839695,-73.86003
12657,40.84057,-73.85886
12658,40.83611,-73.85893
12659,40.83611,-73.85893
12660,40.83861,-73.85652
12661,40.843533,-73.86976
12662,40.907646,-73.9017
12663,40.909164,-73.9056
12664,40.90821,-73.905495
12665,40.909164,-73.9056
12666,40.90267,-73.90678
12667,40.90312,-73.90036
12668,40.90341,-73.900536
12669,40.908512,-73.89828
12670,40.908398,-73.89678
12671,40.908398,-73.89678
12672,40.90312,-73.90036
12673,40.91171,-73.90227
12674,40.905308,-73.90648
12675,40.902325,-73.88853
12676,40.91171,-73.90227
12677,40.90312,-73.90036
12678,40.90273,-73.90722
12679,40.90492,-73.90609
12680,40.902325,-73.88853
12681,40.90341,-73.900536
12682,40.909164,-73.9056
12683,40.90821,-73.905495
12684,40.90969,-73.90207
12685,40.909164,-73.9056
12686,40.902325,-73.88853
12687,40.90312,-73.90036
12688,40.90341,-73.900536
12689,40.90821,-73.905495
12690,40.904697,-73.89861
12691,40.906467,-73.89671
12692,40.904816,-73.90579
12693,40.90312,-73.90036
12694,40.90341,-73.900536
12695,40.906563,-73.90659
12696,40.906563,-73.90659
12697,40.906563,-73.90659
12698,40.906563,-73.90659
12699,40.909164,-73.9056
12700,40.90657,-73.896866
12701,40.8385,-73.86268
12702,40.837353,-73.8585
12703,40.83861,-73.85652
12704,40.84057,-73.85886
12705,40.83775,-73.83712
12706,40.8385,-73.86268
12707,40.83861,-73.85652
12708,40.837254,-73.865234
12709,40.83611,-73.85893
12710,40.84057,-73.85886
12711,40.8411,-73.854034
12712,40.837254,-73.865234
12713,40.837254,-73.865234
12714,40.847183,-73.8559
12715,40.841095,-73.85922
12716,40.848038,-73.83534
12717,40.82785,-73.85207
12718,40.84057,-73.85886
12719,40.83861,-73.85652
12720,40.838608,-73.8565
12721,40.84057,-73.85886
12722,40.84018,-73.84979
12723,40.831184,-73.85827
12724,40.83498,-73.85896
12725,40.832066,-73.85971
12726,40.8408,-73.85497
12727,40.829597,-73.86326
12728,40.835976,-73.86145
12729,40.843018,-73.867584
12730,40.832066,-73.85971
12731,40.845146,-73.86762
12732,40.837673,-73.86199
12733,40.8371,-73.8618
12734,40.83861,-73.85652
12735,40.83861,-73.85652
12736,40.837673,-73.86199
12737,40.837673,-73.86199
12738,40.840034,-73.85804
12739,40.838924,-73.83697
12740,40.832066,-73.85971
12741,40.824047,-73.85293
12742,40.84057,-73.85886
12743,40.840034,-73.85804
12744,40.84057,-73.85886
12745,40.83861,-73.85652
12746,40.83861,-73.85652
12747,40.84088,-73.85725
12748,40.839695,-73.86003
12749,40.83861,-73.85652
12750,40.84057,-73.85886
12751,40.844574,-73.853195
12752,40.834087,-73.8614
12753,40.843586,-73.851295
12754,40.83611,-73.85893
12755,40.841076,-73.85145
12756,40.835606,-73.84839
12757,40.839966,-73.85941
12758,40.836914,-73.85122
12759,40.834824,-73.86065
12760,40.83928,-73.833855
12761,40.84109,-73.857414
12762,40.82539,-73.84835
12763,40.838615,-73.83445
12764,40.83611,-73.85893
12765,40.83861,-73.85652
12766,40.834534,-73.86068
12767,40.835968,-73.865326
12768,40.845222,-73.84661
12769,40.847927,-73.84659
12770,40.839695,-73.86003
12771,40.83649,-73.86537
12772,40.83362,-73.87228
12773,40.833286,-73.84782
12774,40.837673,-73.86199
12775,40.83861,-73.85652
12776,40.828056,-73.8539
12777,40.832966,-73.84791
12778,40.837673,-73.86199
12779,40.84191,-73.8562
12780,40.83611,-73.85893
12781,40.87353,-73.846275
12782,40.85533,-73.86638
12783,40.86839,-73.86262
12784,40.853138,-73.863625
12785,40.851612,-73.86521
12786,40.860268,-73.869804
12787,40.86839,-73.86262
12788,40.86758,-73.86276
12789,40.87219,-73.83571
12790,40.864822,-73.862854
12791,40.87246,-73.84772
12792,40.868504,-73.854385
12793,40.869724,-73.86013
12794,40.86106,-73.86992
12795,40.85912,-73.84861
12796,40.85507,-73.85858
12797,40.852264,-73.86511
12798,40.86453,-73.85654
12799,40.85616,-73.86937
12800,40.86382,-73.86033
12801,40.86544,-73.84196
12802,40.87271,-73.86918
12803,40.86509,-73.85144
12804,40.866547,-73.85314
12805,40.848835,-73.86116
12806,40.85034,-73.856186
12807,40.851547,-73.856026
12808,40.873665,-73.86895
12809,40.858433,-73.87054
12810,40.86106,-73.86992
12811,40.86363,-73.84014
12812,40.862564,-73.84511
12813,40.85616,-73.86937
12814,40.85351,-73.865005
12815,40.868668,-73.83556
12816,40.856094,-73.86898
12817,40.86257,-73.845245
12818,40.858433,-73.87054
12819,40.86106,-73.86992
12820,40.86106,-73.86992
12821,40.84057,-73.85886
12822,40.834087,-73.8614
12823,40.83861,-73.85652
12824,40.84057,-73.85883
12825,40.84057,-73.85886
12826,40.82918,-73.83269
12827,40.83861,-73.85652
12828,40.83861,-73.85652
12829,40.837017,-73.83444
12830,40.846355,-73.86489
12831,40.834534,-73.86068
12832,40.840973,-73.84563
12833,40.836292,-73.856064
12834,40.834248,-73.86049
12835,40.84109,-73.857414
12836,40.83611,-73.85893
12837,40.83861,-73.85652
12838,40.840343,-73.8591
12839,40.842213,-73.866005
12840,40.84057,-73.85886
12841,40.837673,-73.86199
12842,40.83611,-73.85893
12843,40.827347,-73.87764
12844,40.83861,-73.85652
12845,40.844864,-73.85082
12846,40.8361,-73.857346
12847,40.824177,-73.84975
12848,40.83861,-73.85652
12849,40.836918,-73.857056
12850,40.83611,-73.85893
12851,40.839058,-73.86007
12852,40.838753,-73.86255
12853,40.83709,-73.86047
12854,40.84623,-73.86003
12855,40.837997,-73.85883
12856,40.84057,-73.85886
12857,40.84057,-73.85886
12858,40.83861,-73.85652
12859,40.83984,-73.86165
12860,40.840225,-73.85961
12861,40.839687,-73.85985
12862,40.83478,-73.8604
12863,40.84071,-73.8582
12864,40.84859,-73.8481
12865,40.83861,-73.85652
12866,40.84057,-73.85886
12867,40.84057,-73.85883
12868,40.83819,-73.86118
12869,40.8411,-73.854034
12870,40.84057,-73.85886
12871,40.84057,-73.85886
12872,40.84057,-73.85886
12873,40.841904,-73.85608
12874,40.824062,-73.84573
12875,40.83611,-73.85893
12876,40.83861,-73.85652
12877,40.837673,-73.86199
12878,40.83611,-73.85893
12879,40.83861,-73.85652
12880,40.83993,-73.85944
12881,40.847794,-73.8468
12882,40.835133,-73.85817
12883,40.84057,-73.85886
12884,40.832066,-73.85971
12885,40.839058,-73.86007
12886,40.845226,-73.85548
12887,40.83969,-73.85837
12888,40.840973,-73.84563
12889,40.83611,-73.85893
12890,40.84088,-73.85725
12891,40.844513,-73.86801
12892,40.83984,-73.86165
12893,40.843327,-73.84473
12894,40.82633,-73.85006
12895,40.83861,-73.85652
12896,40.84076,-73.85817
12897,40.84057,-73.85886
12898,40.83861,-73.85652
12899,40.84057,-73.85886
12900,40.83022,-73.86186
12901,40.83611,-73.85893
12902,40.83611,-73.85893
12903,40.83861,-73.85652
12904,40.84057,-73.85886
12905,40.845,-73.85747
12906,40.834087,-73.8614
12907,40.8411,-73.854034
12908,40.84396,-73.869286
12909,40.84331,-73.86873
12910,40.84057,-73.85886
12911,40.835865,-73.85176
12912,40.834534,-73.86068
12913,40.837673,-73.86199
12914,40.837673,-73.86199
12915,40.83861,-73.85652
12916,40.838108,-73.85231
12917,40.84529,-73.86445
12918,40.84057,-73.85886
12919,40.84057,-73.85886
12920,40.844196,-73.834946
12921,40.832363,-73.854996
12922,40.837673,-73.86199
12923,40.829514,-73.85611
12924,40.836292,-73.856064
12925,40.83861,-73.85652
12926,40.841103,-73.854034
12927,40.832912,-73.850945
12928,40.840034,-73.85804
12929,40.83611,-73.85893
12930,40.83587,-73.851746
12931,40.84057,-73.85886
12932,40.835712,-73.85033
12933,40.837673,-73.86199
12934,40.84057,-73.85886
12935,40.839817,-73.83274
12936,40.832947,-73.85066
12937,40.837673,-73.86199
12938,40.836918,-73.857056
12939,40.83611,-73.85893
12940,40.834087,-73.8614
12941,40.84057,-73.85883
12942,40.841908,-73.83312
12943,40.84076,-73.85817
12944,40.840973,-73.84563
12945,40.58653,-73.92399
12946,40.588436,-73.92484
12947,40.58653,-73.92399
12948,40.587936,-73.92509
12949,40.590843,-73.9262
12950,40.589684,-73.92372
12951,40.589798,-73.92489
12952,40.586002,-73.92484
12953,40.58814,-73.92128
12954,40.58795,-73.92569
12955,40.5885,-73.92458
12956,40.58907,-73.92512
12957,40.59015,-73.923
12958,40.592583,-73.925446
12959,40.592136,-73.92469
12960,40.587166,-73.92444
12961,40.58891,-73.92452
12962,40.58785,-73.922195
12963,40.590527,-73.92295
12964,40.59244,-73.92632
12965,40.588146,-73.9215
12966,40.59135,-73.92542
12967,40.58817,-73.925354
12968,40.5891,-73.92391
12969,40.593006,-73.92591
12970,40.593006,-73.92591
12971,40.587036,-73.92561
12972,40.586266,-73.922134
12973,40.59031,-73.92616
12974,40.586845,-73.918785
12975,40.58759,-73.92415
12976,40.586212,-73.92263
12977,40.58947,-73.92275
12978,40.860268,-73.869804
12979,40.85335,-73.86551
12980,40.86426,-73.841034
12981,40.86599,-73.865105
12982,40.86839,-73.86262
12983,40.851616,-73.85873
12984,40.85335,-73.86551
12985,40.861984,-73.85423
12986,40.85335,-73.86551
12987,40.863262,-73.84751
12988,40.873592,-73.85776
12989,40.861168,-73.84693
12990,40.866467,-73.85258
12991,40.857796,-73.870674
12992,40.8491,-73.84784
12993,40.866512,-73.8561
12994,40.8553,-73.86938
12995,40.857796,-73.870674
12996,40.869743,-73.85533
12997,40.857796,-73.870674
12998,40.853443,-73.86549
12999,40.860268,-73.869804
13000,40.862396,-73.84846
13001,40.863525,-73.84051
13002,40.86217,-73.83455
13003,40.86615,-73.855034
13004,40.865314,-73.837265
13005,40.855797,-73.86636
13006,40.855797,-73.86636
13007,40.853394,-73.84855
13008,40.86004,-73.851616
13009,40.858433,-73.87054
13010,40.860268,-73.869804
13011,40.868107,-73.835655
13012,40.86057,-73.84245
13013,40.863255,-73.84051
13014,40.868565,-73.86295
13015,40.852966,-73.84979
13016,40.86492,-73.84881
13017,40.86106,-73.86992
13018,40.87337,-73.850876
13019,40.678963,-73.87132
13020,40.69285,-73.854515
13021,40.68599,-73.86073
13022,40.673565,-73.84051
13023,40.686638,-73.870255
13024,40.673702,-73.83975
13025,40.683567,-73.86662
13026,40.681396,-73.83959
13027,40.68014,-73.835045
13028,40.696426,-73.849556
13029,40.673855,-73.849304
13030,40.69162,-73.85159
13031,40.68677,-73.86692
13032,40.681145,-73.85905
13033,40.673813,-73.8493
13034,40.685482,-73.845436
13035,40.67765,-73.852234
13036,40.69377,-73.857025
13037,40.6857,-73.861565
13038,40.687843,-73.851654
13039,40.69259,-73.83715
13040,40.690945,-73.86017
13041,40.68851,-73.85473
13042,40.683273,-73.86278
13043,40.676777,-73.858864
13044,40.69083,-73.83309
13045,40.67685,-73.8745
13046,40.68815,-73.85181
13047,40.689568,-73.85997
13048,40.67908,-73.850266
13049,40.67414,-73.85004
13050,40.691685,-73.851776
13051,40.691326,-73.855034
13052,40.6771,-73.84804
13053,40.687206,-73.8372
13054,40.692364,-73.85541
13055,40.679752,-73.862495
13056,40.869102,-73.85639
13057,40.84952,-73.85449
13058,40.869102,-73.85639
13059,40.85274,-73.848366
13060,40.85335,-73.86551
13061,40.873596,-73.862595
13062,40.860268,-73.869804
13063,40.863495,-73.85996
13064,40.869156,-73.856026
13065,40.868587,-73.84033
13066,40.865925,-73.846504
13067,40.855663,-73.86318
13068,40.850822,-73.852615
13069,40.864605,-73.84655
13070,40.85351,-73.865005
13071,40.853138,-73.863625
13072,40.869484,-73.86577
13073,40.871086,-73.84918
13074,40.86106,-73.86992
13075,40.866665,-73.85314
13076,40.854877,-73.86926
13077,40.86839,-73.86262
13078,40.858433,-73.87054
13079,40.864395,-73.84562
13080,40.850697,-73.8345
13081,40.864952,-73.86086
13082,40.86486,-73.8509
13083,40.866543,-73.85126
13084,40.873093,-73.83673
13085,40.854877,-73.86926
13086,40.86745,-73.85621
13087,40.867577,-73.83695
13088,40.85275,-73.867035
13089,40.86473,-73.85262
13090,40.85533,-73.86638
13091,40.853397,-73.86532
13092,40.85533,-73.86638
13093,40.8635,-73.85267
13094,40.8679,-73.836525
13095,40.859234,-73.86907
13096,40.86537,-73.84046
13097,40.866158,-73.84554
13098,40.859234,-73.86907
13099,40.865925,-73.865105
13100,40.861156,-73.844
13101,40.87287,-73.85965
13102,40.85858,-73.836
13103,40.859592,-73.83463
13104,40.85928,-73.8337
13105,40.866978,-73.841324
13106,40.85616,-73.86937
13107,40.862103,-73.85715
13108,40.86336,-73.85324
13109,40.85402,-73.85015
13110,40.856316,-73.86598
13111,40.859234,-73.86907
13112,40.86493,-73.85226
13113,40.85275,-73.867035
13114,40.865158,-73.854
13115,40.85216,-73.849785
13116,40.855274,-73.85608
13117,40.864254,-73.854515
13118,40.85141,-73.85307
13119,40.86793,-73.85611
13120,40.85616,-73.86937
13121,40.854965,-73.85794
13122,40.873264,-73.83621
13123,40.870827,-73.8475
13124,40.87352,-73.85812
13125,40.86568,-73.85426
13126,40.86106,-73.86992
13127,40.857796,-73.870674
13128,40.86106,-73.86992
13129,40.856094,-73.86898
13130,40.85616,-73.86937
13131,40.867226,-73.85739
13132,40.85344,-73.84849
13133,40.870724,-73.8627
13134,40.85616,-73.86937
13135,40.8602,-73.86528
13136,40.86303,-73.84052
13137,40.85134,-73.85432
13138,40.861305,-73.84702
13139,40.85533,-73.86638
13140,40.864784,-73.84104
13141,40.873524,-73.85776
13142,40.86881,-73.84968
13143,40.871807,-73.83753
13144,40.872547,-73.8386
13145,40.86907,-73.83575
13146,40.863934,-73.84846
13147,40.862072,-73.84699
13148,40.862446,-73.839325
13149,40.866573,-73.846855
13150,40.86907,-73.83575
13151,40.858795,-73.84066
13152,40.852276,-73.865616
13153,40.854565,-73.84961
13154,40.861065,-73.8425
13155,40.86783,-73.85127
13156,40.872543,-73.83683
13157,40.864193,-73.86791
13158,40.860268,-73.869804
13159,40.85351,-73.865005
13160,40.853443,-73.86549
13161,40.860607,-73.83554
13162,40.868286,-73.86324
13163,40.864193,-73.86791
13164,40.855663,-73.86318
13165,40.857796,-73.870674
13166,40.859234,-73.86907
13167,40.87326,-73.85711
13168,40.854877,-73.86926
13169,40.859234,-73.86907
13170,40.852238,-73.83346
13171,40.855663,-73.86318
13172,40.85536,-73.84195
13173,40.850082,-73.86141
13174,40.869606,-73.83927
13175,40.868565,-73.86295
13176,40.85822,-73.839745
13177,40.885754,-73.913956
13178,40.87845,-73.91858
13179,40.882572,-73.91713
13180,40.88908,-73.90329
13181,40.87964,-73.92039
13182,40.876717,-73.90012
13183,40.883003,-73.91113
13184,40.87908,-73.91845
13185,40.87845,-73.91858
13186,40.667606,-73.760826
13187,40.65993,-73.73843
13188,40.665066,-73.761375
13189,40.65814,-73.73016
13190,40.671856,-73.72882
13191,40.66969,-73.76877
13192,40.669647,-73.76879
13193,40.65781,-73.74504
13194,40.66295,-73.78035
13195,40.66501,-73.7614
13196,40.654705,-73.7423
13197,40.6706,-73.77202
13198,40.66959,-73.74054
13199,40.667492,-73.759995
13200,40.670937,-73.75976
13201,40.663242,-73.76779
13202,40.656166,-73.74631
13203,40.662685,-73.74771
13204,40.66416,-73.75012
13205,40.65741,-73.75238
13206,40.664986,-73.77277
13207,40.654713,-73.74385
13208,40.66867,-73.76434
13209,40.65592,-73.74377
13210,40.67026,-73.74062
13211,40.670273,-73.772224
13212,40.670773,-73.77992
13213,40.635517,-73.74139
13214,40.656578,-73.74381
13215,40.670593,-73.74063
13216,40.663963,-73.77237
13217,40.663765,-73.756035
13218,40.661407,-73.73381
13219,40.67126,-73.74126
13220,40.66742,-73.7473
13221,40.670124,-73.75482
13222,40.67035,-73.76297
13223,40.660553,-73.74171
13224,40.662155,-73.76529
13225,40.66778,-73.76694
13226,40.669308,-73.74976
13227,40.663982,-73.72899
13228,40.659954,-73.74753
13229,40.671818,-73.773285
13230,40.66426,-73.75449
13231,40.670616,-73.760735
13232,40.66137,-73.77016
13233,40.662548,-73.766716
13234,40.658905,-73.72904
13235,40.670807,-73.76675
13236,40.67035,-73.76297
13237,40.668392,-73.764626
13238,40.65812,-73.73566
13239,40.668774,-73.74497
13240,40.66929,-73.77566
13241,40.668335,-73.775536
13242,40.660934,-73.734726
13243,40.663982,-73.72883
13244,40.66997,-73.77153
13245,40.669033,-73.748375
13246,40.67034,-73.76417
13247,40.659145,-73.72654
13248,40.6551,-73.733154
13249,40.67078,-73.78223
13250,40.668102,-73.77647
13251,40.67078,-73.78223
13252,40.671776,-73.77811
13253,40.661,-73.73299
13254,40.861774,-73.855545
13255,40.86422,-73.84786
13256,40.85616,-73.86937
13257,40.851456,-73.8492
13258,40.861206,-73.8468
13259,40.86411,-73.837654
13260,40.866344,-73.86566
13261,40.86594,-73.84405
13262,40.867226,-73.85739
13263,40.859364,-73.847084
13264,40.854607,-73.85061
13265,40.85351,-73.865005
13266,40.864193,-73.86791
13267,40.864193,-73.86791
13268,40.856316,-73.86598
13269,40.856316,-73.86598
13270,40.8689,-73.86506
13271,40.855347,-73.85489
13272,40.86036,-73.84763
13273,40.851597,-73.86526
13274,40.86483,-73.84303
13275,40.861576,-73.83869
13276,40.84907,-73.84892
13277,40.864384,-73.84047
13278,40.869057,-73.84055
13279,40.855663,-73.86318
13280,40.860268,-73.869804
13281,40.860268,-73.869804
13282,40.852226,-73.865105
13283,40.86425,-73.84142
13284,40.869812,-73.84767
13285,40.854877,-73.86926
13286,40.85646,-73.8612
13287,40.862583,-73.86332
13288,40.854877,-73.86926
13289,40.86988,-73.86214
13290,40.85335,-73.851006
13291,40.664845,-73.78001
13292,40.66225,-73.756454
13293,40.66866,-73.729416
13294,40.670605,-73.7346
13295,40.667316,-73.73442
13296,40.65646,-73.74092
13297,40.652393,-73.73032
13298,40.670326,-73.76406
13299,40.668686,-73.76974
13300,40.66282,-73.73112
13301,40.664043,-73.74576
13302,40.67074,-73.76674
13303,40.669926,-73.7516
13304,40.662178,-73.74591
13305,40.661144,-73.738716
13306,40.66372,-73.77977
13307,40.671097,-73.744576
13308,40.657738,-73.74994
13309,40.667027,-73.737076
13310,40.66995,-73.73896
13311,40.661148,-73.741196
13312,40.667747,-73.745575
13313,40.66685,-73.72948
13314,40.663143,-73.763756
13315,40.669086,-73.75962
13316,40.668667,-73.749374
13317,40.657207,-73.7525
13318,40.653286,-73.74591
13319,40.65812,-73.72943
13320,40.66955,-73.74771
13321,40.6505,-73.736855
13322,40.671093,-73.78234
13323,40.66827,-73.7288
13324,40.668625,-73.76165
13325,40.667744,-73.75009
13326,40.65338,-73.72668
13327,40.669216,-73.75519
13328,40.65401,-73.74424
13329,40.67197,-73.74724
13330,40.668987,-73.768585
13331,40.671707,-73.73109
13332,40.669365,-73.73325
13333,40.66808,-73.78003
13334,40.659393,-73.73851
13335,40.666653,-73.77796
13336,40.654022,-73.747574
13337,40.67004,-73.73815
13338,40.664692,-73.77695
13339,40.6703,-73.73355
13340,40.657276,-73.73728
13341,40.66254,-73.75927
13342,40.67061,-73.74488
13343,40.670864,-73.75418
13344,40.660904,-73.75832
13345,40.669903,-73.76401
13346,40.66768,-73.733185
13347,40.664295,-73.73899
13348,40.669495,-73.74774
13349,40.66943,-73.77386
13350,40.66985,-73.771164
13351,40.65142,-73.731155
13352,40.67155,-73.78049
13353,40.65329,-73.74531
13354,40.664986,-73.73331
13355,40.667336,-73.75466
13356,40.664207,-73.780876
13357,40.661015,-73.75724
13358,40.669357,-73.7562
13359,40.66782,-73.768196
13360,40.66159,-73.75022
13361,40.668556,-73.730606
13362,40.667744,-73.75009
13363,40.655956,-73.7406
13364,40.667805,-73.762115
13365,40.66908,-73.7395
13366,40.659897,-73.72874
13367,40.66927,-73.732285
13368,40.671207,-73.738495
13369,40.66867,-73.74681
13370,40.655773,-73.732735
13371,40.663033,-73.739876
13372,40.670803,-73.730385
13373,40.662247,-73.75523
13374,40.658134,-73.73002
13375,40.669266,-73.771225
13376,40.66909,-73.76703
13377,40.636345,-73.7415
13378,40.662704,-73.74636
13379,40.65364,-73.74716
13380,40.65003,-73.73588
13381,40.667667,-73.75532
13382,40.657555,-73.732895
13383,40.669468,-73.776024
13384,40.669437,-73.76666
13385,40.670074,-73.738884
13386,40.664505,-73.7747
13387,40.670033,-73.746086
13388,40.66337,-73.738754
13389,40.667747,-73.74169
13390,40.667828,-73.748116
13391,40.66473,-73.7697
13392,40.63538,-73.74228
13393,40.669197,-73.76791
13394,40.668613,-73.77684
13395,40.66941,-73.75571
13396,40.66756,-73.7353
13397,40.65666,-73.74056
13398,40.661934,-73.77067
13399,40.663906,-73.780045
13400,40.658287,-73.736565
13401,40.669933,-73.76425
13402,40.66834,-73.7768
13403,40.66719,-73.73702
13404,40.66729,-73.763626
13405,40.663452,-73.75786
13406,40.656666,-73.740776
13407,40.669033,-73.75963
13408,40.652515,-73.741
13409,40.670666,-73.76762
13410,40.66503,-73.76213
13411,40.65444,-73.73726
13412,40.668427,-73.75294
13413,40.67129,-73.73421
13414,40.670666,-73.76762
13415,40.655476,-73.74653
13416,40.665005,-73.779884
13417,40.65814,-73.74
13418,40.65401,-73.744194
13419,40.666744,-73.73508
13420,40.659973,-73.738205
13421,40.66999,-73.767006
13422,40.666744,-73.73508
13423,40.664944,-73.779274
13424,40.65401,-73.744194
13425,40.6715,-73.76808
13426,40.662476,-73.74047
13427,40.656555,-73.7376
13428,40.652817,-73.72752
13429,40.66805,-73.74641
13430,40.661407,-73.73381
13431,40.662697,-73.76316
13432,40.651608,-73.73722
13433,40.671097,-73.74136
13434,40.65673,-73.73607
13435,40.664314,-73.77975
13436,40.66845,-73.77
13437,40.668083,-73.72852
13438,40.66,-73.73859
13439,40.67079,-73.73553
13440,40.659878,-73.73971
13441,40.656685,-73.73187
13442,40.66953,-73.74235
13443,40.659935,-73.74218
13444,40.66212,-73.75751
13445,40.6707,-73.73523
13446,40.663036,-73.772316
13447,40.66804,-73.74592
13448,40.66839,-73.75296
13449,40.66803,-73.74636
13450,40.665737,-73.77717
13451,40.668007,-73.72931
13452,40.668427,-73.76476
13453,40.66261,-73.73891
13454,40.654495,-73.73887
13455,40.659184,-73.75228
13456,40.652905,-73.73107
13457,40.669018,-73.72965
13458,40.65516,-73.73542
13459,40.666027,-73.77748
13460,40.655174,-73.72757
13461,40.663822,-73.77969
13462,40.663647,-73.7813
13463,40.703537,-73.7523
13464,40.69909,-73.76059
13465,40.70328,-73.747345
13466,40.716827,-73.74512
13467,40.711945,-73.77825
13468,40.70617,-73.76959
13469,40.704712,-73.74397
13470,40.71159,-73.775314
13471,40.69836,-73.77826
13472,40.699085,-73.76582
13473,40.709312,-73.76718
13474,40.70921,-73.753975
13475,40.711704,-73.742355
13476,40.708374,-73.744354
13477,40.721638,-73.76074
13478,40.708694,-73.75769
13479,40.71298,-73.74129
13480,40.717052,-73.7565
13481,40.710808,-73.75838
13482,40.71979,-73.75198
13483,40.705677,-73.73929
13484,40.705727,-73.74693
13485,40.71858,-73.76199
13486,40.648922,-73.94408
13487,40.650135,-73.93824
13488,40.661545,-73.95964
13489,40.658546,-73.949554
13490,40.651886,-73.93293
13491,40.650146,-73.94787
13492,40.662285,-73.92959
13493,40.668736,-73.95135
13494,40.65361,-73.9733
13495,40.661053,-73.93922
13496,40.65953,-73.95195
13497,40.64996,-73.95274
13498,40.669785,-73.97302
13499,40.669483,-73.92976
13500,40.66103,-73.95558
13501,40.65247,-73.95803
13502,40.656384,-73.95775
13503,40.656384,-73.95775
13504,40.648865,-73.94496
13505,40.659138,-73.94756
13506,40.667244,-73.941
13507,40.664223,-73.95477
13508,40.664692,-73.949196
13509,40.65401,-73.74413
13510,40.66265,-73.7582
13511,40.66318,-73.771904
13512,40.661922,-73.76349
13513,40.66571,-73.77823
13514,40.670696,-73.76615
13515,40.665028,-73.77663
13516,40.65755,-73.732895
13517,40.65487,-73.74697
13518,40.660667,-73.75647
13519,40.66771,-73.73146
13520,40.669212,-73.74792
13521,40.661564,-73.7589
13522,40.6681,-73.78389
13523,40.671394,-73.76668
13524,40.669144,-73.76248
13525,40.671528,-73.746796
13526,40.6581,-73.7376
13527,40.66927,-73.74967
13528,40.67075,-73.76168
13529,40.6529,-73.73087
13530,40.66437,-73.751015
13531,40.669266,-73.775116
13532,40.667797,-73.73069
13533,40.659164,-73.75016
13534,40.660854,-73.74053
13535,40.66326,-73.75468
13536,40.658447,-73.757904
13537,40.669308,-73.75508
13538,40.661835,-73.76353
13539,40.66342,-73.766884
13540,40.6666,-73.730865
13541,40.65444,-73.73727
13542,40.66886,-73.77134
13543,40.670834,-73.75013
13544,40.66793,-73.74334
13545,40.594242,-73.76328
13546,40.59439,-73.774345
13547,40.609596,-73.7446
13548,40.60308,-73.74921
13549,40.609596,-73.7446
13550,40.598495,-73.7391
13551,40.597027,-73.76042
13552,40.597046,-73.7603
13553,40.599457,-73.74895
13554,40.60428,-73.74782
13555,40.604313,-73.74758
13556,40.593113,-73.78356
13557,40.60785,-73.76728
13558,40.605362,-73.75796
13559,40.605362,-73.75796
13560,40.61063,-73.74769
13561,40.59534,-73.763145
13562,40.6001,-73.738556
13563,40.60486,-73.7578
13564,40.59468,-73.75984
13565,40.608353,-73.75992
13566,40.599426,-73.760345
13567,40.60848,-73.75755
13568,40.607,-73.76468
13569,40.59827,-73.759995
13570,40.60655,-73.75357
13571,40.611504,-73.765976
13572,40.602695,-73.75483
13573,40.594364,-73.772224
13574,40.604267,-73.74801
13575,40.59923,-73.7516
13576,40.596447,-73.770096
13577,40.59644,-73.73902
13578,40.594704,-73.77619
13579,40.598324,-73.74348
13580,40.613056,-73.76636
13581,40.60566,-73.74336
13582,40.605297,-73.76901
13583,40.598724,-73.7504
13584,40.59971,-73.76082
13585,40.59998,-73.74136
13586,40.598175,-73.75887
13587,40.60188,-73.75976
13588,40.595524,-73.75939
13589,40.595795,-73.74949
13590,40.59385,-73.76384
13591,40.59893,-73.76028
13592,40.608063,-73.7434
13593,40.59947,-73.74828
13594,40.596554,-73.76808
13595,40.604267,-73.74801
13596,40.597755,-73.762184
13597,40.60188,-73.75886
13598,40.59488,-73.77274
13599,40.602318,-73.76137
13600,40.605446,-73.75834
13601,40.59569,-73.74016
13602,40.595753,-73.74018
13603,40.609596,-73.7446
13604,40.60486,-73.7578
13605,40.604267,-73.74801
13606,40.607998,-73.74577
13607,40.607655,-73.758995
13608,40.609596,-73.7446
13609,40.609596,-73.7446
13610,40.59538,-73.74007
13611,40.609295,-73.748856
13612,40.603573,-73.74255
13613,40.595825,-73.74345
13614,40.603535,-73.76932
13615,40.60428,-73.74782
13616,40.598312,-73.74591
13617,40.595463,-73.74935
13618,40.595825,-73.74345
13619,40.595894,-73.7606
13620,40.60602,-73.7652
13621,40.59331,-73.75799
13622,40.597927,-73.75506
13623,40.60265,-73.76011
13624,40.62438,-73.94424
13625,40.636646,-73.96014
13626,40.63271,-73.94846
13627,40.64006,-73.95101
13628,40.630707,-73.94403
13629,40.64122,-73.96282
13630,40.64006,-73.95101
13631,40.636227,-73.938705
13632,40.633698,-73.9527
13633,40.634197,-73.951744
13634,40.63504,-73.95024
13635,40.635006,-73.9437
13636,40.632618,-73.9644
13637,40.635796,-73.960655
13638,40.64425,-73.94915
13639,40.6386,-73.97023
13640,40.641354,-73.95114
13641,40.626205,-73.946045
13642,40.622246,-73.931786
13643,40.64618,-73.95128
13644,40.63594,-73.95987
13645,40.628384,-73.97205
13646,40.64435,-73.9486
13647,40.64299,-73.95682
13648,40.63444,-73.95112
13649,40.709846,-73.73365
13650,40.72029,-73.73049
13651,40.70771,-73.73667
13652,40.708706,-73.72911
13653,40.70167,-73.73134
13654,40.703053,-73.72867
13655,40.720158,-73.73144
13656,40.70758,-73.735176
13657,40.703205,-73.73531
13658,40.701107,-73.72899
13659,40.698685,-73.73829
13660,40.718433,-73.73624
13661,40.699677,-73.73269
13662,40.7207,-73.73464
13663,40.714474,-73.73458
13664,40.703556,-73.737366
13665,40.722183,-73.73378
13666,40.714375,-73.73742
13667,40.70168,-73.73158
13668,40.71043,-73.73362
13669,40.702602,-73.73858
13670,40.70313,-73.7314
13671,40.70159,-73.72871
13672,40.713406,-73.73676
13673,40.704308,-73.72933
13674,40.714878,-73.73048
13675,40.70265,-73.73263
13676,40.7066,-73.7316
13677,40.704296,-73.72898
13678,40.706924,-73.730705
13679,40.71571,-73.7367
13680,40.704296,-73.72898
13681,40.720627,-73.72973
13682,40.700493,-73.737366
13683,40.542694,-74.17593
13684,40.546574,-74.21345
13685,40.585045,-74.16188
13686,40.520966,-74.211044
13687,40.550858,-74.19251
13688,40.539867,-74.210785
13689,40.530533,-74.18926
13690,40.82993,-73.9495
13691,40.827747,-73.9509
13692,40.835316,-73.9465
13693,40.83462,-73.94727
13694,40.828995,-73.94728
13695,40.824066,-73.94443
13696,40.826015,-73.938515
13697,40.832684,-73.94413
13698,40.847736,-73.94008
13699,40.823437,-73.94258
13700,40.83244,-73.94259
13701,40.829453,-73.94721
13702,40.84513,-73.93964
13703,40.841633,-73.93896
13704,40.823437,-73.94258
13705,40.82881,-73.94762
13706,40.824066,-73.94443
13707,40.83562,-73.94219
13708,40.83205,-73.949036
13709,40.835533,-73.94488
13710,40.847736,-73.94008
13711,40.82831,-73.949524
13712,40.83479,-73.94331
13713,40.826485,-73.94016
13714,40.82423,-73.9479
13715,40.829067,-73.9494
13716,40.83479,-73.94331
13717,40.830456,-73.9457
13718,40.829067,-73.9494
13719,40.847736,-73.94008
13720,40.83104,-73.94658
13721,40.82528,-73.94621
13722,40.831474,-73.947365
13723,40.83682,-73.9466
13724,40.829952,-73.9457
13725,40.847736,-73.94008
13726,40.824856,-73.95014
13727,40.847736,-73.94008
13728,40.8242,-73.9398
13729,40.837383,-73.94562
13730,40.857426,-73.88279
13731,40.870632,-73.91706
13732,40.863873,-73.908455
13733,40.869453,-73.90593
13734,40.868416,-73.889404
13735,40.86459,-73.90775
13736,40.864697,-73.89184
13737,40.870975,-73.9174
13738,40.871883,-73.91884
13739,40.852386,-73.91508
13740,40.871246,-73.91693
13741,40.871315,-73.91576
13742,40.871296,-73.9169
13743,40.867588,-73.92366
13744,40.870632,-73.91706
13745,40.85741,-73.88433
13746,40.868416,-73.889404
13747,40.857456,-73.88429
13748,40.87255,-73.9189
13749,40.86465,-73.90821
13750,40.871315,-73.91576
13751,40.87255,-73.9189
13752,40.863422,-73.89879
13753,40.85737,-73.88437
13754,40.865128,-73.90682
13755,40.869453,-73.90593
13756,40.863873,-73.908455
13757,40.866753,-73.888084
13758,40.871315,-73.91576
13759,40.869453,-73.90593
13760,40.86386,-73.92307
13761,40.870174,-73.916725
13762,40.871296,-73.9169
13763,40.864647,-73.90821
13764,40.863422,-73.89879
13765,40.872402,-73.885216
13766,40.860847,-73.89998
13767,40.860847,-73.89998
13768,40.596474,-73.77059
13769,40.608627,-73.75622
13770,40.593857,-73.75809
13771,40.5958,-73.73854
13772,40.598595,-73.7389
13773,40.59572,-73.750565
13774,40.59708,-73.77782
13775,40.597122,-73.77815
13776,40.593678,-73.75845
13777,40.595795,-73.74949
13778,40.609596,-73.7446
13779,40.599514,-73.748344
13780,40.596863,-73.77729
13781,40.612377,-73.770515
13782,40.60336,-73.76089
13783,40.598534,-73.74882
13784,40.596302,-73.76367
13785,40.59362,-73.7582
13786,40.611813,-73.76649
13787,40.597004,-73.77781
13788,40.602226,-73.76061
13789,40.600983,-73.76689
13790,40.61209,-73.766754
13791,40.599934,-73.74579
13792,40.609596,-73.7446
13793,40.595493,-73.75037
13794,40.608074,-73.75031
13795,40.599007,-73.758064
13796,40.607502,-73.75966
13797,40.60428,-73.74782
13798,40.595795,-73.74949
13799,40.606552,-73.76319
13800,40.609417,-73.75672
13801,40.60428,-73.74782
13802,40.613075,-73.76653
13803,40.6055,-73.7584
13804,40.609596,-73.7446
13805,40.609802,-73.75953
13806,40.850376,-73.83329
13807,40.849716,-73.85992
13808,40.854504,-73.855515
13809,40.87075,-73.86307
13810,40.869,-73.853065
13811,40.8539,-73.86323
13812,40.853138,-73.863625
13813,40.864193,-73.86791
13814,40.850945,-73.85447
13815,40.851727,-73.848785
13816,40.864193,-73.86791
13817,40.870922,-73.87033
13818,40.869175,-73.85212
13819,40.855682,-73.85058
13820,40.864193,-73.86791
13821,40.860424,-73.84857
13822,40.864925,-73.84107
13823,40.854877,-73.86926
13824,40.851955,-73.853065
13825,40.860268,-73.869804
13826,40.85616,-73.86937
13827,40.851772,-73.83439
13828,40.854877,-73.86926
13829,40.853077,-73.84875
13830,40.85259,-73.86318
13831,40.871567,-73.85391
13832,40.859234,-73.86907
13833,40.85118,-73.86167
13834,40.860268,-73.869804
13835,40.860832,-73.863014
13836,40.85275,-73.867035
13837,40.859238,-73.84959
13838,40.869236,-73.85303
13839,40.868286,-73.86324
13840,40.85275,-73.867035
13841,40.86256,-73.85715
13842,40.857212,-73.850235
13843,40.85529,-73.85769
13844,40.86656,-73.85162
13845,40.866436,-73.84135
13846,40.86158,-73.90276
13847,40.86183,-73.9026
13848,40.869453,-73.90593
13849,40.867584,-73.89506
13850,40.868332,-73.883194
13851,40.8659,-73.89172
13852,40.871834,-73.91952
13853,40.85559,-73.89007
13854,40.871883,-73.91884
13855,40.871315,-73.91576
13856,40.86397,-73.92301
13857,40.871834,-73.91952
13858,40.84882,-73.90534
13859,40.870174,-73.916725
13860,40.86663,-73.89899
13861,40.868332,-73.883194
13862,40.868332,-73.883194
13863,40.866707,-73.898926
13864,40.870937,-73.91832
13865,40.87255,-73.9189
13866,40.855442,-73.90736
13867,40.869835,-73.915184
13868,40.85217,-73.900795
13869,40.871883,-73.91884
13870,40.871094,-73.91527
13871,40.8683,-73.926094
13872,40.86359,-73.89082
13873,40.869453,-73.90593
13874,40.863953,-73.90788
13875,40.8716,-73.88264
13876,40.867584,-73.89506
13877,40.858204,-73.901024
13878,40.8716,-73.88264
13879,40.867584,-73.89506
13880,40.848953,-73.922554
13881,40.863953,-73.90788
13882,40.8683,-73.926094
13883,40.869534,-73.90602
13884,40.867584,-73.89506
13885,40.868008,-73.92182
13886,40.85314,-73.93905
13887,40.851025,-73.94067
13888,40.85559,-73.937744
13889,40.85107,-73.941086
13890,40.857788,-73.934425
13891,40.85337,-73.93559
13892,40.857788,-73.934425
13893,40.85314,-73.93905
13894,40.851234,-73.94011
13895,40.85404,-73.939316
13896,40.85337,-73.93559
13897,40.85559,-73.937744
13898,40.85314,-73.93905
13899,40.863937,-73.928795
13900,40.85314,-73.93905
13901,40.856285,-73.9348
13902,40.85314,-73.93905
13903,40.864017,-73.92742
13904,40.857456,-73.93594
13905,40.856285,-73.9348
13906,40.85314,-73.93905
13907,40.863976,-73.92771
13908,40.856285,-73.9348
13909,40.857788,-73.934425
13910,40.85314,-73.93905
13911,40.85314,-73.93905
13912,40.856285,-73.9348
13913,40.85314,-73.93905
13914,40.85314,-73.93905
13915,40.859062,-73.932335
13916,40.866352,-73.92968
13917,40.8569,-73.936356
13918,40.85145,-73.9419
13919,40.858055,-73.932175
13920,40.857788,-73.934425
13921,40.8569,-73.936356
13922,40.85509,-73.934074
13923,40.864017,-73.92742
13924,40.856285,-73.9348
13925,40.85775,-73.93288
13926,40.85559,-73.937744
13927,40.791546,-73.96709
13928,40.79353,-73.97024
13929,40.785618,-73.956924
13930,40.788605,-73.97012
13931,40.787346,-73.95371
13932,40.788605,-73.97012
13933,40.787994,-73.95445
13934,40.788605,-73.97012
13935,40.793365,-73.97045
13936,40.787346,-73.95371
13937,40.789825,-73.9677
13938,40.787994,-73.95445
13939,40.791973,-73.96921
13940,40.79353,-73.97024
13941,40.793804,-73.97134
13942,40.787346,-73.95371
13943,40.788605,-73.97012
13944,40.791546,-73.96709
13945,40.79367,-73.96555
13946,40.79367,-73.96555
13947,40.793804,-73.97134
13948,40.788605,-73.97012
13949,40.788605,-73.97012
13950,40.791527,-73.96891
13951,40.795612,-73.97333
13952,40.788303,-73.97135
13953,40.795986,-73.97229
13954,40.791126,-73.97
13955,40.85184,-73.94128
13956,40.85867,-73.93221
13957,40.855167,-73.93424
13958,40.863937,-73.928795
13959,40.85184,-73.94128
13960,40.85337,-73.93559
13961,40.85031,-73.93514
13962,40.854275,-73.935036
13963,40.85184,-73.94128
13964,40.8553,-73.93545
13965,40.855167,-73.93424
13966,40.85145,-73.9419
13967,40.8511,-73.9416
13968,40.857788,-73.934425
13969,40.85348,-73.93656
13970,40.851086,-73.941505
13971,40.85509,-73.934074
13972,40.85444,-73.937805
13973,40.8569,-73.936356
13974,40.85314,-73.93905
13975,40.857788,-73.934425
13976,40.854897,-73.93819
13977,40.854275,-73.935036
13978,40.85109,-73.941505
13979,40.8569,-73.936356
13980,40.85314,-73.93905
13981,40.8553,-73.93545
13982,40.8583,-73.93273
13983,40.857456,-73.93594
13984,40.857788,-73.934425
13985,40.853474,-73.93605
13986,40.85775,-73.93288
13987,40.85163,-73.93622
13988,40.85337,-73.93559
13989,40.86787,-73.92648
13990,40.8569,-73.936356
13991,40.85314,-73.93905
13992,40.851498,-73.93643
13993,40.852596,-73.93529
13994,40.85453,-73.938934
13995,40.851234,-73.94011
13996,40.858215,-73.93421
13997,40.851173,-73.93407
13998,40.855618,-73.938416
13999,40.851025,-73.94067
14000,40.85314,-73.93905
14001,40.855618,-73.938416
14002,40.854275,-73.935036
14003,40.85004,-73.93941
14004,40.858055,-73.932175
14005,40.857044,-73.93727
14006,40.85314,-73.93905
14007,40.85026,-73.93889
14008,40.85941,-73.92901
14009,40.82611,-73.95236
14010,40.82495,-73.95036
14011,40.82512,-73.94882
14012,40.836082,-73.945564
14013,40.831726,-73.94072
14014,40.836082,-73.945564
14015,40.836082,-73.945564
14016,40.826485,-73.94016
14017,40.837006,-73.944725
14018,40.836533,-73.93868
14019,40.845837,-73.93297
14020,40.836082,-73.945564
14021,40.828995,-73.94729
14022,40.84378,-73.94302
14023,40.83867,-73.93699
14024,40.824497,-73.94401
14025,40.84378,-73.94302
14026,40.82906,-73.943565
14027,40.827183,-73.94375
14028,40.8242,-73.93979
14029,40.837006,-73.944725
14030,40.83518,-73.94693
14031,40.831585,-73.93084
14032,40.8259,-73.95264
14033,40.831726,-73.94072
14034,40.8242,-73.93979
14035,40.832687,-73.92762
14036,40.829372,-73.94004
14037,40.823917,-73.9418
14038,40.824856,-73.95014
14039,40.824615,-73.941414
14040,40.8242,-73.93979
14041,40.846184,-73.939384
14042,40.829,-73.95
14043,40.824615,-73.941414
14044,40.838436,-73.93755
14045,40.83267,-73.94022
14046,40.835815,-73.9465
14047,40.835316,-73.9465
14048,40.824615,-73.941414
14049,40.85031,-73.93514
14050,40.851025,-73.94067
14051,40.85891,-73.93229
14052,40.857044,-73.93727
14053,40.850594,-73.93526
14054,40.85851,-73.93193
14055,40.853676,-73.93473
14056,40.850594,-73.93526
14057,40.85348,-73.93656
14058,40.85404,-73.939316
14059,40.854275,-73.935036
14060,40.85109,-73.941505
14061,40.85509,-73.934074
14062,40.854275,-73.935036
14063,40.85184,-73.94128
14064,40.85775,-73.93288
14065,40.85314,-73.93905
14066,40.857788,-73.934425
14067,40.85026,-73.93889
14068,40.85509,-73.934074
14069,40.85026,-73.93889
14070,40.850014,-73.93754
14071,40.853474,-73.93605
14072,40.85775,-73.93288
14073,40.85314,-73.93905
14074,40.855415,-73.938896
14075,40.85348,-73.93656
14076,40.855362,-73.938774
14077,40.857788,-73.934425
14078,40.851498,-73.93643
14079,40.858055,-73.932175
14080,40.857788,-73.934425
14081,40.857788,-73.934425
14082,40.85867,-73.93221
14083,40.854897,-73.93819
14084,40.85184,-73.94128
14085,40.85184,-73.94128
14086,40.8553,-73.93545
14087,40.858055,-73.932175
14088,40.85337,-73.93559
14089,40.8569,-73.936356
14090,40.82038,-73.91097
14091,40.817585,-73.90893
14092,40.82244,-73.890076
14093,40.82244,-73.890076
14094,40.81041,-73.90571
14095,40.82038,-73.910934
14096,40.82038,-73.910934
14097,40.820232,-73.91254
14098,40.816086,-73.90383
14099,40.814903,-73.9081
14100,40.78868,-73.94719
14101,40.791275,-73.94867
14102,40.798027,-73.93481
14103,40.788597,-73.94117
14104,40.78868,-73.94719
14105,40.797966,-73.94897
14106,40.7886,-73.9413
14107,40.790806,-73.94632
14108,40.79554,-73.94945
14109,40.7947,-73.94357
14110,40.78868,-73.94719
14111,40.79389,-73.9386
14112,40.78868,-73.94719
14113,40.7947,-73.94357
14114,40.794704,-73.9436
14115,40.79629,-73.949036
14116,40.787514,-73.948044
14117,40.79629,-73.949036
14118,40.79613,-73.934204
14119,40.853474,-73.93605
14120,40.86787,-73.92648
14121,40.85444,-73.937805
14122,40.858055,-73.932175
14123,40.852596,-73.93529
14124,40.858055,-73.932175
14125,40.85559,-73.937744
14126,40.858055,-73.932175
14127,40.85004,-73.93941
14128,40.855618,-73.938416
14129,40.85109,-73.941505
14130,40.858055,-73.932175
14131,40.85337,-73.93559
14132,40.853317,-73.93975
14133,40.853317,-73.93975
14134,40.859062,-73.932335
14135,40.85509,-73.934074
14136,40.85867,-73.93221
14137,40.857044,-73.93727
14138,40.857456,-73.93594
14139,40.85891,-73.93229
14140,40.857456,-73.93594
14141,40.85031,-73.93514
14142,40.85314,-73.93905
14143,40.851498,-73.93643
14144,40.85026,-73.93889
14145,40.85314,-73.93905
14146,40.855618,-73.938416
14147,40.853317,-73.93975
14148,40.853676,-73.93473
14149,40.855415,-73.938896
14150,40.85314,-73.93905
14151,40.85867,-73.93221
14152,40.866825,-73.930305
14153,40.85867,-73.93221
14154,40.854275,-73.935036
14155,40.852757,-73.93992
14156,40.854275,-73.935036
14157,40.855362,-73.938774
14158,40.857788,-73.934425
14159,40.777046,-73.914024
14160,40.781178,-73.90487
14161,40.781986,-73.91629
14162,40.780674,-73.908295
14163,40.781178,-73.90487
14164,40.775345,-73.908516
14165,40.77619,-73.91737
14166,40.775898,-73.908775
14167,40.7799,-73.90924
14168,40.77694,-73.9075
14169,40.77971,-73.90907
14170,40.778008,-73.90464
14171,40.7785,-73.91406
14172,40.781178,-73.90487
14173,40.781178,-73.90487
14174,40.776516,-73.90802
14175,40.78006,-73.90904
14176,40.781178,-73.90487
14177,40.780754,-73.908195
14178,40.774876,-73.89959
14179,40.773106,-73.90159
14180,40.78169,-73.90965
14181,40.776028,-73.90814
14182,40.774113,-73.91251
14183,40.775898,-73.908775
14184,40.77977,-73.90939
14185,40.781178,-73.90487
14186,40.77974,-73.90771
14187,40.781178,-73.90487
14188,40.696552,-73.98727
14189,40.688416,-73.981415
14190,40.687954,-73.994804
14191,40.69422,-73.9961
14192,40.68579,-73.99044
14193,40.69321,-73.99403
14194,40.691776,-73.991516
14195,40.691517,-73.9906
14196,40.689445,-73.99605
14197,40.690136,-73.98311
14198,40.690285,-73.99022
14199,40.696358,-73.99237
14200,40.689445,-73.99605
14201,40.690285,-73.99022
14202,40.692696,-73.97956
14203,40.697086,-73.9945
14204,40.68842,-73.981415
14205,40.68898,-73.99437
14206,40.69165,-73.98573
14207,40.690136,-73.98311
14208,40.687485,-73.9815
14209,40.69278,-73.99336
14210,40.692783,-73.97886
14211,40.68522,-73.9788
14212,40.696594,-73.988396
14213,40.69223,-73.981346
14214,40.692474,-73.98507
14215,40.68979,-73.98496
14216,40.686035,-73.98144
14217,40.689137,-73.99457
14218,40.695675,-73.99143
14219,40.69381,-73.99451
14220,40.69381,-73.99451
14221,40.69676,-73.99583
14222,40.697144,-73.99564
14223,40.691406,-73.99558
14224,40.691517,-73.9906
14225,40.692474,-73.98507
14226,40.687084,-73.98255
14227,40.690136,-73.98311
14228,40.69381,-73.99451
14229,40.68979,-73.98496
14230,40.68953,-73.986465
14231,40.695965,-73.9936
14232,40.686546,-73.992355
14233,40.68491,-73.97854
14234,40.695553,-73.9921
14235,40.691505,-73.99558
14236,40.68856,-73.99047
14237,40.687843,-73.97406
14238,40.687996,-73.9945
14239,40.691517,-73.9906
14240,40.69505,-73.983574
14241,40.69381,-73.99451
14242,40.697086,-73.9945
14243,40.691517,-73.9906
14244,40.69278,-73.99336
14245,40.687084,-73.98255
14246,40.687553,-73.97398
14247,40.687836,-73.991425
14248,40.692112,-73.97833
14249,40.691517,-73.9906
14250,40.693424,-73.982704
14251,40.691517,-73.9906
14252,40.691505,-73.99558
14253,40.687553,-73.97398
14254,40.687485,-73.9815
14255,40.692696,-73.97956
14256,40.692474,-73.98507
14257,40.691906,-73.992966
14258,40.69207,-73.98021
14259,40.687553,-73.97398
14260,40.69316,-73.99318
14261,40.687553,-73.97398
14262,40.696636,-73.99548
14263,40.687847,-73.99481
14264,40.69381,-73.99451
14265,40.69676,-73.99583
14266,40.69381,-73.99451
14267,40.69381,-73.99451
14268,40.694107,-73.99568
14269,40.68522,-73.9788
14270,40.686195,-73.99501
14271,40.692696,-73.97956
14272,40.689766,-73.9896
14273,40.687954,-73.994804
14274,40.69381,-73.99451
14275,40.686195,-73.99501
14276,40.691776,-73.991516
14277,40.687553,-73.97398
14278,40.693424,-73.982704
14279,40.69223,-73.981346
14280,40.69718,-73.99659
14281,40.686443,-73.98427
14282,40.687553,-73.97398
14283,40.68979,-73.98496
14284,40.692474,-73.98507
14285,40.68979,-73.98496
14286,40.691776,-73.991516
14287,40.68979,-73.98496
14288,40.696594,-73.988396
14289,40.69583,-73.99199
14290,40.69207,-73.98021
14291,40.69207,-73.98021
14292,40.684895,-73.98143
14293,40.695377,-73.995575
14294,40.68491,-73.97854
14295,40.69718,-73.99659
14296,40.69207,-73.98021
14297,40.69583,-73.99199
14298,40.695377,-73.995575
14299,40.689423,-73.98809
14300,40.69456,-73.98269
14301,40.687847,-73.99481
14302,40.684593,-73.99159
14303,40.69456,-73.98269
14304,40.69165,-73.98573
14305,40.697094,-73.9879
14306,40.68768,-73.98533
14307,40.687553,-73.97398
14308,40.69165,-73.98573
14309,40.697094,-73.9879
14310,40.68842,-73.981415
14311,40.69647,-73.99513
14312,40.692112,-73.99153
14313,40.696358,-73.99237
14314,40.692875,-73.99673
14315,40.69505,-73.983574
14316,40.690166,-73.994995
14317,40.696594,-73.988396
14318,40.69562,-73.98869
14319,40.69159,-73.99315
14320,40.68979,-73.98496
14321,40.69583,-73.99199
14322,40.692696,-73.97956
14323,40.693424,-73.982704
14324,40.687553,-73.97398
14325,40.69165,-73.98573
14326,40.69505,-73.983574
14327,40.6924,-73.978806
14328,40.697094,-73.9879
14329,40.69103,-73.99628
14330,40.689766,-73.9896
14331,40.69159,-73.99315
14332,40.684593,-73.99159
14333,40.687553,-73.97398
14334,40.692474,-73.98507
14335,40.69505,-73.983574
14336,40.689342,-73.97434
14337,40.692474,-73.98507
14338,40.692783,-73.97886
14339,40.69676,-73.99583
14340,40.690136,-73.98311
14341,40.695965,-73.9936
14342,40.69223,-73.981346
14343,40.68979,-73.98496
14344,40.69056,-73.99349
14345,40.69505,-73.983574
14346,40.685394,-73.982315
14347,40.69712,-73.996216
14348,40.691517,-73.9906
14349,40.69591,-73.99646
14350,40.688416,-73.978584
14351,40.69505,-73.983574
14352,40.69054,-73.99088
14353,40.69712,-73.996216
14354,40.69431,-73.99574
14355,40.68693,-73.983406
14356,40.69505,-73.983574
14357,40.695553,-73.9921
14358,40.69319,-73.9827
14359,40.692474,-73.98507
14360,40.696358,-73.99237
14361,40.68678,-73.99545
14362,40.690136,-73.98311
14363,40.695553,-73.9921
14364,40.696358,-73.99237
14365,40.691517,-73.9906
14366,40.69583,-73.99199
14367,40.690136,-73.98311
14368,40.697086,-73.9945
14369,40.688774,-73.995285
14370,40.695377,-73.995575
14371,40.690285,-73.99022
14372,40.696373,-73.992325
14373,40.697025,-73.992935
14374,40.692696,-73.97956
14375,40.687485,-73.9815
14376,40.6924,-73.978806
14377,40.69223,-73.981346
14378,40.6867,-73.98351
14379,40.692112,-73.97833
14380,40.69431,-73.99574
14381,40.68953,-73.986465
14382,40.69583,-73.99199
14383,40.69304,-73.978516
14384,40.6867,-73.98351
14385,40.68842,-73.981415
14386,40.688786,-73.97425
14387,40.69207,-73.98021
14388,40.691776,-73.991516
14389,40.686466,-73.99025
14390,40.690807,-73.99001
14391,40.693462,-73.98289
14392,40.692696,-73.97956
14393,40.69054,-73.99088
14394,40.696594,-73.988396
14395,40.692696,-73.97956
14396,40.688786,-73.97425
14397,40.691517,-73.9906
14398,40.692474,-73.98507
14399,40.69505,-73.983574
14400,40.692696,-73.97956
14401,40.68953,-73.986465
14402,40.697094,-73.9879
14403,40.696987,-73.99668
14404,40.69278,-73.99336
14405,40.68842,-73.981415
14406,40.690807,-73.99001
14407,40.688416,-73.978584
14408,40.69304,-73.978516
14409,40.688416,-73.981415
14410,40.686577,-73.98949
14411,40.690304,-73.99111
14412,40.68499,-73.97895
14413,40.692474,-73.98507
14414,40.77722,-73.92238
14415,40.7815,-73.913
14416,40.774845,-73.90495
14417,40.77346,-73.89864
14418,40.774166,-73.907104
14419,40.7772,-73.90737
14420,40.77694,-73.9075
14421,40.781178,-73.90487
14422,40.781178,-73.90487
14423,40.77631,-73.908264
14424,40.781437,-73.913124
14425,40.7772,-73.90737
14426,40.776722,-73.90777
14427,40.7777,-73.91293
14428,40.781178,-73.90487
14429,40.781178,-73.90487
14430,40.7757,-73.90902
14431,40.776028,-73.90814
14432,40.772945,-73.891594
14433,40.776363,-73.907265
14434,40.773235,-73.91424
14435,40.775826,-73.90078
14436,40.774387,-73.925255
14437,40.773033,-73.89915
14438,40.782063,-73.918846
14439,40.774723,-73.906425
14440,40.781178,-73.90487
14441,40.775898,-73.908775
14442,40.781178,-73.90487
14443,40.773766,-73.90043
14444,40.781178,-73.90487
14445,40.77864,-73.9159
14446,40.687595,-73.99905
14447,40.688522,-73.99711
14448,40.692986,-73.99978
14449,40.689487,-73.99832
14450,40.687595,-73.99905
14451,40.686993,-74.000496
14452,40.69295,-74.00068
14453,40.68876,-73.99848
14454,40.687,-73.998474
14455,40.687454,-73.99884
14456,40.687,-73.99848
14457,40.687553,-73.99914
14458,40.686993,-74.000496
14459,40.695766,-73.997
14460,40.688076,-73.99891
14461,40.69459,-73.99709
14462,40.695766,-73.997
14463,40.695766,-73.997
14464,40.693653,-74.000275
14465,40.687553,-73.99914
14466,40.694725,-73.99842
14467,40.692986,-73.99978
14468,40.694386,-73.99839
14469,40.694546,-73.99692
14470,40.694386,-73.99839
14471,40.686993,-74.000496
14472,40.694546,-73.99692
14473,40.694386,-73.99839
14474,40.686993,-74.000496
14475,40.694584,-73.99748
14476,40.692986,-73.99978
14477,40.692986,-73.99978
14478,40.686993,-74.000496
14479,40.695766,-73.997
14480,40.686993,-74.000496
14481,40.692986,-73.99978
14482,40.68876,-73.99848
14483,40.692093,-73.99771
14484,40.687553,-73.99914
14485,40.688416,-73.981415
14486,40.68522,-73.9788
14487,40.69565,-73.99369
14488,40.686768,-73.985085
14489,40.68979,-73.98496
14490,40.68979,-73.98496
14491,40.69613,-73.99227
14492,40.69613,-73.99227
14493,40.68979,-73.98496
14494,40.68979,-73.98496
14495,40.697166,-73.98379
14496,40.696552,-73.98727
14497,40.687847,-73.99481
14498,40.68979,-73.98496
14499,40.68979,-73.98496
14500,40.688416,-73.978584
14501,40.687855,-73.99207
14502,40.686768,-73.985085
14503,40.696594,-73.988396
14504,40.68842,-73.981415
14505,40.687996,-73.9945
14506,40.690807,-73.99001
14507,40.684696,-73.99625
14508,40.69613,-73.99227
14509,40.68979,-73.98496
14510,40.692474,-73.98507
14511,40.689564,-73.99499
14512,40.689766,-73.9896
14513,40.689564,-73.99499
14514,40.69304,-73.978516
14515,40.68979,-73.98496
14516,40.6961,-73.99527
14517,40.690304,-73.99111
14518,40.693718,-73.99419
14519,40.693424,-73.982704
14520,40.688416,-73.978584
14521,40.69505,-73.983574
14522,40.693718,-73.99419
14523,40.687855,-73.99207
14524,40.690807,-73.99001
14525,40.68109,-74.01012
14526,40.67595,-73.99973
14527,40.675667,-73.99892
14528,40.682865,-74.00488
14529,40.681213,-74.00169
14530,40.68122,-73.99909
14531,40.677418,-74.00128
14532,40.683975,-74.000694
14533,40.680855,-74.00175
14534,40.6778,-74.00147
14535,40.674828,-73.999214
14536,40.68291,-74.00426
14537,40.6816,-74.00307
14538,40.68407,-73.99703
14539,40.68309,-73.9996
14540,40.68338,-74.00399
14541,40.6816,-74.00307
14542,40.678696,-73.99966
14543,40.677418,-74.00128
14544,40.675667,-73.99892
14545,40.677456,-74.00021
14546,40.68109,-74.01012
14547,40.675667,-73.99892
14548,40.695553,-73.9921
14549,40.68979,-73.98496
14550,40.690304,-73.99111
14551,40.69553,-73.99375
14552,40.684654,-73.99165
14553,40.69647,-73.99513
14554,40.68979,-73.98496
14555,40.693424,-73.982704
14556,40.68979,-73.98496
14557,40.695553,-73.9921
14558,40.69278,-73.99336
14559,40.68979,-73.98496
14560,40.68577,-73.990654
14561,40.692448,-73.985214
14562,40.690285,-73.99022
14563,40.68842,-73.981415
14564,40.68979,-73.98496
14565,40.687996,-73.9945
14566,40.72216,-73.98438
14567,40.714314,-73.98006
14568,40.714214,-73.99159
14569,40.71571,-73.98484
14570,40.715363,-73.98244
14571,40.713215,-73.97915
14572,40.715214,-73.98513
14573,40.715393,-73.986435
14574,40.71571,-73.98484
14575,40.72228,-73.98052
14576,40.714314,-73.98006
14577,40.71194,-73.99404
14578,40.718895,-73.987404
14579,40.717564,-73.98363
14580,40.715363,-73.98244
14581,40.715363,-73.98244
14582,40.71884,-73.98733
14583,40.714912,-73.98759
14584,40.710457,-73.991234
14585,40.71311,-73.97784
14586,40.717255,-73.99024
14587,40.713215,-73.97915
14588,40.715374,-73.98647
14589,40.715363,-73.98244
14590,40.710457,-73.991234
14591,40.7126,-73.978
14592,40.715363,-73.98244
14593,40.710457,-73.991234
14594,40.714314,-73.98006
14595,40.7214,-73.994
14596,40.713478,-73.979416
14597,40.712917,-73.97816
14598,40.711086,-73.98141
14599,40.715214,-73.98513
14600,40.715393,-73.986435
14601,40.72115,-73.99341
14602,40.71884,-73.98733
14603,40.71311,-73.97784
14604,40.618614,-74.15803
14605,40.618965,-74.12853
14606,40.616604,-74.13478
14607,40.61531,-74.13655
14608,40.613087,-74.16036
14609,40.61979,-74.144424
14610,40.606983,-74.14887
14611,40.600746,-74.13208
14612,40.618298,-74.1443
14613,40.59728,-74.13496
14614,40.60843,-74.12466
14615,40.61667,-74.13914
14616,40.606167,-74.11939
14617,40.60857,-74.137856
14618,40.60208,-74.13351
14619,40.61971,-74.13907
14620,40.610962,-74.14622
14621,40.601303,-74.155655
14622,40.619507,-74.13756
14623,40.60627,-74.11597
14624,40.620243,-74.12537
14625,40.612114,-74.12984
14626,40.610615,-74.13578
14627,40.615784,-74.1339
14628,40.603745,-74.12751
14629,40.60678,-74.13732
14630,40.61779,-74.14918
14631,40.61793,-74.15979
14632,40.615753,-74.13384
14633,40.61385,-74.12575
14634,40.609932,-74.14278
14635,40.60733,-74.13682
14636,40.60656,-74.13917
14637,40.601917,-74.127945
14638,40.617943,-74.15854
14639,40.608776,-74.14118
14640,40.610466,-74.14909
14641,40.610565,-74.14084
14642,40.607414,-74.1274
14643,40.601624,-74.132904
14644,40.608795,-74.15672
14645,40.72228,-73.98052
14646,40.714905,-73.987595
14647,40.721436,-73.98967
14648,40.722115,-73.9961
14649,40.710457,-73.991234
14650,40.72115,-73.99341
14651,40.715057,-73.98183
14652,40.72209,-73.97752
14653,40.721703,-73.982445
14654,40.721436,-73.98967
14655,40.721012,-73.98573
14656,40.72154,-73.98327
14657,40.715755,-73.98814
14658,40.716255,-73.98774
14659,40.72115,-73.99341
14660,40.715965,-73.98801
14661,40.72228,-73.98052
14662,40.715965,-73.98801
14663,40.71311,-73.97784
14664,40.7126,-73.978
14665,40.718895,-73.987404
14666,40.71311,-73.97784
14667,40.71884,-73.98733
14668,40.711163,-73.98747
14669,40.713215,-73.97915
14670,40.715214,-73.98513
14671,40.71571,-73.98484
14672,40.714912,-73.98759
14673,40.721268,-73.98424
14674,40.71546,-73.996826
14675,40.71477,-73.98055
14676,40.714855,-73.993935
14677,40.718933,-73.992195
14678,40.714912,-73.98759
14679,40.71846,-73.986084
14680,40.71311,-73.97784
14681,40.714912,-73.98759
14682,40.721268,-73.98424
14683,40.720024,-73.99165
14684,40.715393,-73.986435
14685,40.71477,-73.98055
14686,40.715057,-73.98183
14687,40.711086,-73.98141
14688,40.71361,-73.989555
14689,40.720024,-73.99165
14690,40.714657,-73.98541
14691,40.720024,-73.99165
14692,40.714188,-73.99156
14693,40.720024,-73.99165
14694,40.711086,-73.98141
14695,40.7126,-73.978
14696,40.715363,-73.98244
14697,40.71311,-73.97784
14698,40.715965,-73.98801
14699,40.714188,-73.99156
14700,40.72062,-73.97953
14701,40.71555,-73.98837
14702,40.713104,-73.97922
14703,40.714314,-73.98006
14704,40.715363,-73.98244
14705,40.714314,-73.98006
14706,40.7153,-73.9826
14707,40.718987,-73.985855
14708,40.72232,-73.98775
14709,40.722115,-73.9961
14710,40.72115,-73.99341
14711,40.713894,-73.978905
14712,40.714905,-73.987595
14713,40.714912,-73.98759
14714,40.715363,-73.98244
14715,40.72115,-73.99341
14716,40.72054,-73.97933
14717,40.718967,-73.99233
14718,40.71546,-73.996826
14719,40.710457,-73.991234
14720,40.713764,-73.989075
14721,40.72115,-73.9788
14722,40.715057,-73.98183
14723,40.713104,-73.97922
14724,40.713894,-73.978905
14725,40.714645,-73.98544
14726,40.715057,-73.98183
14727,40.7126,-73.978
14728,40.714325,-73.97838
14729,40.715363,-73.98244
14730,40.713215,-73.97915
14731,40.710457,-73.991234
14732,40.711086,-73.98141
14733,40.710457,-73.991234
14734,40.715385,-73.98645
14735,40.712917,-73.97816
14736,40.7126,-73.978
14737,40.715755,-73.98814
14738,40.710457,-73.991234
14739,40.71571,-73.98484
14740,40.719337,-73.98467
14741,40.710457,-73.991234
14742,40.721832,-73.983284
14743,40.715965,-73.98801
14744,40.720608,-73.98401
14745,40.710457,-73.991234
14746,40.715057,-73.98183
14747,40.710457,-73.991234
14748,40.710457,-73.991234
14749,40.710457,-73.991234
14750,40.715214,-73.98513
14751,40.72242,-73.99401
14752,40.710457,-73.991234
14753,40.72115,-73.99341
14754,40.710457,-73.991234
14755,40.710457,-73.991234
14756,40.715374,-73.98647
14757,40.710457,-73.991234
14758,40.71759,-73.98729
14759,40.714912,-73.98759
14760,40.710457,-73.991234
14761,40.715374,-73.98647
14762,40.711555,-73.99616
14763,40.716587,-73.98988
14764,40.721634,-73.992805
14765,40.714314,-73.98006
14766,40.72232,-73.98775
14767,40.717445,-73.992966
14768,40.71311,-73.97784
14769,40.710457,-73.991234
14770,40.715965,-73.98801
14771,40.71361,-73.989555
14772,40.710457,-73.991234
14773,40.71477,-73.98055
14774,40.71311,-73.97784
14775,40.714314,-73.98006
14776,40.715363,-73.98244
14777,40.715275,-73.99379
14778,40.71759,-73.98729
14779,40.71546,-73.996826
14780,40.722397,-73.98585
14781,40.715393,-73.986435
14782,40.715057,-73.98183
14783,40.712917,-73.97816
14784,40.720024,-73.99165
14785,40.714325,-73.97838
14786,40.720383,-73.98315
14787,40.714905,-73.987595
14788,40.72229,-73.9797
14789,40.711086,-73.98141
14790,40.7126,-73.978
14791,40.710457,-73.991234
14792,40.720024,-73.99165
14793,40.713886,-73.979004
14794,40.710457,-73.991234
14795,40.7154,-73.9881
14796,40.712734,-73.9948
14797,40.71311,-73.97784
14798,40.714333,-73.99115
14799,40.710457,-73.991234
14800,40.716503,-73.99132
14801,40.71477,-73.98055
14802,40.714314,-73.98006
14803,40.71555,-73.988365
14804,40.715965,-73.98801
14805,40.717842,-73.99151
14806,40.713104,-73.97922
14807,40.714912,-73.98759
14808,40.715057,-73.98183
14809,40.71271,-73.99553
14810,40.714314,-73.98006
14811,40.721436,-73.98967
14812,40.721703,-73.982445
14813,40.722153,-73.99591
14814,40.714645,-73.98544
14815,40.715057,-73.98183
14816,40.72101,-73.988144
14817,40.716507,-73.991325
14818,40.720825,-73.983894
14819,40.72209,-73.97752
14820,40.710457,-73.991234
14821,40.719315,-73.9952
14822,40.72018,-73.996635
14823,40.72101,-73.988144
14824,40.71758,-73.9899
14825,40.719448,-73.98556
14826,40.72115,-73.99341
14827,40.71477,-73.98055
14828,40.710457,-73.991234
14829,40.72209,-73.97752
14830,40.715385,-73.98645
14831,40.721012,-73.98573
14832,40.712917,-73.97816
14833,40.72101,-73.988144
14834,40.672096,-73.97413
14835,40.680935,-73.980255
14836,40.67844,-73.980934
14837,40.67771,-73.97466
14838,40.67427,-73.973526
14839,40.67427,-73.973526
14840,40.672905,-73.986115
14841,40.672745,-73.97577
14842,40.678055,-73.97375
14843,40.672905,-73.986115
14844,40.671978,-73.98801
14845,40.68419,-73.98252
14846,40.681656,-73.980606
14847,40.678062,-73.979965
14848,40.68419,-73.98252
14849,40.677364,-73.97812
14850,40.672066,-73.98242
14851,40.672066,-73.98242
14852,40.68419,-73.98252
14853,40.678337,-73.98088
14854,40.674675,-73.977455
14855,40.67771,-73.97466
14856,40.67732,-73.97932
14857,40.681297,-73.98075
14858,40.6813,-73.9812
14859,40.677074,-73.97704
14860,40.67732,-73.97932
14861,40.68392,-73.99012
14862,40.709965,-74.004135
14863,40.71487,-74.00706
14864,40.71394,-74.00697
14865,40.716576,-74.01613
14866,40.716576,-74.01613
14867,40.717716,-74.002815
14868,40.717842,-74.003685
14869,40.7101,-74.006935
14870,40.716576,-74.01613
14871,40.716064,-74.01081
14872,40.71253,-73.99985
14873,40.71007,-74.017006
14874,40.71728,-74.00422
14875,40.712776,-74.005974
14876,40.716576,-74.01613
14877,40.71274,-73.99936
14878,40.709965,-74.004135
14879,40.716637,-74.00487
14880,40.710255,-74.003914
14881,40.711395,-74.005905
14882,40.716576,-74.01613
14883,40.717712,-74.002815
14884,40.709866,-74.0162
14885,40.716106,-74.01627
14886,40.710068,-74.01785
14887,40.71517,-74.01092
14888,40.716106,-74.01627
14889,40.716038,-74.00989
14890,40.709854,-74.01789
14891,40.710217,-74.00807
14892,40.7113,-74.0074
14893,40.716576,-74.01613
14894,40.709866,-74.0162
14895,40.716038,-74.00989
14896,40.709866,-74.0162
14897,40.71007,-74.017006
14898,40.7165,-74.0123
14899,40.710068,-74.01785
14900,40.711308,-74.00624
14901,40.719524,-74.009
14902,40.713867,-73.989525
14903,40.714645,-73.98544
14904,40.72135,-73.99624
14905,40.720604,-73.98401
14906,40.713104,-73.97922
14907,40.71759,-73.98729
14908,40.710457,-73.991234
14909,40.715385,-73.98645
14910,40.71311,-73.97784
14911,40.713886,-73.979004
14912,40.722294,-73.98468
14913,40.714905,-73.987595
14914,40.712734,-73.9948
14915,40.717484,-73.9833
14916,40.720135,-73.98793
14917,40.714325,-73.97838
14918,40.710457,-73.991234
14919,40.71281,-73.99476
14920,40.713867,-73.989525
14921,40.716415,-73.98532
14922,40.716263,-73.98498
14923,40.713867,-73.989525
14924,40.715565,-73.99044
14925,40.720104,-73.98405
14926,40.721268,-73.98424
14927,40.710457,-73.991234
14928,40.721634,-73.992805
14929,40.716587,-73.98988
14930,40.720604,-73.98401
14931,40.711086,-73.98141
14932,40.710457,-73.991234
14933,40.714314,-73.98006
14934,40.7153,-73.9826
14935,40.714905,-73.987595
14936,40.721012,-73.98573
14937,40.715363,-73.98244
14938,40.713478,-73.979416
14939,40.711086,-73.98141
14940,40.710457,-73.991234
14941,40.714878,-73.98539
14942,40.714657,-73.98541
14943,40.713894,-73.978905
14944,40.718895,-73.987404
14945,40.715385,-73.98645
14946,40.714325,-73.97838
14947,40.71555,-73.988365
14948,40.7126,-73.978
14949,40.710457,-73.991234
14950,40.714325,-73.97838
14951,40.710457,-73.991234
14952,40.710457,-73.991234
14953,40.710457,-73.991234
14954,40.715385,-73.98645
14955,40.71546,-73.996826
14956,40.721348,-73.99624
14957,40.72054,-73.97933
14958,40.715363,-73.98244
14959,40.710457,-73.991234
14960,40.71584,-73.9901
14961,40.72154,-73.98327
14962,40.710457,-73.991234
14963,40.72115,-73.99341
14964,40.715363,-73.98244
14965,40.71311,-73.97784
14966,40.714657,-73.98541
14967,40.710457,-73.991234
14968,40.71546,-73.996826
14969,40.710457,-73.991234
14970,40.712917,-73.97816
14971,40.71864,-73.98702
14972,40.715057,-73.98183
14973,40.715755,-73.98813
14974,40.713886,-73.979004
14975,40.722443,-73.97728
14976,40.71492,-73.98757
14977,40.714325,-73.97838
14978,40.714325,-73.97838
14979,40.713646,-73.98899
14980,40.717564,-73.98363
14981,40.715755,-73.98814
14982,40.71555,-73.98837
14983,40.71661,-74.00759
14984,40.71274,-73.99936
14985,40.722164,-74.00854
14986,40.715206,-74.00913
14987,40.721836,-74.01116
14988,40.722164,-74.00854
14989,40.71661,-74.00759
14990,40.716637,-74.00487
14991,40.717564,-73.996956
14992,40.710068,-74.01785
14993,40.71639,-74.01065
14994,40.71578,-74.0103
14995,40.715843,-74.00803
14996,40.717712,-74.002815
14997,40.71253,-73.99985
14998,40.716038,-74.00989
14999,40.711143,-74.00696
15000,40.710068,-74.01785
15001,40.712776,-74.005974
15002,40.709965,-74.004135
15003,40.716812,-74.00354
15004,40.71517,-74.01092
15005,40.710068,-74.01785
15006,40.716576,-74.01613
15007,40.71253,-73.99985
15008,40.713737,-74.00001
15009,40.709965,-74.004135
15010,40.716576,-74.01613
15011,40.71638,-74.00709
15012,40.716576,-74.01613
15013,40.709866,-74.0162
15014,40.71598,-74.007675
15015,40.716576,-74.01613
15016,40.709866,-74.0162
15017,40.714615,-74.00636
15018,40.709965,-74.004135
15019,40.716576,-74.01613
15020,40.710068,-74.01785
15021,40.71815,-73.99868
15022,40.719067,-74.008415
15023,40.716576,-74.01613
15024,40.71517,-74.01092
15025,40.715843,-74.00803
15026,40.713737,-74.00001
15027,40.70985,-74.01789
15028,40.719704,-73.99885
15029,40.71517,-74.010925
15030,40.716576,-74.01613
15031,40.716637,-74.00487
15032,40.7165,-74.0123
15033,40.716576,-74.01613
15034,40.713512,-73.999535
15035,40.71427,-74.00597
15036,40.719395,-74.00757
15037,40.716576,-74.01613
15038,40.709866,-74.0162
15039,40.721737,-73.9981
15040,40.71496,-74.007256
15041,40.716576,-74.01613
15042,40.716576,-74.01613
15043,40.716576,-74.01613
15044,40.70985,-74.01789
15045,40.717716,-74.002815
15046,40.719337,-73.99798
15047,40.71496,-74.007256
15048,40.716576,-74.01613
15049,40.721737,-73.9981
15050,40.67727,-74.00034
15051,40.68381,-74.00448
15052,40.676357,-74.0116
15053,40.68202,-73.99791
15054,40.68407,-73.99703
15055,40.677063,-73.9974
15056,40.675667,-73.99892
15057,40.682354,-73.99762
15058,40.675667,-73.99892
15059,40.677063,-73.9974
15060,40.682236,-73.99883
15061,40.67555,-74.011955
15062,40.68191,-73.99808
15063,40.68291,-74.00426
15064,40.68122,-73.99909
15065,40.67725,-74.01482
15066,40.682102,-74.004295
15067,40.676334,-74.013306
15068,40.677418,-74.00608
15069,40.677467,-74.00606
15070,40.68376,-73.99929
15071,40.68434,-74.00367
15072,40.67725,-74.01482
15073,40.680717,-74.0025
15074,40.676437,-74.012115
15075,40.683765,-74.00411
15076,40.682713,-74.000336
15077,40.68452,-74.00158
15078,40.68286,-74.001495
15079,40.679165,-74.00901
15080,40.68381,-74.00448
15081,40.677063,-73.9974
15082,40.676388,-74.00017
15083,40.682713,-74.000336
15084,40.674763,-74.01154
15085,40.683,-73.997536
15086,40.675667,-73.99892
15087,40.675667,-73.99892
15088,40.677933,-74.016205
15089,40.713676,-74.007324
15090,40.709866,-74.0162
15091,40.710217,-74.00807
15092,40.713737,-74.00001
15093,40.71657,-74.01052
15094,40.718296,-74.007645
15095,40.710068,-74.01785
15096,40.71775,-74.00627
15097,40.71436,-73.99928
15098,40.717712,-74.002815
15099,40.70985,-74.01789
15100,40.709866,-74.0162
15101,40.71227,-74.000404
15102,40.713737,-74.00001
15103,40.710068,-74.01785
15104,40.719692,-74.00801
15105,40.716576,-74.01613
15106,40.717712,-74.002815
15107,40.716576,-74.01613
15108,40.719692,-74.00801
15109,40.71698,-74.003395
15110,40.709965,-74.004135
15111,40.716637,-74.00487
15112,40.71253,-73.99985
15113,40.713512,-73.999535
15114,40.716576,-74.01613
15115,40.716362,-74.01047
15116,40.710068,-74.009766
15117,40.713512,-73.999535
15118,40.714268,-74.00695
15119,40.71382,-74.00837
15120,40.716576,-74.01613
15121,40.71494,-74.01013
15122,40.716576,-74.01613
15123,40.716576,-74.01613
15124,40.713776,-74.01293
15125,40.714615,-74.00636
15126,40.716576,-74.01613
15127,40.713776,-74.01293
15128,40.715965,-74.00831
15129,40.716576,-74.01613
15130,40.7101,-74.006935
15131,40.716576,-74.01613
15132,40.711464,-74.007034
15133,40.71637,-74.00339
15134,40.714,-74.005135
15135,40.713737,-74.00001
15136,40.716576,-74.01613
15137,40.717842,-74.003685
15138,40.714615,-74.00636
15139,40.71405,-74.01288
15140,40.71405,-74.01288
15141,40.71253,-73.99985
15142,40.72084,-74.00256
15143,40.716637,-74.00487
15144,40.709866,-74.0162
15145,40.713676,-74.007324
15146,40.709965,-74.004135
15147,40.721767,-73.99842
15148,40.722416,-74.00166
15149,40.719524,-74.009
15150,40.713676,-74.007324
15151,40.709866,-74.0162
15152,40.716637,-74.00487
15153,40.717842,-74.003685
15154,40.713676,-74.007324
15155,40.713737,-74.00001
15156,40.72147,-74.008675
15157,40.720104,-74.00358
15158,40.71563,-74.012115
15159,40.716434,-74.01626
15160,40.709866,-74.0162
15161,40.714268,-74.00696
15162,40.716576,-74.01613
15163,40.719566,-74.00836
15164,40.716576,-74.01613
15165,40.709866,-74.0162
15166,40.711464,-74.007034
15167,40.716434,-74.0072
15168,40.716812,-74.00354
15169,40.715954,-74.008354
15170,40.709522,-74.00243
15171,40.70974,-74.00662
15172,40.70828,-74.00683
15173,40.705185,-74.00789
15174,40.708916,-74.001724
15175,40.705185,-74.00789
15176,40.709526,-74.00243
15177,40.709034,-74.004684
15178,40.709034,-74.004684
15179,40.70517,-74.008484
15180,40.709526,-74.00243
15181,40.70517,-74.008484
15182,40.705185,-74.00789
15183,40.704033,-73.99925
15184,40.708015,-74.00591
15185,40.708015,-74.00591
15186,40.709034,-74.004684
15187,40.70904,-74.0017
15188,40.709007,-74.00727
15189,40.708015,-74.00591
15190,40.70911,-74.00635
15191,40.705185,-74.00789
15192,40.697685,-73.9969
15193,40.697685,-73.9969
15194,40.697685,-73.9969
15195,40.697685,-73.9969
15196,40.70003,-73.999016
15197,40.70003,-73.999016
15198,40.81877,-73.813866
15199,40.81225,-73.82383
15200,40.81965,-73.81468
15201,40.815006,-73.80067
15202,40.810043,-73.80554
15203,40.815834,-73.81589
15204,40.81897,-73.80592
15205,40.813526,-73.80776
15206,40.817375,-73.819725
15207,40.81455,-73.82543
15208,40.81174,-73.80436
15209,40.81621,-73.81945
15210,40.811726,-73.804375
15211,40.81491,-73.81544
15212,40.81906,-73.80576
15213,40.816566,-73.80069
15214,40.81897,-73.80592
15215,40.822067,-73.806145
15216,40.81981,-73.82158
15217,40.815205,-73.81559
15218,40.81325,-73.80847
15219,40.820244,-73.80938
15220,40.82263,-73.80952
15221,40.81208,-73.928085
15222,40.81517,-73.93684
15223,40.822163,-73.94362
15224,40.812893,-73.9449
15225,40.81636,-73.945465
15226,40.81629,-73.94037
15227,40.817883,-73.938644
15228,40.823227,-73.94356
15229,40.81949,-73.94477
15230,40.8163,-73.94782
15231,40.819225,-73.94478
15232,40.81956,-73.940994
15233,40.81636,-73.945465
15234,40.812893,-73.9449
15235,40.8163,-73.94782
15236,40.81449,-73.94842
15237,40.815407,-73.944664
15238,40.8179,-73.94226
15239,40.811047,-73.949814
15240,40.817947,-73.94507
15241,40.8163,-73.94782
15242,40.81824,-73.94569
15243,40.81517,-73.93684
15244,40.811707,-73.94215
15245,40.816795,-73.94228
15246,40.81629,-73.94037
15247,40.809673,-73.80273
15248,40.80995,-73.80218
15249,40.8109,-73.803665
15250,40.819992,-73.81869
15251,40.81516,-73.82578
15252,40.81375,-73.80771
15253,40.815685,-73.81976
15254,40.817757,-73.81894
15255,40.82176,-73.8202
15256,40.81906,-73.80576
15257,40.798527,-73.818665
15258,40.82176,-73.8202
15259,40.79839,-73.81837
15260,40.81424,-73.82011
15261,40.82086,-73.81795
15262,40.82015,-73.809586
15263,40.81906,-73.80576
15264,40.817535,-73.81314
15265,40.817535,-73.81193
15266,40.809708,-73.80189
15267,40.814182,-73.812355
15268,40.816998,-73.8195
15269,40.812588,-73.80862
15270,40.817,-73.8195
15271,40.817535,-73.81314
15272,40.81622,-73.808495
15273,40.815586,-73.82294
15274,40.81361,-73.82379
15275,40.816223,-73.80125
15276,40.815266,-73.80215
15277,40.811157,-73.80707
15278,40.817436,-73.81549
15279,40.814674,-73.82021
15280,40.81729,-73.82222
15281,40.81345,-73.80128
15282,40.81361,-73.82379
15283,40.812164,-73.807526
15284,40.813656,-73.82406
15285,40.81599,-73.81891
15286,40.82212,-73.80752
15287,40.81534,-73.80203
15288,40.817257,-73.81179
15289,40.81092,-73.80683
15290,40.815334,-73.82098
15291,40.813686,-73.81011
15292,40.81615,-73.820435
15293,40.813606,-73.80964
15294,40.816162,-73.81841
15295,40.799168,-73.82009
15296,40.816414,-73.81058
15297,40.81429,-73.82527
15298,40.816154,-73.82004
15299,40.812828,-73.80719
15300,40.810947,-73.80562
15301,40.81906,-73.80576
15302,40.81741,-73.81231
15303,40.813656,-73.82406
15304,40.809837,-73.80303
15305,40.820026,-73.821304
15306,40.81163,-73.82552
15307,40.81693,-73.820885
15308,40.816322,-73.82259
15309,40.809727,-73.80269
15310,40.81225,-73.82383
15311,40.815563,-73.82505
15312,40.8099,-73.80288
15313,40.81642,-73.810455
15314,40.814484,-73.81667
15315,40.816307,-73.82219
15316,40.816353,-73.82222
15317,40.82027,-73.80813
15318,40.814354,-73.8203
15319,40.81556,-73.82504
15320,40.818386,-73.821754
15321,40.81604,-73.80094
15322,40.81377,-73.812256
15323,40.816635,-73.81703
15324,40.79868,-73.818504
15325,40.818977,-73.80507
15326,40.817307,-73.81181
15327,40.81706,-73.80233
15328,40.816605,-73.818665
15329,40.81329,-73.809654
15330,40.820137,-73.809044
15331,40.8101,-73.805626
15332,40.822567,-73.809
15333,40.810757,-73.80665
15334,40.820957,-73.80742
15335,40.812435,-73.80697
15336,40.81225,-73.82383
15337,40.821198,-73.82138
15338,40.81131,-73.80553
15339,40.81696,-73.80947
15340,40.79841,-73.81678
15341,40.817226,-73.80725
15342,40.81241,-73.80749
15343,40.82091,-73.80817
15344,40.81387,-73.81092
15345,40.82176,-73.808044
15346,40.81897,-73.80592
15347,40.810955,-73.80602
15348,40.813305,-73.82705
15349,40.805904,-73.853645
15350,40.820683,-73.8731
15351,40.805904,-73.853645
15352,40.808422,-73.854744
15353,40.80981,-73.857994
15354,40.82148,-73.85455
15355,40.81969,-73.86286
15356,40.806145,-73.852356
15357,40.809116,-73.85782
15358,40.81654,-73.85963
15359,40.815582,-73.84801
15360,40.80797,-73.85421
15361,40.80797,-73.85421
15362,40.805225,-73.85269
15363,40.806145,-73.852356
15364,40.80869,-73.8569
15365,40.810402,-73.85778
15366,40.816776,-73.846664
15367,40.80713,-73.854195
15368,40.820324,-73.875755
15369,40.820145,-73.866196
15370,40.81372,-73.86184
15371,40.81478,-73.860176
15372,40.805904,-73.853645
15373,40.82213,-73.84975
15374,40.805904,-73.853645
15375,40.805904,-73.853645
15376,40.814762,-73.861565
15377,40.810165,-73.85086
15378,40.810173,-73.85869
15379,40.80797,-73.85421
15380,40.8223,-73.84692
15381,40.822598,-73.86096
15382,40.805656,-73.85058
15383,40.821598,-73.87332
15384,40.821247,-73.87598
15385,40.807617,-73.85077
15386,40.822037,-73.87812
15387,40.80629,-73.85623
15388,40.806145,-73.852356
15389,40.805904,-73.853645
15390,40.806145,-73.852356
15391,40.81028,-73.85872
15392,40.822598,-73.86096
15393,40.81496,-73.84786
15394,40.814945,-73.8576
15395,40.81623,-73.85072
15396,40.821777,-73.85267
15397,40.820324,-73.875755
15398,40.805904,-73.853645
15399,40.822105,-73.848045
15400,40.820324,-73.875755
15401,40.822598,-73.86096
15402,40.808147,-73.85683
15403,40.80797,-73.85421
15404,40.809376,-73.857
15405,40.80826,-73.85775
15406,40.822598,-73.86096
15407,40.81025,-73.85823
15408,40.805656,-73.85058
15409,40.805225,-73.85269
15410,40.806873,-73.85495
15411,40.805904,-73.853645
15412,40.81635,-73.857666
15413,40.810265,-73.85473
15414,40.805225,-73.85269
15415,40.806145,-73.852356
15416,40.82151,-73.847466
15417,40.805225,-73.85269
15418,40.807907,-73.85158
15419,40.821598,-73.87332
15420,40.80831,-73.85046
15421,40.800232,-73.95668
15422,40.805794,-73.967155
15423,40.80439,-73.967964
15424,40.802914,-73.96811
15425,40.805794,-73.967155
15426,40.808105,-73.95169
15427,40.808567,-73.95565
15428,40.79839,-73.97131
15429,40.801025,-73.959335
15430,40.8073,-73.96666
15431,40.80553,-73.96732
15432,40.79871,-73.96787
15433,40.80553,-73.96732
15434,40.805794,-73.967155
15435,40.79839,-73.97131
15436,40.800697,-73.95916
15437,40.801228,-73.95922
15438,40.802814,-73.96672
15439,40.80745,-73.95012
15440,40.80891,-73.96523
15441,40.802814,-73.96672
15442,40.79902,-73.959984
15443,40.805206,-73.9669
15444,40.82294,-73.86072
15445,40.821598,-73.87332
15446,40.822598,-73.86096
15447,40.807426,-73.85622
15448,40.823006,-73.85506
15449,40.81138,-73.85939
15450,40.80797,-73.85421
15451,40.816357,-73.84985
15452,40.82302,-73.854935
15453,40.805904,-73.853645
15454,40.80797,-73.85421
15455,40.82058,-73.87322
15456,40.820683,-73.8731
15457,40.806793,-73.855255
15458,40.805656,-73.85058
15459,40.808006,-73.8509
15460,40.81516,-73.84635
15461,40.816402,-73.84603
15462,40.814976,-73.84848
15463,40.821346,-73.87583
15464,40.811867,-73.85533
15465,40.821247,-73.87598
15466,40.821598,-73.87332
15467,40.806953,-73.85612
15468,40.805904,-73.853645
15469,40.821598,-73.87332
15470,40.812073,-73.85364
15471,40.806145,-73.852356
15472,40.812515,-73.85774
15473,40.75819,-73.87961
15474,40.772526,-73.89051
15475,40.750553,-73.88652
15476,40.74822,-73.91097
15477,40.765167,-73.91065
15478,40.772614,-73.89044
15479,40.753998,-73.88115
15480,40.7669,-73.92465
15481,40.748672,-73.879524
15482,40.75357,-73.88027
15483,40.74885,-73.91105
15484,40.74986,-73.89298
15485,40.749397,-73.87966
15486,40.769585,-73.89172
15487,40.760788,-73.88443
15488,40.74986,-73.89298
15489,40.765068,-73.92559
15490,40.76829,-73.91237
15491,40.752766,-73.89227
15492,40.753338,-73.88606
15493,40.74946,-73.91715
15494,40.750656,-73.89382
15495,40.753998,-73.88115
15496,40.76287,-73.88007
15497,40.7572,-73.90534
15498,40.7542,-73.88592
15499,40.763042,-73.9061
15500,40.772438,-73.88935
15501,40.7516,-73.88646
15502,40.769123,-73.92389
15503,40.75158,-73.88327
15504,40.751034,-73.88726
15505,40.759052,-73.90537
15506,40.74868,-73.78706
15507,40.753597,-73.786446
15508,40.75056,-73.789566
15509,40.757362,-73.80874
15510,40.75018,-73.791466
15511,40.756714,-73.79911
15512,40.75727,-73.78589
15513,40.756756,-73.798164
15514,40.754696,-73.80069
15515,40.749596,-73.78681
15516,40.75816,-73.80211
15517,40.75727,-73.78589
15518,40.75322,-73.80616
15519,40.749123,-73.79507
15520,40.756958,-73.793594
15521,40.751015,-73.8046
15522,40.750427,-73.79089
15523,40.755867,-73.788925
15524,40.75525,-73.79231
15525,40.758842,-73.80826
15526,40.75404,-73.797585
15527,40.759785,-73.78805
15528,40.758816,-73.78608
15529,40.75886,-73.79886
15530,40.75632,-73.80897
15531,40.74837,-73.793526
15532,40.749584,-73.78759
15533,40.753635,-73.78587
15534,40.748886,-73.794044
15535,40.748806,-73.792656
15536,40.751015,-73.79078
15537,40.76021,-73.791824
15538,40.760204,-73.8005
15539,40.75295,-73.82199
15540,40.751232,-73.821365
15541,40.751232,-73.821365
15542,40.751232,-73.821365
15543,40.75213,-73.82135
15544,40.751232,-73.821365
15545,40.752335,-73.826324
15546,40.751232,-73.821365
15547,40.753845,-73.82618
15548,40.753326,-73.82636
15549,40.751232,-73.821365
15550,40.748714,-73.829994
15551,40.753326,-73.826485
15552,40.753242,-73.82538
15553,40.751232,-73.821365
15554,40.751232,-73.821365
15555,40.752518,-73.82353
15556,40.753326,-73.82636
15557,40.751232,-73.821365
15558,40.752483,-73.823326
15559,40.751232,-73.821365
15560,40.751232,-73.821365
15561,40.75278,-73.830246
15562,40.7502,-73.8227
15563,40.75278,-73.830246
15564,40.751232,-73.821365
15565,40.7738,-73.8311
15566,40.7925,-73.80075
15567,40.780468,-73.79512
15568,40.784447,-73.82278
15569,40.77334,-73.82618
15570,40.794476,-73.79573
15571,40.779083,-73.815414
15572,40.79374,-73.797066
15573,40.7855,-73.8109
15574,40.791744,-73.8222
15575,40.775814,-73.803764
15576,40.780807,-73.79332
15577,40.77464,-73.82683
15578,40.793545,-73.79598
15579,40.757893,-73.823135
15580,40.758068,-73.82561
15581,40.755993,-73.8293
15582,40.75474,-73.82266
15583,40.75637,-73.82315
15584,40.758068,-73.82561
15585,40.76876,-73.95718
15586,40.75568,-73.968216
15587,40.76244,-73.9626
15588,40.76784,-73.96306
15589,40.77197,-73.94832
15590,40.771637,-73.9483
15591,40.755344,-73.96285
15592,40.7581,-73.86241
15593,40.757008,-73.87739
15594,40.755707,-73.875916
15595,40.74945,-73.877914
15596,40.75559,-73.86699
15597,40.756783,-73.83324
15598,40.758442,-73.877365
15599,40.750893,-73.8613
15600,40.75634,-73.87792
15601,40.757084,-73.835594
15602,40.755905,-73.836685
15603,40.754543,-73.87881
15604,40.763958,-73.832596
15605,40.765804,-73.87819
15606,40.757946,-73.86523
15607,40.755882,-73.875145
15608,40.757008,-73.87738
15609,40.760277,-73.833916
15610,40.764633,-73.87172
15611,40.763958,-73.832596
15612,40.764496,-73.868225
15613,40.755684,-73.87701
15614,40.760277,-73.833916
15615,40.751358,-73.8684
15616,40.75837,-73.87924
15617,40.765614,-73.86742
15618,40.76518,-73.87371
15619,40.762302,-73.8687
15620,40.757797,-73.8572
15621,40.743313,-73.92328
15622,40.74466,-73.91827
15623,40.741844,-73.88354
15624,40.745075,-73.92319
15625,40.742775,-73.8844
15626,40.74121,-73.881676
15627,40.74245,-73.880035
15628,40.74169,-73.901886
15629,40.742,-73.88331
15630,40.7412,-73.88222
15631,40.741676,-73.88339
15632,40.73167,-73.89363
15633,40.73606,-73.88033
15634,40.73246,-73.886185
15635,40.746346,-73.88301
15636,40.74534,-73.88119
15637,40.74708,-73.91203
15638,40.737953,-73.92242
15639,40.747055,-73.91126
15640,40.745262,-73.88083
15641,40.74245,-73.880035
15642,40.742943,-73.88429
15643,40.74388,-73.89402
15644,40.733242,-73.88899
15645,40.74697,-73.910545
15646,40.7441,-73.89794
15647,40.747055,-73.91126
15648,40.747288,-73.91293
15649,40.743694,-73.880875
15650,40.74697,-73.910545
15651,40.746143,-73.9073
15652,40.73753,-73.926315
15653,40.77696,-73.848
15654,40.787613,-73.84401
15655,40.786358,-73.8456
15656,40.788612,-73.84468
15657,40.78604,-73.849556
15658,40.784634,-73.85632
15659,40.787243,-73.83282
15660,40.79511,-73.84755
15661,40.7859,-73.848595
15662,40.793926,-73.846245
15663,40.791733,-73.84966
15664,40.792698,-73.84639
15665,40.78381,-73.85667
15666,40.77935,-73.84452
15667,40.79304,-73.84652
15668,40.792507,-73.84857
15669,40.786034,-73.83458
15670,40.77466,-73.84574
15671,40.78654,-73.85242
15672,40.784695,-73.8515
15673,40.785793,-73.851295
15674,40.776215,-73.84871
15675,40.793777,-73.843895
15676,40.7859,-73.84861
15677,40.77631,-73.84153
15678,40.79304,-73.84652
15679,40.78594,-73.84132
15680,40.785923,-73.84023
15681,40.776592,-73.84688
15682,40.791412,-73.85074
15683,40.784824,-73.84767
15684,40.77928,-73.841805
15685,40.7828,-73.84468
15686,40.759396,-73.81995
15687,40.759113,-73.817314
15688,40.760162,-73.82034
15689,40.756958,-73.81985
15690,40.760105,-73.82031
15691,40.75935,-73.8198
15692,40.75819,-73.82012
15693,40.75913,-73.81879
15694,40.75453,-73.82074
15695,40.759026,-73.819496
15696,40.75507,-73.809135
15697,40.75805,-73.8132
15698,40.75462,-73.82065
15699,40.75832,-73.81945
15700,40.759026,-73.819496
15701,40.759026,-73.819496
15702,40.758728,-73.81829
15703,40.758728,-73.8183
15704,40.75552,-73.819466
15705,40.759758,-73.81999
15706,40.759113,-73.817314
15707,40.754097,-73.82009
15708,40.759205,-73.82037
15709,40.754097,-73.82009
15710,40.75904,-73.81236
15711,40.759644,-73.81326
15712,40.759674,-73.81947
15713,40.754097,-73.82009
15714,40.759758,-73.81999
15715,40.75868,-73.81874
15716,40.759186,-73.817894
15717,40.75611,-73.8105
15718,40.759026,-73.819496
15719,40.75812,-73.81453
15720,40.758766,-73.81943
15721,40.759907,-73.81959
15722,40.759907,-73.81959
15723,40.759674,-73.81947
15724,40.77761,-73.84445
15725,40.7914,-73.83897
15726,40.787243,-73.85052
15727,40.782276,-73.844986
15728,40.78284,-73.84441
15729,40.788597,-73.84997
15730,40.77641,-73.84234
15731,40.792416,-73.84845
15732,40.78407,-73.84307
15733,40.78088,-73.84144
15734,40.79361,-73.846306
15735,40.77948,-73.84578
15736,40.7875,-73.84949
15737,40.794334,-73.846405
15738,40.79082,-73.84514
15739,40.792892,-73.8451
15740,40.787434,-73.849495
15741,40.78995,-73.846275
15742,40.788998,-73.843925
15743,40.7766,-73.84869
15744,40.77608,-73.845985
15745,40.788387,-73.83848
15746,40.775475,-73.84578
15747,40.78674,-73.8521
15748,40.788612,-73.84944
15749,40.79247,-73.83933
15750,40.78674,-73.8521
15751,40.776535,-73.848694
15752,40.79066,-73.852264
15753,40.779175,-73.846214
15754,40.779,-73.845436
15755,40.777245,-73.84639
15756,40.78804,-73.850815
15757,40.788708,-73.84909
15758,40.77076,-73.82073
15759,40.766666,-73.81573
15760,40.771355,-73.8122
15761,40.772873,-73.812836
15762,40.772366,-73.81292
15763,40.769463,-73.81492
15764,40.77135,-73.82066
15765,40.76904,-73.80912
15766,40.771866,-73.80913
15767,40.7703,-73.8186
15768,40.766666,-73.81573
15769,40.77004,-73.81646
15770,40.768494,-73.81267
15771,40.766705,-73.81142
15772,40.766884,-73.81813
15773,40.76842,-73.811676
15774,40.76836,-73.81083
15775,40.772003,-73.81541
15776,40.77243,-73.81171
15777,40.77242,-73.81156
15778,40.766876,-73.81043
15779,40.772343,-73.81059
15780,40.77045,-73.80952
15781,40.76707,-73.813995
15782,40.770836,-73.8118
15783,40.76867,-73.81899
15784,40.77214,-73.81944
15785,40.769676,-73.81436
15786,40.769726,-73.81072
15787,40.768772,-73.816185
15788,40.770725,-73.820175
15789,40.76993,-73.81345
15790,40.769665,-73.80988
15791,40.747696,-73.813545
15792,40.751408,-73.81265
15793,40.74954,-73.81393
15794,40.74961,-73.81187
15795,40.75105,-73.81875
15796,40.753693,-73.81906
15797,40.748413,-73.81592
15798,40.748413,-73.81592
15799,40.75295,-73.82064
15800,40.749756,-73.81221
15801,40.750378,-73.815475
15802,40.75283,-73.80943
15803,40.75077,-73.81413
15804,40.750664,-73.81687
15805,40.750908,-73.81666
15806,40.750553,-73.809814
15807,40.751175,-73.818985
15808,40.75296,-73.81825
15809,40.75117,-73.818985
15810,40.753487,-73.80992
15811,40.75352,-73.819885
15812,40.753193,-73.819824
15813,40.75295,-73.82064
15814,40.753647,-73.82077
15815,40.753452,-73.82017
15816,40.753296,-73.811165
15817,40.75399,-73.81771
15818,40.75142,-73.81653
15819,40.75117,-73.818985
15820,40.748234,-73.81611
15821,40.752083,-73.81442
15822,40.75287,-73.82037
15823,40.75105,-73.81875
15824,40.753567,-73.815025
15825,40.75182,-73.80921
15826,40.753647,-73.82077
15827,40.773632,-73.847855
15828,40.788174,-73.85082
15829,40.785988,-73.84207
15830,40.77665,-73.84807
15831,40.79361,-73.846306
15832,40.79357,-73.845
15833,40.784588,-73.842316
15834,40.786015,-73.851654
15835,40.774597,-73.84375
15836,40.791664,-73.83894
15837,40.777443,-73.84011
15838,40.79063,-73.848724
15839,40.77547,-73.84567
15840,40.793434,-73.84238
15841,40.79128,-73.850624
15842,40.785774,-73.851295
15843,40.785557,-73.84464
15844,40.790257,-73.853195
15845,40.790108,-73.851654
15846,40.77638,-73.84853
15847,40.77821,-73.84705
15848,40.792984,-73.839806
15849,40.776196,-73.847755
15850,40.788708,-73.849976
15851,40.786533,-73.8423
15852,40.790195,-73.85314
15853,40.78873,-73.84738
15854,40.79259,-73.84353
15855,40.79247,-73.83933
15856,40.751804,-73.83445
15857,40.753925,-73.86081
15858,40.757824,-73.85731
15859,40.760277,-73.833916
15860,40.752903,-73.875206
15861,40.768486,-73.873314
15862,40.75949,-73.87467
15863,40.757084,-73.835594
15864,40.756138,-73.837685
15865,40.757805,-73.834404
15866,40.759895,-73.876015
15867,40.75009,-73.86546
15868,40.759644,-73.87665
15869,40.75514,-73.87691
15870,40.757797,-73.8572
15871,40.751736,-73.83489
15872,40.757805,-73.834404
15873,40.756138,-73.837685
15874,40.757797,-73.8572
15875,40.75654,-73.83745
15876,40.75654,-73.83745
15877,40.758038,-73.85627
15878,40.756237,-73.877106
15879,40.755783,-73.876076
15880,40.770237,-73.87587
15881,40.767593,-73.87107
15882,40.76108,-73.83315
15883,40.735683,-73.84911
15884,40.735683,-73.84911
15885,40.735683,-73.84911
15886,40.735523,-73.85072
15887,40.744095,-73.83295
15888,40.736015,-73.84942
15889,40.736015,-73.84942
15890,40.735588,-73.84904
15891,40.73595,-73.84926
15892,40.735588,-73.84904
15893,40.7369,-73.84845
15894,40.73595,-73.84926
15895,40.735588,-73.84904
15896,40.74075,-73.85363
15897,40.73885,-73.855225
15898,40.73833,-73.85243
15899,40.735588,-73.84904
15900,40.73871,-73.85278
15901,40.73595,-73.84926
15902,40.735683,-73.84911
15903,40.736015,-73.84942
15904,40.735588,-73.84904
15905,40.743107,-73.84845
15906,40.737747,-73.84746
15907,40.73775,-73.84746
15908,40.735523,-73.85072
15909,40.73576,-73.85151
15910,40.735523,-73.85072
15911,40.739494,-73.8535
15912,40.73885,-73.855225
15913,40.73871,-73.85278
15914,40.769753,-73.830086
15915,40.768112,-73.82277
15916,40.76854,-73.83009
15917,40.772915,-73.825134
15918,40.769485,-73.827675
15919,40.76858,-73.82711
15920,40.769688,-73.82917
15921,40.769753,-73.830086
15922,40.769302,-73.82881
15923,40.76858,-73.82711
15924,40.76858,-73.82711
15925,40.76769,-73.82562
15926,40.766727,-73.82642
15927,40.76858,-73.82711
15928,40.771107,-73.83132
15929,40.769688,-73.82917
15930,40.77009,-73.83132
15931,40.767178,-73.825386
15932,40.769135,-73.82698
15933,40.7676,-73.8278
15934,40.769135,-73.82698
15935,40.767937,-73.8278
15936,40.76858,-73.82711
15937,40.770863,-73.82787
15938,40.768932,-73.8293
15939,40.772064,-73.82436
15940,40.77015,-73.82881
15941,40.77071,-73.82862
15942,40.770367,-73.829994
15943,40.769753,-73.830086
15944,40.7676,-73.8278
15945,40.764526,-73.831985
15946,40.764572,-73.82553
15947,40.762035,-73.82209
15948,40.763836,-73.82768
15949,40.763836,-73.82768
15950,40.762398,-73.82268
15951,40.762398,-73.82268
15952,40.72304,-73.877625
15953,40.72702,-73.85727
15954,40.732662,-73.860405
15955,40.73303,-73.85721
15956,40.724117,-73.87734
15957,40.72645,-73.85938
15958,40.727722,-73.85863
15959,40.731167,-73.85684
15960,40.73043,-73.87895
15961,40.72249,-73.857635
15962,40.734467,-73.86013
15963,40.73096,-73.85625
15964,40.73241,-73.86132
15965,40.731167,-73.85684
15966,40.729053,-73.86372
15967,40.733643,-73.85926
15968,40.734436,-73.85904
15969,40.723236,-73.862785
15970,40.725903,-73.86007
15971,40.730145,-73.85979
15972,40.72718,-73.86104
15973,40.726055,-73.85614
15974,40.72975,-73.86342
15975,40.72778,-73.85935
15976,40.734436,-73.85904
15977,40.732662,-73.860405
15978,40.730145,-73.85979
15979,40.728542,-73.87284
15980,40.734436,-73.85904
15981,40.734436,-73.85904
15982,40.72271,-73.85757
15983,40.72365,-73.862785
15984,40.733578,-73.85903
15985,40.727436,-73.86835
15986,40.731606,-73.876144
15987,40.726704,-73.874626
15988,40.73084,-73.856804
15989,40.731377,-73.86777
15990,40.733124,-73.876816
15991,40.724373,-73.87492
15992,40.725903,-73.86007
15993,40.733086,-73.87437
15994,40.7335,-73.8592
15995,40.731373,-73.86036
15996,40.724747,-73.87235
15997,40.73183,-73.8578
15998,40.731827,-73.87627
15999,40.726456,-73.85939
16000,40.73391,-73.86034
16001,40.730408,-73.85683
16002,40.725075,-73.874054
16003,40.72752,-73.85891
16004,40.731358,-73.86746
16005,40.727585,-73.86067
16006,40.732235,-73.858894
16007,40.72645,-73.85938
16008,40.72721,-73.86312
16009,40.723278,-73.87371
16010,40.73227,-73.85988
16011,40.73287,-73.86034
16012,40.733337,-73.858734
16013,40.723656,-73.87732
16014,40.727055,-73.86275
16015,40.73029,-73.8585
16016,40.734097,-73.86232
16017,40.734436,-73.85904
16018,40.734623,-73.86533
16019,40.733578,-73.85903
16020,40.72328,-73.87338
16021,40.724243,-73.878586
16022,40.73062,-73.85779
16023,40.730408,-73.85683
16024,40.731865,-73.857895
16025,40.723415,-73.87569
16026,40.726696,-73.86631
16027,40.72316,-73.86745
16028,40.731373,-73.86036
16029,40.725903,-73.86007
16030,40.72345,-73.85622
16031,40.72313,-73.85771
16032,40.734436,-73.85904
16033,40.72273,-73.87737
16034,40.725693,-73.85886
16035,40.726017,-73.858864
16036,40.72794,-73.85914
16037,40.73129,-73.85773
16038,40.734097,-73.86232
16039,40.723686,-73.87642
16040,40.72798,-73.86985
16041,40.733627,-73.859604
16042,40.733845,-73.86188
16043,40.723675,-73.87513
16044,40.725903,-73.86007
16045,40.730015,-73.857254
16046,40.730938,-73.85672
16047,40.72313,-73.85771
16048,40.732967,-73.85857
16049,40.730076,-73.85794
16050,40.733627,-73.859604
16051,40.723087,-73.87652
16052,40.72563,-73.87277
16053,40.726467,-73.87607
16054,40.726547,-73.86074
16055,40.732967,-73.85857
16056,40.722885,-73.86694
16057,40.73029,-73.85811
16058,40.73018,-73.856705
16059,40.727707,-73.86065
16060,40.730625,-73.85779
16061,40.73012,-73.85978
16062,40.729366,-73.86954
16063,40.73241,-73.86132
16064,40.728287,-73.867805
16065,40.72568,-73.85726
16066,40.7285,-73.87381
16067,40.735027,-73.866165
16068,40.72721,-73.86312
16069,40.732967,-73.85857
16070,40.728848,-73.86198
16071,40.73184,-73.859634
16072,40.734467,-73.86013
16073,40.727707,-73.86065
16074,40.72436,-73.86105
16075,40.726913,-73.868904
16076,40.72822,-73.87327
16077,40.729946,-73.86462
16078,40.73026,-73.86578
16079,40.731007,-73.85739
16080,40.72645,-73.85938
16081,40.724483,-73.86966
16082,40.73182,-73.86889
16083,40.7306,-73.86668
16084,40.72986,-73.86439
16085,40.72313,-73.85753
16086,40.725475,-73.856705
16087,40.72985,-73.857796
16088,40.733047,-73.86121
16089,40.722794,-73.87629
16090,40.73184,-73.859634
16091,40.72902,-73.86142
16092,40.730633,-73.85694
16093,40.72642,-73.86741
16094,40.733643,-73.85926
16095,40.73187,-73.85711
16096,40.726177,-73.85799
16097,40.7306,-73.86668
16098,40.727364,-73.873
16099,40.7306,-73.86668
16100,40.733845,-73.86188
16101,40.733685,-73.86023
16102,40.733448,-73.86199
16103,40.728935,-73.86221
16104,40.734463,-73.8654
16105,40.728954,-73.86156
16106,40.73501,-73.8781
16107,40.73241,-73.86132
16108,40.72612,-73.85924
16109,40.724342,-73.877525
16110,40.72645,-73.85938
16111,40.7306,-73.86668
16112,40.72689,-73.869255
16113,40.727364,-73.873
16114,40.723064,-73.8765
16115,40.722687,-73.87815
16116,40.72291,-73.87528
16117,40.732967,-73.85857
16118,40.73241,-73.86132
16119,40.730206,-73.871864
16120,40.723156,-73.86965
16121,40.733448,-73.86199
16122,40.733578,-73.85903
16123,40.732216,-73.866974
16124,40.730377,-73.87281
16125,40.72408,-73.85821
16126,40.73338,-73.86214
16127,40.732155,-73.85858
16128,40.726173,-73.87482
16129,40.723156,-73.85632
16130,40.73091,-73.86082
16131,40.72365,-73.862785
16132,40.728508,-73.86845
16133,40.726574,-73.87318
16134,40.73187,-73.85711
16135,40.72842,-73.86011
16136,40.733845,-73.86188
16137,40.73184,-73.859634
16138,40.72895,-73.86156
16139,40.72985,-73.857796
16140,40.73183,-73.8578
16141,40.72804,-73.87
16142,40.728046,-73.86955
16143,40.72345,-73.85622
16144,40.734463,-73.8654
16145,40.733448,-73.86199
16146,40.728973,-73.86382
16147,40.732235,-73.858894
16148,40.733578,-73.85903
16149,40.732967,-73.85857
16150,40.73184,-73.859634
16151,40.731007,-73.85739
16152,40.723885,-73.87496
16153,40.734303,-73.85996
16154,40.733627,-73.859604
16155,40.72895,-73.86156
16156,40.734436,-73.85904
16157,40.72906,-73.86438
16158,40.72679,-73.85881
16159,40.726532,-73.860695
16160,40.73183,-73.8578
16161,40.733448,-73.86199
16162,40.72645,-73.85938
16163,40.726387,-73.86148
16164,40.79082,-73.8487
16165,40.789,-73.84282
16166,40.787647,-73.84697
16167,40.790257,-73.85168
16168,40.790257,-73.853195
16169,40.793728,-73.84392
16170,40.785088,-73.84839
16171,40.79415,-73.846405
16172,40.79248,-73.84848
16173,40.791275,-73.84752
16174,40.7827,-73.84575
16175,40.774174,-73.84471
16176,40.7926,-73.848114
16177,40.792465,-73.83983
16178,40.793575,-73.843956
16179,40.774193,-73.845245
16180,40.776527,-73.845955
16181,40.791683,-73.84637
16182,40.777473,-73.839554
16183,40.785065,-73.85674
16184,40.790318,-73.85196
16185,40.781303,-73.8426
16186,40.79335,-73.8447
16187,40.733643,-73.85926
16188,40.732662,-73.860405
16189,40.73184,-73.859634
16190,40.730026,-73.86876
16191,40.73183,-73.8578
16192,40.730843,-73.85789
16193,40.731182,-73.86787
16194,40.72648,-73.85763
16195,40.72546,-73.86802
16196,40.732235,-73.858894
16197,40.73137,-73.856155
16198,40.728672,-73.867645
16199,40.73129,-73.85773
16200,40.73451,-73.8595
16201,40.732967,-73.85857
16202,40.726673,-73.86054
16203,40.726387,-73.86148
16204,40.73241,-73.86132
16205,40.732967,-73.85857
16206,40.73451,-73.8595
16207,40.734436,-73.85904
16208,40.7306,-73.86668
16209,40.73197,-73.857895
16210,40.731182,-73.86787
16211,40.72914,-73.87731
16212,40.734436,-73.85904
16213,40.72631,-73.85951
16214,40.733643,-73.85926
16215,40.72994,-73.8589
16216,40.725906,-73.85755
16217,40.725906,-73.85755
16218,40.72895,-73.86156
16219,40.725536,-73.85964
16220,40.733627,-73.859604
16221,40.731167,-73.85684
16222,40.733322,-73.85747
16223,40.72546,-73.86688
16224,40.731167,-73.86759
16225,40.731182,-73.85762
16226,40.73612,-73.868645
16227,40.74561,-73.862495
16228,40.73815,-73.862335
16229,40.736732,-73.86895
16230,40.738884,-73.87612
16231,40.737602,-73.85692
16232,40.74536,-73.86289
16233,40.738136,-73.8582
16234,40.73847,-73.87877
16235,40.738853,-73.86053
16236,40.738434,-73.861465
16237,40.74075,-73.871666
16238,40.73527,-73.86573
16239,40.7456,-73.874306
16240,40.735207,-73.8666
16241,40.74089,-73.87872
16242,40.739178,-73.87447
16243,40.736557,-73.85886
16244,40.738804,-73.87838
16245,40.73527,-73.86573
16246,40.738277,-73.86171
16247,40.736282,-73.865845
16248,40.74622,-73.87081
16249,40.74547,-73.857796
16250,40.737885,-73.87062
16251,40.73581,-73.86608
16252,40.745617,-73.86248
16253,40.737366,-73.87892
16254,40.738804,-73.87838
16255,40.73609,-73.86555
16256,40.738106,-73.87464
16257,40.73659,-73.873276
16258,40.737366,-73.87892
16259,40.73612,-73.868645
16260,40.739017,-73.87052
16261,40.737465,-73.85759
16262,40.730465,-73.832855
16263,40.731228,-73.84423
16264,40.729534,-73.842995
16265,40.729298,-73.84302
16266,40.726192,-73.85399
16267,40.72335,-73.844864
16268,40.723442,-73.847115
16269,40.726974,-73.8495
16270,40.726616,-73.84635
16271,40.724667,-73.85168
16272,40.728535,-73.85138
16273,40.723396,-73.84686
16274,40.727047,-73.84978
16275,40.724392,-73.854126
16276,40.728603,-73.8505
16277,40.727905,-73.853096
16278,40.727936,-73.849396
16279,40.72601,-73.87642
16280,40.731865,-73.857895
16281,40.731865,-73.857895
16282,40.7302,-73.8582
16283,40.730335,-73.87041
16284,40.734097,-73.86232
16285,40.734837,-73.85968
16286,40.733643,-73.85926
16287,40.733944,-73.86037
16288,40.733627,-73.859604
16289,40.729576,-73.86361
16290,40.734837,-73.85968
16291,40.72601,-73.87642
16292,40.727173,-73.858536
16293,40.72985,-73.857796
16294,40.724236,-73.87743
16295,40.72902,-73.86142
16296,40.724678,-73.872925
16297,40.730186,-73.858795
16298,40.724285,-73.876076
16299,40.728848,-73.86198
16300,40.733845,-73.86188
16301,40.730583,-73.86693
16302,40.729652,-73.85844
16303,40.732235,-73.858894
16304,40.72963,-73.85816
16305,40.73451,-73.8595
16306,40.72784,-73.86969
16307,40.72313,-73.85771
16308,40.7306,-73.86668
16309,40.728935,-73.86221
16310,40.731586,-73.87617
16311,40.726547,-73.87652
16312,40.74527,-73.78575
16313,40.737064,-73.78992
16314,40.74697,-73.78756
16315,40.742016,-73.80715
16316,40.741673,-73.79356
16317,40.744133,-73.79265
16318,40.74725,-73.802315
16319,40.742657,-73.795586
16320,40.744907,-73.78625
16321,40.747375,-73.80104
16322,40.743458,-73.788956
16323,40.746925,-73.80067
16324,40.739365,-73.80559
16325,40.74725,-73.78972
16326,40.744087,-73.79226
16327,40.74729,-73.80198
16328,40.744717,-73.793564
16329,40.739887,-73.79461
16330,40.73865,-73.79818
16331,40.7443,-73.7921
16332,40.74224,-73.790375
16333,40.745636,-73.787926
16334,40.74754,-73.79505
16335,40.74417,-73.7923
16336,40.741222,-73.79133
16337,40.740246,-73.79635
16338,40.74696,-73.79045
16339,40.72246,-73.840614
16340,40.72246,-73.840614
16341,40.7284,-73.8409
16342,40.72246,-73.840614
16343,40.72246,-73.840614
16344,40.72246,-73.840614
16345,40.722713,-73.84226
16346,40.72246,-73.840614
16347,40.72246,-73.840614
16348,40.72246,-73.840614
16349,40.72246,-73.840614
16350,40.722717,-73.84226
16351,40.722717,-73.84226
16352,40.724586,-73.84423
16353,40.72416,-73.83879
16354,40.72246,-73.840614
16355,40.724712,-73.84122
16356,40.725307,-73.84179
16357,40.722713,-73.84226
16358,40.722713,-73.84226
16359,40.72246,-73.840614
16360,40.722588,-73.84249
16361,40.72246,-73.840614
16362,40.722588,-73.84249
16363,40.722713,-73.84226
16364,40.723152,-73.841324
16365,40.722713,-73.84226
16366,40.72246,-73.840614
16367,40.72246,-73.840614
16368,40.72246,-73.840614
16369,40.735092,-73.86594
16370,40.737865,-73.8731
16371,40.738277,-73.86171
16372,40.738934,-73.87729
16373,40.738804,-73.87838
16374,40.735207,-73.8666
16375,40.738693,-73.8704
16376,40.744385,-73.856766
16377,40.738335,-73.85808
16378,40.73662,-73.87528
16379,40.738934,-73.87729
16380,40.73815,-73.862335
16381,40.73657,-73.87063
16382,40.738804,-73.87838
16383,40.73847,-73.87877
16384,40.73903,-73.87785
16385,40.73815,-73.862335
16386,40.738297,-73.87708
16387,40.74203,-73.87949
16388,40.740116,-73.857925
16389,40.73716,-73.87939
16390,40.73716,-73.87939
16391,40.738262,-73.87671
16392,40.738297,-73.87708
16393,40.735207,-73.8666
16394,40.74447,-73.85672
16395,40.738106,-73.87464
16396,40.738297,-73.87708
16397,40.738735,-73.86744
16398,40.73777,-73.859116
16399,40.738804,-73.87838
16400,40.742744,-73.8727
16401,40.740246,-73.874916
16402,40.738297,-73.87708
16403,40.73677,-73.87853
16404,40.738884,-73.87612
16405,40.738262,-73.87671
16406,40.73612,-73.868645
16407,40.737465,-73.85759
16408,40.737362,-73.87891
16409,40.738857,-73.86053
16410,40.745804,-73.877464
16411,40.735096,-73.86594
16412,40.739784,-73.87906
16413,40.73566,-73.87794
16414,40.73754,-73.856415
16415,40.738884,-73.87612
16416,40.737602,-73.85692
16417,40.737053,-73.857185
16418,40.745804,-73.877464
16419,40.74146,-73.8606
16420,40.74522,-73.87325
16421,40.745457,-73.87324
16422,40.740894,-73.858604
16423,40.735287,-73.866554
16424,40.73826,-73.878586
16425,40.741707,-73.860435
16426,40.735813,-73.86608
16427,40.737778,-73.87359
16428,40.737778,-73.87359
16429,40.74522,-73.87325
16430,40.739784,-73.87906
16431,40.738804,-73.87838
16432,40.738136,-73.8582
16433,40.73581,-73.86608
16434,40.738804,-73.87838
16435,40.738335,-73.85808
16436,40.74325,-73.86131
16437,40.73603,-73.86837
16438,40.738853,-73.86053
16439,40.73701,-73.85909
16440,40.735092,-73.86594
16441,40.74203,-73.87949
16442,40.740517,-73.86924
16443,40.738453,-73.86624
16444,40.73603,-73.86837
16445,40.736607,-73.869026
16446,40.740776,-73.86829
16447,40.741592,-73.86156
16448,40.73903,-73.87785
16449,40.73657,-73.87063
16450,40.739613,-73.85618
16451,40.741074,-73.87848
16452,40.738136,-73.8582
16453,40.738335,-73.85808
16454,40.73826,-73.878586
16455,40.73659,-73.873276
16456,40.73668,-73.87219
16457,40.736607,-73.869026
16458,40.737602,-73.85692
16459,40.736443,-73.858315
16460,40.738884,-73.87795
16461,40.73903,-73.87785
16462,40.740894,-73.858604
16463,40.740288,-73.868866
16464,40.738804,-73.87838
16465,40.73657,-73.87063
16466,40.738853,-73.86053
16467,40.737465,-73.85759
16468,40.73352,-73.81532
16469,40.727543,-73.82496
16470,40.731632,-73.82506
16471,40.72927,-73.81674
16472,40.73352,-73.81532
16473,40.7257,-73.81142
16474,40.724586,-73.82358
16475,40.730812,-73.83009
16476,40.73493,-73.8219
16477,40.727703,-73.82552
16478,40.728737,-73.817245
16479,40.73352,-73.81532
16480,40.730618,-73.829575
16481,40.733585,-73.82215
16482,40.728737,-73.817245
16483,40.728638,-73.82365
16484,40.73037,-73.82658
16485,40.73352,-73.81532
16486,40.734653,-73.82253
16487,40.731647,-73.82712
16488,40.728207,-73.83073
16489,40.728825,-73.81963
16490,40.733658,-73.815285
16491,40.72932,-73.8186
16492,40.729084,-73.831825
16493,40.727898,-73.81715
16494,40.72668,-73.826294
16495,40.727898,-73.81715
16496,40.733456,-73.81627
16497,40.73095,-73.818794
16498,40.729904,-73.829124
16499,40.72919,-73.830414
16500,40.728245,-73.82938
16501,40.730297,-73.81741
16502,40.72676,-73.82946
16503,40.738277,-73.86171
16504,40.74357,-73.87517
16505,40.73754,-73.856415
16506,40.746235,-73.87069
16507,40.73657,-73.87063
16508,40.735207,-73.8666
16509,40.73777,-73.859116
16510,40.736862,-73.872505
16511,40.736782,-73.872185
16512,40.73866,-73.87849
16513,40.741978,-73.86118
16514,40.737713,-73.85649
16515,40.73847,-73.87877
16516,40.746796,-73.874466
16517,40.73815,-73.862335
16518,40.737778,-73.87359
16519,40.736557,-73.85885
16520,40.73581,-73.86608
16521,40.735504,-73.86582
16522,40.738884,-73.87795
16523,40.74602,-73.87797
16524,40.73903,-73.87785
16525,40.746803,-73.87462
16526,40.73847,-73.87877
16527,40.746803,-73.87462
16528,40.735207,-73.8666
16529,40.738136,-73.8582
16530,40.735096,-73.86594
16531,40.738136,-73.8582
16532,40.738335,-73.85808
16533,40.752,-73.85259
16534,40.748173,-73.867836
16535,40.75734,-73.83421
16536,40.756332,-73.83261
16537,40.752026,-73.879166
16538,40.762478,-73.87522
16539,40.757755,-73.83498
16540,40.755714,-73.876724
16541,40.760544,-73.876816
16542,40.755905,-73.87676
16543,40.76613,-73.87298
16544,40.75238,-73.86415
16545,40.76403,-73.871666
16546,40.755905,-73.87676
16547,40.770763,-73.83267
16548,40.756138,-73.837685
16549,40.757046,-73.87929
16550,40.759586,-73.86489
16551,40.75551,-73.87295
16552,40.760277,-73.833916
16553,40.75656,-73.87749
16554,40.757725,-73.87752
16555,40.750088,-73.868286
16556,40.750244,-73.85245
16557,40.75656,-73.87749
16558,40.755054,-73.833595
16559,40.76327,-73.87246
16560,40.74992,-73.86563
16561,40.765823,-73.87776
16562,40.756332,-73.87618
16563,40.757973,-73.85678
16564,40.754402,-73.877106
16565,40.755783,-73.876076
16566,40.757755,-73.87942
16567,40.75873,-73.8639
16568,40.754887,-73.83283
16569,40.72994,-73.848946
16570,40.731792,-73.85281
16571,40.73199,-73.8515
16572,40.734596,-73.85538
16573,40.73072,-73.84993
16574,40.731125,-73.84896
16575,40.73199,-73.8515
16576,40.730556,-73.84733
16577,40.73082,-73.85053
16578,40.730618,-73.84817
16579,40.73117,-73.844826
16580,40.730186,-73.85045
16581,40.732315,-73.855515
16582,40.73408,-73.847595
16583,40.730465,-73.852356
16584,40.733356,-73.8537
16585,40.73499,-73.85065
16586,40.73199,-73.8515
16587,40.730465,-73.852356
16588,40.729057,-73.84782
16589,40.732674,-73.84792
16590,40.73126,-73.84903
16591,40.733356,-73.8537
16592,40.73199,-73.854095
16593,40.732815,-73.85047
16594,40.73082,-73.85053
16595,40.737465,-73.85759
16596,40.74602,-73.87797
16597,40.736782,-73.872185
16598,40.738045,-73.8657
16599,40.74274,-73.8688
16600,40.73842,-73.859505
16601,40.73657,-73.87063
16602,40.742065,-73.87855
16603,40.742897,-73.86906
16604,40.738804,-73.87838
16605,40.73727,-73.87625
16606,40.738884,-73.87612
16607,40.74213,-73.87413
16608,40.738136,-73.8582
16609,40.738335,-73.85808
16610,40.746796,-73.874466
16611,40.747475,-73.8745
16612,40.74545,-73.871155
16613,40.73662,-73.87528
16614,40.738537,-73.87435
16615,40.74602,-73.87797
16616,40.74089,-73.87872
16617,40.73847,-73.87877
16618,40.738804,-73.87838
16619,40.73826,-73.878586
16620,40.74671,-73.87487
16621,40.74203,-73.87949
16622,40.738277,-73.86171
16623,40.73662,-73.87528
16624,40.739784,-73.87906
16625,40.738136,-73.8582
16626,40.735207,-73.8666
16627,40.736607,-73.869026
16628,40.74534,-73.85825
16629,40.73796,-73.859276
16630,40.73866,-73.87849
16631,40.739178,-73.87447
16632,40.738297,-73.87708
16633,40.73603,-73.86837
16634,40.74126,-73.859245
16635,40.738262,-73.87671
16636,40.73729,-73.858955
16637,40.738804,-73.87838
16638,40.73841,-73.86046
16639,40.735207,-73.8666
16640,40.73777,-73.859116
16641,40.73921,-73.87083
16642,40.73752,-73.858185
16643,40.738464,-73.87433
16644,40.741566,-73.869644
16645,40.73826,-73.878586
16646,40.73662,-73.87528
16647,40.73662,-73.87528
16648,40.74537,-73.87926
16649,40.73647,-73.85834
16650,40.738884,-73.87612
16651,40.738262,-73.87671
16652,40.7444,-73.8641
16653,40.737175,-73.876465
16654,40.735287,-73.866554
16655,40.738884,-73.87612
16656,40.73807,-73.86713
16657,40.738884,-73.87795
16658,40.7444,-73.8641
16659,40.738262,-73.87671
16660,40.738853,-73.86053
16661,40.73903,-73.87785
16662,40.738297,-73.87708
16663,40.738827,-73.877396
16664,40.728867,-73.81662
16665,40.733658,-73.815285
16666,40.73053,-73.8277
16667,40.729145,-73.81745
16668,40.733433,-73.81831
16669,40.728905,-73.81985
16670,40.730328,-73.83099
16671,40.728226,-73.815994
16672,40.729313,-73.82603
16673,40.731644,-73.817055
16674,40.731045,-73.818375
16675,40.734005,-73.8227
16676,40.731045,-73.818375
16677,40.730846,-73.815735
16678,40.72789,-73.822014
16679,40.7265,-73.81794
16680,40.73361,-73.815834
16681,40.72927,-73.81674
16682,40.732914,-73.82044
16683,40.73351,-73.82274
16684,40.728188,-73.80975
16685,40.73135,-73.81803
16686,40.731117,-73.825806
16687,40.7235,-73.82557
16688,40.729145,-73.81745
16689,40.729145,-73.81745
16690,40.730576,-73.82498
16691,40.72381,-73.80974
16692,40.732048,-73.82055
16693,40.73083,-73.8174
16694,40.722908,-73.82496
16695,40.724663,-73.81898
16696,40.730488,-73.832535
16697,40.72652,-73.825836
16698,40.734653,-73.82253
16699,40.730396,-73.81653
16700,40.722908,-73.82496
16701,40.72676,-73.82946
16702,40.727673,-73.81132
16703,40.730373,-73.82739
16704,40.731804,-73.816185
16705,40.72262,-73.81654
16706,40.72702,-73.82667
16707,40.7294,-73.82637
16708,40.722782,-73.81341
16709,40.724747,-73.81965
16710,40.730476,-73.82707
16711,40.724617,-73.820076
16712,40.729294,-73.818726
16713,40.732555,-73.81745
16714,40.731335,-73.82607
16715,40.73352,-73.81532
16716,40.732155,-73.81997
16717,40.7325,-73.815186
16718,40.732155,-73.81997
16719,40.7325,-73.815186
16720,40.732555,-73.81745
16721,40.727512,-73.82744
16722,40.72916,-73.8219
16723,40.72676,-73.82946
16724,40.726418,-73.82799
16725,40.72696,-73.82279
16726,40.73352,-73.81532
16727,40.73372,-73.81699
16728,40.728252,-73.82049
16729,40.72479,-73.82223
16730,40.724445,-73.818115
16731,40.73493,-73.8219
16732,40.73406,-73.82532
16733,40.734715,-73.82328
16734,40.728024,-73.82907
16735,40.72975,-73.83206
16736,40.72503,-73.81378
16737,40.733658,-73.815285
16738,40.727833,-73.81586
16739,40.730904,-73.82495
16740,40.73008,-73.82797
16741,40.733955,-73.81936
16742,40.734715,-73.82328
16743,40.7275,-73.81693
16744,40.726833,-73.82075
16745,40.731857,-73.81548
16746,40.728893,-73.819885
16747,40.72683,-73.8248
16748,40.734715,-73.82328
16749,40.727337,-73.81905
16750,40.73275,-73.81671
16751,40.729145,-73.81745
16752,40.73077,-73.82768
16753,40.72835,-73.81148
16754,40.73152,-73.8287
16755,40.72906,-73.82322
16756,40.73502,-73.82299
16757,40.727936,-73.82052
16758,40.72626,-73.82668
16759,40.73352,-73.81532
16760,40.72577,-73.82307
16761,40.72445,-73.81195
16762,40.728737,-73.817245
16763,40.731815,-73.82092
16764,40.72927,-73.81674
16765,40.72676,-73.82946
16766,40.7314,-73.82063
16767,40.732006,-73.81899
16768,40.733105,-73.818214
16769,40.72676,-73.82946
16770,40.728153,-73.820435
16771,40.728237,-73.82047
16772,40.733105,-73.818214
16773,40.729218,-73.83077
16774,40.726646,-73.80926
16775,40.729576,-73.82722
16776,40.727295,-73.82408
16777,40.72676,-73.82946
16778,40.723457,-73.8113
16779,40.732384,-73.81572
16780,40.73039,-73.82996
16781,40.73009,-73.82772
16782,40.732105,-73.818855
16783,40.732105,-73.818855
16784,40.73311,-73.82468
16785,40.729572,-73.82557
16786,40.733627,-73.81957
16787,40.73021,-73.817566
16788,40.728188,-73.80975
16789,40.72743,-73.818756
16790,40.731422,-73.81875
16791,40.724487,-73.82684
16792,40.727203,-73.82103
16793,40.72676,-73.82946
16794,40.731216,-73.81923
16795,40.729385,-73.82902
16796,40.7298,-73.82647
16797,40.73366,-73.81766
16798,40.729008,-73.83041
16799,40.72295,-73.820755
16800,40.728737,-73.817245
16801,40.726624,-73.82967
16802,40.732525,-73.82446
16803,40.729145,-73.8284
16804,40.729416,-73.81673
16805,40.73329,-73.82446
16806,40.731857,-73.81548
16807,40.731857,-73.81548
16808,40.73329,-73.82446
16809,40.73253,-73.82336
16810,40.728428,-73.82177
16811,40.73373,-73.81709
16812,40.72676,-73.82946
16813,40.734715,-73.82328
16814,40.73263,-73.817215
16815,40.72835,-73.81148
16816,40.732212,-73.82
16817,40.733776,-73.81874
16818,40.723568,-73.82522
16819,40.724117,-73.811295
16820,40.734715,-73.82328
16821,40.72334,-73.8232
16822,40.72609,-73.82032
16823,40.732212,-73.82
16824,40.768894,-73.806885
16825,40.76639,-73.787994
16826,40.762394,-73.78616
16827,40.762505,-73.79921
16828,40.765064,-73.806465
16829,40.766724,-73.78765
16830,40.769,-73.786934
16831,40.769352,-73.80008
16832,40.762684,-73.80716
16833,40.766697,-73.80661
16834,40.76768,-73.78727
16835,40.771492,-73.806816
16836,40.769676,-73.78996
16837,40.768166,-73.79849
16838,40.768055,-73.78831
16839,40.76195,-73.791336
16840,40.76455,-73.79074
16841,40.76589,-73.78604
16842,40.76299,-73.80441
16843,40.762672,-73.795815
16844,40.762672,-73.795815
16845,40.761566,-73.79705
16846,40.76589,-73.78604
16847,40.76284,-73.8043
16848,40.763214,-73.80469
16849,40.769176,-73.80779
16850,40.765526,-73.78615
16851,40.77078,-73.80286
16852,40.76213,-73.797424
16853,40.76686,-73.791084
16854,40.762535,-73.79585
16855,40.76158,-73.79579
16856,40.76361,-73.79854
16857,40.7667,-73.78774
16858,40.730003,-73.794495
16859,40.728153,-73.79232
16860,40.724644,-73.79075
16861,40.730003,-73.80798
16862,40.727943,-73.793106
16863,40.729492,-73.80393
16864,40.728737,-73.787094
16865,40.729176,-73.79846
16866,40.730316,-73.795074
16867,40.72394,-73.78576
16868,40.72799,-73.79944
16869,40.725647,-73.796265
16870,40.72949,-73.80402
16871,40.732742,-73.79551
16872,40.7242,-73.79872
16873,40.72856,-73.805916
16874,40.725643,-73.80592
16875,40.72908,-73.80328
16876,40.729645,-73.80649
16877,40.728054,-73.80895
16878,40.730152,-73.79875
16879,40.72493,-73.8013
16880,40.729305,-73.79153
16881,40.724964,-73.805756
16882,40.724983,-73.79518
16883,40.72978,-73.80691
16884,40.72899,-73.80726
16885,40.72975,-73.80736
16886,40.7271,-73.80538
16887,40.72711,-73.79654
16888,40.727947,-73.803825
16889,40.727474,-73.8081
16890,40.730587,-73.78787
16891,40.728416,-73.80582
16892,40.728153,-73.79232
16893,40.73227,-73.7986
16894,40.732742,-73.78985
16895,40.732365,-73.791664
16896,40.73033,-73.80415
16897,40.733032,-73.803024
16898,40.732155,-73.80403
16899,40.726086,-73.79816
16900,40.728493,-73.786995
16901,40.73305,-73.785805
16902,40.72624,-73.8
16903,40.72949,-73.792305
16904,40.72738,-73.793755
16905,40.729527,-73.79133
16906,40.72637,-73.790985
16907,40.72605,-73.79179
16908,40.727715,-73.78763
16909,40.731236,-73.80047
16910,40.72696,-73.79924
16911,40.728012,-73.78972
16912,40.728657,-73.80369
16913,40.724514,-73.78712
16914,40.729557,-73.80776
16915,40.72953,-73.798965
16916,40.723534,-73.80069
16917,40.729145,-73.806694
16918,40.72828,-73.7869
16919,40.72451,-73.78801
16920,40.730515,-73.80224
16921,40.731556,-73.79631
16922,40.727253,-73.80371
16923,40.73005,-73.80237
16924,40.73178,-73.79498
16925,40.729614,-73.808624
16926,40.731087,-73.79553
16927,40.73334,-73.79674
16928,40.729946,-73.80825
16929,40.74285,-73.822495
16930,40.745903,-73.829796
16931,40.74139,-73.81182
16932,40.73759,-73.81077
16933,40.745777,-73.8291
16934,40.742012,-73.81744
16935,40.742367,-73.8134
16936,40.745106,-73.822876
16937,40.739967,-73.82368
16938,40.74686,-73.81401
16939,40.739388,-73.829636
16940,40.74021,-73.81762
16941,40.739506,-73.82801
16942,40.746758,-73.81418
16943,40.73862,-73.83014
16944,40.746845,-73.81344
16945,40.746384,-73.831856
16946,40.73963,-73.822205
16947,40.740658,-73.82358
16948,40.74408,-73.82928
16949,40.741104,-73.812416
16950,40.741516,-73.812386
16951,40.74,-73.81061
16952,40.74168,-73.8139
16953,40.74383,-73.8191
16954,40.74167,-73.81364
16955,40.739616,-73.827354
16956,40.7428,-73.824425
16957,40.746834,-73.82841
16958,40.743065,-73.821465
16959,40.740597,-73.81786
16960,40.743668,-73.81773
16961,40.740948,-73.81891
16962,40.743004,-73.82619
16963,40.73961,-73.826866
16964,40.742146,-73.81909
16965,40.73365,-73.792274
16966,40.73163,-73.80379
16967,40.727097,-73.80018
16968,40.726486,-73.79733
16969,40.72687,-73.791504
16970,40.729748,-73.78877
16971,40.72939,-73.808205
16972,40.734535,-73.7897
16973,40.730873,-73.79388
16974,40.729927,-73.79695
16975,40.72657,-73.80171
16976,40.727642,-73.78857
16977,40.72856,-73.80642
16978,40.729897,-73.80814
16979,40.728756,-73.79589
16980,40.726807,-73.78651
16981,40.72978,-73.80691
16982,40.733395,-73.79674
16983,40.731327,-73.799576
16984,40.73293,-73.80032
16985,40.729984,-73.78956
16986,40.72779,-73.78962
16987,40.73336,-73.79674
16988,40.732597,-73.78879
16989,40.723846,-73.80632
16990,40.729317,-73.808205
16991,40.72702,-73.78929
16992,40.729843,-73.80798
16993,40.72519,-73.791145
16994,40.72732,-73.80831
16995,40.72858,-73.79586
16996,40.72571,-73.80174
16997,40.725227,-73.80336
16998,40.725327,-73.7962
16999,40.728718,-73.79686
17000,40.73218,-73.7977
17001,40.7317,-73.80135
17002,40.72311,-73.80802
17003,40.732777,-73.78986
17004,40.72362,-73.80782
17005,40.73205,-73.80314
17006,40.733875,-73.788925
17007,40.72708,-73.79159
17008,40.733814,-73.78638
17009,40.729824,-73.78725
17010,40.72468,-73.796005
17011,40.731007,-73.7984
17012,40.73044,-73.80609
17013,40.73396,-73.8039
17014,40.733494,-73.79069
17015,40.732025,-73.80042
17016,40.724957,-73.79517
17017,40.724968,-73.789375
17018,40.732155,-73.791565
17019,40.738297,-73.87708
17020,40.74129,-73.86144
17021,40.742832,-73.879456
17022,40.739086,-73.8665
17023,40.73847,-73.87877
17024,40.73839,-73.878395
17025,40.73727,-73.87625
17026,40.73847,-73.87877
17027,40.743374,-73.86144
17028,40.744408,-73.86177
17029,40.741344,-73.869026
17030,40.735096,-73.86594
17031,40.73729,-73.858955
17032,40.747253,-73.86255
17033,40.740982,-73.85814
17034,40.737602,-73.85692
17035,40.735092,-73.86594
17036,40.73704,-73.85938
17037,40.742313,-73.86955
17038,40.738884,-73.87612
17039,40.742744,-73.8727
17040,40.74089,-73.87872
17041,40.73754,-73.856415
17042,40.737053,-73.857185
17043,40.741817,-73.86121
17044,40.73704,-73.85938
17045,40.737602,-73.85692
17046,40.738136,-73.8582
17047,40.741,-73.8788
17048,40.7404,-73.876236
17049,40.73826,-73.878586
17050,40.746407,-73.87097
17051,40.73657,-73.87063
17052,40.738335,-73.85808
17053,40.730473,-73.83058
17054,40.723038,-73.82315
17055,40.73072,-73.832184
17056,40.72546,-73.81069
17057,40.731438,-73.81718
17058,40.73352,-73.81532
17059,40.73151,-73.817276
17060,40.734715,-73.82328
17061,40.728024,-73.82907
17062,40.723434,-73.81637
17063,40.72727,-73.82019
17064,40.73255,-73.81695
17065,40.72469,-73.82363
17066,40.72835,-73.81148
17067,40.732594,-73.82047
17068,40.731785,-73.82611
17069,40.724575,-73.81769
17070,40.733925,-73.819046
17071,40.73502,-73.82299
17072,40.73493,-73.8219
17073,40.727028,-73.826996
17074,40.733826,-73.81804
17075,40.72248,-73.82247
17076,40.722473,-73.817024
17077,40.73271,-73.820816
17078,40.725964,-73.825134
17079,40.73037,-73.82658
17080,40.728672,-73.82194
17081,40.72566,-73.81828
17082,40.734653,-73.82253
17083,40.73275,-73.81671
17084,40.724277,-73.82117
17085,40.73156,-73.82891
17086,40.72676,-73.82946
17087,40.72683,-73.8248
17088,40.730457,-73.80503
17089,40.73465,-73.7974
17090,40.73071,-73.787926
17091,40.727222,-73.80405
17092,40.73044,-73.80609
17093,40.72405,-73.79868
17094,40.727898,-73.805855
17095,40.73382,-73.78911
17096,40.726128,-73.791824
17097,40.72592,-73.79813
17098,40.724377,-73.800575
17099,40.730606,-73.79535
17100,40.722538,-73.80791
17101,40.72247,-73.786415
17102,40.727867,-73.804504
17103,40.73302,-73.78799
17104,40.73081,-73.78699
17105,40.730606,-73.79535
17106,40.724724,-73.79602
17107,40.7242,-73.80235
17108,40.73007,-73.79605
17109,40.73007,-73.79605
17110,40.723854,-73.802795
17111,40.7327,-73.789825
17112,40.729782,-73.807
17113,40.727478,-73.80808
17114,40.733868,-73.80391
17115,40.730984,-73.79389
17116,40.73503,-73.78794
17117,40.723125,-73.80283
17118,40.731056,-73.7861
17119,40.723812,-73.79859
17120,40.731,-73.79389
17121,40.728844,-73.803825
17122,40.723545,-73.805565
17123,40.725334,-73.800735
17124,40.726635,-73.80037
17125,40.723217,-73.80298
17126,40.64324,-73.97644
17127,40.634727,-73.98144
17128,40.646687,-73.974045
17129,40.6431,-73.97716
17130,40.634518,-73.9786
17131,40.6424,-73.97457
17132,40.641773,-73.97446
17133,40.641773,-73.97446
17134,40.64293,-73.97471
17135,40.636726,-73.992966
17136,40.646687,-73.974045
17137,40.641197,-73.99456
17138,40.641773,-73.97446
17139,40.64339,-73.97598
17140,40.63996,-73.97552
17141,40.640675,-73.97412
17142,40.64339,-73.97598
17143,40.640675,-73.97412
17144,40.64636,-73.97533
17145,40.634514,-73.982666
17146,40.64339,-73.97598
17147,40.646687,-73.974045
17148,40.639946,-73.97514
17149,40.64086,-73.97524
17150,40.63571,-73.99278
17151,40.6424,-73.97457
17152,40.63938,-73.99283
17153,40.64339,-73.97598
17154,40.638107,-73.99374
17155,40.639927,-73.973885
17156,40.640675,-73.97412
17157,40.634285,-73.97395
17158,40.644913,-73.97372
17159,40.63654,-73.99206
17160,40.638603,-73.98082
17161,40.6431,-73.97716
17162,40.643513,-73.994606
17163,40.644913,-73.97372
17164,40.646687,-73.974045
17165,40.634605,-73.97602
17166,40.63887,-73.99349
17167,40.646687,-73.974045
17168,40.646687,-73.974045
17169,40.64324,-73.97644
17170,40.639927,-73.973885
17171,40.644077,-73.9736
17172,40.639256,-73.995285
17173,40.63894,-73.99627
17174,40.64293,-73.97471
17175,40.64324,-73.97644
17176,40.646027,-73.98149
17177,40.6361,-73.97994
17178,40.646687,-73.974045
17179,40.646687,-73.974045
17180,40.63894,-73.99627
17181,40.646027,-73.98149
17182,40.634907,-73.98472
17183,40.644634,-73.982475
17184,40.63572,-73.989784
17185,40.646027,-73.98149
17186,40.646687,-73.974045
17187,40.644184,-73.97362
17188,40.646687,-73.974045
17189,40.646687,-73.974045
17190,40.634727,-73.98144
17191,40.640675,-73.97412
17192,40.64441,-73.973656
17193,40.643238,-73.97644
17194,40.6436,-73.985146
17195,40.63915,-73.97396
17196,40.64095,-73.975525
17197,40.635345,-73.9886
17198,40.63593,-73.99256
17199,40.64339,-73.97598
17200,40.645058,-73.99467
17201,40.665684,-73.98483
17202,40.66458,-73.9829
17203,40.659485,-73.97731
17204,40.663544,-73.984
17205,40.667572,-73.98237
17206,40.670746,-73.982
17207,40.670654,-73.97941
17208,40.659485,-73.97731
17209,40.669315,-73.976654
17210,40.66313,-73.98722
17211,40.66445,-73.98153
17212,40.660213,-73.992004
17213,40.663754,-73.995
17214,40.670734,-73.97606
17215,40.666634,-73.991005
17216,40.66887,-73.97393
17217,40.670547,-73.97393
17218,40.669815,-73.976555
17219,40.671898,-73.98271
17220,40.663467,-73.980255
17221,40.664272,-73.9934
17222,40.67194,-73.97463
17223,40.665558,-73.979744
17224,40.670727,-73.97959
17225,40.66437,-73.98109
17226,40.671898,-73.98271
17227,40.665028,-73.99074
17228,40.66887,-73.97393
17229,40.668186,-73.99331
17230,40.66458,-73.9829
17231,40.669315,-73.976654
17232,40.66116,-73.98072
17233,40.66692,-73.98983
17234,40.66437,-73.98109
17235,40.665028,-73.99074
17236,40.670727,-73.97959
17237,40.670517,-73.98152
17238,40.66339,-73.9801
17239,40.660088,-73.99028
17240,40.67047,-73.98156
17241,40.665977,-73.989655
17242,40.67033,-73.97348
17243,40.669,-73.99169
17244,40.671898,-73.98271
17245,40.66698,-73.98732
17246,40.669315,-73.976654
17247,40.663666,-73.99508
17248,40.666553,-73.987335
17249,40.668186,-73.99331
17250,40.6675,-73.9753
17251,40.67049,-73.9738
17252,40.66032,-73.98614
17253,40.664272,-73.9934
17254,40.660072,-73.99072
17255,40.664227,-73.989395
17256,40.66263,-73.986534
17257,40.669052,-73.98278
17258,40.671898,-73.98271
17259,40.669052,-73.98278
17260,40.671898,-73.98271
17261,40.659485,-73.97731
17262,40.66545,-73.9921
17263,40.66682,-73.9787
17264,40.665447,-73.9921
17265,40.664394,-73.98887
17266,40.663677,-73.97964
17267,40.660072,-73.99072
17268,40.668976,-73.99033
17269,40.67049,-73.9738
17270,40.667572,-73.98237
17271,40.666233,-73.993065
17272,40.66439,-73.9823
17273,40.668438,-73.9908
17274,40.66116,-73.98072
17275,40.666897,-73.98735
17276,40.660362,-73.99526
17277,40.660072,-73.99072
17278,40.662827,-73.98417
17279,40.66741,-73.974724
17280,40.669315,-73.976654
17281,40.66929,-73.97665
17282,40.664185,-73.98098
17283,40.664272,-73.9934
17284,40.66551,-73.97961
17285,40.670204,-73.98614
17286,40.668877,-73.992134
17287,40.665867,-73.98959
17288,40.661385,-73.995445
17289,40.66325,-73.984245
17290,40.67072,-73.98652
17291,40.66249,-73.98347
17292,40.664402,-73.98403
17293,40.67194,-73.97463
17294,40.66545,-73.9921
17295,40.66577,-73.97629
17296,40.671898,-73.98271
17297,40.66322,-73.98423
17298,40.67194,-73.97463
17299,40.666714,-73.9922
17300,40.66239,-73.991066
17301,40.66593,-73.978714
17302,40.659485,-73.97731
17303,40.671898,-73.98271
17304,40.671257,-73.992874
17305,40.664043,-73.981445
17306,40.66795,-73.98431
17307,40.663525,-73.979324
17308,40.66028,-73.97895
17309,40.66539,-73.99227
17310,40.663544,-73.984
17311,40.669018,-73.97686
17312,40.66593,-73.978714
17313,40.66432,-73.98815
17314,40.662037,-73.98148
17315,40.668438,-73.9908
17316,40.663525,-73.979324
17317,40.668438,-73.9908
17318,40.665367,-73.98241
17319,40.661892,-73.9946
17320,40.66489,-73.98389
17321,40.666714,-73.9922
17322,40.66857,-73.9915
17323,40.662426,-73.99188
17324,40.660877,-73.99141
17325,40.661907,-73.994804
17326,40.662037,-73.98148
17327,40.66901,-73.97602
17328,40.671795,-73.990555
17329,40.661972,-73.981346
17330,40.66629,-73.99134
17331,40.66798,-73.99203
17332,40.666466,-73.97569
17333,40.661617,-73.99112
17334,40.671463,-73.97405
17335,40.66551,-73.97961
17336,40.664333,-73.98405
17337,40.662643,-73.98448
17338,40.665535,-73.984535
17339,40.67194,-73.97463
17340,40.66458,-73.9829
17341,40.670517,-73.98152
17342,40.66409,-73.980225
17343,40.659817,-73.99285
17344,40.668438,-73.9908
17345,40.667294,-73.99423
17346,40.666126,-73.98123
17347,40.666126,-73.98123
17348,40.662598,-73.9905
17349,40.664505,-73.983894
17350,40.663486,-73.98379
17351,40.670517,-73.98152
17352,40.667595,-73.9818
17353,40.663673,-73.982216
17354,40.671814,-73.97495
17355,40.664783,-73.98036
17356,40.663265,-73.97878
17357,40.66346,-73.97949
17358,40.663177,-73.99084
17359,40.662827,-73.98417
17360,40.66545,-73.9921
17361,40.6647,-73.98873
17362,40.67008,-73.98086
17363,40.6633,-73.97886
17364,40.671795,-73.990555
17365,40.668438,-73.9908
17366,40.67079,-73.97973
17367,40.67012,-73.98002
17368,40.67194,-73.97463
17369,40.67194,-73.97463
17370,40.66434,-73.98799
17371,40.660248,-73.99205
17372,40.66157,-73.99123
17373,40.67079,-73.97973
17374,40.66629,-73.99134
17375,40.663673,-73.982216
17376,40.667274,-73.97501
17377,40.669952,-73.9794
17378,40.667274,-73.97501
17379,40.666233,-73.993065
17380,40.67194,-73.97463
17381,40.66747,-73.98687
17382,40.67194,-73.97463
17383,40.659832,-73.98459
17384,40.66987,-73.982735
17385,40.668438,-73.9908
17386,40.66357,-73.98914
17387,40.67194,-73.97463
17388,40.663605,-73.982285
17389,40.663616,-73.9937
17390,40.662037,-73.99502
17391,40.66242,-73.98961
17392,40.664093,-73.9819
17393,40.665367,-73.979904
17394,40.666874,-73.975334
17395,40.667572,-73.98237
17396,40.667572,-73.982376
17397,40.65989,-73.99206
17398,40.66545,-73.9921
17399,40.670425,-73.97368
17400,40.671955,-73.98219
17401,40.660072,-73.99072
17402,40.66346,-73.97949
17403,40.664043,-73.97771
17404,40.671204,-73.9892
17405,40.663177,-73.99084
17406,40.66184,-73.979546
17407,40.666138,-73.97772
17408,40.671234,-73.97884
17409,40.671764,-73.97724
17410,40.668625,-73.98363
17411,40.660904,-73.9836
17412,40.668438,-73.9908
17413,40.670547,-73.97393
17414,40.663486,-73.980736
17415,40.661434,-73.98129
17416,40.665398,-73.98846
17417,40.671234,-73.97884
17418,40.671654,-73.98053
17419,40.67047,-73.975655
17420,40.671814,-73.97495
17421,40.671814,-73.97495
17422,40.65943,-73.992226
17423,40.66208,-73.98181
17424,40.668438,-73.9908
17425,40.668438,-73.9908
17426,40.65989,-73.99206
17427,40.66796,-73.99041
17428,40.66005,-73.9848
17429,40.666145,-73.98474
17430,40.664337,-73.99188
17431,40.66627,-73.98707
17432,40.66638,-73.98698
17433,40.659683,-73.98568
17434,40.66551,-73.97961
17435,40.6643,-73.9933
17436,40.66357,-73.98914
17437,40.668068,-73.97707
17438,40.666443,-73.9934
17439,40.669228,-73.99217
17440,40.66551,-73.97961
17441,40.66063,-73.99118
17442,40.66638,-73.98698
17443,40.670204,-73.98614
17444,40.661297,-73.995895
17445,40.661396,-73.98121
17446,40.661938,-73.98303
17447,40.67103,-73.985405
17448,40.666878,-73.9809
17449,40.66027,-73.98966
17450,40.668438,-73.9908
17451,40.66855,-73.977295
17452,40.662037,-73.99502
17453,40.66901,-73.97602
17454,40.66545,-73.9921
17455,40.67194,-73.97463
17456,40.66901,-73.97602
17457,40.67194,-73.97463
17458,40.671955,-73.98219
17459,40.666035,-73.98525
17460,40.668358,-73.97625
17461,40.66855,-73.977295
17462,40.666016,-73.98527
17463,40.671814,-73.97495
17464,40.725903,-73.86007
17465,40.726173,-73.85799
17466,40.731773,-73.85686
17467,40.72245,-73.878296
17468,40.722885,-73.86694
17469,40.72274,-73.8743
17470,40.72313,-73.85753
17471,40.732662,-73.860405
17472,40.734467,-73.86013
17473,40.732243,-73.85988
17474,40.729736,-73.86624
17475,40.726192,-73.8589
17476,40.723568,-73.858215
17477,40.73254,-73.867256
17478,40.73187,-73.85711
17479,40.731865,-73.857895
17480,40.73184,-73.859634
17481,40.728615,-73.87276
17482,40.730145,-73.85979
17483,40.729412,-73.87643
17484,40.724506,-73.87464
17485,40.730904,-73.86877
17486,40.728294,-73.86662
17487,40.733448,-73.86199
17488,40.732662,-73.860405
17489,40.732155,-73.85858
17490,40.72834,-73.86738
17491,40.730324,-73.86019
17492,40.726715,-73.86117
17493,40.72566,-73.8679
17494,40.727722,-73.85863
17495,40.725815,-73.86887
17496,40.655815,-73.976295
17497,40.648766,-73.9744
17498,40.648228,-73.975716
17499,40.657017,-73.97442
17500,40.6552,-73.97379
17501,40.658653,-73.975624
17502,40.648914,-73.980194
17503,40.648228,-73.975716
17504,40.648228,-73.975716
17505,40.655815,-73.976295
17506,40.655815,-73.976295
17507,40.65801,-73.983055
17508,40.658813,-73.98275
17509,40.649364,-73.97459
17510,40.653625,-73.97528
17511,40.65558,-73.97636
17512,40.65558,-73.97636
17513,40.651615,-73.97774
17514,40.658813,-73.98275
17515,40.64816,-73.98014
17516,40.657173,-73.97451
17517,40.657017,-73.97442
17518,40.655815,-73.976295
17519,40.647556,-73.97559
17520,40.647556,-73.97559
17521,40.65558,-73.97636
17522,40.65521,-73.9779
17523,40.65456,-73.97435
17524,40.653942,-73.98078
17525,40.631493,-74.1322
17526,40.62423,-74.13378
17527,40.627975,-74.15249
17528,40.62189,-74.14897
17529,40.632763,-74.11648
17530,40.623573,-74.13868
17531,40.62878,-74.13784
17532,40.62969,-74.15957
17533,40.62685,-74.13846
17534,40.633385,-74.11755
17535,40.630276,-74.12095
17536,40.627888,-74.155266
17537,40.63604,-74.15127
17538,40.635666,-74.116745
17539,40.637238,-74.12095
17540,40.630707,-74.11473
17541,40.6289,-74.12849
17542,40.627457,-74.15614
17543,40.631096,-74.13953
17544,40.6227,-74.15969
17545,40.623634,-74.13127
17546,40.63359,-74.151665
17547,40.627457,-74.15614
17548,40.629276,-74.1597
17549,40.628353,-74.15716
17550,40.635887,-74.15227
17551,40.63643,-74.115524
17552,40.63113,-74.13962
17553,40.624737,-74.12399
17554,40.626232,-74.12466
17555,40.627895,-74.15309
17556,40.622936,-74.12836
17557,40.636578,-74.14665
17558,40.629185,-74.13663
17559,40.63796,-74.142334
17560,40.63282,-74.157326
17561,40.6342,-74.13156
17562,40.63604,-74.15126
17563,40.633396,-74.15272
17564,40.635277,-74.11599
17565,40.666496,-73.98814
17566,40.661396,-73.98121
17567,40.670425,-73.97368
17568,40.66551,-73.97961
17569,40.65943,-73.992226
17570,40.668438,-73.9908
17571,40.667274,-73.97501
17572,40.6609,-73.994644
17573,40.662426,-73.99188
17574,40.668438,-73.9908
17575,40.663486,-73.98405
17576,40.66545,-73.9921
17577,40.660206,-73.9788
17578,40.662037,-73.98148
17579,40.666767,-73.98952
17580,40.65989,-73.99206
17581,40.65989,-73.99206
17582,40.662643,-73.98448
17583,40.667713,-73.9801
17584,40.66767,-73.99244
17585,40.65989,-73.99206
17586,40.65989,-73.99206
17587,40.660915,-73.99224
17588,40.664043,-73.97771
17589,40.660206,-73.9788
17590,40.66184,-73.979546
17591,40.66361,-73.99492
17592,40.65989,-73.99206
17593,40.664402,-73.98403
17594,40.663486,-73.98405
17595,40.670635,-73.97387
17596,40.66627,-73.98707
17597,40.660915,-73.99224
17598,40.667274,-73.97501
17599,40.660686,-73.983795
17600,40.664272,-73.9934
17601,40.663486,-73.98405
17602,40.6424,-73.97457
17603,40.636684,-73.98004
17604,40.635242,-73.989
17605,40.64292,-73.982765
17606,40.644634,-73.982475
17607,40.6424,-73.97457
17608,40.641724,-73.991585
17609,40.64324,-73.97644
17610,40.6447,-73.99401
17611,40.63643,-73.99169
17612,40.640987,-73.99112
17613,40.644634,-73.982475
17614,40.639927,-73.973885
17615,40.635742,-73.99006
17616,40.638603,-73.98082
17617,40.644634,-73.982475
17618,40.6419,-73.983025
17619,40.638893,-73.99052
17620,40.646687,-73.974045
17621,40.635345,-73.9886
17622,40.646687,-73.974045
17623,40.63572,-73.989784
17624,40.636032,-73.97559
17625,40.639664,-73.97509
17626,40.64339,-73.97599
17627,40.646027,-73.98149
17628,40.64636,-73.97533
17629,40.639496,-73.98941
17630,40.63506,-73.98719
17631,40.64636,-73.97533
17632,40.641888,-73.98788
17633,40.64329,-73.97689
17634,40.64339,-73.97599
17635,40.63641,-73.97674
17636,40.6431,-73.97716
17637,40.64134,-73.99003
17638,40.64608,-73.98133
17639,40.645058,-73.99467
17640,40.64375,-73.97483
17641,40.634727,-73.98144
17642,40.64339,-73.97598
17643,40.76378,-73.97857
17644,40.763046,-73.994095
17645,40.760914,-73.99547
17646,40.76181,-73.97695
17647,40.767174,-73.98508
17648,40.74892,-73.97379
17649,40.762867,-73.99466
17650,40.764507,-73.98513
17651,40.76181,-73.97695
17652,40.748497,-73.97854
17653,40.760265,-73.984184
17654,40.750603,-73.989334
17655,40.74996,-73.97892
17656,40.761547,-73.9827
17657,40.761547,-73.9827
17658,40.760193,-73.99413
17659,40.76154,-73.99914
17660,40.768776,-73.988434
17661,40.76409,-73.99538
17662,40.75167,-73.98187
17663,40.770367,-73.98058
17664,40.76154,-73.99914
17665,40.75792,-73.99216
17666,40.74804,-73.98235
17667,40.762047,-73.99194
17668,40.769375,-73.983955
17669,40.767174,-73.98508
17670,40.753662,-73.99767
17671,40.750034,-73.9834
17672,40.64018,-74.001465
17673,40.644524,-73.99699
17674,40.639473,-74.01223
17675,40.63761,-74.01053
17676,40.643806,-74.00023
17677,40.641163,-74.01672
17678,40.639473,-74.01223
17679,40.641907,-74.00909
17680,40.64495,-74.019585
17681,40.639473,-74.00958
17682,40.646378,-74.01312
17683,40.643135,-74.01197
17684,40.641163,-74.01672
17685,40.645058,-74.002884
17686,40.646008,-74.00902
17687,40.638584,-74.005104
17688,40.640297,-74.002815
17689,40.644524,-73.99699
17690,40.64605,-73.998985
17691,40.642788,-74.008446
17692,40.64495,-74.019585
17693,40.5526,-74.159325
17694,40.549416,-74.13983
17695,40.56158,-74.1184
17696,40.552887,-74.14521
17697,40.570934,-74.14199
17698,40.56226,-74.12215
17699,40.55792,-74.15258
17700,40.55006,-74.14177
17701,40.56192,-74.12372
17702,40.56059,-74.15588
17703,40.56647,-74.13325
17704,40.551384,-74.14136
17705,40.55815,-74.130196
17706,40.54848,-74.15554
17707,40.566082,-74.115814
17708,40.565395,-74.150246
17709,40.551117,-74.135445
17710,40.55774,-74.11852
17711,40.56339,-74.14175
17712,40.569576,-74.14346
17713,40.558777,-74.15122
17714,40.559605,-74.133675
17715,40.555702,-74.14823
17716,40.5548,-74.1547
17717,40.55917,-74.15863
17718,40.569447,-74.11858
17719,40.554573,-74.1611
17720,40.54737,-74.14194
17721,40.552414,-74.13943
17722,40.555504,-74.14253
17723,40.56276,-74.14042
17724,40.56217,-74.14736
17725,40.55501,-74.15742
17726,40.56685,-74.12326
17727,40.552322,-74.135475
17728,40.55746,-74.11566
17729,40.55589,-74.13875
17730,40.571007,-74.142
17731,40.560284,-74.11693
17732,40.569534,-74.11873
17733,40.56408,-74.14331
17734,40.632076,-74.16053
17735,40.629944,-74.13142
17736,40.633495,-74.15474
17737,40.636192,-74.15031
17738,40.635162,-74.14924
17739,40.62331,-74.12592
17740,40.635406,-74.16052
17741,40.637203,-74.114746
17742,40.63311,-74.14334
17743,40.63353,-74.14006
17744,40.63699,-74.12482
17745,40.63495,-74.156715
17746,40.640865,-74.11535
17747,40.63642,-74.12632
17748,40.626396,-74.14899
17749,40.629128,-74.13916
17750,40.62817,-74.12754
17751,40.624756,-74.13442
17752,40.627686,-74.15395
17753,40.627457,-74.15614
17754,40.622025,-74.14555
17755,40.63568,-74.13325
17756,40.628334,-74.12629
17757,40.63508,-74.14405
17758,40.627457,-74.15614
17759,40.62259,-74.15888
17760,40.62745,-74.15614
17761,40.631107,-74.13149
17762,40.626183,-74.14505
17763,40.635025,-74.148834
17764,40.632816,-74.13289
17765,40.630707,-74.13724
17766,40.638905,-74.13804
17767,40.635963,-74.14982
17768,40.628746,-74.15296
17769,40.635265,-74.1573
17770,40.62405,-74.13609
17771,40.63309,-74.159096
17772,40.627697,-74.12294
17773,40.62351,-74.12774
17774,40.55881,-74.14822
17775,40.555153,-74.13269
17776,40.557728,-74.15801
17777,40.558624,-74.12014
17778,40.557014,-74.11732
17779,40.553795,-74.137245
17780,40.55237,-74.15382
17781,40.569763,-74.12236
17782,40.55998,-74.15251
17783,40.55426,-74.13112
17784,40.5655,-74.11572
17785,40.555935,-74.15723
17786,40.567955,-74.137436
17787,40.564186,-74.15519
17788,40.55761,-74.12589
17789,40.56327,-74.14788
17790,40.569756,-74.12235
17791,40.56591,-74.12304
17792,40.55994,-74.1566
17793,40.55054,-74.13694
17794,40.54709,-74.13897
17795,40.558598,-74.16052
17796,40.56363,-74.148224
17797,40.557194,-74.15875
17798,40.555,-74.14063
17799,40.555737,-74.13199
17800,40.570114,-74.1514
17801,40.554123,-74.14895
17802,40.56689,-74.129005
17803,40.5689,-74.118706
17804,40.567806,-74.13253
17805,40.551483,-74.14055
17806,40.547085,-74.13898
17807,40.567825,-74.132675
17808,40.56937,-74.13463
17809,40.564846,-74.14945
17810,40.565105,-74.152725
17811,40.55635,-74.1248
17812,40.55304,-74.15813
17813,40.568726,-74.14917
17814,40.56232,-74.14073
17815,40.627224,-74.1501
17816,40.62477,-74.13007
17817,40.633835,-74.15295
17818,40.621845,-74.12706
17819,40.63037,-74.1327
17820,40.631496,-74.12254
17821,40.62166,-74.13455
17822,40.63084,-74.15612
17823,40.63595,-74.12363
17824,40.630608,-74.13766
17825,40.627373,-74.14646
17826,40.631836,-74.12069
17827,40.629303,-74.13352
17828,40.627647,-74.14779
17829,40.62541,-74.1277
17830,40.631184,-74.14819
17831,40.636948,-74.126816
17832,40.627457,-74.15614
17833,40.62854,-74.115166
17834,40.631023,-74.15682
17835,40.626465,-74.14734
17836,40.631424,-74.12168
17837,40.63049,-74.15831
17838,40.626045,-74.143074
17839,40.63727,-74.13422
17840,40.63629,-74.12584
17841,40.629097,-74.12906
17842,40.627796,-74.115265
17843,40.62657,-74.15484
17844,40.63726,-74.134766
17845,40.627663,-74.13839
17846,40.627728,-74.141624
17847,40.63048,-74.15897
17848,40.63179,-74.15313
17849,40.63333,-74.12217
17850,40.633488,-74.1574
17851,40.627457,-74.15614
17852,40.634026,-74.14049
17853,40.630123,-73.99201
17854,40.625854,-73.981
17855,40.628136,-73.992325
17856,40.627098,-73.99153
17857,40.62338,-73.99665
17858,40.625603,-73.98151
17859,40.632893,-73.994965
17860,40.63161,-73.99517
17861,40.630512,-73.98638
17862,40.625084,-73.99435
17863,40.629326,-73.99655
17864,40.629498,-73.98354
17865,40.625854,-73.981
17866,40.633987,-73.97906
17867,40.622005,-73.974724
17868,40.63301,-73.97669
17869,40.630573,-73.987305
17870,40.623272,-73.97646
17871,40.628136,-73.992325
17872,40.628284,-73.99241
17873,40.62394,-73.97493
17874,40.624428,-73.99072
17875,40.624413,-73.9741
17876,40.631138,-73.98945
17877,40.63064,-73.98228
17878,40.62867,-73.9834
17879,40.634052,-73.98264
17880,40.622437,-73.976944
17881,40.624966,-73.97894
17882,40.63362,-73.983185
17883,40.632187,-73.98243
17884,40.624092,-73.9775
17885,40.624195,-73.98545
17886,40.62376,-73.99507
17887,40.630627,-73.99041
17888,40.62488,-73.982414
17889,40.630123,-73.99201
17890,40.629375,-73.97507
17891,40.626896,-73.99179
17892,40.786263,-73.97704
17893,40.78871,-73.98015
17894,40.788338,-73.97544
17895,40.790577,-73.97414
17896,40.794502,-73.97603
17897,40.79016,-73.97974
17898,40.794277,-73.97552
17899,40.788925,-73.97667
17900,40.79083,-73.97678
17901,40.787228,-73.98059
17902,40.79083,-73.97678
17903,40.78717,-73.980446
17904,40.79016,-73.97974
17905,40.788925,-73.97667
17906,40.787983,-73.978294
17907,40.79547,-73.97525
17908,40.79125,-73.97651
17909,40.7873,-73.979
17910,40.79016,-73.97974
17911,40.789,-73.978874
17912,40.790295,-73.976425
17913,40.79016,-73.97974
17914,40.79016,-73.97974
17915,40.792347,-73.97573
17916,40.790863,-73.976006
17917,40.78921,-73.97937
17918,40.788864,-73.97933
17919,40.788807,-73.9792
17920,40.61115,-73.991806
17921,40.62022,-73.9863
17922,40.619057,-73.97821
17923,40.61991,-73.99345
17924,40.609093,-73.97578
17925,40.619953,-73.9934
17926,40.61141,-73.979126
17927,40.621033,-73.98614
17928,40.608936,-73.97477
17929,40.61814,-73.994225
17930,40.60959,-73.98414
17931,40.619343,-73.98857
17932,40.61403,-73.984406
17933,40.612156,-73.99
17934,40.611065,-73.97852
17935,40.61413,-73.98155
17936,40.60959,-73.98414
17937,40.61514,-73.98303
17938,40.609657,-73.97869
17939,40.61413,-73.98155
17940,40.614124,-73.996635
17941,40.61003,-73.97564
17942,40.617207,-73.98642
17943,40.611923,-73.97891
17944,40.621124,-73.98686
17945,40.60959,-73.98414
17946,40.614967,-73.97609
17947,40.616276,-73.98487
17948,40.61645,-73.99144
17949,40.614613,-73.97852
17950,40.614113,-73.985466
17951,40.61727,-73.98436
17952,40.633175,-74.03164
17953,40.628395,-74.03399
17954,40.63235,-74.02408
17955,40.633957,-74.03635
17956,40.63979,-74.029785
17957,40.62666,-74.022224
17958,40.636276,-74.03643
17959,40.633957,-74.03635
17960,40.63871,-74.02807
17961,40.629826,-74.02991
17962,40.6312,-74.02567
17963,40.622948,-74.03037
17964,40.62797,-74.0258
17965,40.628338,-74.02699
17966,40.632652,-74.02233
17967,40.627373,-74.026024
17968,40.627655,-74.02616
17969,40.63474,-74.031136
17970,40.629257,-74.02953
17971,40.639614,-74.029495
17972,40.63594,-74.026306
17973,40.630657,-74.02869
17974,40.62797,-74.0258
17975,40.634895,-74.036385
17976,40.634895,-74.036385
17977,40.621544,-74.03362
17978,40.63224,-74.030045
17979,40.637894,-74.02889
17980,40.639095,-74.02933
17981,40.625546,-74.030525
17982,40.634735,-74.031136
17983,40.63604,-74.03539
17984,40.635525,-74.0313
17985,40.631172,-74.026566
17986,40.625,-74.02941
17987,40.634895,-74.036385
17988,40.634735,-74.031136
17989,40.634735,-74.031136
17990,40.63653,-74.03227
17991,40.635002,-74.03103
17992,40.629665,-74.027466
17993,40.616833,-74.0381
17994,40.61271,-74.064064
17995,40.61588,-74.024895
17996,40.61364,-74.03414
17997,40.615185,-74.06464
17998,40.62044,-74.03979
17999,40.614315,-74.031746
18000,40.62091,-74.03096
18001,40.616344,-74.03779
18002,40.615177,-74.03204
18003,40.616344,-74.03779
18004,40.612385,-74.02618
18005,40.617233,-74.03698
18006,40.615494,-74.03747
18007,40.611057,-74.06024
18008,40.617233,-74.03698
18009,40.614315,-74.031746
18010,40.617653,-74.03864
18011,40.617085,-74.03826
18012,40.61385,-74.026215
18013,40.615494,-74.03747
18014,40.611053,-74.06024
18015,40.617653,-74.03864
18016,40.613415,-74.03631
18017,40.611053,-74.06023
18018,40.615173,-74.06463
18019,40.599148,-74.06638
18020,40.615993,-74.03364
18021,40.617313,-74.02677
18022,40.614506,-74.03583
18023,40.60856,-74.06171
18024,40.618893,-74.02312
18025,40.61375,-74.0315
18026,40.62044,-74.03979
18027,40.62136,-74.03408
18028,40.615185,-74.06464
18029,40.60036,-74.066055
18030,40.62044,-74.03979
18031,40.62044,-74.03979
18032,40.604954,-74.01538
18033,40.608585,-74.014465
18034,40.605568,-74.004814
18035,40.6053,-74.0169
18036,40.59865,-73.997955
18037,40.60165,-74.00405
18038,40.60165,-74.00405
18039,40.601784,-74.00164
18040,40.60377,-74.01602
18041,40.603786,-74.016075
18042,40.60161,-74.01057
18043,40.6064,-73.99855
18044,40.608295,-73.99926
18045,40.60805,-74.01254
18046,40.6021,-74.006966
18047,40.603626,-74.01718
18048,40.6035,-74.01656
18049,40.601963,-74.01034
18050,40.601227,-74.00761
18051,40.60162,-74.00715
18052,40.598057,-73.9983
18053,40.605675,-74.0087
18054,40.60233,-74.00957
18055,40.600277,-74.008316
18056,40.60523,-74.010124
18057,40.605892,-74.01565
18058,40.60411,-74.015526
18059,40.61439,-74.03015
18060,40.615993,-74.03364
18061,40.619728,-74.03921
18062,40.616615,-74.02362
18063,40.61898,-74.028755
18064,40.612988,-74.02733
18065,40.61874,-74.03226
18066,40.618343,-74.03282
18067,40.61399,-74.035576
18068,40.613094,-74.06506
18069,40.612988,-74.02733
18070,40.613853,-74.033585
18071,40.611843,-74.06378
18072,40.609077,-74.066414
18073,40.618103,-74.0369
18074,40.614315,-74.031746
18075,40.6183,-74.02364
18076,40.618916,-74.03962
18077,40.61399,-74.035576
18078,40.611053,-74.06023
18079,40.617413,-74.022934
18080,40.618916,-74.03962
18081,40.62047,-74.03837
18082,40.619965,-74.03112
18083,40.614967,-74.037186
18084,40.618916,-74.03962
18085,40.616833,-74.0381
18086,40.614315,-74.031746
18087,40.614315,-74.031746
18088,40.618103,-74.0369
18089,40.613415,-74.03631
18090,40.618217,-74.03874
18091,40.611057,-74.06023
18092,40.620575,-74.03585
18093,40.614967,-74.037186
18094,40.611057,-74.06024
18095,40.61812,-74.03654
18096,40.614597,-74.03191
18097,40.61876,-74.02323
18098,40.608307,-73.98237
18099,40.604057,-73.99619
18100,40.598907,-73.99631
18101,40.597004,-73.9933
18102,40.60608,-73.98846
18103,40.607883,-73.99348
18104,40.5982,-73.9959
18105,40.60733,-73.98218
18106,40.601723,-73.974724
18107,40.601723,-73.974724
18108,40.6038,-73.98974
18109,40.60773,-73.976425
18110,40.605335,-73.98984
18111,40.59934,-73.996086
18112,40.59934,-73.996086
18113,40.60352,-73.98298
18114,40.60554,-73.996475
18115,40.600937,-73.97517
18116,40.60558,-73.99628
18117,40.606434,-73.99241
18118,40.60558,-73.99628
18119,40.597225,-73.995895
18120,40.5982,-73.9959
18121,40.602898,-73.98731
18122,40.60326,-73.975624
18123,40.60016,-73.99609
18124,40.60714,-73.98574
18125,40.605335,-73.98984
18126,40.60756,-73.9819
18127,40.598965,-73.98446
18128,40.59934,-73.996086
18129,40.60259,-73.98675
18130,40.60259,-73.98675
18131,40.60805,-73.98234
18132,40.599545,-73.99307
18133,40.60714,-73.98574
18134,40.780304,-73.98295
18135,40.77997,-73.985596
18136,40.776543,-73.97746
18137,40.777077,-73.976845
18138,40.780304,-73.98295
18139,40.776283,-73.98937
18140,40.779575,-73.98496
18141,40.776104,-73.98209
18142,40.776104,-73.98209
18143,40.776543,-73.97746
18144,40.625977,-74.03231
18145,40.635406,-74.02799
18146,40.62444,-74.04012
18147,40.63344,-74.0257
18148,40.63204,-74.035866
18149,40.632214,-74.03219
18150,40.633034,-74.02316
18151,40.635406,-74.02799
18152,40.635445,-74.02981
18153,40.625977,-74.03231
18154,40.63556,-74.02995
18155,40.627655,-74.02616
18156,40.62444,-74.04012
18157,40.63566,-74.02936
18158,40.622948,-74.03037
18159,40.632214,-74.03219
18160,40.629826,-74.02991
18161,40.62622,-74.03458
18162,40.63566,-74.02936
18163,40.634815,-74.03715
18164,40.629826,-74.02991
18165,40.6266,-74.02053
18166,40.63364,-74.0302
18167,40.627655,-74.02616
18168,40.622948,-74.03037
18169,40.63364,-74.0302
18170,40.626205,-74.02815
18171,40.625423,-74.036354
18172,40.636017,-74.03346
18173,40.63056,-74.03598
18174,40.627655,-74.02616
18175,40.63889,-74.03577
18176,40.610714,-74.06006
18177,40.612446,-74.065254
18178,40.615173,-74.06463
18179,40.620045,-74.03831
18180,40.620785,-74.04036
18181,40.620045,-74.03831
18182,40.60874,-74.06484
18183,40.611813,-74.0349
18184,40.617413,-74.02369
18185,40.608807,-74.06529
18186,40.616344,-74.03779
18187,40.61062,-74.06552
18188,40.617653,-74.03864
18189,40.618702,-74.03218
18190,40.619976,-74.03822
18191,40.61399,-74.035576
18192,40.62082,-74.03689
18193,40.618702,-74.03218
18194,40.61678,-74.024765
18195,40.61062,-74.06552
18196,40.61062,-74.06552
18197,40.60866,-74.065
18198,40.614056,-74.03218
18199,40.614056,-74.03218
18200,40.613026,-74.03451
18201,40.612103,-74.0345
18202,40.619343,-74.03986
18203,40.612846,-74.03406
18204,40.61341,-74.06499
18205,40.611443,-74.0668
18206,40.617638,-74.027504
18207,40.6156,-74.0306
18208,40.615993,-74.03364
18209,40.615494,-74.03747
18210,40.619053,-74.03382
18211,40.61548,-74.03301
18212,40.611053,-74.06024
18213,40.614513,-74.03695
18214,40.616344,-74.03779
18215,40.58736,-73.98704
18216,40.575375,-73.974495
18217,40.589,-73.991844
18218,40.58538,-73.98673
18219,40.57493,-73.99832
18220,40.58538,-73.98673
18221,40.575375,-73.974495
18222,40.5761,-73.99182
18223,40.574875,-74.009895
18224,40.58071,-74.0046
18225,40.588562,-73.9907
18226,40.586796,-73.98439
18227,40.577427,-73.97379
18228,40.58829,-73.9839
18229,40.59242,-73.97472
18230,40.586525,-73.984245
18231,40.578285,-73.97376
18232,40.590843,-73.97662
18233,40.58071,-74.0046
18234,40.575855,-74.00119
18235,40.57521,-74.00258
18236,40.589,-73.991844
18237,40.577705,-74.01117
18238,40.577427,-73.97379
18239,40.578285,-73.97376
18240,40.577705,-74.01117
18241,40.589996,-73.98976
18242,40.58822,-73.98438
18243,40.58575,-73.983536
18244,40.576756,-73.99378
18245,40.586796,-73.98439
18246,40.575256,-73.97428
18247,40.577618,-73.99442
18248,40.590485,-73.99098
18249,40.60572,-74.065834
18250,40.62044,-74.03979
18251,40.613773,-74.06627
18252,40.609905,-74.06002
18253,40.614513,-74.03695
18254,40.61518,-74.064644
18255,40.61254,-74.03478
18256,40.613705,-74.06441
18257,40.616344,-74.03779
18258,40.614315,-74.031746
18259,40.596424,-74.062515
18260,40.611057,-74.06024
18261,40.60667,-74.06485
18262,40.614967,-74.037186
18263,40.60751,-74.064705
18264,40.600822,-74.06602
18265,40.61713,-74.02455
18266,40.596325,-74.0656
18267,40.62044,-74.03979
18268,40.616344,-74.03779
18269,40.616344,-74.03779
18270,40.62044,-74.03979
18271,40.619877,-74.03932
18272,40.616673,-74.03527
18273,40.619728,-74.03921
18274,40.61998,-74.039024
18275,40.60892,-74.06502
18276,40.61399,-74.035576
18277,40.620045,-74.03831
18278,40.614967,-74.037186
18279,40.61668,-74.027336
18280,40.620045,-74.03831
18281,40.618958,-74.03682
18282,40.61447,-74.03291
18283,40.604874,-74.06405
18284,40.612988,-74.02733
18285,40.617813,-74.03868
18286,40.61735,-74.03158
18287,40.61447,-74.03291
18288,40.59901,-74.06671
18289,40.612152,-74.034454
18290,40.613747,-74.03151
18291,40.619373,-74.02455
18292,40.615993,-74.03364
18293,40.616833,-74.0381
18294,40.610615,-74.065506
18295,40.617653,-74.03864
18296,40.62044,-74.03979
18297,40.597084,-74.06351
18298,40.612343,-74.034485
18299,40.612537,-74.03587
18300,40.60917,-74.06123
18301,40.612217,-74.0344
18302,40.619343,-74.03986
18303,40.618073,-74.03683
18304,40.62044,-74.03979
18305,40.610607,-74.06551
18306,40.62044,-74.03979
18307,40.615993,-74.03364
18308,40.62044,-74.03979
18309,40.613834,-74.06632
18310,40.619823,-74.03932
18311,40.615993,-74.03364
18312,40.616726,-74.024284
18313,40.61785,-74.02181
18314,40.614365,-74.031746
18315,40.613262,-74.03239
18316,40.62044,-74.03979
18317,40.619167,-74.03122
18318,40.614315,-74.031746
18319,40.615177,-74.03204
18320,40.62044,-74.03979
18321,40.616673,-74.03527
18322,40.61998,-74.039024
18323,40.612076,-74.034836
18324,40.616215,-74.03575
18325,40.608322,-74.06668
18326,40.62044,-74.03979
18327,40.617653,-74.03864
18328,40.61499,-74.06594
18329,40.612988,-74.02733
18330,40.612434,-74.06394
18331,40.608116,-74.06575
18332,40.613335,-74.065254
18333,40.619278,-74.038956
18334,40.61439,-74.03015
18335,40.61447,-74.03291
18336,40.620964,-74.02478
18337,40.618103,-74.0369
18338,40.611057,-74.06024
18339,40.617653,-74.03864
18340,40.619278,-74.038956
18341,40.61637,-74.025116
18342,40.611053,-74.06023
18343,40.62044,-74.03979
18344,40.614513,-74.03695
18345,40.618916,-74.03962
18346,40.61474,-74.032646
18347,40.61187,-74.06403
18348,40.613373,-74.03426
18349,40.619343,-74.03986
18350,40.614513,-74.03695
18351,40.618916,-74.03962
18352,40.616673,-74.03527
18353,40.617653,-74.03864
18354,40.61251,-74.03472
18355,40.62043,-74.02176
18356,40.610718,-74.06006
18357,40.599083,-74.067245
18358,40.618553,-74.03874
18359,40.610607,-74.06551
18360,40.616684,-74.03519
18361,40.613262,-74.03598
18362,40.61364,-74.03414
18363,40.618553,-74.03874
18364,40.62092,-74.0292
18365,40.62044,-74.03979
18366,40.620045,-74.03831
18367,40.56431,-74.1031
18368,40.567963,-74.10534
18369,40.5604,-74.10159
18370,40.564217,-74.10526
18371,40.565804,-74.10175
18372,40.558826,-74.106995
18373,40.56405,-74.10352
18374,40.570934,-74.09402
18375,40.561134,-74.10312
18376,40.56611,-74.1018
18377,40.570255,-74.09228
18378,40.560497,-74.105515
18379,40.56352,-74.10472
18380,40.570118,-74.113525
18381,40.56405,-74.10486
18382,40.564987,-74.09912
18383,40.560837,-74.102264
18384,40.56674,-74.10603
18385,40.57091,-74.0967
18386,40.562096,-74.108444
18387,40.567413,-74.105865
18388,40.570904,-74.096695
18389,40.565777,-74.101326
18390,40.56505,-74.10447
18391,40.565205,-74.10425
18392,40.570766,-74.09685
18393,40.559467,-74.108185
18394,40.561222,-74.10859
18395,40.56349,-74.10127
18396,40.56645,-74.105156
18397,40.56077,-74.10792
18398,40.56089,-74.10277
18399,40.560127,-74.110985
18400,40.570873,-74.09674
18401,40.56829,-74.10652
18402,40.564716,-74.10715
18403,40.566936,-74.10472
18404,40.56019,-74.10965
18405,40.568333,-74.106766
18406,40.564716,-74.10715
18407,40.565037,-74.10571
18408,40.60809,-74.06135
18409,40.612007,-74.03458
18410,40.616673,-74.03527
18411,40.616344,-74.03779
18412,40.611053,-74.06023
18413,40.61399,-74.035576
18414,40.618313,-74.035774
18415,40.62044,-74.03979
18416,40.606567,-74.06298
18417,40.61399,-74.035576
18418,40.615177,-74.03204
18419,40.62044,-74.03979
18420,40.615185,-74.06464
18421,40.611046,-74.06019
18422,40.59753,-74.06581
18423,40.620304,-74.03472
18424,40.597485,-74.063225
18425,40.62044,-74.03979
18426,40.61399,-74.035576
18427,40.62044,-74.03979
18428,40.616344,-74.03779
18429,40.62044,-74.03979
18430,40.616344,-74.03779
18431,40.62047,-74.03837
18432,40.604122,-74.09693
18433,40.620106,-74.109825
18434,40.62011,-74.10984
18435,40.61372,-74.07073
18436,40.60684,-74.08889
18437,40.598232,-74.0882
18438,40.60938,-74.08407
18439,40.59792,-74.0872
18440,40.598248,-74.09151
18441,40.603912,-74.10351
18442,40.600117,-74.092896
18443,40.601994,-74.091095
18444,40.603878,-74.08822
18445,40.615143,-74.08309
18446,40.619534,-74.084236
18447,40.605755,-74.0906
18448,40.619495,-74.10025
18449,40.62096,-74.11177
18450,40.601814,-74.07621
18451,40.60233,-74.07852
18452,40.60814,-74.07409
18453,40.60556,-74.07133
18454,40.61624,-74.071014
18455,40.60337,-74.07195
18456,40.611057,-74.09057
18457,40.612743,-74.11171
18458,40.59872,-74.101814
18459,40.608215,-74.082535
18460,40.60814,-74.07408
18461,40.61505,-74.10007
18462,40.610962,-74.071045
18463,40.620735,-74.11146
18464,40.619804,-74.01229
18465,40.613773,-74.00021
18466,40.61785,-74.01038
18467,40.61797,-74.005615
18468,40.61083,-74.00294
18469,40.617477,-74.00634
18470,40.617317,-73.99738
18471,40.617374,-73.999214
18472,40.616894,-74.01313
18473,40.62078,-74.01993
18474,40.620426,-74.012726
18475,40.619633,-74.01055
18476,40.617283,-74.00903
18477,40.61764,-74.01322
18478,40.610287,-74.00673
18479,40.61911,-74.01979
18480,40.616844,-74.008896
18481,40.618553,-74.01245
18482,40.62025,-74.01001
18483,40.61511,-74.012596
18484,40.614906,-74.01474
18485,40.619854,-74.016304
18486,40.61492,-74.01257
18487,40.617363,-74.01807
18488,40.619698,-74.0077
18489,40.612812,-74.00012
18490,40.616734,-73.99884
18491,40.616734,-73.99884
18492,40.60988,-74.00478
18493,40.62105,-74.00149
18494,40.621014,-74.00628
18495,40.62011,-74.010704
18496,40.61872,-74.0084
18497,40.617462,-73.99763
18498,40.609684,-74.009735
18499,40.613174,-74.03155
18500,40.615494,-74.03747
18501,40.611862,-74.03507
18502,40.62044,-74.03979
18503,40.616554,-74.02443
18504,40.611053,-74.06024
18505,40.60711,-74.06285
18506,40.608402,-74.06726
18507,40.617085,-74.03826
18508,40.617268,-74.02675
18509,40.61573,-74.03546
18510,40.61485,-74.03285
18511,40.616673,-74.03527
18512,40.61551,-74.063835
18513,40.617653,-74.03864
18514,40.617233,-74.03698
18515,40.618916,-74.03962
18516,40.618916,-74.03962
18517,40.617233,-74.03698
18518,40.612343,-74.034485
18519,40.612343,-74.034485
18520,40.611057,-74.06024
18521,40.61399,-74.035576
18522,40.62044,-74.03979
18523,40.615463,-74.03464
18524,40.617653,-74.03864
18525,40.615463,-74.03464
18526,40.61946,-74.03999
18527,40.61962,-74.028206
18528,40.60939,-74.06385
18529,40.614513,-74.03695
18530,40.615463,-74.03464
18531,40.61399,-74.035576
18532,40.617653,-74.03864
18533,40.619728,-74.03921
18534,40.6142,-74.06654
18535,40.61998,-74.039024
18536,40.621292,-74.033936
18537,40.611877,-74.06486
18538,40.619728,-74.03921
18539,40.721222,-73.94768
18540,40.718487,-73.94573
18541,40.721222,-73.94768
18542,40.716984,-73.943504
18543,40.719585,-73.94288
18544,40.715187,-73.94727
18545,40.71987,-73.941475
18546,40.714207,-73.945206
18547,40.718506,-73.945595
18548,40.71574,-73.93935
18549,40.714085,-73.94057
18550,40.71591,-73.94078
18551,40.719322,-73.94129
18552,40.722095,-73.945564
18553,40.714207,-73.945206
18554,40.721195,-73.94773
18555,40.71756,-73.94688
18556,40.71574,-73.93935
18557,40.721195,-73.94773
18558,40.71574,-73.93935
18559,40.71503,-73.94891
18560,40.71505,-73.94982
18561,40.71505,-73.94982
18562,40.712246,-73.94309
18563,40.722347,-73.93598
18564,40.721096,-73.94738
18565,40.711174,-73.94629
18566,40.71505,-73.94982
18567,40.71505,-73.94982
18568,40.71683,-73.9439
18569,40.72028,-73.946884
18570,40.720142,-73.94726
18571,40.7139,-73.94543
18572,40.718754,-73.94259
18573,40.71505,-73.94982
18574,40.71815,-73.94933
18575,40.600338,-74.12396
18576,40.60336,-74.12757
18577,40.6202,-74.14156
18578,40.605057,-74.15974
18579,40.60533,-74.13812
18580,40.60244,-74.12887
18581,40.621178,-74.13783
18582,40.616943,-74.134964
18583,40.616093,-74.145874
18584,40.604362,-74.126915
18585,40.60365,-74.13599
18586,40.616306,-74.12479
18587,40.601837,-74.13256
18588,40.613884,-74.12523
18589,40.60015,-74.12355
18590,40.609974,-74.123726
18591,40.619568,-74.1551
18592,40.611782,-74.1375
18593,40.599014,-74.130455
18594,40.619736,-74.136765
18595,40.61533,-74.161095
18596,40.615818,-74.11964
18597,40.613064,-74.11561
18598,40.62052,-74.14122
18599,40.597263,-74.13472
18600,40.61006,-74.13893
18601,40.616714,-74.15764
18602,40.61726,-74.13771
18603,40.6156,-74.136406
18604,40.61202,-74.1479
18605,40.601303,-74.157936
18606,40.609093,-74.13133
18607,40.61064,-74.15842
18608,40.601284,-74.13901
18609,40.61621,-74.12674
18610,40.61722,-74.133156
18611,40.600975,-74.13977
18612,40.61081,-74.13551
18613,40.618446,-74.13384
18614,40.609634,-74.13387
18615,40.60689,-74.148346
18616,40.760277,-73.833916
18617,40.753674,-73.86085
18618,40.75266,-73.876366
18619,40.755234,-73.875984
18620,40.754517,-73.87459
18621,40.765324,-73.86367
18622,40.749577,-73.85319
18623,40.757084,-73.835594
18624,40.754017,-73.85434
18625,40.75062,-73.87831
18626,40.75645,-73.87368
18627,40.760464,-73.878685
18628,40.767414,-73.87504
18629,40.757076,-73.876305
18630,40.751232,-73.86108
18631,40.755234,-73.875984
18632,40.765842,-73.868774
18633,40.747704,-73.87454
18634,40.75734,-73.83421
18635,40.758297,-73.83429
18636,40.753983,-73.87326
18637,40.760277,-73.833916
18638,40.755337,-73.875046
18639,40.763885,-73.871635
18640,40.75711,-73.85601
18641,40.754807,-73.877495
18642,40.75132,-73.863434
18643,40.755272,-73.87569
18644,40.749348,-73.86467
18645,40.751022,-73.868484
18646,40.755272,-73.87569
18647,40.76748,-73.87033
18648,40.714146,-73.92895
18649,40.722008,-73.943535
18650,40.715588,-73.94481
18651,40.71951,-73.9408
18652,40.721436,-73.94877
18653,40.715286,-73.9411
18654,40.714146,-73.92895
18655,40.71315,-73.94615
18656,40.71574,-73.93935
18657,40.71392,-73.9463
18658,40.711456,-73.94332
18659,40.718033,-73.94392
18660,40.721397,-73.94308
18661,40.712124,-73.94494
18662,40.712063,-73.9454
18663,40.713505,-73.944786
18664,40.712162,-73.94523
18665,40.721214,-73.946686
18666,40.714005,-73.93664
18667,40.714035,-73.94729
18668,40.71792,-73.94421
18669,40.716873,-73.94764
18670,40.714905,-73.95021
18671,40.7122,-73.95989
18672,40.714382,-73.96257
18673,40.720062,-73.96353
18674,40.713505,-73.95733
18675,40.71111,-73.95354
18676,40.716652,-73.96873
18677,40.71043,-73.96636
18678,40.716652,-73.96873
18679,40.71683,-73.95805
18680,40.71111,-73.95354
18681,40.7193,-73.96397
18682,40.72058,-73.962456
18683,40.716652,-73.96873
18684,40.71844,-73.96388
18685,40.72008,-73.95726
18686,40.714596,-73.959885
18687,40.711594,-73.954185
18688,40.71683,-73.95805
18689,40.71766,-73.95467
18690,40.71959,-73.964096
18691,40.714954,-73.9653
18692,40.71044,-73.96754
18693,40.716652,-73.96873
18694,40.71111,-73.95354
18695,40.712227,-73.95998
18696,40.71111,-73.95354
18697,40.72058,-73.962456
18698,40.713367,-73.95672
18699,40.718815,-73.951294
18700,40.720062,-73.96353
18701,40.716652,-73.96873
18702,40.71265,-73.95897
18703,40.716827,-73.96415
18704,40.72054,-73.95593
18705,40.712116,-73.952225
18706,40.714344,-73.96623
18707,40.714596,-73.959885
18708,40.69899,-73.95837
18709,40.70156,-73.95284
18710,40.707153,-73.959236
18711,40.697384,-73.96026
18712,40.70873,-73.95577
18713,40.698914,-73.95986
18714,40.69971,-73.95273
18715,40.708828,-73.96938
18716,40.699944,-73.95054
18717,40.708317,-73.9634
18718,40.69726,-73.95792
18719,40.703705,-73.96583
18720,40.70025,-73.95637
18721,40.70964,-73.96299
18722,40.70978,-73.95032
18723,40.700737,-73.95061
18724,40.70964,-73.96299
18725,40.708942,-73.96766
18726,40.69971,-73.95273
18727,40.697323,-73.957375
18728,40.708828,-73.96938
18729,40.70968,-73.96369
18730,40.707256,-73.95535
18731,40.70982,-73.9579
18732,40.698914,-73.95986
18733,40.70072,-73.952415
18734,40.70982,-73.9579
18735,40.70891,-73.967384
18736,40.708317,-73.9634
18737,40.708828,-73.96938
18738,40.699444,-73.955025
18739,40.70574,-73.956924
18740,40.705307,-73.9675
18741,40.7056,-73.96761
18742,40.7096,-73.95122
18743,40.708023,-73.95093
18744,40.698914,-73.95986
18745,40.70156,-73.95304
18746,40.70156,-73.95304
18747,40.715668,-73.96292
18748,40.7144,-73.958244
18749,40.717785,-73.96021
18750,40.70995,-73.96315
18751,40.71844,-73.96388
18752,40.719597,-73.9642
18753,40.716652,-73.96873
18754,40.71859,-73.953606
18755,40.719616,-73.95717
18756,40.714596,-73.959885
18757,40.718796,-73.952965
18758,40.714596,-73.959885
18759,40.716602,-73.953224
18760,40.71844,-73.96388
18761,40.71111,-73.95354
18762,40.71483,-73.95335
18763,40.71872,-73.951546
18764,40.71859,-73.953606
18765,40.712116,-73.96268
18766,40.711796,-73.9587
18767,40.716652,-73.96873
18768,40.71844,-73.96388
18769,40.715668,-73.96292
18770,40.715668,-73.96292
18771,40.7122,-73.95989
18772,40.713795,-73.950554
18773,40.71301,-73.96297
18774,40.71481,-73.951195
18775,40.72086,-73.96109
18776,40.720337,-73.95769
18777,40.71714,-73.964806
18778,40.71043,-73.96636
18779,40.71001,-73.96301
18780,40.71012,-73.96794
18781,40.720062,-73.96353
18782,40.71448,-73.96188
18783,40.71844,-73.96388
18784,40.714596,-73.959885
18785,40.71092,-73.9609
18786,40.710884,-73.81665
18787,40.716515,-73.832016
18788,40.722275,-73.8231
18789,40.711227,-73.813126
18790,40.71803,-73.81987
18791,40.715588,-73.83112
18792,40.71217,-73.813805
18793,40.713127,-73.81909
18794,40.714382,-73.83184
18795,40.71234,-73.81893
18796,40.722145,-73.81557
18797,40.71534,-73.81921
18798,40.719143,-73.816666
18799,40.72076,-73.82337
18800,40.722027,-73.81754
18801,40.714237,-73.83213
18802,40.719143,-73.816666
18803,40.715786,-73.83176
18804,40.718506,-73.81097
18805,40.71191,-73.826614
18806,40.718506,-73.81097
18807,40.710552,-73.81621
18808,40.714,-73.83234
18809,40.714756,-73.81247
18810,40.718536,-73.818634
18811,40.7109,-73.81443
18812,40.712875,-73.81684
18813,40.721115,-73.825066
18814,40.715588,-73.83112
18815,40.718063,-73.81933
18816,40.71217,-73.813805
18817,40.715588,-73.83112
18818,40.71413,-73.813416
18819,40.713127,-73.81909
18820,40.715424,-73.81659
18821,40.71217,-73.813805
18822,40.720165,-73.95773
18823,40.711796,-73.9587
18824,40.714596,-73.959885
18825,40.715668,-73.96292
18826,40.72058,-73.962456
18827,40.711174,-73.957085
18828,40.715668,-73.96292
18829,40.718643,-73.959496
18830,40.715668,-73.96292
18831,40.716404,-73.95866
18832,40.720337,-73.95769
18833,40.715668,-73.96292
18834,40.716827,-73.96415
18835,40.716194,-73.9588
18836,40.718575,-73.958244
18837,40.71731,-73.95019
18838,40.71476,-73.951416
18839,40.71043,-73.96636
18840,40.71844,-73.96388
18841,40.71881,-73.95069
18842,40.716652,-73.96873
18843,40.71868,-73.95207
18844,40.71859,-73.953606
18845,40.71302,-73.959816
18846,40.718815,-73.951294
18847,40.71881,-73.95069
18848,40.72058,-73.962456
18849,40.71476,-73.95142
18850,40.7193,-73.96397
18851,40.716652,-73.96873
18852,40.720158,-73.95804
18853,40.716652,-73.96873
18854,40.71302,-73.959816
18855,40.72054,-73.95593
18856,40.716652,-73.96873
18857,40.71844,-73.96388
18858,40.718815,-73.951294
18859,40.71959,-73.964096
18860,40.718815,-73.951294
18861,40.713367,-73.95672
18862,40.71111,-73.95354
18863,40.71301,-73.96297
18864,40.71926,-73.95603
18865,40.718742,-73.95154
18866,40.71926,-73.95603
18867,40.704254,-73.96642
18868,40.699944,-73.95054
18869,40.69965,-73.953125
18870,40.707584,-73.9635
18871,40.698914,-73.95986
18872,40.700676,-73.95364
18873,40.70931,-73.96308
18874,40.704254,-73.96642
18875,40.70923,-73.96929
18876,40.707554,-73.9637
18877,40.7096,-73.95122
18878,40.705082,-73.9524
18879,40.7002,-73.95946
18880,40.70982,-73.9579
18881,40.70982,-73.9579
18882,40.699543,-73.93012
18883,40.697838,-73.92888
18884,40.70805,-73.94127
18885,40.704124,-73.92719
18886,40.69906,-73.93055
18887,40.70814,-73.94531
18888,40.703037,-73.947586
18889,40.709312,-73.947716
18890,40.70602,-73.93269
18891,40.700737,-73.94371
18892,40.708195,-73.94523
18893,40.703617,-73.94967
18894,40.703167,-73.94756
18895,40.703167,-73.94756
18896,40.70761,-73.94584
18897,40.69764,-73.935455
18898,40.697784,-73.93616
18899,40.708782,-73.941124
18900,40.70405,-73.94866
18901,40.705334,-73.93232
18902,40.70806,-73.94023
18903,40.70814,-73.94531
18904,40.70868,-73.9482
18905,40.708244,-73.94382
18906,40.698925,-73.94091
18907,40.703167,-73.94756
18908,40.703167,-73.94756
18909,40.697865,-73.935905
18910,40.703167,-73.94756
18911,40.699562,-73.93804
18912,40.700737,-73.94371
18913,40.69891,-73.93123
18914,40.705357,-73.93218
18915,40.7073,-73.94102
18916,40.70806,-73.94023
18917,40.70904,-73.94835
18918,40.709286,-73.948
18919,40.703552,-73.93117
18920,40.703506,-73.931244
18921,40.699543,-73.93012
18922,40.71297,-73.96062
18923,40.71448,-73.96188
18924,40.71844,-73.96388
18925,40.714954,-73.9653
18926,40.714596,-73.959885
18927,40.719597,-73.9642
18928,40.71232,-73.95766
18929,40.71844,-73.96388
18930,40.711002,-73.960884
18931,40.716652,-73.96873
18932,40.720238,-73.95646
18933,40.71177,-73.96194
18934,40.717785,-73.96021
18935,40.71881,-73.95069
18936,40.716652,-73.96873
18937,40.71995,-73.95695
18938,40.712227,-73.95998
18939,40.717785,-73.96021
18940,40.720505,-73.95683
18941,40.711372,-73.953415
18942,40.71043,-73.96636
18943,40.712116,-73.952225
18944,40.71844,-73.96388
18945,40.71492,-73.96181
18946,40.71872,-73.951546
18947,40.720062,-73.96353
18948,40.720062,-73.96353
18949,40.716827,-73.96415
18950,40.71844,-73.96388
18951,40.720062,-73.96353
18952,40.719063,-73.957184
18953,40.7193,-73.96397
18954,40.719597,-73.9642
18955,40.71492,-73.96181
18956,40.71302,-73.959816
18957,40.718033,-73.95301
18958,40.70989,-73.964195
18959,40.711926,-73.95086
18960,40.71766,-73.95467
18961,40.714596,-73.959885
18962,40.710236,-73.83081
18963,40.719086,-73.81845
18964,40.712875,-73.81684
18965,40.7184,-73.8109
18966,40.712097,-73.82755
18967,40.720173,-73.81312
18968,40.71549,-73.81059
18969,40.720657,-73.82561
18970,40.72024,-73.81171
18971,40.711735,-73.818855
18972,40.71191,-73.826614
18973,40.712765,-73.8283
18974,40.710163,-73.818535
18975,40.712097,-73.82755
18976,40.710236,-73.83081
18977,40.71962,-73.8219
18978,40.71624,-73.815674
18979,40.712875,-73.81684
18980,40.717983,-73.81791
18981,40.712875,-73.81684
18982,40.715588,-73.83112
18983,40.71549,-73.81059
18984,40.713127,-73.81909
18985,40.717808,-73.818504
18986,40.712635,-73.81945
18987,40.713127,-73.81909
18988,40.7208,-73.82338
18989,40.716022,-73.831375
18990,40.713127,-73.81909
18991,40.720886,-73.82565
18992,40.712097,-73.82755
18993,40.71982,-73.81689
18994,40.71895,-73.819824
18995,40.710785,-73.83163
18996,40.7184,-73.8109
18997,40.721745,-73.82237
18998,40.711224,-73.813126
18999,40.721718,-73.82289
19000,40.710236,-73.83081
19001,40.718506,-73.81097
19002,40.721745,-73.82237
19003,40.713913,-73.81343
19004,40.7183,-73.81942
19005,40.715786,-73.83176
19006,40.712482,-73.80999
19007,40.720318,-73.81944
19008,40.71217,-73.813805
19009,40.713913,-73.81343
19010,40.712097,-73.82755
19011,40.71259,-73.82713
19012,40.712097,-73.82755
19013,40.712482,-73.80999
19014,40.711304,-73.82678
19015,40.7108,-73.810036
19016,40.7109,-73.81443
19017,40.710693,-73.8143
19018,40.710163,-73.818535
19019,40.710163,-73.818535
19020,40.71014,-73.818695
19021,40.713997,-73.83234
19022,40.719906,-73.81408
19023,40.714115,-73.81433
19024,40.71231,-73.81853
19025,40.717323,-73.81665
19026,40.718365,-73.81831
19027,40.718506,-73.81097
19028,40.713127,-73.81909
19029,40.710236,-73.83081
19030,40.710087,-73.830795
19031,40.713127,-73.81909
19032,40.712402,-73.817055
19033,40.718506,-73.81097
19034,40.721596,-73.81127
19035,40.715786,-73.83176
19036,40.715607,-73.819145
19037,40.718506,-73.81097
19038,40.719906,-73.81408
19039,40.720234,-73.81715
19040,40.72145,-73.81532
19041,40.711166,-73.813736
19042,40.712982,-73.819435
19043,40.720787,-73.82338
19044,40.71812,-73.81914
19045,40.71056,-73.81842
19046,40.713127,-73.81909
19047,40.7155,-73.80936
19048,40.712875,-73.81684
19049,40.71476,-73.81493
19050,40.709835,-73.81674
19051,40.712875,-73.81684
19052,40.71413,-73.813416
19053,40.717014,-73.809166
19054,40.712513,-73.81207
19055,40.71608,-73.81183
19056,40.713127,-73.81909
19057,40.712875,-73.81684
19058,40.7219,-73.8138
19059,40.715225,-73.80927
19060,40.71937,-73.82351
19061,40.713158,-73.81637
19062,40.721523,-73.81507
19063,40.71566,-73.81506
19064,40.713127,-73.81909
19065,40.721523,-73.81507
19066,40.71191,-73.826614
19067,40.715496,-73.80983
19068,40.710884,-73.81665
19069,40.71654,-73.810326
19070,40.71814,-73.81843
19071,40.710045,-73.815765
19072,40.713127,-73.81909
19073,40.713127,-73.81909
19074,40.712097,-73.82755
19075,40.721424,-73.81994
19076,40.712402,-73.817055
19077,40.712402,-73.817055
19078,40.7123,-73.81705
19079,40.712402,-73.817055
19080,40.712402,-73.817055
19081,40.71869,-73.813286
19082,40.718506,-73.81097
19083,40.71026,-73.81738
19084,40.72006,-73.823944
19085,40.721413,-73.815445
19086,40.721447,-73.811745
19087,40.719086,-73.81845
19088,40.713158,-73.81637
19089,40.719753,-73.81879
19090,40.71818,-73.818924
19091,40.71026,-73.81738
19092,40.71255,-73.816025
19093,40.717075,-73.811226
19094,40.721138,-73.81762
19095,40.7184,-73.8109
19096,40.712982,-73.819435
19097,40.71549,-73.81038
19098,40.719383,-73.82002
19099,40.712875,-73.81684
19100,40.71975,-73.817116
19101,40.710392,-73.81783
19102,40.71705,-73.81281
19103,40.719578,-73.81681
19104,40.719383,-73.82002
19105,40.718506,-73.81097
19106,40.712097,-73.82755
19107,40.71825,-73.81804
19108,40.71705,-73.81281
19109,40.713127,-73.81909
19110,40.712097,-73.82755
19111,40.713127,-73.81909
19112,40.72062,-73.81836
19113,40.719746,-73.823586
19114,40.711227,-73.813126
19115,40.71312,-73.81124
19116,40.710144,-73.81705
19117,40.712875,-73.81684
19118,40.713127,-73.81909
19119,40.71026,-73.81738
19120,40.70988,-73.80914
19121,40.72169,-73.8225
19122,40.7184,-73.8109
19123,40.710144,-73.81705
19124,40.71231,-73.81853
19125,40.711735,-73.818855
19126,40.710247,-73.83058
19127,40.710194,-73.816895
19128,40.718506,-73.81097
19129,40.718506,-73.81097
19130,40.710194,-73.816895
19131,40.71401,-73.81576
19132,40.72068,-73.8179
19133,40.71196,-73.82759
19134,40.712517,-73.81168
19135,40.719692,-73.81899
19136,40.713127,-73.81909
19137,40.714184,-73.83203
19138,40.71795,-73.81419
19139,40.710045,-73.815765
19140,40.71801,-73.813705
19141,40.720173,-73.81312
19142,40.712513,-73.81207
19143,40.715588,-73.83112
19144,40.7122,-73.826546
19145,40.72047,-73.82502
19146,40.717487,-73.811264
19147,40.715588,-73.83112
19148,40.718426,-73.818115
19149,40.718506,-73.81097
19150,40.71231,-73.81853
19151,40.7169,-73.8127
19152,40.711708,-73.81733
19153,40.713127,-73.81909
19154,40.7109,-73.81443
19155,40.71802,-73.818886
19156,40.71191,-73.826614
19157,40.713127,-73.81909
19158,40.721336,-73.810455
19159,40.71255,-73.816025
19160,40.71191,-73.826614
19161,40.713127,-73.81909
19162,40.71331,-73.81507
19163,40.718506,-73.81097
19164,40.68418,-73.86675
19165,40.68172,-73.84272
19166,40.684956,-73.86319
19167,40.683582,-73.83436
19168,40.69178,-73.85626
19169,40.68755,-73.86561
19170,40.67652,-73.870575
19171,40.688683,-73.86587
19172,40.677536,-73.84979
19173,40.6921,-73.8553
19174,40.68055,-73.85634
19175,40.6925,-73.83384
19176,40.686657,-73.835884
19177,40.689922,-73.86678
19178,40.674583,-73.853386
19179,40.675034,-73.85376
19180,40.674335,-73.87448
19181,40.67365,-73.85117
19182,40.690426,-73.85193
19183,40.677032,-73.85188
19184,40.68981,-73.86681
19185,40.688744,-73.85769
19186,40.691452,-73.86155
19187,40.68757,-73.85539
19188,40.67551,-73.859
19189,40.672134,-73.858025
19190,40.676903,-73.87451
19191,40.691284,-73.83549
19192,40.682053,-73.83683
19193,40.680946,-73.83535
19194,40.677715,-73.8339
19195,40.67757,-73.84662
19196,40.68267,-73.86305
19197,40.68191,-73.86669
19198,40.67722,-73.84742
19199,40.67379,-73.85412
19200,40.674404,-73.84962
19201,40.68891,-73.79744
19202,40.68504,-73.79576
19203,40.685432,-73.79457
19204,40.694252,-73.80889
19205,40.695995,-73.79607
19206,40.690845,-73.808205
19207,40.689175,-73.792946
19208,40.68717,-73.80322
19209,40.68969,-73.803856
19210,40.68549,-73.79584
19211,40.690094,-73.794716
19212,40.686954,-73.7977
19213,40.693264,-73.7978
19214,40.69019,-73.79103
19215,40.690784,-73.800186
19216,40.694775,-73.80165
19217,40.69349,-73.797455
19218,40.685802,-73.79775
19219,40.687252,-73.796844
19220,40.691883,-73.80357
19221,40.694344,-73.78825
19222,40.69333,-73.799355
19223,40.689804,-73.79129
19224,40.692993,-73.79823
19225,40.68516,-73.79944
19226,40.693024,-73.79818
19227,40.697052,-73.80696
19228,40.68835,-73.79221
19229,40.695686,-73.78607
19230,40.691723,-73.802605
19231,40.691025,-73.792175
19232,40.68739,-73.79897
19233,40.68466,-73.79237
19234,40.69573,-73.78672
19235,40.68482,-73.79427
19236,40.696636,-73.78714
19237,40.691975,-73.80371
19238,40.691135,-73.80336
19239,40.69181,-73.8463
19240,40.694,-73.86493
19241,40.673985,-73.841385
19242,40.68464,-73.83925
19243,40.684036,-73.87918
19244,40.68646,-73.869354
19245,40.682873,-73.83437
19246,40.674694,-73.85242
19247,40.674225,-73.8545
19248,40.693523,-73.84912
19249,40.678913,-73.86135
19250,40.679607,-73.85167
19251,40.678986,-73.84338
19252,40.684475,-73.86336
19253,40.68947,-73.85702
19254,40.691216,-73.86243
19255,40.690235,-73.84652
19256,40.679226,-73.850334
19257,40.675545,-73.84664
19258,40.68181,-73.86667
19259,40.67663,-73.87408
19260,40.683247,-73.87133
19261,40.675346,-73.87566
19262,40.68687,-73.863625
19263,40.67591,-73.87336
19264,40.695198,-73.842636
19265,40.6765,-73.83265
19266,40.67929,-73.84364
19267,40.676273,-73.83563
19268,40.68266,-73.86309
19269,40.683468,-73.8666
19270,40.689224,-73.83448
19271,40.688763,-73.84813
19272,40.689472,-73.86065
19273,40.6857,-73.87312
19274,40.713127,-73.81909
19275,40.71003,-73.81663
19276,40.711662,-73.81377
19277,40.713127,-73.81909
19278,40.722248,-73.82295
19279,40.71523,-73.8091
19280,40.71818,-73.818924
19281,40.712875,-73.81684
19282,40.712875,-73.81684
19283,40.711166,-73.816895
19284,40.719906,-73.81408
19285,40.716022,-73.831375
19286,40.71026,-73.81738
19287,40.7152,-73.812096
19288,40.720486,-73.82057
19289,40.719906,-73.81408
19290,40.718506,-73.81097
19291,40.720093,-73.81766
19292,40.713158,-73.81637
19293,40.71093,-73.81356
19294,40.719692,-73.81899
19295,40.718506,-73.81097
19296,40.71946,-73.81862
19297,40.715786,-73.83176
19298,40.721863,-73.81551
19299,40.7184,-73.8109
19300,40.718506,-73.81097
19301,40.71259,-73.82713
19302,40.712097,-73.82755
19303,40.71746,-73.81343
19304,40.718506,-73.81097
19305,40.717358,-73.8115
19306,40.71266,-73.81582
19307,40.7193,-73.8168
19308,40.715786,-73.83176
19309,40.71191,-73.826614
19310,40.718506,-73.81097
19311,40.716694,-73.809875
19312,40.673046,-73.90737
19313,40.67324,-73.89393
19314,40.67898,-73.91778
19315,40.686504,-73.9236
19316,40.676662,-73.892914
19317,40.69184,-73.91814
19318,40.67504,-73.9055
19319,40.695526,-73.91712
19320,40.681824,-73.91912
19321,40.689518,-73.91753
19322,40.676888,-73.90543
19323,40.69372,-73.92353
19324,40.678127,-73.91976
19325,40.679337,-73.91058
19326,40.692272,-73.90329
19327,40.69184,-73.91814
19328,40.67901,-73.9203
19329,40.68023,-73.906906
19330,40.680256,-73.8924
19331,40.695633,-73.925896
19332,40.69243,-73.91648
19333,40.688232,-73.91474
19334,40.68335,-73.91886
19335,40.691936,-73.9239
19336,40.687656,-73.91719
19337,40.696857,-73.89256
19338,40.68362,-73.88154
19339,40.67813,-73.9261
19340,40.686733,-73.90873
19341,40.682747,-73.889175
19342,40.677216,-73.90914
19343,40.69536,-73.89262
19344,40.696102,-73.89032
19345,40.7123,-73.78871
19346,40.718407,-73.79873
19347,40.71789,-73.79331
19348,40.710293,-73.79139
19349,40.710293,-73.79139
19350,40.714714,-73.79362
19351,40.71466,-73.795364
19352,40.722305,-73.79864
19353,40.71466,-73.795364
19354,40.71466,-73.795364
19355,40.710102,-73.80782
19356,40.720158,-73.80068
19357,40.72048,-73.80846
19358,40.720516,-73.8034
19359,40.71398,-73.8065
19360,40.7141,-73.80864
19361,40.72048,-73.80846
19362,40.714516,-73.808975
19363,40.72048,-73.80846
19364,40.715233,-73.80869
19365,40.718067,-73.80066
19366,40.713734,-73.78947
19367,40.712833,-73.791534
19368,40.710403,-73.79886
19369,40.717293,-73.78905
19370,40.71232,-73.79725
19371,40.71463,-73.78851
19372,40.71133,-73.7937
19373,40.712666,-73.78706
19374,40.71459,-73.791985
19375,40.715084,-73.78815
19376,40.710323,-73.79812
19377,40.71138,-73.789154
19378,40.716934,-73.796455
19379,40.71466,-73.795364
19380,40.712833,-73.791534
19381,40.71055,-73.797844
19382,40.71162,-73.78572
19383,40.71299,-73.78921
19384,40.721615,-73.804794
19385,40.720722,-73.80092
19386,40.710293,-73.79139
19387,40.713573,-73.79019
19388,40.721508,-73.78849
19389,40.716812,-73.788994
19390,40.72073,-73.80054
19391,40.712833,-73.791534
19392,40.721394,-73.78715
19393,40.7221,-73.80672
19394,40.71266,-73.79163
19395,40.716923,-73.78905
19396,40.712666,-73.78706
19397,40.711002,-73.80778
19398,40.715153,-73.80594
19399,40.714634,-73.79647
19400,40.712666,-73.78706
19401,40.71814,-73.793434
19402,40.71466,-73.795364
19403,40.71231,-73.78749
19404,40.71231,-73.78749
19405,40.712666,-73.78706
19406,40.721302,-73.78949
19407,40.71231,-73.78749
19408,40.712666,-73.78706
19409,40.712666,-73.78706
19410,40.7123,-73.78871
19411,40.71131,-73.80748
19412,40.710285,-73.79827
19413,40.71439,-73.79275
19414,40.710022,-73.79894
19415,40.71231,-73.78749
19416,40.71266,-73.79163
19417,40.71466,-73.795364
19418,40.685596,-73.87308
19419,40.68614,-73.86254
19420,40.685215,-73.85859
19421,40.69693,-73.84867
19422,40.68565,-73.87309
19423,40.68554,-73.87306
19424,40.68285,-73.855064
19425,40.69512,-73.86347
19426,40.683258,-73.86527
19427,40.690662,-73.85833
19428,40.683823,-73.83545
19429,40.68454,-73.87416
19430,40.673462,-73.85281
19431,40.676353,-73.84446
19432,40.67577,-73.84779
19433,40.68688,-73.86776
19434,40.686047,-73.858894
19435,40.68073,-73.832634
19436,40.692715,-73.85551
19437,40.678825,-73.8638
19438,40.692944,-73.85085
19439,40.677563,-73.84561
19440,40.696823,-73.84541
19441,40.67326,-73.87933
19442,40.681393,-73.86932
19443,40.686913,-73.87441
19444,40.68495,-73.854095
19445,40.676426,-73.873375
19446,40.67847,-73.87873
19447,40.6743,-73.84498
19448,40.692924,-73.83523
19449,40.678577,-73.83295
19450,40.672348,-73.84175
19451,40.67577,-73.84779
19452,40.687813,-73.83357
19453,40.676826,-73.8431
19454,40.68027,-73.86261
19455,40.701866,-73.88184
19456,40.703156,-73.88783
19457,40.713352,-73.88306
19458,40.708485,-73.91948
19459,40.71822,-73.900764
19460,40.705254,-73.887085
19461,40.710342,-73.90455
19462,40.708244,-73.91491
19463,40.69885,-73.9145
19464,40.705555,-73.88533
19465,40.70107,-73.923004
19466,40.703968,-73.92578
19467,40.720955,-73.89926
19468,40.715893,-73.90491
19469,40.721222,-73.8987
19470,40.709286,-73.89751
19471,40.698006,-73.8891
19472,40.704044,-73.8901
19473,40.721767,-73.89095
19474,40.71855,-73.89887
19475,40.710926,-73.89986
19476,40.699825,-73.88947
19477,40.705105,-73.90933
19478,40.7119,-73.90017
19479,40.69961,-73.92434
19480,40.713547,-73.89586
19481,40.714397,-73.88067
19482,40.71019,-73.917435
19483,40.69756,-73.892845
19484,40.69971,-73.905716
19485,40.72191,-73.883354
19486,40.712337,-73.88325
19487,40.70978,-73.90499
19488,40.677303,-73.811584
19489,40.683186,-73.80948
19490,40.68196,-73.82207
19491,40.675457,-73.82487
19492,40.677773,-73.81693
19493,40.676994,-73.82155
19494,40.673283,-73.82539
19495,40.683983,-73.81699
19496,40.673416,-73.82532
19497,40.68341,-73.82075
19498,40.67715,-73.815674
19499,40.686222,-73.86428
19500,40.68764,-73.85543
19501,40.689053,-73.85124
19502,40.67473,-73.87215
19503,40.68873,-73.86929
19504,40.695274,-73.83851
19505,40.67592,-73.840866
19506,40.694233,-73.8504
19507,40.69484,-73.843285
19508,40.679764,-73.83303
19509,40.68852,-73.868774
19510,40.686413,-73.8744
19511,40.694595,-73.86009
19512,40.68458,-73.84487
19513,40.67286,-73.86336
19514,40.695087,-73.84926
19515,40.681183,-73.84344
19516,40.68844,-73.863045
19517,40.695244,-73.838486
19518,40.687454,-73.8415
19519,40.679935,-73.84677
19520,40.69325,-73.83802
19521,40.673805,-73.85402
19522,40.676746,-73.8706
19523,40.686672,-73.87117
19524,40.693237,-73.851
19525,40.685184,-73.8506
19526,40.68696,-73.857994
19527,40.690685,-73.86542
19528,40.673805,-73.85402
19529,40.68813,-73.846825
19530,40.677,-73.84251
19531,40.689987,-73.83887
19532,40.67399,-73.85219
19533,40.70043,-73.828766
19534,40.69919,-73.82578
19535,40.70896,-73.81663
19536,40.707882,-73.81254
19537,40.707436,-73.818535
19538,40.70936,-73.8285
19539,40.704666,-73.83112
19540,40.706028,-73.831985
19541,40.70841,-73.827644
19542,40.707558,-73.829506
19543,40.708202,-73.828804
19544,40.706028,-73.831985
19545,40.70412,-73.83141
19546,40.7097,-73.8306
19547,40.700882,-73.817924
19548,40.70604,-73.832016
19549,40.707943,-73.827354
19550,40.70841,-73.827644
19551,40.707436,-73.818535
19552,40.70303,-73.8273
19553,40.7051,-73.82382
19554,40.709534,-73.81766
19555,40.707436,-73.818535
19556,40.705,-73.824135
19557,40.700836,-73.8263
19558,40.70098,-73.810196
19559,40.709778,-73.81869
19560,40.7056,-73.83044
19561,40.708275,-73.8287
19562,40.701683,-73.81837
19563,40.709534,-73.81766
19564,40.708855,-73.81292
19565,40.709778,-73.81869
19566,40.70982,-73.81817
19567,40.698765,-73.821014
19568,40.720608,-73.86666
19569,40.71339,-73.85686
19570,40.72224,-73.85627
19571,40.715294,-73.85832
19572,40.721386,-73.870415
19573,40.72224,-73.85627
19574,40.71909,-73.87887
19575,40.7136,-73.87779
19576,40.721645,-73.86124
19577,40.716156,-73.87907
19578,40.72224,-73.85627
19579,40.721405,-73.85614
19580,40.720295,-73.857124
19581,40.71847,-73.86101
19582,40.719604,-73.85817
19583,40.720867,-73.85912
19584,40.71654,-73.856316
19585,40.720295,-73.857124
19586,40.721977,-73.8669
19587,40.717857,-73.87571
19588,40.7135,-73.85696
19589,40.718357,-73.873856
19590,40.71794,-73.87436
19591,40.722145,-73.86677
19592,40.720478,-73.856445
19593,40.718277,-73.87404
19594,40.720295,-73.857124
19595,40.71946,-73.86307
19596,40.713066,-73.85804
19597,40.722305,-73.856064
19598,40.712643,-73.86088
19599,40.72131,-73.870575
19600,40.709858,-73.874695
19601,40.721977,-73.8669
19602,40.719406,-73.860176
19603,40.719807,-73.859184
19604,40.71653,-73.87504
19605,40.721806,-73.86674
19606,40.721977,-73.8669
19607,40.71986,-73.8639
19608,40.722305,-73.856064
19609,40.72224,-73.85627
19610,40.719856,-73.871735
19611,40.722145,-73.86677
19612,40.72204,-73.86345
19613,40.716393,-73.87322
19614,40.713127,-73.85651
19615,40.72219,-73.866554
19616,40.716583,-73.85961
19617,40.720295,-73.857124
19618,40.721977,-73.8669
19619,40.716564,-73.858925
19620,40.721405,-73.85614
19621,40.720295,-73.857124
19622,40.720295,-73.857124
19623,40.721188,-73.85622
19624,40.719357,-73.874214
19625,40.712547,-73.85926
19626,40.71705,-73.86067
19627,40.71758,-73.85654
19628,40.721977,-73.8669
19629,40.718994,-73.86185
19630,40.718994,-73.86185
19631,40.720474,-73.87003
19632,40.68357,-73.81058
19633,40.67625,-73.82493
19634,40.681046,-73.82233
19635,40.677944,-73.8278
19636,40.67351,-73.81823
19637,40.683765,-73.82964
19638,40.678364,-73.83198
19639,40.67781,-73.8238
19640,40.680695,-73.83132
19641,40.680832,-73.82561
19642,40.680176,-73.82017
19643,40.68303,-73.81656
19644,40.680832,-73.82561
19645,40.68353,-73.82081
19646,40.6779,-73.81705
19647,40.68136,-73.829475
19648,40.68291,-73.80934
19649,40.677834,-73.823715
19650,40.673336,-73.82486
19651,40.68429,-73.81202
19652,40.679813,-73.82372
19653,40.67449,-73.82143
19654,40.68314,-73.82363
19655,40.680126,-73.81105
19656,40.678802,-73.80933
19657,40.67461,-73.817665
19658,40.68177,-73.83049
19659,40.68201,-73.81406
19660,40.67461,-73.817665
19661,40.6733,-73.82391
19662,40.676575,-73.823845
19663,40.68149,-73.82954
19664,40.68153,-73.83241
19665,40.68123,-73.829414
19666,40.71677,-73.83342
19667,40.720043,-73.839905
19668,40.720043,-73.839905
19669,40.717766,-73.83857
19670,40.720013,-73.836075
19671,40.71735,-73.8409
19672,40.71676,-73.835724
19673,40.72185,-73.8436
19674,40.720043,-73.839905
19675,40.718674,-73.84013
19676,40.721485,-73.84113
19677,40.71735,-73.8409
19678,40.718094,-73.84246
19679,40.72161,-73.84088
19680,40.720646,-73.83642
19681,40.71817,-73.838165
19682,40.720623,-73.83664
19683,40.720486,-73.83684
19684,40.71858,-73.838615
19685,40.71652,-73.832726
19686,40.72067,-73.84038
19687,40.72185,-73.8436
19688,40.71652,-73.832726
19689,40.71714,-73.8332
19690,40.71652,-73.832726
19691,40.720043,-73.839905
19692,40.718643,-73.83888
19693,40.717785,-73.839294
19694,40.716526,-73.83687
19695,40.720043,-73.839905
19696,40.722122,-73.83916
19697,40.718628,-73.84161
19698,40.718094,-73.84246
19699,40.71778,-73.83955
19700,40.71639,-73.837715
19701,40.721756,-73.84626
19702,40.719414,-73.84526
19703,40.71625,-73.84509
19704,40.721214,-73.85157
19705,40.719215,-73.84627
19706,40.72159,-73.846115
19707,40.722153,-73.84926
19708,40.72159,-73.846115
19709,40.721756,-73.84626
19710,40.719215,-73.84627
19711,40.72219,-73.849144
19712,40.72159,-73.846115
19713,40.721478,-73.8465
19714,40.72159,-73.846115
19715,40.722153,-73.84926
19716,40.722153,-73.84926
19717,40.719185,-73.84506
19718,40.721264,-73.85542
19719,40.721264,-73.85542
19720,40.722263,-73.85567
19721,40.72219,-73.849144
19722,40.721004,-73.85138
19723,40.717396,-73.8495
19724,40.72219,-73.849144
19725,40.722153,-73.84926
19726,40.72219,-73.849144
19727,40.71736,-73.85595
19728,40.72109,-73.850945
19729,40.71867,-73.85299
19730,40.722153,-73.84926
19731,40.717796,-73.85161
19732,40.718704,-73.84548
19733,40.718533,-73.84535
19734,40.721134,-73.8558
19735,40.71728,-73.85352
19736,40.72219,-73.849144
19737,40.72219,-73.849144
19738,40.72159,-73.846115
19739,40.71882,-73.84505
19740,40.71651,-73.83483
19741,40.719296,-73.841515
19742,40.720737,-73.83778
19743,40.71651,-73.83483
19744,40.722374,-73.84054
19745,40.720905,-73.839096
19746,40.7207,-73.83793
19747,40.71639,-73.837715
19748,40.719296,-73.841515
19749,40.721485,-73.84113
19750,40.71723,-73.83272
19751,40.71705,-73.83271
19752,40.719296,-73.841515
19753,40.71858,-73.838615
19754,40.71651,-73.83483
19755,40.719296,-73.841515
19756,40.719296,-73.841515
19757,40.71676,-73.835724
19758,40.719296,-73.841515
19759,40.71677,-73.83342
19760,40.716526,-73.83687
19761,40.71639,-73.837715
19762,40.716793,-73.83498
19763,40.71629,-73.837776
19764,40.719654,-73.83945
19765,40.720486,-73.83684
19766,40.720486,-73.83684
19767,40.717857,-73.84013
19768,40.720905,-73.839096
19769,40.720737,-73.83778
19770,40.716427,-73.83779
19771,40.721794,-73.8407
19772,40.722122,-73.83916
19773,40.71666,-73.834785
19774,40.717915,-73.84004
19775,40.720043,-73.839905
19776,40.72185,-73.8436
19777,40.720043,-73.839905
19778,40.721924,-73.84077
19779,40.717785,-73.839294
19780,40.720043,-73.839905
19781,40.718918,-73.83648
19782,40.719654,-73.83945
19783,40.72185,-73.8436
19784,40.720043,-73.839905
19785,40.71807,-73.84351
19786,40.721485,-73.84113
19787,40.721485,-73.84113
19788,40.72232,-73.83974
19789,40.722225,-73.84234
19790,40.720623,-73.83664
19791,40.72161,-73.84088
19792,40.721924,-73.84077
19793,40.718918,-73.83648
19794,40.722225,-73.84234
19795,40.719296,-73.841515
19796,40.718903,-73.83932
19797,40.716526,-73.83687
19798,40.717636,-73.83659
19799,40.72161,-73.84088
19800,40.718918,-73.83648
19801,40.71651,-73.83483
19802,40.719654,-73.83945
19803,40.71889,-73.84158
19804,40.717785,-73.839294
19805,40.71889,-73.84158
19806,40.718918,-73.83648
19807,40.719296,-73.841515
19808,40.719296,-73.841515
19809,40.72193,-73.84025
19810,40.71651,-73.83483
19811,40.722122,-73.83916
19812,40.72158,-73.84297
19813,40.72158,-73.84297
19814,40.717857,-73.84013
19815,40.718918,-73.83648
19816,40.720646,-73.83642
19817,40.718918,-73.83648
19818,40.717766,-73.83857
19819,40.72088,-73.839424
19820,40.718056,-73.84287
19821,40.717575,-73.83837
19822,40.71725,-73.83282
19823,40.718,-73.83957
19824,40.720486,-73.83684
19825,40.717754,-73.8386
19826,40.71826,-73.83453
19827,40.718292,-73.834854
19828,40.720043,-73.839905
19829,40.71807,-73.842415
19830,40.72171,-73.842964
19831,40.720043,-73.839905
19832,40.72167,-73.84318
19833,40.720646,-73.83642
19834,40.722122,-73.83916
19835,40.71852,-73.83523
19836,40.716793,-73.83498
19837,40.718903,-73.83932
19838,40.71819,-73.834694
19839,40.718838,-73.841484
19840,40.71852,-73.83523
19841,40.717766,-73.83857
19842,40.721954,-73.84017
19843,40.72185,-73.8436
19844,40.721233,-73.83874
19845,40.72214,-73.8435
19846,40.720318,-73.84315
19847,40.71735,-73.8409
19848,40.717377,-73.840744
19849,40.718895,-73.84419
19850,40.70125,-73.809814
19851,40.704205,-73.82351
19852,40.70265,-73.83207
19853,40.697346,-73.829544
19854,40.707943,-73.827354
19855,40.7067,-73.83052
19856,40.707733,-73.82744
19857,40.69944,-73.83212
19858,40.699207,-73.81612
19859,40.70125,-73.80981
19860,40.705254,-73.83245
19861,40.706028,-73.831985
19862,40.7097,-73.8306
19863,40.7051,-73.82382
19864,40.70841,-73.827644
19865,40.705574,-73.82169
19866,40.70841,-73.827644
19867,40.70896,-73.81663
19868,40.70982,-73.81817
19869,40.706158,-73.82615
19870,40.70125,-73.80981
19871,40.70599,-73.82627
19872,40.709534,-73.81766
19873,40.70649,-73.811806
19874,40.70606,-73.83148
19875,40.705147,-73.82275
19876,40.69826,-73.83105
19877,40.704414,-73.83162
19878,40.7051,-73.8146
19879,40.708584,-73.82798
19880,40.708942,-73.8159
19881,40.70926,-73.81631
19882,40.70729,-73.82991
19883,40.705254,-73.83245
19884,40.720646,-73.83642
19885,40.72232,-73.83974
19886,40.720043,-73.839905
19887,40.72171,-73.842964
19888,40.720486,-73.83684
19889,40.722374,-73.84054
19890,40.721523,-73.83645
19891,40.721924,-73.84077
19892,40.717457,-73.84132
19893,40.720646,-73.83642
19894,40.717915,-73.84004
19895,40.720013,-73.836075
19896,40.716526,-73.83687
19897,40.71727,-73.833595
19898,40.718918,-73.83648
19899,40.722374,-73.84054
19900,40.721256,-73.84122
19901,40.71858,-73.8392
19902,40.72049,-73.83657
19903,40.72152,-73.83645
19904,40.719936,-73.83567
19905,40.720013,-73.836075
19906,40.716988,-73.838554
19907,40.720013,-73.836075
19908,40.721233,-73.83874
19909,40.71735,-73.8409
19910,40.718895,-73.84419
19911,40.72158,-73.84297
19912,40.721233,-73.83874
19913,40.71727,-73.833595
19914,40.719936,-73.83567
19915,40.720737,-73.83778
19916,40.7217,-73.84075
19917,40.716988,-73.838554
19918,40.71735,-73.8409
19919,40.720734,-73.839676
19920,40.718094,-73.84246
19921,40.718674,-73.84013
19922,40.71705,-73.83271
19923,40.718838,-73.841484
19924,40.71629,-73.837776
19925,40.718838,-73.841484
19926,40.720783,-73.84077
19927,40.718094,-73.84246
19928,40.71705,-73.83271
19929,40.71723,-73.83272
19930,40.7207,-73.83793
19931,40.71615,-73.839485
19932,40.717785,-73.839294
19933,40.721264,-73.84027
19934,40.722374,-73.84054
19935,40.716793,-73.83498
19936,40.71677,-73.83342
19937,40.721348,-73.84036
19938,40.720734,-73.839676
19939,40.720905,-73.839096
19940,40.71705,-73.83271
19941,40.71723,-73.83272
19942,40.72161,-73.84088
19943,40.71976,-73.84367
19944,40.71676,-73.835724
19945,40.71677,-73.83342
19946,40.720013,-73.836075
19947,40.720013,-73.836075
19948,40.721584,-73.84188
19949,40.718918,-73.83648
19950,40.718895,-73.84419
19951,40.717766,-73.83857
19952,40.720043,-73.839905
19953,40.71677,-73.83342
19954,40.722122,-73.83916
19955,40.720318,-73.84315
19956,40.71677,-73.83342
19957,40.719032,-73.95565
19958,40.71844,-73.96388
19959,40.712166,-73.958405
19960,40.718258,-73.952774
19961,40.718815,-73.951294
19962,40.72058,-73.962456
19963,40.719597,-73.9642
19964,40.718033,-73.95301
19965,40.719063,-73.957184
19966,40.719597,-73.9642
19967,40.716347,-73.951675
19968,40.71122,-73.95832
19969,40.71874,-73.952736
19970,40.71859,-73.953606
19971,40.720062,-73.96353
19972,40.716652,-73.96873
19973,40.71844,-73.96388
19974,40.711987,-73.965034
19975,40.712025,-73.96183
19976,40.71368,-73.961525
19977,40.716652,-73.96873
19978,40.716652,-73.96873
19979,40.71492,-73.96181
19980,40.718575,-73.958244
19981,40.713745,-73.961555
19982,40.71012,-73.96794
19983,40.71926,-73.95603
19984,40.71859,-73.953606
19985,40.712734,-73.96269
19986,40.71844,-73.96388
19987,40.71492,-73.96181
19988,40.711666,-73.95703
19989,40.71043,-73.96636
19990,40.71844,-73.96388
19991,40.71844,-73.96388
19992,40.71301,-73.96297
19993,40.716652,-73.96873
19994,40.71844,-73.96388
19995,40.714348,-73.835365
19996,40.712418,-73.83397
19997,40.71598,-73.83924
19998,40.71195,-73.83589
19999,40.71185,-73.83533
20000,40.714348,-73.835365
20001,40.712273,-73.835495
20002,40.71258,-73.84229
20003,40.712418,-73.83397
20004,40.712585,-73.8342
20005,40.71283,-73.834656
20006,40.71477,-73.837204
20007,40.712418,-73.83397
20008,40.712418,-73.83397
20009,40.71314,-73.834175
20010,40.709854,-73.84399
20011,40.712418,-73.83397
20012,40.714634,-73.835686
20013,40.712585,-73.8342
20014,40.71431,-73.83533
20015,40.71422,-73.83504
20016,40.71283,-73.834656
20017,40.71295,-73.83524
20018,40.712585,-73.8342
20019,40.71283,-73.834656
20020,40.71283,-73.834656
20021,40.714634,-73.835686
20022,40.714634,-73.835686
20023,40.710938,-73.842545
20024,40.712936,-73.83435
20025,40.714634,-73.835686
20026,40.71283,-73.834656
20027,40.714634,-73.835686
20028,40.721138,-73.853905
20029,40.718025,-73.85336
20030,40.721138,-73.853905
20031,40.718117,-73.855835
20032,40.719215,-73.84627
20033,40.71769,-73.853134
20034,40.72219,-73.849144
20035,40.718903,-73.84617
20036,40.721474,-73.855705
20037,40.717636,-73.85435
20038,40.719185,-73.84506
20039,40.721783,-73.85285
20040,40.722153,-73.84926
20041,40.722153,-73.84926
20042,40.719166,-73.84627
20043,40.72219,-73.849144
20044,40.72219,-73.849144
20045,40.719215,-73.84627
20046,40.719166,-73.84627
20047,40.721115,-73.85131
20048,40.721916,-73.852806
20049,40.721626,-73.85411
20050,40.71845,-73.852394
20051,40.719185,-73.84506
20052,40.717445,-73.8518
20053,40.71761,-73.85436
20054,40.719215,-73.84627
20055,40.721783,-73.85539
20056,40.719166,-73.84627
20057,40.719215,-73.84627
20058,40.718704,-73.84548
20059,40.719215,-73.84627
20060,40.72067,-73.84632
20061,40.718563,-73.85055
20062,40.72219,-73.849144
20063,40.719185,-73.84506
20064,40.718998,-73.85457
20065,40.72109,-73.850945
20066,40.72083,-73.850525
20067,40.720394,-73.8558
20068,40.71962,-73.84621
20069,40.721756,-73.84626
20070,40.72109,-73.850945
20071,40.71962,-73.84621
20072,40.722153,-73.84926
20073,40.722153,-73.84926
20074,40.71823,-73.85547
20075,40.721783,-73.85539
20076,40.71962,-73.84621
20077,40.72219,-73.849144
20078,40.71922,-73.84568
20079,40.72159,-73.846115
20080,40.72159,-73.846115
20081,40.722153,-73.84926
20082,40.71962,-73.84621
20083,40.720688,-73.853516
20084,40.721756,-73.84626
20085,40.719334,-73.84567
20086,40.718704,-73.84548
20087,40.72159,-73.846115
20088,40.716484,-73.84491
20089,40.71686,-73.85457
20090,40.72051,-73.85368
20091,40.718533,-73.84535
20092,40.721756,-73.84626
20093,40.721756,-73.84626
20094,40.72219,-73.849144
20095,40.72159,-73.846115
20096,40.72159,-73.846115
20097,40.69127,-73.927734
20098,40.692097,-73.93006
20099,40.692772,-73.93371
20100,40.68905,-73.93656
20101,40.689194,-73.92922
20102,40.6855,-73.92874
20103,40.688747,-73.946175
20104,40.693974,-73.93324
20105,40.689423,-73.93126
20106,40.689102,-73.93358
20107,40.693954,-73.94572
20108,40.68782,-73.92807
20109,40.687214,-73.93753
20110,40.687756,-73.928665
20111,40.696915,-73.926865
20112,40.689373,-73.931694
20113,40.68526,-73.9349
20114,40.69294,-73.933235
20115,40.687828,-73.92802
20116,40.693653,-73.942535
20117,40.691227,-73.93513
20118,40.686134,-73.93
20119,40.690098,-73.93439
20120,40.69127,-73.927734
20121,40.693687,-73.926544
20122,40.60959,-73.92583
20123,40.62126,-73.91064
20124,40.60695,-73.90653
20125,40.60597,-73.91156
20126,40.608784,-73.92569
20127,40.616383,-73.90275
20128,40.61412,-73.921684
20129,40.621346,-73.90828
20130,40.61417,-73.92325
20131,40.60905,-73.91076
20132,40.618958,-73.91194
20133,40.617287,-73.90179
20134,40.6071,-73.90537
20135,40.606655,-73.91396
20136,40.61781,-73.92416
20137,40.611874,-73.90562
20138,40.61364,-73.91925
20139,40.60699,-73.92539
20140,40.61135,-73.90697
20141,40.6213,-73.924675
20142,40.612133,-73.90548
20143,40.611286,-73.92528
20144,40.61297,-73.90722
20145,40.620525,-73.92091
20146,40.613777,-73.91863
20147,40.61895,-73.91439
20148,40.613777,-73.91863
20149,40.60373,-73.91122
20150,40.606762,-73.91523
20151,40.62124,-73.91534
20152,40.61628,-73.91914
20153,40.618645,-73.904465
20154,40.693905,-73.82322
20155,40.694714,-73.81834
20156,40.693012,-73.811905
20157,40.691692,-73.823296
20158,40.684635,-73.832
20159,40.69558,-73.81666
20160,40.692566,-73.819496
20161,40.690098,-73.81031
20162,40.69407,-73.82023
20163,40.69261,-73.82492
20164,40.688786,-73.83015
20165,40.693024,-73.824905
20166,40.68931,-73.81059
20167,40.69356,-73.81566
20168,40.68825,-73.81479
20169,40.68957,-73.81501
20170,40.69096,-73.82568
20171,40.691715,-73.81668
20172,40.689163,-73.82323
20173,40.69175,-73.811424
20174,40.69085,-73.82835
20175,40.686085,-73.82466
20176,40.69177,-73.81135
20177,40.692997,-73.81529
20178,40.69116,-73.815445
20179,40.690346,-73.83187
20180,40.69219,-73.819
20181,40.68741,-73.82118
20182,40.690395,-73.81841
20183,40.693127,-73.83026
20184,40.68714,-73.82936
20185,40.685455,-73.82477
20186,40.686844,-73.83087
20187,40.68941,-73.81536
20188,40.696465,-73.83017
20189,40.692993,-73.825005
20190,40.691296,-73.81455
20191,40.68524,-73.814255
20192,40.68714,-73.82936
20193,40.695164,-73.818565
20194,40.69084,-73.817215
20195,40.60676,-73.90312
20196,40.614372,-73.92173
20197,40.615658,-73.92041
20198,40.621445,-73.91131
20199,40.613995,-73.92229
20200,40.61709,-73.915184
20201,40.616287,-73.924934
20202,40.60613,-73.90299
20203,40.613995,-73.92229
20204,40.60852,-73.92241
20205,40.60726,-73.91391
20206,40.61852,-73.91439
20207,40.6101,-73.909676
20208,40.605892,-73.91465
20209,40.61632,-73.9253
20210,40.612183,-73.9089
20211,40.61552,-73.9035
20212,40.621372,-73.92344
20213,40.621166,-73.91815
20214,40.621254,-73.922935
20215,40.615456,-73.910965
20216,40.619766,-73.92241
20217,40.620537,-73.90369
20218,40.620537,-73.90369
20219,40.62059,-73.919975
20220,40.61227,-73.90702
20221,40.613937,-73.91827
20222,40.61402,-73.91966
20223,40.607224,-73.90676
20224,40.619534,-73.92152
20225,40.61899,-73.91444
20226,40.606903,-73.91592
20227,40.610294,-73.914215
20228,40.617672,-73.9159
20229,40.607533,-73.908295
20230,40.685852,-73.82671
20231,40.689465,-73.821014
20232,40.687645,-73.80967
20233,40.69254,-73.82488
20234,40.69563,-73.81475
20235,40.692554,-73.83108
20236,40.6875,-73.82663
20237,40.691257,-73.8155
20238,40.68465,-73.81326
20239,40.696064,-73.81732
20240,40.69016,-73.83193
20241,40.687363,-73.818054
20242,40.692062,-73.81396
20243,40.694233,-73.81406
20244,40.69342,-73.83132
20245,40.69209,-73.81382
20246,40.69557,-73.815094
20247,40.68878,-73.83017
20248,40.69299,-73.81532
20249,40.694183,-73.81403
20250,40.69272,-73.83116
20251,40.687153,-73.83145
20252,40.693874,-73.82726
20253,40.685272,-73.82751
20254,40.693726,-73.81574
20255,40.692406,-73.81159
20256,40.691174,-73.8217
20257,40.685547,-73.8144
20258,40.693783,-73.81034
20259,40.690514,-73.83009
20260,40.684937,-73.81873
20261,40.685333,-73.81893
20262,40.618618,-73.9165
20263,40.62136,-73.91604
20264,40.619766,-73.901985
20265,40.618664,-73.91161
20266,40.609898,-73.90352
20267,40.617615,-73.92312
20268,40.613945,-73.919174
20269,40.614246,-73.91975
20270,40.621113,-73.9143
20271,40.61287,-73.90855
20272,40.621273,-73.91594
20273,40.617756,-73.914375
20274,40.60683,-73.92522
20275,40.61385,-73.919945
20276,40.62111,-73.91426
20277,40.60794,-73.906525
20278,40.6143,-73.90212
20279,40.61468,-73.90735
20280,40.614246,-73.91975
20281,40.613945,-73.919174
20282,40.61566,-73.9112
20283,40.60682,-73.90655
20284,40.608856,-73.912926
20285,40.610207,-73.91065
20286,40.61737,-73.91311
20287,40.684753,-73.81864
20288,40.695625,-73.829704
20289,40.684654,-73.82016
20290,40.684826,-73.817726
20291,40.688755,-73.82068
20292,40.695415,-73.8165
20293,40.689552,-73.81276
20294,40.690414,-73.81509
20295,40.693146,-73.82756
20296,40.690964,-73.819405
20297,40.690163,-73.81035
20298,40.68919,-73.81152
20299,40.695404,-73.82628
20300,40.68951,-73.81274
20301,40.69045,-73.831924
20302,40.69492,-73.81058
20303,40.68694,-73.8103
20304,40.686005,-73.81146
20305,40.686005,-73.81146
20306,40.691578,-73.81661
20307,40.692932,-73.81277
20308,40.691895,-73.81913
20309,40.687733,-73.81646
20310,40.686344,-73.81942
20311,40.687588,-73.81905
20312,40.686047,-73.8249
20313,40.693882,-73.82723
20314,40.69172,-73.83031
20315,40.692707,-73.811745
20316,40.691925,-73.81678
20317,40.69509,-73.8097
20318,40.692707,-73.811745
20319,40.609726,-73.92354
20320,40.621464,-73.91559
20321,40.614704,-73.90136
20322,40.618244,-73.91115
20323,40.61228,-73.90623
20324,40.620625,-73.90794
20325,40.619087,-73.90746
20326,40.604534,-73.909706
20327,40.618683,-73.90815
20328,40.613308,-73.90227
20329,40.61879,-73.905045
20330,40.621246,-73.91408
20331,40.620625,-73.90794
20332,40.61902,-73.90494
20333,40.614777,-73.9122
20334,40.606197,-73.91121
20335,40.61914,-73.907524
20336,40.607742,-73.90901
20337,40.60793,-73.90279
20338,40.61752,-73.92543
20339,40.60919,-73.90776
20340,40.61531,-73.90278
20341,40.618935,-73.905205
20342,40.62039,-73.921906
20343,40.61868,-73.91883
20344,40.620712,-73.910545
20345,40.621204,-73.90583
20346,40.60903,-73.91076
20347,40.617874,-73.91874
20348,40.617985,-73.90198
20349,40.610966,-73.91127
20350,40.617367,-73.92311
20351,40.61584,-73.8997
20352,40.614273,-73.91864
20353,40.720055,-73.85462
20354,40.72219,-73.849144
20355,40.722153,-73.84926
20356,40.71882,-73.84505
20357,40.720108,-73.8526
20358,40.72109,-73.850945
20359,40.72219,-73.849144
20360,40.719414,-73.84526
20361,40.721214,-73.85157
20362,40.72219,-73.849144
20363,40.71882,-73.84505
20364,40.719166,-73.84627
20365,40.72219,-73.849144
20366,40.72219,-73.849144
20367,40.72139,-73.84492
20368,40.72131,-73.84501
20369,40.72167,-73.853645
20370,40.721783,-73.85539
20371,40.72219,-73.849144
20372,40.72167,-73.853645
20373,40.722153,-73.84926
20374,40.721783,-73.85539
20375,40.72167,-73.853645
20376,40.72186,-73.85589
20377,40.721478,-73.8465
20378,40.72131,-73.84501
20379,40.71962,-73.84621
20380,40.72167,-73.853645
20381,40.722153,-73.84926
20382,40.71962,-73.84621
20383,40.721336,-73.85595
20384,40.72219,-73.849144
20385,40.721405,-73.852486
20386,40.71752,-73.849846
20387,40.721474,-73.855705
20388,40.613567,-73.95129
20389,40.6201,-73.9705
20390,40.615005,-73.95122
20391,40.611618,-73.965706
20392,40.612934,-73.9622
20393,40.611618,-73.965706
20394,40.614033,-73.9581
20395,40.61155,-73.95656
20396,40.6211,-73.96923
20397,40.6211,-73.96923
20398,40.616688,-73.95658
20399,40.6211,-73.96923
20400,40.61328,-73.950806
20401,40.61152,-73.95718
20402,40.6211,-73.96923
20403,40.6211,-73.96923
20404,40.613426,-73.95945
20405,40.610943,-73.96088
20406,40.610943,-73.96088
20407,40.61211,-73.96892
20408,40.610943,-73.96088
20409,40.611618,-73.965706
20410,40.61211,-73.96892
20411,40.611477,-73.9546
20412,40.62088,-73.95383
20413,40.611618,-73.965706
20414,40.614937,-73.95974
20415,40.619267,-73.95084
20416,40.61609,-73.96483
20417,40.620113,-73.95514
20418,40.614918,-73.95358
20419,40.61155,-73.95656
20420,40.713142,-73.94604
20421,40.722008,-73.943535
20422,40.718185,-73.941414
20423,40.711967,-73.94976
20424,40.721195,-73.94773
20425,40.715637,-73.94549
20426,40.718185,-73.941414
20427,40.714447,-73.94079
20428,40.721096,-73.94738
20429,40.71668,-73.945915
20430,40.72014,-73.94726
20431,40.711926,-73.94537
20432,40.718857,-73.94878
20433,40.713505,-73.944786
20434,40.718895,-73.94153
20435,40.714447,-73.94079
20436,40.712257,-73.943375
20437,40.714367,-73.94353
20438,40.710293,-73.94796
20439,40.712063,-73.9454
20440,40.711926,-73.94537
20441,40.61171,-73.92781
20442,40.61932,-73.93234
20443,40.61015,-73.92969
20444,40.619102,-73.94375
20445,40.609505,-73.92942
20446,40.611275,-73.938385
20447,40.610138,-73.93636
20448,40.61693,-73.933754
20449,40.61443,-73.94793
20450,40.610138,-73.93636
20451,40.61443,-73.94793
20452,40.61255,-73.93782
20453,40.616783,-73.93738
20454,40.61101,-73.93563
20455,40.61394,-73.93692
20456,40.61313,-73.94463
20457,40.617344,-73.943825
20458,40.609318,-73.93684
20459,40.61313,-73.94463
20460,40.619274,-73.94143
20461,40.611416,-73.93978
20462,40.612976,-73.927155
20463,40.609116,-73.928986
20464,40.614517,-73.93624
20465,40.61173,-73.93569
20466,40.685547,-73.96083
20467,40.69217,-73.964195
20468,40.68881,-73.95208
20469,40.691452,-73.958916
20470,40.687965,-73.960205
20471,40.69217,-73.964195
20472,40.690567,-73.96583
20473,40.691452,-73.958916
20474,40.691814,-73.96904
20475,40.687763,-73.966896
20476,40.69257,-73.965195
20477,40.691784,-73.96822
20478,40.691814,-73.96904
20479,40.689793,-73.96281
20480,40.688564,-73.96076
20481,40.69257,-73.965195
20482,40.68802,-73.95899
20483,40.69217,-73.964195
20484,40.688564,-73.96076
20485,40.689793,-73.96281
20486,40.69216,-73.96839
20487,40.691814,-73.96904
20488,40.69217,-73.964195
20489,40.686844,-73.95367
20490,40.694572,-73.970436
20491,40.693874,-73.96433
20492,40.68736,-73.966675
20493,40.684853,-73.9699
20494,40.686962,-73.95263
20495,40.694664,-73.967834
20496,40.693874,-73.96433
20497,40.691814,-73.96904
20498,40.693447,-73.97228
20499,40.694664,-73.967834
20500,40.68727,-73.95718
20501,40.691086,-73.95801
20502,40.685547,-73.96083
20503,40.68731,-73.96711
20504,40.607166,-73.91551
20505,40.621124,-73.90664
20506,40.61413,-73.9223
20507,40.615322,-73.92036
20508,40.615482,-73.900665
20509,40.615425,-73.923256
20510,40.61792,-73.91618
20511,40.61951,-73.9218
20512,40.617428,-73.917465
20513,40.618824,-73.90508
20514,40.615005,-73.91822
20515,40.61516,-73.90942
20516,40.615005,-73.91822
20517,40.608704,-73.90711
20518,40.61838,-73.90486
20519,40.614906,-73.92573
20520,40.618416,-73.914085
20521,40.608425,-73.907166
20522,40.618565,-73.902725
20523,40.613544,-73.92037
20524,40.619823,-73.90657
20525,40.60844,-73.90832
20526,40.614857,-73.91881
20527,40.61456,-73.91989
20528,40.617256,-73.91421
20529,40.606674,-73.90443
20530,40.61413,-73.9223
20531,40.61841,-73.91133
20532,40.618202,-73.9111
20533,40.621002,-73.92002
20534,40.612698,-73.909065
20535,40.61633,-73.926254
20536,40.719215,-73.84627
20537,40.719166,-73.84627
20538,40.72167,-73.853645
20539,40.721264,-73.85542
20540,40.722153,-73.84926
20541,40.721474,-73.855705
20542,40.71922,-73.84568
20543,40.71922,-73.84568
20544,40.721485,-73.84663
20545,40.722317,-73.85497
20546,40.718063,-73.85133
20547,40.719166,-73.84627
20548,40.72219,-73.849144
20549,40.71773,-73.85042
20550,40.722153,-73.84926
20551,40.719185,-73.84506
20552,40.716843,-73.85516
20553,40.721584,-73.85466
20554,40.71962,-73.84621
20555,40.719185,-73.84506
20556,40.716843,-73.85516
20557,40.717384,-73.84947
20558,40.72219,-73.849144
20559,40.71962,-73.84621
20560,40.718216,-73.85025
20561,40.716705,-73.84964
20562,40.719185,-73.84506
20563,40.71882,-73.84505
20564,40.72159,-73.846115
20565,40.72149,-73.853546
20566,40.718216,-73.85025
20567,40.71907,-73.85409
20568,40.72219,-73.849144
20569,40.718704,-73.84548
20570,40.71882,-73.84505
20571,40.69216,-73.96839
20572,40.693874,-73.96433
20573,40.68709,-73.96756
20574,40.690567,-73.96583
20575,40.687225,-73.966965
20576,40.68482,-73.96661
20577,40.685627,-73.96157
20578,40.68986,-73.965775
20579,40.69432,-73.96869
20580,40.687225,-73.966965
20581,40.691513,-73.95682
20582,40.69217,-73.964195
20583,40.685547,-73.96083
20584,40.69339,-73.96854
20585,40.6858,-73.96098
20586,40.691513,-73.95682
20587,40.68711,-73.95804
20588,40.688564,-73.96076
20589,40.69217,-73.964195
20590,40.691612,-73.954315
20591,40.69672,-73.96787
20592,40.685696,-73.96393
20593,40.68671,-73.957306
20594,40.69217,-73.964195
20595,40.693516,-73.96857
20596,40.685627,-73.95963
20597,40.686344,-73.9673
20598,40.690567,-73.96583
20599,40.687767,-73.95871
20600,40.69217,-73.964195
20601,40.69257,-73.965195
20602,40.69257,-73.965195
20603,40.68704,-73.96097
20604,40.68557,-73.96864
20605,40.693966,-73.968636
20606,40.689453,-73.95302
20607,40.691467,-73.95886
20608,40.692047,-73.96842
20609,40.69029,-73.95653
20610,40.69217,-73.964195
20611,40.68849,-73.96734
20612,40.690567,-73.96583
20613,40.691814,-73.96904
20614,40.687763,-73.966896
20615,40.690567,-73.96583
20616,40.685547,-73.96083
20617,40.694958,-73.967896
20618,40.694958,-73.967896
20619,40.690838,-73.9717
20620,40.69257,-73.965195
20621,40.687103,-73.96737
20622,40.687794,-73.95849
20623,40.687103,-73.96737
20624,40.691277,-73.972626
20625,40.69255,-73.95504
20626,40.69442,-73.96942
20627,40.69442,-73.96942
20628,40.685825,-73.951836
20629,40.68731,-73.96711
20630,40.6949,-73.955505
20631,40.69257,-73.965195
20632,40.686317,-73.97109
20633,40.686485,-73.96981
20634,40.685696,-73.96393
20635,40.69217,-73.964195
20636,40.68904,-73.966515
20637,40.687225,-73.966965
20638,40.697144,-73.95789
20639,40.687103,-73.96737
20640,40.692394,-73.96906
20641,40.691814,-73.96904
20642,40.685654,-73.96193
20643,40.687103,-73.96737
20644,40.685375,-73.95615
20645,40.690025,-73.96776
20646,40.69364,-73.9726
20647,40.690567,-73.96583
20648,40.691814,-73.96904
20649,40.693787,-73.96487
20650,40.69216,-73.96839
20651,40.69217,-73.964195
20652,40.68734,-73.956635
20653,40.688393,-73.962234
20654,40.68904,-73.966515
20655,40.693966,-73.968636
20656,40.69224,-73.96813
20657,40.689995,-73.95236
20658,40.69224,-73.96813
20659,40.69171,-73.968285
20660,40.68558,-73.95161
20661,40.68467,-73.95985
20662,40.68818,-73.96163
20663,40.68776,-73.97194
20664,40.68788,-73.95746
20665,40.69216,-73.96839
20666,40.69271,-73.96847
20667,40.690567,-73.96583
20668,40.691814,-73.96904
20669,40.686344,-73.96049
20670,40.6946,-73.96783
20671,40.69224,-73.96813
20672,40.68731,-73.96711
20673,40.68725,-73.968185
20674,40.691814,-73.96904
20675,40.69217,-73.964195
20676,40.691814,-73.96904
20677,40.69217,-73.964195
20678,40.687244,-73.968185
20679,40.695423,-73.955475
20680,40.69207,-73.96023
20681,40.69217,-73.964195
20682,40.68881,-73.95208
20683,40.687244,-73.968185
20684,40.69224,-73.96813
20685,40.69094,-73.957596
20686,40.687103,-73.96737
20687,40.685974,-73.95791
20688,40.690567,-73.96583
20689,40.69404,-73.96285
20690,40.6949,-73.955505
20691,40.686737,-73.95055
20692,40.687054,-73.95832
20693,40.692047,-73.96842
20694,40.694225,-73.9694
20695,40.69442,-73.96942
20696,40.6947,-73.96982
20697,40.69217,-73.964195
20698,40.693874,-73.96433
20699,40.693874,-73.96433
20700,40.687244,-73.968185
20701,40.685547,-73.96083
20702,40.69442,-73.96942
20703,40.687103,-73.96737
20704,40.69217,-73.964195
20705,40.693874,-73.96433
20706,40.6949,-73.955505
20707,40.687225,-73.966965
20708,40.68704,-73.95846
20709,40.68711,-73.95804
20710,40.69224,-73.96813
20711,40.687103,-73.96737
20712,40.688477,-73.95902
20713,40.69217,-73.964195
20714,40.691814,-73.96904
20715,40.69224,-73.96813
20716,40.69045,-73.95132
20717,40.687244,-73.968185
20718,40.69224,-73.96813
20719,40.689793,-73.96281
20720,40.687897,-73.97309
20721,40.687244,-73.968185
20722,40.692944,-73.96827
20723,40.69217,-73.964195
20724,40.691814,-73.96904
20725,40.691814,-73.96904
20726,40.687103,-73.96737
20727,40.68904,-73.95697
20728,40.689453,-73.95302
20729,40.692047,-73.96842
20730,40.691814,-73.96904
20731,40.688477,-73.95902
20732,40.687325,-73.95849
20733,40.684628,-73.96962
20734,40.692303,-73.9573
20735,40.687244,-73.968185
20736,40.68704,-73.95846
20737,40.687244,-73.968185
20738,40.68788,-73.95746
20739,40.69216,-73.96839
20740,40.688126,-73.96818
20741,40.687244,-73.968185
20742,40.685696,-73.97007
20743,40.691452,-73.958916
20744,40.686302,-73.95476
20745,40.69224,-73.96813
20746,40.68731,-73.96711
20747,40.68467,-73.95985
20748,40.687206,-73.960175
20749,40.685547,-73.96083
20750,40.687542,-73.95414
20751,40.69257,-73.965195
20752,40.689083,-73.953735
20753,40.685825,-73.951836
20754,40.691814,-73.96904
20755,40.69448,-73.966415
20756,40.69257,-73.965195
20757,40.68731,-73.96711
20758,40.68983,-73.97242
20759,40.691814,-73.96904
20760,40.690567,-73.96583
20761,40.69452,-73.96835
20762,40.69224,-73.96813
20763,40.685547,-73.96864
20764,40.68711,-73.95804
20765,40.69257,-73.965195
20766,40.687805,-73.958374
20767,40.69394,-73.96374
20768,40.68482,-73.96661
20769,40.692047,-73.96842
20770,40.687794,-73.95849
20771,40.620823,-73.923836
20772,40.618385,-73.9167
20773,40.615856,-73.90216
20774,40.61745,-73.9231
20775,40.613716,-73.92225
20776,40.621265,-73.90695
20777,40.613716,-73.92225
20778,40.61348,-73.9203
20779,40.61821,-73.91474
20780,40.606865,-73.91508
20781,40.615574,-73.903564
20782,40.61847,-73.90432
20783,40.60682,-73.90655
20784,40.61591,-73.90222
20785,40.616264,-73.91821
20786,40.616924,-73.90459
20787,40.6106,-73.90948
20788,40.614597,-73.92209
20789,40.61431,-73.9179
20790,40.616505,-73.91729
20791,40.61434,-73.91085
20792,40.60903,-73.91372
20793,40.620373,-73.92479
20794,40.60628,-73.91454
20795,40.60456,-73.9113
20796,40.621155,-73.92004
20797,40.620583,-73.90289
20798,40.619102,-73.902565
20799,40.610085,-73.91392
20800,40.621292,-73.90747
20801,40.614292,-73.91968
20802,40.618183,-73.91363
20803,40.614902,-73.92281
20804,40.61432,-73.91828
20805,40.613945,-73.919174
20806,40.616093,-73.91856
20807,40.6721,-73.94707
20808,40.67393,-73.93167
20809,40.679314,-73.93951
20810,40.674946,-73.94019
20811,40.683308,-73.941185
20812,40.67934,-73.94001
20813,40.678406,-73.9351
20814,40.6721,-73.94707
20815,40.68442,-73.9316
20816,40.68124,-73.94624
20817,40.67721,-73.94583
20818,40.68052,-73.947945
20819,40.6721,-73.94707
20820,40.677013,-73.94815
20821,40.67721,-73.94583
20822,40.6721,-73.94707
20823,40.684265,-73.937004
20824,40.682755,-73.94345
20825,40.682755,-73.94345
20826,40.67216,-73.93626
20827,40.6721,-73.94707
20828,40.673798,-73.926704
20829,40.676586,-73.94913
20830,40.682755,-73.94345
20831,40.68393,-73.92901
20832,40.68007,-73.94807
20833,40.683228,-73.929115
20834,40.675797,-73.94004
20835,40.673122,-73.94771
20836,40.684277,-73.9499
20837,40.680725,-73.94928
20838,40.67379,-73.92901
20839,40.6721,-73.94707
20840,40.68239,-73.93624
20841,40.6721,-73.94707
20842,40.683308,-73.941185
20843,40.6721,-73.94707
20844,40.68028,-73.93258
20845,40.687763,-73.966896
20846,40.691082,-73.95763
20847,40.685547,-73.96083
20848,40.69404,-73.96285
20849,40.686913,-73.95654
20850,40.693787,-73.96487
20851,40.685547,-73.96083
20852,40.687244,-73.968185
20853,40.602177,-73.953835
20854,40.598927,-73.953285
20855,40.601044,-73.96433
20856,40.601044,-73.96433
20857,40.607784,-73.95547
20858,40.60416,-73.95935
20859,40.599457,-73.96055
20860,40.601044,-73.96433
20861,40.604748,-73.969345
20862,40.60474,-73.969406
20863,40.601852,-73.95377
20864,40.60219,-73.97084
20865,40.601044,-73.96433
20866,40.60042,-73.96009
20867,40.603687,-73.952225
20868,40.60165,-73.9716
20869,40.602127,-73.97078
20870,40.60424,-73.96027
20871,40.605938,-73.95841
20872,40.606586,-73.9605
20873,40.60486,-73.96398
20874,40.607674,-73.95032
20875,40.60379,-73.95318
20876,40.603687,-73.952225
20877,40.606182,-73.97006
20878,40.601578,-73.9634
20879,40.602165,-73.971115
20880,40.607784,-73.95547
20881,40.607784,-73.95547
20882,40.59873,-73.95966
20883,40.60332,-73.95773
20884,40.60219,-73.97084
20885,40.60182,-73.97106
20886,40.604527,-73.965904
20887,40.60745,-73.97134
20888,40.69302,-73.96761
20889,40.689827,-73.972496
20890,40.685112,-73.97107
20891,40.69217,-73.964195
20892,40.685547,-73.96083
20893,40.6946,-73.96783
20894,40.69339,-73.96854
20895,40.69257,-73.965195
20896,40.685123,-73.97077
20897,40.687225,-73.966965
20898,40.68731,-73.96711
20899,40.69302,-73.96761
20900,40.691452,-73.958916
20901,40.684628,-73.96962
20902,40.68506,-73.96554
20903,40.693787,-73.96487
20904,40.692127,-73.97014
20905,40.691784,-73.96822
20906,40.691784,-73.96822
20907,40.687225,-73.966965
20908,40.69124,-73.955795
20909,40.686485,-73.966866
20910,40.692467,-73.95448
20911,40.693787,-73.96487
20912,40.68751,-73.97187
20913,40.68828,-73.9673
20914,40.693787,-73.96487
20915,40.69282,-73.97247
20916,40.691082,-73.95763
20917,40.69637,-73.9728
20918,40.692944,-73.96827
20919,40.693787,-73.96487
20920,40.69638,-73.95571
20921,40.69094,-73.957596
20922,40.693787,-73.96487
20923,40.687103,-73.96737
20924,40.687244,-73.968185
20925,40.693787,-73.96487
20926,40.575466,-73.96664
20927,40.5754,-73.96267
20928,40.57575,-73.967926
20929,40.578403,-73.97196
20930,40.5774,-73.95718
20931,40.579216,-73.97132
20932,40.577442,-73.9564
20933,40.575863,-73.95721
20934,40.57948,-73.97014
20935,40.5754,-73.96268
20936,40.576748,-73.972786
20937,40.5822,-73.95765
20938,40.578365,-73.97337
20939,40.575302,-73.96803
20940,40.577442,-73.9564
20941,40.57639,-73.96435
20942,40.578365,-73.97337
20943,40.577538,-73.95869
20944,40.578365,-73.97337
20945,40.578365,-73.97337
20946,40.902325,-73.88853
20947,40.905277,-73.90321
20948,40.905346,-73.89666
20949,40.906563,-73.90659
20950,40.906563,-73.90659
20951,40.90821,-73.905495
20952,40.910393,-73.8991
20953,40.906563,-73.90659
20954,40.90821,-73.905495
20955,40.904762,-73.90519
20956,40.909958,-73.89922
20957,40.9052,-73.9061
20958,40.907265,-73.89893
20959,40.905346,-73.89666
20960,40.90821,-73.905495
20961,40.906563,-73.90659
20962,40.906563,-73.90659
20963,40.903767,-73.89769
20964,40.902325,-73.88853
20965,40.906563,-73.90659
20966,40.907295,-73.90857
20967,40.906563,-73.90659
20968,40.90685,-73.897255
20969,40.902325,-73.88853
20970,40.902058,-73.900055
20971,40.902058,-73.900055
20972,40.902058,-73.900055
20973,40.906693,-73.906364
20974,40.902058,-73.900055
20975,40.902058,-73.900055
20976,40.902058,-73.900055
20977,40.902058,-73.900055
20978,40.902058,-73.900055
20979,40.90341,-73.900536
20980,40.904762,-73.90519
20981,40.902058,-73.900055
20982,40.904556,-73.905945
20983,40.90341,-73.900536
20984,40.909164,-73.9056
20985,40.904762,-73.90519
20986,40.909164,-73.9056
20987,40.587006,-73.940155
20988,40.58657,-73.94952
20989,40.58657,-73.94952
20990,40.58391,-73.94238
20991,40.58657,-73.94952
20992,40.585052,-73.93831
20993,40.584213,-73.939125
20994,40.590424,-73.93595
20995,40.58629,-73.9424
20996,40.587383,-73.94875
20997,40.59598,-73.94904
20998,40.588924,-73.94338
20999,40.587383,-73.94875
21000,40.583942,-73.94208
21001,40.586334,-73.945
21002,40.59037,-73.93658
21003,40.59165,-73.94285
21004,40.589195,-73.94096
21005,40.58657,-73.94952
21006,40.5927,-73.93925
21007,40.586334,-73.945
21008,40.58933,-73.949905
21009,40.586334,-73.945
21010,40.586506,-73.94506
21011,40.58449,-73.93147
21012,40.58933,-73.949905
21013,40.58556,-73.94656
21014,40.587692,-73.926575
21015,40.67886,-73.96382
21016,40.676525,-73.96216
21017,40.679893,-73.96391
21018,40.67449,-73.96405
21019,40.68147,-73.97233
21020,40.67383,-73.9536
21021,40.674503,-73.97286
21022,40.676525,-73.96216
21023,40.68144,-73.97225
21024,40.67468,-73.95256
21025,40.672966,-73.96052
21026,40.67471,-73.96738
21027,40.683765,-73.95685
21028,40.675056,-73.96889
21029,40.67355,-73.964096
21030,40.67266,-73.96472
21031,40.67616,-73.96036
21032,40.672966,-73.96052
21033,40.672523,-73.95697
21034,40.672966,-73.96052
21035,40.67886,-73.96382
21036,40.678356,-73.96832
21037,40.67456,-73.96777
21038,40.678356,-73.96832
21039,40.68401,-73.95763
21040,40.672638,-73.97144
21041,40.67886,-73.96382
21042,40.675556,-73.96925
21043,40.67567,-73.97087
21044,40.682446,-73.95903
21045,40.677643,-73.96108
21046,40.67886,-73.96382
21047,40.681877,-73.96417
21048,40.676483,-73.96892
21049,40.676228,-73.97292
21050,40.673775,-73.95616
21051,40.67886,-73.96382
21052,40.673462,-73.97222
21053,40.673122,-73.97144
21054,40.674427,-73.96854
21055,40.677265,-73.97014
21056,40.677265,-73.97014
21057,40.6758,-73.97022
21058,40.674427,-73.96854
21059,40.67886,-73.96382
21060,40.678158,-73.96317
21061,40.673492,-73.95929
21062,40.67456,-73.96777
21063,40.67226,-73.95099
21064,40.67567,-73.97088
21065,40.682774,-73.95646
21066,40.67225,-73.9631
21067,40.6758,-73.97022
21068,40.673237,-73.96705
21069,40.672024,-73.97269
21070,40.676525,-73.96216
21071,40.67886,-73.96382
21072,40.683395,-73.95422
21073,40.67456,-73.96777
21074,40.67521,-73.967285
21075,40.683384,-73.95444
21076,40.67671,-73.970184
21077,40.675186,-73.96867
21078,40.681767,-73.95388
21079,40.676018,-73.95092
21080,40.67456,-73.96777
21081,40.672565,-73.96419
21082,40.673462,-73.97222
21083,40.67854,-73.96284
21084,40.682533,-73.958435
21085,40.682735,-73.96185
21086,40.673237,-73.96705
21087,40.67521,-73.967285
21088,40.681877,-73.96417
21089,40.681046,-73.954025
21090,40.672966,-73.96052
21091,40.67671,-73.970184
21092,40.68311,-73.96601
21093,40.677128,-73.962906
21094,40.67808,-73.96535
21095,40.681873,-73.96417
21096,40.675243,-73.97334
21097,40.681877,-73.96417
21098,40.67671,-73.970184
21099,40.684128,-73.9667
21100,40.672565,-73.96419
21101,40.682446,-73.95903
21102,40.68314,-73.959595
21103,40.673164,-73.96669
21104,40.674885,-73.96804
21105,40.675533,-73.95089
21106,40.67445,-73.97196
21107,40.67886,-73.96382
21108,40.67707,-73.96477
21109,40.67886,-73.96382
21110,40.678104,-73.96301
21111,40.677586,-73.9719
21112,40.673855,-73.9505
21113,40.673462,-73.97222
21114,40.674046,-73.96366
21115,40.67567,-73.97087
21116,40.675556,-73.96925
21117,40.680046,-73.96394
21118,40.67503,-73.97226
21119,40.68073,-73.97174
21120,40.67277,-73.972534
21121,40.681877,-73.96417
21122,40.682446,-73.95903
21123,40.67279,-73.97182
21124,40.675827,-73.95713
21125,40.677727,-73.96853
21126,40.67986,-73.96468
21127,40.682484,-73.963165
21128,40.67886,-73.96382
21129,40.67335,-73.97337
21130,40.673775,-73.95616
21131,40.67279,-73.97182
21132,40.67456,-73.96777
21133,40.673542,-73.96842
21134,40.67886,-73.96382
21135,40.677265,-73.97014
21136,40.678356,-73.96832
21137,40.67456,-73.96777
21138,40.675465,-73.971954
21139,40.67662,-73.969505
21140,40.676075,-73.97254
21141,40.683777,-73.95674
21142,40.677727,-73.96853
21143,40.678356,-73.9652
21144,40.674168,-73.97177
21145,40.678696,-73.97041
21146,40.684326,-73.964676
21147,40.673462,-73.97222
21148,40.675533,-73.95089
21149,40.680305,-73.9697
21150,40.675556,-73.96925
21151,40.676865,-73.96384
21152,40.677456,-73.96857
21153,40.67662,-73.969505
21154,40.682446,-73.95903
21155,40.67456,-73.96777
21156,40.676228,-73.97292
21157,40.674427,-73.96854
21158,40.67509,-73.95794
21159,40.677197,-73.96981
21160,40.675995,-73.96224
21161,40.676132,-73.95572
21162,40.676487,-73.96892
21163,40.674183,-73.96252
21164,40.6758,-73.97022
21165,40.682735,-73.96185
21166,40.67335,-73.97337
21167,40.674664,-73.9725
21168,40.681038,-73.96165
21169,40.675148,-73.96041
21170,40.674885,-73.96804
21171,40.680714,-73.96825
21172,40.67708,-73.973366
21173,40.67257,-73.97127
21174,40.684338,-73.96859
21175,40.675804,-73.97022
21176,40.67335,-73.97337
21177,40.675243,-73.97334
21178,40.67335,-73.97337
21179,40.681488,-73.97297
21180,40.680904,-73.95813
21181,40.674664,-73.9725
21182,40.67752,-73.95188
21183,40.673958,-73.9532
21184,40.67456,-73.96777
21185,40.672092,-73.97183
21186,40.676075,-73.97254
21187,40.680405,-73.96399
21188,40.6758,-73.97022
21189,40.677357,-73.97059
21190,40.67567,-73.97087
21191,40.674427,-73.96854
21192,40.67251,-73.96312
21193,40.680878,-73.96003
21194,40.67521,-73.967285
21195,40.67889,-73.964485
21196,40.67567,-73.97087
21197,40.682835,-73.95191
21198,40.67951,-73.96743
21199,40.67355,-73.964096
21200,40.67886,-73.96382
21201,40.67274,-73.965065
21202,40.672256,-73.95099
21203,40.67449,-73.96405
21204,40.67335,-73.97337
21205,40.676365,-73.972466
21206,40.67886,-73.96382
21207,40.675243,-73.96845
21208,40.67226,-73.95099
21209,40.676365,-73.972466
21210,40.680714,-73.96825
21211,40.67449,-73.96405
21212,40.67886,-73.96382
21213,40.679893,-73.96391
21214,40.682964,-73.96292
21215,40.681488,-73.97297
21216,40.67445,-73.97196
21217,40.68236,-73.967415
21218,40.68305,-73.966095
21219,40.67801,-73.96537
21220,40.675278,-73.97141
21221,40.676624,-73.965256
21222,40.67395,-73.96264
21223,40.672565,-73.96419
21224,40.67335,-73.97337
21225,40.68069,-73.954765
21226,40.675888,-73.95099
21227,40.68147,-73.97233
21228,40.67335,-73.97337
21229,40.682735,-73.96185
21230,40.68004,-73.9626
21231,40.67509,-73.95794
21232,40.676483,-73.96892
21233,40.67522,-73.972534
21234,40.672688,-73.96204
21235,40.67522,-73.972534
21236,40.682964,-73.965546
21237,40.67248,-73.960625
21238,40.673615,-73.9644
21239,40.67567,-73.97087
21240,40.67567,-73.97087
21241,40.67671,-73.970184
21242,40.6741,-73.9636
21243,40.67886,-73.96382
21244,40.672287,-73.970955
21245,40.673756,-73.971695
21246,40.675056,-73.96889
21247,40.67671,-73.970184
21248,40.684185,-73.957184
21249,40.681877,-73.96417
21250,40.673756,-73.971695
21251,40.67567,-73.97087
21252,40.675148,-73.96041
21253,40.672565,-73.96419
21254,40.67562,-73.950264
21255,40.67708,-73.973366
21256,40.67225,-73.9631
21257,40.672215,-73.95484
21258,40.674324,-73.96263
21259,40.674335,-73.972725
21260,40.67886,-73.96382
21261,40.675243,-73.97334
21262,40.67509,-73.95794
21263,40.672565,-73.96419
21264,40.673103,-73.96635
21265,40.67225,-73.9631
21266,40.67471,-73.96738
21267,40.675278,-73.97141
21268,40.681488,-73.97297
21269,40.683266,-73.97333
21270,40.68305,-73.966095
21271,40.67596,-73.96209
21272,40.6758,-73.97022
21273,40.67308,-73.97258
21274,40.680347,-73.944496
21275,40.683907,-73.936134
21276,40.677826,-73.94872
21277,40.676556,-73.93626
21278,40.674362,-73.94029
21279,40.683174,-73.94649
21280,40.675545,-73.929886
21281,40.68251,-73.939224
21282,40.679462,-73.94214
21283,40.683174,-73.94649
21284,40.684395,-73.93586
21285,40.673824,-73.92965
21286,40.67837,-73.94339
21287,40.678375,-73.94346
21288,40.673717,-73.92694
21289,40.683983,-73.93621
21290,40.67428,-73.94551
21291,40.682217,-73.93772
21292,40.672832,-73.93446
21293,40.68272,-73.948364
21294,40.681416,-73.94474
21295,40.677322,-73.939514
21296,40.683178,-73.94649
21297,40.67567,-73.97087
21298,40.683468,-73.9505
21299,40.68305,-73.966095
21300,40.673237,-73.96705
21301,40.676132,-73.95572
21302,40.673164,-73.96669
21303,40.675556,-73.96925
21304,40.683395,-73.95422
21305,40.683804,-73.96318
21306,40.678356,-73.9652
21307,40.677715,-73.96304
21308,40.67266,-73.96472
21309,40.672565,-73.96419
21310,40.67509,-73.95794
21311,40.683804,-73.96318
21312,40.67468,-73.96228
21313,40.677265,-73.97014
21314,40.67266,-73.96472
21315,40.67274,-73.965065
21316,40.682735,-73.96185
21317,40.67266,-73.96472
21318,40.676243,-73.95993
21319,40.672024,-73.97269
21320,40.6731,-73.965965
21321,40.67266,-73.96472
21322,40.67337,-73.971985
21323,40.67471,-73.96738
21324,40.67335,-73.97337
21325,40.677265,-73.97014
21326,40.676243,-73.95993
21327,40.683662,-73.96315
21328,40.67337,-73.971985
21329,40.683662,-73.96315
21330,40.681877,-73.96417
21331,40.838264,-73.820496
21332,40.829674,-73.814896
21333,40.840164,-73.82303
21334,40.841988,-73.82646
21335,40.827873,-73.82043
21336,40.83354,-73.81694
21337,40.845566,-73.82652
21338,40.841988,-73.82646
21339,40.83402,-73.819984
21340,40.8298,-73.8304
21341,40.845566,-73.82652
21342,40.83507,-73.829506
21343,40.83821,-73.821915
21344,40.827995,-73.81158
21345,40.837986,-73.82904
21346,40.828793,-73.815155
21347,40.845566,-73.82652
21348,40.844585,-73.787186
21349,40.829155,-73.822655
21350,40.828083,-73.811905
21351,40.836372,-73.81874
21352,40.83413,-73.821594
21353,40.845566,-73.82652
21354,40.836525,-73.8236
21355,40.844128,-73.83073
21356,40.832314,-73.827225
21357,40.83246,-73.815636
21358,40.845207,-73.815506
21359,40.83413,-73.821594
21360,40.839333,-73.821045
21361,40.835552,-73.82153
21362,40.848488,-73.78809
21363,40.68251,-73.95988
21364,40.67886,-73.96382
21365,40.673237,-73.96705
21366,40.673103,-73.96635
21367,40.67468,-73.96228
21368,40.6758,-73.97022
21369,40.674335,-73.96345
21370,40.679794,-73.965355
21371,40.679794,-73.965355
21372,40.6758,-73.97022
21373,40.672287,-73.971306
21374,40.672405,-73.971634
21375,40.682964,-73.965546
21376,40.678734,-73.96423
21377,40.676132,-73.95572
21378,40.675056,-73.96889
21379,40.68099,-73.95998
21380,40.681877,-73.96417
21381,40.67449,-73.96405
21382,40.67405,-73.95041
21383,40.664898,-73.84944
21384,40.665382,-73.85584
21385,40.65311,-73.845924
21386,40.66951,-73.837814
21387,40.668747,-73.83906
21388,40.669098,-73.83968
21389,40.664898,-73.84944
21390,40.66704,-73.84385
21391,40.653164,-73.83347
21392,40.661552,-73.84569
21393,40.657272,-73.85142
21394,40.657818,-73.8463
21395,40.655758,-73.849655
21396,40.66677,-73.847626
21397,40.666412,-73.84813
21398,40.6579,-73.85389
21399,40.65516,-73.85156
21400,40.66914,-73.87007
21401,40.671333,-73.839
21402,40.657795,-73.83733
21403,40.66831,-73.846924
21404,40.666737,-73.85341
21405,40.65767,-73.87704
21406,40.667515,-73.84736
21407,40.66677,-73.847626
21408,40.669273,-73.86973
21409,40.668842,-73.84905
21410,40.66595,-73.84644
21411,40.666428,-73.84582
21412,40.65763,-73.87827
21413,40.657665,-73.87704
21414,40.658504,-73.84455
21415,40.666412,-73.84813
21416,40.668503,-73.839005
21417,40.67405,-73.95041
21418,40.674168,-73.97177
21419,40.678356,-73.9652
21420,40.68099,-73.95998
21421,40.684452,-73.95492
21422,40.6749,-73.9533
21423,40.673122,-73.97144
21424,40.67355,-73.964096
21425,40.683395,-73.95422
21426,40.68389,-73.95321
21427,40.680714,-73.96825
21428,40.682735,-73.96185
21429,40.67708,-73.973366
21430,40.67708,-73.973366
21431,40.67662,-73.969505
21432,40.67208,-73.97173
21433,40.67756,-73.96698
21434,40.674168,-73.97177
21435,40.67443,-73.96854
21436,40.681805,-73.95185
21437,40.68305,-73.966095
21438,40.681805,-73.95185
21439,40.67269,-73.96345
21440,40.674046,-73.96366
21441,40.67274,-73.965065
21442,40.67376,-73.96815
21443,40.67456,-73.96777
21444,40.673756,-73.971695
21445,40.68305,-73.966095
21446,40.68459,-73.95014
21447,40.67886,-73.96382
21448,40.67886,-73.96382
21449,40.67756,-73.96698
21450,40.674885,-73.96804
21451,40.67468,-73.96228
21452,40.682835,-73.95191
21453,40.673756,-73.971695
21454,40.67808,-73.96535
21455,40.83861,-73.85652
21456,40.839966,-73.85941
21457,40.83611,-73.85893
21458,40.84057,-73.85886
21459,40.84617,-73.83285
21460,40.828762,-73.87173
21461,40.84763,-73.85392
21462,40.829277,-73.85585
21463,40.84057,-73.85886
21464,40.83861,-73.85652
21465,40.84081,-73.856445
21466,40.837673,-73.86199
21467,40.84043,-73.85458
21468,40.84237,-73.86986
21469,40.83861,-73.85652
21470,40.83861,-73.85652
21471,40.840225,-73.85961
21472,40.83651,-73.859566
21473,40.84057,-73.85886
21474,40.843563,-73.855064
21475,40.8385,-73.86268
21476,40.837673,-73.86199
21477,40.83722,-73.834595
21478,40.84057,-73.85886
21479,40.84057,-73.85886
21480,40.837673,-73.86199
21481,40.8466,-73.85217
21482,40.83611,-73.85893
21483,40.847164,-73.86092
21484,40.831852,-73.858635
21485,40.84057,-73.85886
21486,40.837673,-73.86199
21487,40.83611,-73.85893
21488,40.84753,-73.83463
21489,40.834534,-73.86068
21490,40.84057,-73.85886
21491,40.836136,-73.83266
21492,40.83861,-73.85652
21493,40.577885,-73.83668
21494,40.574444,-73.86061
21495,40.57438,-73.860695
21496,40.60259,-73.8221
21497,40.57209,-73.85237
21498,40.595913,-73.79969
21499,40.576023,-73.840515
21500,40.576225,-73.84064
21501,40.609093,-73.817894
21502,40.583767,-73.82411
21503,40.57652,-73.84198
21504,40.58897,-73.80653
21505,40.58964,-73.79244
21506,40.580807,-73.8511
21507,40.606518,-73.8188
21508,40.577286,-73.838165
21509,40.5894,-73.807205
21510,40.57878,-73.85682
21511,40.57878,-73.85682
21512,40.579243,-73.84713
21513,40.600124,-73.820244
21514,40.58639,-73.8156
21515,40.580795,-73.85108
21516,40.575474,-73.84216
21517,40.57652,-73.84198
21518,40.577927,-73.83672
21519,40.577576,-73.83743
21520,40.5894,-73.807205
21521,40.5935,-73.79502
21522,40.584843,-73.814095
21523,40.57386,-73.86331
21524,40.57459,-73.85381
21525,40.837677,-73.86199
21526,40.840225,-73.85961
21527,40.83614,-73.85951
21528,40.84711,-73.85299
21529,40.832066,-73.85971
21530,40.846977,-73.86084
21531,40.84097,-73.84542
21532,40.84057,-73.85886
21533,40.83709,-73.86047
21534,40.83861,-73.85652
21535,40.84654,-73.851456
21536,40.83611,-73.85893
21537,40.83611,-73.85893
21538,40.84057,-73.85886
21539,40.83861,-73.85652
21540,40.84057,-73.85886
21541,40.84057,-73.85886
21542,40.834248,-73.86049
21543,40.837673,-73.86199
21544,40.8455,-73.84648
21545,40.83861,-73.85652
21546,40.835968,-73.865326
21547,40.84762,-73.846664
21548,40.834248,-73.86049
21549,40.825947,-73.85257
21550,40.837673,-73.86199
21551,40.84057,-73.85886
21552,40.827145,-73.877594
21553,40.83861,-73.85652
21554,40.84326,-73.834076
21555,40.837254,-73.865234
21556,40.83861,-73.85652
21557,40.831905,-73.84935
21558,40.840878,-73.86192
21559,40.84057,-73.85886
21560,40.84407,-73.84771
21561,40.832066,-73.85971
21562,40.841007,-73.85467
21563,40.84057,-73.85886
21564,40.840034,-73.85804
21565,40.83861,-73.85652
21566,40.828056,-73.85381
21567,40.84057,-73.85886
21568,40.828835,-73.85947
21569,40.837353,-73.8585
21570,40.83611,-73.85893
21571,40.84057,-73.85886
21572,40.837673,-73.86199
21573,40.84057,-73.85883
21574,40.84231,-73.833496
21575,40.837673,-73.86199
21576,40.83611,-73.85893
21577,40.8457,-73.86515
21578,40.839058,-73.86007
21579,40.84057,-73.85886
21580,40.843006,-73.83325
21581,40.83861,-73.85652
21582,40.846455,-73.83591
21583,40.824783,-73.8497
21584,40.838852,-73.85737
21585,40.84151,-73.8551
21586,40.84057,-73.85886
21587,40.832066,-73.85971
21588,40.836292,-73.856064
21589,40.828526,-73.84993
21590,40.83635,-73.85946
21591,40.83611,-73.85893
21592,40.84088,-73.85725
21593,40.84057,-73.85886
21594,40.840343,-73.8591
21595,40.837673,-73.86199
21596,40.83861,-73.85652
21597,40.83861,-73.85652
21598,40.839962,-73.86002
21599,40.83861,-73.85652
21600,40.825703,-73.874954
21601,40.84057,-73.85886
21602,40.839058,-73.86007
21603,40.82704,-73.85811
21604,40.839058,-73.86007
21605,40.84057,-73.85886
21606,40.836708,-73.86502
21607,40.61801,-73.92298
21608,40.618984,-73.90735
21609,40.610207,-73.90723
21610,40.608536,-73.91195
21611,40.62126,-73.92489
21612,40.617332,-73.9055
21613,40.606827,-73.90479
21614,40.61584,-73.8997
21615,40.614784,-73.918915
21616,40.614296,-73.91866
21617,40.61959,-73.9068
21618,40.620815,-73.90941
21619,40.62114,-73.906815
21620,40.615242,-73.903305
21621,40.60903,-73.91076
21622,40.60682,-73.90655
21623,40.61456,-73.90072
21624,40.61393,-73.921684
21625,40.615944,-73.91105
21626,40.611065,-73.907364
21627,40.614265,-73.90162
21628,40.613888,-73.91821
21629,40.618153,-73.912285
21630,40.608017,-73.926056
21631,40.618496,-73.91266
21632,40.62122,-73.919106
21633,40.60992,-73.90875
21634,40.605183,-73.91278
21635,40.613888,-73.91821
21636,40.621338,-73.90628
21637,40.61314,-73.91039
21638,40.60903,-73.91076
21639,40.617348,-73.914314
21640,40.613396,-73.92557
21641,40.614124,-73.9177
21642,40.61817,-73.916466
21643,40.617535,-73.92311
21644,40.620438,-73.92538
21645,40.616962,-73.90586
21646,40.587097,-73.91906
21647,40.588104,-73.92332
21648,40.59051,-73.92336
21649,40.587276,-73.92586
21650,40.58639,-73.918816
21651,40.58939,-73.92172
21652,40.58635,-73.925446
21653,40.590027,-73.92541
21654,40.586746,-73.923195
21655,40.586483,-73.92047
21656,40.58693,-73.92578
21657,40.587795,-73.9253
21658,40.58736,-73.92249
21659,40.588486,-73.92239
21660,40.588924,-73.92215
21661,40.58641,-73.91946
21662,40.58689,-73.92051
21663,40.587784,-73.92161
21664,40.58871,-73.92086
21665,40.66688,-73.74507
21666,40.662434,-73.762184
21667,40.65855,-73.73103
21668,40.670662,-73.75893
21669,40.66919,-73.7521
21670,40.671513,-73.73668
21671,40.664616,-73.73232
21672,40.6613,-73.74943
21673,40.652546,-73.74492
21674,40.664722,-73.776886
21675,40.659954,-73.76643
21676,40.669724,-73.72998
21677,40.66382,-73.77375
21678,40.664585,-73.75821
21679,40.661827,-73.75673
21680,40.659946,-73.738464
21681,40.665253,-73.75173
21682,40.66932,-73.76608
21683,40.664536,-73.7438
21684,40.661182,-73.75713
21685,40.66122,-73.76037
21686,40.66466,-73.75594
21687,40.67106,-73.74356
21688,40.65621,-73.750984
21689,40.67105,-73.737686
21690,40.657528,-73.73317
21691,40.664593,-73.73777
21692,40.666706,-73.777405
21693,40.885544,-73.89595
21694,40.878716,-73.902336
21695,40.88253,-73.89506
21696,40.87896,-73.90215
21697,40.88605,-73.89939
21698,40.87428,-73.88376
21699,40.88253,-73.89506
21700,40.87428,-73.88376
21701,40.875195,-73.886475
21702,40.875195,-73.886475
21703,40.876434,-73.885216
21704,40.878716,-73.902336
21705,40.877937,-73.90057
21706,40.882095,-73.89573
21707,40.876945,-73.886215
21708,40.87428,-73.88376
21709,40.88071,-73.89951
21710,40.885185,-73.896935
21711,40.878925,-73.89879
21712,40.880444,-73.89788
21713,40.878925,-73.89879
21714,40.879917,-73.89756
21715,40.883324,-73.90272
21716,40.878925,-73.89879
21717,40.87771,-73.90096
21718,40.878925,-73.89879
21719,40.880733,-73.89693
21720,40.879036,-73.89951
21721,40.876434,-73.885216
21722,40.87896,-73.90215
21723,40.878716,-73.902336
21724,40.882454,-73.896706
21725,40.882454,-73.896706
21726,40.88089,-73.896935
21727,40.884895,-73.89614
21728,40.878716,-73.902336
21729,40.904816,-73.90579
21730,40.89976,-73.9085
21731,40.909164,-73.9056
21732,40.910534,-73.8979
21733,40.90591,-73.89669
21734,40.906563,-73.90659
21735,40.906563,-73.90659
21736,40.90821,-73.905495
21737,40.9052,-73.9061
21738,40.90821,-73.905495
21739,40.906563,-73.90659
21740,40.90476,-73.90761
21741,40.906467,-73.89671
21742,40.906563,-73.90659
21743,40.90821,-73.905495
21744,40.90686,-73.90271
21745,40.90821,-73.905495
21746,40.90821,-73.905495
21747,40.912746,-73.90212
21748,40.90821,-73.905495
21749,40.903477,-73.90028
21750,40.903214,-73.90058
21751,40.909164,-73.9056
21752,40.906467,-73.89671
21753,40.90492,-73.90609
21754,40.909164,-73.9056
21755,40.908398,-73.89678
21756,40.90821,-73.905495
21757,40.909164,-73.9056
21758,40.909164,-73.9056
21759,40.90341,-73.900536
21760,40.90692,-73.89726
21761,40.90585,-73.89819
21762,40.902325,-73.88853
21763,40.906563,-73.90659
21764,40.906563,-73.90659
21765,40.906563,-73.90659
21766,40.90821,-73.905495
21767,40.909164,-73.9056
21768,40.90492,-73.90609
21769,40.904556,-73.905945
21770,40.71025,-73.75734
21771,40.710884,-73.75007
21772,40.720806,-73.75809
21773,40.72116,-73.74404
21774,40.71906,-73.76127
21775,40.71775,-73.74355
21776,40.711937,-73.76065
21777,40.722237,-73.74517
21778,40.710503,-73.74444
21779,40.721504,-73.74562
21780,40.712082,-73.75517
21781,40.719284,-73.75694
21782,40.718033,-73.76158
21783,40.721165,-73.75929
21784,40.71544,-73.73989
21785,40.72078,-73.750725
21786,40.71417,-73.747635
21787,40.712612,-73.75084
21788,40.711224,-73.74096
21789,40.72049,-73.759415
21790,40.71214,-73.74233
21791,40.713196,-73.752365
21792,40.718998,-73.75458
21793,40.716774,-73.758484
21794,40.721638,-73.76074
21795,40.71915,-73.75684
21796,40.71203,-73.752174
21797,40.72118,-73.76191
21798,40.665737,-73.952774
21799,40.66049,-73.946236
21800,40.648865,-73.94496
21801,40.648865,-73.94496
21802,40.671017,-73.97312
21803,40.65348,-73.92796
21804,40.653828,-73.94905
21805,40.658504,-73.96206
21806,40.667248,-73.94766
21807,40.66174,-73.95163
21808,40.64852,-73.9285
21809,40.65863,-73.959465
21810,40.652374,-73.96181
21811,40.66174,-73.95163
21812,40.648827,-73.9362
21813,40.660694,-73.93794
21814,40.656384,-73.95775
21815,40.651142,-73.9471
21816,40.655994,-73.934456
21817,40.656384,-73.95775
21818,40.654816,-73.95854
21819,40.64924,-73.97193
21820,40.650555,-73.943054
21821,40.662235,-73.943634
21822,40.651615,-73.95663
21823,40.66356,-73.94441
21824,40.669895,-73.942764
21825,40.6524,-73.96527
21826,40.64734,-73.96901
21827,40.669895,-73.942764
21828,40.648003,-73.96105
21829,40.668213,-73.93422
21830,40.65293,-73.93665
21831,40.658325,-73.92691
21832,40.653236,-73.944405
21833,40.6524,-73.96527
21834,40.648804,-73.93658
21835,40.66102,-73.95573
21836,40.648922,-73.94408
21837,40.648808,-73.94907
21838,40.64911,-73.960045
21839,40.665905,-73.931656
21840,40.666874,-73.960884
21841,40.65261,-73.94534
21842,40.648922,-73.94408
21843,40.669903,-73.942894
21844,40.653145,-73.956474
21845,40.65325,-73.97306
21846,40.669903,-73.942894
21847,40.652374,-73.96181
21848,40.65158,-73.957405
21849,40.668125,-73.94914
21850,40.6511,-73.93067
21851,40.66012,-73.935616
21852,40.652927,-73.955635
21853,40.648865,-73.94496
21854,40.660965,-73.94487
21855,40.667538,-73.960594
21856,40.66313,-73.953735
21857,40.652374,-73.96181
21858,40.652374,-73.96181
21859,40.648922,-73.94408
21860,40.667217,-73.94701
21861,40.66234,-73.94222
21862,40.665737,-73.952774
21863,40.649227,-73.95353
21864,40.66846,-73.93932
21865,40.664818,-73.93529
21866,40.660366,-73.92794
21867,40.6629,-73.94827
21868,40.665737,-73.952774
21869,40.67112,-73.97232
21870,40.663265,-73.943306
21871,40.664993,-73.926254
21872,40.66999,-73.88562
21873,40.66176,-73.90221
21874,40.671368,-73.89607
21875,40.66795,-73.915825
21876,40.65242,-73.91909
21877,40.669945,-73.90729
21878,40.64761,-73.89086
21879,40.669216,-73.89195
21880,40.66098,-73.88887
21881,40.646835,-73.89
21882,40.656433,-73.88004
21883,40.66771,-73.91774
21884,40.661766,-73.90257
21885,40.66422,-73.91585
21886,40.66715,-73.88315
21887,40.657135,-73.90784
21888,40.65964,-73.90863
21889,40.670532,-73.88198
21890,40.66352,-73.894455
21891,40.666367,-73.89276
21892,40.67148,-73.89063
21893,40.6548,-73.88379
21894,40.665043,-73.89923
21895,40.663197,-73.92607
21896,40.653988,-73.88561
21897,40.6548,-73.88379
21898,40.66164,-73.88827
21899,40.653774,-73.91143
21900,40.65233,-73.91529
21901,40.862427,-73.86239
21902,40.849407,-73.860245
21903,40.86044,-73.846115
21904,40.850502,-73.85726
21905,40.862003,-73.84699
21906,40.865726,-73.85654
21907,40.85194,-73.84894
21908,40.84952,-73.86038
21909,40.854195,-73.86313
21910,40.86346,-73.840126
21911,40.86837,-73.83542
21912,40.853138,-73.863625
21913,40.849373,-73.834305
21914,40.853138,-73.863625
21915,40.86839,-73.86262
21916,40.860268,-73.869804
21917,40.85126,-73.85127
21918,40.86684,-73.84399
21919,40.85059,-73.861176
21920,40.864216,-73.839195
21921,40.86998,-73.837166
21922,40.852264,-73.86511
21923,40.851166,-73.83446
21924,40.853138,-73.863625
21925,40.860268,-73.869804
21926,40.863235,-73.85612
21927,40.86786,-73.85229
21928,40.859234,-73.86907
21929,40.87277,-73.84852
21930,40.859234,-73.86907
21931,40.853397,-73.86532
21932,40.853443,-73.86549
21933,40.858727,-73.86671
21934,40.853443,-73.86549
21935,40.86063,-73.86341
21936,40.853443,-73.86549
21937,40.855564,-73.84949
21938,40.864197,-73.85416
21939,40.87356,-73.843735
21940,40.86395,-73.86234
21941,40.868565,-73.86295
21942,40.656384,-73.95775
21943,40.671482,-73.95196
21944,40.656384,-73.95775
21945,40.65325,-73.97306
21946,40.656384,-73.95775
21947,40.653076,-73.93797
21948,40.65265,-73.94466
21949,40.660824,-73.95419
21950,40.66248,-73.94442
21951,40.647217,-73.96971
21952,40.651,-73.92957
21953,40.65914,-73.95125
21954,40.655056,-73.92907
21955,40.67019,-73.93124
21956,40.65086,-73.931015
21957,40.647007,-73.93211
21958,40.66313,-73.953735
21959,40.657692,-73.95617
21960,40.648197,-73.944786
21961,40.648865,-73.94496
21962,40.653397,-73.957085
21963,40.666874,-73.960884
21964,40.65265,-73.94466
21965,40.661484,-73.94363
21966,40.657692,-73.95617
21967,40.648865,-73.94496
21968,40.661484,-73.94363
21969,40.651684,-73.95779
21970,40.648197,-73.944786
21971,40.651627,-73.95778
21972,40.6691,-73.95823
21973,40.66313,-73.953735
21974,40.649826,-73.94336
21975,40.65078,-73.9412
21976,40.649776,-73.93162
21977,40.659138,-73.94756
21978,40.648197,-73.944786
21979,40.64823,-73.94418
21980,40.651756,-73.95566
21981,40.652374,-73.96181
21982,40.658794,-73.962105
21983,40.656384,-73.95775
21984,40.660313,-73.94389
21985,40.652355,-73.949425
21986,40.649406,-73.936165
21987,40.64924,-73.97193
21988,40.65035,-73.944405
21989,40.651337,-73.927734
21990,40.6605,-73.94681
21991,40.65928,-73.93443
21992,40.65157,-73.95777
21993,40.669785,-73.97302
21994,40.65816,-73.92651
21995,40.648197,-73.944786
21996,40.64942,-73.96181
21997,40.66296,-73.93664
21998,40.65073,-73.92954
21999,40.67021,-73.935814
22000,40.656384,-73.95775
22001,40.66237,-73.95401
22002,40.648445,-73.95892
22003,40.666874,-73.960884
22004,40.653255,-73.97306
22005,40.647217,-73.96971
22006,40.651417,-73.92868
22007,40.667538,-73.960594
22008,40.64823,-73.94418
22009,40.647217,-73.96971
22010,40.65158,-73.957405
22011,40.648197,-73.944786
22012,40.659943,-73.962296
22013,40.66212,-73.9585
22014,40.660553,-73.94596
22015,40.720715,-73.771835
22016,40.722443,-73.76302
22017,40.71328,-73.78428
22018,40.711216,-73.7856
22019,40.72123,-73.7836
22020,40.722034,-73.76879
22021,40.710037,-73.78099
22022,40.72096,-73.766335
22023,40.71535,-73.7754
22024,40.71656,-73.76585
22025,40.715206,-73.76483
22026,40.721947,-73.769966
22027,40.714783,-73.77304
22028,40.717106,-73.77068
22029,40.716587,-73.783516
22030,40.718563,-73.7766
22031,40.715237,-73.782074
22032,40.713608,-73.77562
22033,40.713497,-73.77554
22034,40.722168,-73.76697
22035,40.71231,-73.7671
22036,40.71173,-73.77697
22037,40.719032,-73.774574
22038,40.719,-73.76744
22039,40.71041,-73.78479
22040,40.715508,-73.77078
22041,40.709972,-73.768875
22042,40.717667,-73.76832
22043,40.716995,-73.77973
22044,40.72119,-73.76612
22045,40.72087,-73.76471
22046,40.715694,-73.77661
22047,40.653107,-73.96356
22048,40.658,-73.95267
22049,40.66256,-73.92914
22050,40.648865,-73.94496
22051,40.658794,-73.962105
22052,40.655228,-73.94297
22053,40.651474,-73.940765
22054,40.649403,-73.9618
22055,40.653145,-73.956474
22056,40.661125,-73.95407
22057,40.651688,-73.95492
22058,40.6474,-73.95513
22059,40.649113,-73.962265
22060,40.648922,-73.94408
22061,40.648922,-73.94408
22062,40.654243,-73.95452
22063,40.665737,-73.952774
22064,40.658882,-73.93245
22065,40.65073,-73.93407
22066,40.64979,-73.938675
22067,40.66588,-73.938324
22068,40.648865,-73.94496
22069,40.648922,-73.94408
22070,40.648922,-73.94408
22071,40.661545,-73.95964
22072,40.649406,-73.949104
22073,40.654846,-73.934906
22074,40.6518,-73.93451
22075,40.650745,-73.957016
22076,40.648865,-73.94496
22077,40.665737,-73.952774
22078,40.67172,-73.96029
22079,40.661545,-73.95964
22080,40.670624,-73.94442
22081,40.648197,-73.944786
22082,40.667538,-73.960594
22083,40.665737,-73.952774
22084,40.647102,-73.957794
22085,40.656384,-73.95775
22086,40.67172,-73.96029
22087,40.657692,-73.95617
22088,40.67197,-73.95221
22089,40.649574,-73.927536
22090,40.658283,-73.94714
22091,40.671024,-73.972115
22092,40.64893,-73.9603
22093,40.66304,-73.93544
22094,40.652214,-73.944244
22095,40.66001,-73.94423
22096,40.66186,-73.941986
22097,40.65983,-73.95866
22098,40.65517,-73.95837
22099,40.656384,-73.95775
22100,40.65054,-73.94406
22101,40.6691,-73.95823
22102,40.64823,-73.94418
22103,40.661068,-73.93952
22104,40.648674,-73.947136
22105,40.65925,-73.94771
22106,40.652374,-73.96181
22107,40.656384,-73.95775
22108,40.65925,-73.94771
22109,40.652374,-73.96181
22110,40.64823,-73.94418
22111,40.64838,-73.95948
22112,40.662376,-73.94816
22113,40.648487,-73.96741
22114,40.652374,-73.96181
22115,40.661484,-73.94363
22116,40.660522,-73.95908
22117,40.671017,-73.97312
22118,40.657692,-73.95617
22119,40.652374,-73.96181
22120,40.87845,-73.91858
22121,40.87908,-73.91845
22122,40.885754,-73.913956
22123,40.877422,-73.91809
22124,40.878128,-73.919174
22125,40.883102,-73.92104
22126,40.883003,-73.91113
22127,40.883102,-73.92104
22128,40.885117,-73.91075
22129,40.885754,-73.913956
22130,40.882572,-73.91713
22131,40.878246,-73.91704
22132,40.877396,-73.91825
22133,40.82602,-73.92553
22134,40.82846,-73.92057
22135,40.83367,-73.91254
22136,40.82955,-73.89353
22137,40.82701,-73.898384
22138,40.825283,-73.92548
22139,40.825478,-73.88989
22140,40.83412,-73.89209
22141,40.84114,-73.92155
22142,40.8261,-73.922386
22143,40.82586,-73.92238
22144,40.83015,-73.920135
22145,40.83015,-73.920135
22146,40.829895,-73.896996
22147,40.83015,-73.920135
22148,40.829338,-73.91814
22149,40.82517,-73.92328
22150,40.833855,-73.88636
22151,40.847534,-73.88664
22152,40.848442,-73.90745
22153,40.82517,-73.92328
22154,40.83015,-73.920135
22155,40.83015,-73.920135
22156,40.83015,-73.920135
22157,40.84093,-73.888794
22158,40.829338,-73.91814
22159,40.841885,-73.89232
22160,40.836613,-73.923996
22161,40.840607,-73.88434
22162,40.842323,-73.92342
22163,40.825283,-73.92548
22164,40.831764,-73.89559
22165,40.834496,-73.895134
22166,40.848297,-73.88453
22167,40.84248,-73.883064
22168,40.825283,-73.92548
22169,40.83015,-73.920135
22170,40.842167,-73.88251
22171,40.83619,-73.92432
22172,40.65158,-73.957405
22173,40.671165,-73.93643
22174,40.658,-73.95267
22175,40.648922,-73.94408
22176,40.656013,-73.95827
22177,40.66348,-73.93688
22178,40.64823,-73.94418
22179,40.66234,-73.94222
22180,40.65054,-73.941536
22181,40.653828,-73.94905
22182,40.67001,-73.97282
22183,40.66379,-73.93235
22184,40.648922,-73.94408
22185,40.64863,-73.96744
22186,40.653828,-73.94905
22187,40.64823,-73.94418
22188,40.64863,-73.96744
22189,40.658283,-73.94714
22190,40.66651,-73.94342
22191,40.671165,-73.93643
22192,40.654102,-73.94847
22193,40.655437,-73.93774
22194,40.654816,-73.95854
22195,40.6715,-73.95206
22196,40.65292,-73.93507
22197,40.650616,-73.961525
22198,40.67172,-73.96029
22199,40.647163,-73.9633
22200,40.65997,-73.94487
22201,40.66313,-73.953735
22202,40.670097,-73.931244
22203,40.648247,-73.95788
22204,40.647163,-73.9633
22205,40.64871,-73.969505
22206,40.652374,-73.96181
22207,40.662006,-73.95107
22208,40.658264,-73.94838
22209,40.64871,-73.969505
22210,40.655533,-73.93793
22211,40.66756,-73.93054
22212,40.655533,-73.93793
22213,40.663315,-73.93968
22214,40.650806,-73.96311
22215,40.66573,-73.95338
22216,40.667336,-73.930954
22217,40.671673,-73.97145
22218,40.650616,-73.961525
22219,40.651924,-73.94225
22220,40.650616,-73.961525
22221,40.661404,-73.9378
22222,40.65538,-73.942055
22223,40.671898,-73.961586
22224,40.64924,-73.97193
22225,40.652374,-73.96181
22226,40.6506,-73.96395
22227,40.665936,-73.9539
22228,40.661434,-73.94467
22229,40.671673,-73.97145
22230,40.652115,-73.92963
22231,40.654823,-73.96045
22232,40.64924,-73.97193
22233,40.6695,-73.95243
22234,40.652355,-73.949425
22235,40.656384,-73.95775
22236,40.652374,-73.96181
22237,40.661545,-73.95964
22238,40.650616,-73.961525
22239,40.661575,-73.9288
22240,40.649536,-73.93549
22241,40.658,-73.95267
22242,40.648125,-73.96439
22243,40.67183,-73.960815
22244,40.658283,-73.94714
22245,40.668785,-73.95228
22246,40.659943,-73.962296
22247,40.652374,-73.96181
22248,40.6524,-73.96527
22249,40.665535,-73.94193
22250,40.647976,-73.92933
22251,40.65361,-73.9733
22252,40.6524,-73.96527
22253,40.667255,-73.9609
22254,40.665314,-73.938835
22255,40.657604,-73.95823
22256,40.648922,-73.94408
22257,40.6546,-73.93141
22258,40.659477,-73.9528
22259,40.65889,-73.955284
22260,40.652374,-73.96181
22261,40.647163,-73.9633
22262,40.653877,-73.94189
22263,40.655533,-73.93793
22264,40.648922,-73.94408
22265,40.651882,-73.964134
22266,40.658,-73.95267
22267,40.648922,-73.94408
22268,40.66245,-73.93281
22269,40.67001,-73.97282
22270,40.666874,-73.960884
22271,40.654587,-73.94873
22272,40.66348,-73.93688
22273,40.648922,-73.94408
22274,40.653397,-73.957085
22275,40.657314,-73.95055
22276,40.655254,-73.92843
22277,40.654102,-73.94847
22278,40.667255,-73.9609
22279,40.65158,-73.957405
22280,40.658,-73.95267
22281,40.671764,-73.972015
22282,40.648922,-73.94408
22283,40.653618,-73.943375
22284,40.65158,-73.957405
22285,40.659477,-73.9528
22286,40.671165,-73.93643
22287,40.652653,-73.94435
22288,40.649227,-73.95353
22289,40.65517,-73.95837
22290,40.653397,-73.957085
22291,40.657787,-73.955696
22292,40.66348,-73.93688
22293,40.65736,-73.949554
22294,40.659588,-73.955505
22295,40.64863,-73.96744
22296,40.67183,-73.960815
22297,40.659943,-73.962296
22298,40.654587,-73.94873
22299,40.671764,-73.972015
22300,40.66644,-73.94862
22301,40.658,-73.95267
22302,40.66379,-73.93235
22303,40.65158,-73.957405
22304,40.65325,-73.97306
22305,40.67001,-73.97282
22306,40.595287,-73.73899
22307,40.597927,-73.75506
22308,40.601257,-73.742836
22309,40.598465,-73.74646
22310,40.60532,-73.761925
22311,40.60166,-73.75139
22312,40.59915,-73.75929
22313,40.596592,-73.758835
22314,40.601444,-73.74321
22315,40.60166,-73.75139
22316,40.596836,-73.776955
22317,40.598057,-73.752
22318,40.595,-73.75777
22319,40.610657,-73.769
22320,40.60857,-73.76866
22321,40.624977,-73.95717
22322,40.627075,-73.9604
22323,40.62878,-73.95972
22324,40.628895,-73.972015
22325,40.628384,-73.97205
22326,40.627934,-73.95124
22327,40.628716,-73.96064
22328,40.627075,-73.9604
22329,40.62813,-73.960526
22330,40.622826,-73.9545
22331,40.62878,-73.95972
22332,40.624065,-73.95164
22333,40.628716,-73.96064
22334,40.627937,-73.96015
22335,40.62729,-73.97294
22336,40.62878,-73.95972
22337,40.628384,-73.97205
22338,40.628666,-73.96423
22339,40.62729,-73.97294
22340,40.62878,-73.95972
22341,40.628384,-73.97205
22342,40.628384,-73.97205
22343,40.633698,-73.9527
22344,40.628067,-73.95323
22345,40.633633,-73.9523
22346,40.627525,-73.955025
22347,40.628716,-73.96064
22348,40.633816,-73.95159
22349,40.630207,-73.9698
22350,40.62544,-73.95676
22351,40.623672,-73.96287
22352,40.633816,-73.95159
22353,40.700085,-73.735535
22354,40.70583,-73.73113
22355,40.72051,-73.73356
22356,40.703136,-73.73331
22357,40.70876,-73.73266
22358,40.708687,-73.72904
22359,40.705666,-73.73547
22360,40.70978,-73.73647
22361,40.703568,-73.728134
22362,40.702446,-73.73324
22363,40.701054,-73.73555
22364,40.703568,-73.728134
22365,40.702316,-73.72881
22366,40.703045,-73.72842
22367,40.70107,-73.7359
22368,40.708004,-73.73766
22369,40.707825,-73.73706
22370,40.698917,-73.731064
22371,40.713245,-73.73546
22372,40.71062,-73.73523
22373,40.704205,-73.735115
22374,40.699657,-73.73678
22375,40.706455,-73.72883
22376,40.71436,-73.73019
22377,40.711117,-73.732994
22378,40.70106,-73.735725
22379,40.712547,-73.732994
22380,40.72092,-73.73077
22381,40.69984,-73.73158
22382,40.703148,-73.732
22383,40.71582,-73.73355
22384,40.72086,-73.73512
22385,40.70851,-73.73476
22386,40.715473,-73.73084
22387,40.719425,-73.73735
22388,40.712597,-73.73419
22389,40.703197,-73.735146
22390,40.708164,-73.73292
22391,40.71268,-73.73436
22392,40.709957,-73.73407
22393,40.707542,-73.73519
22394,40.69757,-73.73685
22395,40.707905,-73.737335
22396,40.70258,-73.737885
22397,40.69882,-73.7362
22398,40.70088,-73.72944
22399,40.70613,-73.73462
22400,40.706345,-73.73498
22401,40.69861,-73.73426
22402,40.70739,-73.735535
22403,40.7096,-73.73779
22404,40.71176,-73.73266
22405,40.7112,-73.7336
22406,40.698456,-73.73841
22407,40.70306,-73.729
22408,40.700356,-73.72945
22409,40.70322,-73.73288
22410,40.70094,-73.733406
22411,40.70074,-73.73314
22412,40.713257,-73.7381
22413,40.70063,-73.734406
22414,40.698956,-73.73035
22415,40.703968,-73.73032
22416,40.70837,-73.73067
22417,40.70381,-73.72939
22418,40.70194,-73.732834
22419,40.715164,-73.73787
22420,40.69824,-73.731415
22421,40.70367,-73.72908
22422,40.712685,-73.73866
22423,40.705452,-73.735245
22424,40.715466,-73.7309
22425,40.638767,-73.89144
22426,40.629932,-73.92531
22427,40.637917,-73.92182
22428,40.633472,-73.90285
22429,40.63484,-73.92634
22430,40.63953,-73.913605
22431,40.62676,-73.901245
22432,40.641346,-73.88868
22433,40.64138,-73.92599
22434,40.633247,-73.9118
22435,40.630066,-73.903824
22436,40.63004,-73.90628
22437,40.62676,-73.901245
22438,40.633247,-73.9118
22439,40.638016,-73.89808
22440,40.62962,-73.923904
22441,40.62304,-73.913925
22442,40.63817,-73.92511
22443,40.6388,-73.89209
22444,40.639282,-73.88638
22445,40.64585,-73.91867
22446,40.635048,-73.908134
22447,40.631012,-73.88766
22448,40.6219,-73.91319
22449,40.645573,-73.92553
22450,40.624104,-73.90731
22451,40.62962,-73.923904
22452,40.639282,-73.88638
22453,40.63693,-73.901344
22454,40.581715,-74.16179
22455,40.5928,-74.18752
22456,40.577896,-74.162285
22457,40.592842,-74.1876
22458,40.586037,-74.19576
22459,40.613605,-74.1637
22460,40.614178,-74.164314
22461,40.595436,-74.16335
22462,40.59745,-74.162796
22463,40.591946,-74.18605
22464,40.615505,-74.167725
22465,40.605072,-74.161934
22466,40.60424,-74.1718
22467,40.5996,-74.167465
22468,40.58777,-74.16284
22469,40.59437,-74.18423
22470,40.60737,-74.167076
22471,40.581703,-74.16178
22472,40.595455,-74.16277
22473,40.59445,-74.18377
22474,40.619118,-74.16547
22475,40.58543,-74.16271
22476,40.577896,-74.162285
22477,40.621197,-74.16704
22478,40.592182,-74.1891
22479,40.589336,-74.18778
22480,40.58854,-74.18695
22481,40.59371,-74.18631
22482,40.613186,-74.16297
22483,40.60155,-74.16405
22484,40.613804,-74.16202
22485,40.616608,-74.16366
22486,40.577896,-74.162285
22487,40.59493,-74.18321
22488,40.615356,-74.16582
22489,40.581703,-74.16178
22490,40.6691,-73.95823
22491,40.65414,-73.92948
22492,40.653145,-73.956474
22493,40.6628,-73.95243
22494,40.652374,-73.96181
22495,40.64924,-73.97193
22496,40.66032,-73.94715
22497,40.652374,-73.96181
22498,40.65517,-73.95837
22499,40.648487,-73.96741
22500,40.651844,-73.96437
22501,40.651035,-73.92901
22502,40.667538,-73.960594
22503,40.65542,-73.943
22504,40.652374,-73.96181
22505,40.64924,-73.97193
22506,40.671646,-73.95281
22507,40.650394,-73.93247
22508,40.648922,-73.94408
22509,40.667538,-73.960594
22510,40.648922,-73.94408
22511,40.648865,-73.94496
22512,40.656487,-73.929306
22513,40.656124,-73.93634
22514,40.67172,-73.96029
22515,40.654816,-73.95854
22516,40.65856,-73.947655
22517,40.6524,-73.96527
22518,40.67095,-73.93065
22519,40.652824,-73.9564
22520,40.648922,-73.94408
22521,40.650394,-73.93247
22522,40.653606,-73.93818
22523,40.659126,-73.96026
22524,40.65676,-73.95163
22525,40.66042,-73.93793
22526,40.66313,-73.953735
22527,40.663265,-73.943306
22528,40.651707,-73.95463
22529,40.873493,-73.84586
22530,40.869484,-73.86498
22531,40.873844,-73.846436
22532,40.853443,-73.86549
22533,40.854877,-73.86926
22534,40.85533,-73.86638
22535,40.85157,-73.851524
22536,40.864323,-73.86638
22537,40.86714,-73.85312
22538,40.858433,-73.87054
22539,40.858727,-73.86671
22540,40.86251,-73.852646
22541,40.872635,-73.84082
22542,40.85533,-73.86638
22543,40.867813,-73.854485
22544,40.867203,-73.843735
22545,40.87208,-73.8353
22546,40.862038,-73.83772
22547,40.862267,-73.84756
22548,40.85567,-73.85841
22549,40.8553,-73.86938
22550,40.85205,-73.86554
22551,40.85205,-73.86554
22552,40.85533,-73.86638
22553,40.855797,-73.86636
22554,40.855797,-73.86636
22555,40.86269,-73.86335
22556,40.864193,-73.86791
22557,40.861843,-73.8457
22558,40.864067,-73.84013
22559,40.859314,-73.85374
22560,40.850502,-73.861145
22561,40.873756,-73.845375
22562,40.849667,-73.86002
22563,40.86106,-73.86992
22564,40.86742,-73.85207
22565,40.864193,-73.86791
22566,40.859234,-73.86907
22567,40.86442,-73.846924
22568,40.70851,-73.73459
22569,40.70239,-73.731476
22570,40.71187,-73.73309
22571,40.70721,-73.73435
22572,40.648865,-73.94496
22573,40.66038,-73.954285
22574,40.66313,-73.953735
22575,40.65165,-73.92712
22576,40.648865,-73.94496
22577,40.652927,-73.955635
22578,40.666874,-73.960884
22579,40.648952,-73.933334
22580,40.649902,-73.95144
22581,40.65187,-73.95874
22582,40.661983,-73.92925
22583,40.65127,-73.94537
22584,40.668804,-73.93976
22585,40.6524,-73.96527
22586,40.658283,-73.94714
22587,40.656384,-73.95775
22588,40.650658,-73.94407
22589,40.64924,-73.97193
22590,40.667377,-73.9567
22591,40.663265,-73.943306
22592,40.652157,-73.94939
22593,40.658318,-73.92846
22594,40.656384,-73.95775
22595,40.668407,-73.93276
22596,40.659313,-73.93633
22597,40.65523,-73.95035
22598,40.661217,-73.95254
22599,40.651047,-73.95043
22600,40.669785,-73.97302
22601,40.64871,-73.969505
22602,40.665264,-73.92885
22603,40.671165,-73.93643
22604,40.668125,-73.94914
22605,40.660076,-73.92866
22606,40.671814,-73.972145
22607,40.65175,-73.953835
22608,40.666233,-73.94497
22609,40.669785,-73.97302
22610,40.6691,-73.95823
22611,40.713295,-73.73824
22612,40.72016,-73.73141
22613,40.705322,-73.73119
22614,40.705666,-73.7358
22615,40.702507,-73.735245
22616,40.70313,-73.7314
22617,40.705254,-73.72907
22618,40.700928,-73.73092
22619,40.722176,-73.73483
22620,40.706932,-73.73569
22621,40.69802,-73.734566
22622,40.703346,-73.73726
22623,40.71573,-73.73717
22624,40.715073,-73.737816
22625,40.71612,-73.73116
22626,40.70604,-73.73151
22627,40.711826,-73.73545
22628,40.717564,-73.7385
22629,40.700035,-73.735565
22630,40.701183,-73.73152
22631,40.708084,-73.73794
22632,40.71423,-73.73122
22633,40.701675,-73.731544
22634,40.71203,-73.73374
22635,40.702545,-73.72949
22636,40.70458,-73.73809
22637,40.70378,-73.7283
22638,40.72025,-73.737206
22639,40.706482,-73.728935
22640,40.710564,-73.73364
22641,40.698917,-73.734795
22642,40.72025,-73.737206
22643,40.697666,-73.7365
22644,40.702824,-73.73856
22645,40.700123,-73.73552
22646,40.699062,-73.73608
22647,40.64347,-73.940636
22648,40.641483,-73.930954
22649,40.641953,-73.92876
22650,40.63919,-73.92976
22651,40.64574,-73.92808
22652,40.64198,-73.94213
22653,40.63692,-73.94149
22654,40.64494,-73.94282
22655,40.63808,-73.94946
22656,40.645824,-73.94291
22657,40.644127,-73.938866
22658,40.640675,-73.941055
22659,40.643322,-73.93021
22660,40.638695,-73.94911
22661,40.640675,-73.93571
22662,40.639828,-73.93251
22663,40.636112,-73.94187
22664,40.641384,-73.937515
22665,40.642944,-73.939415
22666,40.64461,-73.939
22667,40.645405,-73.94968
22668,40.64358,-73.93891
22669,40.641617,-73.93371
22670,40.63799,-73.93115
22671,40.64387,-73.93424
22672,40.63437,-73.938065
22673,40.643196,-73.938866
22674,40.64557,-73.929
22675,40.637016,-73.94298
22676,40.64319,-73.941696
22677,40.54388,-74.212975
22678,40.530815,-74.191765
22679,40.538593,-74.16623
22680,40.556515,-74.162735
22681,40.686604,-73.73345
22682,40.68084,-73.73104
22683,40.69674,-73.73852
22684,40.679558,-73.72742
22685,40.675484,-73.7344
22686,40.68415,-73.730644
22687,40.691868,-73.73271
22688,40.672066,-73.7366
22689,40.693092,-73.736786
22690,40.69009,-73.72942
22691,40.68079,-73.72688
22692,40.68505,-73.730934
22693,40.681713,-73.73577
22694,40.68079,-73.72688
22695,40.67482,-73.73831
22696,40.696804,-73.73015
22697,40.675484,-73.7344
22698,40.675285,-73.734886
22699,40.691563,-73.73088
22700,40.67482,-73.73831
22701,40.694088,-73.73867
22702,40.69009,-73.72942
22703,40.67563,-73.73153
22704,40.693092,-73.736786
22705,40.6802,-73.7351
22706,40.68908,-73.730125
22707,40.68761,-73.729904
22708,40.682804,-73.73056
22709,40.69387,-73.737755
22710,40.688316,-73.7376
22711,40.67683,-73.73529
22712,40.691013,-73.73317
22713,40.857788,-73.934425
22714,40.854897,-73.93819
22715,40.85314,-73.93905
22716,40.864017,-73.92742
22717,40.85337,-73.93559
22718,40.851234,-73.94011
22719,40.85404,-73.939316
22720,40.85453,-73.938934
22721,40.85145,-73.9419
22722,40.8569,-73.936356
22723,40.85348,-73.93656
22724,40.85337,-73.93559
22725,40.85109,-73.941505
22726,40.8531,-73.93977
22727,40.86787,-73.92648
22728,40.852757,-73.93992
22729,40.853474,-73.93605
22730,40.852757,-73.93992
22731,40.8569,-73.936356
22732,40.859062,-73.932335
22733,40.85184,-73.94128
22734,40.85938,-73.932175
22735,40.85314,-73.93905
22736,40.85851,-73.93193
22737,40.85314,-73.93905
22738,40.8569,-73.936356
22739,40.85209,-73.939735
22740,40.851025,-73.94067
22741,40.85891,-73.93229
22742,40.85026,-73.93889
22743,40.85457,-73.93544
22744,40.851234,-73.94011
22745,40.8531,-73.93977
22746,40.864017,-73.92742
22747,40.85775,-73.93288
22748,40.853474,-73.93605
22749,40.8553,-73.93545
22750,40.85184,-73.94128
22751,40.85559,-73.937744
22752,40.863937,-73.928795
22753,40.852596,-73.93529
22754,40.849705,-73.94015
22755,40.85314,-73.93905
22756,40.85457,-73.93544
22757,40.859055,-73.93234
22758,40.8569,-73.936356
22759,40.863976,-73.92771
22760,40.849545,-73.93749
22761,40.85509,-73.934074
22762,40.851234,-73.94011
22763,40.851234,-73.94011
22764,40.853474,-73.93605
22765,40.856445,-73.93776
22766,40.853317,-73.93975
22767,40.85509,-73.934074
22768,40.853474,-73.93605
22769,40.864017,-73.92742
22770,40.856903,-73.93405
22771,40.864017,-73.92742
22772,40.864017,-73.92742
22773,40.851234,-73.94011
22774,40.85559,-73.937744
22775,40.85314,-73.93905
22776,40.857456,-73.93594
22777,40.85775,-73.93288
22778,40.864017,-73.92742
22779,40.864017,-73.92742
22780,40.851234,-73.94011
22781,40.8569,-73.936356
22782,40.85314,-73.93905
22783,40.85314,-73.93905
22784,40.85314,-73.93905
22785,40.85314,-73.93905
22786,40.85109,-73.941505
22787,40.8511,-73.9416
22788,40.85107,-73.941086
22789,40.85348,-73.93656
22790,40.851025,-73.94067
22791,40.86592,-73.92887
22792,40.858215,-73.93421
22793,40.8569,-73.936356
22794,40.84586,-73.89037
22795,40.83015,-73.920135
22796,40.829266,-73.89986
22797,40.835575,-73.9085
22798,40.82612,-73.91556
22799,40.83015,-73.920135
22800,40.828854,-73.90842
22801,40.834377,-73.91482
22802,40.831448,-73.89607
22803,40.825912,-73.92522
22804,40.839912,-73.92471
22805,40.838066,-73.90165
22806,40.83015,-73.920135
22807,40.8261,-73.922386
22808,40.82453,-73.88928
22809,40.82453,-73.88928
22810,40.829338,-73.91814
22811,40.831974,-73.92067
22812,40.8484,-73.8844
22813,40.835064,-73.91442
22814,40.82376,-73.88984
22815,40.82781,-73.89795
22816,40.8261,-73.922386
22817,40.83251,-73.894714
22818,40.82924,-73.91571
22819,40.84714,-73.889305
22820,40.83015,-73.920135
22821,40.839016,-73.90911
22822,40.840588,-73.88766
22823,40.841084,-73.88835
22824,40.829338,-73.91814
22825,40.825283,-73.92548
22826,40.825,-73.879585
22827,40.829338,-73.91814
22828,40.846573,-73.91399
22829,40.846653,-73.913925
22830,40.82781,-73.902466
22831,40.848145,-73.884674
22832,40.777317,-73.94774
22833,40.777287,-73.947655
22834,40.78513,-73.94797
22835,40.7812,-73.9472
22836,40.775932,-73.9291
22837,40.776855,-73.947754
22838,40.783604,-73.949875
22839,40.77814,-73.94895
22840,40.78136,-73.94886
22841,40.7812,-73.9472
22842,40.78376,-73.94862
22843,40.776,-73.949684
22844,40.781235,-73.94727
22845,40.77832,-73.94598
22846,40.779152,-73.94624
22847,40.776325,-73.94765
22848,40.777058,-73.94516
22849,40.77832,-73.94598
22850,40.781414,-73.94895
22851,40.776012,-73.947876
22852,40.77575,-73.94584
22853,40.783764,-73.94862
22854,40.777443,-73.94417
22855,40.777058,-73.94516
22856,40.777443,-73.94417
22857,40.776012,-73.947876
22858,40.776085,-73.944435
22859,40.776,-73.949684
22860,40.773865,-73.94657
22861,40.777058,-73.94516
22862,40.77575,-73.94584
22863,40.775177,-73.94686
22864,40.7795,-73.94901
22865,40.77832,-73.94598
22866,40.775177,-73.94686
22867,40.77546,-73.94675
22868,40.780277,-73.94728
22869,40.85775,-73.93288
22870,40.85314,-73.93905
22871,40.854275,-73.935036
22872,40.85314,-73.93905
22873,40.856285,-73.9348
22874,40.856285,-73.9348
22875,40.854534,-73.938934
22876,40.859062,-73.932335
22877,40.8553,-73.93545
22878,40.8544,-73.934906
22879,40.85404,-73.939316
22880,40.85026,-73.93889
22881,40.85453,-73.938934
22882,40.85163,-73.93622
22883,40.85163,-73.93622
22884,40.85938,-73.932175
22885,40.85941,-73.92901
22886,40.851086,-73.941505
22887,40.8553,-73.93545
22888,40.853317,-73.93975
22889,40.856285,-73.9348
22890,40.85671,-73.93754
22891,40.851498,-73.93643
22892,40.851025,-73.940674
22893,40.85671,-73.93754
22894,40.85314,-73.93905
22895,40.853317,-73.93975
22896,40.8569,-73.936356
22897,40.85671,-73.93754
22898,40.8553,-73.93545
22899,40.853474,-73.93605
22900,40.85348,-73.93656
22901,40.863937,-73.928795
22902,40.852596,-73.93529
22903,40.85348,-73.93656
22904,40.85109,-73.941505
22905,40.859062,-73.932335
22906,40.857044,-73.93727
22907,40.866825,-73.930305
22908,40.857788,-73.934425
22909,40.68068,-73.76748
22910,40.689953,-73.77835
22911,40.68586,-73.77597
22912,40.695354,-73.74726
22913,40.68037,-73.7422
22914,40.678017,-73.749504
22915,40.6947,-73.775185
22916,40.67766,-73.74371
22917,40.69525,-73.7475
22918,40.68068,-73.76748
22919,40.6803,-73.742546
22920,40.686462,-73.75342
22921,40.678,-73.759926
22922,40.675903,-73.749466
22923,40.67992,-73.76865
22924,40.684067,-73.74853
22925,40.69705,-73.75367
22926,40.69654,-73.739395
22927,40.67957,-73.74163
22928,40.630707,-73.94403
22929,40.629833,-73.9433
22930,40.62563,-73.94594
22931,40.622578,-73.928566
22932,40.632645,-73.94214
22933,40.633633,-73.942245
22934,40.628002,-73.934494
22935,40.62981,-73.92751
22936,40.63147,-73.94491
22937,40.62236,-73.93274
22938,40.627056,-73.94656
22939,40.628696,-73.949486
22940,40.62542,-73.94792
22941,40.62551,-73.94249
22942,40.626167,-73.93401
22943,40.62856,-73.942215
22944,40.630707,-73.94403
22945,40.62286,-73.9458
22946,40.627037,-73.93288
22947,40.624584,-73.94685
22948,40.626816,-73.94424
22949,40.633083,-73.94642
22950,40.633083,-73.94642
22951,40.629807,-73.92655
22952,40.626728,-73.937675
22953,40.632942,-73.944435
22954,40.62721,-73.93945
22955,40.630707,-73.94403
22956,40.62309,-73.9426
22957,40.62769,-73.94657
22958,40.797626,-73.948166
22959,40.788338,-73.9475
22960,40.789845,-73.948265
22961,40.788338,-73.9475
22962,40.794704,-73.9436
22963,40.79613,-73.934204
22964,40.79473,-73.93507
22965,40.79464,-73.94341
22966,40.79464,-73.94341
22967,40.789654,-73.949425
22968,40.79554,-73.94945
22969,40.79554,-73.94945
22970,40.78868,-73.94719
22971,40.790516,-73.9472
22972,40.795914,-73.94644
22973,40.79473,-73.93507
22974,40.79629,-73.949036
22975,40.787514,-73.948044
22976,40.7963,-73.94659
22977,40.787514,-73.948044
22978,40.789696,-73.94876
22979,40.793324,-73.937775
22980,40.7947,-73.94357
22981,40.787514,-73.948044
22982,40.785866,-73.943245
22983,40.78868,-73.94719
22984,40.794544,-73.94359
22985,40.78868,-73.94719
22986,40.79473,-73.93507
22987,40.79629,-73.949036
22988,40.787514,-73.948044
22989,40.78868,-73.94719
22990,40.79182,-73.940636
22991,40.79599,-73.9328
22992,40.7921,-73.93934
22993,40.790516,-73.9472
22994,40.79599,-73.9328
22995,40.79629,-73.949036
22996,40.79182,-73.940636
22997,40.792915,-73.94041
22998,40.79357,-73.93894
22999,40.79006,-73.94845
23000,40.79006,-73.94845
23001,40.788338,-73.9475
23002,40.79554,-73.94945
23003,40.794704,-73.9436
23004,40.79741,-73.961205
23005,40.79741,-73.961205
23006,40.7975,-73.95031
23007,40.7975,-73.95031
23008,40.79741,-73.961205
23009,40.79701,-73.961006
23010,40.795013,-73.95016
23011,40.797924,-73.9517
23012,40.79812,-73.95145
23013,40.79701,-73.961006
23014,40.79701,-73.961006
23015,40.795013,-73.95016
23016,40.79701,-73.961006
23017,40.79701,-73.961006
23018,40.797234,-73.96101
23019,40.79701,-73.961006
23020,40.79701,-73.961006
23021,40.7975,-73.95031
23022,40.79795,-73.951385
23023,40.79795,-73.951385
23024,40.79795,-73.951385
23025,40.7975,-73.95031
23026,40.79751,-73.96111
23027,40.79741,-73.961205
23028,40.69431,-73.99574
23029,40.684868,-73.98136
23030,40.695965,-73.9936
23031,40.68953,-73.986465
23032,40.690136,-73.98311
23033,40.6881,-73.99551
23034,40.687847,-73.99481
23035,40.695553,-73.9921
23036,40.69182,-73.99296
23037,40.691517,-73.9906
23038,40.688416,-73.978584
23039,40.69207,-73.98021
23040,40.69278,-73.99336
23041,40.69316,-73.99318
23042,40.69182,-73.99296
23043,40.687996,-73.9945
23044,40.695553,-73.9921
23045,40.68842,-73.981415
23046,40.686195,-73.99501
23047,40.69207,-73.98021
23048,40.692776,-73.994064
23049,40.693424,-73.982704
23050,40.691517,-73.9906
23051,40.69431,-73.99574
23052,40.685184,-73.99003
23053,40.693424,-73.982704
23054,40.68683,-73.99139
23055,40.68522,-73.9788
23056,40.691517,-73.9906
23057,40.692726,-73.97843
23058,40.691517,-73.9906
23059,40.691517,-73.9906
23060,40.694614,-73.98856
23061,40.691776,-73.991516
23062,40.689766,-73.9896
23063,40.690136,-73.98311
23064,40.68491,-73.97854
23065,40.685253,-73.97776
23066,40.68488,-73.98065
23067,40.69505,-73.983574
23068,40.688953,-73.99426
23069,40.690285,-73.99022
23070,40.69613,-73.99227
23071,40.68693,-73.983406
23072,40.693424,-73.982704
23073,40.697086,-73.9945
23074,40.69223,-73.981346
23075,40.693424,-73.982704
23076,40.68693,-73.983406
23077,40.697144,-73.99564
23078,40.696545,-73.99278
23079,40.691406,-73.99558
23080,40.688416,-73.978584
23081,40.688877,-73.97413
23082,40.69431,-73.99574
23083,40.686123,-73.97364
23084,40.692783,-73.97886
23085,40.69381,-73.99451
23086,40.688416,-73.981415
23087,40.686214,-73.982254
23088,40.690304,-73.99111
23089,40.692474,-73.98507
23090,40.692448,-73.985214
23091,40.689445,-73.99605
23092,40.68898,-73.99437
23093,40.68887,-73.974266
23094,40.696594,-73.988396
23095,40.687954,-73.994804
23096,40.694405,-73.996414
23097,40.692474,-73.98507
23098,40.69207,-73.98021
23099,40.68979,-73.98496
23100,40.68979,-73.98496
23101,40.692474,-73.98507
23102,40.691517,-73.9906
23103,40.691517,-73.9906
23104,40.691776,-73.991516
23105,40.786835,-73.94988
23106,40.786835,-73.94988
23107,40.791275,-73.94867
23108,40.79613,-73.934204
23109,40.79613,-73.934204
23110,40.7921,-73.93934
23111,40.79473,-73.93507
23112,40.79554,-73.94945
23113,40.79554,-73.94945
23114,40.7921,-73.93934
23115,40.792915,-73.94041
23116,40.78868,-73.94719
23117,40.791275,-73.94867
23118,40.792934,-73.940506
23119,40.79127,-73.94867
23120,40.78868,-73.94719
23121,40.7947,-73.94357
23122,40.789562,-73.94727
23123,40.79554,-73.94945
23124,40.7921,-73.93934
23125,40.79629,-73.949036
23126,40.7947,-73.94357
23127,40.78868,-73.94719
23128,40.794704,-73.9436
23129,40.788338,-73.9475
23130,40.79554,-73.94945
23131,40.798126,-73.93504
23132,40.789146,-73.94823
23133,40.787514,-73.948044
23134,40.78868,-73.94719
23135,40.788338,-73.9475
23136,40.792915,-73.94041
23137,40.788597,-73.94117
23138,40.789448,-73.948616
23139,40.788517,-73.941246
23140,40.792934,-73.940506
23141,40.790516,-73.9472
23142,40.789562,-73.941734
23143,40.79554,-73.94945
23144,40.78586,-73.94299
23145,40.790176,-73.94873
23146,40.79182,-73.940636
23147,40.789562,-73.94727
23148,40.79554,-73.94945
23149,40.79182,-73.940636
23150,40.79357,-73.93894
23151,40.79554,-73.94945
23152,40.7934,-73.94076
23153,40.788338,-73.9475
23154,40.788338,-73.9475
23155,40.791275,-73.94867
23156,40.79182,-73.940636
23157,40.79179,-73.9398
23158,40.78868,-73.94719
23159,40.797626,-73.948166
23160,40.788338,-73.9475
23161,40.792282,-73.939
23162,40.79179,-73.9398
23163,40.791306,-73.94855
23164,40.795753,-73.9333
23165,40.795784,-73.9498
23166,40.79355,-73.94473
23167,40.787514,-73.948044
23168,40.790176,-73.94873
23169,40.788338,-73.9475
23170,40.79357,-73.93894
23171,40.7921,-73.93934
23172,40.78868,-73.94719
23173,40.79554,-73.94945
23174,40.795914,-73.94644
23175,40.788338,-73.9475
23176,40.79554,-73.94945
23177,40.792915,-73.94041
23178,40.79714,-73.93347
23179,40.787514,-73.948044
23180,40.789562,-73.941734
23181,40.788338,-73.9475
23182,40.792934,-73.940506
23183,40.786007,-73.94977
23184,40.788338,-73.9475
23185,40.68506,-74.00182
23186,40.694386,-73.99839
23187,40.695766,-73.997
23188,40.68876,-73.99848
23189,40.692986,-73.99978
23190,40.6953,-73.99699
23191,40.68491,-73.99832
23192,40.688076,-73.99891
23193,40.686993,-74.000496
23194,40.68916,-73.9995
23195,40.69502,-73.99747
23196,40.695766,-73.997
23197,40.695766,-73.997
23198,40.68916,-73.9995
23199,40.695766,-73.997
23200,40.687553,-73.99914
23201,40.684597,-73.9997
23202,40.688076,-73.99891
23203,40.689423,-74.00001
23204,40.694386,-73.99839
23205,40.688076,-73.99891
23206,40.684597,-73.9997
23207,40.695557,-73.997795
23208,40.686382,-74.00174
23209,40.692986,-73.99978
23210,40.694386,-73.99839
23211,40.69235,-73.99871
23212,40.694386,-73.99839
23213,40.692986,-73.99978
23214,40.692986,-73.99978
23215,40.694725,-73.99751
23216,40.69459,-73.99709
23217,40.694725,-73.99751
23218,40.68896,-73.99743
23219,40.68506,-74.00182
23220,40.69459,-73.99709
23221,40.788605,-73.97012
23222,40.791527,-73.96891
23223,40.788605,-73.97012
23224,40.78949,-73.970894
23225,40.7906,-73.97341
23226,40.791523,-73.97288
23227,40.785686,-73.96926
23228,40.788605,-73.97012
23229,40.78809,-73.96863
23230,40.788303,-73.97135
23231,40.788605,-73.97012
23232,40.791527,-73.96891
23233,40.78768,-73.970375
23234,40.791527,-73.96891
23235,40.78768,-73.970375
23236,40.785774,-73.97317
23237,40.788303,-73.97135
23238,40.791126,-73.97
23239,40.788605,-73.97012
23240,40.78684,-73.972595
23241,40.790775,-73.96937
23242,40.78925,-73.97217
23243,40.788605,-73.97012
23244,40.788605,-73.97012
23245,40.791527,-73.96891
23246,40.788605,-73.97012
23247,40.791527,-73.96891
23248,40.78828,-73.96908
23249,40.609364,-73.7545
23250,40.59638,-73.764496
23251,40.593678,-73.75845
23252,40.6087,-73.75472
23253,40.593536,-73.75885
23254,40.610176,-73.76634
23255,40.60552,-73.74424
23256,40.59357,-73.759056
23257,40.60428,-73.74782
23258,40.604813,-73.75984
23259,40.609768,-73.745995
23260,40.60428,-73.74782
23261,40.594986,-73.75829
23262,40.613136,-73.76645
23263,40.608837,-73.75526
23264,40.60615,-73.75718
23265,40.594967,-73.775375
23266,40.606575,-73.75832
23267,40.604267,-73.74801
23268,40.60941,-73.748955
23269,40.60261,-73.746796
23270,40.60428,-73.74782
23271,40.60308,-73.74921
23272,40.60585,-73.75888
23273,40.59537,-73.74086
23274,40.609802,-73.7587
23275,40.59953,-73.77494
23276,40.604904,-73.74369
23277,40.598392,-73.77578
23278,40.605797,-73.76571
23279,40.603085,-73.761246
23280,40.606846,-73.74676
23281,40.604324,-73.7574
23282,40.611126,-73.76938
23283,40.61248,-73.76689
23284,40.686855,-74.00112
23285,40.687553,-73.99914
23286,40.692986,-73.99978
23287,40.695766,-73.997
23288,40.692986,-73.99978
23289,40.693512,-74.00018
23290,40.694386,-73.99839
23291,40.694386,-73.99839
23292,40.69431,-73.99574
23293,40.69583,-73.99199
23294,40.697086,-73.9945
23295,40.68979,-73.98496
23296,40.684593,-73.99159
23297,40.69676,-73.99583
23298,40.6927,-73.97956
23299,40.68953,-73.986465
23300,40.68979,-73.98496
23301,40.689766,-73.9896
23302,40.68979,-73.98496
23303,40.697094,-73.9879
23304,40.69207,-73.98021
23305,40.697094,-73.9879
23306,40.69505,-73.983574
23307,40.68953,-73.986465
23308,40.697144,-73.99564
23309,40.686768,-73.985085
23310,40.69207,-73.98021
23311,40.69278,-73.99336
23312,40.690285,-73.99022
23313,40.692474,-73.98507
23314,40.691517,-73.9906
23315,40.692474,-73.98507
23316,40.69431,-73.99574
23317,40.68979,-73.98496
23318,40.69312,-73.993416
23319,40.69316,-73.99318
23320,40.69291,-73.99684
23321,40.691517,-73.9906
23322,40.69555,-73.99466
23323,40.692146,-73.97921
23324,40.6888,-73.98864
23325,40.68768,-73.98533
23326,40.692875,-73.99673
23327,40.68979,-73.98496
23328,40.693066,-73.99334
23329,40.69613,-73.99227
23330,40.690136,-73.98311
23331,40.693066,-73.99334
23332,40.688416,-73.978584
23333,40.686214,-73.982254
23334,40.68843,-73.98104
23335,40.69223,-73.981346
23336,40.68522,-73.9788
23337,40.697144,-73.99564
23338,40.68856,-73.99047
23339,40.69431,-73.99574
23340,40.690422,-73.990265
23341,40.68906,-73.99357
23342,40.693424,-73.982704
23343,40.68979,-73.98496
23344,40.69223,-73.981346
23345,40.68856,-73.99047
23346,40.693985,-73.99511
23347,40.690136,-73.98311
23348,40.69381,-73.99451
23349,40.689137,-73.99457
23350,40.69207,-73.98021
23351,40.693424,-73.982704
23352,40.68868,-73.97423
23353,40.696896,-73.9948
23354,40.69613,-73.99227
23355,40.691517,-73.9906
23356,40.69381,-73.99451
23357,40.689423,-73.98809
23358,40.695553,-73.9921
23359,40.697144,-73.99564
23360,40.696552,-73.98727
23361,40.69337,-73.99476
23362,40.690136,-73.98311
23363,40.691517,-73.9906
23364,40.68562,-73.99033
23365,40.688416,-73.978584
23366,40.69505,-73.983574
23367,40.69223,-73.981346
23368,40.69613,-73.99227
23369,40.68979,-73.98496
23370,40.687553,-73.97398
23371,40.6888,-73.98864
23372,40.68979,-73.98496
23373,40.69565,-73.99369
23374,40.687855,-73.99207
23375,40.689766,-73.9896
23376,40.692783,-73.97886
23377,40.694313,-73.99574
23378,40.697144,-73.99564
23379,40.68906,-73.99357
23380,40.69456,-73.98269
23381,40.68979,-73.98496
23382,40.68906,-73.99357
23383,40.692112,-73.97833
23384,40.68842,-73.981415
23385,40.68979,-73.98496
23386,40.69422,-73.9961
23387,40.69555,-73.99466
23388,40.687855,-73.99207
23389,40.691505,-73.99558
23390,40.69565,-73.99369
23391,40.690285,-73.99022
23392,40.690807,-73.99001
23393,40.694107,-73.99568
23394,40.69568,-73.99143
23395,40.69712,-73.996216
23396,40.69422,-73.9961
23397,40.695553,-73.9921
23398,40.68979,-73.98496
23399,40.69505,-73.983574
23400,40.68979,-73.98496
23401,40.69505,-73.983574
23402,40.69165,-73.98573
23403,40.688416,-73.981415
23404,40.69712,-73.996216
23405,40.68979,-73.98496
23406,40.692474,-73.98507
23407,40.68842,-73.981415
23408,40.688416,-73.978584
23409,40.685883,-73.99182
23410,40.687847,-73.99481
23411,40.69708,-73.99584
23412,40.69583,-73.99199
23413,40.691517,-73.9906
23414,40.68953,-73.986465
23415,40.69304,-73.978516
23416,40.697094,-73.9879
23417,40.68942,-73.97538
23418,40.690285,-73.99022
23419,40.693424,-73.982704
23420,40.687954,-73.994804
23421,40.68953,-73.986465
23422,40.6961,-73.99527
23423,40.69422,-73.9961
23424,40.690807,-73.99001
23425,40.69505,-73.983574
23426,40.695965,-73.9936
23427,40.68522,-73.9788
23428,40.685333,-73.99042
23429,40.688858,-73.97463
23430,40.69422,-73.9961
23431,40.696594,-73.988396
23432,40.695953,-73.99478
23433,40.69505,-73.983574
23434,40.69613,-73.99227
23435,40.69278,-73.99336
23436,40.6964,-73.99157
23437,40.689445,-73.99605
23438,40.6888,-73.98864
23439,40.68522,-73.9788
23440,40.69613,-73.99227
23441,40.84057,-73.85883
23442,40.8408,-73.85497
23443,40.84057,-73.85886
23444,40.83861,-73.85652
23445,40.84057,-73.85886
23446,40.825,-73.85097
23447,40.83611,-73.85893
23448,40.83861,-73.85652
23449,40.83611,-73.85893
23450,40.83861,-73.85652
23451,40.83611,-73.85893
23452,40.8408,-73.85497
23453,40.82902,-73.86054
23454,40.83611,-73.85893
23455,40.83611,-73.85893
23456,40.83611,-73.85893
23457,40.84057,-73.85886
23458,40.845608,-73.85733
23459,40.837673,-73.86199
23460,40.8408,-73.85497
23461,40.839687,-73.85985
23462,40.83611,-73.85893
23463,40.836708,-73.86502
23464,40.837673,-73.86199
23465,40.83611,-73.85893
23466,40.83861,-73.85652
23467,40.8417,-73.84838
23468,40.844013,-73.85044
23469,40.836708,-73.86502
23470,40.830933,-73.84575
23471,40.84057,-73.85886
23472,40.8411,-73.854034
23473,40.82744,-73.85881
23474,40.83255,-73.85361
23475,40.84057,-73.85886
23476,40.83861,-73.85652
23477,40.839695,-73.86003
23478,40.83984,-73.86165
23479,40.84057,-73.85886
23480,40.84125,-73.855606
23481,40.720043,-73.99679
23482,40.717255,-73.99024
23483,40.714645,-73.98544
23484,40.716316,-73.991554
23485,40.72105,-73.98352
23486,40.713886,-73.979004
23487,40.715374,-73.98647
23488,40.710457,-73.991234
23489,40.715057,-73.98183
23490,40.715076,-73.99157
23491,40.72115,-73.99341
23492,40.719337,-73.98467
23493,40.714645,-73.98544
23494,40.710457,-73.991234
23495,40.714924,-73.98757
23496,40.719448,-73.98556
23497,40.717255,-73.99024
23498,40.71311,-73.97784
23499,40.719448,-73.98556
23500,40.710457,-73.991234
23501,40.7126,-73.978
23502,40.717564,-73.98363
23503,40.719296,-73.98718
23504,40.713104,-73.97922
23505,40.713104,-73.97922
23506,40.71477,-73.98055
23507,40.7126,-73.978
23508,40.710457,-73.991234
23509,40.712917,-73.97816
23510,40.714325,-73.97838
23511,40.71477,-73.98055
23512,40.710457,-73.991234
23513,40.715965,-73.98801
23514,40.713634,-73.98928
23515,40.677696,-73.973816
23516,40.679077,-73.978195
23517,40.683437,-73.98037
23518,40.675198,-73.98422
23519,40.68203,-73.99577
23520,40.67961,-73.98109
23521,40.67501,-73.97752
23522,40.672905,-73.986115
23523,40.673977,-73.97353
23524,40.6759,-73.98349
23525,40.677628,-73.976166
23526,40.67425,-73.985054
23527,40.681606,-73.97354
23528,40.672314,-73.98288
23529,40.6813,-73.9812
23530,40.674847,-73.98359
23531,40.678326,-73.97746
23532,40.678356,-73.99573
23533,40.682957,-73.9811
23534,40.677692,-73.973816
23535,40.683437,-73.98037
23536,40.673737,-73.97709
23537,40.672905,-73.986115
23538,40.6728,-73.97778
23539,40.6728,-73.97778
23540,40.68061,-73.97827
23541,40.672314,-73.98288
23542,40.6728,-73.97778
23543,40.67715,-73.97887
23544,40.67714,-73.9827
23545,40.672905,-73.986115
23546,40.676426,-73.97981
23547,40.67553,-73.98311
23548,40.679127,-73.98063
23549,40.6767,-73.98266
23550,40.68084,-73.9801
23551,40.680004,-73.978775
23552,40.680004,-73.978775
23553,40.674847,-73.98359
23554,40.67561,-73.97504
23555,40.676426,-73.97981
23556,40.67341,-73.97984
23557,40.67347,-73.98343
23558,40.68435,-73.97421
23559,40.67444,-73.98015
23560,40.67785,-73.99689
23561,40.67315,-73.97998
23562,40.680935,-73.980255
23563,40.6832,-73.99684
23564,40.6826,-73.9823
23565,40.671978,-73.98801
23566,40.67249,-73.97395
23567,40.67732,-73.97932
23568,40.674698,-73.98324
23569,40.67249,-73.97395
23570,40.684372,-73.99408
23571,40.683456,-73.98683
23572,40.673992,-73.98479
23573,40.681656,-73.980606
23574,40.675354,-73.98406
23575,40.67799,-73.979706
23576,40.67249,-73.97395
23577,40.680202,-73.97929
23578,40.67323,-73.97499
23579,40.682972,-73.99153
23580,40.68296,-73.9938
23581,40.673157,-73.97366
23582,40.67983,-73.97533
23583,40.673428,-73.97871
23584,40.67961,-73.98109
23585,40.672905,-73.986115
23586,40.683807,-73.9866
23587,40.68281,-73.98106
23588,40.673286,-73.9837
23589,40.67231,-73.98637
23590,40.675064,-73.973495
23591,40.682102,-73.979
23592,40.680645,-73.980415
23593,40.68139,-73.97953
23594,40.683807,-73.9866
23595,40.673992,-73.98479
23596,40.673763,-73.98471
23597,40.67704,-73.97939
23598,40.679737,-73.97872
23599,40.680244,-73.979385
23600,40.6813,-73.9812
23601,40.681656,-73.980606
23602,40.67983,-73.979576
23603,40.677902,-73.991615
23604,40.67391,-73.976715
23605,40.674675,-73.977455
23606,40.67249,-73.97395
23607,40.673157,-73.97366
23608,40.67961,-73.98109
23609,40.679844,-73.976074
23610,40.673992,-73.98479
23611,40.67542,-73.98059
23612,40.67301,-73.982765
23613,40.67542,-73.98059
23614,40.674225,-73.98327
23615,40.675396,-73.98147
23616,40.682278,-73.99494
23617,40.681545,-73.99327
23618,40.676773,-73.98627
23619,40.67793,-73.981674
23620,40.672577,-73.97605
23621,40.680645,-73.980415
23622,40.684097,-73.97903
23623,40.680645,-73.980415
23624,40.67708,-73.98148
23625,40.67902,-73.98138
23626,40.67736,-73.979515
23627,40.67301,-73.982765
23628,40.677666,-73.99536
23629,40.68202,-73.993935
23630,40.678513,-73.98112
23631,40.68435,-73.991196
23632,40.678513,-73.98112
23633,40.67303,-73.98637
23634,40.67754,-73.98003
23635,40.682877,-73.98098
23636,40.673737,-73.97709
23637,40.673656,-73.98221
23638,40.683174,-73.97752
23639,40.683174,-73.97752
23640,40.672096,-73.97413
23641,40.673656,-73.98221
23642,40.679554,-73.991356
23643,40.682877,-73.98098
23644,40.672905,-73.986115
23645,40.672424,-73.977806
23646,40.675194,-73.98422
23647,40.684097,-73.97903
23648,40.67249,-73.97395
23649,40.67594,-73.98274
23650,40.681656,-73.980606
23651,40.68307,-73.99371
23652,40.681393,-73.97824
23653,40.68435,-73.991196
23654,40.67431,-73.97652
23655,40.68435,-73.991196
23656,40.67249,-73.97395
23657,40.674675,-73.977455
23658,40.673332,-73.982414
23659,40.678394,-73.97844
23660,40.67714,-73.9827
23661,40.67793,-73.981674
23662,40.673725,-73.98463
23663,40.683563,-73.97967
23664,40.672955,-73.9787
23665,40.682945,-73.97808
23666,40.674202,-73.98392
23667,40.67793,-73.981674
23668,40.673134,-73.982666
23669,40.68296,-73.9938
23670,40.674675,-73.977455
23671,40.672153,-73.98762
23672,40.672905,-73.986115
23673,40.677315,-73.98132
23674,40.672955,-73.9787
23675,40.684093,-73.97903
23676,40.680645,-73.980415
23677,40.677,-73.9828
23678,40.677822,-73.99583
23679,40.67425,-73.985054
23680,40.672424,-73.977806
23681,40.68139,-73.97953
23682,40.674675,-73.977455
23683,40.6733,-73.97845
23684,40.678635,-73.996376
23685,40.674606,-73.98055
23686,40.68209,-73.99158
23687,40.673737,-73.97709
23688,40.67301,-73.982765
23689,40.676395,-73.97973
23690,40.674606,-73.98055
23691,40.681736,-73.97616
23692,40.67301,-73.982765
23693,40.676395,-73.97973
23694,40.680645,-73.980415
23695,40.679325,-73.97499
23696,40.673534,-73.98357
23697,40.677097,-73.98077
23698,40.682865,-73.99437
23699,40.677364,-73.97812
23700,40.67765,-73.97451
23701,40.677208,-73.97461
23702,40.674606,-73.98055
23703,40.67431,-73.97652
23704,40.675064,-73.973495
23705,40.6813,-73.9812
23706,40.68209,-73.99158
23707,40.68102,-73.9785
23708,40.68061,-73.97827
23709,40.677254,-73.98116
23710,40.681107,-73.976685
23711,40.68155,-73.97885
23712,40.67425,-73.985054
23713,40.677425,-73.974014
23714,40.672096,-73.97413
23715,40.680645,-73.980415
23716,40.6728,-73.97778
23717,40.680573,-73.98045
23718,40.673237,-73.97498
23719,40.678093,-73.993744
23720,40.708015,-74.00591
23721,40.708916,-74.001724
23722,40.708614,-74.00348
23723,40.708614,-74.00348
23724,40.706,-74.00727
23725,40.70659,-74.00817
23726,40.709522,-74.00243
23727,40.708916,-74.001724
23728,40.708916,-74.001724
23729,40.709034,-74.004684
23730,40.706837,-74.00832
23731,40.706837,-74.00832
23732,40.70517,-74.008484
23733,40.709755,-74.0085
23734,40.709522,-74.00243
23735,40.709034,-74.004684
23736,40.708664,-74.003006
23737,40.709755,-74.0085
23738,40.709526,-74.00243
23739,40.70659,-74.00817
23740,40.708015,-74.00591
23741,40.70939,-74.00806
23742,40.708015,-74.00591
23743,40.705215,-74.00853
23744,40.705185,-74.00789
23745,40.709034,-74.004684
23746,40.70808,-74.00747
23747,40.70828,-74.00683
23748,40.705185,-74.00789
23749,40.706913,-74.008575
23750,40.705215,-74.00853
23751,40.706837,-74.00832
23752,40.709034,-74.004684
23753,40.70974,-74.00662
23754,40.708916,-74.001724
23755,40.706837,-74.00832
23756,40.708508,-74.00105
23757,40.705185,-74.00789
23758,40.708015,-74.00591
23759,40.708508,-74.00105
23760,40.705776,-74.00724
23761,40.705185,-74.00789
23762,40.705193,-74.007904
23763,40.705776,-74.00724
23764,40.7088,-74.00371
23765,40.705185,-74.00789
23766,40.709034,-74.004684
23767,40.705776,-74.00724
23768,40.709034,-74.004684
23769,40.705776,-74.00724
23770,40.705185,-74.00789
23771,40.705776,-74.00724
23772,40.70904,-74.0017
23773,40.705185,-74.00789
23774,40.709034,-74.004684
23775,40.705776,-74.00724
23776,40.705185,-74.00789
23777,40.705185,-74.00789
23778,40.705776,-74.00724
23779,40.708015,-74.00591
23780,40.706837,-74.00832
23781,40.708824,-74.00395
23782,40.708015,-74.00591
23783,40.709522,-74.00243
23784,40.706837,-74.00832
23785,40.708015,-74.00591
23786,40.70808,-74.00747
23787,40.705776,-74.00724
23788,40.706837,-74.00832
23789,40.708923,-74.0032
23790,40.708015,-74.00591
23791,40.708614,-74.00348
23792,40.708614,-74.00348
23793,40.705193,-74.007904
23794,40.706837,-74.00832
23795,40.709034,-74.004684
23796,40.708614,-74.00348
23797,40.70974,-74.00662
23798,40.708614,-74.00348
23799,40.70974,-74.00662
23800,40.706837,-74.00833
23801,40.82271,-73.94273
23802,40.705185,-74.00789
23803,40.70974,-74.00662
23804,40.708015,-74.00591
23805,40.705185,-74.00789
23806,40.706837,-74.00832
23807,40.705185,-74.00789
23808,40.705185,-74.00789
23809,40.709522,-74.00243
23810,40.70828,-74.00683
23811,40.709526,-74.00243
23812,40.706837,-74.00832
23813,40.708015,-74.00591
23814,40.705185,-74.00789
23815,40.705776,-74.00724
23816,40.708015,-74.00591
23817,40.709522,-74.00243
23818,40.708923,-74.0032
23819,40.709526,-74.00243
23820,40.708916,-74.001724
23821,40.705776,-74.00724
23822,40.708015,-74.00591
23823,40.709522,-74.00243
23824,40.709522,-74.00243
23825,40.708824,-74.00395
23826,40.709526,-74.00243
23827,40.708015,-74.00591
23828,40.705185,-74.00789
23829,40.70808,-74.00747
23830,40.705185,-74.00789
23831,40.708015,-74.00591
23832,40.708015,-74.00591
23833,40.709553,-74.00685
23834,40.70911,-74.00635
23835,40.708614,-74.00348
23836,40.705185,-74.00789
23837,40.708015,-74.00591
23838,40.705185,-74.00789
23839,40.705185,-74.00789
23840,40.708015,-74.00591
23841,40.709526,-74.00243
23842,40.70974,-74.00662
23843,40.708015,-74.00591
23844,40.70517,-74.008484
23845,40.709522,-74.00243
23846,40.70911,-74.00635
23847,40.708664,-74.003006
23848,40.709755,-74.0085
23849,40.70854,-74.00098
23850,40.708614,-74.00348
23851,40.70925,-74.00361
23852,40.70517,-74.008484
23853,40.70517,-74.008484
23854,40.70854,-74.00098
23855,40.70763,-74.00281
23856,40.708923,-74.0032
23857,40.708614,-74.00348
23858,40.706852,-74.00848
23859,40.708614,-74.00348
23860,40.70808,-74.00747
23861,40.70808,-74.00747
23862,40.709007,-74.00727
23863,40.70828,-74.00683
23864,40.709034,-74.004684
23865,40.705185,-74.00789
23866,40.70828,-74.00683
23867,40.70925,-74.00361
23868,40.708015,-74.00591
23869,40.705185,-74.00789
23870,40.709034,-74.004684
23871,40.70592,-74.010765
23872,40.709194,-74.017975
23873,40.706116,-74.011734
23874,40.705,-74.00962
23875,40.708103,-74.016975
23876,40.709194,-74.017975
23877,40.706116,-74.011734
23878,40.70779,-74.013885
23879,40.705566,-74.0174
23880,40.70768,-74.00998
23881,40.706116,-74.011734
23882,40.70969,-74.017235
23883,40.70592,-74.010765
23884,40.708374,-74.01679
23885,40.70768,-74.00998
23886,40.70773,-74.009735
23887,40.708828,-74.01657
23888,40.678055,-73.97375
23889,40.67227,-73.98006
23890,40.67785,-73.99689
23891,40.682022,-73.99643
23892,40.679382,-73.976875
23893,40.677105,-73.99194
23894,40.673977,-73.97353
23895,40.680004,-73.978775
23896,40.67341,-73.97984
23897,40.679077,-73.978195
23898,40.674675,-73.977455
23899,40.683483,-73.97947
23900,40.680645,-73.980415
23901,40.68354,-73.984985
23902,40.680202,-73.97929
23903,40.68061,-73.97827
23904,40.677105,-73.99194
23905,40.683456,-73.98683
23906,40.682022,-73.99643
23907,40.683437,-73.98037
23908,40.672096,-73.97413
23909,40.673656,-73.98221
23910,40.6844,-73.97374
23911,40.673992,-73.98479
23912,40.673157,-73.97366
23913,40.672096,-73.97413
23914,40.674698,-73.98324
23915,40.67341,-73.97984
23916,40.684093,-73.97903
23917,40.679844,-73.976074
23918,40.673878,-73.97873
23919,40.673157,-73.97366
23920,40.684357,-73.98997
23921,40.677258,-73.97913
23922,40.682022,-73.99643
23923,40.680645,-73.980415
23924,40.6728,-73.97778
23925,40.677223,-73.97905
23926,40.674698,-73.98324
23927,40.79875,-73.96941
23928,40.799683,-73.9702
23929,40.803818,-73.95631
23930,40.802814,-73.96672
23931,40.801228,-73.95922
23932,40.80079,-73.95877
23933,40.806465,-73.9509
23934,40.80553,-73.96732
23935,40.798855,-73.97243
23936,40.805923,-73.954506
23937,40.80142,-73.95908
23938,40.80912,-73.95147
23939,40.80205,-73.95049
23940,40.798855,-73.97243
23941,40.804565,-73.96424
23942,40.800545,-73.95921
23943,40.80813,-73.9533
23944,40.80122,-73.9707
23945,40.80288,-73.9672
23946,40.79901,-73.97069
23947,40.802395,-73.96964
23948,40.79938,-73.96947
23949,40.80122,-73.9707
23950,40.79899,-73.969635
23951,40.798172,-73.97158
23952,40.80369,-73.96769
23953,40.809143,-73.95523
23954,40.801086,-73.95846
23955,40.802395,-73.96964
23956,40.806465,-73.9509
23957,40.80369,-73.96769
23958,40.80999,-73.958336
23959,40.798855,-73.97243
23960,40.809143,-73.95523
23961,40.80616,-73.966064
23962,40.809143,-73.95523
23963,40.806465,-73.9509
23964,40.807297,-73.964874
23965,40.80097,-73.96881
23966,40.803097,-73.9648
23967,40.80066,-73.96969
23968,40.80529,-73.967094
23969,40.8073,-73.96666
23970,40.805206,-73.9669
23971,40.798702,-73.960014
23972,40.804237,-73.96759
23973,40.807575,-73.96636
23974,40.798946,-73.96758
23975,40.808773,-73.9533
23976,40.80553,-73.96732
23977,40.807575,-73.96636
23978,40.798515,-73.95174
23979,40.80079,-73.97086
23980,40.800697,-73.95916
23981,40.804424,-73.96738
23982,40.80713,-73.965576
23983,40.804092,-73.96689
23984,40.80002,-73.97013
23985,40.798744,-73.97217
23986,40.802395,-73.96964
23987,40.804848,-73.96687
23988,40.799816,-73.97082
23989,40.80002,-73.97013
23990,40.808773,-73.9533
23991,40.810745,-73.95347
23992,40.80553,-73.96732
23993,40.807297,-73.964874
23994,40.798576,-73.96185
23995,40.80553,-73.96732
23996,40.805016,-73.95247
23997,40.8026,-73.96654
23998,40.804237,-73.96759
23999,40.801376,-73.969444
24000,40.800697,-73.95916
24001,40.803177,-73.96433
24002,40.80288,-73.9672
24003,40.80553,-73.96732
24004,40.802315,-73.964745
24005,40.799767,-73.968735
24006,40.808426,-73.95301
24007,40.803097,-73.964806
24008,40.801777,-73.965096
24009,40.80066,-73.96969
24010,40.801376,-73.969444
24011,40.801376,-73.96945
24012,40.80063,-73.95178
24013,40.800426,-73.97106
24014,40.79902,-73.959984
24015,40.801777,-73.965096
24016,40.803177,-73.96433
24017,40.799683,-73.9702
24018,40.80122,-73.9707
24019,40.80529,-73.967094
24020,40.802986,-73.96599
24021,40.80398,-73.965546
24022,40.80079,-73.95877
24023,40.80079,-73.95877
24024,40.80079,-73.97086
24025,40.804237,-73.96759
24026,40.80122,-73.9707
24027,40.80475,-73.96548
24028,40.803806,-73.965096
24029,40.80004,-73.959366
24030,40.800426,-73.97106
24031,40.800182,-73.97052
24032,40.803097,-73.964806
24033,40.800426,-73.97106
24034,40.804848,-73.96687
24035,40.80247,-73.96903
24036,40.80398,-73.965546
24037,40.79875,-73.96941
24038,40.807297,-73.964874
24039,40.800808,-73.95377
24040,40.798855,-73.97243
24041,40.801888,-73.953995
24042,40.801636,-73.95418
24043,40.804237,-73.96759
24044,40.800426,-73.97106
24045,40.798172,-73.97158
24046,40.80892,-73.95361
24047,40.803097,-73.964806
24048,40.7991,-73.95388
24049,40.79935,-73.97216
24050,40.79875,-73.96941
24051,40.804607,-73.95739
24052,40.79938,-73.96947
24053,40.799763,-73.97149
24054,40.79875,-73.96941
24055,40.804203,-73.96816
24056,40.799435,-73.95529
24057,40.804203,-73.96816
24058,40.807575,-73.96636
24059,40.80004,-73.959366
24060,40.801697,-73.96745
24061,40.79899,-73.95102
24062,40.800842,-73.95746
24063,40.803177,-73.96433
24064,40.801086,-73.95846
24065,40.79875,-73.96941
24066,40.80398,-73.965546
24067,40.80002,-73.96934
24068,40.807575,-73.96636
24069,40.809315,-73.95265
24070,40.803097,-73.964806
24071,40.80004,-73.959366
24072,40.806164,-73.9545
24073,40.7991,-73.95388
24074,40.800568,-73.97065
24075,40.799442,-73.96979
24076,40.804565,-73.96424
24077,40.80912,-73.95147
24078,40.80527,-73.952255
24079,40.80142,-73.95908
24080,40.806465,-73.9509
24081,40.8073,-73.96666
24082,40.80002,-73.96934
24083,40.798576,-73.96185
24084,40.810745,-73.95347
24085,40.810654,-73.95833
24086,40.801376,-73.969444
24087,40.807297,-73.964874
24088,40.80713,-73.965576
24089,40.800056,-73.96861
24090,40.80205,-73.95049
24091,40.801888,-73.9568
24092,40.79871,-73.96787
24093,40.801636,-73.95418
24094,40.79973,-73.96135
24095,40.80674,-73.96627
24096,40.80553,-73.96732
24097,40.80079,-73.95877
24098,40.79935,-73.97216
24099,40.798706,-73.96087
24100,40.807003,-73.96613
24101,40.80079,-73.95877
24102,40.802914,-73.96811
24103,40.80414,-73.95602
24104,40.804848,-73.96687
24105,40.801086,-73.95846
24106,40.802814,-73.96672
24107,40.800545,-73.95921
24108,40.798283,-73.96796
24109,40.80438,-73.96575
24110,40.80563,-73.9531
24111,40.80529,-73.967094
24112,40.800426,-73.97106
24113,40.810726,-73.9584
24114,40.800056,-73.96861
24115,40.799686,-73.96321
24116,40.807575,-73.96636
24117,40.80632,-73.95729
24118,40.798706,-73.96087
24119,40.810745,-73.95347
24120,40.804848,-73.96687
24121,40.80563,-73.9531
24122,40.807575,-73.96636
24123,40.79839,-73.97131
24124,40.802734,-73.956184
24125,40.80118,-73.956215
24126,40.798283,-73.96796
24127,40.79839,-73.97131
24128,40.80674,-73.96627
24129,40.799423,-73.95274
24130,40.80122,-73.9707
24131,40.800545,-73.95921
24132,40.80079,-73.95877
24133,40.802517,-73.953545
24134,40.80247,-73.96903
24135,40.801956,-73.964195
24136,40.79875,-73.96941
24137,40.799763,-73.97149
24138,40.807575,-73.96636
24139,40.802734,-73.956184
24140,40.803684,-73.96378
24141,40.798283,-73.96796
24142,40.801086,-73.95846
24143,40.801956,-73.964195
24144,40.80079,-73.95877
24145,40.798798,-73.95317
24146,40.799763,-73.97149
24147,40.80674,-73.96627
24148,40.799816,-73.97082
24149,40.803593,-73.96387
24150,40.80674,-73.96627
24151,40.807575,-73.96636
24152,40.798855,-73.97243
24153,40.800545,-73.95921
24154,40.800697,-73.95916
24155,40.806217,-73.96699
24156,40.8073,-73.96666
24157,40.798855,-73.97243
24158,40.80079,-73.95877
24159,40.801777,-73.965096
24160,40.800358,-73.96479
24161,40.79871,-73.96787
24162,40.806217,-73.96699
24163,40.798702,-73.960014
24164,40.80079,-73.95877
24165,40.79875,-73.96941
24166,40.800545,-73.95921
24167,40.80524,-73.95798
24168,40.804123,-73.963974
24169,40.80999,-73.958336
24170,40.799816,-73.97082
24171,40.804123,-73.963974
24172,40.810745,-73.95347
24173,40.799816,-73.97082
24174,40.799816,-73.97082
24175,40.800426,-73.97106
24176,40.801086,-73.95846
24177,40.800385,-73.95139
24178,40.804268,-73.96549
24179,40.80409,-73.953835
24180,40.80122,-73.9707
24181,40.806217,-73.96699
24182,40.800426,-73.97106
24183,40.801636,-73.95418
24184,40.80016,-73.96689
24185,40.80409,-73.953835
24186,40.806545,-73.96697
24187,40.803806,-73.965096
24188,40.802315,-73.964745
24189,40.80343,-73.96559
24190,40.804268,-73.96549
24191,40.79899,-73.95102
24192,40.80475,-73.96548
24193,40.80133,-73.97043
24194,40.8026,-73.96654
24195,40.806545,-73.96697
24196,40.799763,-73.97149
24197,40.79997,-73.95439
24198,40.801144,-73.952194
24199,40.800556,-73.95661
24200,40.79901,-73.96969
24201,40.800545,-73.95921
24202,40.80004,-73.959366
24203,40.808773,-73.9533
24204,40.800426,-73.97106
24205,40.801697,-73.96745
24206,40.80016,-73.96689
24207,40.804123,-73.963974
24208,40.809998,-73.95747
24209,40.80369,-73.96769
24210,40.80198,-73.95223
24211,40.808773,-73.9533
24212,40.808464,-73.95203
24213,40.799828,-73.95562
24214,40.800232,-73.95668
24215,40.808773,-73.9533
24216,40.8026,-73.96654
24217,40.805706,-73.95691
24218,40.80912,-73.95147
24219,40.798763,-73.962135
24220,40.80079,-73.95877
24221,40.802883,-73.956894
24222,40.808773,-73.9533
24223,40.800426,-73.97106
24224,40.804855,-73.953705
24225,40.80438,-73.96575
24226,40.798283,-73.96796
24227,40.801086,-73.95846
24228,40.800232,-73.95668
24229,40.806347,-73.95493
24230,40.809315,-73.95265
24231,40.8076,-73.96677
24232,40.808872,-73.95543
24233,40.80369,-73.96769
24234,40.800518,-73.96525
24235,40.807423,-73.95359
24236,40.804203,-73.96816
24237,40.80818,-73.95381
24238,40.802643,-73.9674
24239,40.79871,-73.96787
24240,40.80233,-73.95191
24241,40.715206,-73.85044
24242,40.714977,-73.84938
24243,40.713825,-73.85057
24244,40.710915,-73.85201
24245,40.715153,-73.84985
24246,40.710278,-73.84968
24247,40.71321,-73.848885
24248,40.71186,-73.851685
24249,40.715412,-73.8549
24250,40.714207,-73.84943
24251,40.715645,-73.84737
24252,40.712532,-73.85136
24253,40.715088,-73.85595
24254,40.711296,-73.85015
24255,40.712242,-73.85248
24256,40.713932,-73.85518
24257,40.71261,-73.852554
24258,40.711308,-73.85233
24259,40.71158,-73.85552
24260,40.714996,-73.85337
24261,40.712757,-73.84725
24262,40.71281,-73.855064
24263,40.710705,-73.84632
24264,40.715973,-73.854294
24265,40.710022,-73.84809
24266,40.712402,-73.846
24267,40.711678,-73.85118
24268,40.71304,-73.85277
24269,40.71326,-73.85554
24270,40.712353,-73.85087
24271,40.7151,-73.85594
24272,40.80133,-73.97043
24273,40.803097,-73.9648
24274,40.799534,-73.971756
24275,40.798916,-73.9681
24276,40.803097,-73.964806
24277,40.8026,-73.96654
24278,40.80813,-73.9533
24279,40.801777,-73.965096
24280,40.80079,-73.95877
24281,40.809998,-73.95747
24282,40.801777,-73.965096
24283,40.79875,-73.96941
24284,40.79933,-73.95444
24285,40.800545,-73.95921
24286,40.800232,-73.95668
24287,40.801086,-73.95846
24288,40.80288,-73.9672
24289,40.803333,-73.96897
24290,40.800232,-73.95668
24291,40.8021,-73.96731
24292,40.80446,-73.95619
24293,40.798283,-73.96796
24294,40.80663,-73.95707
24295,40.80175,-73.96955
24296,40.800426,-73.97106
24297,40.80365,-73.955055
24298,40.8073,-73.96666
24299,40.809998,-73.95747
24300,40.799828,-73.961586
24301,40.80607,-73.95659
24302,40.801777,-73.965096
24303,40.800953,-73.95645
24304,40.803127,-73.968636
24305,40.808773,-73.9533
24306,40.804123,-73.963974
24307,40.79901,-73.96969
24308,40.8082,-73.956
24309,40.799816,-73.97082
24310,40.800426,-73.97106
24311,40.80438,-73.96575
24312,40.800842,-73.95746
24313,40.8036,-73.96877
24314,40.80414,-73.95602
24315,40.800407,-73.95723
24316,40.801777,-73.965096
24317,40.800323,-73.96471
24318,40.805794,-73.967155
24319,40.806168,-73.95619
24320,40.805267,-73.952255
24321,40.804466,-73.953636
24322,40.80111,-73.969986
24323,40.804977,-73.967545
24324,40.805794,-73.967155
24325,40.806164,-73.9551
24326,40.799683,-73.9702
24327,40.805973,-73.95754
24328,40.80421,-73.951805
24329,40.8037,-73.95517
24330,40.805794,-73.967155
24331,40.79871,-73.96787
24332,40.804977,-73.967545
24333,40.805794,-73.967155
24334,40.803967,-73.95613
24335,40.800232,-73.966736
24336,40.802734,-73.956184
24337,40.79902,-73.959984
24338,40.80111,-73.969986
24339,40.805927,-73.95752
24340,40.80118,-73.956215
24341,40.800056,-73.96861
24342,40.8021,-73.96731
24343,40.80247,-73.96903
24344,40.80438,-73.96575
24345,40.805016,-73.95247
24346,40.80122,-73.9707
24347,40.80247,-73.96903
24348,40.802944,-73.94449
24349,40.800533,-73.947365
24350,40.806435,-73.94381
24351,40.800327,-73.94425
24352,40.800327,-73.94425
24353,40.802944,-73.94449
24354,40.79856,-73.93488
24355,40.800327,-73.94425
24356,40.800327,-73.94425
24357,40.80103,-73.94833
24358,40.80764,-73.94878
24359,40.810257,-73.93826
24360,40.804432,-73.94063
24361,40.803806,-73.941086
24362,40.80236,-73.94943
24363,40.804848,-73.94109
24364,40.803036,-73.949394
24365,40.80991,-73.93792
24366,40.802944,-73.94449
24367,40.81013,-73.93872
24368,40.801453,-73.94341
24369,40.801033,-73.94834
24370,40.81013,-73.93872
24371,40.805195,-73.941444
24372,40.810474,-73.94351
24373,40.80212,-73.942924
24374,40.80212,-73.942924
24375,40.801453,-73.94341
24376,40.801453,-73.94341
24377,40.771297,-73.91169
24378,40.766964,-73.92565
24379,40.76457,-73.92574
24380,40.769077,-73.923775
24381,40.764572,-73.92574
24382,40.771484,-73.92335
24383,40.766342,-73.92599
24384,40.76457,-73.92574
24385,40.765068,-73.92559
24386,40.76755,-73.91297
24387,40.761574,-73.9224
24388,40.769955,-73.921524
24389,40.76094,-73.906364
24390,40.764572,-73.92574
24391,40.76507,-73.92559
24392,40.7655,-73.92579
24393,40.767986,-73.91262
24394,40.767986,-73.91262
24395,40.766563,-73.92406
24396,40.764572,-73.92574
24397,40.77054,-73.90527
24398,40.77059,-73.91018
24399,40.763165,-73.92103
24400,40.767986,-73.91262
24401,40.802814,-73.96672
24402,40.802914,-73.96811
24403,40.80079,-73.97086
24404,40.80475,-73.96548
24405,40.799328,-73.95444
24406,40.798843,-73.95389
24407,40.801086,-73.95846
24408,40.800697,-73.95916
24409,40.805855,-73.95727
24410,40.79871,-73.96787
24411,40.810745,-73.95347
24412,40.800426,-73.97106
24413,40.80945,-73.95097
24414,40.801743,-73.956375
24415,40.798515,-73.95174
24416,40.801777,-73.965096
24417,40.80122,-73.9707
24418,40.80475,-73.96548
24419,40.801636,-73.95418
24420,40.807423,-73.95359
24421,40.80002,-73.97013
24422,40.80002,-73.97013
24423,40.80122,-73.9707
24424,40.800426,-73.97106
24425,40.799805,-73.95295
24426,40.799274,-73.95279
24427,40.802315,-73.96475
24428,40.799816,-73.97082
24429,40.800426,-73.97106
24430,40.800697,-73.95916
24431,40.801697,-73.96745
24432,40.805244,-73.96664
24433,40.80156,-73.95221
24434,40.80343,-73.96559
24435,40.805244,-73.96664
24436,40.80813,-73.9533
24437,40.8026,-73.96654
24438,40.799652,-73.965355
24439,40.802593,-73.95638
24440,40.8036,-73.96877
24441,40.755013,-73.79782
24442,40.755806,-73.79393
24443,40.74992,-73.80097
24444,40.758667,-73.78744
24445,40.75866,-73.804436
24446,40.74921,-73.79558
24447,40.75264,-73.78921
24448,40.753857,-73.79285
24449,40.757435,-73.79807
24450,40.756477,-73.802765
24451,40.756523,-73.8089
24452,40.756325,-73.78672
24453,40.759426,-73.7978
24454,40.75611,-73.79095
24455,40.748848,-73.79305
24456,40.754974,-73.80784
24457,40.75322,-73.80616
24458,40.75146,-73.79374
24459,40.74905,-73.80249
24460,40.753452,-73.78831
24461,40.759525,-73.79533
24462,40.756157,-73.79043
24463,40.759785,-73.78805
24464,40.748047,-73.78726
24465,40.755108,-73.79109
24466,40.75322,-73.80616
24467,40.750645,-73.78761
24468,40.74798,-73.80001
24469,40.748047,-73.78726
24470,40.757988,-73.79988
24471,40.75689,-73.79255
24472,40.75792,-73.80177
24473,40.755432,-73.80059
24474,40.75461,-73.797516
24475,40.75412,-73.78838
24476,40.75381,-73.80847
24477,40.748806,-73.79594
24478,40.75659,-73.801956
24479,40.75351,-73.88202
24480,40.748848,-73.88021
24481,40.74901,-73.885124
24482,40.75092,-73.88642
24483,40.754425,-73.88692
24484,40.75158,-73.88327
24485,40.75051,-73.88175
24486,40.748905,-73.893425
24487,40.748604,-73.88141
24488,40.75343,-73.88593
24489,40.75158,-73.88327
24490,40.75169,-73.88686
24491,40.74894,-73.87958
24492,40.75106,-73.88739
24493,40.75079,-73.887344
24494,40.751926,-73.89135
24495,40.751144,-73.8828
24496,40.75298,-73.885025
24497,40.752754,-73.888794
24498,40.75849,-73.90665
24499,40.759052,-73.90537
24500,40.759502,-73.91115
24501,40.75596,-73.912575
24502,40.760246,-73.91371
24503,40.75792,-73.90557
24504,40.74792,-73.91212
24505,40.757233,-73.906525
24506,40.758804,-73.91427
24507,40.758854,-73.90689
24508,40.75849,-73.90665
24509,40.756542,-73.90715
24510,40.756977,-73.91621
24511,40.74778,-73.91286
24512,40.75925,-73.90482
24513,40.750797,-73.9086
24514,40.74946,-73.91715
24515,40.757732,-73.915596
24516,40.7487,-73.91759
24517,40.758327,-73.90703
24518,40.758854,-73.907265
24519,40.748646,-73.91665
24520,40.75886,-73.91436
24521,40.758804,-73.91427
24522,40.74792,-73.91212
24523,40.74792,-73.91212
24524,40.74796,-73.91839
24525,40.754623,-73.90694
24526,40.759308,-73.90552
24527,40.759308,-73.90552
24528,40.75501,-73.907906
24529,40.758022,-73.90723
24530,40.801086,-73.95846
24531,40.79839,-73.97131
24532,40.799816,-73.97082
24533,40.802734,-73.956184
24534,40.79875,-73.96941
24535,40.798855,-73.97243
24536,40.799763,-73.97149
24537,40.804638,-73.95656
24538,40.80315,-73.95505
24539,40.799763,-73.97149
24540,40.800323,-73.96471
24541,40.79839,-73.97131
24542,40.805206,-73.9669
24543,40.799442,-73.96979
24544,40.80414,-73.95602
24545,40.800426,-73.97106
24546,40.79997,-73.96016
24547,40.80079,-73.97086
24548,40.80663,-73.95707
24549,40.80398,-73.965546
24550,40.80475,-73.96548
24551,40.79997,-73.96016
24552,40.80079,-73.95877
24553,40.800697,-73.95916
24554,40.79938,-73.96947
24555,40.80156,-73.95221
24556,40.75356,-73.82112
24557,40.748016,-73.827255
24558,40.75213,-73.82135
24559,40.753242,-73.82538
24560,40.753796,-73.82094
24561,40.751232,-73.821365
24562,40.753387,-73.83248
24563,40.752483,-73.823326
24564,40.75341,-73.82497
24565,40.753845,-73.82618
24566,40.753326,-73.82636
24567,40.751427,-73.8218
24568,40.75295,-73.82199
24569,40.751232,-73.821365
24570,40.7531,-73.825806
24571,40.753326,-73.82636
24572,40.753464,-73.82849
24573,40.753242,-73.825386
24574,40.751526,-73.82806
24575,40.75272,-73.82139
24576,40.74951,-73.82864
24577,40.753952,-73.83149
24578,40.753815,-73.82864
24579,40.753326,-73.82636
24580,40.751232,-73.821365
24581,40.751232,-73.821365
24582,40.751232,-73.821365
24583,40.75318,-73.82808
24584,40.75318,-73.82808
24585,40.75318,-73.82808
24586,40.75318,-73.82808
24587,40.751232,-73.821365
24588,40.751232,-73.821365
24589,40.751232,-73.821365
24590,40.751232,-73.821365
24591,40.751232,-73.821365
24592,40.751232,-73.821365
24593,40.733635,-73.953674
24594,40.732655,-73.961
24595,40.73955,-73.92705
24596,40.747585,-73.94611
24597,40.746403,-73.97334
24598,40.741707,-73.95525
24599,40.745895,-73.94623
24600,40.743134,-73.958405
24601,40.73266,-73.961
24602,40.742973,-73.95798
24603,40.745045,-73.97161
24604,40.746403,-73.97334
24605,40.7423,-73.951
24606,40.745247,-73.93722
24607,40.746037,-73.941895
24608,40.74316,-73.95711
24609,40.74526,-73.94459
24610,40.745045,-73.97161
24611,40.72842,-73.95478
24612,40.732483,-73.954956
24613,40.745293,-73.9445
24614,40.746037,-73.941895
24615,40.745895,-73.94623
24616,40.72842,-73.95478
24617,40.731876,-73.96095
24618,40.742336,-73.95727
24619,40.727135,-73.943146
24620,40.75827,-73.805504
24621,40.754086,-73.78976
24622,40.754578,-73.80826
24623,40.75714,-73.80697
24624,40.751434,-73.79313
24625,40.760063,-73.80657
24626,40.74783,-73.80192
24627,40.751434,-73.79313
24628,40.74884,-73.79291
24629,40.7549,-73.79784
24630,40.749287,-73.788345
24631,40.75646,-73.786736
24632,40.751045,-73.80779
24633,40.748383,-73.79379
24634,40.757126,-73.786804
24635,40.75219,-73.79414
24636,40.757042,-73.799065
24637,40.747913,-73.80002
24638,40.759785,-73.78805
24639,40.752975,-73.785805
24640,40.75862,-73.78744
24641,40.751163,-73.79085
24642,40.750507,-73.78954
24643,40.759785,-73.78805
24644,40.74935,-73.7946
24645,40.755302,-73.791374
24646,40.75698,-73.800385
24647,40.755875,-73.80393
24648,40.7543,-73.8064
24649,40.755463,-73.78982
24650,40.74958,-73.795685
24651,40.749203,-73.790306
24652,40.756916,-73.78621
24653,40.75464,-73.803535
24654,40.749264,-73.79565
24655,40.75031,-73.79381
24656,40.756725,-73.786514
24657,40.75191,-73.804184
24658,40.75405,-73.80136
24659,40.748028,-73.79009
24660,40.806217,-73.96699
24661,40.79994,-73.95886
24662,40.800232,-73.95668
24663,40.804157,-73.965225
24664,40.8026,-73.96654
24665,40.801434,-73.954865
24666,40.80674,-73.96627
24667,40.8073,-73.96666
24668,40.800697,-73.95916
24669,40.79875,-73.96941
24670,40.80288,-73.9672
24671,40.79875,-73.96941
24672,40.80604,-73.95628
24673,40.8073,-73.96666
24674,40.799423,-73.95274
24675,40.79875,-73.96941
24676,40.798664,-73.96077
24677,40.800056,-73.96861
24678,40.802914,-73.96811
24679,40.80837,-73.95347
24680,40.79974,-73.95919
24681,40.799763,-73.97149
24682,40.80563,-73.9531
24683,40.801697,-73.96745
24684,40.804848,-73.96687
24685,40.802734,-73.956184
24686,40.80674,-73.96627
24687,40.80674,-73.96627
24688,40.803806,-73.965096
24689,40.802914,-73.96811
24690,40.80818,-73.95109
24691,40.809998,-73.95747
24692,40.802395,-73.96964
24693,40.80563,-73.9531
24694,40.798664,-73.96077
24695,40.800426,-73.97106
24696,40.802395,-73.96964
24697,40.80891,-73.96523
24698,40.802395,-73.96964
24699,40.801086,-73.95846
24700,40.799778,-73.961464
24701,40.809143,-73.95523
24702,40.79899,-73.969635
24703,40.798515,-73.95174
24704,40.806465,-73.9509
24705,40.804424,-73.96738
24706,40.80079,-73.97086
24707,40.802643,-73.9674
24708,40.805668,-73.95988
24709,40.80156,-73.95221
24710,40.798172,-73.97158
24711,40.79899,-73.95102
24712,40.804237,-73.96759
24713,40.801743,-73.956375
24714,40.808773,-73.9533
24715,40.80233,-73.95191
24716,40.7988,-73.96844
24717,40.799767,-73.968735
24718,40.80438,-73.96575
24719,40.80205,-73.95049
24720,40.80079,-73.95877
24721,40.804977,-73.967545
24722,40.807003,-73.96613
24723,40.804237,-73.96759
24724,40.799816,-73.97082
24725,40.79901,-73.96969
24726,40.808773,-73.9533
24727,40.80079,-73.95877
24728,40.800056,-73.96861
24729,40.799767,-73.968735
24730,40.80674,-73.96627
24731,40.805794,-73.967155
24732,40.80438,-73.96575
24733,40.80521,-73.9669
24734,40.799885,-73.95976
24735,40.80175,-73.96955
24736,40.800545,-73.95921
24737,40.79901,-73.97069
24738,40.800232,-73.95669
24739,40.805206,-73.9669
24740,40.751427,-73.8218
24741,40.753975,-73.82855
24742,40.753326,-73.82636
24743,40.752953,-73.832115
24744,40.753815,-73.82864
24745,40.753815,-73.82864
24746,40.75273,-73.82682
24747,40.75244,-73.83141
24748,40.751232,-73.821365
24749,40.751232,-73.821365
24750,40.751232,-73.821365
24751,40.751236,-73.82169
24752,40.752804,-73.82824
24753,40.753242,-73.82538
24754,40.751232,-73.821365
24755,40.751232,-73.821365
24756,40.751232,-73.821365
24757,40.75291,-73.821045
24758,40.753326,-73.82636
24759,40.751232,-73.821365
24760,40.751232,-73.821365
24761,40.753242,-73.82538
24762,40.7502,-73.8227
24763,40.752335,-73.826324
24764,40.751232,-73.821365
24765,40.751232,-73.821365
24766,40.751232,-73.821365
24767,40.751232,-73.821365
24768,40.752186,-73.82539
24769,40.75295,-73.82199
24770,40.75295,-73.82199
24771,40.753464,-73.82849
24772,40.791126,-73.839264
24773,40.79347,-73.846664
24774,40.784718,-73.85087
24775,40.790257,-73.853195
24776,40.7736,-73.84695
24777,40.78997,-73.84277
24778,40.78136,-73.84805
24779,40.7936,-73.84646
24780,40.78136,-73.84805
24781,40.79038,-73.84433
24782,40.785725,-73.84789
24783,40.77597,-73.84872
24784,40.776985,-73.84092
24785,40.794533,-73.84697
24786,40.77704,-73.84104
24787,40.78408,-73.84927
24788,40.790318,-73.85196
24789,40.790634,-73.84315
24790,40.784943,-73.84665
24791,40.7848,-73.846016
24792,40.782284,-73.8442
24793,40.776318,-73.84775
24794,40.78933,-73.84974
24795,40.77921,-73.84399
24796,40.784588,-73.842316
24797,40.77591,-73.84873
24798,40.784763,-73.85172
24799,40.775784,-73.842285
24800,40.77422,-73.84589
24801,40.7769,-73.84867
24802,40.790768,-73.83885
24803,40.788223,-73.85172
24804,40.788322,-73.841
